path,true_label,predicted_label,true_class,predicted_class,source_class_name
C:\Users\DELL Precision 5550\Documents\GitHub\Terrasight-Eurosat-RGB-vs-Multispectral\data\raw\multispectral\AnnualCrop\AnnualCrop_2035.tif,0,0,AnnualCrop,AnnualCrop,AnnualCrop
C:\Users\DELL Precision 5550\Documents\GitHub\Terrasight-Eurosat-RGB-vs-Multispectral\data\raw\multispectral\Industrial\Industrial_926.tif,4,4,Industrial,Industrial,Industrial
C:\Users\DELL Precision 5550\Documents\GitHub\Terrasight-Eurosat-RGB-vs-Multispectral\data\raw\multispectral\AnnualCrop\AnnualCrop_705.tif,0,0,AnnualCrop,AnnualCrop,AnnualCrop
C:\Users\DELL Precision 5550\Documents\GitHub\Terrasight-Eurosat-RGB-vs-Multispectral\data\raw\multispectral\Forest\Forest_2954.tif,1,1,Forest,Forest,Forest
C:\Users\DELL Precision 5550\Documents\GitHub\Terrasight-Eurosat-RGB-vs-Multispectral\data\raw\multispectral\Industrial\Industrial_70.tif,4,4,Industrial,Industrial,Industrial
C:\Users\DELL Precision 5550\Documents\GitHub\Terrasight-Eurosat-RGB-vs-Multispectral\data\raw\multispectral\PermanentCrop\PermanentCrop_1176.tif,6,6,PermanentCrop,PermanentCrop,PermanentCrop
C:\Users\DELL Precision 5550\Documents\GitHub\Terrasight-Eurosat-RGB-vs-Multispectral\data\raw\multispectral\HerbaceousVegetation\HerbaceousVegetation_2302.tif,2,2,HerbaceousVegetation,HerbaceousVegetation,HerbaceousVegetation
C:\Users\DELL Precision 5550\Documents\GitHub\Terrasight-Eurosat-RGB-vs-Multispectral\data\raw\multispectral\Pasture\Pasture_683.tif,5,5,Pasture,Pasture,Pasture
C:\Users\DELL Precision 5550\Documents\GitHub\Terrasight-Eurosat-RGB-vs-Multispectral\data\raw\multispectral\PermanentCrop\PermanentCrop_580.tif,6,6,PermanentCrop,PermanentCrop,PermanentCrop
C:\Users\DELL Precision 5550\Documents\GitHub\Terrasight-Eurosat-RGB-vs-Multispectral\data\raw\multispectral\Pasture\Pasture_1171.tif,5,5,Pasture,Pasture,Pasture
C:\Users\DELL Precision 5550\Documents\GitHub\Terrasight-Eurosat-RGB-vs-Multispectral\data\raw\multispectral\HerbaceousVegetation\HerbaceousVegetation_1929.tif,2,2,HerbaceousVegetation,HerbaceousVegetation,HerbaceousVegetation
C:\Users\DELL Precision 5550\Documents\GitHub\Terrasight-Eurosat-RGB-vs-Multispectral\data\raw\multispectral\SeaLake\SeaLake_1146.tif,9,9,SeaLake,SeaLake,SeaLake
C:\Users\DELL Precision 5550\Documents\GitHub\Terrasight-Eurosat-RGB-vs-Multispectral\data\raw\multispectral\Highway\Highway_1805.tif,3,3,Highway,Highway,Highway
C:\Users\DELL Precision 5550\Documents\GitHub\Terrasight-Eurosat-RGB-vs-Multispectral\data\raw\multispectral\Forest\Forest_947.tif,1,1,Forest,Forest,Forest
C:\Users\DELL Precision 5550\Documents\GitHub\Terrasight-Eurosat-RGB-vs-Multispectral\data\raw\multispectral\Highway\Highway_2329.tif,3,3,Highway,Highway,Highway
C:\Users\DELL Precision 5550\Documents\GitHub\Terrasight-Eurosat-RGB-vs-Multispectral\data\raw\multispectral\SeaLake\SeaLake_2057.tif,9,9,SeaLake,SeaLake,SeaLake
C:\Users\DELL Precision 5550\Documents\GitHub\Terrasight-Eurosat-RGB-vs-Multispectral\data\raw\multispectral\AnnualCrop\AnnualCrop_1674.tif,0,0,AnnualCrop,AnnualCrop,AnnualCrop
C:\Users\DELL Precision 5550\Documents\GitHub\Terrasight-Eurosat-RGB-vs-Multispectral\data\raw\multispectral\SeaLake\SeaLake_1387.tif,9,9,SeaLake,SeaLake,SeaLake
C:\Users\DELL Precision 5550\Documents\GitHub\Terrasight-Eurosat-RGB-vs-Multispectral\data\raw\multispectral\Forest\Forest_1109.tif,1,1,Forest,Forest,Forest
C:\Users\DELL Precision 5550\Documents\GitHub\Terrasight-Eurosat-RGB-vs-Multispectral\data\raw\multispectral\AnnualCrop\AnnualCrop_799.tif,0,0,AnnualCrop,AnnualCrop,AnnualCrop
C:\Users\DELL Precision 5550\Documents\GitHub\Terrasight-Eurosat-RGB-vs-Multispectral\data\raw\multispectral\AnnualCrop\AnnualCrop_2030.tif,0,0,AnnualCrop,AnnualCrop,AnnualCrop
C:\Users\DELL Precision 5550\Documents\GitHub\Terrasight-Eurosat-RGB-vs-Multispectral\data\raw\multispectral\SeaLake\SeaLake_2697.tif,9,9,SeaLake,SeaLake,SeaLake
C:\Users\DELL Precision 5550\Documents\GitHub\Terrasight-Eurosat-RGB-vs-Multispectral\data\raw\multispectral\AnnualCrop\AnnualCrop_922.tif,0,0,AnnualCrop,AnnualCrop,AnnualCrop
C:\Users\DELL Precision 5550\Documents\GitHub\Terrasight-Eurosat-RGB-vs-Multispectral\data\raw\multispectral\HerbaceousVegetation\HerbaceousVegetation_2337.tif,2,2,HerbaceousVegetation,HerbaceousVegetation,HerbaceousVegetation
C:\Users\DELL Precision 5550\Documents\GitHub\Terrasight-Eurosat-RGB-vs-Multispectral\data\raw\multispectral\Pasture\Pasture_18.tif,5,5,Pasture,Pasture,Pasture
C:\Users\DELL Precision 5550\Documents\GitHub\Terrasight-Eurosat-RGB-vs-Multispectral\data\raw\multispectral\Industrial\Industrial_1837.tif,4,4,Industrial,Industrial,Industrial
C:\Users\DELL Precision 5550\Documents\GitHub\Terrasight-Eurosat-RGB-vs-Multispectral\data\raw\multispectral\SeaLake\SeaLake_376.tif,9,9,SeaLake,SeaLake,SeaLake
C:\Users\DELL Precision 5550\Documents\GitHub\Terrasight-Eurosat-RGB-vs-Multispectral\data\raw\multispectral\Residential\Residential_1129.tif,7,7,Residential,Residential,Residential
C:\Users\DELL Precision 5550\Documents\GitHub\Terrasight-Eurosat-RGB-vs-Multispectral\data\raw\multispectral\HerbaceousVegetation\HerbaceousVegetation_2853.tif,2,2,HerbaceousVegetation,HerbaceousVegetation,HerbaceousVegetation
C:\Users\DELL Precision 5550\Documents\GitHub\Terrasight-Eurosat-RGB-vs-Multispectral\data\raw\multispectral\PermanentCrop\PermanentCrop_1680.tif,6,6,PermanentCrop,PermanentCrop,PermanentCrop
C:\Users\DELL Precision 5550\Documents\GitHub\Terrasight-Eurosat-RGB-vs-Multispectral\data\raw\multispectral\Residential\Residential_2920.tif,7,7,Residential,Residential,Residential
C:\Users\DELL Precision 5550\Documents\GitHub\Terrasight-Eurosat-RGB-vs-Multispectral\data\raw\multispectral\SeaLake\SeaLake_859.tif,9,9,SeaLake,SeaLake,SeaLake
C:\Users\DELL Precision 5550\Documents\GitHub\Terrasight-Eurosat-RGB-vs-Multispectral\data\raw\multispectral\PermanentCrop\PermanentCrop_2348.tif,6,6,PermanentCrop,PermanentCrop,PermanentCrop
C:\Users\DELL Precision 5550\Documents\GitHub\Terrasight-Eurosat-RGB-vs-Multispectral\data\raw\multispectral\PermanentCrop\PermanentCrop_1643.tif,6,6,PermanentCrop,PermanentCrop,PermanentCrop
C:\Users\DELL Precision 5550\Documents\GitHub\Terrasight-Eurosat-RGB-vs-Multispectral\data\raw\multispectral\Forest\Forest_2229.tif,1,1,Forest,Forest,Forest
C:\Users\DELL Precision 5550\Documents\GitHub\Terrasight-Eurosat-RGB-vs-Multispectral\data\raw\multispectral\River\River_555.tif,8,8,River,River,River
C:\Users\DELL Precision 5550\Documents\GitHub\Terrasight-Eurosat-RGB-vs-Multispectral\data\raw\multispectral\Highway\Highway_1344.tif,3,3,Highway,Highway,Highway
C:\Users\DELL Precision 5550\Documents\GitHub\Terrasight-Eurosat-RGB-vs-Multispectral\data\raw\multispectral\Industrial\Industrial_1198.tif,4,4,Industrial,Industrial,Industrial
C:\Users\DELL Precision 5550\Documents\GitHub\Terrasight-Eurosat-RGB-vs-Multispectral\data\raw\multispectral\Pasture\Pasture_1196.tif,5,0,Pasture,AnnualCrop,Pasture
C:\Users\DELL Precision 5550\Documents\GitHub\Terrasight-Eurosat-RGB-vs-Multispectral\data\raw\multispectral\Industrial\Industrial_2004.tif,4,4,Industrial,Industrial,Industrial
C:\Users\DELL Precision 5550\Documents\GitHub\Terrasight-Eurosat-RGB-vs-Multispectral\data\raw\multispectral\HerbaceousVegetation\HerbaceousVegetation_2584.tif,2,2,HerbaceousVegetation,HerbaceousVegetation,HerbaceousVegetation
C:\Users\DELL Precision 5550\Documents\GitHub\Terrasight-Eurosat-RGB-vs-Multispectral\data\raw\multispectral\Forest\Forest_2101.tif,1,1,Forest,Forest,Forest
C:\Users\DELL Precision 5550\Documents\GitHub\Terrasight-Eurosat-RGB-vs-Multispectral\data\raw\multispectral\AnnualCrop\AnnualCrop_565.tif,0,0,AnnualCrop,AnnualCrop,AnnualCrop
C:\Users\DELL Precision 5550\Documents\GitHub\Terrasight-Eurosat-RGB-vs-Multispectral\data\raw\multispectral\AnnualCrop\AnnualCrop_2984.tif,0,0,AnnualCrop,AnnualCrop,AnnualCrop
C:\Users\DELL Precision 5550\Documents\GitHub\Terrasight-Eurosat-RGB-vs-Multispectral\data\raw\multispectral\Highway\Highway_1130.tif,3,3,Highway,Highway,Highway
C:\Users\DELL Precision 5550\Documents\GitHub\Terrasight-Eurosat-RGB-vs-Multispectral\data\raw\multispectral\HerbaceousVegetation\HerbaceousVegetation_2698.tif,2,2,HerbaceousVegetation,HerbaceousVegetation,HerbaceousVegetation
C:\Users\DELL Precision 5550\Documents\GitHub\Terrasight-Eurosat-RGB-vs-Multispectral\data\raw\multispectral\Forest\Forest_1045.tif,1,1,Forest,Forest,Forest
C:\Users\DELL Precision 5550\Documents\GitHub\Terrasight-Eurosat-RGB-vs-Multispectral\data\raw\multispectral\SeaLake\SeaLake_2979.tif,9,9,SeaLake,SeaLake,SeaLake
C:\Users\DELL Precision 5550\Documents\GitHub\Terrasight-Eurosat-RGB-vs-Multispectral\data\raw\multispectral\Highway\Highway_491.tif,3,3,Highway,Highway,Highway
C:\Users\DELL Precision 5550\Documents\GitHub\Terrasight-Eurosat-RGB-vs-Multispectral\data\raw\multispectral\HerbaceousVegetation\HerbaceousVegetation_832.tif,2,2,HerbaceousVegetation,HerbaceousVegetation,HerbaceousVegetation
C:\Users\DELL Precision 5550\Documents\GitHub\Terrasight-Eurosat-RGB-vs-Multispectral\data\raw\multispectral\Forest\Forest_1.tif,1,1,Forest,Forest,Forest
C:\Users\DELL Precision 5550\Documents\GitHub\Terrasight-Eurosat-RGB-vs-Multispectral\data\raw\multispectral\River\River_651.tif,8,8,River,River,River
C:\Users\DELL Precision 5550\Documents\GitHub\Terrasight-Eurosat-RGB-vs-Multispectral\data\raw\multispectral\AnnualCrop\AnnualCrop_2833.tif,0,0,AnnualCrop,AnnualCrop,AnnualCrop
C:\Users\DELL Precision 5550\Documents\GitHub\Terrasight-Eurosat-RGB-vs-Multispectral\data\raw\multispectral\Residential\Residential_478.tif,7,7,Residential,Residential,Residential
C:\Users\DELL Precision 5550\Documents\GitHub\Terrasight-Eurosat-RGB-vs-Multispectral\data\raw\multispectral\HerbaceousVegetation\HerbaceousVegetation_773.tif,2,2,HerbaceousVegetation,HerbaceousVegetation,HerbaceousVegetation
C:\Users\DELL Precision 5550\Documents\GitHub\Terrasight-Eurosat-RGB-vs-Multispectral\data\raw\multispectral\AnnualCrop\AnnualCrop_2516.tif,0,0,AnnualCrop,AnnualCrop,AnnualCrop
C:\Users\DELL Precision 5550\Documents\GitHub\Terrasight-Eurosat-RGB-vs-Multispectral\data\raw\multispectral\HerbaceousVegetation\HerbaceousVegetation_396.tif,2,2,HerbaceousVegetation,HerbaceousVegetation,HerbaceousVegetation
C:\Users\DELL Precision 5550\Documents\GitHub\Terrasight-Eurosat-RGB-vs-Multispectral\data\raw\multispectral\AnnualCrop\AnnualCrop_2533.tif,0,6,AnnualCrop,PermanentCrop,AnnualCrop
C:\Users\DELL Precision 5550\Documents\GitHub\Terrasight-Eurosat-RGB-vs-Multispectral\data\raw\multispectral\AnnualCrop\AnnualCrop_978.tif,0,0,AnnualCrop,AnnualCrop,AnnualCrop
C:\Users\DELL Precision 5550\Documents\GitHub\Terrasight-Eurosat-RGB-vs-Multispectral\data\raw\multispectral\AnnualCrop\AnnualCrop_2711.tif,0,0,AnnualCrop,AnnualCrop,AnnualCrop
C:\Users\DELL Precision 5550\Documents\GitHub\Terrasight-Eurosat-RGB-vs-Multispectral\data\raw\multispectral\PermanentCrop\PermanentCrop_1131.tif,6,6,PermanentCrop,PermanentCrop,PermanentCrop
C:\Users\DELL Precision 5550\Documents\GitHub\Terrasight-Eurosat-RGB-vs-Multispectral\data\raw\multispectral\Industrial\Industrial_1196.tif,4,4,Industrial,Industrial,Industrial
C:\Users\DELL Precision 5550\Documents\GitHub\Terrasight-Eurosat-RGB-vs-Multispectral\data\raw\multispectral\River\River_606.tif,8,8,River,River,River
C:\Users\DELL Precision 5550\Documents\GitHub\Terrasight-Eurosat-RGB-vs-Multispectral\data\raw\multispectral\PermanentCrop\PermanentCrop_417.tif,6,2,PermanentCrop,HerbaceousVegetation,PermanentCrop
C:\Users\DELL Precision 5550\Documents\GitHub\Terrasight-Eurosat-RGB-vs-Multispectral\data\raw\multispectral\Industrial\Industrial_1540.tif,4,4,Industrial,Industrial,Industrial
C:\Users\DELL Precision 5550\Documents\GitHub\Terrasight-Eurosat-RGB-vs-Multispectral\data\raw\multispectral\Forest\Forest_573.tif,1,1,Forest,Forest,Forest
C:\Users\DELL Precision 5550\Documents\GitHub\Terrasight-Eurosat-RGB-vs-Multispectral\data\raw\multispectral\SeaLake\SeaLake_336.tif,9,9,SeaLake,SeaLake,SeaLake
C:\Users\DELL Precision 5550\Documents\GitHub\Terrasight-Eurosat-RGB-vs-Multispectral\data\raw\multispectral\River\River_1798.tif,8,8,River,River,River
C:\Users\DELL Precision 5550\Documents\GitHub\Terrasight-Eurosat-RGB-vs-Multispectral\data\raw\multispectral\SeaLake\SeaLake_2426.tif,9,9,SeaLake,SeaLake,SeaLake
C:\Users\DELL Precision 5550\Documents\GitHub\Terrasight-Eurosat-RGB-vs-Multispectral\data\raw\multispectral\Forest\Forest_88.tif,1,1,Forest,Forest,Forest
C:\Users\DELL Precision 5550\Documents\GitHub\Terrasight-Eurosat-RGB-vs-Multispectral\data\raw\multispectral\Forest\Forest_1323.tif,1,1,Forest,Forest,Forest
C:\Users\DELL Precision 5550\Documents\GitHub\Terrasight-Eurosat-RGB-vs-Multispectral\data\raw\multispectral\SeaLake\SeaLake_1936.tif,9,9,SeaLake,SeaLake,SeaLake
C:\Users\DELL Precision 5550\Documents\GitHub\Terrasight-Eurosat-RGB-vs-Multispectral\data\raw\multispectral\Residential\Residential_397.tif,7,7,Residential,Residential,Residential
C:\Users\DELL Precision 5550\Documents\GitHub\Terrasight-Eurosat-RGB-vs-Multispectral\data\raw\multispectral\Residential\Residential_1747.tif,7,7,Residential,Residential,Residential
C:\Users\DELL Precision 5550\Documents\GitHub\Terrasight-Eurosat-RGB-vs-Multispectral\data\raw\multispectral\Pasture\Pasture_1033.tif,5,5,Pasture,Pasture,Pasture
C:\Users\DELL Precision 5550\Documents\GitHub\Terrasight-Eurosat-RGB-vs-Multispectral\data\raw\multispectral\Highway\Highway_1062.tif,3,3,Highway,Highway,Highway
C:\Users\DELL Precision 5550\Documents\GitHub\Terrasight-Eurosat-RGB-vs-Multispectral\data\raw\multispectral\Pasture\Pasture_547.tif,5,5,Pasture,Pasture,Pasture
C:\Users\DELL Precision 5550\Documents\GitHub\Terrasight-Eurosat-RGB-vs-Multispectral\data\raw\multispectral\SeaLake\SeaLake_1902.tif,9,9,SeaLake,SeaLake,SeaLake
C:\Users\DELL Precision 5550\Documents\GitHub\Terrasight-Eurosat-RGB-vs-Multispectral\data\raw\multispectral\Residential\Residential_1071.tif,7,7,Residential,Residential,Residential
C:\Users\DELL Precision 5550\Documents\GitHub\Terrasight-Eurosat-RGB-vs-Multispectral\data\raw\multispectral\PermanentCrop\PermanentCrop_542.tif,6,6,PermanentCrop,PermanentCrop,PermanentCrop
C:\Users\DELL Precision 5550\Documents\GitHub\Terrasight-Eurosat-RGB-vs-Multispectral\data\raw\multispectral\SeaLake\SeaLake_1554.tif,9,9,SeaLake,SeaLake,SeaLake
C:\Users\DELL Precision 5550\Documents\GitHub\Terrasight-Eurosat-RGB-vs-Multispectral\data\raw\multispectral\Residential\Residential_27.tif,7,7,Residential,Residential,Residential
C:\Users\DELL Precision 5550\Documents\GitHub\Terrasight-Eurosat-RGB-vs-Multispectral\data\raw\multispectral\SeaLake\SeaLake_630.tif,9,9,SeaLake,SeaLake,SeaLake
C:\Users\DELL Precision 5550\Documents\GitHub\Terrasight-Eurosat-RGB-vs-Multispectral\data\raw\multispectral\AnnualCrop\AnnualCrop_618.tif,0,0,AnnualCrop,AnnualCrop,AnnualCrop
C:\Users\DELL Precision 5550\Documents\GitHub\Terrasight-Eurosat-RGB-vs-Multispectral\data\raw\multispectral\HerbaceousVegetation\HerbaceousVegetation_290.tif,2,2,HerbaceousVegetation,HerbaceousVegetation,HerbaceousVegetation
C:\Users\DELL Precision 5550\Documents\GitHub\Terrasight-Eurosat-RGB-vs-Multispectral\data\raw\multispectral\River\River_550.tif,8,8,River,River,River
C:\Users\DELL Precision 5550\Documents\GitHub\Terrasight-Eurosat-RGB-vs-Multispectral\data\raw\multispectral\HerbaceousVegetation\HerbaceousVegetation_2626.tif,2,2,HerbaceousVegetation,HerbaceousVegetation,HerbaceousVegetation
C:\Users\DELL Precision 5550\Documents\GitHub\Terrasight-Eurosat-RGB-vs-Multispectral\data\raw\multispectral\Highway\Highway_2174.tif,3,3,Highway,Highway,Highway
C:\Users\DELL Precision 5550\Documents\GitHub\Terrasight-Eurosat-RGB-vs-Multispectral\data\raw\multispectral\Residential\Residential_669.tif,7,7,Residential,Residential,Residential
C:\Users\DELL Precision 5550\Documents\GitHub\Terrasight-Eurosat-RGB-vs-Multispectral\data\raw\multispectral\HerbaceousVegetation\HerbaceousVegetation_450.tif,2,2,HerbaceousVegetation,HerbaceousVegetation,HerbaceousVegetation
C:\Users\DELL Precision 5550\Documents\GitHub\Terrasight-Eurosat-RGB-vs-Multispectral\data\raw\multispectral\SeaLake\SeaLake_2880.tif,9,9,SeaLake,SeaLake,SeaLake
C:\Users\DELL Precision 5550\Documents\GitHub\Terrasight-Eurosat-RGB-vs-Multispectral\data\raw\multispectral\Residential\Residential_2641.tif,7,7,Residential,Residential,Residential
C:\Users\DELL Precision 5550\Documents\GitHub\Terrasight-Eurosat-RGB-vs-Multispectral\data\raw\multispectral\HerbaceousVegetation\HerbaceousVegetation_330.tif,2,2,HerbaceousVegetation,HerbaceousVegetation,HerbaceousVegetation
C:\Users\DELL Precision 5550\Documents\GitHub\Terrasight-Eurosat-RGB-vs-Multispectral\data\raw\multispectral\AnnualCrop\AnnualCrop_1411.tif,0,0,AnnualCrop,AnnualCrop,AnnualCrop
C:\Users\DELL Precision 5550\Documents\GitHub\Terrasight-Eurosat-RGB-vs-Multispectral\data\raw\multispectral\SeaLake\SeaLake_1301.tif,9,9,SeaLake,SeaLake,SeaLake
C:\Users\DELL Precision 5550\Documents\GitHub\Terrasight-Eurosat-RGB-vs-Multispectral\data\raw\multispectral\PermanentCrop\PermanentCrop_1221.tif,6,6,PermanentCrop,PermanentCrop,PermanentCrop
C:\Users\DELL Precision 5550\Documents\GitHub\Terrasight-Eurosat-RGB-vs-Multispectral\data\raw\multispectral\River\River_840.tif,8,8,River,River,River
C:\Users\DELL Precision 5550\Documents\GitHub\Terrasight-Eurosat-RGB-vs-Multispectral\data\raw\multispectral\Industrial\Industrial_283.tif,4,4,Industrial,Industrial,Industrial
C:\Users\DELL Precision 5550\Documents\GitHub\Terrasight-Eurosat-RGB-vs-Multispectral\data\raw\multispectral\River\River_542.tif,8,8,River,River,River
C:\Users\DELL Precision 5550\Documents\GitHub\Terrasight-Eurosat-RGB-vs-Multispectral\data\raw\multispectral\HerbaceousVegetation\HerbaceousVegetation_2820.tif,2,2,HerbaceousVegetation,HerbaceousVegetation,HerbaceousVegetation
C:\Users\DELL Precision 5550\Documents\GitHub\Terrasight-Eurosat-RGB-vs-Multispectral\data\raw\multispectral\Pasture\Pasture_1481.tif,5,2,Pasture,HerbaceousVegetation,Pasture
C:\Users\DELL Precision 5550\Documents\GitHub\Terrasight-Eurosat-RGB-vs-Multispectral\data\raw\multispectral\River\River_1117.tif,8,8,River,River,River
C:\Users\DELL Precision 5550\Documents\GitHub\Terrasight-Eurosat-RGB-vs-Multispectral\data\raw\multispectral\PermanentCrop\PermanentCrop_813.tif,6,6,PermanentCrop,PermanentCrop,PermanentCrop
C:\Users\DELL Precision 5550\Documents\GitHub\Terrasight-Eurosat-RGB-vs-Multispectral\data\raw\multispectral\Residential\Residential_730.tif,7,7,Residential,Residential,Residential
C:\Users\DELL Precision 5550\Documents\GitHub\Terrasight-Eurosat-RGB-vs-Multispectral\data\raw\multispectral\HerbaceousVegetation\HerbaceousVegetation_363.tif,2,2,HerbaceousVegetation,HerbaceousVegetation,HerbaceousVegetation
C:\Users\DELL Precision 5550\Documents\GitHub\Terrasight-Eurosat-RGB-vs-Multispectral\data\raw\multispectral\Industrial\Industrial_2331.tif,4,4,Industrial,Industrial,Industrial
C:\Users\DELL Precision 5550\Documents\GitHub\Terrasight-Eurosat-RGB-vs-Multispectral\data\raw\multispectral\SeaLake\SeaLake_47.tif,9,9,SeaLake,SeaLake,SeaLake
C:\Users\DELL Precision 5550\Documents\GitHub\Terrasight-Eurosat-RGB-vs-Multispectral\data\raw\multispectral\Residential\Residential_2368.tif,7,7,Residential,Residential,Residential
C:\Users\DELL Precision 5550\Documents\GitHub\Terrasight-Eurosat-RGB-vs-Multispectral\data\raw\multispectral\Forest\Forest_397.tif,1,1,Forest,Forest,Forest
C:\Users\DELL Precision 5550\Documents\GitHub\Terrasight-Eurosat-RGB-vs-Multispectral\data\raw\multispectral\SeaLake\SeaLake_1996.tif,9,9,SeaLake,SeaLake,SeaLake
C:\Users\DELL Precision 5550\Documents\GitHub\Terrasight-Eurosat-RGB-vs-Multispectral\data\raw\multispectral\SeaLake\SeaLake_303.tif,9,9,SeaLake,SeaLake,SeaLake
C:\Users\DELL Precision 5550\Documents\GitHub\Terrasight-Eurosat-RGB-vs-Multispectral\data\raw\multispectral\PermanentCrop\PermanentCrop_1321.tif,6,6,PermanentCrop,PermanentCrop,PermanentCrop
C:\Users\DELL Precision 5550\Documents\GitHub\Terrasight-Eurosat-RGB-vs-Multispectral\data\raw\multispectral\PermanentCrop\PermanentCrop_2366.tif,6,6,PermanentCrop,PermanentCrop,PermanentCrop
C:\Users\DELL Precision 5550\Documents\GitHub\Terrasight-Eurosat-RGB-vs-Multispectral\data\raw\multispectral\Industrial\Industrial_1754.tif,4,4,Industrial,Industrial,Industrial
C:\Users\DELL Precision 5550\Documents\GitHub\Terrasight-Eurosat-RGB-vs-Multispectral\data\raw\multispectral\PermanentCrop\PermanentCrop_428.tif,6,6,PermanentCrop,PermanentCrop,PermanentCrop
C:\Users\DELL Precision 5550\Documents\GitHub\Terrasight-Eurosat-RGB-vs-Multispectral\data\raw\multispectral\SeaLake\SeaLake_251.tif,9,9,SeaLake,SeaLake,SeaLake
C:\Users\DELL Precision 5550\Documents\GitHub\Terrasight-Eurosat-RGB-vs-Multispectral\data\raw\multispectral\Forest\Forest_1003.tif,1,1,Forest,Forest,Forest
C:\Users\DELL Precision 5550\Documents\GitHub\Terrasight-Eurosat-RGB-vs-Multispectral\data\raw\multispectral\HerbaceousVegetation\HerbaceousVegetation_1595.tif,2,2,HerbaceousVegetation,HerbaceousVegetation,HerbaceousVegetation
C:\Users\DELL Precision 5550\Documents\GitHub\Terrasight-Eurosat-RGB-vs-Multispectral\data\raw\multispectral\Highway\Highway_1891.tif,3,3,Highway,Highway,Highway
C:\Users\DELL Precision 5550\Documents\GitHub\Terrasight-Eurosat-RGB-vs-Multispectral\data\raw\multispectral\HerbaceousVegetation\HerbaceousVegetation_305.tif,2,2,HerbaceousVegetation,HerbaceousVegetation,HerbaceousVegetation
C:\Users\DELL Precision 5550\Documents\GitHub\Terrasight-Eurosat-RGB-vs-Multispectral\data\raw\multispectral\SeaLake\SeaLake_2515.tif,9,9,SeaLake,SeaLake,SeaLake
C:\Users\DELL Precision 5550\Documents\GitHub\Terrasight-Eurosat-RGB-vs-Multispectral\data\raw\multispectral\Forest\Forest_2967.tif,1,1,Forest,Forest,Forest
C:\Users\DELL Precision 5550\Documents\GitHub\Terrasight-Eurosat-RGB-vs-Multispectral\data\raw\multispectral\AnnualCrop\AnnualCrop_369.tif,0,0,AnnualCrop,AnnualCrop,AnnualCrop
C:\Users\DELL Precision 5550\Documents\GitHub\Terrasight-Eurosat-RGB-vs-Multispectral\data\raw\multispectral\AnnualCrop\AnnualCrop_2076.tif,0,0,AnnualCrop,AnnualCrop,AnnualCrop
C:\Users\DELL Precision 5550\Documents\GitHub\Terrasight-Eurosat-RGB-vs-Multispectral\data\raw\multispectral\PermanentCrop\PermanentCrop_1387.tif,6,6,PermanentCrop,PermanentCrop,PermanentCrop
C:\Users\DELL Precision 5550\Documents\GitHub\Terrasight-Eurosat-RGB-vs-Multispectral\data\raw\multispectral\AnnualCrop\AnnualCrop_1485.tif,0,0,AnnualCrop,AnnualCrop,AnnualCrop
C:\Users\DELL Precision 5550\Documents\GitHub\Terrasight-Eurosat-RGB-vs-Multispectral\data\raw\multispectral\AnnualCrop\AnnualCrop_525.tif,0,0,AnnualCrop,AnnualCrop,AnnualCrop
C:\Users\DELL Precision 5550\Documents\GitHub\Terrasight-Eurosat-RGB-vs-Multispectral\data\raw\multispectral\River\River_1279.tif,8,8,River,River,River
C:\Users\DELL Precision 5550\Documents\GitHub\Terrasight-Eurosat-RGB-vs-Multispectral\data\raw\multispectral\Forest\Forest_579.tif,1,1,Forest,Forest,Forest
C:\Users\DELL Precision 5550\Documents\GitHub\Terrasight-Eurosat-RGB-vs-Multispectral\data\raw\multispectral\River\River_1023.tif,8,8,River,River,River
C:\Users\DELL Precision 5550\Documents\GitHub\Terrasight-Eurosat-RGB-vs-Multispectral\data\raw\multispectral\Forest\Forest_1071.tif,1,1,Forest,Forest,Forest
C:\Users\DELL Precision 5550\Documents\GitHub\Terrasight-Eurosat-RGB-vs-Multispectral\data\raw\multispectral\Forest\Forest_2550.tif,1,1,Forest,Forest,Forest
C:\Users\DELL Precision 5550\Documents\GitHub\Terrasight-Eurosat-RGB-vs-Multispectral\data\raw\multispectral\SeaLake\SeaLake_2823.tif,9,9,SeaLake,SeaLake,SeaLake
C:\Users\DELL Precision 5550\Documents\GitHub\Terrasight-Eurosat-RGB-vs-Multispectral\data\raw\multispectral\AnnualCrop\AnnualCrop_1795.tif,0,0,AnnualCrop,AnnualCrop,AnnualCrop
C:\Users\DELL Precision 5550\Documents\GitHub\Terrasight-Eurosat-RGB-vs-Multispectral\data\raw\multispectral\Industrial\Industrial_111.tif,4,4,Industrial,Industrial,Industrial
C:\Users\DELL Precision 5550\Documents\GitHub\Terrasight-Eurosat-RGB-vs-Multispectral\data\raw\multispectral\PermanentCrop\PermanentCrop_1870.tif,6,6,PermanentCrop,PermanentCrop,PermanentCrop
C:\Users\DELL Precision 5550\Documents\GitHub\Terrasight-Eurosat-RGB-vs-Multispectral\data\raw\multispectral\SeaLake\SeaLake_1110.tif,9,9,SeaLake,SeaLake,SeaLake
C:\Users\DELL Precision 5550\Documents\GitHub\Terrasight-Eurosat-RGB-vs-Multispectral\data\raw\multispectral\AnnualCrop\AnnualCrop_2024.tif,0,0,AnnualCrop,AnnualCrop,AnnualCrop
C:\Users\DELL Precision 5550\Documents\GitHub\Terrasight-Eurosat-RGB-vs-Multispectral\data\raw\multispectral\River\River_1005.tif,8,8,River,River,River
C:\Users\DELL Precision 5550\Documents\GitHub\Terrasight-Eurosat-RGB-vs-Multispectral\data\raw\multispectral\Highway\Highway_454.tif,3,3,Highway,Highway,Highway
C:\Users\DELL Precision 5550\Documents\GitHub\Terrasight-Eurosat-RGB-vs-Multispectral\data\raw\multispectral\Forest\Forest_2261.tif,1,1,Forest,Forest,Forest
C:\Users\DELL Precision 5550\Documents\GitHub\Terrasight-Eurosat-RGB-vs-Multispectral\data\raw\multispectral\PermanentCrop\PermanentCrop_86.tif,6,6,PermanentCrop,PermanentCrop,PermanentCrop
C:\Users\DELL Precision 5550\Documents\GitHub\Terrasight-Eurosat-RGB-vs-Multispectral\data\raw\multispectral\River\River_140.tif,8,8,River,River,River
C:\Users\DELL Precision 5550\Documents\GitHub\Terrasight-Eurosat-RGB-vs-Multispectral\data\raw\multispectral\Industrial\Industrial_173.tif,4,4,Industrial,Industrial,Industrial
C:\Users\DELL Precision 5550\Documents\GitHub\Terrasight-Eurosat-RGB-vs-Multispectral\data\raw\multispectral\Forest\Forest_2705.tif,1,1,Forest,Forest,Forest
C:\Users\DELL Precision 5550\Documents\GitHub\Terrasight-Eurosat-RGB-vs-Multispectral\data\raw\multispectral\River\River_1331.tif,8,8,River,River,River
C:\Users\DELL Precision 5550\Documents\GitHub\Terrasight-Eurosat-RGB-vs-Multispectral\data\raw\multispectral\Industrial\Industrial_625.tif,4,4,Industrial,Industrial,Industrial
C:\Users\DELL Precision 5550\Documents\GitHub\Terrasight-Eurosat-RGB-vs-Multispectral\data\raw\multispectral\Pasture\Pasture_458.tif,5,0,Pasture,AnnualCrop,Pasture
C:\Users\DELL Precision 5550\Documents\GitHub\Terrasight-Eurosat-RGB-vs-Multispectral\data\raw\multispectral\PermanentCrop\PermanentCrop_293.tif,6,4,PermanentCrop,Industrial,PermanentCrop
C:\Users\DELL Precision 5550\Documents\GitHub\Terrasight-Eurosat-RGB-vs-Multispectral\data\raw\multispectral\AnnualCrop\AnnualCrop_2580.tif,0,0,AnnualCrop,AnnualCrop,AnnualCrop
C:\Users\DELL Precision 5550\Documents\GitHub\Terrasight-Eurosat-RGB-vs-Multispectral\data\raw\multispectral\HerbaceousVegetation\HerbaceousVegetation_2855.tif,2,2,HerbaceousVegetation,HerbaceousVegetation,HerbaceousVegetation
C:\Users\DELL Precision 5550\Documents\GitHub\Terrasight-Eurosat-RGB-vs-Multispectral\data\raw\multispectral\Highway\Highway_383.tif,3,3,Highway,Highway,Highway
C:\Users\DELL Precision 5550\Documents\GitHub\Terrasight-Eurosat-RGB-vs-Multispectral\data\raw\multispectral\SeaLake\SeaLake_2738.tif,9,9,SeaLake,SeaLake,SeaLake
C:\Users\DELL Precision 5550\Documents\GitHub\Terrasight-Eurosat-RGB-vs-Multispectral\data\raw\multispectral\HerbaceousVegetation\HerbaceousVegetation_2131.tif,2,2,HerbaceousVegetation,HerbaceousVegetation,HerbaceousVegetation
C:\Users\DELL Precision 5550\Documents\GitHub\Terrasight-Eurosat-RGB-vs-Multispectral\data\raw\multispectral\SeaLake\SeaLake_821.tif,9,9,SeaLake,SeaLake,SeaLake
C:\Users\DELL Precision 5550\Documents\GitHub\Terrasight-Eurosat-RGB-vs-Multispectral\data\raw\multispectral\AnnualCrop\AnnualCrop_2522.tif,0,0,AnnualCrop,AnnualCrop,AnnualCrop
C:\Users\DELL Precision 5550\Documents\GitHub\Terrasight-Eurosat-RGB-vs-Multispectral\data\raw\multispectral\SeaLake\SeaLake_872.tif,9,9,SeaLake,SeaLake,SeaLake
C:\Users\DELL Precision 5550\Documents\GitHub\Terrasight-Eurosat-RGB-vs-Multispectral\data\raw\multispectral\Residential\Residential_2378.tif,7,7,Residential,Residential,Residential
C:\Users\DELL Precision 5550\Documents\GitHub\Terrasight-Eurosat-RGB-vs-Multispectral\data\raw\multispectral\SeaLake\SeaLake_1888.tif,9,9,SeaLake,SeaLake,SeaLake
C:\Users\DELL Precision 5550\Documents\GitHub\Terrasight-Eurosat-RGB-vs-Multispectral\data\raw\multispectral\River\River_2047.tif,8,8,River,River,River
C:\Users\DELL Precision 5550\Documents\GitHub\Terrasight-Eurosat-RGB-vs-Multispectral\data\raw\multispectral\HerbaceousVegetation\HerbaceousVegetation_2682.tif,2,2,HerbaceousVegetation,HerbaceousVegetation,HerbaceousVegetation
C:\Users\DELL Precision 5550\Documents\GitHub\Terrasight-Eurosat-RGB-vs-Multispectral\data\raw\multispectral\Industrial\Industrial_615.tif,4,4,Industrial,Industrial,Industrial
C:\Users\DELL Precision 5550\Documents\GitHub\Terrasight-Eurosat-RGB-vs-Multispectral\data\raw\multispectral\Residential\Residential_2971.tif,7,7,Residential,Residential,Residential
C:\Users\DELL Precision 5550\Documents\GitHub\Terrasight-Eurosat-RGB-vs-Multispectral\data\raw\multispectral\AnnualCrop\AnnualCrop_8.tif,0,0,AnnualCrop,AnnualCrop,AnnualCrop
C:\Users\DELL Precision 5550\Documents\GitHub\Terrasight-Eurosat-RGB-vs-Multispectral\data\raw\multispectral\AnnualCrop\AnnualCrop_241.tif,0,0,AnnualCrop,AnnualCrop,AnnualCrop
C:\Users\DELL Precision 5550\Documents\GitHub\Terrasight-Eurosat-RGB-vs-Multispectral\data\raw\multispectral\HerbaceousVegetation\HerbaceousVegetation_435.tif,2,2,HerbaceousVegetation,HerbaceousVegetation,HerbaceousVegetation
C:\Users\DELL Precision 5550\Documents\GitHub\Terrasight-Eurosat-RGB-vs-Multispectral\data\raw\multispectral\PermanentCrop\PermanentCrop_1810.tif,6,6,PermanentCrop,PermanentCrop,PermanentCrop
C:\Users\DELL Precision 5550\Documents\GitHub\Terrasight-Eurosat-RGB-vs-Multispectral\data\raw\multispectral\PermanentCrop\PermanentCrop_26.tif,6,6,PermanentCrop,PermanentCrop,PermanentCrop
C:\Users\DELL Precision 5550\Documents\GitHub\Terrasight-Eurosat-RGB-vs-Multispectral\data\raw\multispectral\Pasture\Pasture_456.tif,5,5,Pasture,Pasture,Pasture
C:\Users\DELL Precision 5550\Documents\GitHub\Terrasight-Eurosat-RGB-vs-Multispectral\data\raw\multispectral\PermanentCrop\PermanentCrop_493.tif,6,6,PermanentCrop,PermanentCrop,PermanentCrop
C:\Users\DELL Precision 5550\Documents\GitHub\Terrasight-Eurosat-RGB-vs-Multispectral\data\raw\multispectral\SeaLake\SeaLake_130.tif,9,9,SeaLake,SeaLake,SeaLake
C:\Users\DELL Precision 5550\Documents\GitHub\Terrasight-Eurosat-RGB-vs-Multispectral\data\raw\multispectral\Highway\Highway_2242.tif,3,3,Highway,Highway,Highway
C:\Users\DELL Precision 5550\Documents\GitHub\Terrasight-Eurosat-RGB-vs-Multispectral\data\raw\multispectral\Residential\Residential_1378.tif,7,7,Residential,Residential,Residential
C:\Users\DELL Precision 5550\Documents\GitHub\Terrasight-Eurosat-RGB-vs-Multispectral\data\raw\multispectral\River\River_1031.tif,8,8,River,River,River
C:\Users\DELL Precision 5550\Documents\GitHub\Terrasight-Eurosat-RGB-vs-Multispectral\data\raw\multispectral\SeaLake\SeaLake_2383.tif,9,9,SeaLake,SeaLake,SeaLake
C:\Users\DELL Precision 5550\Documents\GitHub\Terrasight-Eurosat-RGB-vs-Multispectral\data\raw\multispectral\AnnualCrop\AnnualCrop_379.tif,0,0,AnnualCrop,AnnualCrop,AnnualCrop
C:\Users\DELL Precision 5550\Documents\GitHub\Terrasight-Eurosat-RGB-vs-Multispectral\data\raw\multispectral\Industrial\Industrial_2335.tif,4,4,Industrial,Industrial,Industrial
C:\Users\DELL Precision 5550\Documents\GitHub\Terrasight-Eurosat-RGB-vs-Multispectral\data\raw\multispectral\HerbaceousVegetation\HerbaceousVegetation_1631.tif,2,2,HerbaceousVegetation,HerbaceousVegetation,HerbaceousVegetation
C:\Users\DELL Precision 5550\Documents\GitHub\Terrasight-Eurosat-RGB-vs-Multispectral\data\raw\multispectral\Industrial\Industrial_737.tif,4,4,Industrial,Industrial,Industrial
C:\Users\DELL Precision 5550\Documents\GitHub\Terrasight-Eurosat-RGB-vs-Multispectral\data\raw\multispectral\AnnualCrop\AnnualCrop_1862.tif,0,0,AnnualCrop,AnnualCrop,AnnualCrop
C:\Users\DELL Precision 5550\Documents\GitHub\Terrasight-Eurosat-RGB-vs-Multispectral\data\raw\multispectral\River\River_2150.tif,8,8,River,River,River
C:\Users\DELL Precision 5550\Documents\GitHub\Terrasight-Eurosat-RGB-vs-Multispectral\data\raw\multispectral\Pasture\Pasture_1098.tif,5,5,Pasture,Pasture,Pasture
C:\Users\DELL Precision 5550\Documents\GitHub\Terrasight-Eurosat-RGB-vs-Multispectral\data\raw\multispectral\SeaLake\SeaLake_1143.tif,9,9,SeaLake,SeaLake,SeaLake
C:\Users\DELL Precision 5550\Documents\GitHub\Terrasight-Eurosat-RGB-vs-Multispectral\data\raw\multispectral\HerbaceousVegetation\HerbaceousVegetation_871.tif,2,2,HerbaceousVegetation,HerbaceousVegetation,HerbaceousVegetation
C:\Users\DELL Precision 5550\Documents\GitHub\Terrasight-Eurosat-RGB-vs-Multispectral\data\raw\multispectral\HerbaceousVegetation\HerbaceousVegetation_1757.tif,2,6,HerbaceousVegetation,PermanentCrop,HerbaceousVegetation
C:\Users\DELL Precision 5550\Documents\GitHub\Terrasight-Eurosat-RGB-vs-Multispectral\data\raw\multispectral\River\River_1742.tif,8,8,River,River,River
C:\Users\DELL Precision 5550\Documents\GitHub\Terrasight-Eurosat-RGB-vs-Multispectral\data\raw\multispectral\Forest\Forest_1927.tif,1,1,Forest,Forest,Forest
C:\Users\DELL Precision 5550\Documents\GitHub\Terrasight-Eurosat-RGB-vs-Multispectral\data\raw\multispectral\River\River_1530.tif,8,8,River,River,River
C:\Users\DELL Precision 5550\Documents\GitHub\Terrasight-Eurosat-RGB-vs-Multispectral\data\raw\multispectral\Residential\Residential_2287.tif,7,7,Residential,Residential,Residential
C:\Users\DELL Precision 5550\Documents\GitHub\Terrasight-Eurosat-RGB-vs-Multispectral\data\raw\multispectral\River\River_335.tif,8,8,River,River,River
C:\Users\DELL Precision 5550\Documents\GitHub\Terrasight-Eurosat-RGB-vs-Multispectral\data\raw\multispectral\Forest\Forest_1748.tif,1,1,Forest,Forest,Forest
C:\Users\DELL Precision 5550\Documents\GitHub\Terrasight-Eurosat-RGB-vs-Multispectral\data\raw\multispectral\SeaLake\SeaLake_975.tif,9,9,SeaLake,SeaLake,SeaLake
C:\Users\DELL Precision 5550\Documents\GitHub\Terrasight-Eurosat-RGB-vs-Multispectral\data\raw\multispectral\HerbaceousVegetation\HerbaceousVegetation_856.tif,2,2,HerbaceousVegetation,HerbaceousVegetation,HerbaceousVegetation
C:\Users\DELL Precision 5550\Documents\GitHub\Terrasight-Eurosat-RGB-vs-Multispectral\data\raw\multispectral\Residential\Residential_648.tif,7,7,Residential,Residential,Residential
C:\Users\DELL Precision 5550\Documents\GitHub\Terrasight-Eurosat-RGB-vs-Multispectral\data\raw\multispectral\Highway\Highway_2267.tif,3,3,Highway,Highway,Highway
C:\Users\DELL Precision 5550\Documents\GitHub\Terrasight-Eurosat-RGB-vs-Multispectral\data\raw\multispectral\Industrial\Industrial_1229.tif,4,4,Industrial,Industrial,Industrial
C:\Users\DELL Precision 5550\Documents\GitHub\Terrasight-Eurosat-RGB-vs-Multispectral\data\raw\multispectral\Residential\Residential_1259.tif,7,7,Residential,Residential,Residential
C:\Users\DELL Precision 5550\Documents\GitHub\Terrasight-Eurosat-RGB-vs-Multispectral\data\raw\multispectral\Forest\Forest_194.tif,1,1,Forest,Forest,Forest
C:\Users\DELL Precision 5550\Documents\GitHub\Terrasight-Eurosat-RGB-vs-Multispectral\data\raw\multispectral\HerbaceousVegetation\HerbaceousVegetation_198.tif,2,2,HerbaceousVegetation,HerbaceousVegetation,HerbaceousVegetation
C:\Users\DELL Precision 5550\Documents\GitHub\Terrasight-Eurosat-RGB-vs-Multispectral\data\raw\multispectral\River\River_227.tif,8,8,River,River,River
C:\Users\DELL Precision 5550\Documents\GitHub\Terrasight-Eurosat-RGB-vs-Multispectral\data\raw\multispectral\SeaLake\SeaLake_1877.tif,9,9,SeaLake,SeaLake,SeaLake
C:\Users\DELL Precision 5550\Documents\GitHub\Terrasight-Eurosat-RGB-vs-Multispectral\data\raw\multispectral\River\River_1446.tif,8,8,River,River,River
C:\Users\DELL Precision 5550\Documents\GitHub\Terrasight-Eurosat-RGB-vs-Multispectral\data\raw\multispectral\Pasture\Pasture_58.tif,5,5,Pasture,Pasture,Pasture
C:\Users\DELL Precision 5550\Documents\GitHub\Terrasight-Eurosat-RGB-vs-Multispectral\data\raw\multispectral\AnnualCrop\AnnualCrop_1458.tif,0,0,AnnualCrop,AnnualCrop,AnnualCrop
C:\Users\DELL Precision 5550\Documents\GitHub\Terrasight-Eurosat-RGB-vs-Multispectral\data\raw\multispectral\River\River_2160.tif,8,8,River,River,River
C:\Users\DELL Precision 5550\Documents\GitHub\Terrasight-Eurosat-RGB-vs-Multispectral\data\raw\multispectral\HerbaceousVegetation\HerbaceousVegetation_1882.tif,2,2,HerbaceousVegetation,HerbaceousVegetation,HerbaceousVegetation
C:\Users\DELL Precision 5550\Documents\GitHub\Terrasight-Eurosat-RGB-vs-Multispectral\data\raw\multispectral\AnnualCrop\AnnualCrop_1580.tif,0,0,AnnualCrop,AnnualCrop,AnnualCrop
C:\Users\DELL Precision 5550\Documents\GitHub\Terrasight-Eurosat-RGB-vs-Multispectral\data\raw\multispectral\Residential\Residential_2099.tif,7,7,Residential,Residential,Residential
C:\Users\DELL Precision 5550\Documents\GitHub\Terrasight-Eurosat-RGB-vs-Multispectral\data\raw\multispectral\HerbaceousVegetation\HerbaceousVegetation_2842.tif,2,2,HerbaceousVegetation,HerbaceousVegetation,HerbaceousVegetation
C:\Users\DELL Precision 5550\Documents\GitHub\Terrasight-Eurosat-RGB-vs-Multispectral\data\raw\multispectral\Forest\Forest_950.tif,1,8,Forest,River,Forest
C:\Users\DELL Precision 5550\Documents\GitHub\Terrasight-Eurosat-RGB-vs-Multispectral\data\raw\multispectral\Highway\Highway_1667.tif,3,3,Highway,Highway,Highway
C:\Users\DELL Precision 5550\Documents\GitHub\Terrasight-Eurosat-RGB-vs-Multispectral\data\raw\multispectral\SeaLake\SeaLake_2179.tif,9,9,SeaLake,SeaLake,SeaLake
C:\Users\DELL Precision 5550\Documents\GitHub\Terrasight-Eurosat-RGB-vs-Multispectral\data\raw\multispectral\River\River_235.tif,8,8,River,River,River
C:\Users\DELL Precision 5550\Documents\GitHub\Terrasight-Eurosat-RGB-vs-Multispectral\data\raw\multispectral\Residential\Residential_38.tif,7,7,Residential,Residential,Residential
C:\Users\DELL Precision 5550\Documents\GitHub\Terrasight-Eurosat-RGB-vs-Multispectral\data\raw\multispectral\AnnualCrop\AnnualCrop_1953.tif,0,0,AnnualCrop,AnnualCrop,AnnualCrop
C:\Users\DELL Precision 5550\Documents\GitHub\Terrasight-Eurosat-RGB-vs-Multispectral\data\raw\multispectral\HerbaceousVegetation\HerbaceousVegetation_4.tif,2,2,HerbaceousVegetation,HerbaceousVegetation,HerbaceousVegetation
C:\Users\DELL Precision 5550\Documents\GitHub\Terrasight-Eurosat-RGB-vs-Multispectral\data\raw\multispectral\Industrial\Industrial_1232.tif,4,4,Industrial,Industrial,Industrial
C:\Users\DELL Precision 5550\Documents\GitHub\Terrasight-Eurosat-RGB-vs-Multispectral\data\raw\multispectral\Forest\Forest_2172.tif,1,1,Forest,Forest,Forest
C:\Users\DELL Precision 5550\Documents\GitHub\Terrasight-Eurosat-RGB-vs-Multispectral\data\raw\multispectral\Pasture\Pasture_647.tif,5,5,Pasture,Pasture,Pasture
C:\Users\DELL Precision 5550\Documents\GitHub\Terrasight-Eurosat-RGB-vs-Multispectral\data\raw\multispectral\SeaLake\SeaLake_1427.tif,9,9,SeaLake,SeaLake,SeaLake
C:\Users\DELL Precision 5550\Documents\GitHub\Terrasight-Eurosat-RGB-vs-Multispectral\data\raw\multispectral\River\River_1585.tif,8,8,River,River,River
C:\Users\DELL Precision 5550\Documents\GitHub\Terrasight-Eurosat-RGB-vs-Multispectral\data\raw\multispectral\PermanentCrop\PermanentCrop_1749.tif,6,6,PermanentCrop,PermanentCrop,PermanentCrop
C:\Users\DELL Precision 5550\Documents\GitHub\Terrasight-Eurosat-RGB-vs-Multispectral\data\raw\multispectral\PermanentCrop\PermanentCrop_1508.tif,6,6,PermanentCrop,PermanentCrop,PermanentCrop
C:\Users\DELL Precision 5550\Documents\GitHub\Terrasight-Eurosat-RGB-vs-Multispectral\data\raw\multispectral\Highway\Highway_1970.tif,3,3,Highway,Highway,Highway
C:\Users\DELL Precision 5550\Documents\GitHub\Terrasight-Eurosat-RGB-vs-Multispectral\data\raw\multispectral\Residential\Residential_2027.tif,7,7,Residential,Residential,Residential
C:\Users\DELL Precision 5550\Documents\GitHub\Terrasight-Eurosat-RGB-vs-Multispectral\data\raw\multispectral\Highway\Highway_298.tif,3,3,Highway,Highway,Highway
C:\Users\DELL Precision 5550\Documents\GitHub\Terrasight-Eurosat-RGB-vs-Multispectral\data\raw\multispectral\Pasture\Pasture_541.tif,5,5,Pasture,Pasture,Pasture
C:\Users\DELL Precision 5550\Documents\GitHub\Terrasight-Eurosat-RGB-vs-Multispectral\data\raw\multispectral\AnnualCrop\AnnualCrop_2497.tif,0,0,AnnualCrop,AnnualCrop,AnnualCrop
C:\Users\DELL Precision 5550\Documents\GitHub\Terrasight-Eurosat-RGB-vs-Multispectral\data\raw\multispectral\Forest\Forest_2741.tif,1,1,Forest,Forest,Forest
C:\Users\DELL Precision 5550\Documents\GitHub\Terrasight-Eurosat-RGB-vs-Multispectral\data\raw\multispectral\Industrial\Industrial_63.tif,4,4,Industrial,Industrial,Industrial
C:\Users\DELL Precision 5550\Documents\GitHub\Terrasight-Eurosat-RGB-vs-Multispectral\data\raw\multispectral\HerbaceousVegetation\HerbaceousVegetation_2921.tif,2,2,HerbaceousVegetation,HerbaceousVegetation,HerbaceousVegetation
C:\Users\DELL Precision 5550\Documents\GitHub\Terrasight-Eurosat-RGB-vs-Multispectral\data\raw\multispectral\SeaLake\SeaLake_626.tif,9,9,SeaLake,SeaLake,SeaLake
C:\Users\DELL Precision 5550\Documents\GitHub\Terrasight-Eurosat-RGB-vs-Multispectral\data\raw\multispectral\HerbaceousVegetation\HerbaceousVegetation_1936.tif,2,2,HerbaceousVegetation,HerbaceousVegetation,HerbaceousVegetation
C:\Users\DELL Precision 5550\Documents\GitHub\Terrasight-Eurosat-RGB-vs-Multispectral\data\raw\multispectral\PermanentCrop\PermanentCrop_1769.tif,6,6,PermanentCrop,PermanentCrop,PermanentCrop
C:\Users\DELL Precision 5550\Documents\GitHub\Terrasight-Eurosat-RGB-vs-Multispectral\data\raw\multispectral\Pasture\Pasture_1205.tif,5,5,Pasture,Pasture,Pasture
C:\Users\DELL Precision 5550\Documents\GitHub\Terrasight-Eurosat-RGB-vs-Multispectral\data\raw\multispectral\Forest\Forest_1736.tif,1,2,Forest,HerbaceousVegetation,Forest
C:\Users\DELL Precision 5550\Documents\GitHub\Terrasight-Eurosat-RGB-vs-Multispectral\data\raw\multispectral\SeaLake\SeaLake_2789.tif,9,9,SeaLake,SeaLake,SeaLake
C:\Users\DELL Precision 5550\Documents\GitHub\Terrasight-Eurosat-RGB-vs-Multispectral\data\raw\multispectral\Forest\Forest_2085.tif,1,1,Forest,Forest,Forest
C:\Users\DELL Precision 5550\Documents\GitHub\Terrasight-Eurosat-RGB-vs-Multispectral\data\raw\multispectral\Forest\Forest_263.tif,1,1,Forest,Forest,Forest
C:\Users\DELL Precision 5550\Documents\GitHub\Terrasight-Eurosat-RGB-vs-Multispectral\data\raw\multispectral\Highway\Highway_2101.tif,3,3,Highway,Highway,Highway
C:\Users\DELL Precision 5550\Documents\GitHub\Terrasight-Eurosat-RGB-vs-Multispectral\data\raw\multispectral\Industrial\Industrial_1079.tif,4,4,Industrial,Industrial,Industrial
C:\Users\DELL Precision 5550\Documents\GitHub\Terrasight-Eurosat-RGB-vs-Multispectral\data\raw\multispectral\Pasture\Pasture_719.tif,5,5,Pasture,Pasture,Pasture
C:\Users\DELL Precision 5550\Documents\GitHub\Terrasight-Eurosat-RGB-vs-Multispectral\data\raw\multispectral\Industrial\Industrial_1472.tif,4,4,Industrial,Industrial,Industrial
C:\Users\DELL Precision 5550\Documents\GitHub\Terrasight-Eurosat-RGB-vs-Multispectral\data\raw\multispectral\PermanentCrop\PermanentCrop_2257.tif,6,6,PermanentCrop,PermanentCrop,PermanentCrop
C:\Users\DELL Precision 5550\Documents\GitHub\Terrasight-Eurosat-RGB-vs-Multispectral\data\raw\multispectral\Forest\Forest_1136.tif,1,1,Forest,Forest,Forest
C:\Users\DELL Precision 5550\Documents\GitHub\Terrasight-Eurosat-RGB-vs-Multispectral\data\raw\multispectral\SeaLake\SeaLake_412.tif,9,9,SeaLake,SeaLake,SeaLake
C:\Users\DELL Precision 5550\Documents\GitHub\Terrasight-Eurosat-RGB-vs-Multispectral\data\raw\multispectral\River\River_1890.tif,8,8,River,River,River
C:\Users\DELL Precision 5550\Documents\GitHub\Terrasight-Eurosat-RGB-vs-Multispectral\data\raw\multispectral\HerbaceousVegetation\HerbaceousVegetation_2349.tif,2,2,HerbaceousVegetation,HerbaceousVegetation,HerbaceousVegetation
C:\Users\DELL Precision 5550\Documents\GitHub\Terrasight-Eurosat-RGB-vs-Multispectral\data\raw\multispectral\HerbaceousVegetation\HerbaceousVegetation_1611.tif,2,2,HerbaceousVegetation,HerbaceousVegetation,HerbaceousVegetation
C:\Users\DELL Precision 5550\Documents\GitHub\Terrasight-Eurosat-RGB-vs-Multispectral\data\raw\multispectral\Highway\Highway_1586.tif,3,3,Highway,Highway,Highway
C:\Users\DELL Precision 5550\Documents\GitHub\Terrasight-Eurosat-RGB-vs-Multispectral\data\raw\multispectral\HerbaceousVegetation\HerbaceousVegetation_738.tif,2,2,HerbaceousVegetation,HerbaceousVegetation,HerbaceousVegetation
C:\Users\DELL Precision 5550\Documents\GitHub\Terrasight-Eurosat-RGB-vs-Multispectral\data\raw\multispectral\Residential\Residential_1403.tif,7,7,Residential,Residential,Residential
C:\Users\DELL Precision 5550\Documents\GitHub\Terrasight-Eurosat-RGB-vs-Multispectral\data\raw\multispectral\PermanentCrop\PermanentCrop_1060.tif,6,6,PermanentCrop,PermanentCrop,PermanentCrop
C:\Users\DELL Precision 5550\Documents\GitHub\Terrasight-Eurosat-RGB-vs-Multispectral\data\raw\multispectral\SeaLake\SeaLake_283.tif,9,9,SeaLake,SeaLake,SeaLake
C:\Users\DELL Precision 5550\Documents\GitHub\Terrasight-Eurosat-RGB-vs-Multispectral\data\raw\multispectral\PermanentCrop\PermanentCrop_1774.tif,6,6,PermanentCrop,PermanentCrop,PermanentCrop
C:\Users\DELL Precision 5550\Documents\GitHub\Terrasight-Eurosat-RGB-vs-Multispectral\data\raw\multispectral\Forest\Forest_2364.tif,1,1,Forest,Forest,Forest
C:\Users\DELL Precision 5550\Documents\GitHub\Terrasight-Eurosat-RGB-vs-Multispectral\data\raw\multispectral\Highway\Highway_93.tif,3,3,Highway,Highway,Highway
C:\Users\DELL Precision 5550\Documents\GitHub\Terrasight-Eurosat-RGB-vs-Multispectral\data\raw\multispectral\Forest\Forest_508.tif,1,1,Forest,Forest,Forest
C:\Users\DELL Precision 5550\Documents\GitHub\Terrasight-Eurosat-RGB-vs-Multispectral\data\raw\multispectral\Highway\Highway_1922.tif,3,3,Highway,Highway,Highway
C:\Users\DELL Precision 5550\Documents\GitHub\Terrasight-Eurosat-RGB-vs-Multispectral\data\raw\multispectral\HerbaceousVegetation\HerbaceousVegetation_172.tif,2,2,HerbaceousVegetation,HerbaceousVegetation,HerbaceousVegetation
C:\Users\DELL Precision 5550\Documents\GitHub\Terrasight-Eurosat-RGB-vs-Multispectral\data\raw\multispectral\Highway\Highway_880.tif,3,3,Highway,Highway,Highway
C:\Users\DELL Precision 5550\Documents\GitHub\Terrasight-Eurosat-RGB-vs-Multispectral\data\raw\multispectral\River\River_1366.tif,8,3,River,Highway,River
C:\Users\DELL Precision 5550\Documents\GitHub\Terrasight-Eurosat-RGB-vs-Multispectral\data\raw\multispectral\SeaLake\SeaLake_54.tif,9,9,SeaLake,SeaLake,SeaLake
C:\Users\DELL Precision 5550\Documents\GitHub\Terrasight-Eurosat-RGB-vs-Multispectral\data\raw\multispectral\Highway\Highway_655.tif,3,3,Highway,Highway,Highway
C:\Users\DELL Precision 5550\Documents\GitHub\Terrasight-Eurosat-RGB-vs-Multispectral\data\raw\multispectral\HerbaceousVegetation\HerbaceousVegetation_1920.tif,2,2,HerbaceousVegetation,HerbaceousVegetation,HerbaceousVegetation
C:\Users\DELL Precision 5550\Documents\GitHub\Terrasight-Eurosat-RGB-vs-Multispectral\data\raw\multispectral\Industrial\Industrial_322.tif,4,4,Industrial,Industrial,Industrial
C:\Users\DELL Precision 5550\Documents\GitHub\Terrasight-Eurosat-RGB-vs-Multispectral\data\raw\multispectral\Forest\Forest_860.tif,1,1,Forest,Forest,Forest
C:\Users\DELL Precision 5550\Documents\GitHub\Terrasight-Eurosat-RGB-vs-Multispectral\data\raw\multispectral\Forest\Forest_2285.tif,1,1,Forest,Forest,Forest
C:\Users\DELL Precision 5550\Documents\GitHub\Terrasight-Eurosat-RGB-vs-Multispectral\data\raw\multispectral\Forest\Forest_1376.tif,1,1,Forest,Forest,Forest
C:\Users\DELL Precision 5550\Documents\GitHub\Terrasight-Eurosat-RGB-vs-Multispectral\data\raw\multispectral\Residential\Residential_1903.tif,7,7,Residential,Residential,Residential
C:\Users\DELL Precision 5550\Documents\GitHub\Terrasight-Eurosat-RGB-vs-Multispectral\data\raw\multispectral\HerbaceousVegetation\HerbaceousVegetation_432.tif,2,2,HerbaceousVegetation,HerbaceousVegetation,HerbaceousVegetation
C:\Users\DELL Precision 5550\Documents\GitHub\Terrasight-Eurosat-RGB-vs-Multispectral\data\raw\multispectral\Industrial\Industrial_1336.tif,4,4,Industrial,Industrial,Industrial
C:\Users\DELL Precision 5550\Documents\GitHub\Terrasight-Eurosat-RGB-vs-Multispectral\data\raw\multispectral\Residential\Residential_2192.tif,7,7,Residential,Residential,Residential
C:\Users\DELL Precision 5550\Documents\GitHub\Terrasight-Eurosat-RGB-vs-Multispectral\data\raw\multispectral\HerbaceousVegetation\HerbaceousVegetation_2143.tif,2,2,HerbaceousVegetation,HerbaceousVegetation,HerbaceousVegetation
C:\Users\DELL Precision 5550\Documents\GitHub\Terrasight-Eurosat-RGB-vs-Multispectral\data\raw\multispectral\HerbaceousVegetation\HerbaceousVegetation_2996.tif,2,2,HerbaceousVegetation,HerbaceousVegetation,HerbaceousVegetation
C:\Users\DELL Precision 5550\Documents\GitHub\Terrasight-Eurosat-RGB-vs-Multispectral\data\raw\multispectral\Forest\Forest_2734.tif,1,1,Forest,Forest,Forest
C:\Users\DELL Precision 5550\Documents\GitHub\Terrasight-Eurosat-RGB-vs-Multispectral\data\raw\multispectral\HerbaceousVegetation\HerbaceousVegetation_757.tif,2,2,HerbaceousVegetation,HerbaceousVegetation,HerbaceousVegetation
C:\Users\DELL Precision 5550\Documents\GitHub\Terrasight-Eurosat-RGB-vs-Multispectral\data\raw\multispectral\Forest\Forest_172.tif,1,1,Forest,Forest,Forest
C:\Users\DELL Precision 5550\Documents\GitHub\Terrasight-Eurosat-RGB-vs-Multispectral\data\raw\multispectral\Forest\Forest_2244.tif,1,1,Forest,Forest,Forest
C:\Users\DELL Precision 5550\Documents\GitHub\Terrasight-Eurosat-RGB-vs-Multispectral\data\raw\multispectral\River\River_266.tif,8,8,River,River,River
C:\Users\DELL Precision 5550\Documents\GitHub\Terrasight-Eurosat-RGB-vs-Multispectral\data\raw\multispectral\PermanentCrop\PermanentCrop_930.tif,6,6,PermanentCrop,PermanentCrop,PermanentCrop
C:\Users\DELL Precision 5550\Documents\GitHub\Terrasight-Eurosat-RGB-vs-Multispectral\data\raw\multispectral\Pasture\Pasture_265.tif,5,5,Pasture,Pasture,Pasture
C:\Users\DELL Precision 5550\Documents\GitHub\Terrasight-Eurosat-RGB-vs-Multispectral\data\raw\multispectral\Residential\Residential_2418.tif,7,7,Residential,Residential,Residential
C:\Users\DELL Precision 5550\Documents\GitHub\Terrasight-Eurosat-RGB-vs-Multispectral\data\raw\multispectral\SeaLake\SeaLake_2531.tif,9,9,SeaLake,SeaLake,SeaLake
C:\Users\DELL Precision 5550\Documents\GitHub\Terrasight-Eurosat-RGB-vs-Multispectral\data\raw\multispectral\Highway\Highway_706.tif,3,3,Highway,Highway,Highway
C:\Users\DELL Precision 5550\Documents\GitHub\Terrasight-Eurosat-RGB-vs-Multispectral\data\raw\multispectral\Residential\Residential_593.tif,7,7,Residential,Residential,Residential
C:\Users\DELL Precision 5550\Documents\GitHub\Terrasight-Eurosat-RGB-vs-Multispectral\data\raw\multispectral\Forest\Forest_589.tif,1,1,Forest,Forest,Forest
C:\Users\DELL Precision 5550\Documents\GitHub\Terrasight-Eurosat-RGB-vs-Multispectral\data\raw\multispectral\AnnualCrop\AnnualCrop_802.tif,0,0,AnnualCrop,AnnualCrop,AnnualCrop
C:\Users\DELL Precision 5550\Documents\GitHub\Terrasight-Eurosat-RGB-vs-Multispectral\data\raw\multispectral\AnnualCrop\AnnualCrop_294.tif,0,0,AnnualCrop,AnnualCrop,AnnualCrop
C:\Users\DELL Precision 5550\Documents\GitHub\Terrasight-Eurosat-RGB-vs-Multispectral\data\raw\multispectral\Residential\Residential_1701.tif,7,7,Residential,Residential,Residential
C:\Users\DELL Precision 5550\Documents\GitHub\Terrasight-Eurosat-RGB-vs-Multispectral\data\raw\multispectral\Residential\Residential_1167.tif,7,7,Residential,Residential,Residential
C:\Users\DELL Precision 5550\Documents\GitHub\Terrasight-Eurosat-RGB-vs-Multispectral\data\raw\multispectral\Residential\Residential_1282.tif,7,7,Residential,Residential,Residential
C:\Users\DELL Precision 5550\Documents\GitHub\Terrasight-Eurosat-RGB-vs-Multispectral\data\raw\multispectral\AnnualCrop\AnnualCrop_2470.tif,0,0,AnnualCrop,AnnualCrop,AnnualCrop
C:\Users\DELL Precision 5550\Documents\GitHub\Terrasight-Eurosat-RGB-vs-Multispectral\data\raw\multispectral\Residential\Residential_2532.tif,7,7,Residential,Residential,Residential
C:\Users\DELL Precision 5550\Documents\GitHub\Terrasight-Eurosat-RGB-vs-Multispectral\data\raw\multispectral\HerbaceousVegetation\HerbaceousVegetation_2745.tif,2,2,HerbaceousVegetation,HerbaceousVegetation,HerbaceousVegetation
C:\Users\DELL Precision 5550\Documents\GitHub\Terrasight-Eurosat-RGB-vs-Multispectral\data\raw\multispectral\PermanentCrop\PermanentCrop_1162.tif,6,6,PermanentCrop,PermanentCrop,PermanentCrop
C:\Users\DELL Precision 5550\Documents\GitHub\Terrasight-Eurosat-RGB-vs-Multispectral\data\raw\multispectral\Highway\Highway_680.tif,3,3,Highway,Highway,Highway
C:\Users\DELL Precision 5550\Documents\GitHub\Terrasight-Eurosat-RGB-vs-Multispectral\data\raw\multispectral\Forest\Forest_2025.tif,1,1,Forest,Forest,Forest
C:\Users\DELL Precision 5550\Documents\GitHub\Terrasight-Eurosat-RGB-vs-Multispectral\data\raw\multispectral\PermanentCrop\PermanentCrop_400.tif,6,4,PermanentCrop,Industrial,PermanentCrop
C:\Users\DELL Precision 5550\Documents\GitHub\Terrasight-Eurosat-RGB-vs-Multispectral\data\raw\multispectral\HerbaceousVegetation\HerbaceousVegetation_1970.tif,2,2,HerbaceousVegetation,HerbaceousVegetation,HerbaceousVegetation
C:\Users\DELL Precision 5550\Documents\GitHub\Terrasight-Eurosat-RGB-vs-Multispectral\data\raw\multispectral\Forest\Forest_843.tif,1,1,Forest,Forest,Forest
C:\Users\DELL Precision 5550\Documents\GitHub\Terrasight-Eurosat-RGB-vs-Multispectral\data\raw\multispectral\HerbaceousVegetation\HerbaceousVegetation_593.tif,2,2,HerbaceousVegetation,HerbaceousVegetation,HerbaceousVegetation
C:\Users\DELL Precision 5550\Documents\GitHub\Terrasight-Eurosat-RGB-vs-Multispectral\data\raw\multispectral\Industrial\Industrial_1349.tif,4,4,Industrial,Industrial,Industrial
C:\Users\DELL Precision 5550\Documents\GitHub\Terrasight-Eurosat-RGB-vs-Multispectral\data\raw\multispectral\River\River_479.tif,8,3,River,Highway,River
C:\Users\DELL Precision 5550\Documents\GitHub\Terrasight-Eurosat-RGB-vs-Multispectral\data\raw\multispectral\Forest\Forest_1034.tif,1,1,Forest,Forest,Forest
C:\Users\DELL Precision 5550\Documents\GitHub\Terrasight-Eurosat-RGB-vs-Multispectral\data\raw\multispectral\Industrial\Industrial_2398.tif,4,4,Industrial,Industrial,Industrial
C:\Users\DELL Precision 5550\Documents\GitHub\Terrasight-Eurosat-RGB-vs-Multispectral\data\raw\multispectral\River\River_2488.tif,8,0,River,AnnualCrop,River
C:\Users\DELL Precision 5550\Documents\GitHub\Terrasight-Eurosat-RGB-vs-Multispectral\data\raw\multispectral\HerbaceousVegetation\HerbaceousVegetation_659.tif,2,2,HerbaceousVegetation,HerbaceousVegetation,HerbaceousVegetation
C:\Users\DELL Precision 5550\Documents\GitHub\Terrasight-Eurosat-RGB-vs-Multispectral\data\raw\multispectral\Industrial\Industrial_215.tif,4,4,Industrial,Industrial,Industrial
C:\Users\DELL Precision 5550\Documents\GitHub\Terrasight-Eurosat-RGB-vs-Multispectral\data\raw\multispectral\Residential\Residential_2097.tif,7,7,Residential,Residential,Residential
C:\Users\DELL Precision 5550\Documents\GitHub\Terrasight-Eurosat-RGB-vs-Multispectral\data\raw\multispectral\Pasture\Pasture_250.tif,5,5,Pasture,Pasture,Pasture
C:\Users\DELL Precision 5550\Documents\GitHub\Terrasight-Eurosat-RGB-vs-Multispectral\data\raw\multispectral\PermanentCrop\PermanentCrop_1235.tif,6,6,PermanentCrop,PermanentCrop,PermanentCrop
C:\Users\DELL Precision 5550\Documents\GitHub\Terrasight-Eurosat-RGB-vs-Multispectral\data\raw\multispectral\Highway\Highway_2126.tif,3,3,Highway,Highway,Highway
C:\Users\DELL Precision 5550\Documents\GitHub\Terrasight-Eurosat-RGB-vs-Multispectral\data\raw\multispectral\Forest\Forest_259.tif,1,1,Forest,Forest,Forest
C:\Users\DELL Precision 5550\Documents\GitHub\Terrasight-Eurosat-RGB-vs-Multispectral\data\raw\multispectral\Industrial\Industrial_1920.tif,4,4,Industrial,Industrial,Industrial
C:\Users\DELL Precision 5550\Documents\GitHub\Terrasight-Eurosat-RGB-vs-Multispectral\data\raw\multispectral\AnnualCrop\AnnualCrop_2163.tif,0,0,AnnualCrop,AnnualCrop,AnnualCrop
C:\Users\DELL Precision 5550\Documents\GitHub\Terrasight-Eurosat-RGB-vs-Multispectral\data\raw\multispectral\Highway\Highway_1239.tif,3,3,Highway,Highway,Highway
C:\Users\DELL Precision 5550\Documents\GitHub\Terrasight-Eurosat-RGB-vs-Multispectral\data\raw\multispectral\PermanentCrop\PermanentCrop_2176.tif,6,6,PermanentCrop,PermanentCrop,PermanentCrop
C:\Users\DELL Precision 5550\Documents\GitHub\Terrasight-Eurosat-RGB-vs-Multispectral\data\raw\multispectral\AnnualCrop\AnnualCrop_2613.tif,0,0,AnnualCrop,AnnualCrop,AnnualCrop
C:\Users\DELL Precision 5550\Documents\GitHub\Terrasight-Eurosat-RGB-vs-Multispectral\data\raw\multispectral\Pasture\Pasture_486.tif,5,5,Pasture,Pasture,Pasture
C:\Users\DELL Precision 5550\Documents\GitHub\Terrasight-Eurosat-RGB-vs-Multispectral\data\raw\multispectral\HerbaceousVegetation\HerbaceousVegetation_2718.tif,2,2,HerbaceousVegetation,HerbaceousVegetation,HerbaceousVegetation
C:\Users\DELL Precision 5550\Documents\GitHub\Terrasight-Eurosat-RGB-vs-Multispectral\data\raw\multispectral\Highway\Highway_976.tif,3,3,Highway,Highway,Highway
C:\Users\DELL Precision 5550\Documents\GitHub\Terrasight-Eurosat-RGB-vs-Multispectral\data\raw\multispectral\River\River_380.tif,8,8,River,River,River
C:\Users\DELL Precision 5550\Documents\GitHub\Terrasight-Eurosat-RGB-vs-Multispectral\data\raw\multispectral\SeaLake\SeaLake_728.tif,9,9,SeaLake,SeaLake,SeaLake
C:\Users\DELL Precision 5550\Documents\GitHub\Terrasight-Eurosat-RGB-vs-Multispectral\data\raw\multispectral\River\River_362.tif,8,8,River,River,River
C:\Users\DELL Precision 5550\Documents\GitHub\Terrasight-Eurosat-RGB-vs-Multispectral\data\raw\multispectral\PermanentCrop\PermanentCrop_1795.tif,6,6,PermanentCrop,PermanentCrop,PermanentCrop
C:\Users\DELL Precision 5550\Documents\GitHub\Terrasight-Eurosat-RGB-vs-Multispectral\data\raw\multispectral\River\River_2152.tif,8,8,River,River,River
C:\Users\DELL Precision 5550\Documents\GitHub\Terrasight-Eurosat-RGB-vs-Multispectral\data\raw\multispectral\AnnualCrop\AnnualCrop_2963.tif,0,6,AnnualCrop,PermanentCrop,AnnualCrop
C:\Users\DELL Precision 5550\Documents\GitHub\Terrasight-Eurosat-RGB-vs-Multispectral\data\raw\multispectral\Industrial\Industrial_900.tif,4,4,Industrial,Industrial,Industrial
C:\Users\DELL Precision 5550\Documents\GitHub\Terrasight-Eurosat-RGB-vs-Multispectral\data\raw\multispectral\Residential\Residential_1592.tif,7,7,Residential,Residential,Residential
C:\Users\DELL Precision 5550\Documents\GitHub\Terrasight-Eurosat-RGB-vs-Multispectral\data\raw\multispectral\Industrial\Industrial_543.tif,4,4,Industrial,Industrial,Industrial
C:\Users\DELL Precision 5550\Documents\GitHub\Terrasight-Eurosat-RGB-vs-Multispectral\data\raw\multispectral\PermanentCrop\PermanentCrop_2428.tif,6,6,PermanentCrop,PermanentCrop,PermanentCrop
C:\Users\DELL Precision 5550\Documents\GitHub\Terrasight-Eurosat-RGB-vs-Multispectral\data\raw\multispectral\AnnualCrop\AnnualCrop_483.tif,0,0,AnnualCrop,AnnualCrop,AnnualCrop
C:\Users\DELL Precision 5550\Documents\GitHub\Terrasight-Eurosat-RGB-vs-Multispectral\data\raw\multispectral\SeaLake\SeaLake_1351.tif,9,9,SeaLake,SeaLake,SeaLake
C:\Users\DELL Precision 5550\Documents\GitHub\Terrasight-Eurosat-RGB-vs-Multispectral\data\raw\multispectral\Industrial\Industrial_1218.tif,4,4,Industrial,Industrial,Industrial
C:\Users\DELL Precision 5550\Documents\GitHub\Terrasight-Eurosat-RGB-vs-Multispectral\data\raw\multispectral\Forest\Forest_2538.tif,1,1,Forest,Forest,Forest
C:\Users\DELL Precision 5550\Documents\GitHub\Terrasight-Eurosat-RGB-vs-Multispectral\data\raw\multispectral\Industrial\Industrial_1551.tif,4,4,Industrial,Industrial,Industrial
C:\Users\DELL Precision 5550\Documents\GitHub\Terrasight-Eurosat-RGB-vs-Multispectral\data\raw\multispectral\Forest\Forest_2941.tif,1,1,Forest,Forest,Forest
C:\Users\DELL Precision 5550\Documents\GitHub\Terrasight-Eurosat-RGB-vs-Multispectral\data\raw\multispectral\Pasture\Pasture_419.tif,5,5,Pasture,Pasture,Pasture
C:\Users\DELL Precision 5550\Documents\GitHub\Terrasight-Eurosat-RGB-vs-Multispectral\data\raw\multispectral\SeaLake\SeaLake_1368.tif,9,9,SeaLake,SeaLake,SeaLake
C:\Users\DELL Precision 5550\Documents\GitHub\Terrasight-Eurosat-RGB-vs-Multispectral\data\raw\multispectral\Forest\Forest_997.tif,1,1,Forest,Forest,Forest
C:\Users\DELL Precision 5550\Documents\GitHub\Terrasight-Eurosat-RGB-vs-Multispectral\data\raw\multispectral\Highway\Highway_1381.tif,3,3,Highway,Highway,Highway
C:\Users\DELL Precision 5550\Documents\GitHub\Terrasight-Eurosat-RGB-vs-Multispectral\data\raw\multispectral\Forest\Forest_352.tif,1,1,Forest,Forest,Forest
C:\Users\DELL Precision 5550\Documents\GitHub\Terrasight-Eurosat-RGB-vs-Multispectral\data\raw\multispectral\SeaLake\SeaLake_1870.tif,9,9,SeaLake,SeaLake,SeaLake
C:\Users\DELL Precision 5550\Documents\GitHub\Terrasight-Eurosat-RGB-vs-Multispectral\data\raw\multispectral\PermanentCrop\PermanentCrop_254.tif,6,6,PermanentCrop,PermanentCrop,PermanentCrop
C:\Users\DELL Precision 5550\Documents\GitHub\Terrasight-Eurosat-RGB-vs-Multispectral\data\raw\multispectral\Highway\Highway_1618.tif,3,3,Highway,Highway,Highway
C:\Users\DELL Precision 5550\Documents\GitHub\Terrasight-Eurosat-RGB-vs-Multispectral\data\raw\multispectral\AnnualCrop\AnnualCrop_1973.tif,0,0,AnnualCrop,AnnualCrop,AnnualCrop
C:\Users\DELL Precision 5550\Documents\GitHub\Terrasight-Eurosat-RGB-vs-Multispectral\data\raw\multispectral\PermanentCrop\PermanentCrop_288.tif,6,6,PermanentCrop,PermanentCrop,PermanentCrop
C:\Users\DELL Precision 5550\Documents\GitHub\Terrasight-Eurosat-RGB-vs-Multispectral\data\raw\multispectral\Residential\Residential_1735.tif,7,7,Residential,Residential,Residential
C:\Users\DELL Precision 5550\Documents\GitHub\Terrasight-Eurosat-RGB-vs-Multispectral\data\raw\multispectral\Industrial\Industrial_510.tif,4,4,Industrial,Industrial,Industrial
C:\Users\DELL Precision 5550\Documents\GitHub\Terrasight-Eurosat-RGB-vs-Multispectral\data\raw\multispectral\Pasture\Pasture_1836.tif,5,5,Pasture,Pasture,Pasture
C:\Users\DELL Precision 5550\Documents\GitHub\Terrasight-Eurosat-RGB-vs-Multispectral\data\raw\multispectral\AnnualCrop\AnnualCrop_2525.tif,0,0,AnnualCrop,AnnualCrop,AnnualCrop
C:\Users\DELL Precision 5550\Documents\GitHub\Terrasight-Eurosat-RGB-vs-Multispectral\data\raw\multispectral\Highway\Highway_670.tif,3,3,Highway,Highway,Highway
C:\Users\DELL Precision 5550\Documents\GitHub\Terrasight-Eurosat-RGB-vs-Multispectral\data\raw\multispectral\Pasture\Pasture_1612.tif,5,5,Pasture,Pasture,Pasture
C:\Users\DELL Precision 5550\Documents\GitHub\Terrasight-Eurosat-RGB-vs-Multispectral\data\raw\multispectral\River\River_1318.tif,8,8,River,River,River
C:\Users\DELL Precision 5550\Documents\GitHub\Terrasight-Eurosat-RGB-vs-Multispectral\data\raw\multispectral\Pasture\Pasture_1009.tif,5,5,Pasture,Pasture,Pasture
C:\Users\DELL Precision 5550\Documents\GitHub\Terrasight-Eurosat-RGB-vs-Multispectral\data\raw\multispectral\Residential\Residential_2410.tif,7,7,Residential,Residential,Residential
C:\Users\DELL Precision 5550\Documents\GitHub\Terrasight-Eurosat-RGB-vs-Multispectral\data\raw\multispectral\AnnualCrop\AnnualCrop_938.tif,0,0,AnnualCrop,AnnualCrop,AnnualCrop
C:\Users\DELL Precision 5550\Documents\GitHub\Terrasight-Eurosat-RGB-vs-Multispectral\data\raw\multispectral\Forest\Forest_853.tif,1,1,Forest,Forest,Forest
C:\Users\DELL Precision 5550\Documents\GitHub\Terrasight-Eurosat-RGB-vs-Multispectral\data\raw\multispectral\SeaLake\SeaLake_689.tif,9,9,SeaLake,SeaLake,SeaLake
C:\Users\DELL Precision 5550\Documents\GitHub\Terrasight-Eurosat-RGB-vs-Multispectral\data\raw\multispectral\PermanentCrop\PermanentCrop_1339.tif,6,6,PermanentCrop,PermanentCrop,PermanentCrop
C:\Users\DELL Precision 5550\Documents\GitHub\Terrasight-Eurosat-RGB-vs-Multispectral\data\raw\multispectral\SeaLake\SeaLake_2848.tif,9,9,SeaLake,SeaLake,SeaLake
C:\Users\DELL Precision 5550\Documents\GitHub\Terrasight-Eurosat-RGB-vs-Multispectral\data\raw\multispectral\Forest\Forest_1120.tif,1,1,Forest,Forest,Forest
C:\Users\DELL Precision 5550\Documents\GitHub\Terrasight-Eurosat-RGB-vs-Multispectral\data\raw\multispectral\Highway\Highway_2078.tif,3,3,Highway,Highway,Highway
C:\Users\DELL Precision 5550\Documents\GitHub\Terrasight-Eurosat-RGB-vs-Multispectral\data\raw\multispectral\Industrial\Industrial_1104.tif,4,4,Industrial,Industrial,Industrial
C:\Users\DELL Precision 5550\Documents\GitHub\Terrasight-Eurosat-RGB-vs-Multispectral\data\raw\multispectral\HerbaceousVegetation\HerbaceousVegetation_827.tif,2,2,HerbaceousVegetation,HerbaceousVegetation,HerbaceousVegetation
C:\Users\DELL Precision 5550\Documents\GitHub\Terrasight-Eurosat-RGB-vs-Multispectral\data\raw\multispectral\Residential\Residential_135.tif,7,7,Residential,Residential,Residential
C:\Users\DELL Precision 5550\Documents\GitHub\Terrasight-Eurosat-RGB-vs-Multispectral\data\raw\multispectral\River\River_2340.tif,8,8,River,River,River
C:\Users\DELL Precision 5550\Documents\GitHub\Terrasight-Eurosat-RGB-vs-Multispectral\data\raw\multispectral\Industrial\Industrial_760.tif,4,4,Industrial,Industrial,Industrial
C:\Users\DELL Precision 5550\Documents\GitHub\Terrasight-Eurosat-RGB-vs-Multispectral\data\raw\multispectral\AnnualCrop\AnnualCrop_2369.tif,0,0,AnnualCrop,AnnualCrop,AnnualCrop
C:\Users\DELL Precision 5550\Documents\GitHub\Terrasight-Eurosat-RGB-vs-Multispectral\data\raw\multispectral\PermanentCrop\PermanentCrop_2324.tif,6,6,PermanentCrop,PermanentCrop,PermanentCrop
C:\Users\DELL Precision 5550\Documents\GitHub\Terrasight-Eurosat-RGB-vs-Multispectral\data\raw\multispectral\PermanentCrop\PermanentCrop_1568.tif,6,6,PermanentCrop,PermanentCrop,PermanentCrop
C:\Users\DELL Precision 5550\Documents\GitHub\Terrasight-Eurosat-RGB-vs-Multispectral\data\raw\multispectral\Residential\Residential_2800.tif,7,7,Residential,Residential,Residential
C:\Users\DELL Precision 5550\Documents\GitHub\Terrasight-Eurosat-RGB-vs-Multispectral\data\raw\multispectral\Pasture\Pasture_1062.tif,5,0,Pasture,AnnualCrop,Pasture
C:\Users\DELL Precision 5550\Documents\GitHub\Terrasight-Eurosat-RGB-vs-Multispectral\data\raw\multispectral\Forest\Forest_1146.tif,1,1,Forest,Forest,Forest
C:\Users\DELL Precision 5550\Documents\GitHub\Terrasight-Eurosat-RGB-vs-Multispectral\data\raw\multispectral\Residential\Residential_2028.tif,7,7,Residential,Residential,Residential
C:\Users\DELL Precision 5550\Documents\GitHub\Terrasight-Eurosat-RGB-vs-Multispectral\data\raw\multispectral\Residential\Residential_2862.tif,7,7,Residential,Residential,Residential
C:\Users\DELL Precision 5550\Documents\GitHub\Terrasight-Eurosat-RGB-vs-Multispectral\data\raw\multispectral\River\River_191.tif,8,8,River,River,River
C:\Users\DELL Precision 5550\Documents\GitHub\Terrasight-Eurosat-RGB-vs-Multispectral\data\raw\multispectral\River\River_418.tif,8,8,River,River,River
C:\Users\DELL Precision 5550\Documents\GitHub\Terrasight-Eurosat-RGB-vs-Multispectral\data\raw\multispectral\Forest\Forest_576.tif,1,1,Forest,Forest,Forest
C:\Users\DELL Precision 5550\Documents\GitHub\Terrasight-Eurosat-RGB-vs-Multispectral\data\raw\multispectral\Forest\Forest_1363.tif,1,1,Forest,Forest,Forest
C:\Users\DELL Precision 5550\Documents\GitHub\Terrasight-Eurosat-RGB-vs-Multispectral\data\raw\multispectral\Highway\Highway_1557.tif,3,3,Highway,Highway,Highway
C:\Users\DELL Precision 5550\Documents\GitHub\Terrasight-Eurosat-RGB-vs-Multispectral\data\raw\multispectral\Industrial\Industrial_1165.tif,4,4,Industrial,Industrial,Industrial
C:\Users\DELL Precision 5550\Documents\GitHub\Terrasight-Eurosat-RGB-vs-Multispectral\data\raw\multispectral\River\River_1675.tif,8,8,River,River,River
C:\Users\DELL Precision 5550\Documents\GitHub\Terrasight-Eurosat-RGB-vs-Multispectral\data\raw\multispectral\HerbaceousVegetation\HerbaceousVegetation_2827.tif,2,2,HerbaceousVegetation,HerbaceousVegetation,HerbaceousVegetation
C:\Users\DELL Precision 5550\Documents\GitHub\Terrasight-Eurosat-RGB-vs-Multispectral\data\raw\multispectral\PermanentCrop\PermanentCrop_194.tif,6,6,PermanentCrop,PermanentCrop,PermanentCrop
C:\Users\DELL Precision 5550\Documents\GitHub\Terrasight-Eurosat-RGB-vs-Multispectral\data\raw\multispectral\PermanentCrop\PermanentCrop_224.tif,6,6,PermanentCrop,PermanentCrop,PermanentCrop
C:\Users\DELL Precision 5550\Documents\GitHub\Terrasight-Eurosat-RGB-vs-Multispectral\data\raw\multispectral\AnnualCrop\AnnualCrop_2761.tif,0,0,AnnualCrop,AnnualCrop,AnnualCrop
C:\Users\DELL Precision 5550\Documents\GitHub\Terrasight-Eurosat-RGB-vs-Multispectral\data\raw\multispectral\AnnualCrop\AnnualCrop_2273.tif,0,0,AnnualCrop,AnnualCrop,AnnualCrop
C:\Users\DELL Precision 5550\Documents\GitHub\Terrasight-Eurosat-RGB-vs-Multispectral\data\raw\multispectral\PermanentCrop\PermanentCrop_1175.tif,6,6,PermanentCrop,PermanentCrop,PermanentCrop
C:\Users\DELL Precision 5550\Documents\GitHub\Terrasight-Eurosat-RGB-vs-Multispectral\data\raw\multispectral\SeaLake\SeaLake_1336.tif,9,9,SeaLake,SeaLake,SeaLake
C:\Users\DELL Precision 5550\Documents\GitHub\Terrasight-Eurosat-RGB-vs-Multispectral\data\raw\multispectral\Forest\Forest_2425.tif,1,1,Forest,Forest,Forest
C:\Users\DELL Precision 5550\Documents\GitHub\Terrasight-Eurosat-RGB-vs-Multispectral\data\raw\multispectral\Industrial\Industrial_2323.tif,4,4,Industrial,Industrial,Industrial
C:\Users\DELL Precision 5550\Documents\GitHub\Terrasight-Eurosat-RGB-vs-Multispectral\data\raw\multispectral\AnnualCrop\AnnualCrop_2708.tif,0,0,AnnualCrop,AnnualCrop,AnnualCrop
C:\Users\DELL Precision 5550\Documents\GitHub\Terrasight-Eurosat-RGB-vs-Multispectral\data\raw\multispectral\Industrial\Industrial_1603.tif,4,4,Industrial,Industrial,Industrial
C:\Users\DELL Precision 5550\Documents\GitHub\Terrasight-Eurosat-RGB-vs-Multispectral\data\raw\multispectral\AnnualCrop\AnnualCrop_1359.tif,0,0,AnnualCrop,AnnualCrop,AnnualCrop
C:\Users\DELL Precision 5550\Documents\GitHub\Terrasight-Eurosat-RGB-vs-Multispectral\data\raw\multispectral\AnnualCrop\AnnualCrop_1768.tif,0,0,AnnualCrop,AnnualCrop,AnnualCrop
C:\Users\DELL Precision 5550\Documents\GitHub\Terrasight-Eurosat-RGB-vs-Multispectral\data\raw\multispectral\Forest\Forest_1122.tif,1,1,Forest,Forest,Forest
C:\Users\DELL Precision 5550\Documents\GitHub\Terrasight-Eurosat-RGB-vs-Multispectral\data\raw\multispectral\HerbaceousVegetation\HerbaceousVegetation_2647.tif,2,2,HerbaceousVegetation,HerbaceousVegetation,HerbaceousVegetation
C:\Users\DELL Precision 5550\Documents\GitHub\Terrasight-Eurosat-RGB-vs-Multispectral\data\raw\multispectral\SeaLake\SeaLake_450.tif,9,9,SeaLake,SeaLake,SeaLake
C:\Users\DELL Precision 5550\Documents\GitHub\Terrasight-Eurosat-RGB-vs-Multispectral\data\raw\multispectral\PermanentCrop\PermanentCrop_904.tif,6,6,PermanentCrop,PermanentCrop,PermanentCrop
C:\Users\DELL Precision 5550\Documents\GitHub\Terrasight-Eurosat-RGB-vs-Multispectral\data\raw\multispectral\Forest\Forest_2646.tif,1,1,Forest,Forest,Forest
C:\Users\DELL Precision 5550\Documents\GitHub\Terrasight-Eurosat-RGB-vs-Multispectral\data\raw\multispectral\Industrial\Industrial_2017.tif,4,4,Industrial,Industrial,Industrial
C:\Users\DELL Precision 5550\Documents\GitHub\Terrasight-Eurosat-RGB-vs-Multispectral\data\raw\multispectral\SeaLake\SeaLake_1423.tif,9,9,SeaLake,SeaLake,SeaLake
C:\Users\DELL Precision 5550\Documents\GitHub\Terrasight-Eurosat-RGB-vs-Multispectral\data\raw\multispectral\HerbaceousVegetation\HerbaceousVegetation_813.tif,2,3,HerbaceousVegetation,Highway,HerbaceousVegetation
C:\Users\DELL Precision 5550\Documents\GitHub\Terrasight-Eurosat-RGB-vs-Multispectral\data\raw\multispectral\Residential\Residential_1093.tif,7,7,Residential,Residential,Residential
C:\Users\DELL Precision 5550\Documents\GitHub\Terrasight-Eurosat-RGB-vs-Multispectral\data\raw\multispectral\Pasture\Pasture_528.tif,5,5,Pasture,Pasture,Pasture
C:\Users\DELL Precision 5550\Documents\GitHub\Terrasight-Eurosat-RGB-vs-Multispectral\data\raw\multispectral\Residential\Residential_386.tif,7,7,Residential,Residential,Residential
C:\Users\DELL Precision 5550\Documents\GitHub\Terrasight-Eurosat-RGB-vs-Multispectral\data\raw\multispectral\HerbaceousVegetation\HerbaceousVegetation_1264.tif,2,2,HerbaceousVegetation,HerbaceousVegetation,HerbaceousVegetation
C:\Users\DELL Precision 5550\Documents\GitHub\Terrasight-Eurosat-RGB-vs-Multispectral\data\raw\multispectral\Residential\Residential_2130.tif,7,7,Residential,Residential,Residential
C:\Users\DELL Precision 5550\Documents\GitHub\Terrasight-Eurosat-RGB-vs-Multispectral\data\raw\multispectral\Industrial\Industrial_1299.tif,4,4,Industrial,Industrial,Industrial
C:\Users\DELL Precision 5550\Documents\GitHub\Terrasight-Eurosat-RGB-vs-Multispectral\data\raw\multispectral\AnnualCrop\AnnualCrop_82.tif,0,0,AnnualCrop,AnnualCrop,AnnualCrop
C:\Users\DELL Precision 5550\Documents\GitHub\Terrasight-Eurosat-RGB-vs-Multispectral\data\raw\multispectral\Pasture\Pasture_983.tif,5,5,Pasture,Pasture,Pasture
C:\Users\DELL Precision 5550\Documents\GitHub\Terrasight-Eurosat-RGB-vs-Multispectral\data\raw\multispectral\AnnualCrop\AnnualCrop_2165.tif,0,0,AnnualCrop,AnnualCrop,AnnualCrop
C:\Users\DELL Precision 5550\Documents\GitHub\Terrasight-Eurosat-RGB-vs-Multispectral\data\raw\multispectral\Forest\Forest_645.tif,1,1,Forest,Forest,Forest
C:\Users\DELL Precision 5550\Documents\GitHub\Terrasight-Eurosat-RGB-vs-Multispectral\data\raw\multispectral\Industrial\Industrial_507.tif,4,4,Industrial,Industrial,Industrial
C:\Users\DELL Precision 5550\Documents\GitHub\Terrasight-Eurosat-RGB-vs-Multispectral\data\raw\multispectral\AnnualCrop\AnnualCrop_2515.tif,0,0,AnnualCrop,AnnualCrop,AnnualCrop
C:\Users\DELL Precision 5550\Documents\GitHub\Terrasight-Eurosat-RGB-vs-Multispectral\data\raw\multispectral\Industrial\Industrial_559.tif,4,4,Industrial,Industrial,Industrial
C:\Users\DELL Precision 5550\Documents\GitHub\Terrasight-Eurosat-RGB-vs-Multispectral\data\raw\multispectral\AnnualCrop\AnnualCrop_2227.tif,0,0,AnnualCrop,AnnualCrop,AnnualCrop
C:\Users\DELL Precision 5550\Documents\GitHub\Terrasight-Eurosat-RGB-vs-Multispectral\data\raw\multispectral\Industrial\Industrial_1556.tif,4,4,Industrial,Industrial,Industrial
C:\Users\DELL Precision 5550\Documents\GitHub\Terrasight-Eurosat-RGB-vs-Multispectral\data\raw\multispectral\HerbaceousVegetation\HerbaceousVegetation_1504.tif,2,2,HerbaceousVegetation,HerbaceousVegetation,HerbaceousVegetation
C:\Users\DELL Precision 5550\Documents\GitHub\Terrasight-Eurosat-RGB-vs-Multispectral\data\raw\multispectral\AnnualCrop\AnnualCrop_2436.tif,0,0,AnnualCrop,AnnualCrop,AnnualCrop
C:\Users\DELL Precision 5550\Documents\GitHub\Terrasight-Eurosat-RGB-vs-Multispectral\data\raw\multispectral\Pasture\Pasture_750.tif,5,5,Pasture,Pasture,Pasture
C:\Users\DELL Precision 5550\Documents\GitHub\Terrasight-Eurosat-RGB-vs-Multispectral\data\raw\multispectral\River\River_758.tif,8,8,River,River,River
C:\Users\DELL Precision 5550\Documents\GitHub\Terrasight-Eurosat-RGB-vs-Multispectral\data\raw\multispectral\SeaLake\SeaLake_166.tif,9,9,SeaLake,SeaLake,SeaLake
C:\Users\DELL Precision 5550\Documents\GitHub\Terrasight-Eurosat-RGB-vs-Multispectral\data\raw\multispectral\HerbaceousVegetation\HerbaceousVegetation_2632.tif,2,2,HerbaceousVegetation,HerbaceousVegetation,HerbaceousVegetation
C:\Users\DELL Precision 5550\Documents\GitHub\Terrasight-Eurosat-RGB-vs-Multispectral\data\raw\multispectral\AnnualCrop\AnnualCrop_2217.tif,0,0,AnnualCrop,AnnualCrop,AnnualCrop
C:\Users\DELL Precision 5550\Documents\GitHub\Terrasight-Eurosat-RGB-vs-Multispectral\data\raw\multispectral\SeaLake\SeaLake_36.tif,9,9,SeaLake,SeaLake,SeaLake
C:\Users\DELL Precision 5550\Documents\GitHub\Terrasight-Eurosat-RGB-vs-Multispectral\data\raw\multispectral\HerbaceousVegetation\HerbaceousVegetation_1991.tif,2,2,HerbaceousVegetation,HerbaceousVegetation,HerbaceousVegetation
C:\Users\DELL Precision 5550\Documents\GitHub\Terrasight-Eurosat-RGB-vs-Multispectral\data\raw\multispectral\Highway\Highway_1030.tif,3,3,Highway,Highway,Highway
C:\Users\DELL Precision 5550\Documents\GitHub\Terrasight-Eurosat-RGB-vs-Multispectral\data\raw\multispectral\Forest\Forest_946.tif,1,1,Forest,Forest,Forest
C:\Users\DELL Precision 5550\Documents\GitHub\Terrasight-Eurosat-RGB-vs-Multispectral\data\raw\multispectral\Forest\Forest_429.tif,1,1,Forest,Forest,Forest
C:\Users\DELL Precision 5550\Documents\GitHub\Terrasight-Eurosat-RGB-vs-Multispectral\data\raw\multispectral\HerbaceousVegetation\HerbaceousVegetation_1022.tif,2,2,HerbaceousVegetation,HerbaceousVegetation,HerbaceousVegetation
C:\Users\DELL Precision 5550\Documents\GitHub\Terrasight-Eurosat-RGB-vs-Multispectral\data\raw\multispectral\SeaLake\SeaLake_1386.tif,9,9,SeaLake,SeaLake,SeaLake
C:\Users\DELL Precision 5550\Documents\GitHub\Terrasight-Eurosat-RGB-vs-Multispectral\data\raw\multispectral\Forest\Forest_948.tif,1,1,Forest,Forest,Forest
C:\Users\DELL Precision 5550\Documents\GitHub\Terrasight-Eurosat-RGB-vs-Multispectral\data\raw\multispectral\SeaLake\SeaLake_177.tif,9,9,SeaLake,SeaLake,SeaLake
C:\Users\DELL Precision 5550\Documents\GitHub\Terrasight-Eurosat-RGB-vs-Multispectral\data\raw\multispectral\Pasture\Pasture_219.tif,5,5,Pasture,Pasture,Pasture
C:\Users\DELL Precision 5550\Documents\GitHub\Terrasight-Eurosat-RGB-vs-Multispectral\data\raw\multispectral\Industrial\Industrial_2445.tif,4,4,Industrial,Industrial,Industrial
C:\Users\DELL Precision 5550\Documents\GitHub\Terrasight-Eurosat-RGB-vs-Multispectral\data\raw\multispectral\HerbaceousVegetation\HerbaceousVegetation_2573.tif,2,2,HerbaceousVegetation,HerbaceousVegetation,HerbaceousVegetation
C:\Users\DELL Precision 5550\Documents\GitHub\Terrasight-Eurosat-RGB-vs-Multispectral\data\raw\multispectral\Pasture\Pasture_1437.tif,5,5,Pasture,Pasture,Pasture
C:\Users\DELL Precision 5550\Documents\GitHub\Terrasight-Eurosat-RGB-vs-Multispectral\data\raw\multispectral\PermanentCrop\PermanentCrop_2070.tif,6,6,PermanentCrop,PermanentCrop,PermanentCrop
C:\Users\DELL Precision 5550\Documents\GitHub\Terrasight-Eurosat-RGB-vs-Multispectral\data\raw\multispectral\AnnualCrop\AnnualCrop_1640.tif,0,0,AnnualCrop,AnnualCrop,AnnualCrop
C:\Users\DELL Precision 5550\Documents\GitHub\Terrasight-Eurosat-RGB-vs-Multispectral\data\raw\multispectral\Pasture\Pasture_650.tif,5,0,Pasture,AnnualCrop,Pasture
C:\Users\DELL Precision 5550\Documents\GitHub\Terrasight-Eurosat-RGB-vs-Multispectral\data\raw\multispectral\Industrial\Industrial_1849.tif,4,4,Industrial,Industrial,Industrial
C:\Users\DELL Precision 5550\Documents\GitHub\Terrasight-Eurosat-RGB-vs-Multispectral\data\raw\multispectral\SeaLake\SeaLake_21.tif,9,9,SeaLake,SeaLake,SeaLake
C:\Users\DELL Precision 5550\Documents\GitHub\Terrasight-Eurosat-RGB-vs-Multispectral\data\raw\multispectral\AnnualCrop\AnnualCrop_1879.tif,0,0,AnnualCrop,AnnualCrop,AnnualCrop
C:\Users\DELL Precision 5550\Documents\GitHub\Terrasight-Eurosat-RGB-vs-Multispectral\data\raw\multispectral\PermanentCrop\PermanentCrop_1495.tif,6,4,PermanentCrop,Industrial,PermanentCrop
C:\Users\DELL Precision 5550\Documents\GitHub\Terrasight-Eurosat-RGB-vs-Multispectral\data\raw\multispectral\Forest\Forest_884.tif,1,1,Forest,Forest,Forest
C:\Users\DELL Precision 5550\Documents\GitHub\Terrasight-Eurosat-RGB-vs-Multispectral\data\raw\multispectral\Pasture\Pasture_1105.tif,5,5,Pasture,Pasture,Pasture
C:\Users\DELL Precision 5550\Documents\GitHub\Terrasight-Eurosat-RGB-vs-Multispectral\data\raw\multispectral\SeaLake\SeaLake_2710.tif,9,9,SeaLake,SeaLake,SeaLake
C:\Users\DELL Precision 5550\Documents\GitHub\Terrasight-Eurosat-RGB-vs-Multispectral\data\raw\multispectral\Pasture\Pasture_989.tif,5,5,Pasture,Pasture,Pasture
C:\Users\DELL Precision 5550\Documents\GitHub\Terrasight-Eurosat-RGB-vs-Multispectral\data\raw\multispectral\SeaLake\SeaLake_1070.tif,9,9,SeaLake,SeaLake,SeaLake
C:\Users\DELL Precision 5550\Documents\GitHub\Terrasight-Eurosat-RGB-vs-Multispectral\data\raw\multispectral\SeaLake\SeaLake_2910.tif,9,9,SeaLake,SeaLake,SeaLake
C:\Users\DELL Precision 5550\Documents\GitHub\Terrasight-Eurosat-RGB-vs-Multispectral\data\raw\multispectral\HerbaceousVegetation\HerbaceousVegetation_2085.tif,2,2,HerbaceousVegetation,HerbaceousVegetation,HerbaceousVegetation
C:\Users\DELL Precision 5550\Documents\GitHub\Terrasight-Eurosat-RGB-vs-Multispectral\data\raw\multispectral\Highway\Highway_269.tif,3,3,Highway,Highway,Highway
C:\Users\DELL Precision 5550\Documents\GitHub\Terrasight-Eurosat-RGB-vs-Multispectral\data\raw\multispectral\SeaLake\SeaLake_2286.tif,9,9,SeaLake,SeaLake,SeaLake
C:\Users\DELL Precision 5550\Documents\GitHub\Terrasight-Eurosat-RGB-vs-Multispectral\data\raw\multispectral\Pasture\Pasture_1782.tif,5,5,Pasture,Pasture,Pasture
C:\Users\DELL Precision 5550\Documents\GitHub\Terrasight-Eurosat-RGB-vs-Multispectral\data\raw\multispectral\Forest\Forest_1890.tif,1,1,Forest,Forest,Forest
C:\Users\DELL Precision 5550\Documents\GitHub\Terrasight-Eurosat-RGB-vs-Multispectral\data\raw\multispectral\SeaLake\SeaLake_211.tif,9,9,SeaLake,SeaLake,SeaLake
C:\Users\DELL Precision 5550\Documents\GitHub\Terrasight-Eurosat-RGB-vs-Multispectral\data\raw\multispectral\River\River_2352.tif,8,8,River,River,River
C:\Users\DELL Precision 5550\Documents\GitHub\Terrasight-Eurosat-RGB-vs-Multispectral\data\raw\multispectral\AnnualCrop\AnnualCrop_1179.tif,0,0,AnnualCrop,AnnualCrop,AnnualCrop
C:\Users\DELL Precision 5550\Documents\GitHub\Terrasight-Eurosat-RGB-vs-Multispectral\data\raw\multispectral\Residential\Residential_134.tif,7,7,Residential,Residential,Residential
C:\Users\DELL Precision 5550\Documents\GitHub\Terrasight-Eurosat-RGB-vs-Multispectral\data\raw\multispectral\Highway\Highway_1784.tif,3,3,Highway,Highway,Highway
C:\Users\DELL Precision 5550\Documents\GitHub\Terrasight-Eurosat-RGB-vs-Multispectral\data\raw\multispectral\Pasture\Pasture_1329.tif,5,5,Pasture,Pasture,Pasture
C:\Users\DELL Precision 5550\Documents\GitHub\Terrasight-Eurosat-RGB-vs-Multispectral\data\raw\multispectral\River\River_673.tif,8,8,River,River,River
C:\Users\DELL Precision 5550\Documents\GitHub\Terrasight-Eurosat-RGB-vs-Multispectral\data\raw\multispectral\SeaLake\SeaLake_2587.tif,9,9,SeaLake,SeaLake,SeaLake
C:\Users\DELL Precision 5550\Documents\GitHub\Terrasight-Eurosat-RGB-vs-Multispectral\data\raw\multispectral\SeaLake\SeaLake_2103.tif,9,9,SeaLake,SeaLake,SeaLake
C:\Users\DELL Precision 5550\Documents\GitHub\Terrasight-Eurosat-RGB-vs-Multispectral\data\raw\multispectral\Residential\Residential_2515.tif,7,7,Residential,Residential,Residential
C:\Users\DELL Precision 5550\Documents\GitHub\Terrasight-Eurosat-RGB-vs-Multispectral\data\raw\multispectral\SeaLake\SeaLake_1672.tif,9,9,SeaLake,SeaLake,SeaLake
C:\Users\DELL Precision 5550\Documents\GitHub\Terrasight-Eurosat-RGB-vs-Multispectral\data\raw\multispectral\HerbaceousVegetation\HerbaceousVegetation_10.tif,2,2,HerbaceousVegetation,HerbaceousVegetation,HerbaceousVegetation
C:\Users\DELL Precision 5550\Documents\GitHub\Terrasight-Eurosat-RGB-vs-Multispectral\data\raw\multispectral\Forest\Forest_1320.tif,1,1,Forest,Forest,Forest
C:\Users\DELL Precision 5550\Documents\GitHub\Terrasight-Eurosat-RGB-vs-Multispectral\data\raw\multispectral\Residential\Residential_494.tif,7,7,Residential,Residential,Residential
C:\Users\DELL Precision 5550\Documents\GitHub\Terrasight-Eurosat-RGB-vs-Multispectral\data\raw\multispectral\PermanentCrop\PermanentCrop_768.tif,6,6,PermanentCrop,PermanentCrop,PermanentCrop
C:\Users\DELL Precision 5550\Documents\GitHub\Terrasight-Eurosat-RGB-vs-Multispectral\data\raw\multispectral\Industrial\Industrial_1567.tif,4,4,Industrial,Industrial,Industrial
C:\Users\DELL Precision 5550\Documents\GitHub\Terrasight-Eurosat-RGB-vs-Multispectral\data\raw\multispectral\HerbaceousVegetation\HerbaceousVegetation_1107.tif,2,2,HerbaceousVegetation,HerbaceousVegetation,HerbaceousVegetation
C:\Users\DELL Precision 5550\Documents\GitHub\Terrasight-Eurosat-RGB-vs-Multispectral\data\raw\multispectral\HerbaceousVegetation\HerbaceousVegetation_2582.tif,2,2,HerbaceousVegetation,HerbaceousVegetation,HerbaceousVegetation
C:\Users\DELL Precision 5550\Documents\GitHub\Terrasight-Eurosat-RGB-vs-Multispectral\data\raw\multispectral\Residential\Residential_2313.tif,7,7,Residential,Residential,Residential
C:\Users\DELL Precision 5550\Documents\GitHub\Terrasight-Eurosat-RGB-vs-Multispectral\data\raw\multispectral\Industrial\Industrial_2405.tif,4,4,Industrial,Industrial,Industrial
C:\Users\DELL Precision 5550\Documents\GitHub\Terrasight-Eurosat-RGB-vs-Multispectral\data\raw\multispectral\Residential\Residential_2087.tif,7,7,Residential,Residential,Residential
C:\Users\DELL Precision 5550\Documents\GitHub\Terrasight-Eurosat-RGB-vs-Multispectral\data\raw\multispectral\HerbaceousVegetation\HerbaceousVegetation_1646.tif,2,2,HerbaceousVegetation,HerbaceousVegetation,HerbaceousVegetation
C:\Users\DELL Precision 5550\Documents\GitHub\Terrasight-Eurosat-RGB-vs-Multispectral\data\raw\multispectral\HerbaceousVegetation\HerbaceousVegetation_873.tif,2,2,HerbaceousVegetation,HerbaceousVegetation,HerbaceousVegetation
C:\Users\DELL Precision 5550\Documents\GitHub\Terrasight-Eurosat-RGB-vs-Multispectral\data\raw\multispectral\HerbaceousVegetation\HerbaceousVegetation_2372.tif,2,2,HerbaceousVegetation,HerbaceousVegetation,HerbaceousVegetation
C:\Users\DELL Precision 5550\Documents\GitHub\Terrasight-Eurosat-RGB-vs-Multispectral\data\raw\multispectral\SeaLake\SeaLake_300.tif,9,9,SeaLake,SeaLake,SeaLake
C:\Users\DELL Precision 5550\Documents\GitHub\Terrasight-Eurosat-RGB-vs-Multispectral\data\raw\multispectral\AnnualCrop\AnnualCrop_1209.tif,0,0,AnnualCrop,AnnualCrop,AnnualCrop
C:\Users\DELL Precision 5550\Documents\GitHub\Terrasight-Eurosat-RGB-vs-Multispectral\data\raw\multispectral\Highway\Highway_565.tif,3,3,Highway,Highway,Highway
C:\Users\DELL Precision 5550\Documents\GitHub\Terrasight-Eurosat-RGB-vs-Multispectral\data\raw\multispectral\Forest\Forest_590.tif,1,1,Forest,Forest,Forest
C:\Users\DELL Precision 5550\Documents\GitHub\Terrasight-Eurosat-RGB-vs-Multispectral\data\raw\multispectral\Residential\Residential_2187.tif,7,7,Residential,Residential,Residential
C:\Users\DELL Precision 5550\Documents\GitHub\Terrasight-Eurosat-RGB-vs-Multispectral\data\raw\multispectral\PermanentCrop\PermanentCrop_205.tif,6,6,PermanentCrop,PermanentCrop,PermanentCrop
C:\Users\DELL Precision 5550\Documents\GitHub\Terrasight-Eurosat-RGB-vs-Multispectral\data\raw\multispectral\Forest\Forest_375.tif,1,1,Forest,Forest,Forest
C:\Users\DELL Precision 5550\Documents\GitHub\Terrasight-Eurosat-RGB-vs-Multispectral\data\raw\multispectral\PermanentCrop\PermanentCrop_267.tif,6,6,PermanentCrop,PermanentCrop,PermanentCrop
C:\Users\DELL Precision 5550\Documents\GitHub\Terrasight-Eurosat-RGB-vs-Multispectral\data\raw\multispectral\SeaLake\SeaLake_124.tif,9,9,SeaLake,SeaLake,SeaLake
C:\Users\DELL Precision 5550\Documents\GitHub\Terrasight-Eurosat-RGB-vs-Multispectral\data\raw\multispectral\Residential\Residential_66.tif,7,7,Residential,Residential,Residential
C:\Users\DELL Precision 5550\Documents\GitHub\Terrasight-Eurosat-RGB-vs-Multispectral\data\raw\multispectral\HerbaceousVegetation\HerbaceousVegetation_1820.tif,2,2,HerbaceousVegetation,HerbaceousVegetation,HerbaceousVegetation
C:\Users\DELL Precision 5550\Documents\GitHub\Terrasight-Eurosat-RGB-vs-Multispectral\data\raw\multispectral\HerbaceousVegetation\HerbaceousVegetation_2912.tif,2,2,HerbaceousVegetation,HerbaceousVegetation,HerbaceousVegetation
C:\Users\DELL Precision 5550\Documents\GitHub\Terrasight-Eurosat-RGB-vs-Multispectral\data\raw\multispectral\Forest\Forest_377.tif,1,1,Forest,Forest,Forest
C:\Users\DELL Precision 5550\Documents\GitHub\Terrasight-Eurosat-RGB-vs-Multispectral\data\raw\multispectral\Forest\Forest_1154.tif,1,1,Forest,Forest,Forest
C:\Users\DELL Precision 5550\Documents\GitHub\Terrasight-Eurosat-RGB-vs-Multispectral\data\raw\multispectral\River\River_1303.tif,8,8,River,River,River
C:\Users\DELL Precision 5550\Documents\GitHub\Terrasight-Eurosat-RGB-vs-Multispectral\data\raw\multispectral\Residential\Residential_1153.tif,7,7,Residential,Residential,Residential
C:\Users\DELL Precision 5550\Documents\GitHub\Terrasight-Eurosat-RGB-vs-Multispectral\data\raw\multispectral\Forest\Forest_730.tif,1,1,Forest,Forest,Forest
C:\Users\DELL Precision 5550\Documents\GitHub\Terrasight-Eurosat-RGB-vs-Multispectral\data\raw\multispectral\AnnualCrop\AnnualCrop_2643.tif,0,0,AnnualCrop,AnnualCrop,AnnualCrop
C:\Users\DELL Precision 5550\Documents\GitHub\Terrasight-Eurosat-RGB-vs-Multispectral\data\raw\multispectral\AnnualCrop\AnnualCrop_2329.tif,0,0,AnnualCrop,AnnualCrop,AnnualCrop
C:\Users\DELL Precision 5550\Documents\GitHub\Terrasight-Eurosat-RGB-vs-Multispectral\data\raw\multispectral\PermanentCrop\PermanentCrop_2230.tif,6,6,PermanentCrop,PermanentCrop,PermanentCrop
C:\Users\DELL Precision 5550\Documents\GitHub\Terrasight-Eurosat-RGB-vs-Multispectral\data\raw\multispectral\Residential\Residential_136.tif,7,7,Residential,Residential,Residential
C:\Users\DELL Precision 5550\Documents\GitHub\Terrasight-Eurosat-RGB-vs-Multispectral\data\raw\multispectral\SeaLake\SeaLake_1997.tif,9,9,SeaLake,SeaLake,SeaLake
C:\Users\DELL Precision 5550\Documents\GitHub\Terrasight-Eurosat-RGB-vs-Multispectral\data\raw\multispectral\Residential\Residential_743.tif,7,7,Residential,Residential,Residential
C:\Users\DELL Precision 5550\Documents\GitHub\Terrasight-Eurosat-RGB-vs-Multispectral\data\raw\multispectral\Residential\Residential_2183.tif,7,7,Residential,Residential,Residential
C:\Users\DELL Precision 5550\Documents\GitHub\Terrasight-Eurosat-RGB-vs-Multispectral\data\raw\multispectral\Pasture\Pasture_165.tif,5,5,Pasture,Pasture,Pasture
C:\Users\DELL Precision 5550\Documents\GitHub\Terrasight-Eurosat-RGB-vs-Multispectral\data\raw\multispectral\PermanentCrop\PermanentCrop_195.tif,6,6,PermanentCrop,PermanentCrop,PermanentCrop
C:\Users\DELL Precision 5550\Documents\GitHub\Terrasight-Eurosat-RGB-vs-Multispectral\data\raw\multispectral\Forest\Forest_2341.tif,1,1,Forest,Forest,Forest
C:\Users\DELL Precision 5550\Documents\GitHub\Terrasight-Eurosat-RGB-vs-Multispectral\data\raw\multispectral\Industrial\Industrial_1927.tif,4,4,Industrial,Industrial,Industrial
C:\Users\DELL Precision 5550\Documents\GitHub\Terrasight-Eurosat-RGB-vs-Multispectral\data\raw\multispectral\Forest\Forest_698.tif,1,1,Forest,Forest,Forest
C:\Users\DELL Precision 5550\Documents\GitHub\Terrasight-Eurosat-RGB-vs-Multispectral\data\raw\multispectral\SeaLake\SeaLake_884.tif,9,9,SeaLake,SeaLake,SeaLake
C:\Users\DELL Precision 5550\Documents\GitHub\Terrasight-Eurosat-RGB-vs-Multispectral\data\raw\multispectral\Pasture\Pasture_772.tif,5,5,Pasture,Pasture,Pasture
C:\Users\DELL Precision 5550\Documents\GitHub\Terrasight-Eurosat-RGB-vs-Multispectral\data\raw\multispectral\Residential\Residential_1736.tif,7,7,Residential,Residential,Residential
C:\Users\DELL Precision 5550\Documents\GitHub\Terrasight-Eurosat-RGB-vs-Multispectral\data\raw\multispectral\Industrial\Industrial_971.tif,4,4,Industrial,Industrial,Industrial
C:\Users\DELL Precision 5550\Documents\GitHub\Terrasight-Eurosat-RGB-vs-Multispectral\data\raw\multispectral\Highway\Highway_777.tif,3,3,Highway,Highway,Highway
C:\Users\DELL Precision 5550\Documents\GitHub\Terrasight-Eurosat-RGB-vs-Multispectral\data\raw\multispectral\Industrial\Industrial_942.tif,4,4,Industrial,Industrial,Industrial
C:\Users\DELL Precision 5550\Documents\GitHub\Terrasight-Eurosat-RGB-vs-Multispectral\data\raw\multispectral\HerbaceousVegetation\HerbaceousVegetation_1021.tif,2,2,HerbaceousVegetation,HerbaceousVegetation,HerbaceousVegetation
C:\Users\DELL Precision 5550\Documents\GitHub\Terrasight-Eurosat-RGB-vs-Multispectral\data\raw\multispectral\River\River_451.tif,8,8,River,River,River
C:\Users\DELL Precision 5550\Documents\GitHub\Terrasight-Eurosat-RGB-vs-Multispectral\data\raw\multispectral\Highway\Highway_1176.tif,3,3,Highway,Highway,Highway
C:\Users\DELL Precision 5550\Documents\GitHub\Terrasight-Eurosat-RGB-vs-Multispectral\data\raw\multispectral\HerbaceousVegetation\HerbaceousVegetation_852.tif,2,2,HerbaceousVegetation,HerbaceousVegetation,HerbaceousVegetation
C:\Users\DELL Precision 5550\Documents\GitHub\Terrasight-Eurosat-RGB-vs-Multispectral\data\raw\multispectral\AnnualCrop\AnnualCrop_1697.tif,0,0,AnnualCrop,AnnualCrop,AnnualCrop
C:\Users\DELL Precision 5550\Documents\GitHub\Terrasight-Eurosat-RGB-vs-Multispectral\data\raw\multispectral\River\River_2436.tif,8,8,River,River,River
C:\Users\DELL Precision 5550\Documents\GitHub\Terrasight-Eurosat-RGB-vs-Multispectral\data\raw\multispectral\River\River_2177.tif,8,9,River,SeaLake,River
C:\Users\DELL Precision 5550\Documents\GitHub\Terrasight-Eurosat-RGB-vs-Multispectral\data\raw\multispectral\SeaLake\SeaLake_2931.tif,9,9,SeaLake,SeaLake,SeaLake
C:\Users\DELL Precision 5550\Documents\GitHub\Terrasight-Eurosat-RGB-vs-Multispectral\data\raw\multispectral\SeaLake\SeaLake_2739.tif,9,9,SeaLake,SeaLake,SeaLake
C:\Users\DELL Precision 5550\Documents\GitHub\Terrasight-Eurosat-RGB-vs-Multispectral\data\raw\multispectral\AnnualCrop\AnnualCrop_247.tif,0,0,AnnualCrop,AnnualCrop,AnnualCrop
C:\Users\DELL Precision 5550\Documents\GitHub\Terrasight-Eurosat-RGB-vs-Multispectral\data\raw\multispectral\Forest\Forest_2618.tif,1,1,Forest,Forest,Forest
C:\Users\DELL Precision 5550\Documents\GitHub\Terrasight-Eurosat-RGB-vs-Multispectral\data\raw\multispectral\Residential\Residential_696.tif,7,7,Residential,Residential,Residential
C:\Users\DELL Precision 5550\Documents\GitHub\Terrasight-Eurosat-RGB-vs-Multispectral\data\raw\multispectral\Residential\Residential_1833.tif,7,7,Residential,Residential,Residential
C:\Users\DELL Precision 5550\Documents\GitHub\Terrasight-Eurosat-RGB-vs-Multispectral\data\raw\multispectral\Forest\Forest_815.tif,1,1,Forest,Forest,Forest
C:\Users\DELL Precision 5550\Documents\GitHub\Terrasight-Eurosat-RGB-vs-Multispectral\data\raw\multispectral\HerbaceousVegetation\HerbaceousVegetation_1525.tif,2,2,HerbaceousVegetation,HerbaceousVegetation,HerbaceousVegetation
C:\Users\DELL Precision 5550\Documents\GitHub\Terrasight-Eurosat-RGB-vs-Multispectral\data\raw\multispectral\Pasture\Pasture_891.tif,5,5,Pasture,Pasture,Pasture
C:\Users\DELL Precision 5550\Documents\GitHub\Terrasight-Eurosat-RGB-vs-Multispectral\data\raw\multispectral\AnnualCrop\AnnualCrop_867.tif,0,0,AnnualCrop,AnnualCrop,AnnualCrop
C:\Users\DELL Precision 5550\Documents\GitHub\Terrasight-Eurosat-RGB-vs-Multispectral\data\raw\multispectral\Forest\Forest_2508.tif,1,1,Forest,Forest,Forest
C:\Users\DELL Precision 5550\Documents\GitHub\Terrasight-Eurosat-RGB-vs-Multispectral\data\raw\multispectral\Residential\Residential_2300.tif,7,7,Residential,Residential,Residential
C:\Users\DELL Precision 5550\Documents\GitHub\Terrasight-Eurosat-RGB-vs-Multispectral\data\raw\multispectral\AnnualCrop\AnnualCrop_502.tif,0,0,AnnualCrop,AnnualCrop,AnnualCrop
C:\Users\DELL Precision 5550\Documents\GitHub\Terrasight-Eurosat-RGB-vs-Multispectral\data\raw\multispectral\Industrial\Industrial_1215.tif,4,4,Industrial,Industrial,Industrial
C:\Users\DELL Precision 5550\Documents\GitHub\Terrasight-Eurosat-RGB-vs-Multispectral\data\raw\multispectral\Pasture\Pasture_1294.tif,5,5,Pasture,Pasture,Pasture
C:\Users\DELL Precision 5550\Documents\GitHub\Terrasight-Eurosat-RGB-vs-Multispectral\data\raw\multispectral\HerbaceousVegetation\HerbaceousVegetation_1168.tif,2,2,HerbaceousVegetation,HerbaceousVegetation,HerbaceousVegetation
C:\Users\DELL Precision 5550\Documents\GitHub\Terrasight-Eurosat-RGB-vs-Multispectral\data\raw\multispectral\Residential\Residential_2835.tif,7,7,Residential,Residential,Residential
C:\Users\DELL Precision 5550\Documents\GitHub\Terrasight-Eurosat-RGB-vs-Multispectral\data\raw\multispectral\Residential\Residential_723.tif,7,7,Residential,Residential,Residential
C:\Users\DELL Precision 5550\Documents\GitHub\Terrasight-Eurosat-RGB-vs-Multispectral\data\raw\multispectral\SeaLake\SeaLake_1438.tif,9,9,SeaLake,SeaLake,SeaLake
C:\Users\DELL Precision 5550\Documents\GitHub\Terrasight-Eurosat-RGB-vs-Multispectral\data\raw\multispectral\Forest\Forest_2257.tif,1,1,Forest,Forest,Forest
C:\Users\DELL Precision 5550\Documents\GitHub\Terrasight-Eurosat-RGB-vs-Multispectral\data\raw\multispectral\AnnualCrop\AnnualCrop_1215.tif,0,0,AnnualCrop,AnnualCrop,AnnualCrop
C:\Users\DELL Precision 5550\Documents\GitHub\Terrasight-Eurosat-RGB-vs-Multispectral\data\raw\multispectral\Industrial\Industrial_531.tif,4,4,Industrial,Industrial,Industrial
C:\Users\DELL Precision 5550\Documents\GitHub\Terrasight-Eurosat-RGB-vs-Multispectral\data\raw\multispectral\Pasture\Pasture_264.tif,5,5,Pasture,Pasture,Pasture
C:\Users\DELL Precision 5550\Documents\GitHub\Terrasight-Eurosat-RGB-vs-Multispectral\data\raw\multispectral\Forest\Forest_1652.tif,1,1,Forest,Forest,Forest
C:\Users\DELL Precision 5550\Documents\GitHub\Terrasight-Eurosat-RGB-vs-Multispectral\data\raw\multispectral\Forest\Forest_430.tif,1,2,Forest,HerbaceousVegetation,Forest
C:\Users\DELL Precision 5550\Documents\GitHub\Terrasight-Eurosat-RGB-vs-Multispectral\data\raw\multispectral\HerbaceousVegetation\HerbaceousVegetation_2061.tif,2,2,HerbaceousVegetation,HerbaceousVegetation,HerbaceousVegetation
C:\Users\DELL Precision 5550\Documents\GitHub\Terrasight-Eurosat-RGB-vs-Multispectral\data\raw\multispectral\Forest\Forest_627.tif,1,1,Forest,Forest,Forest
C:\Users\DELL Precision 5550\Documents\GitHub\Terrasight-Eurosat-RGB-vs-Multispectral\data\raw\multispectral\HerbaceousVegetation\HerbaceousVegetation_399.tif,2,2,HerbaceousVegetation,HerbaceousVegetation,HerbaceousVegetation
C:\Users\DELL Precision 5550\Documents\GitHub\Terrasight-Eurosat-RGB-vs-Multispectral\data\raw\multispectral\Industrial\Industrial_549.tif,4,4,Industrial,Industrial,Industrial
C:\Users\DELL Precision 5550\Documents\GitHub\Terrasight-Eurosat-RGB-vs-Multispectral\data\raw\multispectral\SeaLake\SeaLake_69.tif,9,9,SeaLake,SeaLake,SeaLake
C:\Users\DELL Precision 5550\Documents\GitHub\Terrasight-Eurosat-RGB-vs-Multispectral\data\raw\multispectral\PermanentCrop\PermanentCrop_2073.tif,6,6,PermanentCrop,PermanentCrop,PermanentCrop
C:\Users\DELL Precision 5550\Documents\GitHub\Terrasight-Eurosat-RGB-vs-Multispectral\data\raw\multispectral\SeaLake\SeaLake_590.tif,9,9,SeaLake,SeaLake,SeaLake
C:\Users\DELL Precision 5550\Documents\GitHub\Terrasight-Eurosat-RGB-vs-Multispectral\data\raw\multispectral\AnnualCrop\AnnualCrop_2341.tif,0,0,AnnualCrop,AnnualCrop,AnnualCrop
C:\Users\DELL Precision 5550\Documents\GitHub\Terrasight-Eurosat-RGB-vs-Multispectral\data\raw\multispectral\Residential\Residential_2129.tif,7,7,Residential,Residential,Residential
C:\Users\DELL Precision 5550\Documents\GitHub\Terrasight-Eurosat-RGB-vs-Multispectral\data\raw\multispectral\River\River_342.tif,8,8,River,River,River
C:\Users\DELL Precision 5550\Documents\GitHub\Terrasight-Eurosat-RGB-vs-Multispectral\data\raw\multispectral\River\River_1712.tif,8,8,River,River,River
C:\Users\DELL Precision 5550\Documents\GitHub\Terrasight-Eurosat-RGB-vs-Multispectral\data\raw\multispectral\Residential\Residential_839.tif,7,7,Residential,Residential,Residential
C:\Users\DELL Precision 5550\Documents\GitHub\Terrasight-Eurosat-RGB-vs-Multispectral\data\raw\multispectral\AnnualCrop\AnnualCrop_390.tif,0,0,AnnualCrop,AnnualCrop,AnnualCrop
C:\Users\DELL Precision 5550\Documents\GitHub\Terrasight-Eurosat-RGB-vs-Multispectral\data\raw\multispectral\SeaLake\SeaLake_2631.tif,9,9,SeaLake,SeaLake,SeaLake
C:\Users\DELL Precision 5550\Documents\GitHub\Terrasight-Eurosat-RGB-vs-Multispectral\data\raw\multispectral\SeaLake\SeaLake_2974.tif,9,9,SeaLake,SeaLake,SeaLake
C:\Users\DELL Precision 5550\Documents\GitHub\Terrasight-Eurosat-RGB-vs-Multispectral\data\raw\multispectral\River\River_1553.tif,8,8,River,River,River
C:\Users\DELL Precision 5550\Documents\GitHub\Terrasight-Eurosat-RGB-vs-Multispectral\data\raw\multispectral\Forest\Forest_2316.tif,1,1,Forest,Forest,Forest
C:\Users\DELL Precision 5550\Documents\GitHub\Terrasight-Eurosat-RGB-vs-Multispectral\data\raw\multispectral\PermanentCrop\PermanentCrop_1704.tif,6,6,PermanentCrop,PermanentCrop,PermanentCrop
C:\Users\DELL Precision 5550\Documents\GitHub\Terrasight-Eurosat-RGB-vs-Multispectral\data\raw\multispectral\River\River_2121.tif,8,8,River,River,River
C:\Users\DELL Precision 5550\Documents\GitHub\Terrasight-Eurosat-RGB-vs-Multispectral\data\raw\multispectral\Industrial\Industrial_1969.tif,4,4,Industrial,Industrial,Industrial
C:\Users\DELL Precision 5550\Documents\GitHub\Terrasight-Eurosat-RGB-vs-Multispectral\data\raw\multispectral\Forest\Forest_2909.tif,1,1,Forest,Forest,Forest
C:\Users\DELL Precision 5550\Documents\GitHub\Terrasight-Eurosat-RGB-vs-Multispectral\data\raw\multispectral\PermanentCrop\PermanentCrop_742.tif,6,6,PermanentCrop,PermanentCrop,PermanentCrop
C:\Users\DELL Precision 5550\Documents\GitHub\Terrasight-Eurosat-RGB-vs-Multispectral\data\raw\multispectral\HerbaceousVegetation\HerbaceousVegetation_857.tif,2,2,HerbaceousVegetation,HerbaceousVegetation,HerbaceousVegetation
C:\Users\DELL Precision 5550\Documents\GitHub\Terrasight-Eurosat-RGB-vs-Multispectral\data\raw\multispectral\SeaLake\SeaLake_2019.tif,9,9,SeaLake,SeaLake,SeaLake
C:\Users\DELL Precision 5550\Documents\GitHub\Terrasight-Eurosat-RGB-vs-Multispectral\data\raw\multispectral\Highway\Highway_849.tif,3,3,Highway,Highway,Highway
C:\Users\DELL Precision 5550\Documents\GitHub\Terrasight-Eurosat-RGB-vs-Multispectral\data\raw\multispectral\Industrial\Industrial_1630.tif,4,4,Industrial,Industrial,Industrial
C:\Users\DELL Precision 5550\Documents\GitHub\Terrasight-Eurosat-RGB-vs-Multispectral\data\raw\multispectral\Forest\Forest_221.tif,1,1,Forest,Forest,Forest
C:\Users\DELL Precision 5550\Documents\GitHub\Terrasight-Eurosat-RGB-vs-Multispectral\data\raw\multispectral\HerbaceousVegetation\HerbaceousVegetation_2004.tif,2,2,HerbaceousVegetation,HerbaceousVegetation,HerbaceousVegetation
C:\Users\DELL Precision 5550\Documents\GitHub\Terrasight-Eurosat-RGB-vs-Multispectral\data\raw\multispectral\HerbaceousVegetation\HerbaceousVegetation_1545.tif,2,2,HerbaceousVegetation,HerbaceousVegetation,HerbaceousVegetation
C:\Users\DELL Precision 5550\Documents\GitHub\Terrasight-Eurosat-RGB-vs-Multispectral\data\raw\multispectral\River\River_2345.tif,8,8,River,River,River
C:\Users\DELL Precision 5550\Documents\GitHub\Terrasight-Eurosat-RGB-vs-Multispectral\data\raw\multispectral\AnnualCrop\AnnualCrop_81.tif,0,0,AnnualCrop,AnnualCrop,AnnualCrop
C:\Users\DELL Precision 5550\Documents\GitHub\Terrasight-Eurosat-RGB-vs-Multispectral\data\raw\multispectral\Forest\Forest_799.tif,1,1,Forest,Forest,Forest
C:\Users\DELL Precision 5550\Documents\GitHub\Terrasight-Eurosat-RGB-vs-Multispectral\data\raw\multispectral\River\River_2273.tif,8,8,River,River,River
C:\Users\DELL Precision 5550\Documents\GitHub\Terrasight-Eurosat-RGB-vs-Multispectral\data\raw\multispectral\River\River_647.tif,8,8,River,River,River
C:\Users\DELL Precision 5550\Documents\GitHub\Terrasight-Eurosat-RGB-vs-Multispectral\data\raw\multispectral\Pasture\Pasture_710.tif,5,5,Pasture,Pasture,Pasture
C:\Users\DELL Precision 5550\Documents\GitHub\Terrasight-Eurosat-RGB-vs-Multispectral\data\raw\multispectral\Pasture\Pasture_1149.tif,5,5,Pasture,Pasture,Pasture
C:\Users\DELL Precision 5550\Documents\GitHub\Terrasight-Eurosat-RGB-vs-Multispectral\data\raw\multispectral\Pasture\Pasture_1582.tif,5,5,Pasture,Pasture,Pasture
C:\Users\DELL Precision 5550\Documents\GitHub\Terrasight-Eurosat-RGB-vs-Multispectral\data\raw\multispectral\SeaLake\SeaLake_490.tif,9,9,SeaLake,SeaLake,SeaLake
C:\Users\DELL Precision 5550\Documents\GitHub\Terrasight-Eurosat-RGB-vs-Multispectral\data\raw\multispectral\Industrial\Industrial_1501.tif,4,4,Industrial,Industrial,Industrial
C:\Users\DELL Precision 5550\Documents\GitHub\Terrasight-Eurosat-RGB-vs-Multispectral\data\raw\multispectral\Highway\Highway_822.tif,3,3,Highway,Highway,Highway
C:\Users\DELL Precision 5550\Documents\GitHub\Terrasight-Eurosat-RGB-vs-Multispectral\data\raw\multispectral\Forest\Forest_692.tif,1,1,Forest,Forest,Forest
C:\Users\DELL Precision 5550\Documents\GitHub\Terrasight-Eurosat-RGB-vs-Multispectral\data\raw\multispectral\PermanentCrop\PermanentCrop_1229.tif,6,6,PermanentCrop,PermanentCrop,PermanentCrop
C:\Users\DELL Precision 5550\Documents\GitHub\Terrasight-Eurosat-RGB-vs-Multispectral\data\raw\multispectral\River\River_167.tif,8,8,River,River,River
C:\Users\DELL Precision 5550\Documents\GitHub\Terrasight-Eurosat-RGB-vs-Multispectral\data\raw\multispectral\River\River_602.tif,8,8,River,River,River
C:\Users\DELL Precision 5550\Documents\GitHub\Terrasight-Eurosat-RGB-vs-Multispectral\data\raw\multispectral\Residential\Residential_2738.tif,7,7,Residential,Residential,Residential
C:\Users\DELL Precision 5550\Documents\GitHub\Terrasight-Eurosat-RGB-vs-Multispectral\data\raw\multispectral\Residential\Residential_2942.tif,7,7,Residential,Residential,Residential
C:\Users\DELL Precision 5550\Documents\GitHub\Terrasight-Eurosat-RGB-vs-Multispectral\data\raw\multispectral\Pasture\Pasture_1713.tif,5,5,Pasture,Pasture,Pasture
C:\Users\DELL Precision 5550\Documents\GitHub\Terrasight-Eurosat-RGB-vs-Multispectral\data\raw\multispectral\AnnualCrop\AnnualCrop_1032.tif,0,0,AnnualCrop,AnnualCrop,AnnualCrop
C:\Users\DELL Precision 5550\Documents\GitHub\Terrasight-Eurosat-RGB-vs-Multispectral\data\raw\multispectral\Pasture\Pasture_1954.tif,5,5,Pasture,Pasture,Pasture
C:\Users\DELL Precision 5550\Documents\GitHub\Terrasight-Eurosat-RGB-vs-Multispectral\data\raw\multispectral\Forest\Forest_537.tif,1,1,Forest,Forest,Forest
C:\Users\DELL Precision 5550\Documents\GitHub\Terrasight-Eurosat-RGB-vs-Multispectral\data\raw\multispectral\HerbaceousVegetation\HerbaceousVegetation_294.tif,2,6,HerbaceousVegetation,PermanentCrop,HerbaceousVegetation
C:\Users\DELL Precision 5550\Documents\GitHub\Terrasight-Eurosat-RGB-vs-Multispectral\data\raw\multispectral\River\River_297.tif,8,8,River,River,River
C:\Users\DELL Precision 5550\Documents\GitHub\Terrasight-Eurosat-RGB-vs-Multispectral\data\raw\multispectral\SeaLake\SeaLake_2673.tif,9,9,SeaLake,SeaLake,SeaLake
C:\Users\DELL Precision 5550\Documents\GitHub\Terrasight-Eurosat-RGB-vs-Multispectral\data\raw\multispectral\Residential\Residential_1077.tif,7,7,Residential,Residential,Residential
C:\Users\DELL Precision 5550\Documents\GitHub\Terrasight-Eurosat-RGB-vs-Multispectral\data\raw\multispectral\Forest\Forest_1814.tif,1,1,Forest,Forest,Forest
C:\Users\DELL Precision 5550\Documents\GitHub\Terrasight-Eurosat-RGB-vs-Multispectral\data\raw\multispectral\SeaLake\SeaLake_1538.tif,9,9,SeaLake,SeaLake,SeaLake
C:\Users\DELL Precision 5550\Documents\GitHub\Terrasight-Eurosat-RGB-vs-Multispectral\data\raw\multispectral\PermanentCrop\PermanentCrop_2291.tif,6,6,PermanentCrop,PermanentCrop,PermanentCrop
C:\Users\DELL Precision 5550\Documents\GitHub\Terrasight-Eurosat-RGB-vs-Multispectral\data\raw\multispectral\HerbaceousVegetation\HerbaceousVegetation_620.tif,2,2,HerbaceousVegetation,HerbaceousVegetation,HerbaceousVegetation
C:\Users\DELL Precision 5550\Documents\GitHub\Terrasight-Eurosat-RGB-vs-Multispectral\data\raw\multispectral\AnnualCrop\AnnualCrop_1858.tif,0,0,AnnualCrop,AnnualCrop,AnnualCrop
C:\Users\DELL Precision 5550\Documents\GitHub\Terrasight-Eurosat-RGB-vs-Multispectral\data\raw\multispectral\Pasture\Pasture_886.tif,5,5,Pasture,Pasture,Pasture
C:\Users\DELL Precision 5550\Documents\GitHub\Terrasight-Eurosat-RGB-vs-Multispectral\data\raw\multispectral\HerbaceousVegetation\HerbaceousVegetation_245.tif,2,2,HerbaceousVegetation,HerbaceousVegetation,HerbaceousVegetation
C:\Users\DELL Precision 5550\Documents\GitHub\Terrasight-Eurosat-RGB-vs-Multispectral\data\raw\multispectral\PermanentCrop\PermanentCrop_1843.tif,6,7,PermanentCrop,Residential,PermanentCrop
C:\Users\DELL Precision 5550\Documents\GitHub\Terrasight-Eurosat-RGB-vs-Multispectral\data\raw\multispectral\Residential\Residential_630.tif,7,7,Residential,Residential,Residential
C:\Users\DELL Precision 5550\Documents\GitHub\Terrasight-Eurosat-RGB-vs-Multispectral\data\raw\multispectral\AnnualCrop\AnnualCrop_2385.tif,0,6,AnnualCrop,PermanentCrop,AnnualCrop
C:\Users\DELL Precision 5550\Documents\GitHub\Terrasight-Eurosat-RGB-vs-Multispectral\data\raw\multispectral\River\River_867.tif,8,8,River,River,River
C:\Users\DELL Precision 5550\Documents\GitHub\Terrasight-Eurosat-RGB-vs-Multispectral\data\raw\multispectral\HerbaceousVegetation\HerbaceousVegetation_2786.tif,2,2,HerbaceousVegetation,HerbaceousVegetation,HerbaceousVegetation
C:\Users\DELL Precision 5550\Documents\GitHub\Terrasight-Eurosat-RGB-vs-Multispectral\data\raw\multispectral\PermanentCrop\PermanentCrop_292.tif,6,6,PermanentCrop,PermanentCrop,PermanentCrop
C:\Users\DELL Precision 5550\Documents\GitHub\Terrasight-Eurosat-RGB-vs-Multispectral\data\raw\multispectral\Residential\Residential_886.tif,7,7,Residential,Residential,Residential
C:\Users\DELL Precision 5550\Documents\GitHub\Terrasight-Eurosat-RGB-vs-Multispectral\data\raw\multispectral\Forest\Forest_2407.tif,1,1,Forest,Forest,Forest
C:\Users\DELL Precision 5550\Documents\GitHub\Terrasight-Eurosat-RGB-vs-Multispectral\data\raw\multispectral\HerbaceousVegetation\HerbaceousVegetation_1508.tif,2,2,HerbaceousVegetation,HerbaceousVegetation,HerbaceousVegetation
C:\Users\DELL Precision 5550\Documents\GitHub\Terrasight-Eurosat-RGB-vs-Multispectral\data\raw\multispectral\River\River_2306.tif,8,8,River,River,River
C:\Users\DELL Precision 5550\Documents\GitHub\Terrasight-Eurosat-RGB-vs-Multispectral\data\raw\multispectral\Residential\Residential_76.tif,7,7,Residential,Residential,Residential
C:\Users\DELL Precision 5550\Documents\GitHub\Terrasight-Eurosat-RGB-vs-Multispectral\data\raw\multispectral\AnnualCrop\AnnualCrop_1788.tif,0,0,AnnualCrop,AnnualCrop,AnnualCrop
C:\Users\DELL Precision 5550\Documents\GitHub\Terrasight-Eurosat-RGB-vs-Multispectral\data\raw\multispectral\Forest\Forest_1255.tif,1,1,Forest,Forest,Forest
C:\Users\DELL Precision 5550\Documents\GitHub\Terrasight-Eurosat-RGB-vs-Multispectral\data\raw\multispectral\SeaLake\SeaLake_2435.tif,9,2,SeaLake,HerbaceousVegetation,SeaLake
C:\Users\DELL Precision 5550\Documents\GitHub\Terrasight-Eurosat-RGB-vs-Multispectral\data\raw\multispectral\PermanentCrop\PermanentCrop_300.tif,6,6,PermanentCrop,PermanentCrop,PermanentCrop
C:\Users\DELL Precision 5550\Documents\GitHub\Terrasight-Eurosat-RGB-vs-Multispectral\data\raw\multispectral\AnnualCrop\AnnualCrop_1631.tif,0,0,AnnualCrop,AnnualCrop,AnnualCrop
C:\Users\DELL Precision 5550\Documents\GitHub\Terrasight-Eurosat-RGB-vs-Multispectral\data\raw\multispectral\Highway\Highway_2429.tif,3,3,Highway,Highway,Highway
C:\Users\DELL Precision 5550\Documents\GitHub\Terrasight-Eurosat-RGB-vs-Multispectral\data\raw\multispectral\SeaLake\SeaLake_2772.tif,9,9,SeaLake,SeaLake,SeaLake
C:\Users\DELL Precision 5550\Documents\GitHub\Terrasight-Eurosat-RGB-vs-Multispectral\data\raw\multispectral\AnnualCrop\AnnualCrop_1665.tif,0,0,AnnualCrop,AnnualCrop,AnnualCrop
C:\Users\DELL Precision 5550\Documents\GitHub\Terrasight-Eurosat-RGB-vs-Multispectral\data\raw\multispectral\Industrial\Industrial_2227.tif,4,4,Industrial,Industrial,Industrial
C:\Users\DELL Precision 5550\Documents\GitHub\Terrasight-Eurosat-RGB-vs-Multispectral\data\raw\multispectral\Highway\Highway_2014.tif,3,3,Highway,Highway,Highway
C:\Users\DELL Precision 5550\Documents\GitHub\Terrasight-Eurosat-RGB-vs-Multispectral\data\raw\multispectral\Forest\Forest_546.tif,1,1,Forest,Forest,Forest
C:\Users\DELL Precision 5550\Documents\GitHub\Terrasight-Eurosat-RGB-vs-Multispectral\data\raw\multispectral\HerbaceousVegetation\HerbaceousVegetation_1965.tif,2,2,HerbaceousVegetation,HerbaceousVegetation,HerbaceousVegetation
C:\Users\DELL Precision 5550\Documents\GitHub\Terrasight-Eurosat-RGB-vs-Multispectral\data\raw\multispectral\Highway\Highway_1984.tif,3,3,Highway,Highway,Highway
C:\Users\DELL Precision 5550\Documents\GitHub\Terrasight-Eurosat-RGB-vs-Multispectral\data\raw\multispectral\Forest\Forest_2294.tif,1,1,Forest,Forest,Forest
C:\Users\DELL Precision 5550\Documents\GitHub\Terrasight-Eurosat-RGB-vs-Multispectral\data\raw\multispectral\Highway\Highway_2196.tif,3,3,Highway,Highway,Highway
C:\Users\DELL Precision 5550\Documents\GitHub\Terrasight-Eurosat-RGB-vs-Multispectral\data\raw\multispectral\SeaLake\SeaLake_2571.tif,9,9,SeaLake,SeaLake,SeaLake
C:\Users\DELL Precision 5550\Documents\GitHub\Terrasight-Eurosat-RGB-vs-Multispectral\data\raw\multispectral\AnnualCrop\AnnualCrop_118.tif,0,0,AnnualCrop,AnnualCrop,AnnualCrop
C:\Users\DELL Precision 5550\Documents\GitHub\Terrasight-Eurosat-RGB-vs-Multispectral\data\raw\multispectral\PermanentCrop\PermanentCrop_1514.tif,6,6,PermanentCrop,PermanentCrop,PermanentCrop
C:\Users\DELL Precision 5550\Documents\GitHub\Terrasight-Eurosat-RGB-vs-Multispectral\data\raw\multispectral\Forest\Forest_2536.tif,1,1,Forest,Forest,Forest
C:\Users\DELL Precision 5550\Documents\GitHub\Terrasight-Eurosat-RGB-vs-Multispectral\data\raw\multispectral\Pasture\Pasture_1557.tif,5,5,Pasture,Pasture,Pasture
C:\Users\DELL Precision 5550\Documents\GitHub\Terrasight-Eurosat-RGB-vs-Multispectral\data\raw\multispectral\Pasture\Pasture_1940.tif,5,5,Pasture,Pasture,Pasture
C:\Users\DELL Precision 5550\Documents\GitHub\Terrasight-Eurosat-RGB-vs-Multispectral\data\raw\multispectral\Forest\Forest_2060.tif,1,1,Forest,Forest,Forest
C:\Users\DELL Precision 5550\Documents\GitHub\Terrasight-Eurosat-RGB-vs-Multispectral\data\raw\multispectral\Highway\Highway_894.tif,3,3,Highway,Highway,Highway
C:\Users\DELL Precision 5550\Documents\GitHub\Terrasight-Eurosat-RGB-vs-Multispectral\data\raw\multispectral\Forest\Forest_2458.tif,1,1,Forest,Forest,Forest
C:\Users\DELL Precision 5550\Documents\GitHub\Terrasight-Eurosat-RGB-vs-Multispectral\data\raw\multispectral\Highway\Highway_65.tif,3,3,Highway,Highway,Highway
C:\Users\DELL Precision 5550\Documents\GitHub\Terrasight-Eurosat-RGB-vs-Multispectral\data\raw\multispectral\HerbaceousVegetation\HerbaceousVegetation_2561.tif,2,2,HerbaceousVegetation,HerbaceousVegetation,HerbaceousVegetation
C:\Users\DELL Precision 5550\Documents\GitHub\Terrasight-Eurosat-RGB-vs-Multispectral\data\raw\multispectral\AnnualCrop\AnnualCrop_1515.tif,0,0,AnnualCrop,AnnualCrop,AnnualCrop
C:\Users\DELL Precision 5550\Documents\GitHub\Terrasight-Eurosat-RGB-vs-Multispectral\data\raw\multispectral\River\River_2475.tif,8,8,River,River,River
C:\Users\DELL Precision 5550\Documents\GitHub\Terrasight-Eurosat-RGB-vs-Multispectral\data\raw\multispectral\Residential\Residential_1344.tif,7,7,Residential,Residential,Residential
C:\Users\DELL Precision 5550\Documents\GitHub\Terrasight-Eurosat-RGB-vs-Multispectral\data\raw\multispectral\Residential\Residential_2426.tif,7,7,Residential,Residential,Residential
C:\Users\DELL Precision 5550\Documents\GitHub\Terrasight-Eurosat-RGB-vs-Multispectral\data\raw\multispectral\HerbaceousVegetation\HerbaceousVegetation_1048.tif,2,2,HerbaceousVegetation,HerbaceousVegetation,HerbaceousVegetation
C:\Users\DELL Precision 5550\Documents\GitHub\Terrasight-Eurosat-RGB-vs-Multispectral\data\raw\multispectral\AnnualCrop\AnnualCrop_425.tif,0,0,AnnualCrop,AnnualCrop,AnnualCrop
C:\Users\DELL Precision 5550\Documents\GitHub\Terrasight-Eurosat-RGB-vs-Multispectral\data\raw\multispectral\Residential\Residential_2165.tif,7,7,Residential,Residential,Residential
C:\Users\DELL Precision 5550\Documents\GitHub\Terrasight-Eurosat-RGB-vs-Multispectral\data\raw\multispectral\River\River_1335.tif,8,8,River,River,River
C:\Users\DELL Precision 5550\Documents\GitHub\Terrasight-Eurosat-RGB-vs-Multispectral\data\raw\multispectral\HerbaceousVegetation\HerbaceousVegetation_2670.tif,2,2,HerbaceousVegetation,HerbaceousVegetation,HerbaceousVegetation
C:\Users\DELL Precision 5550\Documents\GitHub\Terrasight-Eurosat-RGB-vs-Multispectral\data\raw\multispectral\HerbaceousVegetation\HerbaceousVegetation_2098.tif,2,2,HerbaceousVegetation,HerbaceousVegetation,HerbaceousVegetation
C:\Users\DELL Precision 5550\Documents\GitHub\Terrasight-Eurosat-RGB-vs-Multispectral\data\raw\multispectral\River\River_858.tif,8,8,River,River,River
C:\Users\DELL Precision 5550\Documents\GitHub\Terrasight-Eurosat-RGB-vs-Multispectral\data\raw\multispectral\Pasture\Pasture_380.tif,5,5,Pasture,Pasture,Pasture
C:\Users\DELL Precision 5550\Documents\GitHub\Terrasight-Eurosat-RGB-vs-Multispectral\data\raw\multispectral\Industrial\Industrial_1020.tif,4,4,Industrial,Industrial,Industrial
C:\Users\DELL Precision 5550\Documents\GitHub\Terrasight-Eurosat-RGB-vs-Multispectral\data\raw\multispectral\PermanentCrop\PermanentCrop_489.tif,6,6,PermanentCrop,PermanentCrop,PermanentCrop
C:\Users\DELL Precision 5550\Documents\GitHub\Terrasight-Eurosat-RGB-vs-Multispectral\data\raw\multispectral\Industrial\Industrial_1853.tif,4,4,Industrial,Industrial,Industrial
C:\Users\DELL Precision 5550\Documents\GitHub\Terrasight-Eurosat-RGB-vs-Multispectral\data\raw\multispectral\HerbaceousVegetation\HerbaceousVegetation_722.tif,2,2,HerbaceousVegetation,HerbaceousVegetation,HerbaceousVegetation
C:\Users\DELL Precision 5550\Documents\GitHub\Terrasight-Eurosat-RGB-vs-Multispectral\data\raw\multispectral\Residential\Residential_885.tif,7,7,Residential,Residential,Residential
C:\Users\DELL Precision 5550\Documents\GitHub\Terrasight-Eurosat-RGB-vs-Multispectral\data\raw\multispectral\Industrial\Industrial_306.tif,4,4,Industrial,Industrial,Industrial
C:\Users\DELL Precision 5550\Documents\GitHub\Terrasight-Eurosat-RGB-vs-Multispectral\data\raw\multispectral\Industrial\Industrial_1021.tif,4,4,Industrial,Industrial,Industrial
C:\Users\DELL Precision 5550\Documents\GitHub\Terrasight-Eurosat-RGB-vs-Multispectral\data\raw\multispectral\PermanentCrop\PermanentCrop_2215.tif,6,6,PermanentCrop,PermanentCrop,PermanentCrop
C:\Users\DELL Precision 5550\Documents\GitHub\Terrasight-Eurosat-RGB-vs-Multispectral\data\raw\multispectral\PermanentCrop\PermanentCrop_1899.tif,6,2,PermanentCrop,HerbaceousVegetation,PermanentCrop
C:\Users\DELL Precision 5550\Documents\GitHub\Terrasight-Eurosat-RGB-vs-Multispectral\data\raw\multispectral\PermanentCrop\PermanentCrop_1303.tif,6,6,PermanentCrop,PermanentCrop,PermanentCrop
C:\Users\DELL Precision 5550\Documents\GitHub\Terrasight-Eurosat-RGB-vs-Multispectral\data\raw\multispectral\SeaLake\SeaLake_2832.tif,9,9,SeaLake,SeaLake,SeaLake
C:\Users\DELL Precision 5550\Documents\GitHub\Terrasight-Eurosat-RGB-vs-Multispectral\data\raw\multispectral\Highway\Highway_389.tif,3,3,Highway,Highway,Highway
C:\Users\DELL Precision 5550\Documents\GitHub\Terrasight-Eurosat-RGB-vs-Multispectral\data\raw\multispectral\Residential\Residential_964.tif,7,7,Residential,Residential,Residential
C:\Users\DELL Precision 5550\Documents\GitHub\Terrasight-Eurosat-RGB-vs-Multispectral\data\raw\multispectral\Residential\Residential_619.tif,7,7,Residential,Residential,Residential
C:\Users\DELL Precision 5550\Documents\GitHub\Terrasight-Eurosat-RGB-vs-Multispectral\data\raw\multispectral\SeaLake\SeaLake_2864.tif,9,9,SeaLake,SeaLake,SeaLake
C:\Users\DELL Precision 5550\Documents\GitHub\Terrasight-Eurosat-RGB-vs-Multispectral\data\raw\multispectral\Forest\Forest_620.tif,1,1,Forest,Forest,Forest
C:\Users\DELL Precision 5550\Documents\GitHub\Terrasight-Eurosat-RGB-vs-Multispectral\data\raw\multispectral\Highway\Highway_2375.tif,3,3,Highway,Highway,Highway
C:\Users\DELL Precision 5550\Documents\GitHub\Terrasight-Eurosat-RGB-vs-Multispectral\data\raw\multispectral\Residential\Residential_1234.tif,7,7,Residential,Residential,Residential
C:\Users\DELL Precision 5550\Documents\GitHub\Terrasight-Eurosat-RGB-vs-Multispectral\data\raw\multispectral\HerbaceousVegetation\HerbaceousVegetation_1242.tif,2,2,HerbaceousVegetation,HerbaceousVegetation,HerbaceousVegetation
C:\Users\DELL Precision 5550\Documents\GitHub\Terrasight-Eurosat-RGB-vs-Multispectral\data\raw\multispectral\Pasture\Pasture_1108.tif,5,5,Pasture,Pasture,Pasture
C:\Users\DELL Precision 5550\Documents\GitHub\Terrasight-Eurosat-RGB-vs-Multispectral\data\raw\multispectral\Forest\Forest_2756.tif,1,1,Forest,Forest,Forest
C:\Users\DELL Precision 5550\Documents\GitHub\Terrasight-Eurosat-RGB-vs-Multispectral\data\raw\multispectral\HerbaceousVegetation\HerbaceousVegetation_2669.tif,2,7,HerbaceousVegetation,Residential,HerbaceousVegetation
C:\Users\DELL Precision 5550\Documents\GitHub\Terrasight-Eurosat-RGB-vs-Multispectral\data\raw\multispectral\HerbaceousVegetation\HerbaceousVegetation_2067.tif,2,2,HerbaceousVegetation,HerbaceousVegetation,HerbaceousVegetation
C:\Users\DELL Precision 5550\Documents\GitHub\Terrasight-Eurosat-RGB-vs-Multispectral\data\raw\multispectral\Forest\Forest_54.tif,1,1,Forest,Forest,Forest
C:\Users\DELL Precision 5550\Documents\GitHub\Terrasight-Eurosat-RGB-vs-Multispectral\data\raw\multispectral\Forest\Forest_1449.tif,1,1,Forest,Forest,Forest
C:\Users\DELL Precision 5550\Documents\GitHub\Terrasight-Eurosat-RGB-vs-Multispectral\data\raw\multispectral\PermanentCrop\PermanentCrop_1130.tif,6,6,PermanentCrop,PermanentCrop,PermanentCrop
C:\Users\DELL Precision 5550\Documents\GitHub\Terrasight-Eurosat-RGB-vs-Multispectral\data\raw\multispectral\Residential\Residential_1489.tif,7,7,Residential,Residential,Residential
C:\Users\DELL Precision 5550\Documents\GitHub\Terrasight-Eurosat-RGB-vs-Multispectral\data\raw\multispectral\River\River_951.tif,8,8,River,River,River
C:\Users\DELL Precision 5550\Documents\GitHub\Terrasight-Eurosat-RGB-vs-Multispectral\data\raw\multispectral\HerbaceousVegetation\HerbaceousVegetation_1332.tif,2,2,HerbaceousVegetation,HerbaceousVegetation,HerbaceousVegetation
C:\Users\DELL Precision 5550\Documents\GitHub\Terrasight-Eurosat-RGB-vs-Multispectral\data\raw\multispectral\Industrial\Industrial_1288.tif,4,4,Industrial,Industrial,Industrial
C:\Users\DELL Precision 5550\Documents\GitHub\Terrasight-Eurosat-RGB-vs-Multispectral\data\raw\multispectral\Residential\Residential_2086.tif,7,7,Residential,Residential,Residential
C:\Users\DELL Precision 5550\Documents\GitHub\Terrasight-Eurosat-RGB-vs-Multispectral\data\raw\multispectral\HerbaceousVegetation\HerbaceousVegetation_1151.tif,2,2,HerbaceousVegetation,HerbaceousVegetation,HerbaceousVegetation
C:\Users\DELL Precision 5550\Documents\GitHub\Terrasight-Eurosat-RGB-vs-Multispectral\data\raw\multispectral\River\River_621.tif,8,8,River,River,River
C:\Users\DELL Precision 5550\Documents\GitHub\Terrasight-Eurosat-RGB-vs-Multispectral\data\raw\multispectral\HerbaceousVegetation\HerbaceousVegetation_203.tif,2,2,HerbaceousVegetation,HerbaceousVegetation,HerbaceousVegetation
C:\Users\DELL Precision 5550\Documents\GitHub\Terrasight-Eurosat-RGB-vs-Multispectral\data\raw\multispectral\Forest\Forest_2916.tif,1,1,Forest,Forest,Forest
C:\Users\DELL Precision 5550\Documents\GitHub\Terrasight-Eurosat-RGB-vs-Multispectral\data\raw\multispectral\Forest\Forest_2149.tif,1,1,Forest,Forest,Forest
C:\Users\DELL Precision 5550\Documents\GitHub\Terrasight-Eurosat-RGB-vs-Multispectral\data\raw\multispectral\Forest\Forest_2428.tif,1,1,Forest,Forest,Forest
C:\Users\DELL Precision 5550\Documents\GitHub\Terrasight-Eurosat-RGB-vs-Multispectral\data\raw\multispectral\Residential\Residential_2815.tif,7,7,Residential,Residential,Residential
C:\Users\DELL Precision 5550\Documents\GitHub\Terrasight-Eurosat-RGB-vs-Multispectral\data\raw\multispectral\Forest\Forest_170.tif,1,1,Forest,Forest,Forest
C:\Users\DELL Precision 5550\Documents\GitHub\Terrasight-Eurosat-RGB-vs-Multispectral\data\raw\multispectral\Industrial\Industrial_2440.tif,4,4,Industrial,Industrial,Industrial
C:\Users\DELL Precision 5550\Documents\GitHub\Terrasight-Eurosat-RGB-vs-Multispectral\data\raw\multispectral\SeaLake\SeaLake_1032.tif,9,9,SeaLake,SeaLake,SeaLake
C:\Users\DELL Precision 5550\Documents\GitHub\Terrasight-Eurosat-RGB-vs-Multispectral\data\raw\multispectral\AnnualCrop\AnnualCrop_242.tif,0,0,AnnualCrop,AnnualCrop,AnnualCrop
C:\Users\DELL Precision 5550\Documents\GitHub\Terrasight-Eurosat-RGB-vs-Multispectral\data\raw\multispectral\Pasture\Pasture_1011.tif,5,5,Pasture,Pasture,Pasture
C:\Users\DELL Precision 5550\Documents\GitHub\Terrasight-Eurosat-RGB-vs-Multispectral\data\raw\multispectral\River\River_2036.tif,8,8,River,River,River
C:\Users\DELL Precision 5550\Documents\GitHub\Terrasight-Eurosat-RGB-vs-Multispectral\data\raw\multispectral\Pasture\Pasture_1283.tif,5,5,Pasture,Pasture,Pasture
C:\Users\DELL Precision 5550\Documents\GitHub\Terrasight-Eurosat-RGB-vs-Multispectral\data\raw\multispectral\Residential\Residential_1262.tif,7,7,Residential,Residential,Residential
C:\Users\DELL Precision 5550\Documents\GitHub\Terrasight-Eurosat-RGB-vs-Multispectral\data\raw\multispectral\HerbaceousVegetation\HerbaceousVegetation_2049.tif,2,2,HerbaceousVegetation,HerbaceousVegetation,HerbaceousVegetation
C:\Users\DELL Precision 5550\Documents\GitHub\Terrasight-Eurosat-RGB-vs-Multispectral\data\raw\multispectral\Highway\Highway_895.tif,3,3,Highway,Highway,Highway
C:\Users\DELL Precision 5550\Documents\GitHub\Terrasight-Eurosat-RGB-vs-Multispectral\data\raw\multispectral\AnnualCrop\AnnualCrop_675.tif,0,0,AnnualCrop,AnnualCrop,AnnualCrop
C:\Users\DELL Precision 5550\Documents\GitHub\Terrasight-Eurosat-RGB-vs-Multispectral\data\raw\multispectral\Residential\Residential_851.tif,7,7,Residential,Residential,Residential
C:\Users\DELL Precision 5550\Documents\GitHub\Terrasight-Eurosat-RGB-vs-Multispectral\data\raw\multispectral\Highway\Highway_2208.tif,3,3,Highway,Highway,Highway
C:\Users\DELL Precision 5550\Documents\GitHub\Terrasight-Eurosat-RGB-vs-Multispectral\data\raw\multispectral\Industrial\Industrial_1412.tif,4,4,Industrial,Industrial,Industrial
C:\Users\DELL Precision 5550\Documents\GitHub\Terrasight-Eurosat-RGB-vs-Multispectral\data\raw\multispectral\Highway\Highway_1125.tif,3,3,Highway,Highway,Highway
C:\Users\DELL Precision 5550\Documents\GitHub\Terrasight-Eurosat-RGB-vs-Multispectral\data\raw\multispectral\PermanentCrop\PermanentCrop_1798.tif,6,2,PermanentCrop,HerbaceousVegetation,PermanentCrop
C:\Users\DELL Precision 5550\Documents\GitHub\Terrasight-Eurosat-RGB-vs-Multispectral\data\raw\multispectral\Pasture\Pasture_732.tif,5,5,Pasture,Pasture,Pasture
C:\Users\DELL Precision 5550\Documents\GitHub\Terrasight-Eurosat-RGB-vs-Multispectral\data\raw\multispectral\Forest\Forest_564.tif,1,1,Forest,Forest,Forest
C:\Users\DELL Precision 5550\Documents\GitHub\Terrasight-Eurosat-RGB-vs-Multispectral\data\raw\multispectral\Highway\Highway_2168.tif,3,3,Highway,Highway,Highway
C:\Users\DELL Precision 5550\Documents\GitHub\Terrasight-Eurosat-RGB-vs-Multispectral\data\raw\multispectral\Forest\Forest_454.tif,1,1,Forest,Forest,Forest
C:\Users\DELL Precision 5550\Documents\GitHub\Terrasight-Eurosat-RGB-vs-Multispectral\data\raw\multispectral\PermanentCrop\PermanentCrop_380.tif,6,6,PermanentCrop,PermanentCrop,PermanentCrop
C:\Users\DELL Precision 5550\Documents\GitHub\Terrasight-Eurosat-RGB-vs-Multispectral\data\raw\multispectral\SeaLake\SeaLake_2845.tif,9,9,SeaLake,SeaLake,SeaLake
C:\Users\DELL Precision 5550\Documents\GitHub\Terrasight-Eurosat-RGB-vs-Multispectral\data\raw\multispectral\HerbaceousVegetation\HerbaceousVegetation_1244.tif,2,2,HerbaceousVegetation,HerbaceousVegetation,HerbaceousVegetation
C:\Users\DELL Precision 5550\Documents\GitHub\Terrasight-Eurosat-RGB-vs-Multispectral\data\raw\multispectral\HerbaceousVegetation\HerbaceousVegetation_1130.tif,2,2,HerbaceousVegetation,HerbaceousVegetation,HerbaceousVegetation
C:\Users\DELL Precision 5550\Documents\GitHub\Terrasight-Eurosat-RGB-vs-Multispectral\data\raw\multispectral\Forest\Forest_1335.tif,1,1,Forest,Forest,Forest
C:\Users\DELL Precision 5550\Documents\GitHub\Terrasight-Eurosat-RGB-vs-Multispectral\data\raw\multispectral\Industrial\Industrial_150.tif,4,4,Industrial,Industrial,Industrial
C:\Users\DELL Precision 5550\Documents\GitHub\Terrasight-Eurosat-RGB-vs-Multispectral\data\raw\multispectral\AnnualCrop\AnnualCrop_2366.tif,0,0,AnnualCrop,AnnualCrop,AnnualCrop
C:\Users\DELL Precision 5550\Documents\GitHub\Terrasight-Eurosat-RGB-vs-Multispectral\data\raw\multispectral\Industrial\Industrial_753.tif,4,4,Industrial,Industrial,Industrial
C:\Users\DELL Precision 5550\Documents\GitHub\Terrasight-Eurosat-RGB-vs-Multispectral\data\raw\multispectral\SeaLake\SeaLake_140.tif,9,9,SeaLake,SeaLake,SeaLake
C:\Users\DELL Precision 5550\Documents\GitHub\Terrasight-Eurosat-RGB-vs-Multispectral\data\raw\multispectral\AnnualCrop\AnnualCrop_2298.tif,0,0,AnnualCrop,AnnualCrop,AnnualCrop
C:\Users\DELL Precision 5550\Documents\GitHub\Terrasight-Eurosat-RGB-vs-Multispectral\data\raw\multispectral\HerbaceousVegetation\HerbaceousVegetation_2541.tif,2,2,HerbaceousVegetation,HerbaceousVegetation,HerbaceousVegetation
C:\Users\DELL Precision 5550\Documents\GitHub\Terrasight-Eurosat-RGB-vs-Multispectral\data\raw\multispectral\SeaLake\SeaLake_965.tif,9,9,SeaLake,SeaLake,SeaLake
C:\Users\DELL Precision 5550\Documents\GitHub\Terrasight-Eurosat-RGB-vs-Multispectral\data\raw\multispectral\Industrial\Industrial_471.tif,4,4,Industrial,Industrial,Industrial
C:\Users\DELL Precision 5550\Documents\GitHub\Terrasight-Eurosat-RGB-vs-Multispectral\data\raw\multispectral\Industrial\Industrial_1296.tif,4,4,Industrial,Industrial,Industrial
C:\Users\DELL Precision 5550\Documents\GitHub\Terrasight-Eurosat-RGB-vs-Multispectral\data\raw\multispectral\PermanentCrop\PermanentCrop_797.tif,6,6,PermanentCrop,PermanentCrop,PermanentCrop
C:\Users\DELL Precision 5550\Documents\GitHub\Terrasight-Eurosat-RGB-vs-Multispectral\data\raw\multispectral\AnnualCrop\AnnualCrop_1425.tif,0,0,AnnualCrop,AnnualCrop,AnnualCrop
C:\Users\DELL Precision 5550\Documents\GitHub\Terrasight-Eurosat-RGB-vs-Multispectral\data\raw\multispectral\River\River_162.tif,8,8,River,River,River
C:\Users\DELL Precision 5550\Documents\GitHub\Terrasight-Eurosat-RGB-vs-Multispectral\data\raw\multispectral\HerbaceousVegetation\HerbaceousVegetation_2664.tif,2,3,HerbaceousVegetation,Highway,HerbaceousVegetation
C:\Users\DELL Precision 5550\Documents\GitHub\Terrasight-Eurosat-RGB-vs-Multispectral\data\raw\multispectral\Highway\Highway_2066.tif,3,3,Highway,Highway,Highway
C:\Users\DELL Precision 5550\Documents\GitHub\Terrasight-Eurosat-RGB-vs-Multispectral\data\raw\multispectral\Residential\Residential_1558.tif,7,7,Residential,Residential,Residential
C:\Users\DELL Precision 5550\Documents\GitHub\Terrasight-Eurosat-RGB-vs-Multispectral\data\raw\multispectral\AnnualCrop\AnnualCrop_328.tif,0,0,AnnualCrop,AnnualCrop,AnnualCrop
C:\Users\DELL Precision 5550\Documents\GitHub\Terrasight-Eurosat-RGB-vs-Multispectral\data\raw\multispectral\HerbaceousVegetation\HerbaceousVegetation_1889.tif,2,2,HerbaceousVegetation,HerbaceousVegetation,HerbaceousVegetation
C:\Users\DELL Precision 5550\Documents\GitHub\Terrasight-Eurosat-RGB-vs-Multispectral\data\raw\multispectral\Highway\Highway_1066.tif,3,3,Highway,Highway,Highway
C:\Users\DELL Precision 5550\Documents\GitHub\Terrasight-Eurosat-RGB-vs-Multispectral\data\raw\multispectral\Industrial\Industrial_196.tif,4,4,Industrial,Industrial,Industrial
C:\Users\DELL Precision 5550\Documents\GitHub\Terrasight-Eurosat-RGB-vs-Multispectral\data\raw\multispectral\Forest\Forest_2628.tif,1,1,Forest,Forest,Forest
C:\Users\DELL Precision 5550\Documents\GitHub\Terrasight-Eurosat-RGB-vs-Multispectral\data\raw\multispectral\AnnualCrop\AnnualCrop_941.tif,0,0,AnnualCrop,AnnualCrop,AnnualCrop
C:\Users\DELL Precision 5550\Documents\GitHub\Terrasight-Eurosat-RGB-vs-Multispectral\data\raw\multispectral\Highway\Highway_1064.tif,3,3,Highway,Highway,Highway
C:\Users\DELL Precision 5550\Documents\GitHub\Terrasight-Eurosat-RGB-vs-Multispectral\data\raw\multispectral\PermanentCrop\PermanentCrop_1336.tif,6,6,PermanentCrop,PermanentCrop,PermanentCrop
C:\Users\DELL Precision 5550\Documents\GitHub\Terrasight-Eurosat-RGB-vs-Multispectral\data\raw\multispectral\River\River_2393.tif,8,8,River,River,River
C:\Users\DELL Precision 5550\Documents\GitHub\Terrasight-Eurosat-RGB-vs-Multispectral\data\raw\multispectral\SeaLake\SeaLake_2481.tif,9,9,SeaLake,SeaLake,SeaLake
C:\Users\DELL Precision 5550\Documents\GitHub\Terrasight-Eurosat-RGB-vs-Multispectral\data\raw\multispectral\Industrial\Industrial_959.tif,4,4,Industrial,Industrial,Industrial
C:\Users\DELL Precision 5550\Documents\GitHub\Terrasight-Eurosat-RGB-vs-Multispectral\data\raw\multispectral\River\River_1795.tif,8,8,River,River,River
C:\Users\DELL Precision 5550\Documents\GitHub\Terrasight-Eurosat-RGB-vs-Multispectral\data\raw\multispectral\SeaLake\SeaLake_2372.tif,9,9,SeaLake,SeaLake,SeaLake
C:\Users\DELL Precision 5550\Documents\GitHub\Terrasight-Eurosat-RGB-vs-Multispectral\data\raw\multispectral\AnnualCrop\AnnualCrop_2160.tif,0,0,AnnualCrop,AnnualCrop,AnnualCrop
C:\Users\DELL Precision 5550\Documents\GitHub\Terrasight-Eurosat-RGB-vs-Multispectral\data\raw\multispectral\Residential\Residential_2096.tif,7,7,Residential,Residential,Residential
C:\Users\DELL Precision 5550\Documents\GitHub\Terrasight-Eurosat-RGB-vs-Multispectral\data\raw\multispectral\Residential\Residential_892.tif,7,7,Residential,Residential,Residential
C:\Users\DELL Precision 5550\Documents\GitHub\Terrasight-Eurosat-RGB-vs-Multispectral\data\raw\multispectral\Forest\Forest_1346.tif,1,1,Forest,Forest,Forest
C:\Users\DELL Precision 5550\Documents\GitHub\Terrasight-Eurosat-RGB-vs-Multispectral\data\raw\multispectral\AnnualCrop\AnnualCrop_336.tif,0,0,AnnualCrop,AnnualCrop,AnnualCrop
C:\Users\DELL Precision 5550\Documents\GitHub\Terrasight-Eurosat-RGB-vs-Multispectral\data\raw\multispectral\Pasture\Pasture_784.tif,5,5,Pasture,Pasture,Pasture
C:\Users\DELL Precision 5550\Documents\GitHub\Terrasight-Eurosat-RGB-vs-Multispectral\data\raw\multispectral\Pasture\Pasture_735.tif,5,5,Pasture,Pasture,Pasture
C:\Users\DELL Precision 5550\Documents\GitHub\Terrasight-Eurosat-RGB-vs-Multispectral\data\raw\multispectral\Forest\Forest_716.tif,1,1,Forest,Forest,Forest
C:\Users\DELL Precision 5550\Documents\GitHub\Terrasight-Eurosat-RGB-vs-Multispectral\data\raw\multispectral\River\River_186.tif,8,8,River,River,River
C:\Users\DELL Precision 5550\Documents\GitHub\Terrasight-Eurosat-RGB-vs-Multispectral\data\raw\multispectral\Industrial\Industrial_558.tif,4,4,Industrial,Industrial,Industrial
C:\Users\DELL Precision 5550\Documents\GitHub\Terrasight-Eurosat-RGB-vs-Multispectral\data\raw\multispectral\Industrial\Industrial_298.tif,4,4,Industrial,Industrial,Industrial
C:\Users\DELL Precision 5550\Documents\GitHub\Terrasight-Eurosat-RGB-vs-Multispectral\data\raw\multispectral\HerbaceousVegetation\HerbaceousVegetation_1707.tif,2,6,HerbaceousVegetation,PermanentCrop,HerbaceousVegetation
C:\Users\DELL Precision 5550\Documents\GitHub\Terrasight-Eurosat-RGB-vs-Multispectral\data\raw\multispectral\Highway\Highway_2246.tif,3,3,Highway,Highway,Highway
C:\Users\DELL Precision 5550\Documents\GitHub\Terrasight-Eurosat-RGB-vs-Multispectral\data\raw\multispectral\PermanentCrop\PermanentCrop_1468.tif,6,6,PermanentCrop,PermanentCrop,PermanentCrop
C:\Users\DELL Precision 5550\Documents\GitHub\Terrasight-Eurosat-RGB-vs-Multispectral\data\raw\multispectral\Forest\Forest_1944.tif,1,1,Forest,Forest,Forest
C:\Users\DELL Precision 5550\Documents\GitHub\Terrasight-Eurosat-RGB-vs-Multispectral\data\raw\multispectral\Industrial\Industrial_1931.tif,4,4,Industrial,Industrial,Industrial
C:\Users\DELL Precision 5550\Documents\GitHub\Terrasight-Eurosat-RGB-vs-Multispectral\data\raw\multispectral\SeaLake\SeaLake_1476.tif,9,9,SeaLake,SeaLake,SeaLake
C:\Users\DELL Precision 5550\Documents\GitHub\Terrasight-Eurosat-RGB-vs-Multispectral\data\raw\multispectral\AnnualCrop\AnnualCrop_839.tif,0,0,AnnualCrop,AnnualCrop,AnnualCrop
C:\Users\DELL Precision 5550\Documents\GitHub\Terrasight-Eurosat-RGB-vs-Multispectral\data\raw\multispectral\Forest\Forest_2998.tif,1,1,Forest,Forest,Forest
C:\Users\DELL Precision 5550\Documents\GitHub\Terrasight-Eurosat-RGB-vs-Multispectral\data\raw\multispectral\SeaLake\SeaLake_1669.tif,9,9,SeaLake,SeaLake,SeaLake
C:\Users\DELL Precision 5550\Documents\GitHub\Terrasight-Eurosat-RGB-vs-Multispectral\data\raw\multispectral\SeaLake\SeaLake_2562.tif,9,9,SeaLake,SeaLake,SeaLake
C:\Users\DELL Precision 5550\Documents\GitHub\Terrasight-Eurosat-RGB-vs-Multispectral\data\raw\multispectral\HerbaceousVegetation\HerbaceousVegetation_1101.tif,2,6,HerbaceousVegetation,PermanentCrop,HerbaceousVegetation
C:\Users\DELL Precision 5550\Documents\GitHub\Terrasight-Eurosat-RGB-vs-Multispectral\data\raw\multispectral\Pasture\Pasture_1270.tif,5,5,Pasture,Pasture,Pasture
C:\Users\DELL Precision 5550\Documents\GitHub\Terrasight-Eurosat-RGB-vs-Multispectral\data\raw\multispectral\Forest\Forest_2865.tif,1,1,Forest,Forest,Forest
C:\Users\DELL Precision 5550\Documents\GitHub\Terrasight-Eurosat-RGB-vs-Multispectral\data\raw\multispectral\PermanentCrop\PermanentCrop_1937.tif,6,6,PermanentCrop,PermanentCrop,PermanentCrop
C:\Users\DELL Precision 5550\Documents\GitHub\Terrasight-Eurosat-RGB-vs-Multispectral\data\raw\multispectral\AnnualCrop\AnnualCrop_1166.tif,0,0,AnnualCrop,AnnualCrop,AnnualCrop
C:\Users\DELL Precision 5550\Documents\GitHub\Terrasight-Eurosat-RGB-vs-Multispectral\data\raw\multispectral\AnnualCrop\AnnualCrop_2362.tif,0,0,AnnualCrop,AnnualCrop,AnnualCrop
C:\Users\DELL Precision 5550\Documents\GitHub\Terrasight-Eurosat-RGB-vs-Multispectral\data\raw\multispectral\HerbaceousVegetation\HerbaceousVegetation_2693.tif,2,2,HerbaceousVegetation,HerbaceousVegetation,HerbaceousVegetation
C:\Users\DELL Precision 5550\Documents\GitHub\Terrasight-Eurosat-RGB-vs-Multispectral\data\raw\multispectral\River\River_1351.tif,8,8,River,River,River
C:\Users\DELL Precision 5550\Documents\GitHub\Terrasight-Eurosat-RGB-vs-Multispectral\data\raw\multispectral\River\River_1962.tif,8,8,River,River,River
C:\Users\DELL Precision 5550\Documents\GitHub\Terrasight-Eurosat-RGB-vs-Multispectral\data\raw\multispectral\Pasture\Pasture_562.tif,5,5,Pasture,Pasture,Pasture
C:\Users\DELL Precision 5550\Documents\GitHub\Terrasight-Eurosat-RGB-vs-Multispectral\data\raw\multispectral\Industrial\Industrial_379.tif,4,4,Industrial,Industrial,Industrial
C:\Users\DELL Precision 5550\Documents\GitHub\Terrasight-Eurosat-RGB-vs-Multispectral\data\raw\multispectral\Residential\Residential_438.tif,7,7,Residential,Residential,Residential
C:\Users\DELL Precision 5550\Documents\GitHub\Terrasight-Eurosat-RGB-vs-Multispectral\data\raw\multispectral\SeaLake\SeaLake_1832.tif,9,9,SeaLake,SeaLake,SeaLake
C:\Users\DELL Precision 5550\Documents\GitHub\Terrasight-Eurosat-RGB-vs-Multispectral\data\raw\multispectral\HerbaceousVegetation\HerbaceousVegetation_2469.tif,2,2,HerbaceousVegetation,HerbaceousVegetation,HerbaceousVegetation
C:\Users\DELL Precision 5550\Documents\GitHub\Terrasight-Eurosat-RGB-vs-Multispectral\data\raw\multispectral\SeaLake\SeaLake_2246.tif,9,9,SeaLake,SeaLake,SeaLake
C:\Users\DELL Precision 5550\Documents\GitHub\Terrasight-Eurosat-RGB-vs-Multispectral\data\raw\multispectral\Industrial\Industrial_2015.tif,4,4,Industrial,Industrial,Industrial
C:\Users\DELL Precision 5550\Documents\GitHub\Terrasight-Eurosat-RGB-vs-Multispectral\data\raw\multispectral\Forest\Forest_2019.tif,1,1,Forest,Forest,Forest
C:\Users\DELL Precision 5550\Documents\GitHub\Terrasight-Eurosat-RGB-vs-Multispectral\data\raw\multispectral\Pasture\Pasture_130.tif,5,5,Pasture,Pasture,Pasture
C:\Users\DELL Precision 5550\Documents\GitHub\Terrasight-Eurosat-RGB-vs-Multispectral\data\raw\multispectral\PermanentCrop\PermanentCrop_1827.tif,6,6,PermanentCrop,PermanentCrop,PermanentCrop
C:\Users\DELL Precision 5550\Documents\GitHub\Terrasight-Eurosat-RGB-vs-Multispectral\data\raw\multispectral\AnnualCrop\AnnualCrop_2087.tif,0,6,AnnualCrop,PermanentCrop,AnnualCrop
C:\Users\DELL Precision 5550\Documents\GitHub\Terrasight-Eurosat-RGB-vs-Multispectral\data\raw\multispectral\AnnualCrop\AnnualCrop_159.tif,0,6,AnnualCrop,PermanentCrop,AnnualCrop
C:\Users\DELL Precision 5550\Documents\GitHub\Terrasight-Eurosat-RGB-vs-Multispectral\data\raw\multispectral\Industrial\Industrial_2128.tif,4,4,Industrial,Industrial,Industrial
C:\Users\DELL Precision 5550\Documents\GitHub\Terrasight-Eurosat-RGB-vs-Multispectral\data\raw\multispectral\Pasture\Pasture_113.tif,5,5,Pasture,Pasture,Pasture
C:\Users\DELL Precision 5550\Documents\GitHub\Terrasight-Eurosat-RGB-vs-Multispectral\data\raw\multispectral\Highway\Highway_380.tif,3,3,Highway,Highway,Highway
C:\Users\DELL Precision 5550\Documents\GitHub\Terrasight-Eurosat-RGB-vs-Multispectral\data\raw\multispectral\Residential\Residential_1636.tif,7,7,Residential,Residential,Residential
C:\Users\DELL Precision 5550\Documents\GitHub\Terrasight-Eurosat-RGB-vs-Multispectral\data\raw\multispectral\Industrial\Industrial_366.tif,4,4,Industrial,Industrial,Industrial
C:\Users\DELL Precision 5550\Documents\GitHub\Terrasight-Eurosat-RGB-vs-Multispectral\data\raw\multispectral\Pasture\Pasture_1843.tif,5,5,Pasture,Pasture,Pasture
C:\Users\DELL Precision 5550\Documents\GitHub\Terrasight-Eurosat-RGB-vs-Multispectral\data\raw\multispectral\Forest\Forest_350.tif,1,1,Forest,Forest,Forest
C:\Users\DELL Precision 5550\Documents\GitHub\Terrasight-Eurosat-RGB-vs-Multispectral\data\raw\multispectral\AnnualCrop\AnnualCrop_1470.tif,0,0,AnnualCrop,AnnualCrop,AnnualCrop
C:\Users\DELL Precision 5550\Documents\GitHub\Terrasight-Eurosat-RGB-vs-Multispectral\data\raw\multispectral\Highway\Highway_1509.tif,3,3,Highway,Highway,Highway
C:\Users\DELL Precision 5550\Documents\GitHub\Terrasight-Eurosat-RGB-vs-Multispectral\data\raw\multispectral\Highway\Highway_806.tif,3,3,Highway,Highway,Highway
C:\Users\DELL Precision 5550\Documents\GitHub\Terrasight-Eurosat-RGB-vs-Multispectral\data\raw\multispectral\HerbaceousVegetation\HerbaceousVegetation_1186.tif,2,2,HerbaceousVegetation,HerbaceousVegetation,HerbaceousVegetation
C:\Users\DELL Precision 5550\Documents\GitHub\Terrasight-Eurosat-RGB-vs-Multispectral\data\raw\multispectral\Highway\Highway_1523.tif,3,3,Highway,Highway,Highway
C:\Users\DELL Precision 5550\Documents\GitHub\Terrasight-Eurosat-RGB-vs-Multispectral\data\raw\multispectral\HerbaceousVegetation\HerbaceousVegetation_1627.tif,2,2,HerbaceousVegetation,HerbaceousVegetation,HerbaceousVegetation
C:\Users\DELL Precision 5550\Documents\GitHub\Terrasight-Eurosat-RGB-vs-Multispectral\data\raw\multispectral\Forest\Forest_1631.tif,1,1,Forest,Forest,Forest
C:\Users\DELL Precision 5550\Documents\GitHub\Terrasight-Eurosat-RGB-vs-Multispectral\data\raw\multispectral\Pasture\Pasture_821.tif,5,5,Pasture,Pasture,Pasture
C:\Users\DELL Precision 5550\Documents\GitHub\Terrasight-Eurosat-RGB-vs-Multispectral\data\raw\multispectral\Highway\Highway_582.tif,3,8,Highway,River,Highway
C:\Users\DELL Precision 5550\Documents\GitHub\Terrasight-Eurosat-RGB-vs-Multispectral\data\raw\multispectral\AnnualCrop\AnnualCrop_658.tif,0,0,AnnualCrop,AnnualCrop,AnnualCrop
C:\Users\DELL Precision 5550\Documents\GitHub\Terrasight-Eurosat-RGB-vs-Multispectral\data\raw\multispectral\PermanentCrop\PermanentCrop_1254.tif,6,6,PermanentCrop,PermanentCrop,PermanentCrop
C:\Users\DELL Precision 5550\Documents\GitHub\Terrasight-Eurosat-RGB-vs-Multispectral\data\raw\multispectral\River\River_438.tif,8,8,River,River,River
C:\Users\DELL Precision 5550\Documents\GitHub\Terrasight-Eurosat-RGB-vs-Multispectral\data\raw\multispectral\Forest\Forest_1519.tif,1,1,Forest,Forest,Forest
C:\Users\DELL Precision 5550\Documents\GitHub\Terrasight-Eurosat-RGB-vs-Multispectral\data\raw\multispectral\Residential\Residential_1891.tif,7,7,Residential,Residential,Residential
C:\Users\DELL Precision 5550\Documents\GitHub\Terrasight-Eurosat-RGB-vs-Multispectral\data\raw\multispectral\AnnualCrop\AnnualCrop_2995.tif,0,0,AnnualCrop,AnnualCrop,AnnualCrop
C:\Users\DELL Precision 5550\Documents\GitHub\Terrasight-Eurosat-RGB-vs-Multispectral\data\raw\multispectral\Highway\Highway_2394.tif,3,3,Highway,Highway,Highway
C:\Users\DELL Precision 5550\Documents\GitHub\Terrasight-Eurosat-RGB-vs-Multispectral\data\raw\multispectral\Highway\Highway_51.tif,3,3,Highway,Highway,Highway
C:\Users\DELL Precision 5550\Documents\GitHub\Terrasight-Eurosat-RGB-vs-Multispectral\data\raw\multispectral\HerbaceousVegetation\HerbaceousVegetation_439.tif,2,2,HerbaceousVegetation,HerbaceousVegetation,HerbaceousVegetation
C:\Users\DELL Precision 5550\Documents\GitHub\Terrasight-Eurosat-RGB-vs-Multispectral\data\raw\multispectral\Residential\Residential_1297.tif,7,7,Residential,Residential,Residential
C:\Users\DELL Precision 5550\Documents\GitHub\Terrasight-Eurosat-RGB-vs-Multispectral\data\raw\multispectral\Forest\Forest_2799.tif,1,1,Forest,Forest,Forest
C:\Users\DELL Precision 5550\Documents\GitHub\Terrasight-Eurosat-RGB-vs-Multispectral\data\raw\multispectral\PermanentCrop\PermanentCrop_1118.tif,6,6,PermanentCrop,PermanentCrop,PermanentCrop
C:\Users\DELL Precision 5550\Documents\GitHub\Terrasight-Eurosat-RGB-vs-Multispectral\data\raw\multispectral\Highway\Highway_2354.tif,3,3,Highway,Highway,Highway
C:\Users\DELL Precision 5550\Documents\GitHub\Terrasight-Eurosat-RGB-vs-Multispectral\data\raw\multispectral\AnnualCrop\AnnualCrop_363.tif,0,0,AnnualCrop,AnnualCrop,AnnualCrop
C:\Users\DELL Precision 5550\Documents\GitHub\Terrasight-Eurosat-RGB-vs-Multispectral\data\raw\multispectral\SeaLake\SeaLake_558.tif,9,9,SeaLake,SeaLake,SeaLake
C:\Users\DELL Precision 5550\Documents\GitHub\Terrasight-Eurosat-RGB-vs-Multispectral\data\raw\multispectral\Residential\Residential_2673.tif,7,7,Residential,Residential,Residential
C:\Users\DELL Precision 5550\Documents\GitHub\Terrasight-Eurosat-RGB-vs-Multispectral\data\raw\multispectral\Residential\Residential_555.tif,7,7,Residential,Residential,Residential
C:\Users\DELL Precision 5550\Documents\GitHub\Terrasight-Eurosat-RGB-vs-Multispectral\data\raw\multispectral\HerbaceousVegetation\HerbaceousVegetation_2192.tif,2,2,HerbaceousVegetation,HerbaceousVegetation,HerbaceousVegetation
C:\Users\DELL Precision 5550\Documents\GitHub\Terrasight-Eurosat-RGB-vs-Multispectral\data\raw\multispectral\HerbaceousVegetation\HerbaceousVegetation_2723.tif,2,2,HerbaceousVegetation,HerbaceousVegetation,HerbaceousVegetation
C:\Users\DELL Precision 5550\Documents\GitHub\Terrasight-Eurosat-RGB-vs-Multispectral\data\raw\multispectral\SeaLake\SeaLake_2392.tif,9,9,SeaLake,SeaLake,SeaLake
C:\Users\DELL Precision 5550\Documents\GitHub\Terrasight-Eurosat-RGB-vs-Multispectral\data\raw\multispectral\Highway\Highway_1110.tif,3,3,Highway,Highway,Highway
C:\Users\DELL Precision 5550\Documents\GitHub\Terrasight-Eurosat-RGB-vs-Multispectral\data\raw\multispectral\PermanentCrop\PermanentCrop_1132.tif,6,6,PermanentCrop,PermanentCrop,PermanentCrop
C:\Users\DELL Precision 5550\Documents\GitHub\Terrasight-Eurosat-RGB-vs-Multispectral\data\raw\multispectral\SeaLake\SeaLake_161.tif,9,9,SeaLake,SeaLake,SeaLake
C:\Users\DELL Precision 5550\Documents\GitHub\Terrasight-Eurosat-RGB-vs-Multispectral\data\raw\multispectral\Industrial\Industrial_100.tif,4,4,Industrial,Industrial,Industrial
C:\Users\DELL Precision 5550\Documents\GitHub\Terrasight-Eurosat-RGB-vs-Multispectral\data\raw\multispectral\Forest\Forest_2181.tif,1,1,Forest,Forest,Forest
C:\Users\DELL Precision 5550\Documents\GitHub\Terrasight-Eurosat-RGB-vs-Multispectral\data\raw\multispectral\River\River_1261.tif,8,8,River,River,River
C:\Users\DELL Precision 5550\Documents\GitHub\Terrasight-Eurosat-RGB-vs-Multispectral\data\raw\multispectral\Highway\Highway_605.tif,3,3,Highway,Highway,Highway
C:\Users\DELL Precision 5550\Documents\GitHub\Terrasight-Eurosat-RGB-vs-Multispectral\data\raw\multispectral\Forest\Forest_2687.tif,1,1,Forest,Forest,Forest
C:\Users\DELL Precision 5550\Documents\GitHub\Terrasight-Eurosat-RGB-vs-Multispectral\data\raw\multispectral\Highway\Highway_1067.tif,3,3,Highway,Highway,Highway
C:\Users\DELL Precision 5550\Documents\GitHub\Terrasight-Eurosat-RGB-vs-Multispectral\data\raw\multispectral\HerbaceousVegetation\HerbaceousVegetation_416.tif,2,2,HerbaceousVegetation,HerbaceousVegetation,HerbaceousVegetation
C:\Users\DELL Precision 5550\Documents\GitHub\Terrasight-Eurosat-RGB-vs-Multispectral\data\raw\multispectral\Forest\Forest_1799.tif,1,1,Forest,Forest,Forest
C:\Users\DELL Precision 5550\Documents\GitHub\Terrasight-Eurosat-RGB-vs-Multispectral\data\raw\multispectral\PermanentCrop\PermanentCrop_759.tif,6,6,PermanentCrop,PermanentCrop,PermanentCrop
C:\Users\DELL Precision 5550\Documents\GitHub\Terrasight-Eurosat-RGB-vs-Multispectral\data\raw\multispectral\HerbaceousVegetation\HerbaceousVegetation_924.tif,2,2,HerbaceousVegetation,HerbaceousVegetation,HerbaceousVegetation
C:\Users\DELL Precision 5550\Documents\GitHub\Terrasight-Eurosat-RGB-vs-Multispectral\data\raw\multispectral\AnnualCrop\AnnualCrop_1912.tif,0,0,AnnualCrop,AnnualCrop,AnnualCrop
C:\Users\DELL Precision 5550\Documents\GitHub\Terrasight-Eurosat-RGB-vs-Multispectral\data\raw\multispectral\Highway\Highway_1971.tif,3,3,Highway,Highway,Highway
C:\Users\DELL Precision 5550\Documents\GitHub\Terrasight-Eurosat-RGB-vs-Multispectral\data\raw\multispectral\River\River_2368.tif,8,8,River,River,River
C:\Users\DELL Precision 5550\Documents\GitHub\Terrasight-Eurosat-RGB-vs-Multispectral\data\raw\multispectral\Highway\Highway_2448.tif,3,3,Highway,Highway,Highway
C:\Users\DELL Precision 5550\Documents\GitHub\Terrasight-Eurosat-RGB-vs-Multispectral\data\raw\multispectral\Pasture\Pasture_494.tif,5,5,Pasture,Pasture,Pasture
C:\Users\DELL Precision 5550\Documents\GitHub\Terrasight-Eurosat-RGB-vs-Multispectral\data\raw\multispectral\Pasture\Pasture_1679.tif,5,5,Pasture,Pasture,Pasture
C:\Users\DELL Precision 5550\Documents\GitHub\Terrasight-Eurosat-RGB-vs-Multispectral\data\raw\multispectral\Industrial\Industrial_1514.tif,4,4,Industrial,Industrial,Industrial
C:\Users\DELL Precision 5550\Documents\GitHub\Terrasight-Eurosat-RGB-vs-Multispectral\data\raw\multispectral\AnnualCrop\AnnualCrop_1015.tif,0,0,AnnualCrop,AnnualCrop,AnnualCrop
C:\Users\DELL Precision 5550\Documents\GitHub\Terrasight-Eurosat-RGB-vs-Multispectral\data\raw\multispectral\PermanentCrop\PermanentCrop_164.tif,6,2,PermanentCrop,HerbaceousVegetation,PermanentCrop
C:\Users\DELL Precision 5550\Documents\GitHub\Terrasight-Eurosat-RGB-vs-Multispectral\data\raw\multispectral\River\River_650.tif,8,8,River,River,River
C:\Users\DELL Precision 5550\Documents\GitHub\Terrasight-Eurosat-RGB-vs-Multispectral\data\raw\multispectral\Pasture\Pasture_1157.tif,5,2,Pasture,HerbaceousVegetation,Pasture
C:\Users\DELL Precision 5550\Documents\GitHub\Terrasight-Eurosat-RGB-vs-Multispectral\data\raw\multispectral\SeaLake\SeaLake_1350.tif,9,9,SeaLake,SeaLake,SeaLake
C:\Users\DELL Precision 5550\Documents\GitHub\Terrasight-Eurosat-RGB-vs-Multispectral\data\raw\multispectral\Industrial\Industrial_1937.tif,4,4,Industrial,Industrial,Industrial
C:\Users\DELL Precision 5550\Documents\GitHub\Terrasight-Eurosat-RGB-vs-Multispectral\data\raw\multispectral\River\River_276.tif,8,8,River,River,River
C:\Users\DELL Precision 5550\Documents\GitHub\Terrasight-Eurosat-RGB-vs-Multispectral\data\raw\multispectral\Highway\Highway_1663.tif,3,3,Highway,Highway,Highway
C:\Users\DELL Precision 5550\Documents\GitHub\Terrasight-Eurosat-RGB-vs-Multispectral\data\raw\multispectral\River\River_1019.tif,8,8,River,River,River
C:\Users\DELL Precision 5550\Documents\GitHub\Terrasight-Eurosat-RGB-vs-Multispectral\data\raw\multispectral\River\River_341.tif,8,8,River,River,River
C:\Users\DELL Precision 5550\Documents\GitHub\Terrasight-Eurosat-RGB-vs-Multispectral\data\raw\multispectral\PermanentCrop\PermanentCrop_2273.tif,6,2,PermanentCrop,HerbaceousVegetation,PermanentCrop
C:\Users\DELL Precision 5550\Documents\GitHub\Terrasight-Eurosat-RGB-vs-Multispectral\data\raw\multispectral\Industrial\Industrial_1580.tif,4,4,Industrial,Industrial,Industrial
C:\Users\DELL Precision 5550\Documents\GitHub\Terrasight-Eurosat-RGB-vs-Multispectral\data\raw\multispectral\AnnualCrop\AnnualCrop_539.tif,0,0,AnnualCrop,AnnualCrop,AnnualCrop
C:\Users\DELL Precision 5550\Documents\GitHub\Terrasight-Eurosat-RGB-vs-Multispectral\data\raw\multispectral\Residential\Residential_1664.tif,7,7,Residential,Residential,Residential
C:\Users\DELL Precision 5550\Documents\GitHub\Terrasight-Eurosat-RGB-vs-Multispectral\data\raw\multispectral\SeaLake\SeaLake_1529.tif,9,9,SeaLake,SeaLake,SeaLake
C:\Users\DELL Precision 5550\Documents\GitHub\Terrasight-Eurosat-RGB-vs-Multispectral\data\raw\multispectral\HerbaceousVegetation\HerbaceousVegetation_629.tif,2,2,HerbaceousVegetation,HerbaceousVegetation,HerbaceousVegetation
C:\Users\DELL Precision 5550\Documents\GitHub\Terrasight-Eurosat-RGB-vs-Multispectral\data\raw\multispectral\PermanentCrop\PermanentCrop_2147.tif,6,6,PermanentCrop,PermanentCrop,PermanentCrop
C:\Users\DELL Precision 5550\Documents\GitHub\Terrasight-Eurosat-RGB-vs-Multispectral\data\raw\multispectral\HerbaceousVegetation\HerbaceousVegetation_1155.tif,2,2,HerbaceousVegetation,HerbaceousVegetation,HerbaceousVegetation
C:\Users\DELL Precision 5550\Documents\GitHub\Terrasight-Eurosat-RGB-vs-Multispectral\data\raw\multispectral\Forest\Forest_1609.tif,1,1,Forest,Forest,Forest
C:\Users\DELL Precision 5550\Documents\GitHub\Terrasight-Eurosat-RGB-vs-Multispectral\data\raw\multispectral\River\River_1995.tif,8,8,River,River,River
C:\Users\DELL Precision 5550\Documents\GitHub\Terrasight-Eurosat-RGB-vs-Multispectral\data\raw\multispectral\Residential\Residential_1822.tif,7,7,Residential,Residential,Residential
C:\Users\DELL Precision 5550\Documents\GitHub\Terrasight-Eurosat-RGB-vs-Multispectral\data\raw\multispectral\AnnualCrop\AnnualCrop_1576.tif,0,0,AnnualCrop,AnnualCrop,AnnualCrop
C:\Users\DELL Precision 5550\Documents\GitHub\Terrasight-Eurosat-RGB-vs-Multispectral\data\raw\multispectral\Industrial\Industrial_1295.tif,4,4,Industrial,Industrial,Industrial
C:\Users\DELL Precision 5550\Documents\GitHub\Terrasight-Eurosat-RGB-vs-Multispectral\data\raw\multispectral\PermanentCrop\PermanentCrop_198.tif,6,6,PermanentCrop,PermanentCrop,PermanentCrop
C:\Users\DELL Precision 5550\Documents\GitHub\Terrasight-Eurosat-RGB-vs-Multispectral\data\raw\multispectral\Residential\Residential_1830.tif,7,7,Residential,Residential,Residential
C:\Users\DELL Precision 5550\Documents\GitHub\Terrasight-Eurosat-RGB-vs-Multispectral\data\raw\multispectral\HerbaceousVegetation\HerbaceousVegetation_190.tif,2,2,HerbaceousVegetation,HerbaceousVegetation,HerbaceousVegetation
C:\Users\DELL Precision 5550\Documents\GitHub\Terrasight-Eurosat-RGB-vs-Multispectral\data\raw\multispectral\AnnualCrop\AnnualCrop_1881.tif,0,0,AnnualCrop,AnnualCrop,AnnualCrop
C:\Users\DELL Precision 5550\Documents\GitHub\Terrasight-Eurosat-RGB-vs-Multispectral\data\raw\multispectral\SeaLake\SeaLake_2609.tif,9,9,SeaLake,SeaLake,SeaLake
C:\Users\DELL Precision 5550\Documents\GitHub\Terrasight-Eurosat-RGB-vs-Multispectral\data\raw\multispectral\River\River_29.tif,8,8,River,River,River
C:\Users\DELL Precision 5550\Documents\GitHub\Terrasight-Eurosat-RGB-vs-Multispectral\data\raw\multispectral\Forest\Forest_254.tif,1,1,Forest,Forest,Forest
C:\Users\DELL Precision 5550\Documents\GitHub\Terrasight-Eurosat-RGB-vs-Multispectral\data\raw\multispectral\SeaLake\SeaLake_2520.tif,9,9,SeaLake,SeaLake,SeaLake
C:\Users\DELL Precision 5550\Documents\GitHub\Terrasight-Eurosat-RGB-vs-Multispectral\data\raw\multispectral\Pasture\Pasture_1018.tif,5,5,Pasture,Pasture,Pasture
C:\Users\DELL Precision 5550\Documents\GitHub\Terrasight-Eurosat-RGB-vs-Multispectral\data\raw\multispectral\HerbaceousVegetation\HerbaceousVegetation_2136.tif,2,2,HerbaceousVegetation,HerbaceousVegetation,HerbaceousVegetation
C:\Users\DELL Precision 5550\Documents\GitHub\Terrasight-Eurosat-RGB-vs-Multispectral\data\raw\multispectral\PermanentCrop\PermanentCrop_1275.tif,6,6,PermanentCrop,PermanentCrop,PermanentCrop
C:\Users\DELL Precision 5550\Documents\GitHub\Terrasight-Eurosat-RGB-vs-Multispectral\data\raw\multispectral\Industrial\Industrial_2119.tif,4,4,Industrial,Industrial,Industrial
C:\Users\DELL Precision 5550\Documents\GitHub\Terrasight-Eurosat-RGB-vs-Multispectral\data\raw\multispectral\River\River_531.tif,8,8,River,River,River
C:\Users\DELL Precision 5550\Documents\GitHub\Terrasight-Eurosat-RGB-vs-Multispectral\data\raw\multispectral\PermanentCrop\PermanentCrop_2235.tif,6,6,PermanentCrop,PermanentCrop,PermanentCrop
C:\Users\DELL Precision 5550\Documents\GitHub\Terrasight-Eurosat-RGB-vs-Multispectral\data\raw\multispectral\Residential\Residential_70.tif,7,7,Residential,Residential,Residential
C:\Users\DELL Precision 5550\Documents\GitHub\Terrasight-Eurosat-RGB-vs-Multispectral\data\raw\multispectral\Highway\Highway_780.tif,3,3,Highway,Highway,Highway
C:\Users\DELL Precision 5550\Documents\GitHub\Terrasight-Eurosat-RGB-vs-Multispectral\data\raw\multispectral\Residential\Residential_1229.tif,7,7,Residential,Residential,Residential
C:\Users\DELL Precision 5550\Documents\GitHub\Terrasight-Eurosat-RGB-vs-Multispectral\data\raw\multispectral\SeaLake\SeaLake_1620.tif,9,9,SeaLake,SeaLake,SeaLake
C:\Users\DELL Precision 5550\Documents\GitHub\Terrasight-Eurosat-RGB-vs-Multispectral\data\raw\multispectral\AnnualCrop\AnnualCrop_127.tif,0,9,AnnualCrop,SeaLake,AnnualCrop
C:\Users\DELL Precision 5550\Documents\GitHub\Terrasight-Eurosat-RGB-vs-Multispectral\data\raw\multispectral\Forest\Forest_333.tif,1,1,Forest,Forest,Forest
C:\Users\DELL Precision 5550\Documents\GitHub\Terrasight-Eurosat-RGB-vs-Multispectral\data\raw\multispectral\Highway\Highway_1212.tif,3,3,Highway,Highway,Highway
C:\Users\DELL Precision 5550\Documents\GitHub\Terrasight-Eurosat-RGB-vs-Multispectral\data\raw\multispectral\PermanentCrop\PermanentCrop_913.tif,6,6,PermanentCrop,PermanentCrop,PermanentCrop
C:\Users\DELL Precision 5550\Documents\GitHub\Terrasight-Eurosat-RGB-vs-Multispectral\data\raw\multispectral\Highway\Highway_1267.tif,3,3,Highway,Highway,Highway
C:\Users\DELL Precision 5550\Documents\GitHub\Terrasight-Eurosat-RGB-vs-Multispectral\data\raw\multispectral\HerbaceousVegetation\HerbaceousVegetation_1600.tif,2,2,HerbaceousVegetation,HerbaceousVegetation,HerbaceousVegetation
C:\Users\DELL Precision 5550\Documents\GitHub\Terrasight-Eurosat-RGB-vs-Multispectral\data\raw\multispectral\Pasture\Pasture_1869.tif,5,1,Pasture,Forest,Pasture
C:\Users\DELL Precision 5550\Documents\GitHub\Terrasight-Eurosat-RGB-vs-Multispectral\data\raw\multispectral\Highway\Highway_987.tif,3,3,Highway,Highway,Highway
C:\Users\DELL Precision 5550\Documents\GitHub\Terrasight-Eurosat-RGB-vs-Multispectral\data\raw\multispectral\AnnualCrop\AnnualCrop_1658.tif,0,0,AnnualCrop,AnnualCrop,AnnualCrop
C:\Users\DELL Precision 5550\Documents\GitHub\Terrasight-Eurosat-RGB-vs-Multispectral\data\raw\multispectral\SeaLake\SeaLake_2760.tif,9,9,SeaLake,SeaLake,SeaLake
C:\Users\DELL Precision 5550\Documents\GitHub\Terrasight-Eurosat-RGB-vs-Multispectral\data\raw\multispectral\Highway\Highway_1117.tif,3,3,Highway,Highway,Highway
C:\Users\DELL Precision 5550\Documents\GitHub\Terrasight-Eurosat-RGB-vs-Multispectral\data\raw\multispectral\AnnualCrop\AnnualCrop_2169.tif,0,0,AnnualCrop,AnnualCrop,AnnualCrop
C:\Users\DELL Precision 5550\Documents\GitHub\Terrasight-Eurosat-RGB-vs-Multispectral\data\raw\multispectral\Highway\Highway_183.tif,3,3,Highway,Highway,Highway
C:\Users\DELL Precision 5550\Documents\GitHub\Terrasight-Eurosat-RGB-vs-Multispectral\data\raw\multispectral\River\River_1723.tif,8,8,River,River,River
C:\Users\DELL Precision 5550\Documents\GitHub\Terrasight-Eurosat-RGB-vs-Multispectral\data\raw\multispectral\River\River_1108.tif,8,8,River,River,River
C:\Users\DELL Precision 5550\Documents\GitHub\Terrasight-Eurosat-RGB-vs-Multispectral\data\raw\multispectral\Industrial\Industrial_1456.tif,4,4,Industrial,Industrial,Industrial
C:\Users\DELL Precision 5550\Documents\GitHub\Terrasight-Eurosat-RGB-vs-Multispectral\data\raw\multispectral\Highway\Highway_784.tif,3,3,Highway,Highway,Highway
C:\Users\DELL Precision 5550\Documents\GitHub\Terrasight-Eurosat-RGB-vs-Multispectral\data\raw\multispectral\Forest\Forest_1988.tif,1,1,Forest,Forest,Forest
C:\Users\DELL Precision 5550\Documents\GitHub\Terrasight-Eurosat-RGB-vs-Multispectral\data\raw\multispectral\Industrial\Industrial_2169.tif,4,4,Industrial,Industrial,Industrial
C:\Users\DELL Precision 5550\Documents\GitHub\Terrasight-Eurosat-RGB-vs-Multispectral\data\raw\multispectral\Pasture\Pasture_1823.tif,5,5,Pasture,Pasture,Pasture
C:\Users\DELL Precision 5550\Documents\GitHub\Terrasight-Eurosat-RGB-vs-Multispectral\data\raw\multispectral\AnnualCrop\AnnualCrop_1985.tif,0,0,AnnualCrop,AnnualCrop,AnnualCrop
C:\Users\DELL Precision 5550\Documents\GitHub\Terrasight-Eurosat-RGB-vs-Multispectral\data\raw\multispectral\SeaLake\SeaLake_216.tif,9,9,SeaLake,SeaLake,SeaLake
C:\Users\DELL Precision 5550\Documents\GitHub\Terrasight-Eurosat-RGB-vs-Multispectral\data\raw\multispectral\Highway\Highway_2176.tif,3,3,Highway,Highway,Highway
C:\Users\DELL Precision 5550\Documents\GitHub\Terrasight-Eurosat-RGB-vs-Multispectral\data\raw\multispectral\Highway\Highway_1610.tif,3,3,Highway,Highway,Highway
C:\Users\DELL Precision 5550\Documents\GitHub\Terrasight-Eurosat-RGB-vs-Multispectral\data\raw\multispectral\PermanentCrop\PermanentCrop_1161.tif,6,6,PermanentCrop,PermanentCrop,PermanentCrop
C:\Users\DELL Precision 5550\Documents\GitHub\Terrasight-Eurosat-RGB-vs-Multispectral\data\raw\multispectral\Highway\Highway_267.tif,3,3,Highway,Highway,Highway
C:\Users\DELL Precision 5550\Documents\GitHub\Terrasight-Eurosat-RGB-vs-Multispectral\data\raw\multispectral\Forest\Forest_11.tif,1,1,Forest,Forest,Forest
C:\Users\DELL Precision 5550\Documents\GitHub\Terrasight-Eurosat-RGB-vs-Multispectral\data\raw\multispectral\River\River_238.tif,8,8,River,River,River
C:\Users\DELL Precision 5550\Documents\GitHub\Terrasight-Eurosat-RGB-vs-Multispectral\data\raw\multispectral\SeaLake\SeaLake_2117.tif,9,9,SeaLake,SeaLake,SeaLake
C:\Users\DELL Precision 5550\Documents\GitHub\Terrasight-Eurosat-RGB-vs-Multispectral\data\raw\multispectral\AnnualCrop\AnnualCrop_1959.tif,0,0,AnnualCrop,AnnualCrop,AnnualCrop
C:\Users\DELL Precision 5550\Documents\GitHub\Terrasight-Eurosat-RGB-vs-Multispectral\data\raw\multispectral\PermanentCrop\PermanentCrop_1901.tif,6,6,PermanentCrop,PermanentCrop,PermanentCrop
C:\Users\DELL Precision 5550\Documents\GitHub\Terrasight-Eurosat-RGB-vs-Multispectral\data\raw\multispectral\River\River_51.tif,8,8,River,River,River
C:\Users\DELL Precision 5550\Documents\GitHub\Terrasight-Eurosat-RGB-vs-Multispectral\data\raw\multispectral\Highway\Highway_59.tif,3,3,Highway,Highway,Highway
C:\Users\DELL Precision 5550\Documents\GitHub\Terrasight-Eurosat-RGB-vs-Multispectral\data\raw\multispectral\Residential\Residential_2363.tif,7,7,Residential,Residential,Residential
C:\Users\DELL Precision 5550\Documents\GitHub\Terrasight-Eurosat-RGB-vs-Multispectral\data\raw\multispectral\Industrial\Industrial_1359.tif,4,4,Industrial,Industrial,Industrial
C:\Users\DELL Precision 5550\Documents\GitHub\Terrasight-Eurosat-RGB-vs-Multispectral\data\raw\multispectral\HerbaceousVegetation\HerbaceousVegetation_733.tif,2,2,HerbaceousVegetation,HerbaceousVegetation,HerbaceousVegetation
C:\Users\DELL Precision 5550\Documents\GitHub\Terrasight-Eurosat-RGB-vs-Multispectral\data\raw\multispectral\River\River_6.tif,8,8,River,River,River
C:\Users\DELL Precision 5550\Documents\GitHub\Terrasight-Eurosat-RGB-vs-Multispectral\data\raw\multispectral\Industrial\Industrial_187.tif,4,4,Industrial,Industrial,Industrial
C:\Users\DELL Precision 5550\Documents\GitHub\Terrasight-Eurosat-RGB-vs-Multispectral\data\raw\multispectral\SeaLake\SeaLake_817.tif,9,9,SeaLake,SeaLake,SeaLake
C:\Users\DELL Precision 5550\Documents\GitHub\Terrasight-Eurosat-RGB-vs-Multispectral\data\raw\multispectral\Pasture\Pasture_1898.tif,5,5,Pasture,Pasture,Pasture
C:\Users\DELL Precision 5550\Documents\GitHub\Terrasight-Eurosat-RGB-vs-Multispectral\data\raw\multispectral\Highway\Highway_1641.tif,3,3,Highway,Highway,Highway
C:\Users\DELL Precision 5550\Documents\GitHub\Terrasight-Eurosat-RGB-vs-Multispectral\data\raw\multispectral\SeaLake\SeaLake_1953.tif,9,9,SeaLake,SeaLake,SeaLake
C:\Users\DELL Precision 5550\Documents\GitHub\Terrasight-Eurosat-RGB-vs-Multispectral\data\raw\multispectral\Industrial\Industrial_1051.tif,4,4,Industrial,Industrial,Industrial
C:\Users\DELL Precision 5550\Documents\GitHub\Terrasight-Eurosat-RGB-vs-Multispectral\data\raw\multispectral\Highway\Highway_1708.tif,3,3,Highway,Highway,Highway
C:\Users\DELL Precision 5550\Documents\GitHub\Terrasight-Eurosat-RGB-vs-Multispectral\data\raw\multispectral\PermanentCrop\PermanentCrop_838.tif,6,6,PermanentCrop,PermanentCrop,PermanentCrop
C:\Users\DELL Precision 5550\Documents\GitHub\Terrasight-Eurosat-RGB-vs-Multispectral\data\raw\multispectral\PermanentCrop\PermanentCrop_1140.tif,6,6,PermanentCrop,PermanentCrop,PermanentCrop
C:\Users\DELL Precision 5550\Documents\GitHub\Terrasight-Eurosat-RGB-vs-Multispectral\data\raw\multispectral\PermanentCrop\PermanentCrop_2326.tif,6,6,PermanentCrop,PermanentCrop,PermanentCrop
C:\Users\DELL Precision 5550\Documents\GitHub\Terrasight-Eurosat-RGB-vs-Multispectral\data\raw\multispectral\AnnualCrop\AnnualCrop_2374.tif,0,0,AnnualCrop,AnnualCrop,AnnualCrop
C:\Users\DELL Precision 5550\Documents\GitHub\Terrasight-Eurosat-RGB-vs-Multispectral\data\raw\multispectral\Residential\Residential_575.tif,7,7,Residential,Residential,Residential
C:\Users\DELL Precision 5550\Documents\GitHub\Terrasight-Eurosat-RGB-vs-Multispectral\data\raw\multispectral\Highway\Highway_113.tif,3,3,Highway,Highway,Highway
C:\Users\DELL Precision 5550\Documents\GitHub\Terrasight-Eurosat-RGB-vs-Multispectral\data\raw\multispectral\HerbaceousVegetation\HerbaceousVegetation_550.tif,2,2,HerbaceousVegetation,HerbaceousVegetation,HerbaceousVegetation
C:\Users\DELL Precision 5550\Documents\GitHub\Terrasight-Eurosat-RGB-vs-Multispectral\data\raw\multispectral\SeaLake\SeaLake_2530.tif,9,9,SeaLake,SeaLake,SeaLake
C:\Users\DELL Precision 5550\Documents\GitHub\Terrasight-Eurosat-RGB-vs-Multispectral\data\raw\multispectral\AnnualCrop\AnnualCrop_1494.tif,0,0,AnnualCrop,AnnualCrop,AnnualCrop
C:\Users\DELL Precision 5550\Documents\GitHub\Terrasight-Eurosat-RGB-vs-Multispectral\data\raw\multispectral\SeaLake\SeaLake_2100.tif,9,9,SeaLake,SeaLake,SeaLake
C:\Users\DELL Precision 5550\Documents\GitHub\Terrasight-Eurosat-RGB-vs-Multispectral\data\raw\multispectral\Industrial\Industrial_709.tif,4,4,Industrial,Industrial,Industrial
C:\Users\DELL Precision 5550\Documents\GitHub\Terrasight-Eurosat-RGB-vs-Multispectral\data\raw\multispectral\Forest\Forest_2376.tif,1,1,Forest,Forest,Forest
C:\Users\DELL Precision 5550\Documents\GitHub\Terrasight-Eurosat-RGB-vs-Multispectral\data\raw\multispectral\Forest\Forest_1017.tif,1,1,Forest,Forest,Forest
C:\Users\DELL Precision 5550\Documents\GitHub\Terrasight-Eurosat-RGB-vs-Multispectral\data\raw\multispectral\Residential\Residential_1806.tif,7,7,Residential,Residential,Residential
C:\Users\DELL Precision 5550\Documents\GitHub\Terrasight-Eurosat-RGB-vs-Multispectral\data\raw\multispectral\HerbaceousVegetation\HerbaceousVegetation_935.tif,2,2,HerbaceousVegetation,HerbaceousVegetation,HerbaceousVegetation
C:\Users\DELL Precision 5550\Documents\GitHub\Terrasight-Eurosat-RGB-vs-Multispectral\data\raw\multispectral\Highway\Highway_431.tif,3,3,Highway,Highway,Highway
C:\Users\DELL Precision 5550\Documents\GitHub\Terrasight-Eurosat-RGB-vs-Multispectral\data\raw\multispectral\Residential\Residential_311.tif,7,7,Residential,Residential,Residential
C:\Users\DELL Precision 5550\Documents\GitHub\Terrasight-Eurosat-RGB-vs-Multispectral\data\raw\multispectral\Residential\Residential_921.tif,7,7,Residential,Residential,Residential
C:\Users\DELL Precision 5550\Documents\GitHub\Terrasight-Eurosat-RGB-vs-Multispectral\data\raw\multispectral\PermanentCrop\PermanentCrop_1231.tif,6,6,PermanentCrop,PermanentCrop,PermanentCrop
C:\Users\DELL Precision 5550\Documents\GitHub\Terrasight-Eurosat-RGB-vs-Multispectral\data\raw\multispectral\Highway\Highway_1735.tif,3,3,Highway,Highway,Highway
C:\Users\DELL Precision 5550\Documents\GitHub\Terrasight-Eurosat-RGB-vs-Multispectral\data\raw\multispectral\Industrial\Industrial_2219.tif,4,4,Industrial,Industrial,Industrial
C:\Users\DELL Precision 5550\Documents\GitHub\Terrasight-Eurosat-RGB-vs-Multispectral\data\raw\multispectral\Forest\Forest_2752.tif,1,1,Forest,Forest,Forest
C:\Users\DELL Precision 5550\Documents\GitHub\Terrasight-Eurosat-RGB-vs-Multispectral\data\raw\multispectral\HerbaceousVegetation\HerbaceousVegetation_561.tif,2,2,HerbaceousVegetation,HerbaceousVegetation,HerbaceousVegetation
C:\Users\DELL Precision 5550\Documents\GitHub\Terrasight-Eurosat-RGB-vs-Multispectral\data\raw\multispectral\HerbaceousVegetation\HerbaceousVegetation_1127.tif,2,2,HerbaceousVegetation,HerbaceousVegetation,HerbaceousVegetation
C:\Users\DELL Precision 5550\Documents\GitHub\Terrasight-Eurosat-RGB-vs-Multispectral\data\raw\multispectral\SeaLake\SeaLake_591.tif,9,9,SeaLake,SeaLake,SeaLake
C:\Users\DELL Precision 5550\Documents\GitHub\Terrasight-Eurosat-RGB-vs-Multispectral\data\raw\multispectral\Highway\Highway_2499.tif,3,0,Highway,AnnualCrop,Highway
C:\Users\DELL Precision 5550\Documents\GitHub\Terrasight-Eurosat-RGB-vs-Multispectral\data\raw\multispectral\River\River_1762.tif,8,8,River,River,River
C:\Users\DELL Precision 5550\Documents\GitHub\Terrasight-Eurosat-RGB-vs-Multispectral\data\raw\multispectral\AnnualCrop\AnnualCrop_1859.tif,0,2,AnnualCrop,HerbaceousVegetation,AnnualCrop
C:\Users\DELL Precision 5550\Documents\GitHub\Terrasight-Eurosat-RGB-vs-Multispectral\data\raw\multispectral\Residential\Residential_2479.tif,7,7,Residential,Residential,Residential
C:\Users\DELL Precision 5550\Documents\GitHub\Terrasight-Eurosat-RGB-vs-Multispectral\data\raw\multispectral\Industrial\Industrial_1228.tif,4,4,Industrial,Industrial,Industrial
C:\Users\DELL Precision 5550\Documents\GitHub\Terrasight-Eurosat-RGB-vs-Multispectral\data\raw\multispectral\AnnualCrop\AnnualCrop_1732.tif,0,0,AnnualCrop,AnnualCrop,AnnualCrop
C:\Users\DELL Precision 5550\Documents\GitHub\Terrasight-Eurosat-RGB-vs-Multispectral\data\raw\multispectral\PermanentCrop\PermanentCrop_702.tif,6,2,PermanentCrop,HerbaceousVegetation,PermanentCrop
C:\Users\DELL Precision 5550\Documents\GitHub\Terrasight-Eurosat-RGB-vs-Multispectral\data\raw\multispectral\HerbaceousVegetation\HerbaceousVegetation_547.tif,2,2,HerbaceousVegetation,HerbaceousVegetation,HerbaceousVegetation
C:\Users\DELL Precision 5550\Documents\GitHub\Terrasight-Eurosat-RGB-vs-Multispectral\data\raw\multispectral\PermanentCrop\PermanentCrop_287.tif,6,6,PermanentCrop,PermanentCrop,PermanentCrop
C:\Users\DELL Precision 5550\Documents\GitHub\Terrasight-Eurosat-RGB-vs-Multispectral\data\raw\multispectral\Highway\Highway_2149.tif,3,3,Highway,Highway,Highway
C:\Users\DELL Precision 5550\Documents\GitHub\Terrasight-Eurosat-RGB-vs-Multispectral\data\raw\multispectral\HerbaceousVegetation\HerbaceousVegetation_642.tif,2,2,HerbaceousVegetation,HerbaceousVegetation,HerbaceousVegetation
C:\Users\DELL Precision 5550\Documents\GitHub\Terrasight-Eurosat-RGB-vs-Multispectral\data\raw\multispectral\AnnualCrop\AnnualCrop_2293.tif,0,0,AnnualCrop,AnnualCrop,AnnualCrop
C:\Users\DELL Precision 5550\Documents\GitHub\Terrasight-Eurosat-RGB-vs-Multispectral\data\raw\multispectral\Industrial\Industrial_702.tif,4,4,Industrial,Industrial,Industrial
C:\Users\DELL Precision 5550\Documents\GitHub\Terrasight-Eurosat-RGB-vs-Multispectral\data\raw\multispectral\PermanentCrop\PermanentCrop_1589.tif,6,6,PermanentCrop,PermanentCrop,PermanentCrop
C:\Users\DELL Precision 5550\Documents\GitHub\Terrasight-Eurosat-RGB-vs-Multispectral\data\raw\multispectral\Industrial\Industrial_2193.tif,4,4,Industrial,Industrial,Industrial
C:\Users\DELL Precision 5550\Documents\GitHub\Terrasight-Eurosat-RGB-vs-Multispectral\data\raw\multispectral\Forest\Forest_2754.tif,1,1,Forest,Forest,Forest
C:\Users\DELL Precision 5550\Documents\GitHub\Terrasight-Eurosat-RGB-vs-Multispectral\data\raw\multispectral\PermanentCrop\PermanentCrop_986.tif,6,6,PermanentCrop,PermanentCrop,PermanentCrop
C:\Users\DELL Precision 5550\Documents\GitHub\Terrasight-Eurosat-RGB-vs-Multispectral\data\raw\multispectral\PermanentCrop\PermanentCrop_1478.tif,6,6,PermanentCrop,PermanentCrop,PermanentCrop
C:\Users\DELL Precision 5550\Documents\GitHub\Terrasight-Eurosat-RGB-vs-Multispectral\data\raw\multispectral\Residential\Residential_2462.tif,7,7,Residential,Residential,Residential
C:\Users\DELL Precision 5550\Documents\GitHub\Terrasight-Eurosat-RGB-vs-Multispectral\data\raw\multispectral\Pasture\Pasture_614.tif,5,5,Pasture,Pasture,Pasture
C:\Users\DELL Precision 5550\Documents\GitHub\Terrasight-Eurosat-RGB-vs-Multispectral\data\raw\multispectral\Forest\Forest_2180.tif,1,1,Forest,Forest,Forest
C:\Users\DELL Precision 5550\Documents\GitHub\Terrasight-Eurosat-RGB-vs-Multispectral\data\raw\multispectral\SeaLake\SeaLake_2990.tif,9,9,SeaLake,SeaLake,SeaLake
C:\Users\DELL Precision 5550\Documents\GitHub\Terrasight-Eurosat-RGB-vs-Multispectral\data\raw\multispectral\Highway\Highway_1476.tif,3,3,Highway,Highway,Highway
C:\Users\DELL Precision 5550\Documents\GitHub\Terrasight-Eurosat-RGB-vs-Multispectral\data\raw\multispectral\Industrial\Industrial_1425.tif,4,4,Industrial,Industrial,Industrial
C:\Users\DELL Precision 5550\Documents\GitHub\Terrasight-Eurosat-RGB-vs-Multispectral\data\raw\multispectral\Pasture\Pasture_1320.tif,5,2,Pasture,HerbaceousVegetation,Pasture
C:\Users\DELL Precision 5550\Documents\GitHub\Terrasight-Eurosat-RGB-vs-Multispectral\data\raw\multispectral\PermanentCrop\PermanentCrop_1272.tif,6,6,PermanentCrop,PermanentCrop,PermanentCrop
C:\Users\DELL Precision 5550\Documents\GitHub\Terrasight-Eurosat-RGB-vs-Multispectral\data\raw\multispectral\Residential\Residential_2118.tif,7,7,Residential,Residential,Residential
C:\Users\DELL Precision 5550\Documents\GitHub\Terrasight-Eurosat-RGB-vs-Multispectral\data\raw\multispectral\SeaLake\SeaLake_2873.tif,9,9,SeaLake,SeaLake,SeaLake
C:\Users\DELL Precision 5550\Documents\GitHub\Terrasight-Eurosat-RGB-vs-Multispectral\data\raw\multispectral\AnnualCrop\AnnualCrop_2633.tif,0,0,AnnualCrop,AnnualCrop,AnnualCrop
C:\Users\DELL Precision 5550\Documents\GitHub\Terrasight-Eurosat-RGB-vs-Multispectral\data\raw\multispectral\PermanentCrop\PermanentCrop_2123.tif,6,6,PermanentCrop,PermanentCrop,PermanentCrop
C:\Users\DELL Precision 5550\Documents\GitHub\Terrasight-Eurosat-RGB-vs-Multispectral\data\raw\multispectral\AnnualCrop\AnnualCrop_2971.tif,0,0,AnnualCrop,AnnualCrop,AnnualCrop
C:\Users\DELL Precision 5550\Documents\GitHub\Terrasight-Eurosat-RGB-vs-Multispectral\data\raw\multispectral\Industrial\Industrial_1830.tif,4,6,Industrial,PermanentCrop,Industrial
C:\Users\DELL Precision 5550\Documents\GitHub\Terrasight-Eurosat-RGB-vs-Multispectral\data\raw\multispectral\Residential\Residential_764.tif,7,7,Residential,Residential,Residential
C:\Users\DELL Precision 5550\Documents\GitHub\Terrasight-Eurosat-RGB-vs-Multispectral\data\raw\multispectral\Forest\Forest_315.tif,1,1,Forest,Forest,Forest
C:\Users\DELL Precision 5550\Documents\GitHub\Terrasight-Eurosat-RGB-vs-Multispectral\data\raw\multispectral\Forest\Forest_941.tif,1,1,Forest,Forest,Forest
C:\Users\DELL Precision 5550\Documents\GitHub\Terrasight-Eurosat-RGB-vs-Multispectral\data\raw\multispectral\Residential\Residential_2558.tif,7,7,Residential,Residential,Residential
C:\Users\DELL Precision 5550\Documents\GitHub\Terrasight-Eurosat-RGB-vs-Multispectral\data\raw\multispectral\Pasture\Pasture_460.tif,5,5,Pasture,Pasture,Pasture
C:\Users\DELL Precision 5550\Documents\GitHub\Terrasight-Eurosat-RGB-vs-Multispectral\data\raw\multispectral\Forest\Forest_1159.tif,1,1,Forest,Forest,Forest
C:\Users\DELL Precision 5550\Documents\GitHub\Terrasight-Eurosat-RGB-vs-Multispectral\data\raw\multispectral\Residential\Residential_725.tif,7,7,Residential,Residential,Residential
C:\Users\DELL Precision 5550\Documents\GitHub\Terrasight-Eurosat-RGB-vs-Multispectral\data\raw\multispectral\Highway\Highway_1218.tif,3,3,Highway,Highway,Highway
C:\Users\DELL Precision 5550\Documents\GitHub\Terrasight-Eurosat-RGB-vs-Multispectral\data\raw\multispectral\AnnualCrop\AnnualCrop_568.tif,0,0,AnnualCrop,AnnualCrop,AnnualCrop
C:\Users\DELL Precision 5550\Documents\GitHub\Terrasight-Eurosat-RGB-vs-Multispectral\data\raw\multispectral\Forest\Forest_2465.tif,1,1,Forest,Forest,Forest
C:\Users\DELL Precision 5550\Documents\GitHub\Terrasight-Eurosat-RGB-vs-Multispectral\data\raw\multispectral\Residential\Residential_1773.tif,7,7,Residential,Residential,Residential
C:\Users\DELL Precision 5550\Documents\GitHub\Terrasight-Eurosat-RGB-vs-Multispectral\data\raw\multispectral\SeaLake\SeaLake_2946.tif,9,9,SeaLake,SeaLake,SeaLake
C:\Users\DELL Precision 5550\Documents\GitHub\Terrasight-Eurosat-RGB-vs-Multispectral\data\raw\multispectral\Highway\Highway_156.tif,3,3,Highway,Highway,Highway
C:\Users\DELL Precision 5550\Documents\GitHub\Terrasight-Eurosat-RGB-vs-Multispectral\data\raw\multispectral\PermanentCrop\PermanentCrop_2007.tif,6,6,PermanentCrop,PermanentCrop,PermanentCrop
C:\Users\DELL Precision 5550\Documents\GitHub\Terrasight-Eurosat-RGB-vs-Multispectral\data\raw\multispectral\Highway\Highway_281.tif,3,0,Highway,AnnualCrop,Highway
C:\Users\DELL Precision 5550\Documents\GitHub\Terrasight-Eurosat-RGB-vs-Multispectral\data\raw\multispectral\Highway\Highway_1163.tif,3,3,Highway,Highway,Highway
C:\Users\DELL Precision 5550\Documents\GitHub\Terrasight-Eurosat-RGB-vs-Multispectral\data\raw\multispectral\AnnualCrop\AnnualCrop_600.tif,0,0,AnnualCrop,AnnualCrop,AnnualCrop
C:\Users\DELL Precision 5550\Documents\GitHub\Terrasight-Eurosat-RGB-vs-Multispectral\data\raw\multispectral\HerbaceousVegetation\HerbaceousVegetation_919.tif,2,2,HerbaceousVegetation,HerbaceousVegetation,HerbaceousVegetation
C:\Users\DELL Precision 5550\Documents\GitHub\Terrasight-Eurosat-RGB-vs-Multispectral\data\raw\multispectral\Highway\Highway_536.tif,3,3,Highway,Highway,Highway
C:\Users\DELL Precision 5550\Documents\GitHub\Terrasight-Eurosat-RGB-vs-Multispectral\data\raw\multispectral\HerbaceousVegetation\HerbaceousVegetation_931.tif,2,2,HerbaceousVegetation,HerbaceousVegetation,HerbaceousVegetation
C:\Users\DELL Precision 5550\Documents\GitHub\Terrasight-Eurosat-RGB-vs-Multispectral\data\raw\multispectral\AnnualCrop\AnnualCrop_1686.tif,0,0,AnnualCrop,AnnualCrop,AnnualCrop
C:\Users\DELL Precision 5550\Documents\GitHub\Terrasight-Eurosat-RGB-vs-Multispectral\data\raw\multispectral\HerbaceousVegetation\HerbaceousVegetation_1981.tif,2,2,HerbaceousVegetation,HerbaceousVegetation,HerbaceousVegetation
C:\Users\DELL Precision 5550\Documents\GitHub\Terrasight-Eurosat-RGB-vs-Multispectral\data\raw\multispectral\Industrial\Industrial_973.tif,4,4,Industrial,Industrial,Industrial
C:\Users\DELL Precision 5550\Documents\GitHub\Terrasight-Eurosat-RGB-vs-Multispectral\data\raw\multispectral\Pasture\Pasture_1865.tif,5,5,Pasture,Pasture,Pasture
C:\Users\DELL Precision 5550\Documents\GitHub\Terrasight-Eurosat-RGB-vs-Multispectral\data\raw\multispectral\Highway\Highway_652.tif,3,3,Highway,Highway,Highway
C:\Users\DELL Precision 5550\Documents\GitHub\Terrasight-Eurosat-RGB-vs-Multispectral\data\raw\multispectral\Residential\Residential_49.tif,7,7,Residential,Residential,Residential
C:\Users\DELL Precision 5550\Documents\GitHub\Terrasight-Eurosat-RGB-vs-Multispectral\data\raw\multispectral\AnnualCrop\AnnualCrop_2510.tif,0,0,AnnualCrop,AnnualCrop,AnnualCrop
C:\Users\DELL Precision 5550\Documents\GitHub\Terrasight-Eurosat-RGB-vs-Multispectral\data\raw\multispectral\AnnualCrop\AnnualCrop_1361.tif,0,0,AnnualCrop,AnnualCrop,AnnualCrop
C:\Users\DELL Precision 5550\Documents\GitHub\Terrasight-Eurosat-RGB-vs-Multispectral\data\raw\multispectral\Residential\Residential_2909.tif,7,7,Residential,Residential,Residential
C:\Users\DELL Precision 5550\Documents\GitHub\Terrasight-Eurosat-RGB-vs-Multispectral\data\raw\multispectral\AnnualCrop\AnnualCrop_1445.tif,0,0,AnnualCrop,AnnualCrop,AnnualCrop
C:\Users\DELL Precision 5550\Documents\GitHub\Terrasight-Eurosat-RGB-vs-Multispectral\data\raw\multispectral\HerbaceousVegetation\HerbaceousVegetation_1415.tif,2,2,HerbaceousVegetation,HerbaceousVegetation,HerbaceousVegetation
C:\Users\DELL Precision 5550\Documents\GitHub\Terrasight-Eurosat-RGB-vs-Multispectral\data\raw\multispectral\HerbaceousVegetation\HerbaceousVegetation_2942.tif,2,2,HerbaceousVegetation,HerbaceousVegetation,HerbaceousVegetation
C:\Users\DELL Precision 5550\Documents\GitHub\Terrasight-Eurosat-RGB-vs-Multispectral\data\raw\multispectral\Forest\Forest_2882.tif,1,1,Forest,Forest,Forest
C:\Users\DELL Precision 5550\Documents\GitHub\Terrasight-Eurosat-RGB-vs-Multispectral\data\raw\multispectral\River\River_1870.tif,8,8,River,River,River
C:\Users\DELL Precision 5550\Documents\GitHub\Terrasight-Eurosat-RGB-vs-Multispectral\data\raw\multispectral\Pasture\Pasture_1057.tif,5,5,Pasture,Pasture,Pasture
C:\Users\DELL Precision 5550\Documents\GitHub\Terrasight-Eurosat-RGB-vs-Multispectral\data\raw\multispectral\PermanentCrop\PermanentCrop_1442.tif,6,6,PermanentCrop,PermanentCrop,PermanentCrop
C:\Users\DELL Precision 5550\Documents\GitHub\Terrasight-Eurosat-RGB-vs-Multispectral\data\raw\multispectral\Highway\Highway_1543.tif,3,3,Highway,Highway,Highway
C:\Users\DELL Precision 5550\Documents\GitHub\Terrasight-Eurosat-RGB-vs-Multispectral\data\raw\multispectral\Residential\Residential_215.tif,7,7,Residential,Residential,Residential
C:\Users\DELL Precision 5550\Documents\GitHub\Terrasight-Eurosat-RGB-vs-Multispectral\data\raw\multispectral\Highway\Highway_637.tif,3,3,Highway,Highway,Highway
C:\Users\DELL Precision 5550\Documents\GitHub\Terrasight-Eurosat-RGB-vs-Multispectral\data\raw\multispectral\HerbaceousVegetation\HerbaceousVegetation_2479.tif,2,2,HerbaceousVegetation,HerbaceousVegetation,HerbaceousVegetation
C:\Users\DELL Precision 5550\Documents\GitHub\Terrasight-Eurosat-RGB-vs-Multispectral\data\raw\multispectral\Residential\Residential_997.tif,7,7,Residential,Residential,Residential
C:\Users\DELL Precision 5550\Documents\GitHub\Terrasight-Eurosat-RGB-vs-Multispectral\data\raw\multispectral\PermanentCrop\PermanentCrop_847.tif,6,6,PermanentCrop,PermanentCrop,PermanentCrop
C:\Users\DELL Precision 5550\Documents\GitHub\Terrasight-Eurosat-RGB-vs-Multispectral\data\raw\multispectral\HerbaceousVegetation\HerbaceousVegetation_1774.tif,2,2,HerbaceousVegetation,HerbaceousVegetation,HerbaceousVegetation
C:\Users\DELL Precision 5550\Documents\GitHub\Terrasight-Eurosat-RGB-vs-Multispectral\data\raw\multispectral\Forest\Forest_2258.tif,1,1,Forest,Forest,Forest
C:\Users\DELL Precision 5550\Documents\GitHub\Terrasight-Eurosat-RGB-vs-Multispectral\data\raw\multispectral\Pasture\Pasture_587.tif,5,5,Pasture,Pasture,Pasture
C:\Users\DELL Precision 5550\Documents\GitHub\Terrasight-Eurosat-RGB-vs-Multispectral\data\raw\multispectral\Residential\Residential_1980.tif,7,7,Residential,Residential,Residential
C:\Users\DELL Precision 5550\Documents\GitHub\Terrasight-Eurosat-RGB-vs-Multispectral\data\raw\multispectral\PermanentCrop\PermanentCrop_88.tif,6,0,PermanentCrop,AnnualCrop,PermanentCrop
C:\Users\DELL Precision 5550\Documents\GitHub\Terrasight-Eurosat-RGB-vs-Multispectral\data\raw\multispectral\SeaLake\SeaLake_2411.tif,9,9,SeaLake,SeaLake,SeaLake
C:\Users\DELL Precision 5550\Documents\GitHub\Terrasight-Eurosat-RGB-vs-Multispectral\data\raw\multispectral\Forest\Forest_2395.tif,1,1,Forest,Forest,Forest
C:\Users\DELL Precision 5550\Documents\GitHub\Terrasight-Eurosat-RGB-vs-Multispectral\data\raw\multispectral\Residential\Residential_1086.tif,7,7,Residential,Residential,Residential
C:\Users\DELL Precision 5550\Documents\GitHub\Terrasight-Eurosat-RGB-vs-Multispectral\data\raw\multispectral\River\River_1515.tif,8,8,River,River,River
C:\Users\DELL Precision 5550\Documents\GitHub\Terrasight-Eurosat-RGB-vs-Multispectral\data\raw\multispectral\Residential\Residential_1714.tif,7,7,Residential,Residential,Residential
C:\Users\DELL Precision 5550\Documents\GitHub\Terrasight-Eurosat-RGB-vs-Multispectral\data\raw\multispectral\SeaLake\SeaLake_2576.tif,9,9,SeaLake,SeaLake,SeaLake
C:\Users\DELL Precision 5550\Documents\GitHub\Terrasight-Eurosat-RGB-vs-Multispectral\data\raw\multispectral\Residential\Residential_2209.tif,7,7,Residential,Residential,Residential
C:\Users\DELL Precision 5550\Documents\GitHub\Terrasight-Eurosat-RGB-vs-Multispectral\data\raw\multispectral\AnnualCrop\AnnualCrop_2862.tif,0,0,AnnualCrop,AnnualCrop,AnnualCrop
C:\Users\DELL Precision 5550\Documents\GitHub\Terrasight-Eurosat-RGB-vs-Multispectral\data\raw\multispectral\PermanentCrop\PermanentCrop_1593.tif,6,6,PermanentCrop,PermanentCrop,PermanentCrop
C:\Users\DELL Precision 5550\Documents\GitHub\Terrasight-Eurosat-RGB-vs-Multispectral\data\raw\multispectral\Highway\Highway_2163.tif,3,3,Highway,Highway,Highway
C:\Users\DELL Precision 5550\Documents\GitHub\Terrasight-Eurosat-RGB-vs-Multispectral\data\raw\multispectral\River\River_1535.tif,8,8,River,River,River
C:\Users\DELL Precision 5550\Documents\GitHub\Terrasight-Eurosat-RGB-vs-Multispectral\data\raw\multispectral\Industrial\Industrial_1212.tif,4,4,Industrial,Industrial,Industrial
C:\Users\DELL Precision 5550\Documents\GitHub\Terrasight-Eurosat-RGB-vs-Multispectral\data\raw\multispectral\Residential\Residential_897.tif,7,7,Residential,Residential,Residential
C:\Users\DELL Precision 5550\Documents\GitHub\Terrasight-Eurosat-RGB-vs-Multispectral\data\raw\multispectral\Residential\Residential_1691.tif,7,7,Residential,Residential,Residential
C:\Users\DELL Precision 5550\Documents\GitHub\Terrasight-Eurosat-RGB-vs-Multispectral\data\raw\multispectral\AnnualCrop\AnnualCrop_760.tif,0,8,AnnualCrop,River,AnnualCrop
C:\Users\DELL Precision 5550\Documents\GitHub\Terrasight-Eurosat-RGB-vs-Multispectral\data\raw\multispectral\Residential\Residential_1595.tif,7,7,Residential,Residential,Residential
C:\Users\DELL Precision 5550\Documents\GitHub\Terrasight-Eurosat-RGB-vs-Multispectral\data\raw\multispectral\Industrial\Industrial_2232.tif,4,4,Industrial,Industrial,Industrial
C:\Users\DELL Precision 5550\Documents\GitHub\Terrasight-Eurosat-RGB-vs-Multispectral\data\raw\multispectral\River\River_1354.tif,8,8,River,River,River
C:\Users\DELL Precision 5550\Documents\GitHub\Terrasight-Eurosat-RGB-vs-Multispectral\data\raw\multispectral\PermanentCrop\PermanentCrop_1143.tif,6,6,PermanentCrop,PermanentCrop,PermanentCrop
C:\Users\DELL Precision 5550\Documents\GitHub\Terrasight-Eurosat-RGB-vs-Multispectral\data\raw\multispectral\HerbaceousVegetation\HerbaceousVegetation_334.tif,2,2,HerbaceousVegetation,HerbaceousVegetation,HerbaceousVegetation
C:\Users\DELL Precision 5550\Documents\GitHub\Terrasight-Eurosat-RGB-vs-Multispectral\data\raw\multispectral\PermanentCrop\PermanentCrop_152.tif,6,6,PermanentCrop,PermanentCrop,PermanentCrop
C:\Users\DELL Precision 5550\Documents\GitHub\Terrasight-Eurosat-RGB-vs-Multispectral\data\raw\multispectral\PermanentCrop\PermanentCrop_40.tif,6,6,PermanentCrop,PermanentCrop,PermanentCrop
C:\Users\DELL Precision 5550\Documents\GitHub\Terrasight-Eurosat-RGB-vs-Multispectral\data\raw\multispectral\Forest\Forest_1898.tif,1,1,Forest,Forest,Forest
C:\Users\DELL Precision 5550\Documents\GitHub\Terrasight-Eurosat-RGB-vs-Multispectral\data\raw\multispectral\Residential\Residential_1795.tif,7,7,Residential,Residential,Residential
C:\Users\DELL Precision 5550\Documents\GitHub\Terrasight-Eurosat-RGB-vs-Multispectral\data\raw\multispectral\AnnualCrop\AnnualCrop_2392.tif,0,0,AnnualCrop,AnnualCrop,AnnualCrop
C:\Users\DELL Precision 5550\Documents\GitHub\Terrasight-Eurosat-RGB-vs-Multispectral\data\raw\multispectral\Residential\Residential_1631.tif,7,7,Residential,Residential,Residential
C:\Users\DELL Precision 5550\Documents\GitHub\Terrasight-Eurosat-RGB-vs-Multispectral\data\raw\multispectral\HerbaceousVegetation\HerbaceousVegetation_338.tif,2,2,HerbaceousVegetation,HerbaceousVegetation,HerbaceousVegetation
C:\Users\DELL Precision 5550\Documents\GitHub\Terrasight-Eurosat-RGB-vs-Multispectral\data\raw\multispectral\SeaLake\SeaLake_501.tif,9,9,SeaLake,SeaLake,SeaLake
C:\Users\DELL Precision 5550\Documents\GitHub\Terrasight-Eurosat-RGB-vs-Multispectral\data\raw\multispectral\SeaLake\SeaLake_844.tif,9,9,SeaLake,SeaLake,SeaLake
C:\Users\DELL Precision 5550\Documents\GitHub\Terrasight-Eurosat-RGB-vs-Multispectral\data\raw\multispectral\Industrial\Industrial_1953.tif,4,4,Industrial,Industrial,Industrial
C:\Users\DELL Precision 5550\Documents\GitHub\Terrasight-Eurosat-RGB-vs-Multispectral\data\raw\multispectral\Pasture\Pasture_579.tif,5,5,Pasture,Pasture,Pasture
C:\Users\DELL Precision 5550\Documents\GitHub\Terrasight-Eurosat-RGB-vs-Multispectral\data\raw\multispectral\Forest\Forest_2717.tif,1,8,Forest,River,Forest
C:\Users\DELL Precision 5550\Documents\GitHub\Terrasight-Eurosat-RGB-vs-Multispectral\data\raw\multispectral\PermanentCrop\PermanentCrop_1455.tif,6,4,PermanentCrop,Industrial,PermanentCrop
C:\Users\DELL Precision 5550\Documents\GitHub\Terrasight-Eurosat-RGB-vs-Multispectral\data\raw\multispectral\HerbaceousVegetation\HerbaceousVegetation_1878.tif,2,2,HerbaceousVegetation,HerbaceousVegetation,HerbaceousVegetation
C:\Users\DELL Precision 5550\Documents\GitHub\Terrasight-Eurosat-RGB-vs-Multispectral\data\raw\multispectral\River\River_2012.tif,8,8,River,River,River
C:\Users\DELL Precision 5550\Documents\GitHub\Terrasight-Eurosat-RGB-vs-Multispectral\data\raw\multispectral\Industrial\Industrial_26.tif,4,4,Industrial,Industrial,Industrial
C:\Users\DELL Precision 5550\Documents\GitHub\Terrasight-Eurosat-RGB-vs-Multispectral\data\raw\multispectral\AnnualCrop\AnnualCrop_1234.tif,0,0,AnnualCrop,AnnualCrop,AnnualCrop
C:\Users\DELL Precision 5550\Documents\GitHub\Terrasight-Eurosat-RGB-vs-Multispectral\data\raw\multispectral\PermanentCrop\PermanentCrop_410.tif,6,6,PermanentCrop,PermanentCrop,PermanentCrop
C:\Users\DELL Precision 5550\Documents\GitHub\Terrasight-Eurosat-RGB-vs-Multispectral\data\raw\multispectral\SeaLake\SeaLake_2712.tif,9,9,SeaLake,SeaLake,SeaLake
C:\Users\DELL Precision 5550\Documents\GitHub\Terrasight-Eurosat-RGB-vs-Multispectral\data\raw\multispectral\AnnualCrop\AnnualCrop_2898.tif,0,0,AnnualCrop,AnnualCrop,AnnualCrop
C:\Users\DELL Precision 5550\Documents\GitHub\Terrasight-Eurosat-RGB-vs-Multispectral\data\raw\multispectral\Highway\Highway_945.tif,3,3,Highway,Highway,Highway
C:\Users\DELL Precision 5550\Documents\GitHub\Terrasight-Eurosat-RGB-vs-Multispectral\data\raw\multispectral\Industrial\Industrial_1967.tif,4,4,Industrial,Industrial,Industrial
C:\Users\DELL Precision 5550\Documents\GitHub\Terrasight-Eurosat-RGB-vs-Multispectral\data\raw\multispectral\SeaLake\SeaLake_1995.tif,9,9,SeaLake,SeaLake,SeaLake
C:\Users\DELL Precision 5550\Documents\GitHub\Terrasight-Eurosat-RGB-vs-Multispectral\data\raw\multispectral\AnnualCrop\AnnualCrop_2229.tif,0,0,AnnualCrop,AnnualCrop,AnnualCrop
C:\Users\DELL Precision 5550\Documents\GitHub\Terrasight-Eurosat-RGB-vs-Multispectral\data\raw\multispectral\SeaLake\SeaLake_1730.tif,9,9,SeaLake,SeaLake,SeaLake
C:\Users\DELL Precision 5550\Documents\GitHub\Terrasight-Eurosat-RGB-vs-Multispectral\data\raw\multispectral\PermanentCrop\PermanentCrop_675.tif,6,6,PermanentCrop,PermanentCrop,PermanentCrop
C:\Users\DELL Precision 5550\Documents\GitHub\Terrasight-Eurosat-RGB-vs-Multispectral\data\raw\multispectral\PermanentCrop\PermanentCrop_1700.tif,6,6,PermanentCrop,PermanentCrop,PermanentCrop
C:\Users\DELL Precision 5550\Documents\GitHub\Terrasight-Eurosat-RGB-vs-Multispectral\data\raw\multispectral\HerbaceousVegetation\HerbaceousVegetation_904.tif,2,2,HerbaceousVegetation,HerbaceousVegetation,HerbaceousVegetation
C:\Users\DELL Precision 5550\Documents\GitHub\Terrasight-Eurosat-RGB-vs-Multispectral\data\raw\multispectral\PermanentCrop\PermanentCrop_888.tif,6,6,PermanentCrop,PermanentCrop,PermanentCrop
C:\Users\DELL Precision 5550\Documents\GitHub\Terrasight-Eurosat-RGB-vs-Multispectral\data\raw\multispectral\AnnualCrop\AnnualCrop_1716.tif,0,0,AnnualCrop,AnnualCrop,AnnualCrop
C:\Users\DELL Precision 5550\Documents\GitHub\Terrasight-Eurosat-RGB-vs-Multispectral\data\raw\multispectral\HerbaceousVegetation\HerbaceousVegetation_2307.tif,2,2,HerbaceousVegetation,HerbaceousVegetation,HerbaceousVegetation
C:\Users\DELL Precision 5550\Documents\GitHub\Terrasight-Eurosat-RGB-vs-Multispectral\data\raw\multispectral\Industrial\Industrial_1485.tif,4,4,Industrial,Industrial,Industrial
C:\Users\DELL Precision 5550\Documents\GitHub\Terrasight-Eurosat-RGB-vs-Multispectral\data\raw\multispectral\Forest\Forest_2489.tif,1,8,Forest,River,Forest
C:\Users\DELL Precision 5550\Documents\GitHub\Terrasight-Eurosat-RGB-vs-Multispectral\data\raw\multispectral\Pasture\Pasture_1735.tif,5,5,Pasture,Pasture,Pasture
C:\Users\DELL Precision 5550\Documents\GitHub\Terrasight-Eurosat-RGB-vs-Multispectral\data\raw\multispectral\Forest\Forest_1143.tif,1,1,Forest,Forest,Forest
C:\Users\DELL Precision 5550\Documents\GitHub\Terrasight-Eurosat-RGB-vs-Multispectral\data\raw\multispectral\PermanentCrop\PermanentCrop_534.tif,6,6,PermanentCrop,PermanentCrop,PermanentCrop
C:\Users\DELL Precision 5550\Documents\GitHub\Terrasight-Eurosat-RGB-vs-Multispectral\data\raw\multispectral\HerbaceousVegetation\HerbaceousVegetation_2014.tif,2,2,HerbaceousVegetation,HerbaceousVegetation,HerbaceousVegetation
C:\Users\DELL Precision 5550\Documents\GitHub\Terrasight-Eurosat-RGB-vs-Multispectral\data\raw\multispectral\Residential\Residential_1622.tif,7,7,Residential,Residential,Residential
C:\Users\DELL Precision 5550\Documents\GitHub\Terrasight-Eurosat-RGB-vs-Multispectral\data\raw\multispectral\River\River_391.tif,8,8,River,River,River
C:\Users\DELL Precision 5550\Documents\GitHub\Terrasight-Eurosat-RGB-vs-Multispectral\data\raw\multispectral\AnnualCrop\AnnualCrop_1180.tif,0,0,AnnualCrop,AnnualCrop,AnnualCrop
C:\Users\DELL Precision 5550\Documents\GitHub\Terrasight-Eurosat-RGB-vs-Multispectral\data\raw\multispectral\SeaLake\SeaLake_1321.tif,9,9,SeaLake,SeaLake,SeaLake
C:\Users\DELL Precision 5550\Documents\GitHub\Terrasight-Eurosat-RGB-vs-Multispectral\data\raw\multispectral\Highway\Highway_1312.tif,3,3,Highway,Highway,Highway
C:\Users\DELL Precision 5550\Documents\GitHub\Terrasight-Eurosat-RGB-vs-Multispectral\data\raw\multispectral\HerbaceousVegetation\HerbaceousVegetation_1236.tif,2,2,HerbaceousVegetation,HerbaceousVegetation,HerbaceousVegetation
C:\Users\DELL Precision 5550\Documents\GitHub\Terrasight-Eurosat-RGB-vs-Multispectral\data\raw\multispectral\PermanentCrop\PermanentCrop_2226.tif,6,6,PermanentCrop,PermanentCrop,PermanentCrop
C:\Users\DELL Precision 5550\Documents\GitHub\Terrasight-Eurosat-RGB-vs-Multispectral\data\raw\multispectral\AnnualCrop\AnnualCrop_2656.tif,0,0,AnnualCrop,AnnualCrop,AnnualCrop
C:\Users\DELL Precision 5550\Documents\GitHub\Terrasight-Eurosat-RGB-vs-Multispectral\data\raw\multispectral\River\River_865.tif,8,8,River,River,River
C:\Users\DELL Precision 5550\Documents\GitHub\Terrasight-Eurosat-RGB-vs-Multispectral\data\raw\multispectral\Forest\Forest_1878.tif,1,1,Forest,Forest,Forest
C:\Users\DELL Precision 5550\Documents\GitHub\Terrasight-Eurosat-RGB-vs-Multispectral\data\raw\multispectral\SeaLake\SeaLake_1035.tif,9,9,SeaLake,SeaLake,SeaLake
C:\Users\DELL Precision 5550\Documents\GitHub\Terrasight-Eurosat-RGB-vs-Multispectral\data\raw\multispectral\HerbaceousVegetation\HerbaceousVegetation_2170.tif,2,2,HerbaceousVegetation,HerbaceousVegetation,HerbaceousVegetation
C:\Users\DELL Precision 5550\Documents\GitHub\Terrasight-Eurosat-RGB-vs-Multispectral\data\raw\multispectral\HerbaceousVegetation\HerbaceousVegetation_882.tif,2,2,HerbaceousVegetation,HerbaceousVegetation,HerbaceousVegetation
C:\Users\DELL Precision 5550\Documents\GitHub\Terrasight-Eurosat-RGB-vs-Multispectral\data\raw\multispectral\Residential\Residential_2667.tif,7,7,Residential,Residential,Residential
C:\Users\DELL Precision 5550\Documents\GitHub\Terrasight-Eurosat-RGB-vs-Multispectral\data\raw\multispectral\AnnualCrop\AnnualCrop_2890.tif,0,0,AnnualCrop,AnnualCrop,AnnualCrop
C:\Users\DELL Precision 5550\Documents\GitHub\Terrasight-Eurosat-RGB-vs-Multispectral\data\raw\multispectral\Pasture\Pasture_1743.tif,5,5,Pasture,Pasture,Pasture
C:\Users\DELL Precision 5550\Documents\GitHub\Terrasight-Eurosat-RGB-vs-Multispectral\data\raw\multispectral\SeaLake\SeaLake_2767.tif,9,9,SeaLake,SeaLake,SeaLake
C:\Users\DELL Precision 5550\Documents\GitHub\Terrasight-Eurosat-RGB-vs-Multispectral\data\raw\multispectral\HerbaceousVegetation\HerbaceousVegetation_222.tif,2,2,HerbaceousVegetation,HerbaceousVegetation,HerbaceousVegetation
C:\Users\DELL Precision 5550\Documents\GitHub\Terrasight-Eurosat-RGB-vs-Multispectral\data\raw\multispectral\HerbaceousVegetation\HerbaceousVegetation_453.tif,2,2,HerbaceousVegetation,HerbaceousVegetation,HerbaceousVegetation
C:\Users\DELL Precision 5550\Documents\GitHub\Terrasight-Eurosat-RGB-vs-Multispectral\data\raw\multispectral\Industrial\Industrial_1631.tif,4,4,Industrial,Industrial,Industrial
C:\Users\DELL Precision 5550\Documents\GitHub\Terrasight-Eurosat-RGB-vs-Multispectral\data\raw\multispectral\Residential\Residential_1932.tif,7,7,Residential,Residential,Residential
C:\Users\DELL Precision 5550\Documents\GitHub\Terrasight-Eurosat-RGB-vs-Multispectral\data\raw\multispectral\Forest\Forest_1504.tif,1,1,Forest,Forest,Forest
C:\Users\DELL Precision 5550\Documents\GitHub\Terrasight-Eurosat-RGB-vs-Multispectral\data\raw\multispectral\SeaLake\SeaLake_2275.tif,9,9,SeaLake,SeaLake,SeaLake
C:\Users\DELL Precision 5550\Documents\GitHub\Terrasight-Eurosat-RGB-vs-Multispectral\data\raw\multispectral\Residential\Residential_2132.tif,7,7,Residential,Residential,Residential
C:\Users\DELL Precision 5550\Documents\GitHub\Terrasight-Eurosat-RGB-vs-Multispectral\data\raw\multispectral\HerbaceousVegetation\HerbaceousVegetation_166.tif,2,2,HerbaceousVegetation,HerbaceousVegetation,HerbaceousVegetation
C:\Users\DELL Precision 5550\Documents\GitHub\Terrasight-Eurosat-RGB-vs-Multispectral\data\raw\multispectral\River\River_1191.tif,8,8,River,River,River
C:\Users\DELL Precision 5550\Documents\GitHub\Terrasight-Eurosat-RGB-vs-Multispectral\data\raw\multispectral\Residential\Residential_943.tif,7,7,Residential,Residential,Residential
C:\Users\DELL Precision 5550\Documents\GitHub\Terrasight-Eurosat-RGB-vs-Multispectral\data\raw\multispectral\Residential\Residential_54.tif,7,7,Residential,Residential,Residential
C:\Users\DELL Precision 5550\Documents\GitHub\Terrasight-Eurosat-RGB-vs-Multispectral\data\raw\multispectral\Highway\Highway_2263.tif,3,3,Highway,Highway,Highway
C:\Users\DELL Precision 5550\Documents\GitHub\Terrasight-Eurosat-RGB-vs-Multispectral\data\raw\multispectral\Highway\Highway_2447.tif,3,3,Highway,Highway,Highway
C:\Users\DELL Precision 5550\Documents\GitHub\Terrasight-Eurosat-RGB-vs-Multispectral\data\raw\multispectral\Residential\Residential_430.tif,7,7,Residential,Residential,Residential
C:\Users\DELL Precision 5550\Documents\GitHub\Terrasight-Eurosat-RGB-vs-Multispectral\data\raw\multispectral\HerbaceousVegetation\HerbaceousVegetation_2870.tif,2,2,HerbaceousVegetation,HerbaceousVegetation,HerbaceousVegetation
C:\Users\DELL Precision 5550\Documents\GitHub\Terrasight-Eurosat-RGB-vs-Multispectral\data\raw\multispectral\Pasture\Pasture_1909.tif,5,5,Pasture,Pasture,Pasture
C:\Users\DELL Precision 5550\Documents\GitHub\Terrasight-Eurosat-RGB-vs-Multispectral\data\raw\multispectral\HerbaceousVegetation\HerbaceousVegetation_2854.tif,2,2,HerbaceousVegetation,HerbaceousVegetation,HerbaceousVegetation
C:\Users\DELL Precision 5550\Documents\GitHub\Terrasight-Eurosat-RGB-vs-Multispectral\data\raw\multispectral\Forest\Forest_56.tif,1,1,Forest,Forest,Forest
C:\Users\DELL Precision 5550\Documents\GitHub\Terrasight-Eurosat-RGB-vs-Multispectral\data\raw\multispectral\Highway\Highway_1748.tif,3,3,Highway,Highway,Highway
C:\Users\DELL Precision 5550\Documents\GitHub\Terrasight-Eurosat-RGB-vs-Multispectral\data\raw\multispectral\Highway\Highway_1565.tif,3,3,Highway,Highway,Highway
C:\Users\DELL Precision 5550\Documents\GitHub\Terrasight-Eurosat-RGB-vs-Multispectral\data\raw\multispectral\HerbaceousVegetation\HerbaceousVegetation_627.tif,2,2,HerbaceousVegetation,HerbaceousVegetation,HerbaceousVegetation
C:\Users\DELL Precision 5550\Documents\GitHub\Terrasight-Eurosat-RGB-vs-Multispectral\data\raw\multispectral\PermanentCrop\PermanentCrop_2234.tif,6,6,PermanentCrop,PermanentCrop,PermanentCrop
C:\Users\DELL Precision 5550\Documents\GitHub\Terrasight-Eurosat-RGB-vs-Multispectral\data\raw\multispectral\HerbaceousVegetation\HerbaceousVegetation_2604.tif,2,2,HerbaceousVegetation,HerbaceousVegetation,HerbaceousVegetation
C:\Users\DELL Precision 5550\Documents\GitHub\Terrasight-Eurosat-RGB-vs-Multispectral\data\raw\multispectral\AnnualCrop\AnnualCrop_1200.tif,0,0,AnnualCrop,AnnualCrop,AnnualCrop
C:\Users\DELL Precision 5550\Documents\GitHub\Terrasight-Eurosat-RGB-vs-Multispectral\data\raw\multispectral\AnnualCrop\AnnualCrop_423.tif,0,0,AnnualCrop,AnnualCrop,AnnualCrop
C:\Users\DELL Precision 5550\Documents\GitHub\Terrasight-Eurosat-RGB-vs-Multispectral\data\raw\multispectral\Industrial\Industrial_780.tif,4,4,Industrial,Industrial,Industrial
C:\Users\DELL Precision 5550\Documents\GitHub\Terrasight-Eurosat-RGB-vs-Multispectral\data\raw\multispectral\River\River_183.tif,8,8,River,River,River
C:\Users\DELL Precision 5550\Documents\GitHub\Terrasight-Eurosat-RGB-vs-Multispectral\data\raw\multispectral\Pasture\Pasture_77.tif,5,5,Pasture,Pasture,Pasture
C:\Users\DELL Precision 5550\Documents\GitHub\Terrasight-Eurosat-RGB-vs-Multispectral\data\raw\multispectral\Forest\Forest_31.tif,1,1,Forest,Forest,Forest
C:\Users\DELL Precision 5550\Documents\GitHub\Terrasight-Eurosat-RGB-vs-Multispectral\data\raw\multispectral\Residential\Residential_275.tif,7,7,Residential,Residential,Residential
C:\Users\DELL Precision 5550\Documents\GitHub\Terrasight-Eurosat-RGB-vs-Multispectral\data\raw\multispectral\River\River_1729.tif,8,8,River,River,River
C:\Users\DELL Precision 5550\Documents\GitHub\Terrasight-Eurosat-RGB-vs-Multispectral\data\raw\multispectral\Highway\Highway_1093.tif,3,3,Highway,Highway,Highway
C:\Users\DELL Precision 5550\Documents\GitHub\Terrasight-Eurosat-RGB-vs-Multispectral\data\raw\multispectral\Highway\Highway_848.tif,3,3,Highway,Highway,Highway
C:\Users\DELL Precision 5550\Documents\GitHub\Terrasight-Eurosat-RGB-vs-Multispectral\data\raw\multispectral\Residential\Residential_1972.tif,7,7,Residential,Residential,Residential
C:\Users\DELL Precision 5550\Documents\GitHub\Terrasight-Eurosat-RGB-vs-Multispectral\data\raw\multispectral\SeaLake\SeaLake_2266.tif,9,9,SeaLake,SeaLake,SeaLake
C:\Users\DELL Precision 5550\Documents\GitHub\Terrasight-Eurosat-RGB-vs-Multispectral\data\raw\multispectral\SeaLake\SeaLake_1424.tif,9,9,SeaLake,SeaLake,SeaLake
C:\Users\DELL Precision 5550\Documents\GitHub\Terrasight-Eurosat-RGB-vs-Multispectral\data\raw\multispectral\AnnualCrop\AnnualCrop_2704.tif,0,0,AnnualCrop,AnnualCrop,AnnualCrop
C:\Users\DELL Precision 5550\Documents\GitHub\Terrasight-Eurosat-RGB-vs-Multispectral\data\raw\multispectral\Highway\Highway_1812.tif,3,3,Highway,Highway,Highway
C:\Users\DELL Precision 5550\Documents\GitHub\Terrasight-Eurosat-RGB-vs-Multispectral\data\raw\multispectral\Residential\Residential_1652.tif,7,7,Residential,Residential,Residential
C:\Users\DELL Precision 5550\Documents\GitHub\Terrasight-Eurosat-RGB-vs-Multispectral\data\raw\multispectral\HerbaceousVegetation\HerbaceousVegetation_959.tif,2,2,HerbaceousVegetation,HerbaceousVegetation,HerbaceousVegetation
C:\Users\DELL Precision 5550\Documents\GitHub\Terrasight-Eurosat-RGB-vs-Multispectral\data\raw\multispectral\Forest\Forest_868.tif,1,1,Forest,Forest,Forest
C:\Users\DELL Precision 5550\Documents\GitHub\Terrasight-Eurosat-RGB-vs-Multispectral\data\raw\multispectral\River\River_141.tif,8,8,River,River,River
C:\Users\DELL Precision 5550\Documents\GitHub\Terrasight-Eurosat-RGB-vs-Multispectral\data\raw\multispectral\Residential\Residential_2990.tif,7,7,Residential,Residential,Residential
C:\Users\DELL Precision 5550\Documents\GitHub\Terrasight-Eurosat-RGB-vs-Multispectral\data\raw\multispectral\Industrial\Industrial_1375.tif,4,4,Industrial,Industrial,Industrial
C:\Users\DELL Precision 5550\Documents\GitHub\Terrasight-Eurosat-RGB-vs-Multispectral\data\raw\multispectral\HerbaceousVegetation\HerbaceousVegetation_971.tif,2,2,HerbaceousVegetation,HerbaceousVegetation,HerbaceousVegetation
C:\Users\DELL Precision 5550\Documents\GitHub\Terrasight-Eurosat-RGB-vs-Multispectral\data\raw\multispectral\SeaLake\SeaLake_1804.tif,9,9,SeaLake,SeaLake,SeaLake
C:\Users\DELL Precision 5550\Documents\GitHub\Terrasight-Eurosat-RGB-vs-Multispectral\data\raw\multispectral\Forest\Forest_746.tif,1,1,Forest,Forest,Forest
C:\Users\DELL Precision 5550\Documents\GitHub\Terrasight-Eurosat-RGB-vs-Multispectral\data\raw\multispectral\River\River_1941.tif,8,8,River,River,River
C:\Users\DELL Precision 5550\Documents\GitHub\Terrasight-Eurosat-RGB-vs-Multispectral\data\raw\multispectral\Residential\Residential_1994.tif,7,7,Residential,Residential,Residential
C:\Users\DELL Precision 5550\Documents\GitHub\Terrasight-Eurosat-RGB-vs-Multispectral\data\raw\multispectral\HerbaceousVegetation\HerbaceousVegetation_2657.tif,2,2,HerbaceousVegetation,HerbaceousVegetation,HerbaceousVegetation
C:\Users\DELL Precision 5550\Documents\GitHub\Terrasight-Eurosat-RGB-vs-Multispectral\data\raw\multispectral\Industrial\Industrial_1086.tif,4,4,Industrial,Industrial,Industrial
C:\Users\DELL Precision 5550\Documents\GitHub\Terrasight-Eurosat-RGB-vs-Multispectral\data\raw\multispectral\SeaLake\SeaLake_518.tif,9,9,SeaLake,SeaLake,SeaLake
C:\Users\DELL Precision 5550\Documents\GitHub\Terrasight-Eurosat-RGB-vs-Multispectral\data\raw\multispectral\AnnualCrop\AnnualCrop_971.tif,0,0,AnnualCrop,AnnualCrop,AnnualCrop
C:\Users\DELL Precision 5550\Documents\GitHub\Terrasight-Eurosat-RGB-vs-Multispectral\data\raw\multispectral\Residential\Residential_2494.tif,7,7,Residential,Residential,Residential
C:\Users\DELL Precision 5550\Documents\GitHub\Terrasight-Eurosat-RGB-vs-Multispectral\data\raw\multispectral\SeaLake\SeaLake_1622.tif,9,9,SeaLake,SeaLake,SeaLake
C:\Users\DELL Precision 5550\Documents\GitHub\Terrasight-Eurosat-RGB-vs-Multispectral\data\raw\multispectral\HerbaceousVegetation\HerbaceousVegetation_1419.tif,2,1,HerbaceousVegetation,Forest,HerbaceousVegetation
C:\Users\DELL Precision 5550\Documents\GitHub\Terrasight-Eurosat-RGB-vs-Multispectral\data\raw\multispectral\HerbaceousVegetation\HerbaceousVegetation_1987.tif,2,2,HerbaceousVegetation,HerbaceousVegetation,HerbaceousVegetation
C:\Users\DELL Precision 5550\Documents\GitHub\Terrasight-Eurosat-RGB-vs-Multispectral\data\raw\multispectral\Pasture\Pasture_890.tif,5,5,Pasture,Pasture,Pasture
C:\Users\DELL Precision 5550\Documents\GitHub\Terrasight-Eurosat-RGB-vs-Multispectral\data\raw\multispectral\Highway\Highway_1654.tif,3,3,Highway,Highway,Highway
C:\Users\DELL Precision 5550\Documents\GitHub\Terrasight-Eurosat-RGB-vs-Multispectral\data\raw\multispectral\Highway\Highway_223.tif,3,3,Highway,Highway,Highway
C:\Users\DELL Precision 5550\Documents\GitHub\Terrasight-Eurosat-RGB-vs-Multispectral\data\raw\multispectral\Forest\Forest_1357.tif,1,2,Forest,HerbaceousVegetation,Forest
C:\Users\DELL Precision 5550\Documents\GitHub\Terrasight-Eurosat-RGB-vs-Multispectral\data\raw\multispectral\Highway\Highway_127.tif,3,3,Highway,Highway,Highway
C:\Users\DELL Precision 5550\Documents\GitHub\Terrasight-Eurosat-RGB-vs-Multispectral\data\raw\multispectral\Forest\Forest_1238.tif,1,1,Forest,Forest,Forest
C:\Users\DELL Precision 5550\Documents\GitHub\Terrasight-Eurosat-RGB-vs-Multispectral\data\raw\multispectral\HerbaceousVegetation\HerbaceousVegetation_1869.tif,2,2,HerbaceousVegetation,HerbaceousVegetation,HerbaceousVegetation
C:\Users\DELL Precision 5550\Documents\GitHub\Terrasight-Eurosat-RGB-vs-Multispectral\data\raw\multispectral\PermanentCrop\PermanentCrop_2211.tif,6,6,PermanentCrop,PermanentCrop,PermanentCrop
C:\Users\DELL Precision 5550\Documents\GitHub\Terrasight-Eurosat-RGB-vs-Multispectral\data\raw\multispectral\Pasture\Pasture_1228.tif,5,6,Pasture,PermanentCrop,Pasture
C:\Users\DELL Precision 5550\Documents\GitHub\Terrasight-Eurosat-RGB-vs-Multispectral\data\raw\multispectral\River\River_1602.tif,8,8,River,River,River
C:\Users\DELL Precision 5550\Documents\GitHub\Terrasight-Eurosat-RGB-vs-Multispectral\data\raw\multispectral\Residential\Residential_2044.tif,7,7,Residential,Residential,Residential
C:\Users\DELL Precision 5550\Documents\GitHub\Terrasight-Eurosat-RGB-vs-Multispectral\data\raw\multispectral\PermanentCrop\PermanentCrop_2461.tif,6,6,PermanentCrop,PermanentCrop,PermanentCrop
C:\Users\DELL Precision 5550\Documents\GitHub\Terrasight-Eurosat-RGB-vs-Multispectral\data\raw\multispectral\Highway\Highway_1241.tif,3,3,Highway,Highway,Highway
C:\Users\DELL Precision 5550\Documents\GitHub\Terrasight-Eurosat-RGB-vs-Multispectral\data\raw\multispectral\Industrial\Industrial_498.tif,4,4,Industrial,Industrial,Industrial
C:\Users\DELL Precision 5550\Documents\GitHub\Terrasight-Eurosat-RGB-vs-Multispectral\data\raw\multispectral\Residential\Residential_2402.tif,7,7,Residential,Residential,Residential
C:\Users\DELL Precision 5550\Documents\GitHub\Terrasight-Eurosat-RGB-vs-Multispectral\data\raw\multispectral\Residential\Residential_2433.tif,7,7,Residential,Residential,Residential
C:\Users\DELL Precision 5550\Documents\GitHub\Terrasight-Eurosat-RGB-vs-Multispectral\data\raw\multispectral\HerbaceousVegetation\HerbaceousVegetation_1537.tif,2,2,HerbaceousVegetation,HerbaceousVegetation,HerbaceousVegetation
C:\Users\DELL Precision 5550\Documents\GitHub\Terrasight-Eurosat-RGB-vs-Multispectral\data\raw\multispectral\Pasture\Pasture_1527.tif,5,5,Pasture,Pasture,Pasture
C:\Users\DELL Precision 5550\Documents\GitHub\Terrasight-Eurosat-RGB-vs-Multispectral\data\raw\multispectral\Forest\Forest_2313.tif,1,1,Forest,Forest,Forest
C:\Users\DELL Precision 5550\Documents\GitHub\Terrasight-Eurosat-RGB-vs-Multispectral\data\raw\multispectral\Pasture\Pasture_429.tif,5,6,Pasture,PermanentCrop,Pasture
C:\Users\DELL Precision 5550\Documents\GitHub\Terrasight-Eurosat-RGB-vs-Multispectral\data\raw\multispectral\HerbaceousVegetation\HerbaceousVegetation_1649.tif,2,2,HerbaceousVegetation,HerbaceousVegetation,HerbaceousVegetation
C:\Users\DELL Precision 5550\Documents\GitHub\Terrasight-Eurosat-RGB-vs-Multispectral\data\raw\multispectral\Forest\Forest_817.tif,1,1,Forest,Forest,Forest
C:\Users\DELL Precision 5550\Documents\GitHub\Terrasight-Eurosat-RGB-vs-Multispectral\data\raw\multispectral\AnnualCrop\AnnualCrop_218.tif,0,6,AnnualCrop,PermanentCrop,AnnualCrop
C:\Users\DELL Precision 5550\Documents\GitHub\Terrasight-Eurosat-RGB-vs-Multispectral\data\raw\multispectral\Highway\Highway_100.tif,3,3,Highway,Highway,Highway
C:\Users\DELL Precision 5550\Documents\GitHub\Terrasight-Eurosat-RGB-vs-Multispectral\data\raw\multispectral\Industrial\Industrial_2406.tif,4,4,Industrial,Industrial,Industrial
C:\Users\DELL Precision 5550\Documents\GitHub\Terrasight-Eurosat-RGB-vs-Multispectral\data\raw\multispectral\SeaLake\SeaLake_446.tif,9,9,SeaLake,SeaLake,SeaLake
C:\Users\DELL Precision 5550\Documents\GitHub\Terrasight-Eurosat-RGB-vs-Multispectral\data\raw\multispectral\Highway\Highway_914.tif,3,3,Highway,Highway,Highway
C:\Users\DELL Precision 5550\Documents\GitHub\Terrasight-Eurosat-RGB-vs-Multispectral\data\raw\multispectral\PermanentCrop\PermanentCrop_643.tif,6,6,PermanentCrop,PermanentCrop,PermanentCrop
C:\Users\DELL Precision 5550\Documents\GitHub\Terrasight-Eurosat-RGB-vs-Multispectral\data\raw\multispectral\Forest\Forest_2656.tif,1,1,Forest,Forest,Forest
C:\Users\DELL Precision 5550\Documents\GitHub\Terrasight-Eurosat-RGB-vs-Multispectral\data\raw\multispectral\Pasture\Pasture_1838.tif,5,5,Pasture,Pasture,Pasture
C:\Users\DELL Precision 5550\Documents\GitHub\Terrasight-Eurosat-RGB-vs-Multispectral\data\raw\multispectral\Forest\Forest_1342.tif,1,1,Forest,Forest,Forest
C:\Users\DELL Precision 5550\Documents\GitHub\Terrasight-Eurosat-RGB-vs-Multispectral\data\raw\multispectral\Industrial\Industrial_1315.tif,4,4,Industrial,Industrial,Industrial
C:\Users\DELL Precision 5550\Documents\GitHub\Terrasight-Eurosat-RGB-vs-Multispectral\data\raw\multispectral\Industrial\Industrial_174.tif,4,4,Industrial,Industrial,Industrial
C:\Users\DELL Precision 5550\Documents\GitHub\Terrasight-Eurosat-RGB-vs-Multispectral\data\raw\multispectral\Residential\Residential_453.tif,7,7,Residential,Residential,Residential
C:\Users\DELL Precision 5550\Documents\GitHub\Terrasight-Eurosat-RGB-vs-Multispectral\data\raw\multispectral\AnnualCrop\AnnualCrop_1127.tif,0,0,AnnualCrop,AnnualCrop,AnnualCrop
C:\Users\DELL Precision 5550\Documents\GitHub\Terrasight-Eurosat-RGB-vs-Multispectral\data\raw\multispectral\SeaLake\SeaLake_2989.tif,9,9,SeaLake,SeaLake,SeaLake
C:\Users\DELL Precision 5550\Documents\GitHub\Terrasight-Eurosat-RGB-vs-Multispectral\data\raw\multispectral\Pasture\Pasture_106.tif,5,5,Pasture,Pasture,Pasture
C:\Users\DELL Precision 5550\Documents\GitHub\Terrasight-Eurosat-RGB-vs-Multispectral\data\raw\multispectral\River\River_2256.tif,8,8,River,River,River
C:\Users\DELL Precision 5550\Documents\GitHub\Terrasight-Eurosat-RGB-vs-Multispectral\data\raw\multispectral\SeaLake\SeaLake_533.tif,9,9,SeaLake,SeaLake,SeaLake
C:\Users\DELL Precision 5550\Documents\GitHub\Terrasight-Eurosat-RGB-vs-Multispectral\data\raw\multispectral\Forest\Forest_1116.tif,1,1,Forest,Forest,Forest
C:\Users\DELL Precision 5550\Documents\GitHub\Terrasight-Eurosat-RGB-vs-Multispectral\data\raw\multispectral\HerbaceousVegetation\HerbaceousVegetation_335.tif,2,6,HerbaceousVegetation,PermanentCrop,HerbaceousVegetation
C:\Users\DELL Precision 5550\Documents\GitHub\Terrasight-Eurosat-RGB-vs-Multispectral\data\raw\multispectral\HerbaceousVegetation\HerbaceousVegetation_181.tif,2,2,HerbaceousVegetation,HerbaceousVegetation,HerbaceousVegetation
C:\Users\DELL Precision 5550\Documents\GitHub\Terrasight-Eurosat-RGB-vs-Multispectral\data\raw\multispectral\AnnualCrop\AnnualCrop_1236.tif,0,0,AnnualCrop,AnnualCrop,AnnualCrop
C:\Users\DELL Precision 5550\Documents\GitHub\Terrasight-Eurosat-RGB-vs-Multispectral\data\raw\multispectral\Forest\Forest_1391.tif,1,1,Forest,Forest,Forest
C:\Users\DELL Precision 5550\Documents\GitHub\Terrasight-Eurosat-RGB-vs-Multispectral\data\raw\multispectral\Highway\Highway_1988.tif,3,3,Highway,Highway,Highway
C:\Users\DELL Precision 5550\Documents\GitHub\Terrasight-Eurosat-RGB-vs-Multispectral\data\raw\multispectral\Forest\Forest_2492.tif,1,1,Forest,Forest,Forest
C:\Users\DELL Precision 5550\Documents\GitHub\Terrasight-Eurosat-RGB-vs-Multispectral\data\raw\multispectral\AnnualCrop\AnnualCrop_758.tif,0,0,AnnualCrop,AnnualCrop,AnnualCrop
C:\Users\DELL Precision 5550\Documents\GitHub\Terrasight-Eurosat-RGB-vs-Multispectral\data\raw\multispectral\Pasture\Pasture_1278.tif,5,5,Pasture,Pasture,Pasture
C:\Users\DELL Precision 5550\Documents\GitHub\Terrasight-Eurosat-RGB-vs-Multispectral\data\raw\multispectral\River\River_107.tif,8,8,River,River,River
C:\Users\DELL Precision 5550\Documents\GitHub\Terrasight-Eurosat-RGB-vs-Multispectral\data\raw\multispectral\SeaLake\SeaLake_1752.tif,9,9,SeaLake,SeaLake,SeaLake
C:\Users\DELL Precision 5550\Documents\GitHub\Terrasight-Eurosat-RGB-vs-Multispectral\data\raw\multispectral\Highway\Highway_2428.tif,3,3,Highway,Highway,Highway
C:\Users\DELL Precision 5550\Documents\GitHub\Terrasight-Eurosat-RGB-vs-Multispectral\data\raw\multispectral\HerbaceousVegetation\HerbaceousVegetation_1559.tif,2,2,HerbaceousVegetation,HerbaceousVegetation,HerbaceousVegetation
C:\Users\DELL Precision 5550\Documents\GitHub\Terrasight-Eurosat-RGB-vs-Multispectral\data\raw\multispectral\SeaLake\SeaLake_1495.tif,9,9,SeaLake,SeaLake,SeaLake
C:\Users\DELL Precision 5550\Documents\GitHub\Terrasight-Eurosat-RGB-vs-Multispectral\data\raw\multispectral\AnnualCrop\AnnualCrop_1782.tif,0,0,AnnualCrop,AnnualCrop,AnnualCrop
C:\Users\DELL Precision 5550\Documents\GitHub\Terrasight-Eurosat-RGB-vs-Multispectral\data\raw\multispectral\Highway\Highway_488.tif,3,3,Highway,Highway,Highway
C:\Users\DELL Precision 5550\Documents\GitHub\Terrasight-Eurosat-RGB-vs-Multispectral\data\raw\multispectral\SeaLake\SeaLake_1619.tif,9,9,SeaLake,SeaLake,SeaLake
C:\Users\DELL Precision 5550\Documents\GitHub\Terrasight-Eurosat-RGB-vs-Multispectral\data\raw\multispectral\HerbaceousVegetation\HerbaceousVegetation_148.tif,2,2,HerbaceousVegetation,HerbaceousVegetation,HerbaceousVegetation
C:\Users\DELL Precision 5550\Documents\GitHub\Terrasight-Eurosat-RGB-vs-Multispectral\data\raw\multispectral\HerbaceousVegetation\HerbaceousVegetation_2206.tif,2,2,HerbaceousVegetation,HerbaceousVegetation,HerbaceousVegetation
C:\Users\DELL Precision 5550\Documents\GitHub\Terrasight-Eurosat-RGB-vs-Multispectral\data\raw\multispectral\River\River_1969.tif,8,8,River,River,River
C:\Users\DELL Precision 5550\Documents\GitHub\Terrasight-Eurosat-RGB-vs-Multispectral\data\raw\multispectral\HerbaceousVegetation\HerbaceousVegetation_2289.tif,2,2,HerbaceousVegetation,HerbaceousVegetation,HerbaceousVegetation
C:\Users\DELL Precision 5550\Documents\GitHub\Terrasight-Eurosat-RGB-vs-Multispectral\data\raw\multispectral\Residential\Residential_114.tif,7,7,Residential,Residential,Residential
C:\Users\DELL Precision 5550\Documents\GitHub\Terrasight-Eurosat-RGB-vs-Multispectral\data\raw\multispectral\AnnualCrop\AnnualCrop_1043.tif,0,0,AnnualCrop,AnnualCrop,AnnualCrop
C:\Users\DELL Precision 5550\Documents\GitHub\Terrasight-Eurosat-RGB-vs-Multispectral\data\raw\multispectral\HerbaceousVegetation\HerbaceousVegetation_1635.tif,2,2,HerbaceousVegetation,HerbaceousVegetation,HerbaceousVegetation
C:\Users\DELL Precision 5550\Documents\GitHub\Terrasight-Eurosat-RGB-vs-Multispectral\data\raw\multispectral\AnnualCrop\AnnualCrop_912.tif,0,0,AnnualCrop,AnnualCrop,AnnualCrop
C:\Users\DELL Precision 5550\Documents\GitHub\Terrasight-Eurosat-RGB-vs-Multispectral\data\raw\multispectral\HerbaceousVegetation\HerbaceousVegetation_1063.tif,2,2,HerbaceousVegetation,HerbaceousVegetation,HerbaceousVegetation
C:\Users\DELL Precision 5550\Documents\GitHub\Terrasight-Eurosat-RGB-vs-Multispectral\data\raw\multispectral\AnnualCrop\AnnualCrop_2015.tif,0,0,AnnualCrop,AnnualCrop,AnnualCrop
C:\Users\DELL Precision 5550\Documents\GitHub\Terrasight-Eurosat-RGB-vs-Multispectral\data\raw\multispectral\AnnualCrop\AnnualCrop_1112.tif,0,0,AnnualCrop,AnnualCrop,AnnualCrop
C:\Users\DELL Precision 5550\Documents\GitHub\Terrasight-Eurosat-RGB-vs-Multispectral\data\raw\multispectral\HerbaceousVegetation\HerbaceousVegetation_2368.tif,2,2,HerbaceousVegetation,HerbaceousVegetation,HerbaceousVegetation
C:\Users\DELL Precision 5550\Documents\GitHub\Terrasight-Eurosat-RGB-vs-Multispectral\data\raw\multispectral\River\River_1212.tif,8,8,River,River,River
C:\Users\DELL Precision 5550\Documents\GitHub\Terrasight-Eurosat-RGB-vs-Multispectral\data\raw\multispectral\Residential\Residential_1435.tif,7,7,Residential,Residential,Residential
C:\Users\DELL Precision 5550\Documents\GitHub\Terrasight-Eurosat-RGB-vs-Multispectral\data\raw\multispectral\Residential\Residential_415.tif,7,7,Residential,Residential,Residential
C:\Users\DELL Precision 5550\Documents\GitHub\Terrasight-Eurosat-RGB-vs-Multispectral\data\raw\multispectral\PermanentCrop\PermanentCrop_822.tif,6,6,PermanentCrop,PermanentCrop,PermanentCrop
C:\Users\DELL Precision 5550\Documents\GitHub\Terrasight-Eurosat-RGB-vs-Multispectral\data\raw\multispectral\Forest\Forest_1771.tif,1,1,Forest,Forest,Forest
C:\Users\DELL Precision 5550\Documents\GitHub\Terrasight-Eurosat-RGB-vs-Multispectral\data\raw\multispectral\Pasture\Pasture_1625.tif,5,5,Pasture,Pasture,Pasture
C:\Users\DELL Precision 5550\Documents\GitHub\Terrasight-Eurosat-RGB-vs-Multispectral\data\raw\multispectral\Pasture\Pasture_1645.tif,5,5,Pasture,Pasture,Pasture
C:\Users\DELL Precision 5550\Documents\GitHub\Terrasight-Eurosat-RGB-vs-Multispectral\data\raw\multispectral\HerbaceousVegetation\HerbaceousVegetation_1993.tif,2,2,HerbaceousVegetation,HerbaceousVegetation,HerbaceousVegetation
C:\Users\DELL Precision 5550\Documents\GitHub\Terrasight-Eurosat-RGB-vs-Multispectral\data\raw\multispectral\Highway\Highway_2279.tif,3,3,Highway,Highway,Highway
C:\Users\DELL Precision 5550\Documents\GitHub\Terrasight-Eurosat-RGB-vs-Multispectral\data\raw\multispectral\Forest\Forest_24.tif,1,1,Forest,Forest,Forest
C:\Users\DELL Precision 5550\Documents\GitHub\Terrasight-Eurosat-RGB-vs-Multispectral\data\raw\multispectral\Residential\Residential_2312.tif,7,7,Residential,Residential,Residential
C:\Users\DELL Precision 5550\Documents\GitHub\Terrasight-Eurosat-RGB-vs-Multispectral\data\raw\multispectral\PermanentCrop\PermanentCrop_726.tif,6,6,PermanentCrop,PermanentCrop,PermanentCrop
C:\Users\DELL Precision 5550\Documents\GitHub\Terrasight-Eurosat-RGB-vs-Multispectral\data\raw\multispectral\HerbaceousVegetation\HerbaceousVegetation_2054.tif,2,2,HerbaceousVegetation,HerbaceousVegetation,HerbaceousVegetation
C:\Users\DELL Precision 5550\Documents\GitHub\Terrasight-Eurosat-RGB-vs-Multispectral\data\raw\multispectral\HerbaceousVegetation\HerbaceousVegetation_1730.tif,2,2,HerbaceousVegetation,HerbaceousVegetation,HerbaceousVegetation
C:\Users\DELL Precision 5550\Documents\GitHub\Terrasight-Eurosat-RGB-vs-Multispectral\data\raw\multispectral\Industrial\Industrial_1098.tif,4,4,Industrial,Industrial,Industrial
C:\Users\DELL Precision 5550\Documents\GitHub\Terrasight-Eurosat-RGB-vs-Multispectral\data\raw\multispectral\SeaLake\SeaLake_862.tif,9,9,SeaLake,SeaLake,SeaLake
C:\Users\DELL Precision 5550\Documents\GitHub\Terrasight-Eurosat-RGB-vs-Multispectral\data\raw\multispectral\HerbaceousVegetation\HerbaceousVegetation_2213.tif,2,2,HerbaceousVegetation,HerbaceousVegetation,HerbaceousVegetation
C:\Users\DELL Precision 5550\Documents\GitHub\Terrasight-Eurosat-RGB-vs-Multispectral\data\raw\multispectral\AnnualCrop\AnnualCrop_1695.tif,0,0,AnnualCrop,AnnualCrop,AnnualCrop
C:\Users\DELL Precision 5550\Documents\GitHub\Terrasight-Eurosat-RGB-vs-Multispectral\data\raw\multispectral\Highway\Highway_2080.tif,3,3,Highway,Highway,Highway
C:\Users\DELL Precision 5550\Documents\GitHub\Terrasight-Eurosat-RGB-vs-Multispectral\data\raw\multispectral\Industrial\Industrial_2372.tif,4,4,Industrial,Industrial,Industrial
C:\Users\DELL Precision 5550\Documents\GitHub\Terrasight-Eurosat-RGB-vs-Multispectral\data\raw\multispectral\Highway\Highway_1765.tif,3,3,Highway,Highway,Highway
C:\Users\DELL Precision 5550\Documents\GitHub\Terrasight-Eurosat-RGB-vs-Multispectral\data\raw\multispectral\Residential\Residential_2463.tif,7,7,Residential,Residential,Residential
C:\Users\DELL Precision 5550\Documents\GitHub\Terrasight-Eurosat-RGB-vs-Multispectral\data\raw\multispectral\Forest\Forest_1564.tif,1,1,Forest,Forest,Forest
C:\Users\DELL Precision 5550\Documents\GitHub\Terrasight-Eurosat-RGB-vs-Multispectral\data\raw\multispectral\AnnualCrop\AnnualCrop_1972.tif,0,0,AnnualCrop,AnnualCrop,AnnualCrop
C:\Users\DELL Precision 5550\Documents\GitHub\Terrasight-Eurosat-RGB-vs-Multispectral\data\raw\multispectral\Highway\Highway_323.tif,3,3,Highway,Highway,Highway
C:\Users\DELL Precision 5550\Documents\GitHub\Terrasight-Eurosat-RGB-vs-Multispectral\data\raw\multispectral\PermanentCrop\PermanentCrop_320.tif,6,6,PermanentCrop,PermanentCrop,PermanentCrop
C:\Users\DELL Precision 5550\Documents\GitHub\Terrasight-Eurosat-RGB-vs-Multispectral\data\raw\multispectral\HerbaceousVegetation\HerbaceousVegetation_94.tif,2,2,HerbaceousVegetation,HerbaceousVegetation,HerbaceousVegetation
C:\Users\DELL Precision 5550\Documents\GitHub\Terrasight-Eurosat-RGB-vs-Multispectral\data\raw\multispectral\Forest\Forest_497.tif,1,1,Forest,Forest,Forest
C:\Users\DELL Precision 5550\Documents\GitHub\Terrasight-Eurosat-RGB-vs-Multispectral\data\raw\multispectral\Industrial\Industrial_723.tif,4,4,Industrial,Industrial,Industrial
C:\Users\DELL Precision 5550\Documents\GitHub\Terrasight-Eurosat-RGB-vs-Multispectral\data\raw\multispectral\Highway\Highway_2159.tif,3,3,Highway,Highway,Highway
C:\Users\DELL Precision 5550\Documents\GitHub\Terrasight-Eurosat-RGB-vs-Multispectral\data\raw\multispectral\HerbaceousVegetation\HerbaceousVegetation_2790.tif,2,2,HerbaceousVegetation,HerbaceousVegetation,HerbaceousVegetation
C:\Users\DELL Precision 5550\Documents\GitHub\Terrasight-Eurosat-RGB-vs-Multispectral\data\raw\multispectral\Industrial\Industrial_362.tif,4,4,Industrial,Industrial,Industrial
C:\Users\DELL Precision 5550\Documents\GitHub\Terrasight-Eurosat-RGB-vs-Multispectral\data\raw\multispectral\AnnualCrop\AnnualCrop_572.tif,0,0,AnnualCrop,AnnualCrop,AnnualCrop
C:\Users\DELL Precision 5550\Documents\GitHub\Terrasight-Eurosat-RGB-vs-Multispectral\data\raw\multispectral\Residential\Residential_675.tif,7,7,Residential,Residential,Residential
C:\Users\DELL Precision 5550\Documents\GitHub\Terrasight-Eurosat-RGB-vs-Multispectral\data\raw\multispectral\Highway\Highway_1387.tif,3,3,Highway,Highway,Highway
C:\Users\DELL Precision 5550\Documents\GitHub\Terrasight-Eurosat-RGB-vs-Multispectral\data\raw\multispectral\Pasture\Pasture_1470.tif,5,5,Pasture,Pasture,Pasture
C:\Users\DELL Precision 5550\Documents\GitHub\Terrasight-Eurosat-RGB-vs-Multispectral\data\raw\multispectral\Highway\Highway_425.tif,3,3,Highway,Highway,Highway
C:\Users\DELL Precision 5550\Documents\GitHub\Terrasight-Eurosat-RGB-vs-Multispectral\data\raw\multispectral\River\River_869.tif,8,8,River,River,River
C:\Users\DELL Precision 5550\Documents\GitHub\Terrasight-Eurosat-RGB-vs-Multispectral\data\raw\multispectral\Forest\Forest_1059.tif,1,1,Forest,Forest,Forest
C:\Users\DELL Precision 5550\Documents\GitHub\Terrasight-Eurosat-RGB-vs-Multispectral\data\raw\multispectral\River\River_1431.tif,8,8,River,River,River
C:\Users\DELL Precision 5550\Documents\GitHub\Terrasight-Eurosat-RGB-vs-Multispectral\data\raw\multispectral\PermanentCrop\PermanentCrop_1304.tif,6,6,PermanentCrop,PermanentCrop,PermanentCrop
C:\Users\DELL Precision 5550\Documents\GitHub\Terrasight-Eurosat-RGB-vs-Multispectral\data\raw\multispectral\River\River_1311.tif,8,8,River,River,River
C:\Users\DELL Precision 5550\Documents\GitHub\Terrasight-Eurosat-RGB-vs-Multispectral\data\raw\multispectral\HerbaceousVegetation\HerbaceousVegetation_1548.tif,2,2,HerbaceousVegetation,HerbaceousVegetation,HerbaceousVegetation
C:\Users\DELL Precision 5550\Documents\GitHub\Terrasight-Eurosat-RGB-vs-Multispectral\data\raw\multispectral\Forest\Forest_2427.tif,1,1,Forest,Forest,Forest
C:\Users\DELL Precision 5550\Documents\GitHub\Terrasight-Eurosat-RGB-vs-Multispectral\data\raw\multispectral\River\River_786.tif,8,3,River,Highway,River
C:\Users\DELL Precision 5550\Documents\GitHub\Terrasight-Eurosat-RGB-vs-Multispectral\data\raw\multispectral\Industrial\Industrial_828.tif,4,4,Industrial,Industrial,Industrial
C:\Users\DELL Precision 5550\Documents\GitHub\Terrasight-Eurosat-RGB-vs-Multispectral\data\raw\multispectral\Pasture\Pasture_1309.tif,5,5,Pasture,Pasture,Pasture
C:\Users\DELL Precision 5550\Documents\GitHub\Terrasight-Eurosat-RGB-vs-Multispectral\data\raw\multispectral\HerbaceousVegetation\HerbaceousVegetation_1430.tif,2,2,HerbaceousVegetation,HerbaceousVegetation,HerbaceousVegetation
C:\Users\DELL Precision 5550\Documents\GitHub\Terrasight-Eurosat-RGB-vs-Multispectral\data\raw\multispectral\AnnualCrop\AnnualCrop_229.tif,0,0,AnnualCrop,AnnualCrop,AnnualCrop
C:\Users\DELL Precision 5550\Documents\GitHub\Terrasight-Eurosat-RGB-vs-Multispectral\data\raw\multispectral\Residential\Residential_1723.tif,7,7,Residential,Residential,Residential
C:\Users\DELL Precision 5550\Documents\GitHub\Terrasight-Eurosat-RGB-vs-Multispectral\data\raw\multispectral\Industrial\Industrial_864.tif,4,4,Industrial,Industrial,Industrial
C:\Users\DELL Precision 5550\Documents\GitHub\Terrasight-Eurosat-RGB-vs-Multispectral\data\raw\multispectral\Forest\Forest_2240.tif,1,1,Forest,Forest,Forest
C:\Users\DELL Precision 5550\Documents\GitHub\Terrasight-Eurosat-RGB-vs-Multispectral\data\raw\multispectral\HerbaceousVegetation\HerbaceousVegetation_1827.tif,2,2,HerbaceousVegetation,HerbaceousVegetation,HerbaceousVegetation
C:\Users\DELL Precision 5550\Documents\GitHub\Terrasight-Eurosat-RGB-vs-Multispectral\data\raw\multispectral\PermanentCrop\PermanentCrop_805.tif,6,6,PermanentCrop,PermanentCrop,PermanentCrop
C:\Users\DELL Precision 5550\Documents\GitHub\Terrasight-Eurosat-RGB-vs-Multispectral\data\raw\multispectral\Residential\Residential_289.tif,7,7,Residential,Residential,Residential
C:\Users\DELL Precision 5550\Documents\GitHub\Terrasight-Eurosat-RGB-vs-Multispectral\data\raw\multispectral\Residential\Residential_2638.tif,7,7,Residential,Residential,Residential
C:\Users\DELL Precision 5550\Documents\GitHub\Terrasight-Eurosat-RGB-vs-Multispectral\data\raw\multispectral\HerbaceousVegetation\HerbaceousVegetation_2785.tif,2,2,HerbaceousVegetation,HerbaceousVegetation,HerbaceousVegetation
C:\Users\DELL Precision 5550\Documents\GitHub\Terrasight-Eurosat-RGB-vs-Multispectral\data\raw\multispectral\AnnualCrop\AnnualCrop_879.tif,0,0,AnnualCrop,AnnualCrop,AnnualCrop
C:\Users\DELL Precision 5550\Documents\GitHub\Terrasight-Eurosat-RGB-vs-Multispectral\data\raw\multispectral\Residential\Residential_37.tif,7,7,Residential,Residential,Residential
C:\Users\DELL Precision 5550\Documents\GitHub\Terrasight-Eurosat-RGB-vs-Multispectral\data\raw\multispectral\SeaLake\SeaLake_1237.tif,9,9,SeaLake,SeaLake,SeaLake
C:\Users\DELL Precision 5550\Documents\GitHub\Terrasight-Eurosat-RGB-vs-Multispectral\data\raw\multispectral\Industrial\Industrial_235.tif,4,4,Industrial,Industrial,Industrial
C:\Users\DELL Precision 5550\Documents\GitHub\Terrasight-Eurosat-RGB-vs-Multispectral\data\raw\multispectral\HerbaceousVegetation\HerbaceousVegetation_441.tif,2,2,HerbaceousVegetation,HerbaceousVegetation,HerbaceousVegetation
C:\Users\DELL Precision 5550\Documents\GitHub\Terrasight-Eurosat-RGB-vs-Multispectral\data\raw\multispectral\Highway\Highway_1489.tif,3,3,Highway,Highway,Highway
C:\Users\DELL Precision 5550\Documents\GitHub\Terrasight-Eurosat-RGB-vs-Multispectral\data\raw\multispectral\HerbaceousVegetation\HerbaceousVegetation_1754.tif,2,2,HerbaceousVegetation,HerbaceousVegetation,HerbaceousVegetation
C:\Users\DELL Precision 5550\Documents\GitHub\Terrasight-Eurosat-RGB-vs-Multispectral\data\raw\multispectral\River\River_172.tif,8,8,River,River,River
C:\Users\DELL Precision 5550\Documents\GitHub\Terrasight-Eurosat-RGB-vs-Multispectral\data\raw\multispectral\HerbaceousVegetation\HerbaceousVegetation_2228.tif,2,2,HerbaceousVegetation,HerbaceousVegetation,HerbaceousVegetation
C:\Users\DELL Precision 5550\Documents\GitHub\Terrasight-Eurosat-RGB-vs-Multispectral\data\raw\multispectral\SeaLake\SeaLake_608.tif,9,9,SeaLake,SeaLake,SeaLake
C:\Users\DELL Precision 5550\Documents\GitHub\Terrasight-Eurosat-RGB-vs-Multispectral\data\raw\multispectral\HerbaceousVegetation\HerbaceousVegetation_86.tif,2,2,HerbaceousVegetation,HerbaceousVegetation,HerbaceousVegetation
C:\Users\DELL Precision 5550\Documents\GitHub\Terrasight-Eurosat-RGB-vs-Multispectral\data\raw\multispectral\Pasture\Pasture_1653.tif,5,2,Pasture,HerbaceousVegetation,Pasture
C:\Users\DELL Precision 5550\Documents\GitHub\Terrasight-Eurosat-RGB-vs-Multispectral\data\raw\multispectral\Forest\Forest_2748.tif,1,1,Forest,Forest,Forest
C:\Users\DELL Precision 5550\Documents\GitHub\Terrasight-Eurosat-RGB-vs-Multispectral\data\raw\multispectral\HerbaceousVegetation\HerbaceousVegetation_1262.tif,2,2,HerbaceousVegetation,HerbaceousVegetation,HerbaceousVegetation
C:\Users\DELL Precision 5550\Documents\GitHub\Terrasight-Eurosat-RGB-vs-Multispectral\data\raw\multispectral\AnnualCrop\AnnualCrop_2193.tif,0,0,AnnualCrop,AnnualCrop,AnnualCrop
C:\Users\DELL Precision 5550\Documents\GitHub\Terrasight-Eurosat-RGB-vs-Multispectral\data\raw\multispectral\SeaLake\SeaLake_1638.tif,9,9,SeaLake,SeaLake,SeaLake
C:\Users\DELL Precision 5550\Documents\GitHub\Terrasight-Eurosat-RGB-vs-Multispectral\data\raw\multispectral\River\River_1572.tif,8,8,River,River,River
C:\Users\DELL Precision 5550\Documents\GitHub\Terrasight-Eurosat-RGB-vs-Multispectral\data\raw\multispectral\River\River_765.tif,8,8,River,River,River
C:\Users\DELL Precision 5550\Documents\GitHub\Terrasight-Eurosat-RGB-vs-Multispectral\data\raw\multispectral\Pasture\Pasture_962.tif,5,5,Pasture,Pasture,Pasture
C:\Users\DELL Precision 5550\Documents\GitHub\Terrasight-Eurosat-RGB-vs-Multispectral\data\raw\multispectral\Forest\Forest_15.tif,1,1,Forest,Forest,Forest
C:\Users\DELL Precision 5550\Documents\GitHub\Terrasight-Eurosat-RGB-vs-Multispectral\data\raw\multispectral\Residential\Residential_61.tif,7,7,Residential,Residential,Residential
C:\Users\DELL Precision 5550\Documents\GitHub\Terrasight-Eurosat-RGB-vs-Multispectral\data\raw\multispectral\SeaLake\SeaLake_2347.tif,9,9,SeaLake,SeaLake,SeaLake
C:\Users\DELL Precision 5550\Documents\GitHub\Terrasight-Eurosat-RGB-vs-Multispectral\data\raw\multispectral\River\River_2181.tif,8,8,River,River,River
C:\Users\DELL Precision 5550\Documents\GitHub\Terrasight-Eurosat-RGB-vs-Multispectral\data\raw\multispectral\Forest\Forest_1361.tif,1,1,Forest,Forest,Forest
C:\Users\DELL Precision 5550\Documents\GitHub\Terrasight-Eurosat-RGB-vs-Multispectral\data\raw\multispectral\PermanentCrop\PermanentCrop_377.tif,6,6,PermanentCrop,PermanentCrop,PermanentCrop
C:\Users\DELL Precision 5550\Documents\GitHub\Terrasight-Eurosat-RGB-vs-Multispectral\data\raw\multispectral\PermanentCrop\PermanentCrop_2023.tif,6,6,PermanentCrop,PermanentCrop,PermanentCrop
C:\Users\DELL Precision 5550\Documents\GitHub\Terrasight-Eurosat-RGB-vs-Multispectral\data\raw\multispectral\Residential\Residential_88.tif,7,7,Residential,Residential,Residential
C:\Users\DELL Precision 5550\Documents\GitHub\Terrasight-Eurosat-RGB-vs-Multispectral\data\raw\multispectral\HerbaceousVegetation\HerbaceousVegetation_1052.tif,2,2,HerbaceousVegetation,HerbaceousVegetation,HerbaceousVegetation
C:\Users\DELL Precision 5550\Documents\GitHub\Terrasight-Eurosat-RGB-vs-Multispectral\data\raw\multispectral\SeaLake\SeaLake_2004.tif,9,9,SeaLake,SeaLake,SeaLake
C:\Users\DELL Precision 5550\Documents\GitHub\Terrasight-Eurosat-RGB-vs-Multispectral\data\raw\multispectral\Highway\Highway_2238.tif,3,3,Highway,Highway,Highway
C:\Users\DELL Precision 5550\Documents\GitHub\Terrasight-Eurosat-RGB-vs-Multispectral\data\raw\multispectral\Residential\Residential_1413.tif,7,7,Residential,Residential,Residential
C:\Users\DELL Precision 5550\Documents\GitHub\Terrasight-Eurosat-RGB-vs-Multispectral\data\raw\multispectral\HerbaceousVegetation\HerbaceousVegetation_225.tif,2,2,HerbaceousVegetation,HerbaceousVegetation,HerbaceousVegetation
C:\Users\DELL Precision 5550\Documents\GitHub\Terrasight-Eurosat-RGB-vs-Multispectral\data\raw\multispectral\Forest\Forest_329.tif,1,1,Forest,Forest,Forest
C:\Users\DELL Precision 5550\Documents\GitHub\Terrasight-Eurosat-RGB-vs-Multispectral\data\raw\multispectral\AnnualCrop\AnnualCrop_1749.tif,0,0,AnnualCrop,AnnualCrop,AnnualCrop
C:\Users\DELL Precision 5550\Documents\GitHub\Terrasight-Eurosat-RGB-vs-Multispectral\data\raw\multispectral\Forest\Forest_532.tif,1,1,Forest,Forest,Forest
C:\Users\DELL Precision 5550\Documents\GitHub\Terrasight-Eurosat-RGB-vs-Multispectral\data\raw\multispectral\AnnualCrop\AnnualCrop_2535.tif,0,0,AnnualCrop,AnnualCrop,AnnualCrop
C:\Users\DELL Precision 5550\Documents\GitHub\Terrasight-Eurosat-RGB-vs-Multispectral\data\raw\multispectral\Highway\Highway_1149.tif,3,3,Highway,Highway,Highway
C:\Users\DELL Precision 5550\Documents\GitHub\Terrasight-Eurosat-RGB-vs-Multispectral\data\raw\multispectral\SeaLake\SeaLake_2431.tif,9,9,SeaLake,SeaLake,SeaLake
C:\Users\DELL Precision 5550\Documents\GitHub\Terrasight-Eurosat-RGB-vs-Multispectral\data\raw\multispectral\HerbaceousVegetation\HerbaceousVegetation_867.tif,2,2,HerbaceousVegetation,HerbaceousVegetation,HerbaceousVegetation
C:\Users\DELL Precision 5550\Documents\GitHub\Terrasight-Eurosat-RGB-vs-Multispectral\data\raw\multispectral\AnnualCrop\AnnualCrop_1839.tif,0,0,AnnualCrop,AnnualCrop,AnnualCrop
C:\Users\DELL Precision 5550\Documents\GitHub\Terrasight-Eurosat-RGB-vs-Multispectral\data\raw\multispectral\SeaLake\SeaLake_2525.tif,9,9,SeaLake,SeaLake,SeaLake
C:\Users\DELL Precision 5550\Documents\GitHub\Terrasight-Eurosat-RGB-vs-Multispectral\data\raw\multispectral\SeaLake\SeaLake_2817.tif,9,9,SeaLake,SeaLake,SeaLake
C:\Users\DELL Precision 5550\Documents\GitHub\Terrasight-Eurosat-RGB-vs-Multispectral\data\raw\multispectral\SeaLake\SeaLake_507.tif,9,9,SeaLake,SeaLake,SeaLake
C:\Users\DELL Precision 5550\Documents\GitHub\Terrasight-Eurosat-RGB-vs-Multispectral\data\raw\multispectral\AnnualCrop\AnnualCrop_859.tif,0,0,AnnualCrop,AnnualCrop,AnnualCrop
C:\Users\DELL Precision 5550\Documents\GitHub\Terrasight-Eurosat-RGB-vs-Multispectral\data\raw\multispectral\PermanentCrop\PermanentCrop_1956.tif,6,6,PermanentCrop,PermanentCrop,PermanentCrop
C:\Users\DELL Precision 5550\Documents\GitHub\Terrasight-Eurosat-RGB-vs-Multispectral\data\raw\multispectral\Forest\Forest_1567.tif,1,1,Forest,Forest,Forest
C:\Users\DELL Precision 5550\Documents\GitHub\Terrasight-Eurosat-RGB-vs-Multispectral\data\raw\multispectral\HerbaceousVegetation\HerbaceousVegetation_402.tif,2,2,HerbaceousVegetation,HerbaceousVegetation,HerbaceousVegetation
C:\Users\DELL Precision 5550\Documents\GitHub\Terrasight-Eurosat-RGB-vs-Multispectral\data\raw\multispectral\Residential\Residential_1896.tif,7,2,Residential,HerbaceousVegetation,Residential
C:\Users\DELL Precision 5550\Documents\GitHub\Terrasight-Eurosat-RGB-vs-Multispectral\data\raw\multispectral\SeaLake\SeaLake_1372.tif,9,9,SeaLake,SeaLake,SeaLake
C:\Users\DELL Precision 5550\Documents\GitHub\Terrasight-Eurosat-RGB-vs-Multispectral\data\raw\multispectral\River\River_2356.tif,8,8,River,River,River
C:\Users\DELL Precision 5550\Documents\GitHub\Terrasight-Eurosat-RGB-vs-Multispectral\data\raw\multispectral\Industrial\Industrial_1346.tif,4,4,Industrial,Industrial,Industrial
C:\Users\DELL Precision 5550\Documents\GitHub\Terrasight-Eurosat-RGB-vs-Multispectral\data\raw\multispectral\SeaLake\SeaLake_1732.tif,9,9,SeaLake,SeaLake,SeaLake
C:\Users\DELL Precision 5550\Documents\GitHub\Terrasight-Eurosat-RGB-vs-Multispectral\data\raw\multispectral\Highway\Highway_1928.tif,3,3,Highway,Highway,Highway
C:\Users\DELL Precision 5550\Documents\GitHub\Terrasight-Eurosat-RGB-vs-Multispectral\data\raw\multispectral\Forest\Forest_1817.tif,1,1,Forest,Forest,Forest
C:\Users\DELL Precision 5550\Documents\GitHub\Terrasight-Eurosat-RGB-vs-Multispectral\data\raw\multispectral\SeaLake\SeaLake_2059.tif,9,9,SeaLake,SeaLake,SeaLake
C:\Users\DELL Precision 5550\Documents\GitHub\Terrasight-Eurosat-RGB-vs-Multispectral\data\raw\multispectral\River\River_1469.tif,8,8,River,River,River
C:\Users\DELL Precision 5550\Documents\GitHub\Terrasight-Eurosat-RGB-vs-Multispectral\data\raw\multispectral\Forest\Forest_132.tif,1,1,Forest,Forest,Forest
C:\Users\DELL Precision 5550\Documents\GitHub\Terrasight-Eurosat-RGB-vs-Multispectral\data\raw\multispectral\AnnualCrop\AnnualCrop_1001.tif,0,0,AnnualCrop,AnnualCrop,AnnualCrop
C:\Users\DELL Precision 5550\Documents\GitHub\Terrasight-Eurosat-RGB-vs-Multispectral\data\raw\multispectral\SeaLake\SeaLake_2805.tif,9,9,SeaLake,SeaLake,SeaLake
C:\Users\DELL Precision 5550\Documents\GitHub\Terrasight-Eurosat-RGB-vs-Multispectral\data\raw\multispectral\HerbaceousVegetation\HerbaceousVegetation_1763.tif,2,2,HerbaceousVegetation,HerbaceousVegetation,HerbaceousVegetation
C:\Users\DELL Precision 5550\Documents\GitHub\Terrasight-Eurosat-RGB-vs-Multispectral\data\raw\multispectral\River\River_823.tif,8,8,River,River,River
C:\Users\DELL Precision 5550\Documents\GitHub\Terrasight-Eurosat-RGB-vs-Multispectral\data\raw\multispectral\PermanentCrop\PermanentCrop_2110.tif,6,2,PermanentCrop,HerbaceousVegetation,PermanentCrop
C:\Users\DELL Precision 5550\Documents\GitHub\Terrasight-Eurosat-RGB-vs-Multispectral\data\raw\multispectral\Industrial\Industrial_513.tif,4,4,Industrial,Industrial,Industrial
C:\Users\DELL Precision 5550\Documents\GitHub\Terrasight-Eurosat-RGB-vs-Multispectral\data\raw\multispectral\River\River_117.tif,8,8,River,River,River
C:\Users\DELL Precision 5550\Documents\GitHub\Terrasight-Eurosat-RGB-vs-Multispectral\data\raw\multispectral\Highway\Highway_1789.tif,3,3,Highway,Highway,Highway
C:\Users\DELL Precision 5550\Documents\GitHub\Terrasight-Eurosat-RGB-vs-Multispectral\data\raw\multispectral\Residential\Residential_264.tif,7,7,Residential,Residential,Residential
C:\Users\DELL Precision 5550\Documents\GitHub\Terrasight-Eurosat-RGB-vs-Multispectral\data\raw\multispectral\Residential\Residential_2582.tif,7,7,Residential,Residential,Residential
C:\Users\DELL Precision 5550\Documents\GitHub\Terrasight-Eurosat-RGB-vs-Multispectral\data\raw\multispectral\Residential\Residential_233.tif,7,7,Residential,Residential,Residential
C:\Users\DELL Precision 5550\Documents\GitHub\Terrasight-Eurosat-RGB-vs-Multispectral\data\raw\multispectral\Pasture\Pasture_1753.tif,5,5,Pasture,Pasture,Pasture
C:\Users\DELL Precision 5550\Documents\GitHub\Terrasight-Eurosat-RGB-vs-Multispectral\data\raw\multispectral\Forest\Forest_2805.tif,1,1,Forest,Forest,Forest
C:\Users\DELL Precision 5550\Documents\GitHub\Terrasight-Eurosat-RGB-vs-Multispectral\data\raw\multispectral\Pasture\Pasture_924.tif,5,5,Pasture,Pasture,Pasture
C:\Users\DELL Precision 5550\Documents\GitHub\Terrasight-Eurosat-RGB-vs-Multispectral\data\raw\multispectral\SeaLake\SeaLake_1708.tif,9,9,SeaLake,SeaLake,SeaLake
C:\Users\DELL Precision 5550\Documents\GitHub\Terrasight-Eurosat-RGB-vs-Multispectral\data\raw\multispectral\PermanentCrop\PermanentCrop_2233.tif,6,6,PermanentCrop,PermanentCrop,PermanentCrop
C:\Users\DELL Precision 5550\Documents\GitHub\Terrasight-Eurosat-RGB-vs-Multispectral\data\raw\multispectral\Forest\Forest_1706.tif,1,1,Forest,Forest,Forest
C:\Users\DELL Precision 5550\Documents\GitHub\Terrasight-Eurosat-RGB-vs-Multispectral\data\raw\multispectral\Industrial\Industrial_451.tif,4,4,Industrial,Industrial,Industrial
C:\Users\DELL Precision 5550\Documents\GitHub\Terrasight-Eurosat-RGB-vs-Multispectral\data\raw\multispectral\River\River_1367.tif,8,8,River,River,River
C:\Users\DELL Precision 5550\Documents\GitHub\Terrasight-Eurosat-RGB-vs-Multispectral\data\raw\multispectral\HerbaceousVegetation\HerbaceousVegetation_617.tif,2,2,HerbaceousVegetation,HerbaceousVegetation,HerbaceousVegetation
C:\Users\DELL Precision 5550\Documents\GitHub\Terrasight-Eurosat-RGB-vs-Multispectral\data\raw\multispectral\HerbaceousVegetation\HerbaceousVegetation_365.tif,2,2,HerbaceousVegetation,HerbaceousVegetation,HerbaceousVegetation
C:\Users\DELL Precision 5550\Documents\GitHub\Terrasight-Eurosat-RGB-vs-Multispectral\data\raw\multispectral\Highway\Highway_1711.tif,3,3,Highway,Highway,Highway
C:\Users\DELL Precision 5550\Documents\GitHub\Terrasight-Eurosat-RGB-vs-Multispectral\data\raw\multispectral\Industrial\Industrial_1507.tif,4,4,Industrial,Industrial,Industrial
C:\Users\DELL Precision 5550\Documents\GitHub\Terrasight-Eurosat-RGB-vs-Multispectral\data\raw\multispectral\Pasture\Pasture_1786.tif,5,9,Pasture,SeaLake,Pasture
C:\Users\DELL Precision 5550\Documents\GitHub\Terrasight-Eurosat-RGB-vs-Multispectral\data\raw\multispectral\Forest\Forest_1541.tif,1,1,Forest,Forest,Forest
C:\Users\DELL Precision 5550\Documents\GitHub\Terrasight-Eurosat-RGB-vs-Multispectral\data\raw\multispectral\Pasture\Pasture_1076.tif,5,5,Pasture,Pasture,Pasture
C:\Users\DELL Precision 5550\Documents\GitHub\Terrasight-Eurosat-RGB-vs-Multispectral\data\raw\multispectral\AnnualCrop\AnnualCrop_926.tif,0,0,AnnualCrop,AnnualCrop,AnnualCrop
C:\Users\DELL Precision 5550\Documents\GitHub\Terrasight-Eurosat-RGB-vs-Multispectral\data\raw\multispectral\Pasture\Pasture_997.tif,5,5,Pasture,Pasture,Pasture
C:\Users\DELL Precision 5550\Documents\GitHub\Terrasight-Eurosat-RGB-vs-Multispectral\data\raw\multispectral\River\River_1786.tif,8,8,River,River,River
C:\Users\DELL Precision 5550\Documents\GitHub\Terrasight-Eurosat-RGB-vs-Multispectral\data\raw\multispectral\Pasture\Pasture_892.tif,5,5,Pasture,Pasture,Pasture
C:\Users\DELL Precision 5550\Documents\GitHub\Terrasight-Eurosat-RGB-vs-Multispectral\data\raw\multispectral\Forest\Forest_607.tif,1,1,Forest,Forest,Forest
C:\Users\DELL Precision 5550\Documents\GitHub\Terrasight-Eurosat-RGB-vs-Multispectral\data\raw\multispectral\PermanentCrop\PermanentCrop_404.tif,6,6,PermanentCrop,PermanentCrop,PermanentCrop
C:\Users\DELL Precision 5550\Documents\GitHub\Terrasight-Eurosat-RGB-vs-Multispectral\data\raw\multispectral\AnnualCrop\AnnualCrop_2102.tif,0,0,AnnualCrop,AnnualCrop,AnnualCrop
C:\Users\DELL Precision 5550\Documents\GitHub\Terrasight-Eurosat-RGB-vs-Multispectral\data\raw\multispectral\HerbaceousVegetation\HerbaceousVegetation_1532.tif,2,2,HerbaceousVegetation,HerbaceousVegetation,HerbaceousVegetation
C:\Users\DELL Precision 5550\Documents\GitHub\Terrasight-Eurosat-RGB-vs-Multispectral\data\raw\multispectral\Pasture\Pasture_1646.tif,5,5,Pasture,Pasture,Pasture
C:\Users\DELL Precision 5550\Documents\GitHub\Terrasight-Eurosat-RGB-vs-Multispectral\data\raw\multispectral\Residential\Residential_2019.tif,7,7,Residential,Residential,Residential
C:\Users\DELL Precision 5550\Documents\GitHub\Terrasight-Eurosat-RGB-vs-Multispectral\data\raw\multispectral\Industrial\Industrial_2153.tif,4,4,Industrial,Industrial,Industrial
C:\Users\DELL Precision 5550\Documents\GitHub\Terrasight-Eurosat-RGB-vs-Multispectral\data\raw\multispectral\SeaLake\SeaLake_1174.tif,9,9,SeaLake,SeaLake,SeaLake
C:\Users\DELL Precision 5550\Documents\GitHub\Terrasight-Eurosat-RGB-vs-Multispectral\data\raw\multispectral\SeaLake\SeaLake_677.tif,9,9,SeaLake,SeaLake,SeaLake
C:\Users\DELL Precision 5550\Documents\GitHub\Terrasight-Eurosat-RGB-vs-Multispectral\data\raw\multispectral\River\River_1070.tif,8,8,River,River,River
C:\Users\DELL Precision 5550\Documents\GitHub\Terrasight-Eurosat-RGB-vs-Multispectral\data\raw\multispectral\SeaLake\SeaLake_833.tif,9,9,SeaLake,SeaLake,SeaLake
C:\Users\DELL Precision 5550\Documents\GitHub\Terrasight-Eurosat-RGB-vs-Multispectral\data\raw\multispectral\Highway\Highway_715.tif,3,3,Highway,Highway,Highway
C:\Users\DELL Precision 5550\Documents\GitHub\Terrasight-Eurosat-RGB-vs-Multispectral\data\raw\multispectral\SeaLake\SeaLake_903.tif,9,9,SeaLake,SeaLake,SeaLake
C:\Users\DELL Precision 5550\Documents\GitHub\Terrasight-Eurosat-RGB-vs-Multispectral\data\raw\multispectral\Forest\Forest_3.tif,1,1,Forest,Forest,Forest
C:\Users\DELL Precision 5550\Documents\GitHub\Terrasight-Eurosat-RGB-vs-Multispectral\data\raw\multispectral\Pasture\Pasture_789.tif,5,0,Pasture,AnnualCrop,Pasture
C:\Users\DELL Precision 5550\Documents\GitHub\Terrasight-Eurosat-RGB-vs-Multispectral\data\raw\multispectral\AnnualCrop\AnnualCrop_624.tif,0,0,AnnualCrop,AnnualCrop,AnnualCrop
C:\Users\DELL Precision 5550\Documents\GitHub\Terrasight-Eurosat-RGB-vs-Multispectral\data\raw\multispectral\HerbaceousVegetation\HerbaceousVegetation_2755.tif,2,2,HerbaceousVegetation,HerbaceousVegetation,HerbaceousVegetation
C:\Users\DELL Precision 5550\Documents\GitHub\Terrasight-Eurosat-RGB-vs-Multispectral\data\raw\multispectral\Pasture\Pasture_783.tif,5,5,Pasture,Pasture,Pasture
C:\Users\DELL Precision 5550\Documents\GitHub\Terrasight-Eurosat-RGB-vs-Multispectral\data\raw\multispectral\River\River_273.tif,8,8,River,River,River
C:\Users\DELL Precision 5550\Documents\GitHub\Terrasight-Eurosat-RGB-vs-Multispectral\data\raw\multispectral\Industrial\Industrial_2382.tif,4,4,Industrial,Industrial,Industrial
C:\Users\DELL Precision 5550\Documents\GitHub\Terrasight-Eurosat-RGB-vs-Multispectral\data\raw\multispectral\Highway\Highway_1373.tif,3,3,Highway,Highway,Highway
C:\Users\DELL Precision 5550\Documents\GitHub\Terrasight-Eurosat-RGB-vs-Multispectral\data\raw\multispectral\Forest\Forest_84.tif,1,1,Forest,Forest,Forest
C:\Users\DELL Precision 5550\Documents\GitHub\Terrasight-Eurosat-RGB-vs-Multispectral\data\raw\multispectral\SeaLake\SeaLake_2294.tif,9,9,SeaLake,SeaLake,SeaLake
C:\Users\DELL Precision 5550\Documents\GitHub\Terrasight-Eurosat-RGB-vs-Multispectral\data\raw\multispectral\River\River_2476.tif,8,8,River,River,River
C:\Users\DELL Precision 5550\Documents\GitHub\Terrasight-Eurosat-RGB-vs-Multispectral\data\raw\multispectral\Forest\Forest_1976.tif,1,1,Forest,Forest,Forest
C:\Users\DELL Precision 5550\Documents\GitHub\Terrasight-Eurosat-RGB-vs-Multispectral\data\raw\multispectral\Industrial\Industrial_2144.tif,4,6,Industrial,PermanentCrop,Industrial
C:\Users\DELL Precision 5550\Documents\GitHub\Terrasight-Eurosat-RGB-vs-Multispectral\data\raw\multispectral\Forest\Forest_2272.tif,1,1,Forest,Forest,Forest
C:\Users\DELL Precision 5550\Documents\GitHub\Terrasight-Eurosat-RGB-vs-Multispectral\data\raw\multispectral\PermanentCrop\PermanentCrop_1061.tif,6,6,PermanentCrop,PermanentCrop,PermanentCrop
C:\Users\DELL Precision 5550\Documents\GitHub\Terrasight-Eurosat-RGB-vs-Multispectral\data\raw\multispectral\PermanentCrop\PermanentCrop_1169.tif,6,6,PermanentCrop,PermanentCrop,PermanentCrop
C:\Users\DELL Precision 5550\Documents\GitHub\Terrasight-Eurosat-RGB-vs-Multispectral\data\raw\multispectral\Residential\Residential_2919.tif,7,7,Residential,Residential,Residential
C:\Users\DELL Precision 5550\Documents\GitHub\Terrasight-Eurosat-RGB-vs-Multispectral\data\raw\multispectral\River\River_1376.tif,8,8,River,River,River
C:\Users\DELL Precision 5550\Documents\GitHub\Terrasight-Eurosat-RGB-vs-Multispectral\data\raw\multispectral\Forest\Forest_2102.tif,1,1,Forest,Forest,Forest
C:\Users\DELL Precision 5550\Documents\GitHub\Terrasight-Eurosat-RGB-vs-Multispectral\data\raw\multispectral\Forest\Forest_2017.tif,1,1,Forest,Forest,Forest
C:\Users\DELL Precision 5550\Documents\GitHub\Terrasight-Eurosat-RGB-vs-Multispectral\data\raw\multispectral\Forest\Forest_2210.tif,1,1,Forest,Forest,Forest
C:\Users\DELL Precision 5550\Documents\GitHub\Terrasight-Eurosat-RGB-vs-Multispectral\data\raw\multispectral\Residential\Residential_2178.tif,7,7,Residential,Residential,Residential
C:\Users\DELL Precision 5550\Documents\GitHub\Terrasight-Eurosat-RGB-vs-Multispectral\data\raw\multispectral\Pasture\Pasture_1529.tif,5,5,Pasture,Pasture,Pasture
C:\Users\DELL Precision 5550\Documents\GitHub\Terrasight-Eurosat-RGB-vs-Multispectral\data\raw\multispectral\Highway\Highway_591.tif,3,3,Highway,Highway,Highway
C:\Users\DELL Precision 5550\Documents\GitHub\Terrasight-Eurosat-RGB-vs-Multispectral\data\raw\multispectral\SeaLake\SeaLake_1001.tif,9,9,SeaLake,SeaLake,SeaLake
C:\Users\DELL Precision 5550\Documents\GitHub\Terrasight-Eurosat-RGB-vs-Multispectral\data\raw\multispectral\SeaLake\SeaLake_1173.tif,9,9,SeaLake,SeaLake,SeaLake
C:\Users\DELL Precision 5550\Documents\GitHub\Terrasight-Eurosat-RGB-vs-Multispectral\data\raw\multispectral\PermanentCrop\PermanentCrop_864.tif,6,6,PermanentCrop,PermanentCrop,PermanentCrop
C:\Users\DELL Precision 5550\Documents\GitHub\Terrasight-Eurosat-RGB-vs-Multispectral\data\raw\multispectral\Forest\Forest_1101.tif,1,1,Forest,Forest,Forest
C:\Users\DELL Precision 5550\Documents\GitHub\Terrasight-Eurosat-RGB-vs-Multispectral\data\raw\multispectral\HerbaceousVegetation\HerbaceousVegetation_637.tif,2,6,HerbaceousVegetation,PermanentCrop,HerbaceousVegetation
C:\Users\DELL Precision 5550\Documents\GitHub\Terrasight-Eurosat-RGB-vs-Multispectral\data\raw\multispectral\Highway\Highway_2069.tif,3,3,Highway,Highway,Highway
C:\Users\DELL Precision 5550\Documents\GitHub\Terrasight-Eurosat-RGB-vs-Multispectral\data\raw\multispectral\SeaLake\SeaLake_1581.tif,9,9,SeaLake,SeaLake,SeaLake
C:\Users\DELL Precision 5550\Documents\GitHub\Terrasight-Eurosat-RGB-vs-Multispectral\data\raw\multispectral\Industrial\Industrial_1206.tif,4,4,Industrial,Industrial,Industrial
C:\Users\DELL Precision 5550\Documents\GitHub\Terrasight-Eurosat-RGB-vs-Multispectral\data\raw\multispectral\SeaLake\SeaLake_157.tif,9,9,SeaLake,SeaLake,SeaLake
C:\Users\DELL Precision 5550\Documents\GitHub\Terrasight-Eurosat-RGB-vs-Multispectral\data\raw\multispectral\Forest\Forest_2238.tif,1,1,Forest,Forest,Forest
C:\Users\DELL Precision 5550\Documents\GitHub\Terrasight-Eurosat-RGB-vs-Multispectral\data\raw\multispectral\River\River_1000.tif,8,2,River,HerbaceousVegetation,River
C:\Users\DELL Precision 5550\Documents\GitHub\Terrasight-Eurosat-RGB-vs-Multispectral\data\raw\multispectral\Residential\Residential_30.tif,7,7,Residential,Residential,Residential
C:\Users\DELL Precision 5550\Documents\GitHub\Terrasight-Eurosat-RGB-vs-Multispectral\data\raw\multispectral\Residential\Residential_2104.tif,7,7,Residential,Residential,Residential
C:\Users\DELL Precision 5550\Documents\GitHub\Terrasight-Eurosat-RGB-vs-Multispectral\data\raw\multispectral\Pasture\Pasture_341.tif,5,5,Pasture,Pasture,Pasture
C:\Users\DELL Precision 5550\Documents\GitHub\Terrasight-Eurosat-RGB-vs-Multispectral\data\raw\multispectral\River\River_662.tif,8,8,River,River,River
C:\Users\DELL Precision 5550\Documents\GitHub\Terrasight-Eurosat-RGB-vs-Multispectral\data\raw\multispectral\Industrial\Industrial_2036.tif,4,4,Industrial,Industrial,Industrial
C:\Users\DELL Precision 5550\Documents\GitHub\Terrasight-Eurosat-RGB-vs-Multispectral\data\raw\multispectral\AnnualCrop\AnnualCrop_1100.tif,0,0,AnnualCrop,AnnualCrop,AnnualCrop
C:\Users\DELL Precision 5550\Documents\GitHub\Terrasight-Eurosat-RGB-vs-Multispectral\data\raw\multispectral\Forest\Forest_2241.tif,1,1,Forest,Forest,Forest
C:\Users\DELL Precision 5550\Documents\GitHub\Terrasight-Eurosat-RGB-vs-Multispectral\data\raw\multispectral\Forest\Forest_1999.tif,1,1,Forest,Forest,Forest
C:\Users\DELL Precision 5550\Documents\GitHub\Terrasight-Eurosat-RGB-vs-Multispectral\data\raw\multispectral\PermanentCrop\PermanentCrop_2459.tif,6,6,PermanentCrop,PermanentCrop,PermanentCrop
C:\Users\DELL Precision 5550\Documents\GitHub\Terrasight-Eurosat-RGB-vs-Multispectral\data\raw\multispectral\AnnualCrop\AnnualCrop_454.tif,0,0,AnnualCrop,AnnualCrop,AnnualCrop
C:\Users\DELL Precision 5550\Documents\GitHub\Terrasight-Eurosat-RGB-vs-Multispectral\data\raw\multispectral\Industrial\Industrial_461.tif,4,3,Industrial,Highway,Industrial
C:\Users\DELL Precision 5550\Documents\GitHub\Terrasight-Eurosat-RGB-vs-Multispectral\data\raw\multispectral\Highway\Highway_245.tif,3,3,Highway,Highway,Highway
C:\Users\DELL Precision 5550\Documents\GitHub\Terrasight-Eurosat-RGB-vs-Multispectral\data\raw\multispectral\AnnualCrop\AnnualCrop_1575.tif,0,0,AnnualCrop,AnnualCrop,AnnualCrop
C:\Users\DELL Precision 5550\Documents\GitHub\Terrasight-Eurosat-RGB-vs-Multispectral\data\raw\multispectral\AnnualCrop\AnnualCrop_1627.tif,0,0,AnnualCrop,AnnualCrop,AnnualCrop
C:\Users\DELL Precision 5550\Documents\GitHub\Terrasight-Eurosat-RGB-vs-Multispectral\data\raw\multispectral\Industrial\Industrial_1241.tif,4,4,Industrial,Industrial,Industrial
C:\Users\DELL Precision 5550\Documents\GitHub\Terrasight-Eurosat-RGB-vs-Multispectral\data\raw\multispectral\HerbaceousVegetation\HerbaceousVegetation_2069.tif,2,2,HerbaceousVegetation,HerbaceousVegetation,HerbaceousVegetation
C:\Users\DELL Precision 5550\Documents\GitHub\Terrasight-Eurosat-RGB-vs-Multispectral\data\raw\multispectral\SeaLake\SeaLake_796.tif,9,9,SeaLake,SeaLake,SeaLake
C:\Users\DELL Precision 5550\Documents\GitHub\Terrasight-Eurosat-RGB-vs-Multispectral\data\raw\multispectral\Industrial\Industrial_2279.tif,4,4,Industrial,Industrial,Industrial
C:\Users\DELL Precision 5550\Documents\GitHub\Terrasight-Eurosat-RGB-vs-Multispectral\data\raw\multispectral\Forest\Forest_1067.tif,1,1,Forest,Forest,Forest
C:\Users\DELL Precision 5550\Documents\GitHub\Terrasight-Eurosat-RGB-vs-Multispectral\data\raw\multispectral\PermanentCrop\PermanentCrop_568.tif,6,6,PermanentCrop,PermanentCrop,PermanentCrop
C:\Users\DELL Precision 5550\Documents\GitHub\Terrasight-Eurosat-RGB-vs-Multispectral\data\raw\multispectral\Residential\Residential_773.tif,7,7,Residential,Residential,Residential
C:\Users\DELL Precision 5550\Documents\GitHub\Terrasight-Eurosat-RGB-vs-Multispectral\data\raw\multispectral\River\River_2185.tif,8,8,River,River,River
C:\Users\DELL Precision 5550\Documents\GitHub\Terrasight-Eurosat-RGB-vs-Multispectral\data\raw\multispectral\PermanentCrop\PermanentCrop_1640.tif,6,6,PermanentCrop,PermanentCrop,PermanentCrop
C:\Users\DELL Precision 5550\Documents\GitHub\Terrasight-Eurosat-RGB-vs-Multispectral\data\raw\multispectral\Forest\Forest_2934.tif,1,1,Forest,Forest,Forest
C:\Users\DELL Precision 5550\Documents\GitHub\Terrasight-Eurosat-RGB-vs-Multispectral\data\raw\multispectral\Industrial\Industrial_1544.tif,4,4,Industrial,Industrial,Industrial
C:\Users\DELL Precision 5550\Documents\GitHub\Terrasight-Eurosat-RGB-vs-Multispectral\data\raw\multispectral\HerbaceousVegetation\HerbaceousVegetation_1265.tif,2,2,HerbaceousVegetation,HerbaceousVegetation,HerbaceousVegetation
C:\Users\DELL Precision 5550\Documents\GitHub\Terrasight-Eurosat-RGB-vs-Multispectral\data\raw\multispectral\Pasture\Pasture_1932.tif,5,5,Pasture,Pasture,Pasture
C:\Users\DELL Precision 5550\Documents\GitHub\Terrasight-Eurosat-RGB-vs-Multispectral\data\raw\multispectral\Industrial\Industrial_1951.tif,4,4,Industrial,Industrial,Industrial
C:\Users\DELL Precision 5550\Documents\GitHub\Terrasight-Eurosat-RGB-vs-Multispectral\data\raw\multispectral\Forest\Forest_277.tif,1,1,Forest,Forest,Forest
C:\Users\DELL Precision 5550\Documents\GitHub\Terrasight-Eurosat-RGB-vs-Multispectral\data\raw\multispectral\River\River_292.tif,8,8,River,River,River
C:\Users\DELL Precision 5550\Documents\GitHub\Terrasight-Eurosat-RGB-vs-Multispectral\data\raw\multispectral\Highway\Highway_406.tif,3,3,Highway,Highway,Highway
C:\Users\DELL Precision 5550\Documents\GitHub\Terrasight-Eurosat-RGB-vs-Multispectral\data\raw\multispectral\Highway\Highway_832.tif,3,3,Highway,Highway,Highway
C:\Users\DELL Precision 5550\Documents\GitHub\Terrasight-Eurosat-RGB-vs-Multispectral\data\raw\multispectral\River\River_228.tif,8,8,River,River,River
C:\Users\DELL Precision 5550\Documents\GitHub\Terrasight-Eurosat-RGB-vs-Multispectral\data\raw\multispectral\Highway\Highway_2211.tif,3,3,Highway,Highway,Highway
C:\Users\DELL Precision 5550\Documents\GitHub\Terrasight-Eurosat-RGB-vs-Multispectral\data\raw\multispectral\River\River_1606.tif,8,8,River,River,River
C:\Users\DELL Precision 5550\Documents\GitHub\Terrasight-Eurosat-RGB-vs-Multispectral\data\raw\multispectral\SeaLake\SeaLake_2241.tif,9,9,SeaLake,SeaLake,SeaLake
C:\Users\DELL Precision 5550\Documents\GitHub\Terrasight-Eurosat-RGB-vs-Multispectral\data\raw\multispectral\Forest\Forest_1452.tif,1,1,Forest,Forest,Forest
C:\Users\DELL Precision 5550\Documents\GitHub\Terrasight-Eurosat-RGB-vs-Multispectral\data\raw\multispectral\SeaLake\SeaLake_1007.tif,9,9,SeaLake,SeaLake,SeaLake
C:\Users\DELL Precision 5550\Documents\GitHub\Terrasight-Eurosat-RGB-vs-Multispectral\data\raw\multispectral\Pasture\Pasture_631.tif,5,5,Pasture,Pasture,Pasture
C:\Users\DELL Precision 5550\Documents\GitHub\Terrasight-Eurosat-RGB-vs-Multispectral\data\raw\multispectral\River\River_1710.tif,8,8,River,River,River
C:\Users\DELL Precision 5550\Documents\GitHub\Terrasight-Eurosat-RGB-vs-Multispectral\data\raw\multispectral\Pasture\Pasture_940.tif,5,0,Pasture,AnnualCrop,Pasture
C:\Users\DELL Precision 5550\Documents\GitHub\Terrasight-Eurosat-RGB-vs-Multispectral\data\raw\multispectral\Highway\Highway_1019.tif,3,3,Highway,Highway,Highway
C:\Users\DELL Precision 5550\Documents\GitHub\Terrasight-Eurosat-RGB-vs-Multispectral\data\raw\multispectral\Residential\Residential_119.tif,7,7,Residential,Residential,Residential
C:\Users\DELL Precision 5550\Documents\GitHub\Terrasight-Eurosat-RGB-vs-Multispectral\data\raw\multispectral\PermanentCrop\PermanentCrop_550.tif,6,6,PermanentCrop,PermanentCrop,PermanentCrop
C:\Users\DELL Precision 5550\Documents\GitHub\Terrasight-Eurosat-RGB-vs-Multispectral\data\raw\multispectral\Pasture\Pasture_923.tif,5,5,Pasture,Pasture,Pasture
C:\Users\DELL Precision 5550\Documents\GitHub\Terrasight-Eurosat-RGB-vs-Multispectral\data\raw\multispectral\PermanentCrop\PermanentCrop_1933.tif,6,6,PermanentCrop,PermanentCrop,PermanentCrop
C:\Users\DELL Precision 5550\Documents\GitHub\Terrasight-Eurosat-RGB-vs-Multispectral\data\raw\multispectral\HerbaceousVegetation\HerbaceousVegetation_468.tif,2,2,HerbaceousVegetation,HerbaceousVegetation,HerbaceousVegetation
C:\Users\DELL Precision 5550\Documents\GitHub\Terrasight-Eurosat-RGB-vs-Multispectral\data\raw\multispectral\Forest\Forest_928.tif,1,1,Forest,Forest,Forest
C:\Users\DELL Precision 5550\Documents\GitHub\Terrasight-Eurosat-RGB-vs-Multispectral\data\raw\multispectral\SeaLake\SeaLake_563.tif,9,9,SeaLake,SeaLake,SeaLake
C:\Users\DELL Precision 5550\Documents\GitHub\Terrasight-Eurosat-RGB-vs-Multispectral\data\raw\multispectral\HerbaceousVegetation\HerbaceousVegetation_369.tif,2,2,HerbaceousVegetation,HerbaceousVegetation,HerbaceousVegetation
C:\Users\DELL Precision 5550\Documents\GitHub\Terrasight-Eurosat-RGB-vs-Multispectral\data\raw\multispectral\Industrial\Industrial_1828.tif,4,4,Industrial,Industrial,Industrial
C:\Users\DELL Precision 5550\Documents\GitHub\Terrasight-Eurosat-RGB-vs-Multispectral\data\raw\multispectral\River\River_2255.tif,8,8,River,River,River
C:\Users\DELL Precision 5550\Documents\GitHub\Terrasight-Eurosat-RGB-vs-Multispectral\data\raw\multispectral\AnnualCrop\AnnualCrop_311.tif,0,0,AnnualCrop,AnnualCrop,AnnualCrop
C:\Users\DELL Precision 5550\Documents\GitHub\Terrasight-Eurosat-RGB-vs-Multispectral\data\raw\multispectral\PermanentCrop\PermanentCrop_265.tif,6,6,PermanentCrop,PermanentCrop,PermanentCrop
C:\Users\DELL Precision 5550\Documents\GitHub\Terrasight-Eurosat-RGB-vs-Multispectral\data\raw\multispectral\Industrial\Industrial_683.tif,4,4,Industrial,Industrial,Industrial
C:\Users\DELL Precision 5550\Documents\GitHub\Terrasight-Eurosat-RGB-vs-Multispectral\data\raw\multispectral\PermanentCrop\PermanentCrop_1883.tif,6,6,PermanentCrop,PermanentCrop,PermanentCrop
C:\Users\DELL Precision 5550\Documents\GitHub\Terrasight-Eurosat-RGB-vs-Multispectral\data\raw\multispectral\Pasture\Pasture_57.tif,5,5,Pasture,Pasture,Pasture
C:\Users\DELL Precision 5550\Documents\GitHub\Terrasight-Eurosat-RGB-vs-Multispectral\data\raw\multispectral\PermanentCrop\PermanentCrop_842.tif,6,6,PermanentCrop,PermanentCrop,PermanentCrop
C:\Users\DELL Precision 5550\Documents\GitHub\Terrasight-Eurosat-RGB-vs-Multispectral\data\raw\multispectral\SeaLake\SeaLake_1192.tif,9,9,SeaLake,SeaLake,SeaLake
C:\Users\DELL Precision 5550\Documents\GitHub\Terrasight-Eurosat-RGB-vs-Multispectral\data\raw\multispectral\Forest\Forest_2415.tif,1,1,Forest,Forest,Forest
C:\Users\DELL Precision 5550\Documents\GitHub\Terrasight-Eurosat-RGB-vs-Multispectral\data\raw\multispectral\Pasture\Pasture_488.tif,5,5,Pasture,Pasture,Pasture
C:\Users\DELL Precision 5550\Documents\GitHub\Terrasight-Eurosat-RGB-vs-Multispectral\data\raw\multispectral\Residential\Residential_157.tif,7,7,Residential,Residential,Residential
C:\Users\DELL Precision 5550\Documents\GitHub\Terrasight-Eurosat-RGB-vs-Multispectral\data\raw\multispectral\Industrial\Industrial_1386.tif,4,4,Industrial,Industrial,Industrial
C:\Users\DELL Precision 5550\Documents\GitHub\Terrasight-Eurosat-RGB-vs-Multispectral\data\raw\multispectral\River\River_598.tif,8,8,River,River,River
C:\Users\DELL Precision 5550\Documents\GitHub\Terrasight-Eurosat-RGB-vs-Multispectral\data\raw\multispectral\River\River_1104.tif,8,8,River,River,River
C:\Users\DELL Precision 5550\Documents\GitHub\Terrasight-Eurosat-RGB-vs-Multispectral\data\raw\multispectral\SeaLake\SeaLake_1642.tif,9,9,SeaLake,SeaLake,SeaLake
C:\Users\DELL Precision 5550\Documents\GitHub\Terrasight-Eurosat-RGB-vs-Multispectral\data\raw\multispectral\Residential\Residential_2859.tif,7,7,Residential,Residential,Residential
C:\Users\DELL Precision 5550\Documents\GitHub\Terrasight-Eurosat-RGB-vs-Multispectral\data\raw\multispectral\PermanentCrop\PermanentCrop_1561.tif,6,6,PermanentCrop,PermanentCrop,PermanentCrop
C:\Users\DELL Precision 5550\Documents\GitHub\Terrasight-Eurosat-RGB-vs-Multispectral\data\raw\multispectral\Highway\Highway_2453.tif,3,3,Highway,Highway,Highway
C:\Users\DELL Precision 5550\Documents\GitHub\Terrasight-Eurosat-RGB-vs-Multispectral\data\raw\multispectral\AnnualCrop\AnnualCrop_1079.tif,0,0,AnnualCrop,AnnualCrop,AnnualCrop
C:\Users\DELL Precision 5550\Documents\GitHub\Terrasight-Eurosat-RGB-vs-Multispectral\data\raw\multispectral\PermanentCrop\PermanentCrop_2412.tif,6,6,PermanentCrop,PermanentCrop,PermanentCrop
C:\Users\DELL Precision 5550\Documents\GitHub\Terrasight-Eurosat-RGB-vs-Multispectral\data\raw\multispectral\AnnualCrop\AnnualCrop_1108.tif,0,0,AnnualCrop,AnnualCrop,AnnualCrop
C:\Users\DELL Precision 5550\Documents\GitHub\Terrasight-Eurosat-RGB-vs-Multispectral\data\raw\multispectral\Forest\Forest_1431.tif,1,1,Forest,Forest,Forest
C:\Users\DELL Precision 5550\Documents\GitHub\Terrasight-Eurosat-RGB-vs-Multispectral\data\raw\multispectral\AnnualCrop\AnnualCrop_1501.tif,0,0,AnnualCrop,AnnualCrop,AnnualCrop
C:\Users\DELL Precision 5550\Documents\GitHub\Terrasight-Eurosat-RGB-vs-Multispectral\data\raw\multispectral\Highway\Highway_280.tif,3,3,Highway,Highway,Highway
C:\Users\DELL Precision 5550\Documents\GitHub\Terrasight-Eurosat-RGB-vs-Multispectral\data\raw\multispectral\HerbaceousVegetation\HerbaceousVegetation_2269.tif,2,2,HerbaceousVegetation,HerbaceousVegetation,HerbaceousVegetation
C:\Users\DELL Precision 5550\Documents\GitHub\Terrasight-Eurosat-RGB-vs-Multispectral\data\raw\multispectral\Pasture\Pasture_1835.tif,5,5,Pasture,Pasture,Pasture
C:\Users\DELL Precision 5550\Documents\GitHub\Terrasight-Eurosat-RGB-vs-Multispectral\data\raw\multispectral\Highway\Highway_436.tif,3,3,Highway,Highway,Highway
C:\Users\DELL Precision 5550\Documents\GitHub\Terrasight-Eurosat-RGB-vs-Multispectral\data\raw\multispectral\Industrial\Industrial_71.tif,4,4,Industrial,Industrial,Industrial
C:\Users\DELL Precision 5550\Documents\GitHub\Terrasight-Eurosat-RGB-vs-Multispectral\data\raw\multispectral\Residential\Residential_774.tif,7,7,Residential,Residential,Residential
C:\Users\DELL Precision 5550\Documents\GitHub\Terrasight-Eurosat-RGB-vs-Multispectral\data\raw\multispectral\HerbaceousVegetation\HerbaceousVegetation_196.tif,2,2,HerbaceousVegetation,HerbaceousVegetation,HerbaceousVegetation
C:\Users\DELL Precision 5550\Documents\GitHub\Terrasight-Eurosat-RGB-vs-Multispectral\data\raw\multispectral\AnnualCrop\AnnualCrop_1896.tif,0,0,AnnualCrop,AnnualCrop,AnnualCrop
C:\Users\DELL Precision 5550\Documents\GitHub\Terrasight-Eurosat-RGB-vs-Multispectral\data\raw\multispectral\AnnualCrop\AnnualCrop_2509.tif,0,0,AnnualCrop,AnnualCrop,AnnualCrop
C:\Users\DELL Precision 5550\Documents\GitHub\Terrasight-Eurosat-RGB-vs-Multispectral\data\raw\multispectral\Forest\Forest_2831.tif,1,1,Forest,Forest,Forest
C:\Users\DELL Precision 5550\Documents\GitHub\Terrasight-Eurosat-RGB-vs-Multispectral\data\raw\multispectral\SeaLake\SeaLake_2851.tif,9,9,SeaLake,SeaLake,SeaLake
C:\Users\DELL Precision 5550\Documents\GitHub\Terrasight-Eurosat-RGB-vs-Multispectral\data\raw\multispectral\Residential\Residential_1581.tif,7,7,Residential,Residential,Residential
C:\Users\DELL Precision 5550\Documents\GitHub\Terrasight-Eurosat-RGB-vs-Multispectral\data\raw\multispectral\Forest\Forest_2862.tif,1,1,Forest,Forest,Forest
C:\Users\DELL Precision 5550\Documents\GitHub\Terrasight-Eurosat-RGB-vs-Multispectral\data\raw\multispectral\Forest\Forest_1754.tif,1,1,Forest,Forest,Forest
C:\Users\DELL Precision 5550\Documents\GitHub\Terrasight-Eurosat-RGB-vs-Multispectral\data\raw\multispectral\Residential\Residential_1912.tif,7,7,Residential,Residential,Residential
C:\Users\DELL Precision 5550\Documents\GitHub\Terrasight-Eurosat-RGB-vs-Multispectral\data\raw\multispectral\SeaLake\SeaLake_2453.tif,9,9,SeaLake,SeaLake,SeaLake
C:\Users\DELL Precision 5550\Documents\GitHub\Terrasight-Eurosat-RGB-vs-Multispectral\data\raw\multispectral\Pasture\Pasture_1096.tif,5,5,Pasture,Pasture,Pasture
C:\Users\DELL Precision 5550\Documents\GitHub\Terrasight-Eurosat-RGB-vs-Multispectral\data\raw\multispectral\Residential\Residential_2123.tif,7,7,Residential,Residential,Residential
C:\Users\DELL Precision 5550\Documents\GitHub\Terrasight-Eurosat-RGB-vs-Multispectral\data\raw\multispectral\Forest\Forest_706.tif,1,1,Forest,Forest,Forest
C:\Users\DELL Precision 5550\Documents\GitHub\Terrasight-Eurosat-RGB-vs-Multispectral\data\raw\multispectral\HerbaceousVegetation\HerbaceousVegetation_2962.tif,2,2,HerbaceousVegetation,HerbaceousVegetation,HerbaceousVegetation
C:\Users\DELL Precision 5550\Documents\GitHub\Terrasight-Eurosat-RGB-vs-Multispectral\data\raw\multispectral\HerbaceousVegetation\HerbaceousVegetation_2579.tif,2,2,HerbaceousVegetation,HerbaceousVegetation,HerbaceousVegetation
C:\Users\DELL Precision 5550\Documents\GitHub\Terrasight-Eurosat-RGB-vs-Multispectral\data\raw\multispectral\River\River_2120.tif,8,8,River,River,River
C:\Users\DELL Precision 5550\Documents\GitHub\Terrasight-Eurosat-RGB-vs-Multispectral\data\raw\multispectral\HerbaceousVegetation\HerbaceousVegetation_447.tif,2,2,HerbaceousVegetation,HerbaceousVegetation,HerbaceousVegetation
C:\Users\DELL Precision 5550\Documents\GitHub\Terrasight-Eurosat-RGB-vs-Multispectral\data\raw\multispectral\Industrial\Industrial_643.tif,4,7,Industrial,Residential,Industrial
C:\Users\DELL Precision 5550\Documents\GitHub\Terrasight-Eurosat-RGB-vs-Multispectral\data\raw\multispectral\River\River_1326.tif,8,8,River,River,River
C:\Users\DELL Precision 5550\Documents\GitHub\Terrasight-Eurosat-RGB-vs-Multispectral\data\raw\multispectral\Residential\Residential_1402.tif,7,7,Residential,Residential,Residential
C:\Users\DELL Precision 5550\Documents\GitHub\Terrasight-Eurosat-RGB-vs-Multispectral\data\raw\multispectral\PermanentCrop\PermanentCrop_1195.tif,6,6,PermanentCrop,PermanentCrop,PermanentCrop
C:\Users\DELL Precision 5550\Documents\GitHub\Terrasight-Eurosat-RGB-vs-Multispectral\data\raw\multispectral\Industrial\Industrial_148.tif,4,4,Industrial,Industrial,Industrial
C:\Users\DELL Precision 5550\Documents\GitHub\Terrasight-Eurosat-RGB-vs-Multispectral\data\raw\multispectral\Residential\Residential_1593.tif,7,7,Residential,Residential,Residential
C:\Users\DELL Precision 5550\Documents\GitHub\Terrasight-Eurosat-RGB-vs-Multispectral\data\raw\multispectral\Industrial\Industrial_867.tif,4,4,Industrial,Industrial,Industrial
C:\Users\DELL Precision 5550\Documents\GitHub\Terrasight-Eurosat-RGB-vs-Multispectral\data\raw\multispectral\River\River_22.tif,8,8,River,River,River
C:\Users\DELL Precision 5550\Documents\GitHub\Terrasight-Eurosat-RGB-vs-Multispectral\data\raw\multispectral\Industrial\Industrial_11.tif,4,4,Industrial,Industrial,Industrial
C:\Users\DELL Precision 5550\Documents\GitHub\Terrasight-Eurosat-RGB-vs-Multispectral\data\raw\multispectral\Highway\Highway_423.tif,3,3,Highway,Highway,Highway
C:\Users\DELL Precision 5550\Documents\GitHub\Terrasight-Eurosat-RGB-vs-Multispectral\data\raw\multispectral\AnnualCrop\AnnualCrop_2601.tif,0,0,AnnualCrop,AnnualCrop,AnnualCrop
C:\Users\DELL Precision 5550\Documents\GitHub\Terrasight-Eurosat-RGB-vs-Multispectral\data\raw\multispectral\HerbaceousVegetation\HerbaceousVegetation_1398.tif,2,2,HerbaceousVegetation,HerbaceousVegetation,HerbaceousVegetation
C:\Users\DELL Precision 5550\Documents\GitHub\Terrasight-Eurosat-RGB-vs-Multispectral\data\raw\multispectral\SeaLake\SeaLake_125.tif,9,9,SeaLake,SeaLake,SeaLake
C:\Users\DELL Precision 5550\Documents\GitHub\Terrasight-Eurosat-RGB-vs-Multispectral\data\raw\multispectral\Forest\Forest_2464.tif,1,1,Forest,Forest,Forest
C:\Users\DELL Precision 5550\Documents\GitHub\Terrasight-Eurosat-RGB-vs-Multispectral\data\raw\multispectral\AnnualCrop\AnnualCrop_2038.tif,0,0,AnnualCrop,AnnualCrop,AnnualCrop
C:\Users\DELL Precision 5550\Documents\GitHub\Terrasight-Eurosat-RGB-vs-Multispectral\data\raw\multispectral\Forest\Forest_1581.tif,1,1,Forest,Forest,Forest
C:\Users\DELL Precision 5550\Documents\GitHub\Terrasight-Eurosat-RGB-vs-Multispectral\data\raw\multispectral\Forest\Forest_2969.tif,1,1,Forest,Forest,Forest
C:\Users\DELL Precision 5550\Documents\GitHub\Terrasight-Eurosat-RGB-vs-Multispectral\data\raw\multispectral\Highway\Highway_571.tif,3,3,Highway,Highway,Highway
C:\Users\DELL Precision 5550\Documents\GitHub\Terrasight-Eurosat-RGB-vs-Multispectral\data\raw\multispectral\AnnualCrop\AnnualCrop_2866.tif,0,0,AnnualCrop,AnnualCrop,AnnualCrop
C:\Users\DELL Precision 5550\Documents\GitHub\Terrasight-Eurosat-RGB-vs-Multispectral\data\raw\multispectral\Highway\Highway_1340.tif,3,3,Highway,Highway,Highway
C:\Users\DELL Precision 5550\Documents\GitHub\Terrasight-Eurosat-RGB-vs-Multispectral\data\raw\multispectral\Residential\Residential_292.tif,7,7,Residential,Residential,Residential
C:\Users\DELL Precision 5550\Documents\GitHub\Terrasight-Eurosat-RGB-vs-Multispectral\data\raw\multispectral\Pasture\Pasture_300.tif,5,5,Pasture,Pasture,Pasture
C:\Users\DELL Precision 5550\Documents\GitHub\Terrasight-Eurosat-RGB-vs-Multispectral\data\raw\multispectral\Highway\Highway_2381.tif,3,3,Highway,Highway,Highway
C:\Users\DELL Precision 5550\Documents\GitHub\Terrasight-Eurosat-RGB-vs-Multispectral\data\raw\multispectral\SeaLake\SeaLake_221.tif,9,9,SeaLake,SeaLake,SeaLake
C:\Users\DELL Precision 5550\Documents\GitHub\Terrasight-Eurosat-RGB-vs-Multispectral\data\raw\multispectral\Residential\Residential_1857.tif,7,7,Residential,Residential,Residential
C:\Users\DELL Precision 5550\Documents\GitHub\Terrasight-Eurosat-RGB-vs-Multispectral\data\raw\multispectral\River\River_1404.tif,8,8,River,River,River
C:\Users\DELL Precision 5550\Documents\GitHub\Terrasight-Eurosat-RGB-vs-Multispectral\data\raw\multispectral\Residential\Residential_2520.tif,7,7,Residential,Residential,Residential
C:\Users\DELL Precision 5550\Documents\GitHub\Terrasight-Eurosat-RGB-vs-Multispectral\data\raw\multispectral\Highway\Highway_2200.tif,3,3,Highway,Highway,Highway
C:\Users\DELL Precision 5550\Documents\GitHub\Terrasight-Eurosat-RGB-vs-Multispectral\data\raw\multispectral\River\River_2247.tif,8,8,River,River,River
C:\Users\DELL Precision 5550\Documents\GitHub\Terrasight-Eurosat-RGB-vs-Multispectral\data\raw\multispectral\Industrial\Industrial_2316.tif,4,4,Industrial,Industrial,Industrial
C:\Users\DELL Precision 5550\Documents\GitHub\Terrasight-Eurosat-RGB-vs-Multispectral\data\raw\multispectral\SeaLake\SeaLake_791.tif,9,9,SeaLake,SeaLake,SeaLake
C:\Users\DELL Precision 5550\Documents\GitHub\Terrasight-Eurosat-RGB-vs-Multispectral\data\raw\multispectral\AnnualCrop\AnnualCrop_270.tif,0,0,AnnualCrop,AnnualCrop,AnnualCrop
C:\Users\DELL Precision 5550\Documents\GitHub\Terrasight-Eurosat-RGB-vs-Multispectral\data\raw\multispectral\SeaLake\SeaLake_1648.tif,9,9,SeaLake,SeaLake,SeaLake
C:\Users\DELL Precision 5550\Documents\GitHub\Terrasight-Eurosat-RGB-vs-Multispectral\data\raw\multispectral\Industrial\Industrial_832.tif,4,4,Industrial,Industrial,Industrial
C:\Users\DELL Precision 5550\Documents\GitHub\Terrasight-Eurosat-RGB-vs-Multispectral\data\raw\multispectral\AnnualCrop\AnnualCrop_1254.tif,0,0,AnnualCrop,AnnualCrop,AnnualCrop
C:\Users\DELL Precision 5550\Documents\GitHub\Terrasight-Eurosat-RGB-vs-Multispectral\data\raw\multispectral\PermanentCrop\PermanentCrop_2199.tif,6,6,PermanentCrop,PermanentCrop,PermanentCrop
C:\Users\DELL Precision 5550\Documents\GitHub\Terrasight-Eurosat-RGB-vs-Multispectral\data\raw\multispectral\Residential\Residential_1227.tif,7,7,Residential,Residential,Residential
C:\Users\DELL Precision 5550\Documents\GitHub\Terrasight-Eurosat-RGB-vs-Multispectral\data\raw\multispectral\Highway\Highway_2418.tif,3,3,Highway,Highway,Highway
C:\Users\DELL Precision 5550\Documents\GitHub\Terrasight-Eurosat-RGB-vs-Multispectral\data\raw\multispectral\PermanentCrop\PermanentCrop_555.tif,6,6,PermanentCrop,PermanentCrop,PermanentCrop
C:\Users\DELL Precision 5550\Documents\GitHub\Terrasight-Eurosat-RGB-vs-Multispectral\data\raw\multispectral\AnnualCrop\AnnualCrop_1895.tif,0,0,AnnualCrop,AnnualCrop,AnnualCrop
C:\Users\DELL Precision 5550\Documents\GitHub\Terrasight-Eurosat-RGB-vs-Multispectral\data\raw\multispectral\Forest\Forest_747.tif,1,1,Forest,Forest,Forest
C:\Users\DELL Precision 5550\Documents\GitHub\Terrasight-Eurosat-RGB-vs-Multispectral\data\raw\multispectral\SeaLake\SeaLake_2027.tif,9,9,SeaLake,SeaLake,SeaLake
C:\Users\DELL Precision 5550\Documents\GitHub\Terrasight-Eurosat-RGB-vs-Multispectral\data\raw\multispectral\Highway\Highway_911.tif,3,3,Highway,Highway,Highway
C:\Users\DELL Precision 5550\Documents\GitHub\Terrasight-Eurosat-RGB-vs-Multispectral\data\raw\multispectral\Highway\Highway_92.tif,3,3,Highway,Highway,Highway
C:\Users\DELL Precision 5550\Documents\GitHub\Terrasight-Eurosat-RGB-vs-Multispectral\data\raw\multispectral\Residential\Residential_1016.tif,7,7,Residential,Residential,Residential
C:\Users\DELL Precision 5550\Documents\GitHub\Terrasight-Eurosat-RGB-vs-Multispectral\data\raw\multispectral\Residential\Residential_975.tif,7,7,Residential,Residential,Residential
C:\Users\DELL Precision 5550\Documents\GitHub\Terrasight-Eurosat-RGB-vs-Multispectral\data\raw\multispectral\River\River_491.tif,8,8,River,River,River
C:\Users\DELL Precision 5550\Documents\GitHub\Terrasight-Eurosat-RGB-vs-Multispectral\data\raw\multispectral\River\River_1951.tif,8,8,River,River,River
C:\Users\DELL Precision 5550\Documents\GitHub\Terrasight-Eurosat-RGB-vs-Multispectral\data\raw\multispectral\Highway\Highway_2131.tif,3,3,Highway,Highway,Highway
C:\Users\DELL Precision 5550\Documents\GitHub\Terrasight-Eurosat-RGB-vs-Multispectral\data\raw\multispectral\Residential\Residential_306.tif,7,7,Residential,Residential,Residential
C:\Users\DELL Precision 5550\Documents\GitHub\Terrasight-Eurosat-RGB-vs-Multispectral\data\raw\multispectral\PermanentCrop\PermanentCrop_53.tif,6,6,PermanentCrop,PermanentCrop,PermanentCrop
C:\Users\DELL Precision 5550\Documents\GitHub\Terrasight-Eurosat-RGB-vs-Multispectral\data\raw\multispectral\AnnualCrop\AnnualCrop_489.tif,0,0,AnnualCrop,AnnualCrop,AnnualCrop
C:\Users\DELL Precision 5550\Documents\GitHub\Terrasight-Eurosat-RGB-vs-Multispectral\data\raw\multispectral\River\River_1187.tif,8,8,River,River,River
C:\Users\DELL Precision 5550\Documents\GitHub\Terrasight-Eurosat-RGB-vs-Multispectral\data\raw\multispectral\PermanentCrop\PermanentCrop_143.tif,6,6,PermanentCrop,PermanentCrop,PermanentCrop
C:\Users\DELL Precision 5550\Documents\GitHub\Terrasight-Eurosat-RGB-vs-Multispectral\data\raw\multispectral\Forest\Forest_1247.tif,1,1,Forest,Forest,Forest
C:\Users\DELL Precision 5550\Documents\GitHub\Terrasight-Eurosat-RGB-vs-Multispectral\data\raw\multispectral\Forest\Forest_433.tif,1,1,Forest,Forest,Forest
C:\Users\DELL Precision 5550\Documents\GitHub\Terrasight-Eurosat-RGB-vs-Multispectral\data\raw\multispectral\Highway\Highway_562.tif,3,3,Highway,Highway,Highway
C:\Users\DELL Precision 5550\Documents\GitHub\Terrasight-Eurosat-RGB-vs-Multispectral\data\raw\multispectral\HerbaceousVegetation\HerbaceousVegetation_2954.tif,2,2,HerbaceousVegetation,HerbaceousVegetation,HerbaceousVegetation
C:\Users\DELL Precision 5550\Documents\GitHub\Terrasight-Eurosat-RGB-vs-Multispectral\data\raw\multispectral\AnnualCrop\AnnualCrop_1969.tif,0,6,AnnualCrop,PermanentCrop,AnnualCrop
C:\Users\DELL Precision 5550\Documents\GitHub\Terrasight-Eurosat-RGB-vs-Multispectral\data\raw\multispectral\HerbaceousVegetation\HerbaceousVegetation_2761.tif,2,2,HerbaceousVegetation,HerbaceousVegetation,HerbaceousVegetation
C:\Users\DELL Precision 5550\Documents\GitHub\Terrasight-Eurosat-RGB-vs-Multispectral\data\raw\multispectral\HerbaceousVegetation\HerbaceousVegetation_2468.tif,2,2,HerbaceousVegetation,HerbaceousVegetation,HerbaceousVegetation
C:\Users\DELL Precision 5550\Documents\GitHub\Terrasight-Eurosat-RGB-vs-Multispectral\data\raw\multispectral\Highway\Highway_2177.tif,3,3,Highway,Highway,Highway
C:\Users\DELL Precision 5550\Documents\GitHub\Terrasight-Eurosat-RGB-vs-Multispectral\data\raw\multispectral\AnnualCrop\AnnualCrop_2031.tif,0,0,AnnualCrop,AnnualCrop,AnnualCrop
C:\Users\DELL Precision 5550\Documents\GitHub\Terrasight-Eurosat-RGB-vs-Multispectral\data\raw\multispectral\PermanentCrop\PermanentCrop_189.tif,6,6,PermanentCrop,PermanentCrop,PermanentCrop
C:\Users\DELL Precision 5550\Documents\GitHub\Terrasight-Eurosat-RGB-vs-Multispectral\data\raw\multispectral\AnnualCrop\AnnualCrop_549.tif,0,0,AnnualCrop,AnnualCrop,AnnualCrop
C:\Users\DELL Precision 5550\Documents\GitHub\Terrasight-Eurosat-RGB-vs-Multispectral\data\raw\multispectral\Highway\Highway_924.tif,3,3,Highway,Highway,Highway
C:\Users\DELL Precision 5550\Documents\GitHub\Terrasight-Eurosat-RGB-vs-Multispectral\data\raw\multispectral\Forest\Forest_1240.tif,1,1,Forest,Forest,Forest
C:\Users\DELL Precision 5550\Documents\GitHub\Terrasight-Eurosat-RGB-vs-Multispectral\data\raw\multispectral\SeaLake\SeaLake_2349.tif,9,9,SeaLake,SeaLake,SeaLake
C:\Users\DELL Precision 5550\Documents\GitHub\Terrasight-Eurosat-RGB-vs-Multispectral\data\raw\multispectral\Industrial\Industrial_2304.tif,4,4,Industrial,Industrial,Industrial
C:\Users\DELL Precision 5550\Documents\GitHub\Terrasight-Eurosat-RGB-vs-Multispectral\data\raw\multispectral\Highway\Highway_449.tif,3,3,Highway,Highway,Highway
C:\Users\DELL Precision 5550\Documents\GitHub\Terrasight-Eurosat-RGB-vs-Multispectral\data\raw\multispectral\Highway\Highway_1763.tif,3,3,Highway,Highway,Highway
C:\Users\DELL Precision 5550\Documents\GitHub\Terrasight-Eurosat-RGB-vs-Multispectral\data\raw\multispectral\Forest\Forest_1594.tif,1,1,Forest,Forest,Forest
C:\Users\DELL Precision 5550\Documents\GitHub\Terrasight-Eurosat-RGB-vs-Multispectral\data\raw\multispectral\Industrial\Industrial_431.tif,4,7,Industrial,Residential,Industrial
C:\Users\DELL Precision 5550\Documents\GitHub\Terrasight-Eurosat-RGB-vs-Multispectral\data\raw\multispectral\AnnualCrop\AnnualCrop_1630.tif,0,0,AnnualCrop,AnnualCrop,AnnualCrop
C:\Users\DELL Precision 5550\Documents\GitHub\Terrasight-Eurosat-RGB-vs-Multispectral\data\raw\multispectral\Residential\Residential_1993.tif,7,7,Residential,Residential,Residential
C:\Users\DELL Precision 5550\Documents\GitHub\Terrasight-Eurosat-RGB-vs-Multispectral\data\raw\multispectral\AnnualCrop\AnnualCrop_826.tif,0,0,AnnualCrop,AnnualCrop,AnnualCrop
C:\Users\DELL Precision 5550\Documents\GitHub\Terrasight-Eurosat-RGB-vs-Multispectral\data\raw\multispectral\HerbaceousVegetation\HerbaceousVegetation_21.tif,2,2,HerbaceousVegetation,HerbaceousVegetation,HerbaceousVegetation
C:\Users\DELL Precision 5550\Documents\GitHub\Terrasight-Eurosat-RGB-vs-Multispectral\data\raw\multispectral\PermanentCrop\PermanentCrop_142.tif,6,6,PermanentCrop,PermanentCrop,PermanentCrop
C:\Users\DELL Precision 5550\Documents\GitHub\Terrasight-Eurosat-RGB-vs-Multispectral\data\raw\multispectral\Residential\Residential_1849.tif,7,7,Residential,Residential,Residential
C:\Users\DELL Precision 5550\Documents\GitHub\Terrasight-Eurosat-RGB-vs-Multispectral\data\raw\multispectral\Forest\Forest_2219.tif,1,1,Forest,Forest,Forest
C:\Users\DELL Precision 5550\Documents\GitHub\Terrasight-Eurosat-RGB-vs-Multispectral\data\raw\multispectral\Forest\Forest_1839.tif,1,1,Forest,Forest,Forest
C:\Users\DELL Precision 5550\Documents\GitHub\Terrasight-Eurosat-RGB-vs-Multispectral\data\raw\multispectral\Residential\Residential_900.tif,7,7,Residential,Residential,Residential
C:\Users\DELL Precision 5550\Documents\GitHub\Terrasight-Eurosat-RGB-vs-Multispectral\data\raw\multispectral\Residential\Residential_2423.tif,7,7,Residential,Residential,Residential
C:\Users\DELL Precision 5550\Documents\GitHub\Terrasight-Eurosat-RGB-vs-Multispectral\data\raw\multispectral\SeaLake\SeaLake_1655.tif,9,9,SeaLake,SeaLake,SeaLake
C:\Users\DELL Precision 5550\Documents\GitHub\Terrasight-Eurosat-RGB-vs-Multispectral\data\raw\multispectral\Highway\Highway_1036.tif,3,3,Highway,Highway,Highway
C:\Users\DELL Precision 5550\Documents\GitHub\Terrasight-Eurosat-RGB-vs-Multispectral\data\raw\multispectral\Industrial\Industrial_1737.tif,4,4,Industrial,Industrial,Industrial
C:\Users\DELL Precision 5550\Documents\GitHub\Terrasight-Eurosat-RGB-vs-Multispectral\data\raw\multispectral\AnnualCrop\AnnualCrop_920.tif,0,0,AnnualCrop,AnnualCrop,AnnualCrop
C:\Users\DELL Precision 5550\Documents\GitHub\Terrasight-Eurosat-RGB-vs-Multispectral\data\raw\multispectral\HerbaceousVegetation\HerbaceousVegetation_795.tif,2,2,HerbaceousVegetation,HerbaceousVegetation,HerbaceousVegetation
C:\Users\DELL Precision 5550\Documents\GitHub\Terrasight-Eurosat-RGB-vs-Multispectral\data\raw\multispectral\HerbaceousVegetation\HerbaceousVegetation_676.tif,2,2,HerbaceousVegetation,HerbaceousVegetation,HerbaceousVegetation
C:\Users\DELL Precision 5550\Documents\GitHub\Terrasight-Eurosat-RGB-vs-Multispectral\data\raw\multispectral\Industrial\Industrial_903.tif,4,4,Industrial,Industrial,Industrial
C:\Users\DELL Precision 5550\Documents\GitHub\Terrasight-Eurosat-RGB-vs-Multispectral\data\raw\multispectral\Residential\Residential_1023.tif,7,7,Residential,Residential,Residential
C:\Users\DELL Precision 5550\Documents\GitHub\Terrasight-Eurosat-RGB-vs-Multispectral\data\raw\multispectral\River\River_412.tif,8,8,River,River,River
C:\Users\DELL Precision 5550\Documents\GitHub\Terrasight-Eurosat-RGB-vs-Multispectral\data\raw\multispectral\SeaLake\SeaLake_635.tif,9,9,SeaLake,SeaLake,SeaLake
C:\Users\DELL Precision 5550\Documents\GitHub\Terrasight-Eurosat-RGB-vs-Multispectral\data\raw\multispectral\Forest\Forest_1733.tif,1,1,Forest,Forest,Forest
C:\Users\DELL Precision 5550\Documents\GitHub\Terrasight-Eurosat-RGB-vs-Multispectral\data\raw\multispectral\PermanentCrop\PermanentCrop_1587.tif,6,6,PermanentCrop,PermanentCrop,PermanentCrop
C:\Users\DELL Precision 5550\Documents\GitHub\Terrasight-Eurosat-RGB-vs-Multispectral\data\raw\multispectral\Residential\Residential_1369.tif,7,7,Residential,Residential,Residential
C:\Users\DELL Precision 5550\Documents\GitHub\Terrasight-Eurosat-RGB-vs-Multispectral\data\raw\multispectral\Forest\Forest_1486.tif,1,1,Forest,Forest,Forest
C:\Users\DELL Precision 5550\Documents\GitHub\Terrasight-Eurosat-RGB-vs-Multispectral\data\raw\multispectral\HerbaceousVegetation\HerbaceousVegetation_105.tif,2,2,HerbaceousVegetation,HerbaceousVegetation,HerbaceousVegetation
C:\Users\DELL Precision 5550\Documents\GitHub\Terrasight-Eurosat-RGB-vs-Multispectral\data\raw\multispectral\Industrial\Industrial_1037.tif,4,4,Industrial,Industrial,Industrial
C:\Users\DELL Precision 5550\Documents\GitHub\Terrasight-Eurosat-RGB-vs-Multispectral\data\raw\multispectral\River\River_625.tif,8,8,River,River,River
C:\Users\DELL Precision 5550\Documents\GitHub\Terrasight-Eurosat-RGB-vs-Multispectral\data\raw\multispectral\Industrial\Industrial_1500.tif,4,4,Industrial,Industrial,Industrial
C:\Users\DELL Precision 5550\Documents\GitHub\Terrasight-Eurosat-RGB-vs-Multispectral\data\raw\multispectral\Residential\Residential_333.tif,7,7,Residential,Residential,Residential
C:\Users\DELL Precision 5550\Documents\GitHub\Terrasight-Eurosat-RGB-vs-Multispectral\data\raw\multispectral\PermanentCrop\PermanentCrop_898.tif,6,6,PermanentCrop,PermanentCrop,PermanentCrop
C:\Users\DELL Precision 5550\Documents\GitHub\Terrasight-Eurosat-RGB-vs-Multispectral\data\raw\multispectral\AnnualCrop\AnnualCrop_2014.tif,0,0,AnnualCrop,AnnualCrop,AnnualCrop
C:\Users\DELL Precision 5550\Documents\GitHub\Terrasight-Eurosat-RGB-vs-Multispectral\data\raw\multispectral\River\River_55.tif,8,8,River,River,River
C:\Users\DELL Precision 5550\Documents\GitHub\Terrasight-Eurosat-RGB-vs-Multispectral\data\raw\multispectral\AnnualCrop\AnnualCrop_113.tif,0,0,AnnualCrop,AnnualCrop,AnnualCrop
C:\Users\DELL Precision 5550\Documents\GitHub\Terrasight-Eurosat-RGB-vs-Multispectral\data\raw\multispectral\Residential\Residential_1900.tif,7,7,Residential,Residential,Residential
C:\Users\DELL Precision 5550\Documents\GitHub\Terrasight-Eurosat-RGB-vs-Multispectral\data\raw\multispectral\River\River_1150.tif,8,8,River,River,River
C:\Users\DELL Precision 5550\Documents\GitHub\Terrasight-Eurosat-RGB-vs-Multispectral\data\raw\multispectral\AnnualCrop\AnnualCrop_2855.tif,0,0,AnnualCrop,AnnualCrop,AnnualCrop
C:\Users\DELL Precision 5550\Documents\GitHub\Terrasight-Eurosat-RGB-vs-Multispectral\data\raw\multispectral\Forest\Forest_1268.tif,1,1,Forest,Forest,Forest
C:\Users\DELL Precision 5550\Documents\GitHub\Terrasight-Eurosat-RGB-vs-Multispectral\data\raw\multispectral\HerbaceousVegetation\HerbaceousVegetation_644.tif,2,2,HerbaceousVegetation,HerbaceousVegetation,HerbaceousVegetation
C:\Users\DELL Precision 5550\Documents\GitHub\Terrasight-Eurosat-RGB-vs-Multispectral\data\raw\multispectral\Residential\Residential_1768.tif,7,7,Residential,Residential,Residential
C:\Users\DELL Precision 5550\Documents\GitHub\Terrasight-Eurosat-RGB-vs-Multispectral\data\raw\multispectral\AnnualCrop\AnnualCrop_170.tif,0,0,AnnualCrop,AnnualCrop,AnnualCrop
C:\Users\DELL Precision 5550\Documents\GitHub\Terrasight-Eurosat-RGB-vs-Multispectral\data\raw\multispectral\AnnualCrop\AnnualCrop_944.tif,0,0,AnnualCrop,AnnualCrop,AnnualCrop
C:\Users\DELL Precision 5550\Documents\GitHub\Terrasight-Eurosat-RGB-vs-Multispectral\data\raw\multispectral\Forest\Forest_1568.tif,1,1,Forest,Forest,Forest
C:\Users\DELL Precision 5550\Documents\GitHub\Terrasight-Eurosat-RGB-vs-Multispectral\data\raw\multispectral\SeaLake\SeaLake_2078.tif,9,9,SeaLake,SeaLake,SeaLake
C:\Users\DELL Precision 5550\Documents\GitHub\Terrasight-Eurosat-RGB-vs-Multispectral\data\raw\multispectral\SeaLake\SeaLake_747.tif,9,9,SeaLake,SeaLake,SeaLake
C:\Users\DELL Precision 5550\Documents\GitHub\Terrasight-Eurosat-RGB-vs-Multispectral\data\raw\multispectral\AnnualCrop\AnnualCrop_2701.tif,0,0,AnnualCrop,AnnualCrop,AnnualCrop
C:\Users\DELL Precision 5550\Documents\GitHub\Terrasight-Eurosat-RGB-vs-Multispectral\data\raw\multispectral\Pasture\Pasture_125.tif,5,5,Pasture,Pasture,Pasture
C:\Users\DELL Precision 5550\Documents\GitHub\Terrasight-Eurosat-RGB-vs-Multispectral\data\raw\multispectral\AnnualCrop\AnnualCrop_1789.tif,0,0,AnnualCrop,AnnualCrop,AnnualCrop
C:\Users\DELL Precision 5550\Documents\GitHub\Terrasight-Eurosat-RGB-vs-Multispectral\data\raw\multispectral\Forest\Forest_53.tif,1,1,Forest,Forest,Forest
C:\Users\DELL Precision 5550\Documents\GitHub\Terrasight-Eurosat-RGB-vs-Multispectral\data\raw\multispectral\River\River_2353.tif,8,8,River,River,River
C:\Users\DELL Precision 5550\Documents\GitHub\Terrasight-Eurosat-RGB-vs-Multispectral\data\raw\multispectral\AnnualCrop\AnnualCrop_23.tif,0,0,AnnualCrop,AnnualCrop,AnnualCrop
C:\Users\DELL Precision 5550\Documents\GitHub\Terrasight-Eurosat-RGB-vs-Multispectral\data\raw\multispectral\SeaLake\SeaLake_2267.tif,9,9,SeaLake,SeaLake,SeaLake
C:\Users\DELL Precision 5550\Documents\GitHub\Terrasight-Eurosat-RGB-vs-Multispectral\data\raw\multispectral\Highway\Highway_1777.tif,3,3,Highway,Highway,Highway
C:\Users\DELL Precision 5550\Documents\GitHub\Terrasight-Eurosat-RGB-vs-Multispectral\data\raw\multispectral\Residential\Residential_1161.tif,7,7,Residential,Residential,Residential
C:\Users\DELL Precision 5550\Documents\GitHub\Terrasight-Eurosat-RGB-vs-Multispectral\data\raw\multispectral\AnnualCrop\AnnualCrop_1561.tif,0,0,AnnualCrop,AnnualCrop,AnnualCrop
C:\Users\DELL Precision 5550\Documents\GitHub\Terrasight-Eurosat-RGB-vs-Multispectral\data\raw\multispectral\Residential\Residential_2991.tif,7,7,Residential,Residential,Residential
C:\Users\DELL Precision 5550\Documents\GitHub\Terrasight-Eurosat-RGB-vs-Multispectral\data\raw\multispectral\SeaLake\SeaLake_327.tif,9,9,SeaLake,SeaLake,SeaLake
C:\Users\DELL Precision 5550\Documents\GitHub\Terrasight-Eurosat-RGB-vs-Multispectral\data\raw\multispectral\Industrial\Industrial_824.tif,4,4,Industrial,Industrial,Industrial
C:\Users\DELL Precision 5550\Documents\GitHub\Terrasight-Eurosat-RGB-vs-Multispectral\data\raw\multispectral\SeaLake\SeaLake_2596.tif,9,9,SeaLake,SeaLake,SeaLake
C:\Users\DELL Precision 5550\Documents\GitHub\Terrasight-Eurosat-RGB-vs-Multispectral\data\raw\multispectral\Highway\Highway_500.tif,3,3,Highway,Highway,Highway
C:\Users\DELL Precision 5550\Documents\GitHub\Terrasight-Eurosat-RGB-vs-Multispectral\data\raw\multispectral\Residential\Residential_1261.tif,7,7,Residential,Residential,Residential
C:\Users\DELL Precision 5550\Documents\GitHub\Terrasight-Eurosat-RGB-vs-Multispectral\data\raw\multispectral\PermanentCrop\PermanentCrop_251.tif,6,6,PermanentCrop,PermanentCrop,PermanentCrop
C:\Users\DELL Precision 5550\Documents\GitHub\Terrasight-Eurosat-RGB-vs-Multispectral\data\raw\multispectral\Residential\Residential_1945.tif,7,7,Residential,Residential,Residential
C:\Users\DELL Precision 5550\Documents\GitHub\Terrasight-Eurosat-RGB-vs-Multispectral\data\raw\multispectral\Pasture\Pasture_1265.tif,5,5,Pasture,Pasture,Pasture
C:\Users\DELL Precision 5550\Documents\GitHub\Terrasight-Eurosat-RGB-vs-Multispectral\data\raw\multispectral\Forest\Forest_1383.tif,1,1,Forest,Forest,Forest
C:\Users\DELL Precision 5550\Documents\GitHub\Terrasight-Eurosat-RGB-vs-Multispectral\data\raw\multispectral\River\River_2334.tif,8,8,River,River,River
C:\Users\DELL Precision 5550\Documents\GitHub\Terrasight-Eurosat-RGB-vs-Multispectral\data\raw\multispectral\SeaLake\SeaLake_1413.tif,9,9,SeaLake,SeaLake,SeaLake
C:\Users\DELL Precision 5550\Documents\GitHub\Terrasight-Eurosat-RGB-vs-Multispectral\data\raw\multispectral\HerbaceousVegetation\HerbaceousVegetation_2354.tif,2,2,HerbaceousVegetation,HerbaceousVegetation,HerbaceousVegetation
C:\Users\DELL Precision 5550\Documents\GitHub\Terrasight-Eurosat-RGB-vs-Multispectral\data\raw\multispectral\Industrial\Industrial_2093.tif,4,4,Industrial,Industrial,Industrial
C:\Users\DELL Precision 5550\Documents\GitHub\Terrasight-Eurosat-RGB-vs-Multispectral\data\raw\multispectral\SeaLake\SeaLake_1105.tif,9,9,SeaLake,SeaLake,SeaLake
C:\Users\DELL Precision 5550\Documents\GitHub\Terrasight-Eurosat-RGB-vs-Multispectral\data\raw\multispectral\Highway\Highway_2108.tif,3,3,Highway,Highway,Highway
C:\Users\DELL Precision 5550\Documents\GitHub\Terrasight-Eurosat-RGB-vs-Multispectral\data\raw\multispectral\SeaLake\SeaLake_60.tif,9,9,SeaLake,SeaLake,SeaLake
C:\Users\DELL Precision 5550\Documents\GitHub\Terrasight-Eurosat-RGB-vs-Multispectral\data\raw\multispectral\Industrial\Industrial_1852.tif,4,4,Industrial,Industrial,Industrial
C:\Users\DELL Precision 5550\Documents\GitHub\Terrasight-Eurosat-RGB-vs-Multispectral\data\raw\multispectral\River\River_2467.tif,8,8,River,River,River
C:\Users\DELL Precision 5550\Documents\GitHub\Terrasight-Eurosat-RGB-vs-Multispectral\data\raw\multispectral\Residential\Residential_2814.tif,7,7,Residential,Residential,Residential
C:\Users\DELL Precision 5550\Documents\GitHub\Terrasight-Eurosat-RGB-vs-Multispectral\data\raw\multispectral\Residential\Residential_1199.tif,7,7,Residential,Residential,Residential
C:\Users\DELL Precision 5550\Documents\GitHub\Terrasight-Eurosat-RGB-vs-Multispectral\data\raw\multispectral\River\River_1233.tif,8,8,River,River,River
C:\Users\DELL Precision 5550\Documents\GitHub\Terrasight-Eurosat-RGB-vs-Multispectral\data\raw\multispectral\HerbaceousVegetation\HerbaceousVegetation_146.tif,2,2,HerbaceousVegetation,HerbaceousVegetation,HerbaceousVegetation
C:\Users\DELL Precision 5550\Documents\GitHub\Terrasight-Eurosat-RGB-vs-Multispectral\data\raw\multispectral\SeaLake\SeaLake_1663.tif,9,9,SeaLake,SeaLake,SeaLake
C:\Users\DELL Precision 5550\Documents\GitHub\Terrasight-Eurosat-RGB-vs-Multispectral\data\raw\multispectral\PermanentCrop\PermanentCrop_1794.tif,6,6,PermanentCrop,PermanentCrop,PermanentCrop
C:\Users\DELL Precision 5550\Documents\GitHub\Terrasight-Eurosat-RGB-vs-Multispectral\data\raw\multispectral\Pasture\Pasture_1458.tif,5,0,Pasture,AnnualCrop,Pasture
C:\Users\DELL Precision 5550\Documents\GitHub\Terrasight-Eurosat-RGB-vs-Multispectral\data\raw\multispectral\HerbaceousVegetation\HerbaceousVegetation_2767.tif,2,2,HerbaceousVegetation,HerbaceousVegetation,HerbaceousVegetation
C:\Users\DELL Precision 5550\Documents\GitHub\Terrasight-Eurosat-RGB-vs-Multispectral\data\raw\multispectral\River\River_461.tif,8,8,River,River,River
C:\Users\DELL Precision 5550\Documents\GitHub\Terrasight-Eurosat-RGB-vs-Multispectral\data\raw\multispectral\Highway\Highway_374.tif,3,3,Highway,Highway,Highway
C:\Users\DELL Precision 5550\Documents\GitHub\Terrasight-Eurosat-RGB-vs-Multispectral\data\raw\multispectral\River\River_880.tif,8,8,River,River,River
C:\Users\DELL Precision 5550\Documents\GitHub\Terrasight-Eurosat-RGB-vs-Multispectral\data\raw\multispectral\Industrial\Industrial_1499.tif,4,4,Industrial,Industrial,Industrial
C:\Users\DELL Precision 5550\Documents\GitHub\Terrasight-Eurosat-RGB-vs-Multispectral\data\raw\multispectral\Highway\Highway_1690.tif,3,3,Highway,Highway,Highway
C:\Users\DELL Precision 5550\Documents\GitHub\Terrasight-Eurosat-RGB-vs-Multispectral\data\raw\multispectral\River\River_83.tif,8,3,River,Highway,River
C:\Users\DELL Precision 5550\Documents\GitHub\Terrasight-Eurosat-RGB-vs-Multispectral\data\raw\multispectral\HerbaceousVegetation\HerbaceousVegetation_2204.tif,2,2,HerbaceousVegetation,HerbaceousVegetation,HerbaceousVegetation
C:\Users\DELL Precision 5550\Documents\GitHub\Terrasight-Eurosat-RGB-vs-Multispectral\data\raw\multispectral\Pasture\Pasture_1747.tif,5,5,Pasture,Pasture,Pasture
C:\Users\DELL Precision 5550\Documents\GitHub\Terrasight-Eurosat-RGB-vs-Multispectral\data\raw\multispectral\HerbaceousVegetation\HerbaceousVegetation_2732.tif,2,2,HerbaceousVegetation,HerbaceousVegetation,HerbaceousVegetation
C:\Users\DELL Precision 5550\Documents\GitHub\Terrasight-Eurosat-RGB-vs-Multispectral\data\raw\multispectral\River\River_2111.tif,8,8,River,River,River
C:\Users\DELL Precision 5550\Documents\GitHub\Terrasight-Eurosat-RGB-vs-Multispectral\data\raw\multispectral\Residential\Residential_1646.tif,7,7,Residential,Residential,Residential
C:\Users\DELL Precision 5550\Documents\GitHub\Terrasight-Eurosat-RGB-vs-Multispectral\data\raw\multispectral\AnnualCrop\AnnualCrop_53.tif,0,0,AnnualCrop,AnnualCrop,AnnualCrop
C:\Users\DELL Precision 5550\Documents\GitHub\Terrasight-Eurosat-RGB-vs-Multispectral\data\raw\multispectral\PermanentCrop\PermanentCrop_638.tif,6,6,PermanentCrop,PermanentCrop,PermanentCrop
C:\Users\DELL Precision 5550\Documents\GitHub\Terrasight-Eurosat-RGB-vs-Multispectral\data\raw\multispectral\Residential\Residential_2741.tif,7,7,Residential,Residential,Residential
C:\Users\DELL Precision 5550\Documents\GitHub\Terrasight-Eurosat-RGB-vs-Multispectral\data\raw\multispectral\AnnualCrop\AnnualCrop_1375.tif,0,0,AnnualCrop,AnnualCrop,AnnualCrop
C:\Users\DELL Precision 5550\Documents\GitHub\Terrasight-Eurosat-RGB-vs-Multispectral\data\raw\multispectral\River\River_1349.tif,8,8,River,River,River
C:\Users\DELL Precision 5550\Documents\GitHub\Terrasight-Eurosat-RGB-vs-Multispectral\data\raw\multispectral\Industrial\Industrial_1814.tif,4,4,Industrial,Industrial,Industrial
C:\Users\DELL Precision 5550\Documents\GitHub\Terrasight-Eurosat-RGB-vs-Multispectral\data\raw\multispectral\Residential\Residential_1859.tif,7,7,Residential,Residential,Residential
C:\Users\DELL Precision 5550\Documents\GitHub\Terrasight-Eurosat-RGB-vs-Multispectral\data\raw\multispectral\Residential\Residential_1550.tif,7,7,Residential,Residential,Residential
C:\Users\DELL Precision 5550\Documents\GitHub\Terrasight-Eurosat-RGB-vs-Multispectral\data\raw\multispectral\Highway\Highway_1097.tif,3,3,Highway,Highway,Highway
C:\Users\DELL Precision 5550\Documents\GitHub\Terrasight-Eurosat-RGB-vs-Multispectral\data\raw\multispectral\HerbaceousVegetation\HerbaceousVegetation_1741.tif,2,2,HerbaceousVegetation,HerbaceousVegetation,HerbaceousVegetation
C:\Users\DELL Precision 5550\Documents\GitHub\Terrasight-Eurosat-RGB-vs-Multispectral\data\raw\multispectral\River\River_1845.tif,8,8,River,River,River
C:\Users\DELL Precision 5550\Documents\GitHub\Terrasight-Eurosat-RGB-vs-Multispectral\data\raw\multispectral\Residential\Residential_1732.tif,7,7,Residential,Residential,Residential
C:\Users\DELL Precision 5550\Documents\GitHub\Terrasight-Eurosat-RGB-vs-Multispectral\data\raw\multispectral\Forest\Forest_473.tif,1,8,Forest,River,Forest
C:\Users\DELL Precision 5550\Documents\GitHub\Terrasight-Eurosat-RGB-vs-Multispectral\data\raw\multispectral\SeaLake\SeaLake_1540.tif,9,9,SeaLake,SeaLake,SeaLake
C:\Users\DELL Precision 5550\Documents\GitHub\Terrasight-Eurosat-RGB-vs-Multispectral\data\raw\multispectral\Residential\Residential_953.tif,7,7,Residential,Residential,Residential
C:\Users\DELL Precision 5550\Documents\GitHub\Terrasight-Eurosat-RGB-vs-Multispectral\data\raw\multispectral\AnnualCrop\AnnualCrop_1084.tif,0,0,AnnualCrop,AnnualCrop,AnnualCrop
C:\Users\DELL Precision 5550\Documents\GitHub\Terrasight-Eurosat-RGB-vs-Multispectral\data\raw\multispectral\Forest\Forest_2325.tif,1,1,Forest,Forest,Forest
C:\Users\DELL Precision 5550\Documents\GitHub\Terrasight-Eurosat-RGB-vs-Multispectral\data\raw\multispectral\SeaLake\SeaLake_398.tif,9,9,SeaLake,SeaLake,SeaLake
C:\Users\DELL Precision 5550\Documents\GitHub\Terrasight-Eurosat-RGB-vs-Multispectral\data\raw\multispectral\Industrial\Industrial_20.tif,4,4,Industrial,Industrial,Industrial
C:\Users\DELL Precision 5550\Documents\GitHub\Terrasight-Eurosat-RGB-vs-Multispectral\data\raw\multispectral\Industrial\Industrial_2198.tif,4,4,Industrial,Industrial,Industrial
C:\Users\DELL Precision 5550\Documents\GitHub\Terrasight-Eurosat-RGB-vs-Multispectral\data\raw\multispectral\Forest\Forest_874.tif,1,1,Forest,Forest,Forest
C:\Users\DELL Precision 5550\Documents\GitHub\Terrasight-Eurosat-RGB-vs-Multispectral\data\raw\multispectral\AnnualCrop\AnnualCrop_1704.tif,0,0,AnnualCrop,AnnualCrop,AnnualCrop
C:\Users\DELL Precision 5550\Documents\GitHub\Terrasight-Eurosat-RGB-vs-Multispectral\data\raw\multispectral\Pasture\Pasture_216.tif,5,5,Pasture,Pasture,Pasture
C:\Users\DELL Precision 5550\Documents\GitHub\Terrasight-Eurosat-RGB-vs-Multispectral\data\raw\multispectral\Highway\Highway_1494.tif,3,3,Highway,Highway,Highway
C:\Users\DELL Precision 5550\Documents\GitHub\Terrasight-Eurosat-RGB-vs-Multispectral\data\raw\multispectral\AnnualCrop\AnnualCrop_2363.tif,0,0,AnnualCrop,AnnualCrop,AnnualCrop
C:\Users\DELL Precision 5550\Documents\GitHub\Terrasight-Eurosat-RGB-vs-Multispectral\data\raw\multispectral\River\River_67.tif,8,8,River,River,River
C:\Users\DELL Precision 5550\Documents\GitHub\Terrasight-Eurosat-RGB-vs-Multispectral\data\raw\multispectral\Residential\Residential_893.tif,7,7,Residential,Residential,Residential
C:\Users\DELL Precision 5550\Documents\GitHub\Terrasight-Eurosat-RGB-vs-Multispectral\data\raw\multispectral\Industrial\Industrial_332.tif,4,4,Industrial,Industrial,Industrial
C:\Users\DELL Precision 5550\Documents\GitHub\Terrasight-Eurosat-RGB-vs-Multispectral\data\raw\multispectral\Highway\Highway_45.tif,3,3,Highway,Highway,Highway
C:\Users\DELL Precision 5550\Documents\GitHub\Terrasight-Eurosat-RGB-vs-Multispectral\data\raw\multispectral\River\River_1912.tif,8,8,River,River,River
C:\Users\DELL Precision 5550\Documents\GitHub\Terrasight-Eurosat-RGB-vs-Multispectral\data\raw\multispectral\AnnualCrop\AnnualCrop_5.tif,0,0,AnnualCrop,AnnualCrop,AnnualCrop
C:\Users\DELL Precision 5550\Documents\GitHub\Terrasight-Eurosat-RGB-vs-Multispectral\data\raw\multispectral\Highway\Highway_2284.tif,3,3,Highway,Highway,Highway
C:\Users\DELL Precision 5550\Documents\GitHub\Terrasight-Eurosat-RGB-vs-Multispectral\data\raw\multispectral\Residential\Residential_1035.tif,7,7,Residential,Residential,Residential
C:\Users\DELL Precision 5550\Documents\GitHub\Terrasight-Eurosat-RGB-vs-Multispectral\data\raw\multispectral\HerbaceousVegetation\HerbaceousVegetation_2408.tif,2,2,HerbaceousVegetation,HerbaceousVegetation,HerbaceousVegetation
C:\Users\DELL Precision 5550\Documents\GitHub\Terrasight-Eurosat-RGB-vs-Multispectral\data\raw\multispectral\Industrial\Industrial_536.tif,4,4,Industrial,Industrial,Industrial
C:\Users\DELL Precision 5550\Documents\GitHub\Terrasight-Eurosat-RGB-vs-Multispectral\data\raw\multispectral\Forest\Forest_316.tif,1,1,Forest,Forest,Forest
C:\Users\DELL Precision 5550\Documents\GitHub\Terrasight-Eurosat-RGB-vs-Multispectral\data\raw\multispectral\Residential\Residential_1880.tif,7,7,Residential,Residential,Residential
C:\Users\DELL Precision 5550\Documents\GitHub\Terrasight-Eurosat-RGB-vs-Multispectral\data\raw\multispectral\Industrial\Industrial_943.tif,4,4,Industrial,Industrial,Industrial
C:\Users\DELL Precision 5550\Documents\GitHub\Terrasight-Eurosat-RGB-vs-Multispectral\data\raw\multispectral\PermanentCrop\PermanentCrop_2279.tif,6,2,PermanentCrop,HerbaceousVegetation,PermanentCrop
C:\Users\DELL Precision 5550\Documents\GitHub\Terrasight-Eurosat-RGB-vs-Multispectral\data\raw\multispectral\AnnualCrop\AnnualCrop_710.tif,0,0,AnnualCrop,AnnualCrop,AnnualCrop
C:\Users\DELL Precision 5550\Documents\GitHub\Terrasight-Eurosat-RGB-vs-Multispectral\data\raw\multispectral\Forest\Forest_231.tif,1,1,Forest,Forest,Forest
C:\Users\DELL Precision 5550\Documents\GitHub\Terrasight-Eurosat-RGB-vs-Multispectral\data\raw\multispectral\River\River_1521.tif,8,8,River,River,River
C:\Users\DELL Precision 5550\Documents\GitHub\Terrasight-Eurosat-RGB-vs-Multispectral\data\raw\multispectral\AnnualCrop\AnnualCrop_794.tif,0,0,AnnualCrop,AnnualCrop,AnnualCrop
C:\Users\DELL Precision 5550\Documents\GitHub\Terrasight-Eurosat-RGB-vs-Multispectral\data\raw\multispectral\River\River_1476.tif,8,8,River,River,River
C:\Users\DELL Precision 5550\Documents\GitHub\Terrasight-Eurosat-RGB-vs-Multispectral\data\raw\multispectral\Forest\Forest_2585.tif,1,1,Forest,Forest,Forest
C:\Users\DELL Precision 5550\Documents\GitHub\Terrasight-Eurosat-RGB-vs-Multispectral\data\raw\multispectral\Industrial\Industrial_2256.tif,4,4,Industrial,Industrial,Industrial
C:\Users\DELL Precision 5550\Documents\GitHub\Terrasight-Eurosat-RGB-vs-Multispectral\data\raw\multispectral\Highway\Highway_1014.tif,3,3,Highway,Highway,Highway
C:\Users\DELL Precision 5550\Documents\GitHub\Terrasight-Eurosat-RGB-vs-Multispectral\data\raw\multispectral\PermanentCrop\PermanentCrop_988.tif,6,6,PermanentCrop,PermanentCrop,PermanentCrop
C:\Users\DELL Precision 5550\Documents\GitHub\Terrasight-Eurosat-RGB-vs-Multispectral\data\raw\multispectral\Forest\Forest_1820.tif,1,1,Forest,Forest,Forest
C:\Users\DELL Precision 5550\Documents\GitHub\Terrasight-Eurosat-RGB-vs-Multispectral\data\raw\multispectral\HerbaceousVegetation\HerbaceousVegetation_418.tif,2,2,HerbaceousVegetation,HerbaceousVegetation,HerbaceousVegetation
C:\Users\DELL Precision 5550\Documents\GitHub\Terrasight-Eurosat-RGB-vs-Multispectral\data\raw\multispectral\River\River_210.tif,8,8,River,River,River
C:\Users\DELL Precision 5550\Documents\GitHub\Terrasight-Eurosat-RGB-vs-Multispectral\data\raw\multispectral\Industrial\Industrial_72.tif,4,4,Industrial,Industrial,Industrial
C:\Users\DELL Precision 5550\Documents\GitHub\Terrasight-Eurosat-RGB-vs-Multispectral\data\raw\multispectral\Residential\Residential_786.tif,7,7,Residential,Residential,Residential
C:\Users\DELL Precision 5550\Documents\GitHub\Terrasight-Eurosat-RGB-vs-Multispectral\data\raw\multispectral\Residential\Residential_766.tif,7,7,Residential,Residential,Residential
C:\Users\DELL Precision 5550\Documents\GitHub\Terrasight-Eurosat-RGB-vs-Multispectral\data\raw\multispectral\AnnualCrop\AnnualCrop_2190.tif,0,0,AnnualCrop,AnnualCrop,AnnualCrop
C:\Users\DELL Precision 5550\Documents\GitHub\Terrasight-Eurosat-RGB-vs-Multispectral\data\raw\multispectral\Industrial\Industrial_1534.tif,4,4,Industrial,Industrial,Industrial
C:\Users\DELL Precision 5550\Documents\GitHub\Terrasight-Eurosat-RGB-vs-Multispectral\data\raw\multispectral\PermanentCrop\PermanentCrop_1465.tif,6,6,PermanentCrop,PermanentCrop,PermanentCrop
C:\Users\DELL Precision 5550\Documents\GitHub\Terrasight-Eurosat-RGB-vs-Multispectral\data\raw\multispectral\AnnualCrop\AnnualCrop_267.tif,0,0,AnnualCrop,AnnualCrop,AnnualCrop
C:\Users\DELL Precision 5550\Documents\GitHub\Terrasight-Eurosat-RGB-vs-Multispectral\data\raw\multispectral\Highway\Highway_2409.tif,3,3,Highway,Highway,Highway
C:\Users\DELL Precision 5550\Documents\GitHub\Terrasight-Eurosat-RGB-vs-Multispectral\data\raw\multispectral\SeaLake\SeaLake_1583.tif,9,9,SeaLake,SeaLake,SeaLake
C:\Users\DELL Precision 5550\Documents\GitHub\Terrasight-Eurosat-RGB-vs-Multispectral\data\raw\multispectral\HerbaceousVegetation\HerbaceousVegetation_163.tif,2,2,HerbaceousVegetation,HerbaceousVegetation,HerbaceousVegetation
C:\Users\DELL Precision 5550\Documents\GitHub\Terrasight-Eurosat-RGB-vs-Multispectral\data\raw\multispectral\Pasture\Pasture_1354.tif,5,5,Pasture,Pasture,Pasture
C:\Users\DELL Precision 5550\Documents\GitHub\Terrasight-Eurosat-RGB-vs-Multispectral\data\raw\multispectral\Industrial\Industrial_288.tif,4,4,Industrial,Industrial,Industrial
C:\Users\DELL Precision 5550\Documents\GitHub\Terrasight-Eurosat-RGB-vs-Multispectral\data\raw\multispectral\Industrial\Industrial_1945.tif,4,4,Industrial,Industrial,Industrial
C:\Users\DELL Precision 5550\Documents\GitHub\Terrasight-Eurosat-RGB-vs-Multispectral\data\raw\multispectral\Pasture\Pasture_441.tif,5,5,Pasture,Pasture,Pasture
C:\Users\DELL Precision 5550\Documents\GitHub\Terrasight-Eurosat-RGB-vs-Multispectral\data\raw\multispectral\Highway\Highway_15.tif,3,3,Highway,Highway,Highway
C:\Users\DELL Precision 5550\Documents\GitHub\Terrasight-Eurosat-RGB-vs-Multispectral\data\raw\multispectral\Highway\Highway_2170.tif,3,3,Highway,Highway,Highway
C:\Users\DELL Precision 5550\Documents\GitHub\Terrasight-Eurosat-RGB-vs-Multispectral\data\raw\multispectral\Forest\Forest_1895.tif,1,1,Forest,Forest,Forest
C:\Users\DELL Precision 5550\Documents\GitHub\Terrasight-Eurosat-RGB-vs-Multispectral\data\raw\multispectral\PermanentCrop\PermanentCrop_2101.tif,6,6,PermanentCrop,PermanentCrop,PermanentCrop
C:\Users\DELL Precision 5550\Documents\GitHub\Terrasight-Eurosat-RGB-vs-Multispectral\data\raw\multispectral\Pasture\Pasture_1463.tif,5,5,Pasture,Pasture,Pasture
C:\Users\DELL Precision 5550\Documents\GitHub\Terrasight-Eurosat-RGB-vs-Multispectral\data\raw\multispectral\Forest\Forest_1167.tif,1,1,Forest,Forest,Forest
C:\Users\DELL Precision 5550\Documents\GitHub\Terrasight-Eurosat-RGB-vs-Multispectral\data\raw\multispectral\Forest\Forest_102.tif,1,1,Forest,Forest,Forest
C:\Users\DELL Precision 5550\Documents\GitHub\Terrasight-Eurosat-RGB-vs-Multispectral\data\raw\multispectral\AnnualCrop\AnnualCrop_890.tif,0,0,AnnualCrop,AnnualCrop,AnnualCrop
C:\Users\DELL Precision 5550\Documents\GitHub\Terrasight-Eurosat-RGB-vs-Multispectral\data\raw\multispectral\SeaLake\SeaLake_1168.tif,9,9,SeaLake,SeaLake,SeaLake
C:\Users\DELL Precision 5550\Documents\GitHub\Terrasight-Eurosat-RGB-vs-Multispectral\data\raw\multispectral\AnnualCrop\AnnualCrop_1301.tif,0,0,AnnualCrop,AnnualCrop,AnnualCrop
C:\Users\DELL Precision 5550\Documents\GitHub\Terrasight-Eurosat-RGB-vs-Multispectral\data\raw\multispectral\Residential\Residential_1373.tif,7,7,Residential,Residential,Residential
C:\Users\DELL Precision 5550\Documents\GitHub\Terrasight-Eurosat-RGB-vs-Multispectral\data\raw\multispectral\HerbaceousVegetation\HerbaceousVegetation_2423.tif,2,2,HerbaceousVegetation,HerbaceousVegetation,HerbaceousVegetation
C:\Users\DELL Precision 5550\Documents\GitHub\Terrasight-Eurosat-RGB-vs-Multispectral\data\raw\multispectral\Residential\Residential_2547.tif,7,7,Residential,Residential,Residential
C:\Users\DELL Precision 5550\Documents\GitHub\Terrasight-Eurosat-RGB-vs-Multispectral\data\raw\multispectral\SeaLake\SeaLake_218.tif,9,9,SeaLake,SeaLake,SeaLake
C:\Users\DELL Precision 5550\Documents\GitHub\Terrasight-Eurosat-RGB-vs-Multispectral\data\raw\multispectral\HerbaceousVegetation\HerbaceousVegetation_1139.tif,2,2,HerbaceousVegetation,HerbaceousVegetation,HerbaceousVegetation
C:\Users\DELL Precision 5550\Documents\GitHub\Terrasight-Eurosat-RGB-vs-Multispectral\data\raw\multispectral\Residential\Residential_335.tif,7,7,Residential,Residential,Residential
C:\Users\DELL Precision 5550\Documents\GitHub\Terrasight-Eurosat-RGB-vs-Multispectral\data\raw\multispectral\River\River_1033.tif,8,8,River,River,River
C:\Users\DELL Precision 5550\Documents\GitHub\Terrasight-Eurosat-RGB-vs-Multispectral\data\raw\multispectral\Residential\Residential_1852.tif,7,7,Residential,Residential,Residential
C:\Users\DELL Precision 5550\Documents\GitHub\Terrasight-Eurosat-RGB-vs-Multispectral\data\raw\multispectral\Pasture\Pasture_591.tif,5,5,Pasture,Pasture,Pasture
C:\Users\DELL Precision 5550\Documents\GitHub\Terrasight-Eurosat-RGB-vs-Multispectral\data\raw\multispectral\SeaLake\SeaLake_2886.tif,9,9,SeaLake,SeaLake,SeaLake
C:\Users\DELL Precision 5550\Documents\GitHub\Terrasight-Eurosat-RGB-vs-Multispectral\data\raw\multispectral\SeaLake\SeaLake_1078.tif,9,9,SeaLake,SeaLake,SeaLake
C:\Users\DELL Precision 5550\Documents\GitHub\Terrasight-Eurosat-RGB-vs-Multispectral\data\raw\multispectral\River\River_1636.tif,8,8,River,River,River
C:\Users\DELL Precision 5550\Documents\GitHub\Terrasight-Eurosat-RGB-vs-Multispectral\data\raw\multispectral\River\River_1894.tif,8,8,River,River,River
C:\Users\DELL Precision 5550\Documents\GitHub\Terrasight-Eurosat-RGB-vs-Multispectral\data\raw\multispectral\Forest\Forest_75.tif,1,1,Forest,Forest,Forest
C:\Users\DELL Precision 5550\Documents\GitHub\Terrasight-Eurosat-RGB-vs-Multispectral\data\raw\multispectral\PermanentCrop\PermanentCrop_61.tif,6,6,PermanentCrop,PermanentCrop,PermanentCrop
C:\Users\DELL Precision 5550\Documents\GitHub\Terrasight-Eurosat-RGB-vs-Multispectral\data\raw\multispectral\Residential\Residential_1727.tif,7,7,Residential,Residential,Residential
C:\Users\DELL Precision 5550\Documents\GitHub\Terrasight-Eurosat-RGB-vs-Multispectral\data\raw\multispectral\River\River_1965.tif,8,8,River,River,River
C:\Users\DELL Precision 5550\Documents\GitHub\Terrasight-Eurosat-RGB-vs-Multispectral\data\raw\multispectral\HerbaceousVegetation\HerbaceousVegetation_1473.tif,2,2,HerbaceousVegetation,HerbaceousVegetation,HerbaceousVegetation
C:\Users\DELL Precision 5550\Documents\GitHub\Terrasight-Eurosat-RGB-vs-Multispectral\data\raw\multispectral\Residential\Residential_392.tif,7,7,Residential,Residential,Residential
C:\Users\DELL Precision 5550\Documents\GitHub\Terrasight-Eurosat-RGB-vs-Multispectral\data\raw\multispectral\Forest\Forest_2477.tif,1,1,Forest,Forest,Forest
C:\Users\DELL Precision 5550\Documents\GitHub\Terrasight-Eurosat-RGB-vs-Multispectral\data\raw\multispectral\SeaLake\SeaLake_2639.tif,9,9,SeaLake,SeaLake,SeaLake
C:\Users\DELL Precision 5550\Documents\GitHub\Terrasight-Eurosat-RGB-vs-Multispectral\data\raw\multispectral\Highway\Highway_304.tif,3,3,Highway,Highway,Highway
C:\Users\DELL Precision 5550\Documents\GitHub\Terrasight-Eurosat-RGB-vs-Multispectral\data\raw\multispectral\SeaLake\SeaLake_2256.tif,9,9,SeaLake,SeaLake,SeaLake
C:\Users\DELL Precision 5550\Documents\GitHub\Terrasight-Eurosat-RGB-vs-Multispectral\data\raw\multispectral\Highway\Highway_1823.tif,3,3,Highway,Highway,Highway
C:\Users\DELL Precision 5550\Documents\GitHub\Terrasight-Eurosat-RGB-vs-Multispectral\data\raw\multispectral\Residential\Residential_2938.tif,7,7,Residential,Residential,Residential
C:\Users\DELL Precision 5550\Documents\GitHub\Terrasight-Eurosat-RGB-vs-Multispectral\data\raw\multispectral\Forest\Forest_921.tif,1,1,Forest,Forest,Forest
C:\Users\DELL Precision 5550\Documents\GitHub\Terrasight-Eurosat-RGB-vs-Multispectral\data\raw\multispectral\Forest\Forest_2246.tif,1,1,Forest,Forest,Forest
C:\Users\DELL Precision 5550\Documents\GitHub\Terrasight-Eurosat-RGB-vs-Multispectral\data\raw\multispectral\SeaLake\SeaLake_1948.tif,9,9,SeaLake,SeaLake,SeaLake
C:\Users\DELL Precision 5550\Documents\GitHub\Terrasight-Eurosat-RGB-vs-Multispectral\data\raw\multispectral\AnnualCrop\AnnualCrop_625.tif,0,0,AnnualCrop,AnnualCrop,AnnualCrop
C:\Users\DELL Precision 5550\Documents\GitHub\Terrasight-Eurosat-RGB-vs-Multispectral\data\raw\multispectral\River\River_2248.tif,8,8,River,River,River
C:\Users\DELL Precision 5550\Documents\GitHub\Terrasight-Eurosat-RGB-vs-Multispectral\data\raw\multispectral\Industrial\Industrial_603.tif,4,4,Industrial,Industrial,Industrial
C:\Users\DELL Precision 5550\Documents\GitHub\Terrasight-Eurosat-RGB-vs-Multispectral\data\raw\multispectral\Residential\Residential_2993.tif,7,7,Residential,Residential,Residential
C:\Users\DELL Precision 5550\Documents\GitHub\Terrasight-Eurosat-RGB-vs-Multispectral\data\raw\multispectral\Industrial\Industrial_116.tif,4,4,Industrial,Industrial,Industrial
C:\Users\DELL Precision 5550\Documents\GitHub\Terrasight-Eurosat-RGB-vs-Multispectral\data\raw\multispectral\AnnualCrop\AnnualCrop_1591.tif,0,0,AnnualCrop,AnnualCrop,AnnualCrop
C:\Users\DELL Precision 5550\Documents\GitHub\Terrasight-Eurosat-RGB-vs-Multispectral\data\raw\multispectral\PermanentCrop\PermanentCrop_401.tif,6,6,PermanentCrop,PermanentCrop,PermanentCrop
C:\Users\DELL Precision 5550\Documents\GitHub\Terrasight-Eurosat-RGB-vs-Multispectral\data\raw\multispectral\SeaLake\SeaLake_2825.tif,9,9,SeaLake,SeaLake,SeaLake
C:\Users\DELL Precision 5550\Documents\GitHub\Terrasight-Eurosat-RGB-vs-Multispectral\data\raw\multispectral\Residential\Residential_1387.tif,7,7,Residential,Residential,Residential
C:\Users\DELL Precision 5550\Documents\GitHub\Terrasight-Eurosat-RGB-vs-Multispectral\data\raw\multispectral\PermanentCrop\PermanentCrop_1259.tif,6,6,PermanentCrop,PermanentCrop,PermanentCrop
C:\Users\DELL Precision 5550\Documents\GitHub\Terrasight-Eurosat-RGB-vs-Multispectral\data\raw\multispectral\Forest\Forest_519.tif,1,1,Forest,Forest,Forest
C:\Users\DELL Precision 5550\Documents\GitHub\Terrasight-Eurosat-RGB-vs-Multispectral\data\raw\multispectral\Pasture\Pasture_12.tif,5,5,Pasture,Pasture,Pasture
C:\Users\DELL Precision 5550\Documents\GitHub\Terrasight-Eurosat-RGB-vs-Multispectral\data\raw\multispectral\PermanentCrop\PermanentCrop_520.tif,6,6,PermanentCrop,PermanentCrop,PermanentCrop
C:\Users\DELL Precision 5550\Documents\GitHub\Terrasight-Eurosat-RGB-vs-Multispectral\data\raw\multispectral\PermanentCrop\PermanentCrop_2236.tif,6,6,PermanentCrop,PermanentCrop,PermanentCrop
C:\Users\DELL Precision 5550\Documents\GitHub\Terrasight-Eurosat-RGB-vs-Multispectral\data\raw\multispectral\River\River_574.tif,8,8,River,River,River
C:\Users\DELL Precision 5550\Documents\GitHub\Terrasight-Eurosat-RGB-vs-Multispectral\data\raw\multispectral\AnnualCrop\AnnualCrop_1450.tif,0,0,AnnualCrop,AnnualCrop,AnnualCrop
C:\Users\DELL Precision 5550\Documents\GitHub\Terrasight-Eurosat-RGB-vs-Multispectral\data\raw\multispectral\Residential\Residential_2261.tif,7,7,Residential,Residential,Residential
C:\Users\DELL Precision 5550\Documents\GitHub\Terrasight-Eurosat-RGB-vs-Multispectral\data\raw\multispectral\Highway\Highway_1259.tif,3,3,Highway,Highway,Highway
C:\Users\DELL Precision 5550\Documents\GitHub\Terrasight-Eurosat-RGB-vs-Multispectral\data\raw\multispectral\River\River_1827.tif,8,8,River,River,River
C:\Users\DELL Precision 5550\Documents\GitHub\Terrasight-Eurosat-RGB-vs-Multispectral\data\raw\multispectral\AnnualCrop\AnnualCrop_1714.tif,0,0,AnnualCrop,AnnualCrop,AnnualCrop
C:\Users\DELL Precision 5550\Documents\GitHub\Terrasight-Eurosat-RGB-vs-Multispectral\data\raw\multispectral\PermanentCrop\PermanentCrop_2261.tif,6,6,PermanentCrop,PermanentCrop,PermanentCrop
C:\Users\DELL Precision 5550\Documents\GitHub\Terrasight-Eurosat-RGB-vs-Multispectral\data\raw\multispectral\HerbaceousVegetation\HerbaceousVegetation_1599.tif,2,2,HerbaceousVegetation,HerbaceousVegetation,HerbaceousVegetation
C:\Users\DELL Precision 5550\Documents\GitHub\Terrasight-Eurosat-RGB-vs-Multispectral\data\raw\multispectral\PermanentCrop\PermanentCrop_806.tif,6,6,PermanentCrop,PermanentCrop,PermanentCrop
C:\Users\DELL Precision 5550\Documents\GitHub\Terrasight-Eurosat-RGB-vs-Multispectral\data\raw\multispectral\Pasture\Pasture_1365.tif,5,0,Pasture,AnnualCrop,Pasture
C:\Users\DELL Precision 5550\Documents\GitHub\Terrasight-Eurosat-RGB-vs-Multispectral\data\raw\multispectral\AnnualCrop\AnnualCrop_2373.tif,0,0,AnnualCrop,AnnualCrop,AnnualCrop
C:\Users\DELL Precision 5550\Documents\GitHub\Terrasight-Eurosat-RGB-vs-Multispectral\data\raw\multispectral\SeaLake\SeaLake_2030.tif,9,9,SeaLake,SeaLake,SeaLake
C:\Users\DELL Precision 5550\Documents\GitHub\Terrasight-Eurosat-RGB-vs-Multispectral\data\raw\multispectral\AnnualCrop\AnnualCrop_1087.tif,0,0,AnnualCrop,AnnualCrop,AnnualCrop
C:\Users\DELL Precision 5550\Documents\GitHub\Terrasight-Eurosat-RGB-vs-Multispectral\data\raw\multispectral\SeaLake\SeaLake_175.tif,9,9,SeaLake,SeaLake,SeaLake
C:\Users\DELL Precision 5550\Documents\GitHub\Terrasight-Eurosat-RGB-vs-Multispectral\data\raw\multispectral\Forest\Forest_1187.tif,1,1,Forest,Forest,Forest
C:\Users\DELL Precision 5550\Documents\GitHub\Terrasight-Eurosat-RGB-vs-Multispectral\data\raw\multispectral\PermanentCrop\PermanentCrop_1355.tif,6,6,PermanentCrop,PermanentCrop,PermanentCrop
C:\Users\DELL Precision 5550\Documents\GitHub\Terrasight-Eurosat-RGB-vs-Multispectral\data\raw\multispectral\Industrial\Industrial_1504.tif,4,4,Industrial,Industrial,Industrial
C:\Users\DELL Precision 5550\Documents\GitHub\Terrasight-Eurosat-RGB-vs-Multispectral\data\raw\multispectral\Pasture\Pasture_81.tif,5,5,Pasture,Pasture,Pasture
C:\Users\DELL Precision 5550\Documents\GitHub\Terrasight-Eurosat-RGB-vs-Multispectral\data\raw\multispectral\River\River_319.tif,8,8,River,River,River
C:\Users\DELL Precision 5550\Documents\GitHub\Terrasight-Eurosat-RGB-vs-Multispectral\data\raw\multispectral\Residential\Residential_771.tif,7,7,Residential,Residential,Residential
C:\Users\DELL Precision 5550\Documents\GitHub\Terrasight-Eurosat-RGB-vs-Multispectral\data\raw\multispectral\HerbaceousVegetation\HerbaceousVegetation_1429.tif,2,2,HerbaceousVegetation,HerbaceousVegetation,HerbaceousVegetation
C:\Users\DELL Precision 5550\Documents\GitHub\Terrasight-Eurosat-RGB-vs-Multispectral\data\raw\multispectral\Residential\Residential_1884.tif,7,7,Residential,Residential,Residential
C:\Users\DELL Precision 5550\Documents\GitHub\Terrasight-Eurosat-RGB-vs-Multispectral\data\raw\multispectral\Forest\Forest_206.tif,1,1,Forest,Forest,Forest
C:\Users\DELL Precision 5550\Documents\GitHub\Terrasight-Eurosat-RGB-vs-Multispectral\data\raw\multispectral\Industrial\Industrial_976.tif,4,4,Industrial,Industrial,Industrial
C:\Users\DELL Precision 5550\Documents\GitHub\Terrasight-Eurosat-RGB-vs-Multispectral\data\raw\multispectral\Highway\Highway_2334.tif,3,3,Highway,Highway,Highway
C:\Users\DELL Precision 5550\Documents\GitHub\Terrasight-Eurosat-RGB-vs-Multispectral\data\raw\multispectral\Forest\Forest_118.tif,1,1,Forest,Forest,Forest
C:\Users\DELL Precision 5550\Documents\GitHub\Terrasight-Eurosat-RGB-vs-Multispectral\data\raw\multispectral\Highway\Highway_164.tif,3,3,Highway,Highway,Highway
C:\Users\DELL Precision 5550\Documents\GitHub\Terrasight-Eurosat-RGB-vs-Multispectral\data\raw\multispectral\Forest\Forest_1750.tif,1,1,Forest,Forest,Forest
C:\Users\DELL Precision 5550\Documents\GitHub\Terrasight-Eurosat-RGB-vs-Multispectral\data\raw\multispectral\River\River_1573.tif,8,8,River,River,River
C:\Users\DELL Precision 5550\Documents\GitHub\Terrasight-Eurosat-RGB-vs-Multispectral\data\raw\multispectral\Residential\Residential_989.tif,7,7,Residential,Residential,Residential
C:\Users\DELL Precision 5550\Documents\GitHub\Terrasight-Eurosat-RGB-vs-Multispectral\data\raw\multispectral\PermanentCrop\PermanentCrop_482.tif,6,6,PermanentCrop,PermanentCrop,PermanentCrop
C:\Users\DELL Precision 5550\Documents\GitHub\Terrasight-Eurosat-RGB-vs-Multispectral\data\raw\multispectral\Highway\Highway_75.tif,3,3,Highway,Highway,Highway
C:\Users\DELL Precision 5550\Documents\GitHub\Terrasight-Eurosat-RGB-vs-Multispectral\data\raw\multispectral\AnnualCrop\AnnualCrop_601.tif,0,0,AnnualCrop,AnnualCrop,AnnualCrop
C:\Users\DELL Precision 5550\Documents\GitHub\Terrasight-Eurosat-RGB-vs-Multispectral\data\raw\multispectral\Residential\Residential_352.tif,7,7,Residential,Residential,Residential
C:\Users\DELL Precision 5550\Documents\GitHub\Terrasight-Eurosat-RGB-vs-Multispectral\data\raw\multispectral\Pasture\Pasture_1502.tif,5,5,Pasture,Pasture,Pasture
C:\Users\DELL Precision 5550\Documents\GitHub\Terrasight-Eurosat-RGB-vs-Multispectral\data\raw\multispectral\SeaLake\SeaLake_168.tif,9,9,SeaLake,SeaLake,SeaLake
C:\Users\DELL Precision 5550\Documents\GitHub\Terrasight-Eurosat-RGB-vs-Multispectral\data\raw\multispectral\Forest\Forest_2818.tif,1,1,Forest,Forest,Forest
C:\Users\DELL Precision 5550\Documents\GitHub\Terrasight-Eurosat-RGB-vs-Multispectral\data\raw\multispectral\Forest\Forest_2339.tif,1,1,Forest,Forest,Forest
C:\Users\DELL Precision 5550\Documents\GitHub\Terrasight-Eurosat-RGB-vs-Multispectral\data\raw\multispectral\SeaLake\SeaLake_156.tif,9,9,SeaLake,SeaLake,SeaLake
C:\Users\DELL Precision 5550\Documents\GitHub\Terrasight-Eurosat-RGB-vs-Multispectral\data\raw\multispectral\PermanentCrop\PermanentCrop_2207.tif,6,6,PermanentCrop,PermanentCrop,PermanentCrop
C:\Users\DELL Precision 5550\Documents\GitHub\Terrasight-Eurosat-RGB-vs-Multispectral\data\raw\multispectral\AnnualCrop\AnnualCrop_2943.tif,0,0,AnnualCrop,AnnualCrop,AnnualCrop
C:\Users\DELL Precision 5550\Documents\GitHub\Terrasight-Eurosat-RGB-vs-Multispectral\data\raw\multispectral\Pasture\Pasture_493.tif,5,5,Pasture,Pasture,Pasture
C:\Users\DELL Precision 5550\Documents\GitHub\Terrasight-Eurosat-RGB-vs-Multispectral\data\raw\multispectral\Pasture\Pasture_1385.tif,5,5,Pasture,Pasture,Pasture
C:\Users\DELL Precision 5550\Documents\GitHub\Terrasight-Eurosat-RGB-vs-Multispectral\data\raw\multispectral\AnnualCrop\AnnualCrop_661.tif,0,0,AnnualCrop,AnnualCrop,AnnualCrop
C:\Users\DELL Precision 5550\Documents\GitHub\Terrasight-Eurosat-RGB-vs-Multispectral\data\raw\multispectral\SeaLake\SeaLake_2598.tif,9,9,SeaLake,SeaLake,SeaLake
C:\Users\DELL Precision 5550\Documents\GitHub\Terrasight-Eurosat-RGB-vs-Multispectral\data\raw\multispectral\SeaLake\SeaLake_63.tif,9,9,SeaLake,SeaLake,SeaLake
C:\Users\DELL Precision 5550\Documents\GitHub\Terrasight-Eurosat-RGB-vs-Multispectral\data\raw\multispectral\Forest\Forest_2522.tif,1,1,Forest,Forest,Forest
C:\Users\DELL Precision 5550\Documents\GitHub\Terrasight-Eurosat-RGB-vs-Multispectral\data\raw\multispectral\AnnualCrop\AnnualCrop_1752.tif,0,0,AnnualCrop,AnnualCrop,AnnualCrop
C:\Users\DELL Precision 5550\Documents\GitHub\Terrasight-Eurosat-RGB-vs-Multispectral\data\raw\multispectral\Forest\Forest_2429.tif,1,1,Forest,Forest,Forest
C:\Users\DELL Precision 5550\Documents\GitHub\Terrasight-Eurosat-RGB-vs-Multispectral\data\raw\multispectral\PermanentCrop\PermanentCrop_2474.tif,6,6,PermanentCrop,PermanentCrop,PermanentCrop
C:\Users\DELL Precision 5550\Documents\GitHub\Terrasight-Eurosat-RGB-vs-Multispectral\data\raw\multispectral\Highway\Highway_865.tif,3,3,Highway,Highway,Highway
C:\Users\DELL Precision 5550\Documents\GitHub\Terrasight-Eurosat-RGB-vs-Multispectral\data\raw\multispectral\River\River_727.tif,8,8,River,River,River
C:\Users\DELL Precision 5550\Documents\GitHub\Terrasight-Eurosat-RGB-vs-Multispectral\data\raw\multispectral\AnnualCrop\AnnualCrop_2094.tif,0,0,AnnualCrop,AnnualCrop,AnnualCrop
C:\Users\DELL Precision 5550\Documents\GitHub\Terrasight-Eurosat-RGB-vs-Multispectral\data\raw\multispectral\Highway\Highway_1415.tif,3,3,Highway,Highway,Highway
C:\Users\DELL Precision 5550\Documents\GitHub\Terrasight-Eurosat-RGB-vs-Multispectral\data\raw\multispectral\Forest\Forest_911.tif,1,1,Forest,Forest,Forest
C:\Users\DELL Precision 5550\Documents\GitHub\Terrasight-Eurosat-RGB-vs-Multispectral\data\raw\multispectral\Residential\Residential_1098.tif,7,7,Residential,Residential,Residential
C:\Users\DELL Precision 5550\Documents\GitHub\Terrasight-Eurosat-RGB-vs-Multispectral\data\raw\multispectral\Highway\Highway_1589.tif,3,3,Highway,Highway,Highway
C:\Users\DELL Precision 5550\Documents\GitHub\Terrasight-Eurosat-RGB-vs-Multispectral\data\raw\multispectral\PermanentCrop\PermanentCrop_1839.tif,6,6,PermanentCrop,PermanentCrop,PermanentCrop
C:\Users\DELL Precision 5550\Documents\GitHub\Terrasight-Eurosat-RGB-vs-Multispectral\data\raw\multispectral\Highway\Highway_1553.tif,3,3,Highway,Highway,Highway
C:\Users\DELL Precision 5550\Documents\GitHub\Terrasight-Eurosat-RGB-vs-Multispectral\data\raw\multispectral\PermanentCrop\PermanentCrop_2027.tif,6,6,PermanentCrop,PermanentCrop,PermanentCrop
C:\Users\DELL Precision 5550\Documents\GitHub\Terrasight-Eurosat-RGB-vs-Multispectral\data\raw\multispectral\Industrial\Industrial_1961.tif,4,4,Industrial,Industrial,Industrial
C:\Users\DELL Precision 5550\Documents\GitHub\Terrasight-Eurosat-RGB-vs-Multispectral\data\raw\multispectral\AnnualCrop\AnnualCrop_1420.tif,0,0,AnnualCrop,AnnualCrop,AnnualCrop
C:\Users\DELL Precision 5550\Documents\GitHub\Terrasight-Eurosat-RGB-vs-Multispectral\data\raw\multispectral\River\River_505.tif,8,8,River,River,River
C:\Users\DELL Precision 5550\Documents\GitHub\Terrasight-Eurosat-RGB-vs-Multispectral\data\raw\multispectral\Residential\Residential_1341.tif,7,7,Residential,Residential,Residential
C:\Users\DELL Precision 5550\Documents\GitHub\Terrasight-Eurosat-RGB-vs-Multispectral\data\raw\multispectral\HerbaceousVegetation\HerbaceousVegetation_1114.tif,2,2,HerbaceousVegetation,HerbaceousVegetation,HerbaceousVegetation
C:\Users\DELL Precision 5550\Documents\GitHub\Terrasight-Eurosat-RGB-vs-Multispectral\data\raw\multispectral\AnnualCrop\AnnualCrop_89.tif,0,0,AnnualCrop,AnnualCrop,AnnualCrop
C:\Users\DELL Precision 5550\Documents\GitHub\Terrasight-Eurosat-RGB-vs-Multispectral\data\raw\multispectral\PermanentCrop\PermanentCrop_999.tif,6,6,PermanentCrop,PermanentCrop,PermanentCrop
C:\Users\DELL Precision 5550\Documents\GitHub\Terrasight-Eurosat-RGB-vs-Multispectral\data\raw\multispectral\SeaLake\SeaLake_2239.tif,9,9,SeaLake,SeaLake,SeaLake
C:\Users\DELL Precision 5550\Documents\GitHub\Terrasight-Eurosat-RGB-vs-Multispectral\data\raw\multispectral\Residential\Residential_668.tif,7,7,Residential,Residential,Residential
C:\Users\DELL Precision 5550\Documents\GitHub\Terrasight-Eurosat-RGB-vs-Multispectral\data\raw\multispectral\SeaLake\SeaLake_2174.tif,9,9,SeaLake,SeaLake,SeaLake
C:\Users\DELL Precision 5550\Documents\GitHub\Terrasight-Eurosat-RGB-vs-Multispectral\data\raw\multispectral\Residential\Residential_2664.tif,7,7,Residential,Residential,Residential
C:\Users\DELL Precision 5550\Documents\GitHub\Terrasight-Eurosat-RGB-vs-Multispectral\data\raw\multispectral\Forest\Forest_234.tif,1,1,Forest,Forest,Forest
C:\Users\DELL Precision 5550\Documents\GitHub\Terrasight-Eurosat-RGB-vs-Multispectral\data\raw\multispectral\PermanentCrop\PermanentCrop_754.tif,6,6,PermanentCrop,PermanentCrop,PermanentCrop
C:\Users\DELL Precision 5550\Documents\GitHub\Terrasight-Eurosat-RGB-vs-Multispectral\data\raw\multispectral\Industrial\Industrial_1498.tif,4,4,Industrial,Industrial,Industrial
C:\Users\DELL Precision 5550\Documents\GitHub\Terrasight-Eurosat-RGB-vs-Multispectral\data\raw\multispectral\River\River_2013.tif,8,8,River,River,River
C:\Users\DELL Precision 5550\Documents\GitHub\Terrasight-Eurosat-RGB-vs-Multispectral\data\raw\multispectral\PermanentCrop\PermanentCrop_1333.tif,6,6,PermanentCrop,PermanentCrop,PermanentCrop
C:\Users\DELL Precision 5550\Documents\GitHub\Terrasight-Eurosat-RGB-vs-Multispectral\data\raw\multispectral\PermanentCrop\PermanentCrop_459.tif,6,6,PermanentCrop,PermanentCrop,PermanentCrop
C:\Users\DELL Precision 5550\Documents\GitHub\Terrasight-Eurosat-RGB-vs-Multispectral\data\raw\multispectral\Highway\Highway_422.tif,3,3,Highway,Highway,Highway
C:\Users\DELL Precision 5550\Documents\GitHub\Terrasight-Eurosat-RGB-vs-Multispectral\data\raw\multispectral\Industrial\Industrial_2165.tif,4,4,Industrial,Industrial,Industrial
C:\Users\DELL Precision 5550\Documents\GitHub\Terrasight-Eurosat-RGB-vs-Multispectral\data\raw\multispectral\Industrial\Industrial_1787.tif,4,3,Industrial,Highway,Industrial
C:\Users\DELL Precision 5550\Documents\GitHub\Terrasight-Eurosat-RGB-vs-Multispectral\data\raw\multispectral\Forest\Forest_300.tif,1,1,Forest,Forest,Forest
C:\Users\DELL Precision 5550\Documents\GitHub\Terrasight-Eurosat-RGB-vs-Multispectral\data\raw\multispectral\AnnualCrop\AnnualCrop_1918.tif,0,0,AnnualCrop,AnnualCrop,AnnualCrop
C:\Users\DELL Precision 5550\Documents\GitHub\Terrasight-Eurosat-RGB-vs-Multispectral\data\raw\multispectral\Residential\Residential_875.tif,7,7,Residential,Residential,Residential
C:\Users\DELL Precision 5550\Documents\GitHub\Terrasight-Eurosat-RGB-vs-Multispectral\data\raw\multispectral\PermanentCrop\PermanentCrop_340.tif,6,2,PermanentCrop,HerbaceousVegetation,PermanentCrop
C:\Users\DELL Precision 5550\Documents\GitHub\Terrasight-Eurosat-RGB-vs-Multispectral\data\raw\multispectral\SeaLake\SeaLake_2856.tif,9,9,SeaLake,SeaLake,SeaLake
C:\Users\DELL Precision 5550\Documents\GitHub\Terrasight-Eurosat-RGB-vs-Multispectral\data\raw\multispectral\AnnualCrop\AnnualCrop_857.tif,0,0,AnnualCrop,AnnualCrop,AnnualCrop
C:\Users\DELL Precision 5550\Documents\GitHub\Terrasight-Eurosat-RGB-vs-Multispectral\data\raw\multispectral\Highway\Highway_1346.tif,3,3,Highway,Highway,Highway
C:\Users\DELL Precision 5550\Documents\GitHub\Terrasight-Eurosat-RGB-vs-Multispectral\data\raw\multispectral\HerbaceousVegetation\HerbaceousVegetation_898.tif,2,2,HerbaceousVegetation,HerbaceousVegetation,HerbaceousVegetation
C:\Users\DELL Precision 5550\Documents\GitHub\Terrasight-Eurosat-RGB-vs-Multispectral\data\raw\multispectral\Industrial\Industrial_1290.tif,4,4,Industrial,Industrial,Industrial
C:\Users\DELL Precision 5550\Documents\GitHub\Terrasight-Eurosat-RGB-vs-Multispectral\data\raw\multispectral\River\River_1975.tif,8,8,River,River,River
C:\Users\DELL Precision 5550\Documents\GitHub\Terrasight-Eurosat-RGB-vs-Multispectral\data\raw\multispectral\Highway\Highway_2412.tif,3,3,Highway,Highway,Highway
C:\Users\DELL Precision 5550\Documents\GitHub\Terrasight-Eurosat-RGB-vs-Multispectral\data\raw\multispectral\AnnualCrop\AnnualCrop_507.tif,0,0,AnnualCrop,AnnualCrop,AnnualCrop
C:\Users\DELL Precision 5550\Documents\GitHub\Terrasight-Eurosat-RGB-vs-Multispectral\data\raw\multispectral\AnnualCrop\AnnualCrop_1750.tif,0,0,AnnualCrop,AnnualCrop,AnnualCrop
C:\Users\DELL Precision 5550\Documents\GitHub\Terrasight-Eurosat-RGB-vs-Multispectral\data\raw\multispectral\Industrial\Industrial_862.tif,4,4,Industrial,Industrial,Industrial
C:\Users\DELL Precision 5550\Documents\GitHub\Terrasight-Eurosat-RGB-vs-Multispectral\data\raw\multispectral\Industrial\Industrial_2457.tif,4,4,Industrial,Industrial,Industrial
C:\Users\DELL Precision 5550\Documents\GitHub\Terrasight-Eurosat-RGB-vs-Multispectral\data\raw\multispectral\SeaLake\SeaLake_2198.tif,9,9,SeaLake,SeaLake,SeaLake
C:\Users\DELL Precision 5550\Documents\GitHub\Terrasight-Eurosat-RGB-vs-Multispectral\data\raw\multispectral\AnnualCrop\AnnualCrop_1184.tif,0,0,AnnualCrop,AnnualCrop,AnnualCrop
C:\Users\DELL Precision 5550\Documents\GitHub\Terrasight-Eurosat-RGB-vs-Multispectral\data\raw\multispectral\Forest\Forest_2320.tif,1,1,Forest,Forest,Forest
C:\Users\DELL Precision 5550\Documents\GitHub\Terrasight-Eurosat-RGB-vs-Multispectral\data\raw\multispectral\PermanentCrop\PermanentCrop_2011.tif,6,6,PermanentCrop,PermanentCrop,PermanentCrop
C:\Users\DELL Precision 5550\Documents\GitHub\Terrasight-Eurosat-RGB-vs-Multispectral\data\raw\multispectral\Industrial\Industrial_941.tif,4,4,Industrial,Industrial,Industrial
C:\Users\DELL Precision 5550\Documents\GitHub\Terrasight-Eurosat-RGB-vs-Multispectral\data\raw\multispectral\Residential\Residential_2286.tif,7,7,Residential,Residential,Residential
C:\Users\DELL Precision 5550\Documents\GitHub\Terrasight-Eurosat-RGB-vs-Multispectral\data\raw\multispectral\Residential\Residential_160.tif,7,7,Residential,Residential,Residential
C:\Users\DELL Precision 5550\Documents\GitHub\Terrasight-Eurosat-RGB-vs-Multispectral\data\raw\multispectral\River\River_918.tif,8,8,River,River,River
C:\Users\DELL Precision 5550\Documents\GitHub\Terrasight-Eurosat-RGB-vs-Multispectral\data\raw\multispectral\HerbaceousVegetation\HerbaceousVegetation_578.tif,2,2,HerbaceousVegetation,HerbaceousVegetation,HerbaceousVegetation
C:\Users\DELL Precision 5550\Documents\GitHub\Terrasight-Eurosat-RGB-vs-Multispectral\data\raw\multispectral\Industrial\Industrial_859.tif,4,4,Industrial,Industrial,Industrial
C:\Users\DELL Precision 5550\Documents\GitHub\Terrasight-Eurosat-RGB-vs-Multispectral\data\raw\multispectral\AnnualCrop\AnnualCrop_1437.tif,0,0,AnnualCrop,AnnualCrop,AnnualCrop
C:\Users\DELL Precision 5550\Documents\GitHub\Terrasight-Eurosat-RGB-vs-Multispectral\data\raw\multispectral\AnnualCrop\AnnualCrop_2605.tif,0,0,AnnualCrop,AnnualCrop,AnnualCrop
C:\Users\DELL Precision 5550\Documents\GitHub\Terrasight-Eurosat-RGB-vs-Multispectral\data\raw\multispectral\SeaLake\SeaLake_1288.tif,9,9,SeaLake,SeaLake,SeaLake
C:\Users\DELL Precision 5550\Documents\GitHub\Terrasight-Eurosat-RGB-vs-Multispectral\data\raw\multispectral\AnnualCrop\AnnualCrop_2843.tif,0,0,AnnualCrop,AnnualCrop,AnnualCrop
C:\Users\DELL Precision 5550\Documents\GitHub\Terrasight-Eurosat-RGB-vs-Multispectral\data\raw\multispectral\Pasture\Pasture_139.tif,5,5,Pasture,Pasture,Pasture
C:\Users\DELL Precision 5550\Documents\GitHub\Terrasight-Eurosat-RGB-vs-Multispectral\data\raw\multispectral\HerbaceousVegetation\HerbaceousVegetation_269.tif,2,2,HerbaceousVegetation,HerbaceousVegetation,HerbaceousVegetation
C:\Users\DELL Precision 5550\Documents\GitHub\Terrasight-Eurosat-RGB-vs-Multispectral\data\raw\multispectral\PermanentCrop\PermanentCrop_2002.tif,6,6,PermanentCrop,PermanentCrop,PermanentCrop
C:\Users\DELL Precision 5550\Documents\GitHub\Terrasight-Eurosat-RGB-vs-Multispectral\data\raw\multispectral\AnnualCrop\AnnualCrop_836.tif,0,0,AnnualCrop,AnnualCrop,AnnualCrop
C:\Users\DELL Precision 5550\Documents\GitHub\Terrasight-Eurosat-RGB-vs-Multispectral\data\raw\multispectral\Residential\Residential_1033.tif,7,7,Residential,Residential,Residential
C:\Users\DELL Precision 5550\Documents\GitHub\Terrasight-Eurosat-RGB-vs-Multispectral\data\raw\multispectral\SeaLake\SeaLake_2621.tif,9,9,SeaLake,SeaLake,SeaLake
C:\Users\DELL Precision 5550\Documents\GitHub\Terrasight-Eurosat-RGB-vs-Multispectral\data\raw\multispectral\Highway\Highway_1034.tif,3,3,Highway,Highway,Highway
C:\Users\DELL Precision 5550\Documents\GitHub\Terrasight-Eurosat-RGB-vs-Multispectral\data\raw\multispectral\Industrial\Industrial_931.tif,4,4,Industrial,Industrial,Industrial
C:\Users\DELL Precision 5550\Documents\GitHub\Terrasight-Eurosat-RGB-vs-Multispectral\data\raw\multispectral\Industrial\Industrial_546.tif,4,4,Industrial,Industrial,Industrial
C:\Users\DELL Precision 5550\Documents\GitHub\Terrasight-Eurosat-RGB-vs-Multispectral\data\raw\multispectral\Residential\Residential_2496.tif,7,4,Residential,Industrial,Residential
C:\Users\DELL Precision 5550\Documents\GitHub\Terrasight-Eurosat-RGB-vs-Multispectral\data\raw\multispectral\AnnualCrop\AnnualCrop_1744.tif,0,0,AnnualCrop,AnnualCrop,AnnualCrop
C:\Users\DELL Precision 5550\Documents\GitHub\Terrasight-Eurosat-RGB-vs-Multispectral\data\raw\multispectral\AnnualCrop\AnnualCrop_392.tif,0,0,AnnualCrop,AnnualCrop,AnnualCrop
C:\Users\DELL Precision 5550\Documents\GitHub\Terrasight-Eurosat-RGB-vs-Multispectral\data\raw\multispectral\PermanentCrop\PermanentCrop_303.tif,6,6,PermanentCrop,PermanentCrop,PermanentCrop
C:\Users\DELL Precision 5550\Documents\GitHub\Terrasight-Eurosat-RGB-vs-Multispectral\data\raw\multispectral\River\River_2143.tif,8,8,River,River,River
C:\Users\DELL Precision 5550\Documents\GitHub\Terrasight-Eurosat-RGB-vs-Multispectral\data\raw\multispectral\PermanentCrop\PermanentCrop_894.tif,6,6,PermanentCrop,PermanentCrop,PermanentCrop
C:\Users\DELL Precision 5550\Documents\GitHub\Terrasight-Eurosat-RGB-vs-Multispectral\data\raw\multispectral\Residential\Residential_2141.tif,7,7,Residential,Residential,Residential
C:\Users\DELL Precision 5550\Documents\GitHub\Terrasight-Eurosat-RGB-vs-Multispectral\data\raw\multispectral\SeaLake\SeaLake_2442.tif,9,9,SeaLake,SeaLake,SeaLake
C:\Users\DELL Precision 5550\Documents\GitHub\Terrasight-Eurosat-RGB-vs-Multispectral\data\raw\multispectral\Highway\Highway_494.tif,3,3,Highway,Highway,Highway
C:\Users\DELL Precision 5550\Documents\GitHub\Terrasight-Eurosat-RGB-vs-Multispectral\data\raw\multispectral\HerbaceousVegetation\HerbaceousVegetation_2304.tif,2,2,HerbaceousVegetation,HerbaceousVegetation,HerbaceousVegetation
C:\Users\DELL Precision 5550\Documents\GitHub\Terrasight-Eurosat-RGB-vs-Multispectral\data\raw\multispectral\SeaLake\SeaLake_213.tif,9,9,SeaLake,SeaLake,SeaLake
C:\Users\DELL Precision 5550\Documents\GitHub\Terrasight-Eurosat-RGB-vs-Multispectral\data\raw\multispectral\Forest\Forest_2110.tif,1,1,Forest,Forest,Forest
C:\Users\DELL Precision 5550\Documents\GitHub\Terrasight-Eurosat-RGB-vs-Multispectral\data\raw\multispectral\HerbaceousVegetation\HerbaceousVegetation_353.tif,2,2,HerbaceousVegetation,HerbaceousVegetation,HerbaceousVegetation
C:\Users\DELL Precision 5550\Documents\GitHub\Terrasight-Eurosat-RGB-vs-Multispectral\data\raw\multispectral\Highway\Highway_188.tif,3,3,Highway,Highway,Highway
C:\Users\DELL Precision 5550\Documents\GitHub\Terrasight-Eurosat-RGB-vs-Multispectral\data\raw\multispectral\Industrial\Industrial_2130.tif,4,4,Industrial,Industrial,Industrial
C:\Users\DELL Precision 5550\Documents\GitHub\Terrasight-Eurosat-RGB-vs-Multispectral\data\raw\multispectral\Highway\Highway_1331.tif,3,3,Highway,Highway,Highway
C:\Users\DELL Precision 5550\Documents\GitHub\Terrasight-Eurosat-RGB-vs-Multispectral\data\raw\multispectral\Forest\Forest_299.tif,1,1,Forest,Forest,Forest
C:\Users\DELL Precision 5550\Documents\GitHub\Terrasight-Eurosat-RGB-vs-Multispectral\data\raw\multispectral\SeaLake\SeaLake_699.tif,9,9,SeaLake,SeaLake,SeaLake
C:\Users\DELL Precision 5550\Documents\GitHub\Terrasight-Eurosat-RGB-vs-Multispectral\data\raw\multispectral\PermanentCrop\PermanentCrop_1696.tif,6,6,PermanentCrop,PermanentCrop,PermanentCrop
C:\Users\DELL Precision 5550\Documents\GitHub\Terrasight-Eurosat-RGB-vs-Multispectral\data\raw\multispectral\AnnualCrop\AnnualCrop_499.tif,0,0,AnnualCrop,AnnualCrop,AnnualCrop
C:\Users\DELL Precision 5550\Documents\GitHub\Terrasight-Eurosat-RGB-vs-Multispectral\data\raw\multispectral\Pasture\Pasture_1710.tif,5,5,Pasture,Pasture,Pasture
C:\Users\DELL Precision 5550\Documents\GitHub\Terrasight-Eurosat-RGB-vs-Multispectral\data\raw\multispectral\River\River_1090.tif,8,8,River,River,River
C:\Users\DELL Precision 5550\Documents\GitHub\Terrasight-Eurosat-RGB-vs-Multispectral\data\raw\multispectral\AnnualCrop\AnnualCrop_1906.tif,0,0,AnnualCrop,AnnualCrop,AnnualCrop
C:\Users\DELL Precision 5550\Documents\GitHub\Terrasight-Eurosat-RGB-vs-Multispectral\data\raw\multispectral\HerbaceousVegetation\HerbaceousVegetation_2244.tif,2,2,HerbaceousVegetation,HerbaceousVegetation,HerbaceousVegetation
C:\Users\DELL Precision 5550\Documents\GitHub\Terrasight-Eurosat-RGB-vs-Multispectral\data\raw\multispectral\Industrial\Industrial_2389.tif,4,4,Industrial,Industrial,Industrial
C:\Users\DELL Precision 5550\Documents\GitHub\Terrasight-Eurosat-RGB-vs-Multispectral\data\raw\multispectral\Industrial\Industrial_631.tif,4,4,Industrial,Industrial,Industrial
C:\Users\DELL Precision 5550\Documents\GitHub\Terrasight-Eurosat-RGB-vs-Multispectral\data\raw\multispectral\AnnualCrop\AnnualCrop_1482.tif,0,0,AnnualCrop,AnnualCrop,AnnualCrop
C:\Users\DELL Precision 5550\Documents\GitHub\Terrasight-Eurosat-RGB-vs-Multispectral\data\raw\multispectral\Forest\Forest_52.tif,1,1,Forest,Forest,Forest
C:\Users\DELL Precision 5550\Documents\GitHub\Terrasight-Eurosat-RGB-vs-Multispectral\data\raw\multispectral\SeaLake\SeaLake_2863.tif,9,9,SeaLake,SeaLake,SeaLake
C:\Users\DELL Precision 5550\Documents\GitHub\Terrasight-Eurosat-RGB-vs-Multispectral\data\raw\multispectral\Residential\Residential_1665.tif,7,7,Residential,Residential,Residential
C:\Users\DELL Precision 5550\Documents\GitHub\Terrasight-Eurosat-RGB-vs-Multispectral\data\raw\multispectral\River\River_402.tif,8,8,River,River,River
C:\Users\DELL Precision 5550\Documents\GitHub\Terrasight-Eurosat-RGB-vs-Multispectral\data\raw\multispectral\AnnualCrop\AnnualCrop_1606.tif,0,0,AnnualCrop,AnnualCrop,AnnualCrop
C:\Users\DELL Precision 5550\Documents\GitHub\Terrasight-Eurosat-RGB-vs-Multispectral\data\raw\multispectral\SeaLake\SeaLake_1735.tif,9,9,SeaLake,SeaLake,SeaLake
C:\Users\DELL Precision 5550\Documents\GitHub\Terrasight-Eurosat-RGB-vs-Multispectral\data\raw\multispectral\Pasture\Pasture_746.tif,5,5,Pasture,Pasture,Pasture
C:\Users\DELL Precision 5550\Documents\GitHub\Terrasight-Eurosat-RGB-vs-Multispectral\data\raw\multispectral\AnnualCrop\AnnualCrop_2920.tif,0,0,AnnualCrop,AnnualCrop,AnnualCrop
C:\Users\DELL Precision 5550\Documents\GitHub\Terrasight-Eurosat-RGB-vs-Multispectral\data\raw\multispectral\River\River_1598.tif,8,8,River,River,River
C:\Users\DELL Precision 5550\Documents\GitHub\Terrasight-Eurosat-RGB-vs-Multispectral\data\raw\multispectral\PermanentCrop\PermanentCrop_1554.tif,6,6,PermanentCrop,PermanentCrop,PermanentCrop
C:\Users\DELL Precision 5550\Documents\GitHub\Terrasight-Eurosat-RGB-vs-Multispectral\data\raw\multispectral\SeaLake\SeaLake_2743.tif,9,9,SeaLake,SeaLake,SeaLake
C:\Users\DELL Precision 5550\Documents\GitHub\Terrasight-Eurosat-RGB-vs-Multispectral\data\raw\multispectral\HerbaceousVegetation\HerbaceousVegetation_1951.tif,2,2,HerbaceousVegetation,HerbaceousVegetation,HerbaceousVegetation
C:\Users\DELL Precision 5550\Documents\GitHub\Terrasight-Eurosat-RGB-vs-Multispectral\data\raw\multispectral\AnnualCrop\AnnualCrop_2482.tif,0,0,AnnualCrop,AnnualCrop,AnnualCrop
C:\Users\DELL Precision 5550\Documents\GitHub\Terrasight-Eurosat-RGB-vs-Multispectral\data\raw\multispectral\Highway\Highway_149.tif,3,3,Highway,Highway,Highway
C:\Users\DELL Precision 5550\Documents\GitHub\Terrasight-Eurosat-RGB-vs-Multispectral\data\raw\multispectral\PermanentCrop\PermanentCrop_25.tif,6,6,PermanentCrop,PermanentCrop,PermanentCrop
C:\Users\DELL Precision 5550\Documents\GitHub\Terrasight-Eurosat-RGB-vs-Multispectral\data\raw\multispectral\Industrial\Industrial_2481.tif,4,4,Industrial,Industrial,Industrial
C:\Users\DELL Precision 5550\Documents\GitHub\Terrasight-Eurosat-RGB-vs-Multispectral\data\raw\multispectral\Residential\Residential_1419.tif,7,7,Residential,Residential,Residential
C:\Users\DELL Precision 5550\Documents\GitHub\Terrasight-Eurosat-RGB-vs-Multispectral\data\raw\multispectral\AnnualCrop\AnnualCrop_2166.tif,0,0,AnnualCrop,AnnualCrop,AnnualCrop
C:\Users\DELL Precision 5550\Documents\GitHub\Terrasight-Eurosat-RGB-vs-Multispectral\data\raw\multispectral\Forest\Forest_953.tif,1,1,Forest,Forest,Forest
C:\Users\DELL Precision 5550\Documents\GitHub\Terrasight-Eurosat-RGB-vs-Multispectral\data\raw\multispectral\Highway\Highway_25.tif,3,3,Highway,Highway,Highway
C:\Users\DELL Precision 5550\Documents\GitHub\Terrasight-Eurosat-RGB-vs-Multispectral\data\raw\multispectral\SeaLake\SeaLake_2626.tif,9,9,SeaLake,SeaLake,SeaLake
C:\Users\DELL Precision 5550\Documents\GitHub\Terrasight-Eurosat-RGB-vs-Multispectral\data\raw\multispectral\HerbaceousVegetation\HerbaceousVegetation_674.tif,2,2,HerbaceousVegetation,HerbaceousVegetation,HerbaceousVegetation
C:\Users\DELL Precision 5550\Documents\GitHub\Terrasight-Eurosat-RGB-vs-Multispectral\data\raw\multispectral\Industrial\Industrial_2423.tif,4,4,Industrial,Industrial,Industrial
C:\Users\DELL Precision 5550\Documents\GitHub\Terrasight-Eurosat-RGB-vs-Multispectral\data\raw\multispectral\HerbaceousVegetation\HerbaceousVegetation_1375.tif,2,2,HerbaceousVegetation,HerbaceousVegetation,HerbaceousVegetation
C:\Users\DELL Precision 5550\Documents\GitHub\Terrasight-Eurosat-RGB-vs-Multispectral\data\raw\multispectral\River\River_534.tif,8,8,River,River,River
C:\Users\DELL Precision 5550\Documents\GitHub\Terrasight-Eurosat-RGB-vs-Multispectral\data\raw\multispectral\HerbaceousVegetation\HerbaceousVegetation_1723.tif,2,2,HerbaceousVegetation,HerbaceousVegetation,HerbaceousVegetation
C:\Users\DELL Precision 5550\Documents\GitHub\Terrasight-Eurosat-RGB-vs-Multispectral\data\raw\multispectral\Pasture\Pasture_1974.tif,5,5,Pasture,Pasture,Pasture
C:\Users\DELL Precision 5550\Documents\GitHub\Terrasight-Eurosat-RGB-vs-Multispectral\data\raw\multispectral\Residential\Residential_1355.tif,7,7,Residential,Residential,Residential
C:\Users\DELL Precision 5550\Documents\GitHub\Terrasight-Eurosat-RGB-vs-Multispectral\data\raw\multispectral\AnnualCrop\AnnualCrop_2349.tif,0,0,AnnualCrop,AnnualCrop,AnnualCrop
C:\Users\DELL Precision 5550\Documents\GitHub\Terrasight-Eurosat-RGB-vs-Multispectral\data\raw\multispectral\HerbaceousVegetation\HerbaceousVegetation_1206.tif,2,2,HerbaceousVegetation,HerbaceousVegetation,HerbaceousVegetation
C:\Users\DELL Precision 5550\Documents\GitHub\Terrasight-Eurosat-RGB-vs-Multispectral\data\raw\multispectral\SeaLake\SeaLake_1704.tif,9,9,SeaLake,SeaLake,SeaLake
C:\Users\DELL Precision 5550\Documents\GitHub\Terrasight-Eurosat-RGB-vs-Multispectral\data\raw\multispectral\Industrial\Industrial_428.tif,4,4,Industrial,Industrial,Industrial
C:\Users\DELL Precision 5550\Documents\GitHub\Terrasight-Eurosat-RGB-vs-Multispectral\data\raw\multispectral\SeaLake\SeaLake_893.tif,9,9,SeaLake,SeaLake,SeaLake
C:\Users\DELL Precision 5550\Documents\GitHub\Terrasight-Eurosat-RGB-vs-Multispectral\data\raw\multispectral\HerbaceousVegetation\HerbaceousVegetation_1843.tif,2,2,HerbaceousVegetation,HerbaceousVegetation,HerbaceousVegetation
C:\Users\DELL Precision 5550\Documents\GitHub\Terrasight-Eurosat-RGB-vs-Multispectral\data\raw\multispectral\Pasture\Pasture_89.tif,5,5,Pasture,Pasture,Pasture
C:\Users\DELL Precision 5550\Documents\GitHub\Terrasight-Eurosat-RGB-vs-Multispectral\data\raw\multispectral\PermanentCrop\PermanentCrop_1823.tif,6,6,PermanentCrop,PermanentCrop,PermanentCrop
C:\Users\DELL Precision 5550\Documents\GitHub\Terrasight-Eurosat-RGB-vs-Multispectral\data\raw\multispectral\PermanentCrop\PermanentCrop_1650.tif,6,6,PermanentCrop,PermanentCrop,PermanentCrop
C:\Users\DELL Precision 5550\Documents\GitHub\Terrasight-Eurosat-RGB-vs-Multispectral\data\raw\multispectral\Industrial\Industrial_2195.tif,4,4,Industrial,Industrial,Industrial
C:\Users\DELL Precision 5550\Documents\GitHub\Terrasight-Eurosat-RGB-vs-Multispectral\data\raw\multispectral\Forest\Forest_2695.tif,1,1,Forest,Forest,Forest
C:\Users\DELL Precision 5550\Documents\GitHub\Terrasight-Eurosat-RGB-vs-Multispectral\data\raw\multispectral\Pasture\Pasture_14.tif,5,5,Pasture,Pasture,Pasture
C:\Users\DELL Precision 5550\Documents\GitHub\Terrasight-Eurosat-RGB-vs-Multispectral\data\raw\multispectral\Pasture\Pasture_955.tif,5,5,Pasture,Pasture,Pasture
C:\Users\DELL Precision 5550\Documents\GitHub\Terrasight-Eurosat-RGB-vs-Multispectral\data\raw\multispectral\River\River_199.tif,8,8,River,River,River
C:\Users\DELL Precision 5550\Documents\GitHub\Terrasight-Eurosat-RGB-vs-Multispectral\data\raw\multispectral\PermanentCrop\PermanentCrop_636.tif,6,6,PermanentCrop,PermanentCrop,PermanentCrop
C:\Users\DELL Precision 5550\Documents\GitHub\Terrasight-Eurosat-RGB-vs-Multispectral\data\raw\multispectral\AnnualCrop\AnnualCrop_79.tif,0,0,AnnualCrop,AnnualCrop,AnnualCrop
C:\Users\DELL Precision 5550\Documents\GitHub\Terrasight-Eurosat-RGB-vs-Multispectral\data\raw\multispectral\HerbaceousVegetation\HerbaceousVegetation_1941.tif,2,2,HerbaceousVegetation,HerbaceousVegetation,HerbaceousVegetation
C:\Users\DELL Precision 5550\Documents\GitHub\Terrasight-Eurosat-RGB-vs-Multispectral\data\raw\multispectral\Industrial\Industrial_711.tif,4,4,Industrial,Industrial,Industrial
C:\Users\DELL Precision 5550\Documents\GitHub\Terrasight-Eurosat-RGB-vs-Multispectral\data\raw\multispectral\Industrial\Industrial_1650.tif,4,4,Industrial,Industrial,Industrial
C:\Users\DELL Precision 5550\Documents\GitHub\Terrasight-Eurosat-RGB-vs-Multispectral\data\raw\multispectral\PermanentCrop\PermanentCrop_1712.tif,6,6,PermanentCrop,PermanentCrop,PermanentCrop
C:\Users\DELL Precision 5550\Documents\GitHub\Terrasight-Eurosat-RGB-vs-Multispectral\data\raw\multispectral\Residential\Residential_2273.tif,7,7,Residential,Residential,Residential
C:\Users\DELL Precision 5550\Documents\GitHub\Terrasight-Eurosat-RGB-vs-Multispectral\data\raw\multispectral\River\River_499.tif,8,8,River,River,River
C:\Users\DELL Precision 5550\Documents\GitHub\Terrasight-Eurosat-RGB-vs-Multispectral\data\raw\multispectral\Pasture\Pasture_117.tif,5,5,Pasture,Pasture,Pasture
C:\Users\DELL Precision 5550\Documents\GitHub\Terrasight-Eurosat-RGB-vs-Multispectral\data\raw\multispectral\Highway\Highway_618.tif,3,3,Highway,Highway,Highway
C:\Users\DELL Precision 5550\Documents\GitHub\Terrasight-Eurosat-RGB-vs-Multispectral\data\raw\multispectral\AnnualCrop\AnnualCrop_256.tif,0,0,AnnualCrop,AnnualCrop,AnnualCrop
C:\Users\DELL Precision 5550\Documents\GitHub\Terrasight-Eurosat-RGB-vs-Multispectral\data\raw\multispectral\River\River_964.tif,8,8,River,River,River
C:\Users\DELL Precision 5550\Documents\GitHub\Terrasight-Eurosat-RGB-vs-Multispectral\data\raw\multispectral\AnnualCrop\AnnualCrop_2676.tif,0,0,AnnualCrop,AnnualCrop,AnnualCrop
C:\Users\DELL Precision 5550\Documents\GitHub\Terrasight-Eurosat-RGB-vs-Multispectral\data\raw\multispectral\Forest\Forest_783.tif,1,2,Forest,HerbaceousVegetation,Forest
C:\Users\DELL Precision 5550\Documents\GitHub\Terrasight-Eurosat-RGB-vs-Multispectral\data\raw\multispectral\PermanentCrop\PermanentCrop_1562.tif,6,6,PermanentCrop,PermanentCrop,PermanentCrop
C:\Users\DELL Precision 5550\Documents\GitHub\Terrasight-Eurosat-RGB-vs-Multispectral\data\raw\multispectral\Industrial\Industrial_2462.tif,4,4,Industrial,Industrial,Industrial
C:\Users\DELL Precision 5550\Documents\GitHub\Terrasight-Eurosat-RGB-vs-Multispectral\data\raw\multispectral\AnnualCrop\AnnualCrop_2783.tif,0,0,AnnualCrop,AnnualCrop,AnnualCrop
C:\Users\DELL Precision 5550\Documents\GitHub\Terrasight-Eurosat-RGB-vs-Multispectral\data\raw\multispectral\PermanentCrop\PermanentCrop_67.tif,6,6,PermanentCrop,PermanentCrop,PermanentCrop
C:\Users\DELL Precision 5550\Documents\GitHub\Terrasight-Eurosat-RGB-vs-Multispectral\data\raw\multispectral\AnnualCrop\AnnualCrop_2375.tif,0,0,AnnualCrop,AnnualCrop,AnnualCrop
C:\Users\DELL Precision 5550\Documents\GitHub\Terrasight-Eurosat-RGB-vs-Multispectral\data\raw\multispectral\HerbaceousVegetation\HerbaceousVegetation_1200.tif,2,2,HerbaceousVegetation,HerbaceousVegetation,HerbaceousVegetation
C:\Users\DELL Precision 5550\Documents\GitHub\Terrasight-Eurosat-RGB-vs-Multispectral\data\raw\multispectral\SeaLake\SeaLake_93.tif,9,9,SeaLake,SeaLake,SeaLake
C:\Users\DELL Precision 5550\Documents\GitHub\Terrasight-Eurosat-RGB-vs-Multispectral\data\raw\multispectral\HerbaceousVegetation\HerbaceousVegetation_70.tif,2,2,HerbaceousVegetation,HerbaceousVegetation,HerbaceousVegetation
C:\Users\DELL Precision 5550\Documents\GitHub\Terrasight-Eurosat-RGB-vs-Multispectral\data\raw\multispectral\HerbaceousVegetation\HerbaceousVegetation_1982.tif,2,2,HerbaceousVegetation,HerbaceousVegetation,HerbaceousVegetation
C:\Users\DELL Precision 5550\Documents\GitHub\Terrasight-Eurosat-RGB-vs-Multispectral\data\raw\multispectral\Forest\Forest_691.tif,1,1,Forest,Forest,Forest
C:\Users\DELL Precision 5550\Documents\GitHub\Terrasight-Eurosat-RGB-vs-Multispectral\data\raw\multispectral\AnnualCrop\AnnualCrop_1330.tif,0,0,AnnualCrop,AnnualCrop,AnnualCrop
C:\Users\DELL Precision 5550\Documents\GitHub\Terrasight-Eurosat-RGB-vs-Multispectral\data\raw\multispectral\PermanentCrop\PermanentCrop_783.tif,6,6,PermanentCrop,PermanentCrop,PermanentCrop
C:\Users\DELL Precision 5550\Documents\GitHub\Terrasight-Eurosat-RGB-vs-Multispectral\data\raw\multispectral\AnnualCrop\AnnualCrop_2924.tif,0,0,AnnualCrop,AnnualCrop,AnnualCrop
C:\Users\DELL Precision 5550\Documents\GitHub\Terrasight-Eurosat-RGB-vs-Multispectral\data\raw\multispectral\HerbaceousVegetation\HerbaceousVegetation_798.tif,2,2,HerbaceousVegetation,HerbaceousVegetation,HerbaceousVegetation
C:\Users\DELL Precision 5550\Documents\GitHub\Terrasight-Eurosat-RGB-vs-Multispectral\data\raw\multispectral\Industrial\Industrial_1990.tif,4,4,Industrial,Industrial,Industrial
C:\Users\DELL Precision 5550\Documents\GitHub\Terrasight-Eurosat-RGB-vs-Multispectral\data\raw\multispectral\River\River_2193.tif,8,8,River,River,River
C:\Users\DELL Precision 5550\Documents\GitHub\Terrasight-Eurosat-RGB-vs-Multispectral\data\raw\multispectral\AnnualCrop\AnnualCrop_1596.tif,0,0,AnnualCrop,AnnualCrop,AnnualCrop
C:\Users\DELL Precision 5550\Documents\GitHub\Terrasight-Eurosat-RGB-vs-Multispectral\data\raw\multispectral\River\River_106.tif,8,8,River,River,River
C:\Users\DELL Precision 5550\Documents\GitHub\Terrasight-Eurosat-RGB-vs-Multispectral\data\raw\multispectral\SeaLake\SeaLake_2483.tif,9,9,SeaLake,SeaLake,SeaLake
C:\Users\DELL Precision 5550\Documents\GitHub\Terrasight-Eurosat-RGB-vs-Multispectral\data\raw\multispectral\Residential\Residential_383.tif,7,7,Residential,Residential,Residential
C:\Users\DELL Precision 5550\Documents\GitHub\Terrasight-Eurosat-RGB-vs-Multispectral\data\raw\multispectral\Residential\Residential_2764.tif,7,7,Residential,Residential,Residential
C:\Users\DELL Precision 5550\Documents\GitHub\Terrasight-Eurosat-RGB-vs-Multispectral\data\raw\multispectral\Industrial\Industrial_273.tif,4,4,Industrial,Industrial,Industrial
C:\Users\DELL Precision 5550\Documents\GitHub\Terrasight-Eurosat-RGB-vs-Multispectral\data\raw\multispectral\Pasture\Pasture_705.tif,5,5,Pasture,Pasture,Pasture
C:\Users\DELL Precision 5550\Documents\GitHub\Terrasight-Eurosat-RGB-vs-Multispectral\data\raw\multispectral\PermanentCrop\PermanentCrop_2494.tif,6,6,PermanentCrop,PermanentCrop,PermanentCrop
C:\Users\DELL Precision 5550\Documents\GitHub\Terrasight-Eurosat-RGB-vs-Multispectral\data\raw\multispectral\PermanentCrop\PermanentCrop_1842.tif,6,6,PermanentCrop,PermanentCrop,PermanentCrop
C:\Users\DELL Precision 5550\Documents\GitHub\Terrasight-Eurosat-RGB-vs-Multispectral\data\raw\multispectral\Forest\Forest_990.tif,1,1,Forest,Forest,Forest
C:\Users\DELL Precision 5550\Documents\GitHub\Terrasight-Eurosat-RGB-vs-Multispectral\data\raw\multispectral\PermanentCrop\PermanentCrop_1157.tif,6,6,PermanentCrop,PermanentCrop,PermanentCrop
C:\Users\DELL Precision 5550\Documents\GitHub\Terrasight-Eurosat-RGB-vs-Multispectral\data\raw\multispectral\Pasture\Pasture_1728.tif,5,2,Pasture,HerbaceousVegetation,Pasture
C:\Users\DELL Precision 5550\Documents\GitHub\Terrasight-Eurosat-RGB-vs-Multispectral\data\raw\multispectral\PermanentCrop\PermanentCrop_183.tif,6,6,PermanentCrop,PermanentCrop,PermanentCrop
C:\Users\DELL Precision 5550\Documents\GitHub\Terrasight-Eurosat-RGB-vs-Multispectral\data\raw\multispectral\Forest\Forest_291.tif,1,1,Forest,Forest,Forest
C:\Users\DELL Precision 5550\Documents\GitHub\Terrasight-Eurosat-RGB-vs-Multispectral\data\raw\multispectral\Forest\Forest_1478.tif,1,1,Forest,Forest,Forest
C:\Users\DELL Precision 5550\Documents\GitHub\Terrasight-Eurosat-RGB-vs-Multispectral\data\raw\multispectral\Residential\Residential_1766.tif,7,7,Residential,Residential,Residential
C:\Users\DELL Precision 5550\Documents\GitHub\Terrasight-Eurosat-RGB-vs-Multispectral\data\raw\multispectral\Residential\Residential_1862.tif,7,7,Residential,Residential,Residential
C:\Users\DELL Precision 5550\Documents\GitHub\Terrasight-Eurosat-RGB-vs-Multispectral\data\raw\multispectral\SeaLake\SeaLake_1547.tif,9,9,SeaLake,SeaLake,SeaLake
C:\Users\DELL Precision 5550\Documents\GitHub\Terrasight-Eurosat-RGB-vs-Multispectral\data\raw\multispectral\Forest\Forest_2612.tif,1,1,Forest,Forest,Forest
C:\Users\DELL Precision 5550\Documents\GitHub\Terrasight-Eurosat-RGB-vs-Multispectral\data\raw\multispectral\SeaLake\SeaLake_1763.tif,9,9,SeaLake,SeaLake,SeaLake
C:\Users\DELL Precision 5550\Documents\GitHub\Terrasight-Eurosat-RGB-vs-Multispectral\data\raw\multispectral\Highway\Highway_1870.tif,3,3,Highway,Highway,Highway
C:\Users\DELL Precision 5550\Documents\GitHub\Terrasight-Eurosat-RGB-vs-Multispectral\data\raw\multispectral\Highway\Highway_629.tif,3,3,Highway,Highway,Highway
C:\Users\DELL Precision 5550\Documents\GitHub\Terrasight-Eurosat-RGB-vs-Multispectral\data\raw\multispectral\SeaLake\SeaLake_229.tif,9,9,SeaLake,SeaLake,SeaLake
C:\Users\DELL Precision 5550\Documents\GitHub\Terrasight-Eurosat-RGB-vs-Multispectral\data\raw\multispectral\Residential\Residential_1572.tif,7,7,Residential,Residential,Residential
C:\Users\DELL Precision 5550\Documents\GitHub\Terrasight-Eurosat-RGB-vs-Multispectral\data\raw\multispectral\AnnualCrop\AnnualCrop_2602.tif,0,0,AnnualCrop,AnnualCrop,AnnualCrop
C:\Users\DELL Precision 5550\Documents\GitHub\Terrasight-Eurosat-RGB-vs-Multispectral\data\raw\multispectral\PermanentCrop\PermanentCrop_1896.tif,6,6,PermanentCrop,PermanentCrop,PermanentCrop
C:\Users\DELL Precision 5550\Documents\GitHub\Terrasight-Eurosat-RGB-vs-Multispectral\data\raw\multispectral\Highway\Highway_739.tif,3,3,Highway,Highway,Highway
C:\Users\DELL Precision 5550\Documents\GitHub\Terrasight-Eurosat-RGB-vs-Multispectral\data\raw\multispectral\Industrial\Industrial_1174.tif,4,4,Industrial,Industrial,Industrial
C:\Users\DELL Precision 5550\Documents\GitHub\Terrasight-Eurosat-RGB-vs-Multispectral\data\raw\multispectral\Residential\Residential_1377.tif,7,7,Residential,Residential,Residential
C:\Users\DELL Precision 5550\Documents\GitHub\Terrasight-Eurosat-RGB-vs-Multispectral\data\raw\multispectral\River\River_2474.tif,8,8,River,River,River
C:\Users\DELL Precision 5550\Documents\GitHub\Terrasight-Eurosat-RGB-vs-Multispectral\data\raw\multispectral\HerbaceousVegetation\HerbaceousVegetation_2929.tif,2,2,HerbaceousVegetation,HerbaceousVegetation,HerbaceousVegetation
C:\Users\DELL Precision 5550\Documents\GitHub\Terrasight-Eurosat-RGB-vs-Multispectral\data\raw\multispectral\AnnualCrop\AnnualCrop_2496.tif,0,0,AnnualCrop,AnnualCrop,AnnualCrop
C:\Users\DELL Precision 5550\Documents\GitHub\Terrasight-Eurosat-RGB-vs-Multispectral\data\raw\multispectral\AnnualCrop\AnnualCrop_535.tif,0,0,AnnualCrop,AnnualCrop,AnnualCrop
C:\Users\DELL Precision 5550\Documents\GitHub\Terrasight-Eurosat-RGB-vs-Multispectral\data\raw\multispectral\AnnualCrop\AnnualCrop_2244.tif,0,0,AnnualCrop,AnnualCrop,AnnualCrop
C:\Users\DELL Precision 5550\Documents\GitHub\Terrasight-Eurosat-RGB-vs-Multispectral\data\raw\multispectral\Highway\Highway_381.tif,3,3,Highway,Highway,Highway
C:\Users\DELL Precision 5550\Documents\GitHub\Terrasight-Eurosat-RGB-vs-Multispectral\data\raw\multispectral\River\River_945.tif,8,8,River,River,River
C:\Users\DELL Precision 5550\Documents\GitHub\Terrasight-Eurosat-RGB-vs-Multispectral\data\raw\multispectral\Highway\Highway_667.tif,3,3,Highway,Highway,Highway
C:\Users\DELL Precision 5550\Documents\GitHub\Terrasight-Eurosat-RGB-vs-Multispectral\data\raw\multispectral\AnnualCrop\AnnualCrop_221.tif,0,0,AnnualCrop,AnnualCrop,AnnualCrop
C:\Users\DELL Precision 5550\Documents\GitHub\Terrasight-Eurosat-RGB-vs-Multispectral\data\raw\multispectral\Residential\Residential_141.tif,7,7,Residential,Residential,Residential
C:\Users\DELL Precision 5550\Documents\GitHub\Terrasight-Eurosat-RGB-vs-Multispectral\data\raw\multispectral\PermanentCrop\PermanentCrop_2289.tif,6,6,PermanentCrop,PermanentCrop,PermanentCrop
C:\Users\DELL Precision 5550\Documents\GitHub\Terrasight-Eurosat-RGB-vs-Multispectral\data\raw\multispectral\River\River_2323.tif,8,8,River,River,River
C:\Users\DELL Precision 5550\Documents\GitHub\Terrasight-Eurosat-RGB-vs-Multispectral\data\raw\multispectral\River\River_2258.tif,8,8,River,River,River
C:\Users\DELL Precision 5550\Documents\GitHub\Terrasight-Eurosat-RGB-vs-Multispectral\data\raw\multispectral\Residential\Residential_1753.tif,7,7,Residential,Residential,Residential
C:\Users\DELL Precision 5550\Documents\GitHub\Terrasight-Eurosat-RGB-vs-Multispectral\data\raw\multispectral\Industrial\Industrial_1882.tif,4,4,Industrial,Industrial,Industrial
C:\Users\DELL Precision 5550\Documents\GitHub\Terrasight-Eurosat-RGB-vs-Multispectral\data\raw\multispectral\Industrial\Industrial_515.tif,4,4,Industrial,Industrial,Industrial
C:\Users\DELL Precision 5550\Documents\GitHub\Terrasight-Eurosat-RGB-vs-Multispectral\data\raw\multispectral\Forest\Forest_1624.tif,1,1,Forest,Forest,Forest
C:\Users\DELL Precision 5550\Documents\GitHub\Terrasight-Eurosat-RGB-vs-Multispectral\data\raw\multispectral\Forest\Forest_1800.tif,1,8,Forest,River,Forest
C:\Users\DELL Precision 5550\Documents\GitHub\Terrasight-Eurosat-RGB-vs-Multispectral\data\raw\multispectral\Highway\Highway_1932.tif,3,3,Highway,Highway,Highway
C:\Users\DELL Precision 5550\Documents\GitHub\Terrasight-Eurosat-RGB-vs-Multispectral\data\raw\multispectral\River\River_1362.tif,8,8,River,River,River
C:\Users\DELL Precision 5550\Documents\GitHub\Terrasight-Eurosat-RGB-vs-Multispectral\data\raw\multispectral\HerbaceousVegetation\HerbaceousVegetation_2713.tif,2,2,HerbaceousVegetation,HerbaceousVegetation,HerbaceousVegetation
C:\Users\DELL Precision 5550\Documents\GitHub\Terrasight-Eurosat-RGB-vs-Multispectral\data\raw\multispectral\PermanentCrop\PermanentCrop_1811.tif,6,6,PermanentCrop,PermanentCrop,PermanentCrop
C:\Users\DELL Precision 5550\Documents\GitHub\Terrasight-Eurosat-RGB-vs-Multispectral\data\raw\multispectral\Forest\Forest_643.tif,1,1,Forest,Forest,Forest
C:\Users\DELL Precision 5550\Documents\GitHub\Terrasight-Eurosat-RGB-vs-Multispectral\data\raw\multispectral\AnnualCrop\AnnualCrop_1628.tif,0,0,AnnualCrop,AnnualCrop,AnnualCrop
C:\Users\DELL Precision 5550\Documents\GitHub\Terrasight-Eurosat-RGB-vs-Multispectral\data\raw\multispectral\PermanentCrop\PermanentCrop_173.tif,6,6,PermanentCrop,PermanentCrop,PermanentCrop
C:\Users\DELL Precision 5550\Documents\GitHub\Terrasight-Eurosat-RGB-vs-Multispectral\data\raw\multispectral\AnnualCrop\AnnualCrop_1691.tif,0,0,AnnualCrop,AnnualCrop,AnnualCrop
C:\Users\DELL Precision 5550\Documents\GitHub\Terrasight-Eurosat-RGB-vs-Multispectral\data\raw\multispectral\Forest\Forest_2315.tif,1,1,Forest,Forest,Forest
C:\Users\DELL Precision 5550\Documents\GitHub\Terrasight-Eurosat-RGB-vs-Multispectral\data\raw\multispectral\SeaLake\SeaLake_1391.tif,9,9,SeaLake,SeaLake,SeaLake
C:\Users\DELL Precision 5550\Documents\GitHub\Terrasight-Eurosat-RGB-vs-Multispectral\data\raw\multispectral\Pasture\Pasture_1586.tif,5,5,Pasture,Pasture,Pasture
C:\Users\DELL Precision 5550\Documents\GitHub\Terrasight-Eurosat-RGB-vs-Multispectral\data\raw\multispectral\PermanentCrop\PermanentCrop_149.tif,6,0,PermanentCrop,AnnualCrop,PermanentCrop
C:\Users\DELL Precision 5550\Documents\GitHub\Terrasight-Eurosat-RGB-vs-Multispectral\data\raw\multispectral\Highway\Highway_1727.tif,3,3,Highway,Highway,Highway
C:\Users\DELL Precision 5550\Documents\GitHub\Terrasight-Eurosat-RGB-vs-Multispectral\data\raw\multispectral\Forest\Forest_1653.tif,1,1,Forest,Forest,Forest
C:\Users\DELL Precision 5550\Documents\GitHub\Terrasight-Eurosat-RGB-vs-Multispectral\data\raw\multispectral\Pasture\Pasture_481.tif,5,2,Pasture,HerbaceousVegetation,Pasture
C:\Users\DELL Precision 5550\Documents\GitHub\Terrasight-Eurosat-RGB-vs-Multispectral\data\raw\multispectral\Highway\Highway_993.tif,3,3,Highway,Highway,Highway
C:\Users\DELL Precision 5550\Documents\GitHub\Terrasight-Eurosat-RGB-vs-Multispectral\data\raw\multispectral\Industrial\Industrial_2417.tif,4,4,Industrial,Industrial,Industrial
C:\Users\DELL Precision 5550\Documents\GitHub\Terrasight-Eurosat-RGB-vs-Multispectral\data\raw\multispectral\Residential\Residential_2419.tif,7,7,Residential,Residential,Residential
C:\Users\DELL Precision 5550\Documents\GitHub\Terrasight-Eurosat-RGB-vs-Multispectral\data\raw\multispectral\Forest\Forest_2346.tif,1,1,Forest,Forest,Forest
C:\Users\DELL Precision 5550\Documents\GitHub\Terrasight-Eurosat-RGB-vs-Multispectral\data\raw\multispectral\SeaLake\SeaLake_705.tif,9,9,SeaLake,SeaLake,SeaLake
C:\Users\DELL Precision 5550\Documents\GitHub\Terrasight-Eurosat-RGB-vs-Multispectral\data\raw\multispectral\Highway\Highway_1594.tif,3,3,Highway,Highway,Highway
C:\Users\DELL Precision 5550\Documents\GitHub\Terrasight-Eurosat-RGB-vs-Multispectral\data\raw\multispectral\Forest\Forest_1888.tif,1,1,Forest,Forest,Forest
C:\Users\DELL Precision 5550\Documents\GitHub\Terrasight-Eurosat-RGB-vs-Multispectral\data\raw\multispectral\River\River_946.tif,8,8,River,River,River
C:\Users\DELL Precision 5550\Documents\GitHub\Terrasight-Eurosat-RGB-vs-Multispectral\data\raw\multispectral\Pasture\Pasture_1750.tif,5,2,Pasture,HerbaceousVegetation,Pasture
C:\Users\DELL Precision 5550\Documents\GitHub\Terrasight-Eurosat-RGB-vs-Multispectral\data\raw\multispectral\Pasture\Pasture_1600.tif,5,5,Pasture,Pasture,Pasture
C:\Users\DELL Precision 5550\Documents\GitHub\Terrasight-Eurosat-RGB-vs-Multispectral\data\raw\multispectral\River\River_2007.tif,8,8,River,River,River
C:\Users\DELL Precision 5550\Documents\GitHub\Terrasight-Eurosat-RGB-vs-Multispectral\data\raw\multispectral\Forest\Forest_2418.tif,1,1,Forest,Forest,Forest
C:\Users\DELL Precision 5550\Documents\GitHub\Terrasight-Eurosat-RGB-vs-Multispectral\data\raw\multispectral\Industrial\Industrial_86.tif,4,4,Industrial,Industrial,Industrial
C:\Users\DELL Precision 5550\Documents\GitHub\Terrasight-Eurosat-RGB-vs-Multispectral\data\raw\multispectral\Forest\Forest_2470.tif,1,1,Forest,Forest,Forest
C:\Users\DELL Precision 5550\Documents\GitHub\Terrasight-Eurosat-RGB-vs-Multispectral\data\raw\multispectral\AnnualCrop\AnnualCrop_56.tif,0,0,AnnualCrop,AnnualCrop,AnnualCrop
C:\Users\DELL Precision 5550\Documents\GitHub\Terrasight-Eurosat-RGB-vs-Multispectral\data\raw\multispectral\HerbaceousVegetation\HerbaceousVegetation_74.tif,2,2,HerbaceousVegetation,HerbaceousVegetation,HerbaceousVegetation
C:\Users\DELL Precision 5550\Documents\GitHub\Terrasight-Eurosat-RGB-vs-Multispectral\data\raw\multispectral\Highway\Highway_1165.tif,3,3,Highway,Highway,Highway
C:\Users\DELL Precision 5550\Documents\GitHub\Terrasight-Eurosat-RGB-vs-Multispectral\data\raw\multispectral\River\River_261.tif,8,8,River,River,River
C:\Users\DELL Precision 5550\Documents\GitHub\Terrasight-Eurosat-RGB-vs-Multispectral\data\raw\multispectral\SeaLake\SeaLake_2269.tif,9,9,SeaLake,SeaLake,SeaLake
C:\Users\DELL Precision 5550\Documents\GitHub\Terrasight-Eurosat-RGB-vs-Multispectral\data\raw\multispectral\Industrial\Industrial_2300.tif,4,4,Industrial,Industrial,Industrial
C:\Users\DELL Precision 5550\Documents\GitHub\Terrasight-Eurosat-RGB-vs-Multispectral\data\raw\multispectral\SeaLake\SeaLake_562.tif,9,9,SeaLake,SeaLake,SeaLake
C:\Users\DELL Precision 5550\Documents\GitHub\Terrasight-Eurosat-RGB-vs-Multispectral\data\raw\multispectral\AnnualCrop\AnnualCrop_2860.tif,0,0,AnnualCrop,AnnualCrop,AnnualCrop
C:\Users\DELL Precision 5550\Documents\GitHub\Terrasight-Eurosat-RGB-vs-Multispectral\data\raw\multispectral\AnnualCrop\AnnualCrop_1563.tif,0,0,AnnualCrop,AnnualCrop,AnnualCrop
C:\Users\DELL Precision 5550\Documents\GitHub\Terrasight-Eurosat-RGB-vs-Multispectral\data\raw\multispectral\SeaLake\SeaLake_260.tif,9,9,SeaLake,SeaLake,SeaLake
C:\Users\DELL Precision 5550\Documents\GitHub\Terrasight-Eurosat-RGB-vs-Multispectral\data\raw\multispectral\River\River_1196.tif,8,8,River,River,River
C:\Users\DELL Precision 5550\Documents\GitHub\Terrasight-Eurosat-RGB-vs-Multispectral\data\raw\multispectral\PermanentCrop\PermanentCrop_522.tif,6,6,PermanentCrop,PermanentCrop,PermanentCrop
C:\Users\DELL Precision 5550\Documents\GitHub\Terrasight-Eurosat-RGB-vs-Multispectral\data\raw\multispectral\Residential\Residential_308.tif,7,7,Residential,Residential,Residential
C:\Users\DELL Precision 5550\Documents\GitHub\Terrasight-Eurosat-RGB-vs-Multispectral\data\raw\multispectral\Residential\Residential_1225.tif,7,7,Residential,Residential,Residential
C:\Users\DELL Precision 5550\Documents\GitHub\Terrasight-Eurosat-RGB-vs-Multispectral\data\raw\multispectral\Residential\Residential_1820.tif,7,7,Residential,Residential,Residential
C:\Users\DELL Precision 5550\Documents\GitHub\Terrasight-Eurosat-RGB-vs-Multispectral\data\raw\multispectral\AnnualCrop\AnnualCrop_2478.tif,0,0,AnnualCrop,AnnualCrop,AnnualCrop
C:\Users\DELL Precision 5550\Documents\GitHub\Terrasight-Eurosat-RGB-vs-Multispectral\data\raw\multispectral\SeaLake\SeaLake_1783.tif,9,9,SeaLake,SeaLake,SeaLake
C:\Users\DELL Precision 5550\Documents\GitHub\Terrasight-Eurosat-RGB-vs-Multispectral\data\raw\multispectral\HerbaceousVegetation\HerbaceousVegetation_836.tif,2,2,HerbaceousVegetation,HerbaceousVegetation,HerbaceousVegetation
C:\Users\DELL Precision 5550\Documents\GitHub\Terrasight-Eurosat-RGB-vs-Multispectral\data\raw\multispectral\Pasture\Pasture_1880.tif,5,5,Pasture,Pasture,Pasture
C:\Users\DELL Precision 5550\Documents\GitHub\Terrasight-Eurosat-RGB-vs-Multispectral\data\raw\multispectral\River\River_347.tif,8,8,River,River,River
C:\Users\DELL Precision 5550\Documents\GitHub\Terrasight-Eurosat-RGB-vs-Multispectral\data\raw\multispectral\Industrial\Industrial_1225.tif,4,4,Industrial,Industrial,Industrial
C:\Users\DELL Precision 5550\Documents\GitHub\Terrasight-Eurosat-RGB-vs-Multispectral\data\raw\multispectral\HerbaceousVegetation\HerbaceousVegetation_1875.tif,2,2,HerbaceousVegetation,HerbaceousVegetation,HerbaceousVegetation
C:\Users\DELL Precision 5550\Documents\GitHub\Terrasight-Eurosat-RGB-vs-Multispectral\data\raw\multispectral\Pasture\Pasture_637.tif,5,5,Pasture,Pasture,Pasture
C:\Users\DELL Precision 5550\Documents\GitHub\Terrasight-Eurosat-RGB-vs-Multispectral\data\raw\multispectral\Forest\Forest_2557.tif,1,1,Forest,Forest,Forest
C:\Users\DELL Precision 5550\Documents\GitHub\Terrasight-Eurosat-RGB-vs-Multispectral\data\raw\multispectral\Pasture\Pasture_1912.tif,5,5,Pasture,Pasture,Pasture
C:\Users\DELL Precision 5550\Documents\GitHub\Terrasight-Eurosat-RGB-vs-Multispectral\data\raw\multispectral\PermanentCrop\PermanentCrop_1425.tif,6,6,PermanentCrop,PermanentCrop,PermanentCrop
C:\Users\DELL Precision 5550\Documents\GitHub\Terrasight-Eurosat-RGB-vs-Multispectral\data\raw\multispectral\Highway\Highway_18.tif,3,3,Highway,Highway,Highway
C:\Users\DELL Precision 5550\Documents\GitHub\Terrasight-Eurosat-RGB-vs-Multispectral\data\raw\multispectral\AnnualCrop\AnnualCrop_407.tif,0,0,AnnualCrop,AnnualCrop,AnnualCrop
C:\Users\DELL Precision 5550\Documents\GitHub\Terrasight-Eurosat-RGB-vs-Multispectral\data\raw\multispectral\Highway\Highway_1860.tif,3,6,Highway,PermanentCrop,Highway
C:\Users\DELL Precision 5550\Documents\GitHub\Terrasight-Eurosat-RGB-vs-Multispectral\data\raw\multispectral\HerbaceousVegetation\HerbaceousVegetation_649.tif,2,2,HerbaceousVegetation,HerbaceousVegetation,HerbaceousVegetation
C:\Users\DELL Precision 5550\Documents\GitHub\Terrasight-Eurosat-RGB-vs-Multispectral\data\raw\multispectral\Residential\Residential_594.tif,7,7,Residential,Residential,Residential
C:\Users\DELL Precision 5550\Documents\GitHub\Terrasight-Eurosat-RGB-vs-Multispectral\data\raw\multispectral\Pasture\Pasture_1706.tif,5,5,Pasture,Pasture,Pasture
C:\Users\DELL Precision 5550\Documents\GitHub\Terrasight-Eurosat-RGB-vs-Multispectral\data\raw\multispectral\Residential\Residential_1658.tif,7,7,Residential,Residential,Residential
C:\Users\DELL Precision 5550\Documents\GitHub\Terrasight-Eurosat-RGB-vs-Multispectral\data\raw\multispectral\PermanentCrop\PermanentCrop_385.tif,6,6,PermanentCrop,PermanentCrop,PermanentCrop
C:\Users\DELL Precision 5550\Documents\GitHub\Terrasight-Eurosat-RGB-vs-Multispectral\data\raw\multispectral\Forest\Forest_2111.tif,1,1,Forest,Forest,Forest
C:\Users\DELL Precision 5550\Documents\GitHub\Terrasight-Eurosat-RGB-vs-Multispectral\data\raw\multispectral\HerbaceousVegetation\HerbaceousVegetation_2490.tif,2,2,HerbaceousVegetation,HerbaceousVegetation,HerbaceousVegetation
C:\Users\DELL Precision 5550\Documents\GitHub\Terrasight-Eurosat-RGB-vs-Multispectral\data\raw\multispectral\PermanentCrop\PermanentCrop_2251.tif,6,6,PermanentCrop,PermanentCrop,PermanentCrop
C:\Users\DELL Precision 5550\Documents\GitHub\Terrasight-Eurosat-RGB-vs-Multispectral\data\raw\multispectral\Residential\Residential_2711.tif,7,7,Residential,Residential,Residential
C:\Users\DELL Precision 5550\Documents\GitHub\Terrasight-Eurosat-RGB-vs-Multispectral\data\raw\multispectral\Forest\Forest_1769.tif,1,1,Forest,Forest,Forest
C:\Users\DELL Precision 5550\Documents\GitHub\Terrasight-Eurosat-RGB-vs-Multispectral\data\raw\multispectral\Industrial\Industrial_2062.tif,4,4,Industrial,Industrial,Industrial
C:\Users\DELL Precision 5550\Documents\GitHub\Terrasight-Eurosat-RGB-vs-Multispectral\data\raw\multispectral\Highway\Highway_2493.tif,3,3,Highway,Highway,Highway
C:\Users\DELL Precision 5550\Documents\GitHub\Terrasight-Eurosat-RGB-vs-Multispectral\data\raw\multispectral\Industrial\Industrial_934.tif,4,4,Industrial,Industrial,Industrial
C:\Users\DELL Precision 5550\Documents\GitHub\Terrasight-Eurosat-RGB-vs-Multispectral\data\raw\multispectral\River\River_1137.tif,8,8,River,River,River
C:\Users\DELL Precision 5550\Documents\GitHub\Terrasight-Eurosat-RGB-vs-Multispectral\data\raw\multispectral\Pasture\Pasture_326.tif,5,5,Pasture,Pasture,Pasture
C:\Users\DELL Precision 5550\Documents\GitHub\Terrasight-Eurosat-RGB-vs-Multispectral\data\raw\multispectral\River\River_1881.tif,8,0,River,AnnualCrop,River
C:\Users\DELL Precision 5550\Documents\GitHub\Terrasight-Eurosat-RGB-vs-Multispectral\data\raw\multispectral\HerbaceousVegetation\HerbaceousVegetation_268.tif,2,2,HerbaceousVegetation,HerbaceousVegetation,HerbaceousVegetation
C:\Users\DELL Precision 5550\Documents\GitHub\Terrasight-Eurosat-RGB-vs-Multispectral\data\raw\multispectral\Forest\Forest_1172.tif,1,1,Forest,Forest,Forest
C:\Users\DELL Precision 5550\Documents\GitHub\Terrasight-Eurosat-RGB-vs-Multispectral\data\raw\multispectral\Pasture\Pasture_1500.tif,5,5,Pasture,Pasture,Pasture
C:\Users\DELL Precision 5550\Documents\GitHub\Terrasight-Eurosat-RGB-vs-Multispectral\data\raw\multispectral\Industrial\Industrial_769.tif,4,4,Industrial,Industrial,Industrial
C:\Users\DELL Precision 5550\Documents\GitHub\Terrasight-Eurosat-RGB-vs-Multispectral\data\raw\multispectral\Residential\Residential_718.tif,7,7,Residential,Residential,Residential
C:\Users\DELL Precision 5550\Documents\GitHub\Terrasight-Eurosat-RGB-vs-Multispectral\data\raw\multispectral\Residential\Residential_2549.tif,7,7,Residential,Residential,Residential
C:\Users\DELL Precision 5550\Documents\GitHub\Terrasight-Eurosat-RGB-vs-Multispectral\data\raw\multispectral\Residential\Residential_2094.tif,7,7,Residential,Residential,Residential
C:\Users\DELL Precision 5550\Documents\GitHub\Terrasight-Eurosat-RGB-vs-Multispectral\data\raw\multispectral\HerbaceousVegetation\HerbaceousVegetation_2998.tif,2,2,HerbaceousVegetation,HerbaceousVegetation,HerbaceousVegetation
C:\Users\DELL Precision 5550\Documents\GitHub\Terrasight-Eurosat-RGB-vs-Multispectral\data\raw\multispectral\Residential\Residential_1091.tif,7,7,Residential,Residential,Residential
C:\Users\DELL Precision 5550\Documents\GitHub\Terrasight-Eurosat-RGB-vs-Multispectral\data\raw\multispectral\SeaLake\SeaLake_749.tif,9,9,SeaLake,SeaLake,SeaLake
C:\Users\DELL Precision 5550\Documents\GitHub\Terrasight-Eurosat-RGB-vs-Multispectral\data\raw\multispectral\HerbaceousVegetation\HerbaceousVegetation_2805.tif,2,2,HerbaceousVegetation,HerbaceousVegetation,HerbaceousVegetation
C:\Users\DELL Precision 5550\Documents\GitHub\Terrasight-Eurosat-RGB-vs-Multispectral\data\raw\multispectral\Residential\Residential_1376.tif,7,7,Residential,Residential,Residential
C:\Users\DELL Precision 5550\Documents\GitHub\Terrasight-Eurosat-RGB-vs-Multispectral\data\raw\multispectral\River\River_2041.tif,8,8,River,River,River
C:\Users\DELL Precision 5550\Documents\GitHub\Terrasight-Eurosat-RGB-vs-Multispectral\data\raw\multispectral\Highway\Highway_1170.tif,3,3,Highway,Highway,Highway
C:\Users\DELL Precision 5550\Documents\GitHub\Terrasight-Eurosat-RGB-vs-Multispectral\data\raw\multispectral\Industrial\Industrial_2356.tif,4,4,Industrial,Industrial,Industrial
C:\Users\DELL Precision 5550\Documents\GitHub\Terrasight-Eurosat-RGB-vs-Multispectral\data\raw\multispectral\SeaLake\SeaLake_2003.tif,9,9,SeaLake,SeaLake,SeaLake
C:\Users\DELL Precision 5550\Documents\GitHub\Terrasight-Eurosat-RGB-vs-Multispectral\data\raw\multispectral\SeaLake\SeaLake_2929.tif,9,9,SeaLake,SeaLake,SeaLake
C:\Users\DELL Precision 5550\Documents\GitHub\Terrasight-Eurosat-RGB-vs-Multispectral\data\raw\multispectral\PermanentCrop\PermanentCrop_651.tif,6,6,PermanentCrop,PermanentCrop,PermanentCrop
C:\Users\DELL Precision 5550\Documents\GitHub\Terrasight-Eurosat-RGB-vs-Multispectral\data\raw\multispectral\SeaLake\SeaLake_942.tif,9,9,SeaLake,SeaLake,SeaLake
C:\Users\DELL Precision 5550\Documents\GitHub\Terrasight-Eurosat-RGB-vs-Multispectral\data\raw\multispectral\Highway\Highway_207.tif,3,3,Highway,Highway,Highway
C:\Users\DELL Precision 5550\Documents\GitHub\Terrasight-Eurosat-RGB-vs-Multispectral\data\raw\multispectral\Forest\Forest_2350.tif,1,1,Forest,Forest,Forest
C:\Users\DELL Precision 5550\Documents\GitHub\Terrasight-Eurosat-RGB-vs-Multispectral\data\raw\multispectral\HerbaceousVegetation\HerbaceousVegetation_1381.tif,2,2,HerbaceousVegetation,HerbaceousVegetation,HerbaceousVegetation
C:\Users\DELL Precision 5550\Documents\GitHub\Terrasight-Eurosat-RGB-vs-Multispectral\data\raw\multispectral\River\River_215.tif,8,8,River,River,River
C:\Users\DELL Precision 5550\Documents\GitHub\Terrasight-Eurosat-RGB-vs-Multispectral\data\raw\multispectral\Industrial\Industrial_2350.tif,4,4,Industrial,Industrial,Industrial
C:\Users\DELL Precision 5550\Documents\GitHub\Terrasight-Eurosat-RGB-vs-Multispectral\data\raw\multispectral\Forest\Forest_1938.tif,1,1,Forest,Forest,Forest
C:\Users\DELL Precision 5550\Documents\GitHub\Terrasight-Eurosat-RGB-vs-Multispectral\data\raw\multispectral\HerbaceousVegetation\HerbaceousVegetation_1885.tif,2,2,HerbaceousVegetation,HerbaceousVegetation,HerbaceousVegetation
C:\Users\DELL Precision 5550\Documents\GitHub\Terrasight-Eurosat-RGB-vs-Multispectral\data\raw\multispectral\River\River_975.tif,8,8,River,River,River
C:\Users\DELL Precision 5550\Documents\GitHub\Terrasight-Eurosat-RGB-vs-Multispectral\data\raw\multispectral\Industrial\Industrial_1481.tif,4,4,Industrial,Industrial,Industrial
C:\Users\DELL Precision 5550\Documents\GitHub\Terrasight-Eurosat-RGB-vs-Multispectral\data\raw\multispectral\HerbaceousVegetation\HerbaceousVegetation_2079.tif,2,2,HerbaceousVegetation,HerbaceousVegetation,HerbaceousVegetation
C:\Users\DELL Precision 5550\Documents\GitHub\Terrasight-Eurosat-RGB-vs-Multispectral\data\raw\multispectral\SeaLake\SeaLake_3.tif,9,9,SeaLake,SeaLake,SeaLake
C:\Users\DELL Precision 5550\Documents\GitHub\Terrasight-Eurosat-RGB-vs-Multispectral\data\raw\multispectral\Residential\Residential_479.tif,7,7,Residential,Residential,Residential
C:\Users\DELL Precision 5550\Documents\GitHub\Terrasight-Eurosat-RGB-vs-Multispectral\data\raw\multispectral\Residential\Residential_703.tif,7,7,Residential,Residential,Residential
C:\Users\DELL Precision 5550\Documents\GitHub\Terrasight-Eurosat-RGB-vs-Multispectral\data\raw\multispectral\HerbaceousVegetation\HerbaceousVegetation_1535.tif,2,2,HerbaceousVegetation,HerbaceousVegetation,HerbaceousVegetation
C:\Users\DELL Precision 5550\Documents\GitHub\Terrasight-Eurosat-RGB-vs-Multispectral\data\raw\multispectral\Residential\Residential_1126.tif,7,7,Residential,Residential,Residential
C:\Users\DELL Precision 5550\Documents\GitHub\Terrasight-Eurosat-RGB-vs-Multispectral\data\raw\multispectral\SeaLake\SeaLake_2245.tif,9,9,SeaLake,SeaLake,SeaLake
C:\Users\DELL Precision 5550\Documents\GitHub\Terrasight-Eurosat-RGB-vs-Multispectral\data\raw\multispectral\PermanentCrop\PermanentCrop_468.tif,6,6,PermanentCrop,PermanentCrop,PermanentCrop
C:\Users\DELL Precision 5550\Documents\GitHub\Terrasight-Eurosat-RGB-vs-Multispectral\data\raw\multispectral\Pasture\Pasture_1683.tif,5,5,Pasture,Pasture,Pasture
C:\Users\DELL Precision 5550\Documents\GitHub\Terrasight-Eurosat-RGB-vs-Multispectral\data\raw\multispectral\River\River_2183.tif,8,8,River,River,River
C:\Users\DELL Precision 5550\Documents\GitHub\Terrasight-Eurosat-RGB-vs-Multispectral\data\raw\multispectral\HerbaceousVegetation\HerbaceousVegetation_2231.tif,2,2,HerbaceousVegetation,HerbaceousVegetation,HerbaceousVegetation
C:\Users\DELL Precision 5550\Documents\GitHub\Terrasight-Eurosat-RGB-vs-Multispectral\data\raw\multispectral\Residential\Residential_528.tif,7,7,Residential,Residential,Residential
C:\Users\DELL Precision 5550\Documents\GitHub\Terrasight-Eurosat-RGB-vs-Multispectral\data\raw\multispectral\Residential\Residential_1684.tif,7,7,Residential,Residential,Residential
C:\Users\DELL Precision 5550\Documents\GitHub\Terrasight-Eurosat-RGB-vs-Multispectral\data\raw\multispectral\Highway\Highway_1127.tif,3,3,Highway,Highway,Highway
C:\Users\DELL Precision 5550\Documents\GitHub\Terrasight-Eurosat-RGB-vs-Multispectral\data\raw\multispectral\Pasture\Pasture_1455.tif,5,5,Pasture,Pasture,Pasture
C:\Users\DELL Precision 5550\Documents\GitHub\Terrasight-Eurosat-RGB-vs-Multispectral\data\raw\multispectral\River\River_783.tif,8,8,River,River,River
C:\Users\DELL Precision 5550\Documents\GitHub\Terrasight-Eurosat-RGB-vs-Multispectral\data\raw\multispectral\SeaLake\SeaLake_1128.tif,9,9,SeaLake,SeaLake,SeaLake
C:\Users\DELL Precision 5550\Documents\GitHub\Terrasight-Eurosat-RGB-vs-Multispectral\data\raw\multispectral\AnnualCrop\AnnualCrop_450.tif,0,0,AnnualCrop,AnnualCrop,AnnualCrop
C:\Users\DELL Precision 5550\Documents\GitHub\Terrasight-Eurosat-RGB-vs-Multispectral\data\raw\multispectral\River\River_332.tif,8,8,River,River,River
C:\Users\DELL Precision 5550\Documents\GitHub\Terrasight-Eurosat-RGB-vs-Multispectral\data\raw\multispectral\River\River_1373.tif,8,8,River,River,River
C:\Users\DELL Precision 5550\Documents\GitHub\Terrasight-Eurosat-RGB-vs-Multispectral\data\raw\multispectral\SeaLake\SeaLake_88.tif,9,9,SeaLake,SeaLake,SeaLake
C:\Users\DELL Precision 5550\Documents\GitHub\Terrasight-Eurosat-RGB-vs-Multispectral\data\raw\multispectral\PermanentCrop\PermanentCrop_1565.tif,6,6,PermanentCrop,PermanentCrop,PermanentCrop
C:\Users\DELL Precision 5550\Documents\GitHub\Terrasight-Eurosat-RGB-vs-Multispectral\data\raw\multispectral\HerbaceousVegetation\HerbaceousVegetation_1044.tif,2,2,HerbaceousVegetation,HerbaceousVegetation,HerbaceousVegetation
C:\Users\DELL Precision 5550\Documents\GitHub\Terrasight-Eurosat-RGB-vs-Multispectral\data\raw\multispectral\AnnualCrop\AnnualCrop_1339.tif,0,0,AnnualCrop,AnnualCrop,AnnualCrop
C:\Users\DELL Precision 5550\Documents\GitHub\Terrasight-Eurosat-RGB-vs-Multispectral\data\raw\multispectral\Forest\Forest_1355.tif,1,1,Forest,Forest,Forest
C:\Users\DELL Precision 5550\Documents\GitHub\Terrasight-Eurosat-RGB-vs-Multispectral\data\raw\multispectral\SeaLake\SeaLake_2072.tif,9,9,SeaLake,SeaLake,SeaLake
C:\Users\DELL Precision 5550\Documents\GitHub\Terrasight-Eurosat-RGB-vs-Multispectral\data\raw\multispectral\River\River_2261.tif,8,8,River,River,River
C:\Users\DELL Precision 5550\Documents\GitHub\Terrasight-Eurosat-RGB-vs-Multispectral\data\raw\multispectral\AnnualCrop\AnnualCrop_2008.tif,0,0,AnnualCrop,AnnualCrop,AnnualCrop
C:\Users\DELL Precision 5550\Documents\GitHub\Terrasight-Eurosat-RGB-vs-Multispectral\data\raw\multispectral\AnnualCrop\AnnualCrop_1773.tif,0,5,AnnualCrop,Pasture,AnnualCrop
C:\Users\DELL Precision 5550\Documents\GitHub\Terrasight-Eurosat-RGB-vs-Multispectral\data\raw\multispectral\River\River_1350.tif,8,8,River,River,River
C:\Users\DELL Precision 5550\Documents\GitHub\Terrasight-Eurosat-RGB-vs-Multispectral\data\raw\multispectral\HerbaceousVegetation\HerbaceousVegetation_1934.tif,2,2,HerbaceousVegetation,HerbaceousVegetation,HerbaceousVegetation
C:\Users\DELL Precision 5550\Documents\GitHub\Terrasight-Eurosat-RGB-vs-Multispectral\data\raw\multispectral\SeaLake\SeaLake_1934.tif,9,9,SeaLake,SeaLake,SeaLake
C:\Users\DELL Precision 5550\Documents\GitHub\Terrasight-Eurosat-RGB-vs-Multispectral\data\raw\multispectral\Highway\Highway_685.tif,3,3,Highway,Highway,Highway
C:\Users\DELL Precision 5550\Documents\GitHub\Terrasight-Eurosat-RGB-vs-Multispectral\data\raw\multispectral\Pasture\Pasture_1696.tif,5,5,Pasture,Pasture,Pasture
C:\Users\DELL Precision 5550\Documents\GitHub\Terrasight-Eurosat-RGB-vs-Multispectral\data\raw\multispectral\SeaLake\SeaLake_1753.tif,9,9,SeaLake,SeaLake,SeaLake
C:\Users\DELL Precision 5550\Documents\GitHub\Terrasight-Eurosat-RGB-vs-Multispectral\data\raw\multispectral\Pasture\Pasture_1217.tif,5,5,Pasture,Pasture,Pasture
C:\Users\DELL Precision 5550\Documents\GitHub\Terrasight-Eurosat-RGB-vs-Multispectral\data\raw\multispectral\River\River_1237.tif,8,8,River,River,River
C:\Users\DELL Precision 5550\Documents\GitHub\Terrasight-Eurosat-RGB-vs-Multispectral\data\raw\multispectral\PermanentCrop\PermanentCrop_1227.tif,6,6,PermanentCrop,PermanentCrop,PermanentCrop
C:\Users\DELL Precision 5550\Documents\GitHub\Terrasight-Eurosat-RGB-vs-Multispectral\data\raw\multispectral\Forest\Forest_2302.tif,1,1,Forest,Forest,Forest
C:\Users\DELL Precision 5550\Documents\GitHub\Terrasight-Eurosat-RGB-vs-Multispectral\data\raw\multispectral\Residential\Residential_187.tif,7,7,Residential,Residential,Residential
C:\Users\DELL Precision 5550\Documents\GitHub\Terrasight-Eurosat-RGB-vs-Multispectral\data\raw\multispectral\Highway\Highway_2084.tif,3,3,Highway,Highway,Highway
C:\Users\DELL Precision 5550\Documents\GitHub\Terrasight-Eurosat-RGB-vs-Multispectral\data\raw\multispectral\HerbaceousVegetation\HerbaceousVegetation_2780.tif,2,2,HerbaceousVegetation,HerbaceousVegetation,HerbaceousVegetation
C:\Users\DELL Precision 5550\Documents\GitHub\Terrasight-Eurosat-RGB-vs-Multispectral\data\raw\multispectral\PermanentCrop\PermanentCrop_2058.tif,6,6,PermanentCrop,PermanentCrop,PermanentCrop
C:\Users\DELL Precision 5550\Documents\GitHub\Terrasight-Eurosat-RGB-vs-Multispectral\data\raw\multispectral\AnnualCrop\AnnualCrop_795.tif,0,0,AnnualCrop,AnnualCrop,AnnualCrop
C:\Users\DELL Precision 5550\Documents\GitHub\Terrasight-Eurosat-RGB-vs-Multispectral\data\raw\multispectral\PermanentCrop\PermanentCrop_1893.tif,6,6,PermanentCrop,PermanentCrop,PermanentCrop
C:\Users\DELL Precision 5550\Documents\GitHub\Terrasight-Eurosat-RGB-vs-Multispectral\data\raw\multispectral\Highway\Highway_2037.tif,3,3,Highway,Highway,Highway
C:\Users\DELL Precision 5550\Documents\GitHub\Terrasight-Eurosat-RGB-vs-Multispectral\data\raw\multispectral\Highway\Highway_193.tif,3,3,Highway,Highway,Highway
C:\Users\DELL Precision 5550\Documents\GitHub\Terrasight-Eurosat-RGB-vs-Multispectral\data\raw\multispectral\SeaLake\SeaLake_771.tif,9,9,SeaLake,SeaLake,SeaLake
C:\Users\DELL Precision 5550\Documents\GitHub\Terrasight-Eurosat-RGB-vs-Multispectral\data\raw\multispectral\Pasture\Pasture_1043.tif,5,5,Pasture,Pasture,Pasture
C:\Users\DELL Precision 5550\Documents\GitHub\Terrasight-Eurosat-RGB-vs-Multispectral\data\raw\multispectral\HerbaceousVegetation\HerbaceousVegetation_2353.tif,2,2,HerbaceousVegetation,HerbaceousVegetation,HerbaceousVegetation
C:\Users\DELL Precision 5550\Documents\GitHub\Terrasight-Eurosat-RGB-vs-Multispectral\data\raw\multispectral\Pasture\Pasture_1402.tif,5,5,Pasture,Pasture,Pasture
C:\Users\DELL Precision 5550\Documents\GitHub\Terrasight-Eurosat-RGB-vs-Multispectral\data\raw\multispectral\Pasture\Pasture_1712.tif,5,5,Pasture,Pasture,Pasture
C:\Users\DELL Precision 5550\Documents\GitHub\Terrasight-Eurosat-RGB-vs-Multispectral\data\raw\multispectral\River\River_2068.tif,8,8,River,River,River
C:\Users\DELL Precision 5550\Documents\GitHub\Terrasight-Eurosat-RGB-vs-Multispectral\data\raw\multispectral\PermanentCrop\PermanentCrop_1397.tif,6,6,PermanentCrop,PermanentCrop,PermanentCrop
C:\Users\DELL Precision 5550\Documents\GitHub\Terrasight-Eurosat-RGB-vs-Multispectral\data\raw\multispectral\AnnualCrop\AnnualCrop_59.tif,0,0,AnnualCrop,AnnualCrop,AnnualCrop
C:\Users\DELL Precision 5550\Documents\GitHub\Terrasight-Eurosat-RGB-vs-Multispectral\data\raw\multispectral\Residential\Residential_1720.tif,7,7,Residential,Residential,Residential
C:\Users\DELL Precision 5550\Documents\GitHub\Terrasight-Eurosat-RGB-vs-Multispectral\data\raw\multispectral\Residential\Residential_1453.tif,7,7,Residential,Residential,Residential
C:\Users\DELL Precision 5550\Documents\GitHub\Terrasight-Eurosat-RGB-vs-Multispectral\data\raw\multispectral\AnnualCrop\AnnualCrop_87.tif,0,0,AnnualCrop,AnnualCrop,AnnualCrop
C:\Users\DELL Precision 5550\Documents\GitHub\Terrasight-Eurosat-RGB-vs-Multispectral\data\raw\multispectral\River\River_1765.tif,8,8,River,River,River
C:\Users\DELL Precision 5550\Documents\GitHub\Terrasight-Eurosat-RGB-vs-Multispectral\data\raw\multispectral\Pasture\Pasture_270.tif,5,5,Pasture,Pasture,Pasture
C:\Users\DELL Precision 5550\Documents\GitHub\Terrasight-Eurosat-RGB-vs-Multispectral\data\raw\multispectral\Industrial\Industrial_1102.tif,4,4,Industrial,Industrial,Industrial
C:\Users\DELL Precision 5550\Documents\GitHub\Terrasight-Eurosat-RGB-vs-Multispectral\data\raw\multispectral\AnnualCrop\AnnualCrop_225.tif,0,0,AnnualCrop,AnnualCrop,AnnualCrop
C:\Users\DELL Precision 5550\Documents\GitHub\Terrasight-Eurosat-RGB-vs-Multispectral\data\raw\multispectral\AnnualCrop\AnnualCrop_582.tif,0,0,AnnualCrop,AnnualCrop,AnnualCrop
C:\Users\DELL Precision 5550\Documents\GitHub\Terrasight-Eurosat-RGB-vs-Multispectral\data\raw\multispectral\Industrial\Industrial_168.tif,4,4,Industrial,Industrial,Industrial
C:\Users\DELL Precision 5550\Documents\GitHub\Terrasight-Eurosat-RGB-vs-Multispectral\data\raw\multispectral\Forest\Forest_1846.tif,1,1,Forest,Forest,Forest
C:\Users\DELL Precision 5550\Documents\GitHub\Terrasight-Eurosat-RGB-vs-Multispectral\data\raw\multispectral\Highway\Highway_656.tif,3,3,Highway,Highway,Highway
C:\Users\DELL Precision 5550\Documents\GitHub\Terrasight-Eurosat-RGB-vs-Multispectral\data\raw\multispectral\HerbaceousVegetation\HerbaceousVegetation_1342.tif,2,2,HerbaceousVegetation,HerbaceousVegetation,HerbaceousVegetation
C:\Users\DELL Precision 5550\Documents\GitHub\Terrasight-Eurosat-RGB-vs-Multispectral\data\raw\multispectral\Industrial\Industrial_356.tif,4,4,Industrial,Industrial,Industrial
C:\Users\DELL Precision 5550\Documents\GitHub\Terrasight-Eurosat-RGB-vs-Multispectral\data\raw\multispectral\Residential\Residential_432.tif,7,7,Residential,Residential,Residential
C:\Users\DELL Precision 5550\Documents\GitHub\Terrasight-Eurosat-RGB-vs-Multispectral\data\raw\multispectral\SeaLake\SeaLake_2975.tif,9,9,SeaLake,SeaLake,SeaLake
C:\Users\DELL Precision 5550\Documents\GitHub\Terrasight-Eurosat-RGB-vs-Multispectral\data\raw\multispectral\Pasture\Pasture_63.tif,5,5,Pasture,Pasture,Pasture
C:\Users\DELL Precision 5550\Documents\GitHub\Terrasight-Eurosat-RGB-vs-Multispectral\data\raw\multispectral\HerbaceousVegetation\HerbaceousVegetation_2025.tif,2,2,HerbaceousVegetation,HerbaceousVegetation,HerbaceousVegetation
C:\Users\DELL Precision 5550\Documents\GitHub\Terrasight-Eurosat-RGB-vs-Multispectral\data\raw\multispectral\SeaLake\SeaLake_1967.tif,9,9,SeaLake,SeaLake,SeaLake
C:\Users\DELL Precision 5550\Documents\GitHub\Terrasight-Eurosat-RGB-vs-Multispectral\data\raw\multispectral\Industrial\Industrial_2465.tif,4,4,Industrial,Industrial,Industrial
C:\Users\DELL Precision 5550\Documents\GitHub\Terrasight-Eurosat-RGB-vs-Multispectral\data\raw\multispectral\River\River_483.tif,8,8,River,River,River
C:\Users\DELL Precision 5550\Documents\GitHub\Terrasight-Eurosat-RGB-vs-Multispectral\data\raw\multispectral\Pasture\Pasture_1027.tif,5,5,Pasture,Pasture,Pasture
C:\Users\DELL Precision 5550\Documents\GitHub\Terrasight-Eurosat-RGB-vs-Multispectral\data\raw\multispectral\River\River_996.tif,8,8,River,River,River
C:\Users\DELL Precision 5550\Documents\GitHub\Terrasight-Eurosat-RGB-vs-Multispectral\data\raw\multispectral\Forest\Forest_405.tif,1,1,Forest,Forest,Forest
C:\Users\DELL Precision 5550\Documents\GitHub\Terrasight-Eurosat-RGB-vs-Multispectral\data\raw\multispectral\Residential\Residential_211.tif,7,7,Residential,Residential,Residential
C:\Users\DELL Precision 5550\Documents\GitHub\Terrasight-Eurosat-RGB-vs-Multispectral\data\raw\multispectral\Residential\Residential_1524.tif,7,7,Residential,Residential,Residential
C:\Users\DELL Precision 5550\Documents\GitHub\Terrasight-Eurosat-RGB-vs-Multispectral\data\raw\multispectral\AnnualCrop\AnnualCrop_191.tif,0,0,AnnualCrop,AnnualCrop,AnnualCrop
C:\Users\DELL Precision 5550\Documents\GitHub\Terrasight-Eurosat-RGB-vs-Multispectral\data\raw\multispectral\River\River_2264.tif,8,8,River,River,River
C:\Users\DELL Precision 5550\Documents\GitHub\Terrasight-Eurosat-RGB-vs-Multispectral\data\raw\multispectral\Residential\Residential_347.tif,7,7,Residential,Residential,Residential
C:\Users\DELL Precision 5550\Documents\GitHub\Terrasight-Eurosat-RGB-vs-Multispectral\data\raw\multispectral\Forest\Forest_2526.tif,1,1,Forest,Forest,Forest
C:\Users\DELL Precision 5550\Documents\GitHub\Terrasight-Eurosat-RGB-vs-Multispectral\data\raw\multispectral\Industrial\Industrial_581.tif,4,4,Industrial,Industrial,Industrial
C:\Users\DELL Precision 5550\Documents\GitHub\Terrasight-Eurosat-RGB-vs-Multispectral\data\raw\multispectral\Residential\Residential_427.tif,7,7,Residential,Residential,Residential
C:\Users\DELL Precision 5550\Documents\GitHub\Terrasight-Eurosat-RGB-vs-Multispectral\data\raw\multispectral\AnnualCrop\AnnualCrop_919.tif,0,0,AnnualCrop,AnnualCrop,AnnualCrop
C:\Users\DELL Precision 5550\Documents\GitHub\Terrasight-Eurosat-RGB-vs-Multispectral\data\raw\multispectral\Pasture\Pasture_979.tif,5,5,Pasture,Pasture,Pasture
C:\Users\DELL Precision 5550\Documents\GitHub\Terrasight-Eurosat-RGB-vs-Multispectral\data\raw\multispectral\Pasture\Pasture_721.tif,5,5,Pasture,Pasture,Pasture
C:\Users\DELL Precision 5550\Documents\GitHub\Terrasight-Eurosat-RGB-vs-Multispectral\data\raw\multispectral\Pasture\Pasture_689.tif,5,5,Pasture,Pasture,Pasture
C:\Users\DELL Precision 5550\Documents\GitHub\Terrasight-Eurosat-RGB-vs-Multispectral\data\raw\multispectral\HerbaceousVegetation\HerbaceousVegetation_1898.tif,2,2,HerbaceousVegetation,HerbaceousVegetation,HerbaceousVegetation
C:\Users\DELL Precision 5550\Documents\GitHub\Terrasight-Eurosat-RGB-vs-Multispectral\data\raw\multispectral\AnnualCrop\AnnualCrop_2782.tif,0,0,AnnualCrop,AnnualCrop,AnnualCrop
C:\Users\DELL Precision 5550\Documents\GitHub\Terrasight-Eurosat-RGB-vs-Multispectral\data\raw\multispectral\River\River_845.tif,8,8,River,River,River
C:\Users\DELL Precision 5550\Documents\GitHub\Terrasight-Eurosat-RGB-vs-Multispectral\data\raw\multispectral\Residential\Residential_2461.tif,7,7,Residential,Residential,Residential
C:\Users\DELL Precision 5550\Documents\GitHub\Terrasight-Eurosat-RGB-vs-Multispectral\data\raw\multispectral\Pasture\Pasture_1537.tif,5,5,Pasture,Pasture,Pasture
C:\Users\DELL Precision 5550\Documents\GitHub\Terrasight-Eurosat-RGB-vs-Multispectral\data\raw\multispectral\Residential\Residential_202.tif,7,7,Residential,Residential,Residential
C:\Users\DELL Precision 5550\Documents\GitHub\Terrasight-Eurosat-RGB-vs-Multispectral\data\raw\multispectral\Industrial\Industrial_130.tif,4,4,Industrial,Industrial,Industrial
C:\Users\DELL Precision 5550\Documents\GitHub\Terrasight-Eurosat-RGB-vs-Multispectral\data\raw\multispectral\SeaLake\SeaLake_585.tif,9,9,SeaLake,SeaLake,SeaLake
C:\Users\DELL Precision 5550\Documents\GitHub\Terrasight-Eurosat-RGB-vs-Multispectral\data\raw\multispectral\AnnualCrop\AnnualCrop_446.tif,0,0,AnnualCrop,AnnualCrop,AnnualCrop
C:\Users\DELL Precision 5550\Documents\GitHub\Terrasight-Eurosat-RGB-vs-Multispectral\data\raw\multispectral\AnnualCrop\AnnualCrop_1968.tif,0,2,AnnualCrop,HerbaceousVegetation,AnnualCrop
C:\Users\DELL Precision 5550\Documents\GitHub\Terrasight-Eurosat-RGB-vs-Multispectral\data\raw\multispectral\Highway\Highway_390.tif,3,3,Highway,Highway,Highway
C:\Users\DELL Precision 5550\Documents\GitHub\Terrasight-Eurosat-RGB-vs-Multispectral\data\raw\multispectral\Residential\Residential_2519.tif,7,7,Residential,Residential,Residential
C:\Users\DELL Precision 5550\Documents\GitHub\Terrasight-Eurosat-RGB-vs-Multispectral\data\raw\multispectral\Forest\Forest_55.tif,1,1,Forest,Forest,Forest
C:\Users\DELL Precision 5550\Documents\GitHub\Terrasight-Eurosat-RGB-vs-Multispectral\data\raw\multispectral\PermanentCrop\PermanentCrop_261.tif,6,6,PermanentCrop,PermanentCrop,PermanentCrop
C:\Users\DELL Precision 5550\Documents\GitHub\Terrasight-Eurosat-RGB-vs-Multispectral\data\raw\multispectral\SeaLake\SeaLake_1432.tif,9,9,SeaLake,SeaLake,SeaLake
C:\Users\DELL Precision 5550\Documents\GitHub\Terrasight-Eurosat-RGB-vs-Multispectral\data\raw\multispectral\Pasture\Pasture_311.tif,5,5,Pasture,Pasture,Pasture
C:\Users\DELL Precision 5550\Documents\GitHub\Terrasight-Eurosat-RGB-vs-Multispectral\data\raw\multispectral\Pasture\Pasture_396.tif,5,5,Pasture,Pasture,Pasture
C:\Users\DELL Precision 5550\Documents\GitHub\Terrasight-Eurosat-RGB-vs-Multispectral\data\raw\multispectral\Forest\Forest_1395.tif,1,1,Forest,Forest,Forest
C:\Users\DELL Precision 5550\Documents\GitHub\Terrasight-Eurosat-RGB-vs-Multispectral\data\raw\multispectral\Highway\Highway_2140.tif,3,3,Highway,Highway,Highway
C:\Users\DELL Precision 5550\Documents\GitHub\Terrasight-Eurosat-RGB-vs-Multispectral\data\raw\multispectral\AnnualCrop\AnnualCrop_1586.tif,0,0,AnnualCrop,AnnualCrop,AnnualCrop
C:\Users\DELL Precision 5550\Documents\GitHub\Terrasight-Eurosat-RGB-vs-Multispectral\data\raw\multispectral\HerbaceousVegetation\HerbaceousVegetation_2638.tif,2,2,HerbaceousVegetation,HerbaceousVegetation,HerbaceousVegetation
C:\Users\DELL Precision 5550\Documents\GitHub\Terrasight-Eurosat-RGB-vs-Multispectral\data\raw\multispectral\Industrial\Industrial_1139.tif,4,4,Industrial,Industrial,Industrial
C:\Users\DELL Precision 5550\Documents\GitHub\Terrasight-Eurosat-RGB-vs-Multispectral\data\raw\multispectral\HerbaceousVegetation\HerbaceousVegetation_2059.tif,2,2,HerbaceousVegetation,HerbaceousVegetation,HerbaceousVegetation
C:\Users\DELL Precision 5550\Documents\GitHub\Terrasight-Eurosat-RGB-vs-Multispectral\data\raw\multispectral\Forest\Forest_2836.tif,1,1,Forest,Forest,Forest
C:\Users\DELL Precision 5550\Documents\GitHub\Terrasight-Eurosat-RGB-vs-Multispectral\data\raw\multispectral\PermanentCrop\PermanentCrop_2246.tif,6,6,PermanentCrop,PermanentCrop,PermanentCrop
C:\Users\DELL Precision 5550\Documents\GitHub\Terrasight-Eurosat-RGB-vs-Multispectral\data\raw\multispectral\Industrial\Industrial_1235.tif,4,4,Industrial,Industrial,Industrial
C:\Users\DELL Precision 5550\Documents\GitHub\Terrasight-Eurosat-RGB-vs-Multispectral\data\raw\multispectral\AnnualCrop\AnnualCrop_31.tif,0,0,AnnualCrop,AnnualCrop,AnnualCrop
C:\Users\DELL Precision 5550\Documents\GitHub\Terrasight-Eurosat-RGB-vs-Multispectral\data\raw\multispectral\SeaLake\SeaLake_1913.tif,9,9,SeaLake,SeaLake,SeaLake
C:\Users\DELL Precision 5550\Documents\GitHub\Terrasight-Eurosat-RGB-vs-Multispectral\data\raw\multispectral\Residential\Residential_1426.tif,7,7,Residential,Residential,Residential
C:\Users\DELL Precision 5550\Documents\GitHub\Terrasight-Eurosat-RGB-vs-Multispectral\data\raw\multispectral\SeaLake\SeaLake_1118.tif,9,9,SeaLake,SeaLake,SeaLake
C:\Users\DELL Precision 5550\Documents\GitHub\Terrasight-Eurosat-RGB-vs-Multispectral\data\raw\multispectral\River\River_1857.tif,8,8,River,River,River
C:\Users\DELL Precision 5550\Documents\GitHub\Terrasight-Eurosat-RGB-vs-Multispectral\data\raw\multispectral\Industrial\Industrial_1482.tif,4,4,Industrial,Industrial,Industrial
C:\Users\DELL Precision 5550\Documents\GitHub\Terrasight-Eurosat-RGB-vs-Multispectral\data\raw\multispectral\Industrial\Industrial_835.tif,4,4,Industrial,Industrial,Industrial
C:\Users\DELL Precision 5550\Documents\GitHub\Terrasight-Eurosat-RGB-vs-Multispectral\data\raw\multispectral\Pasture\Pasture_1181.tif,5,5,Pasture,Pasture,Pasture
C:\Users\DELL Precision 5550\Documents\GitHub\Terrasight-Eurosat-RGB-vs-Multispectral\data\raw\multispectral\AnnualCrop\AnnualCrop_2096.tif,0,0,AnnualCrop,AnnualCrop,AnnualCrop
C:\Users\DELL Precision 5550\Documents\GitHub\Terrasight-Eurosat-RGB-vs-Multispectral\data\raw\multispectral\Forest\Forest_379.tif,1,1,Forest,Forest,Forest
C:\Users\DELL Precision 5550\Documents\GitHub\Terrasight-Eurosat-RGB-vs-Multispectral\data\raw\multispectral\Residential\Residential_1069.tif,7,7,Residential,Residential,Residential
C:\Users\DELL Precision 5550\Documents\GitHub\Terrasight-Eurosat-RGB-vs-Multispectral\data\raw\multispectral\SeaLake\SeaLake_2053.tif,9,9,SeaLake,SeaLake,SeaLake
C:\Users\DELL Precision 5550\Documents\GitHub\Terrasight-Eurosat-RGB-vs-Multispectral\data\raw\multispectral\Highway\Highway_502.tif,3,3,Highway,Highway,Highway
C:\Users\DELL Precision 5550\Documents\GitHub\Terrasight-Eurosat-RGB-vs-Multispectral\data\raw\multispectral\Residential\Residential_2331.tif,7,7,Residential,Residential,Residential
C:\Users\DELL Precision 5550\Documents\GitHub\Terrasight-Eurosat-RGB-vs-Multispectral\data\raw\multispectral\AnnualCrop\AnnualCrop_137.tif,0,0,AnnualCrop,AnnualCrop,AnnualCrop
C:\Users\DELL Precision 5550\Documents\GitHub\Terrasight-Eurosat-RGB-vs-Multispectral\data\raw\multispectral\Residential\Residential_2186.tif,7,7,Residential,Residential,Residential
C:\Users\DELL Precision 5550\Documents\GitHub\Terrasight-Eurosat-RGB-vs-Multispectral\data\raw\multispectral\AnnualCrop\AnnualCrop_2001.tif,0,0,AnnualCrop,AnnualCrop,AnnualCrop
C:\Users\DELL Precision 5550\Documents\GitHub\Terrasight-Eurosat-RGB-vs-Multispectral\data\raw\multispectral\AnnualCrop\AnnualCrop_1452.tif,0,0,AnnualCrop,AnnualCrop,AnnualCrop
C:\Users\DELL Precision 5550\Documents\GitHub\Terrasight-Eurosat-RGB-vs-Multispectral\data\raw\multispectral\PermanentCrop\PermanentCrop_598.tif,6,6,PermanentCrop,PermanentCrop,PermanentCrop
C:\Users\DELL Precision 5550\Documents\GitHub\Terrasight-Eurosat-RGB-vs-Multispectral\data\raw\multispectral\Highway\Highway_2214.tif,3,3,Highway,Highway,Highway
C:\Users\DELL Precision 5550\Documents\GitHub\Terrasight-Eurosat-RGB-vs-Multispectral\data\raw\multispectral\PermanentCrop\PermanentCrop_715.tif,6,6,PermanentCrop,PermanentCrop,PermanentCrop
C:\Users\DELL Precision 5550\Documents\GitHub\Terrasight-Eurosat-RGB-vs-Multispectral\data\raw\multispectral\Residential\Residential_1561.tif,7,7,Residential,Residential,Residential
C:\Users\DELL Precision 5550\Documents\GitHub\Terrasight-Eurosat-RGB-vs-Multispectral\data\raw\multispectral\Residential\Residential_2036.tif,7,7,Residential,Residential,Residential
C:\Users\DELL Precision 5550\Documents\GitHub\Terrasight-Eurosat-RGB-vs-Multispectral\data\raw\multispectral\Highway\Highway_472.tif,3,3,Highway,Highway,Highway
C:\Users\DELL Precision 5550\Documents\GitHub\Terrasight-Eurosat-RGB-vs-Multispectral\data\raw\multispectral\PermanentCrop\PermanentCrop_160.tif,6,6,PermanentCrop,PermanentCrop,PermanentCrop
C:\Users\DELL Precision 5550\Documents\GitHub\Terrasight-Eurosat-RGB-vs-Multispectral\data\raw\multispectral\AnnualCrop\AnnualCrop_2986.tif,0,0,AnnualCrop,AnnualCrop,AnnualCrop
C:\Users\DELL Precision 5550\Documents\GitHub\Terrasight-Eurosat-RGB-vs-Multispectral\data\raw\multispectral\Pasture\Pasture_559.tif,5,5,Pasture,Pasture,Pasture
C:\Users\DELL Precision 5550\Documents\GitHub\Terrasight-Eurosat-RGB-vs-Multispectral\data\raw\multispectral\Residential\Residential_137.tif,7,7,Residential,Residential,Residential
C:\Users\DELL Precision 5550\Documents\GitHub\Terrasight-Eurosat-RGB-vs-Multispectral\data\raw\multispectral\Forest\Forest_851.tif,1,1,Forest,Forest,Forest
C:\Users\DELL Precision 5550\Documents\GitHub\Terrasight-Eurosat-RGB-vs-Multispectral\data\raw\multispectral\River\River_1147.tif,8,8,River,River,River
C:\Users\DELL Precision 5550\Documents\GitHub\Terrasight-Eurosat-RGB-vs-Multispectral\data\raw\multispectral\AnnualCrop\AnnualCrop_2064.tif,0,0,AnnualCrop,AnnualCrop,AnnualCrop
C:\Users\DELL Precision 5550\Documents\GitHub\Terrasight-Eurosat-RGB-vs-Multispectral\data\raw\multispectral\AnnualCrop\AnnualCrop_1764.tif,0,0,AnnualCrop,AnnualCrop,AnnualCrop
C:\Users\DELL Precision 5550\Documents\GitHub\Terrasight-Eurosat-RGB-vs-Multispectral\data\raw\multispectral\Pasture\Pasture_108.tif,5,5,Pasture,Pasture,Pasture
C:\Users\DELL Precision 5550\Documents\GitHub\Terrasight-Eurosat-RGB-vs-Multispectral\data\raw\multispectral\HerbaceousVegetation\HerbaceousVegetation_1218.tif,2,2,HerbaceousVegetation,HerbaceousVegetation,HerbaceousVegetation
C:\Users\DELL Precision 5550\Documents\GitHub\Terrasight-Eurosat-RGB-vs-Multispectral\data\raw\multispectral\River\River_1782.tif,8,8,River,River,River
C:\Users\DELL Precision 5550\Documents\GitHub\Terrasight-Eurosat-RGB-vs-Multispectral\data\raw\multispectral\Highway\Highway_2203.tif,3,3,Highway,Highway,Highway
C:\Users\DELL Precision 5550\Documents\GitHub\Terrasight-Eurosat-RGB-vs-Multispectral\data\raw\multispectral\Industrial\Industrial_914.tif,4,4,Industrial,Industrial,Industrial
C:\Users\DELL Precision 5550\Documents\GitHub\Terrasight-Eurosat-RGB-vs-Multispectral\data\raw\multispectral\Forest\Forest_1737.tif,1,1,Forest,Forest,Forest
C:\Users\DELL Precision 5550\Documents\GitHub\Terrasight-Eurosat-RGB-vs-Multispectral\data\raw\multispectral\SeaLake\SeaLake_1522.tif,9,9,SeaLake,SeaLake,SeaLake
C:\Users\DELL Precision 5550\Documents\GitHub\Terrasight-Eurosat-RGB-vs-Multispectral\data\raw\multispectral\River\River_2276.tif,8,8,River,River,River
C:\Users\DELL Precision 5550\Documents\GitHub\Terrasight-Eurosat-RGB-vs-Multispectral\data\raw\multispectral\Highway\Highway_1702.tif,3,3,Highway,Highway,Highway
C:\Users\DELL Precision 5550\Documents\GitHub\Terrasight-Eurosat-RGB-vs-Multispectral\data\raw\multispectral\River\River_258.tif,8,8,River,River,River
C:\Users\DELL Precision 5550\Documents\GitHub\Terrasight-Eurosat-RGB-vs-Multispectral\data\raw\multispectral\SeaLake\SeaLake_647.tif,9,9,SeaLake,SeaLake,SeaLake
C:\Users\DELL Precision 5550\Documents\GitHub\Terrasight-Eurosat-RGB-vs-Multispectral\data\raw\multispectral\Industrial\Industrial_1593.tif,4,4,Industrial,Industrial,Industrial
C:\Users\DELL Precision 5550\Documents\GitHub\Terrasight-Eurosat-RGB-vs-Multispectral\data\raw\multispectral\HerbaceousVegetation\HerbaceousVegetation_2720.tif,2,2,HerbaceousVegetation,HerbaceousVegetation,HerbaceousVegetation
C:\Users\DELL Precision 5550\Documents\GitHub\Terrasight-Eurosat-RGB-vs-Multispectral\data\raw\multispectral\River\River_842.tif,8,8,River,River,River
C:\Users\DELL Precision 5550\Documents\GitHub\Terrasight-Eurosat-RGB-vs-Multispectral\data\raw\multispectral\PermanentCrop\PermanentCrop_1187.tif,6,0,PermanentCrop,AnnualCrop,PermanentCrop
C:\Users\DELL Precision 5550\Documents\GitHub\Terrasight-Eurosat-RGB-vs-Multispectral\data\raw\multispectral\Forest\Forest_2371.tif,1,1,Forest,Forest,Forest
C:\Users\DELL Precision 5550\Documents\GitHub\Terrasight-Eurosat-RGB-vs-Multispectral\data\raw\multispectral\PermanentCrop\PermanentCrop_1802.tif,6,6,PermanentCrop,PermanentCrop,PermanentCrop
C:\Users\DELL Precision 5550\Documents\GitHub\Terrasight-Eurosat-RGB-vs-Multispectral\data\raw\multispectral\SeaLake\SeaLake_506.tif,9,9,SeaLake,SeaLake,SeaLake
C:\Users\DELL Precision 5550\Documents\GitHub\Terrasight-Eurosat-RGB-vs-Multispectral\data\raw\multispectral\AnnualCrop\AnnualCrop_2005.tif,0,0,AnnualCrop,AnnualCrop,AnnualCrop
C:\Users\DELL Precision 5550\Documents\GitHub\Terrasight-Eurosat-RGB-vs-Multispectral\data\raw\multispectral\Pasture\Pasture_434.tif,5,5,Pasture,Pasture,Pasture
C:\Users\DELL Precision 5550\Documents\GitHub\Terrasight-Eurosat-RGB-vs-Multispectral\data\raw\multispectral\River\River_1994.tif,8,8,River,River,River
C:\Users\DELL Precision 5550\Documents\GitHub\Terrasight-Eurosat-RGB-vs-Multispectral\data\raw\multispectral\HerbaceousVegetation\HerbaceousVegetation_149.tif,2,2,HerbaceousVegetation,HerbaceousVegetation,HerbaceousVegetation
C:\Users\DELL Precision 5550\Documents\GitHub\Terrasight-Eurosat-RGB-vs-Multispectral\data\raw\multispectral\Highway\Highway_753.tif,3,4,Highway,Industrial,Highway
C:\Users\DELL Precision 5550\Documents\GitHub\Terrasight-Eurosat-RGB-vs-Multispectral\data\raw\multispectral\River\River_1641.tif,8,8,River,River,River
C:\Users\DELL Precision 5550\Documents\GitHub\Terrasight-Eurosat-RGB-vs-Multispectral\data\raw\multispectral\SeaLake\SeaLake_1491.tif,9,9,SeaLake,SeaLake,SeaLake
C:\Users\DELL Precision 5550\Documents\GitHub\Terrasight-Eurosat-RGB-vs-Multispectral\data\raw\multispectral\AnnualCrop\AnnualCrop_1570.tif,0,0,AnnualCrop,AnnualCrop,AnnualCrop
C:\Users\DELL Precision 5550\Documents\GitHub\Terrasight-Eurosat-RGB-vs-Multispectral\data\raw\multispectral\Forest\Forest_2783.tif,1,1,Forest,Forest,Forest
C:\Users\DELL Precision 5550\Documents\GitHub\Terrasight-Eurosat-RGB-vs-Multispectral\data\raw\multispectral\Forest\Forest_2679.tif,1,1,Forest,Forest,Forest
C:\Users\DELL Precision 5550\Documents\GitHub\Terrasight-Eurosat-RGB-vs-Multispectral\data\raw\multispectral\Forest\Forest_2448.tif,1,1,Forest,Forest,Forest
C:\Users\DELL Precision 5550\Documents\GitHub\Terrasight-Eurosat-RGB-vs-Multispectral\data\raw\multispectral\Forest\Forest_1356.tif,1,1,Forest,Forest,Forest
C:\Users\DELL Precision 5550\Documents\GitHub\Terrasight-Eurosat-RGB-vs-Multispectral\data\raw\multispectral\Residential\Residential_2780.tif,7,7,Residential,Residential,Residential
C:\Users\DELL Precision 5550\Documents\GitHub\Terrasight-Eurosat-RGB-vs-Multispectral\data\raw\multispectral\River\River_2097.tif,8,8,River,River,River
C:\Users\DELL Precision 5550\Documents\GitHub\Terrasight-Eurosat-RGB-vs-Multispectral\data\raw\multispectral\Forest\Forest_1948.tif,1,1,Forest,Forest,Forest
C:\Users\DELL Precision 5550\Documents\GitHub\Terrasight-Eurosat-RGB-vs-Multispectral\data\raw\multispectral\PermanentCrop\PermanentCrop_865.tif,6,6,PermanentCrop,PermanentCrop,PermanentCrop
C:\Users\DELL Precision 5550\Documents\GitHub\Terrasight-Eurosat-RGB-vs-Multispectral\data\raw\multispectral\SeaLake\SeaLake_2546.tif,9,9,SeaLake,SeaLake,SeaLake
C:\Users\DELL Precision 5550\Documents\GitHub\Terrasight-Eurosat-RGB-vs-Multispectral\data\raw\multispectral\HerbaceousVegetation\HerbaceousVegetation_2443.tif,2,2,HerbaceousVegetation,HerbaceousVegetation,HerbaceousVegetation
C:\Users\DELL Precision 5550\Documents\GitHub\Terrasight-Eurosat-RGB-vs-Multispectral\data\raw\multispectral\Forest\Forest_2574.tif,1,1,Forest,Forest,Forest
C:\Users\DELL Precision 5550\Documents\GitHub\Terrasight-Eurosat-RGB-vs-Multispectral\data\raw\multispectral\AnnualCrop\AnnualCrop_2434.tif,0,0,AnnualCrop,AnnualCrop,AnnualCrop
C:\Users\DELL Precision 5550\Documents\GitHub\Terrasight-Eurosat-RGB-vs-Multispectral\data\raw\multispectral\SeaLake\SeaLake_1355.tif,9,9,SeaLake,SeaLake,SeaLake
C:\Users\DELL Precision 5550\Documents\GitHub\Terrasight-Eurosat-RGB-vs-Multispectral\data\raw\multispectral\HerbaceousVegetation\HerbaceousVegetation_173.tif,2,2,HerbaceousVegetation,HerbaceousVegetation,HerbaceousVegetation
C:\Users\DELL Precision 5550\Documents\GitHub\Terrasight-Eurosat-RGB-vs-Multispectral\data\raw\multispectral\Industrial\Industrial_575.tif,4,4,Industrial,Industrial,Industrial
C:\Users\DELL Precision 5550\Documents\GitHub\Terrasight-Eurosat-RGB-vs-Multispectral\data\raw\multispectral\Residential\Residential_740.tif,7,7,Residential,Residential,Residential
C:\Users\DELL Precision 5550\Documents\GitHub\Terrasight-Eurosat-RGB-vs-Multispectral\data\raw\multispectral\HerbaceousVegetation\HerbaceousVegetation_215.tif,2,2,HerbaceousVegetation,HerbaceousVegetation,HerbaceousVegetation
C:\Users\DELL Precision 5550\Documents\GitHub\Terrasight-Eurosat-RGB-vs-Multispectral\data\raw\multispectral\River\River_160.tif,8,8,River,River,River
C:\Users\DELL Precision 5550\Documents\GitHub\Terrasight-Eurosat-RGB-vs-Multispectral\data\raw\multispectral\SeaLake\SeaLake_203.tif,9,9,SeaLake,SeaLake,SeaLake
C:\Users\DELL Precision 5550\Documents\GitHub\Terrasight-Eurosat-RGB-vs-Multispectral\data\raw\multispectral\Industrial\Industrial_256.tif,4,4,Industrial,Industrial,Industrial
C:\Users\DELL Precision 5550\Documents\GitHub\Terrasight-Eurosat-RGB-vs-Multispectral\data\raw\multispectral\SeaLake\SeaLake_1176.tif,9,9,SeaLake,SeaLake,SeaLake
C:\Users\DELL Precision 5550\Documents\GitHub\Terrasight-Eurosat-RGB-vs-Multispectral\data\raw\multispectral\Pasture\Pasture_210.tif,5,5,Pasture,Pasture,Pasture
C:\Users\DELL Precision 5550\Documents\GitHub\Terrasight-Eurosat-RGB-vs-Multispectral\data\raw\multispectral\AnnualCrop\AnnualCrop_1448.tif,0,2,AnnualCrop,HerbaceousVegetation,AnnualCrop
C:\Users\DELL Precision 5550\Documents\GitHub\Terrasight-Eurosat-RGB-vs-Multispectral\data\raw\multispectral\PermanentCrop\PermanentCrop_1353.tif,6,6,PermanentCrop,PermanentCrop,PermanentCrop
C:\Users\DELL Precision 5550\Documents\GitHub\Terrasight-Eurosat-RGB-vs-Multispectral\data\raw\multispectral\HerbaceousVegetation\HerbaceousVegetation_1854.tif,2,2,HerbaceousVegetation,HerbaceousVegetation,HerbaceousVegetation
C:\Users\DELL Precision 5550\Documents\GitHub\Terrasight-Eurosat-RGB-vs-Multispectral\data\raw\multispectral\PermanentCrop\PermanentCrop_2421.tif,6,6,PermanentCrop,PermanentCrop,PermanentCrop
C:\Users\DELL Precision 5550\Documents\GitHub\Terrasight-Eurosat-RGB-vs-Multispectral\data\raw\multispectral\SeaLake\SeaLake_2653.tif,9,9,SeaLake,SeaLake,SeaLake
C:\Users\DELL Precision 5550\Documents\GitHub\Terrasight-Eurosat-RGB-vs-Multispectral\data\raw\multispectral\Pasture\Pasture_1240.tif,5,5,Pasture,Pasture,Pasture
C:\Users\DELL Precision 5550\Documents\GitHub\Terrasight-Eurosat-RGB-vs-Multispectral\data\raw\multispectral\Forest\Forest_601.tif,1,1,Forest,Forest,Forest
C:\Users\DELL Precision 5550\Documents\GitHub\Terrasight-Eurosat-RGB-vs-Multispectral\data\raw\multispectral\Highway\Highway_2336.tif,3,3,Highway,Highway,Highway
C:\Users\DELL Precision 5550\Documents\GitHub\Terrasight-Eurosat-RGB-vs-Multispectral\data\raw\multispectral\Forest\Forest_362.tif,1,1,Forest,Forest,Forest
C:\Users\DELL Precision 5550\Documents\GitHub\Terrasight-Eurosat-RGB-vs-Multispectral\data\raw\multispectral\AnnualCrop\AnnualCrop_2387.tif,0,0,AnnualCrop,AnnualCrop,AnnualCrop
C:\Users\DELL Precision 5550\Documents\GitHub\Terrasight-Eurosat-RGB-vs-Multispectral\data\raw\multispectral\River\River_1042.tif,8,8,River,River,River
C:\Users\DELL Precision 5550\Documents\GitHub\Terrasight-Eurosat-RGB-vs-Multispectral\data\raw\multispectral\River\River_749.tif,8,8,River,River,River
C:\Users\DELL Precision 5550\Documents\GitHub\Terrasight-Eurosat-RGB-vs-Multispectral\data\raw\multispectral\AnnualCrop\AnnualCrop_740.tif,0,0,AnnualCrop,AnnualCrop,AnnualCrop
C:\Users\DELL Precision 5550\Documents\GitHub\Terrasight-Eurosat-RGB-vs-Multispectral\data\raw\multispectral\Industrial\Industrial_22.tif,4,4,Industrial,Industrial,Industrial
C:\Users\DELL Precision 5550\Documents\GitHub\Terrasight-Eurosat-RGB-vs-Multispectral\data\raw\multispectral\Highway\Highway_2034.tif,3,3,Highway,Highway,Highway
C:\Users\DELL Precision 5550\Documents\GitHub\Terrasight-Eurosat-RGB-vs-Multispectral\data\raw\multispectral\Residential\Residential_576.tif,7,7,Residential,Residential,Residential
C:\Users\DELL Precision 5550\Documents\GitHub\Terrasight-Eurosat-RGB-vs-Multispectral\data\raw\multispectral\Forest\Forest_2999.tif,1,1,Forest,Forest,Forest
C:\Users\DELL Precision 5550\Documents\GitHub\Terrasight-Eurosat-RGB-vs-Multispectral\data\raw\multispectral\HerbaceousVegetation\HerbaceousVegetation_2932.tif,2,2,HerbaceousVegetation,HerbaceousVegetation,HerbaceousVegetation
C:\Users\DELL Precision 5550\Documents\GitHub\Terrasight-Eurosat-RGB-vs-Multispectral\data\raw\multispectral\Forest\Forest_2839.tif,1,1,Forest,Forest,Forest
C:\Users\DELL Precision 5550\Documents\GitHub\Terrasight-Eurosat-RGB-vs-Multispectral\data\raw\multispectral\AnnualCrop\AnnualCrop_945.tif,0,0,AnnualCrop,AnnualCrop,AnnualCrop
C:\Users\DELL Precision 5550\Documents\GitHub\Terrasight-Eurosat-RGB-vs-Multispectral\data\raw\multispectral\Residential\Residential_2568.tif,7,7,Residential,Residential,Residential
C:\Users\DELL Precision 5550\Documents\GitHub\Terrasight-Eurosat-RGB-vs-Multispectral\data\raw\multispectral\SeaLake\SeaLake_2422.tif,9,9,SeaLake,SeaLake,SeaLake
C:\Users\DELL Precision 5550\Documents\GitHub\Terrasight-Eurosat-RGB-vs-Multispectral\data\raw\multispectral\Pasture\Pasture_1277.tif,5,5,Pasture,Pasture,Pasture
C:\Users\DELL Precision 5550\Documents\GitHub\Terrasight-Eurosat-RGB-vs-Multispectral\data\raw\multispectral\Industrial\Industrial_2362.tif,4,3,Industrial,Highway,Industrial
C:\Users\DELL Precision 5550\Documents\GitHub\Terrasight-Eurosat-RGB-vs-Multispectral\data\raw\multispectral\Pasture\Pasture_430.tif,5,5,Pasture,Pasture,Pasture
C:\Users\DELL Precision 5550\Documents\GitHub\Terrasight-Eurosat-RGB-vs-Multispectral\data\raw\multispectral\Forest\Forest_154.tif,1,1,Forest,Forest,Forest
C:\Users\DELL Precision 5550\Documents\GitHub\Terrasight-Eurosat-RGB-vs-Multispectral\data\raw\multispectral\Pasture\Pasture_1776.tif,5,5,Pasture,Pasture,Pasture
C:\Users\DELL Precision 5550\Documents\GitHub\Terrasight-Eurosat-RGB-vs-Multispectral\data\raw\multispectral\Residential\Residential_1942.tif,7,7,Residential,Residential,Residential
C:\Users\DELL Precision 5550\Documents\GitHub\Terrasight-Eurosat-RGB-vs-Multispectral\data\raw\multispectral\SeaLake\SeaLake_357.tif,9,9,SeaLake,SeaLake,SeaLake
C:\Users\DELL Precision 5550\Documents\GitHub\Terrasight-Eurosat-RGB-vs-Multispectral\data\raw\multispectral\Highway\Highway_1258.tif,3,3,Highway,Highway,Highway
C:\Users\DELL Precision 5550\Documents\GitHub\Terrasight-Eurosat-RGB-vs-Multispectral\data\raw\multispectral\Industrial\Industrial_1333.tif,4,4,Industrial,Industrial,Industrial
C:\Users\DELL Precision 5550\Documents\GitHub\Terrasight-Eurosat-RGB-vs-Multispectral\data\raw\multispectral\SeaLake\SeaLake_1533.tif,9,9,SeaLake,SeaLake,SeaLake
C:\Users\DELL Precision 5550\Documents\GitHub\Terrasight-Eurosat-RGB-vs-Multispectral\data\raw\multispectral\HerbaceousVegetation\HerbaceousVegetation_527.tif,2,2,HerbaceousVegetation,HerbaceousVegetation,HerbaceousVegetation
C:\Users\DELL Precision 5550\Documents\GitHub\Terrasight-Eurosat-RGB-vs-Multispectral\data\raw\multispectral\Pasture\Pasture_424.tif,5,5,Pasture,Pasture,Pasture
C:\Users\DELL Precision 5550\Documents\GitHub\Terrasight-Eurosat-RGB-vs-Multispectral\data\raw\multispectral\SeaLake\SeaLake_2087.tif,9,9,SeaLake,SeaLake,SeaLake
C:\Users\DELL Precision 5550\Documents\GitHub\Terrasight-Eurosat-RGB-vs-Multispectral\data\raw\multispectral\River\River_2155.tif,8,8,River,River,River
C:\Users\DELL Precision 5550\Documents\GitHub\Terrasight-Eurosat-RGB-vs-Multispectral\data\raw\multispectral\Residential\Residential_473.tif,7,7,Residential,Residential,Residential
C:\Users\DELL Precision 5550\Documents\GitHub\Terrasight-Eurosat-RGB-vs-Multispectral\data\raw\multispectral\PermanentCrop\PermanentCrop_2064.tif,6,6,PermanentCrop,PermanentCrop,PermanentCrop
C:\Users\DELL Precision 5550\Documents\GitHub\Terrasight-Eurosat-RGB-vs-Multispectral\data\raw\multispectral\AnnualCrop\AnnualCrop_2636.tif,0,0,AnnualCrop,AnnualCrop,AnnualCrop
C:\Users\DELL Precision 5550\Documents\GitHub\Terrasight-Eurosat-RGB-vs-Multispectral\data\raw\multispectral\Forest\Forest_192.tif,1,1,Forest,Forest,Forest
C:\Users\DELL Precision 5550\Documents\GitHub\Terrasight-Eurosat-RGB-vs-Multispectral\data\raw\multispectral\AnnualCrop\AnnualCrop_2524.tif,0,0,AnnualCrop,AnnualCrop,AnnualCrop
C:\Users\DELL Precision 5550\Documents\GitHub\Terrasight-Eurosat-RGB-vs-Multispectral\data\raw\multispectral\Highway\Highway_115.tif,3,3,Highway,Highway,Highway
C:\Users\DELL Precision 5550\Documents\GitHub\Terrasight-Eurosat-RGB-vs-Multispectral\data\raw\multispectral\Industrial\Industrial_1270.tif,4,4,Industrial,Industrial,Industrial
C:\Users\DELL Precision 5550\Documents\GitHub\Terrasight-Eurosat-RGB-vs-Multispectral\data\raw\multispectral\Highway\Highway_2480.tif,3,3,Highway,Highway,Highway
C:\Users\DELL Precision 5550\Documents\GitHub\Terrasight-Eurosat-RGB-vs-Multispectral\data\raw\multispectral\Highway\Highway_1378.tif,3,3,Highway,Highway,Highway
C:\Users\DELL Precision 5550\Documents\GitHub\Terrasight-Eurosat-RGB-vs-Multispectral\data\raw\multispectral\PermanentCrop\PermanentCrop_492.tif,6,6,PermanentCrop,PermanentCrop,PermanentCrop
C:\Users\DELL Precision 5550\Documents\GitHub\Terrasight-Eurosat-RGB-vs-Multispectral\data\raw\multispectral\Residential\Residential_1208.tif,7,7,Residential,Residential,Residential
C:\Users\DELL Precision 5550\Documents\GitHub\Terrasight-Eurosat-RGB-vs-Multispectral\data\raw\multispectral\AnnualCrop\AnnualCrop_1102.tif,0,0,AnnualCrop,AnnualCrop,AnnualCrop
C:\Users\DELL Precision 5550\Documents\GitHub\Terrasight-Eurosat-RGB-vs-Multispectral\data\raw\multispectral\HerbaceousVegetation\HerbaceousVegetation_2104.tif,2,2,HerbaceousVegetation,HerbaceousVegetation,HerbaceousVegetation
C:\Users\DELL Precision 5550\Documents\GitHub\Terrasight-Eurosat-RGB-vs-Multispectral\data\raw\multispectral\Highway\Highway_417.tif,3,3,Highway,Highway,Highway
C:\Users\DELL Precision 5550\Documents\GitHub\Terrasight-Eurosat-RGB-vs-Multispectral\data\raw\multispectral\HerbaceousVegetation\HerbaceousVegetation_2175.tif,2,2,HerbaceousVegetation,HerbaceousVegetation,HerbaceousVegetation
C:\Users\DELL Precision 5550\Documents\GitHub\Terrasight-Eurosat-RGB-vs-Multispectral\data\raw\multispectral\Forest\Forest_2177.tif,1,1,Forest,Forest,Forest
C:\Users\DELL Precision 5550\Documents\GitHub\Terrasight-Eurosat-RGB-vs-Multispectral\data\raw\multispectral\Highway\Highway_1844.tif,3,3,Highway,Highway,Highway
C:\Users\DELL Precision 5550\Documents\GitHub\Terrasight-Eurosat-RGB-vs-Multispectral\data\raw\multispectral\River\River_2382.tif,8,8,River,River,River
C:\Users\DELL Precision 5550\Documents\GitHub\Terrasight-Eurosat-RGB-vs-Multispectral\data\raw\multispectral\Highway\Highway_446.tif,3,3,Highway,Highway,Highway
C:\Users\DELL Precision 5550\Documents\GitHub\Terrasight-Eurosat-RGB-vs-Multispectral\data\raw\multispectral\SeaLake\SeaLake_933.tif,9,9,SeaLake,SeaLake,SeaLake
C:\Users\DELL Precision 5550\Documents\GitHub\Terrasight-Eurosat-RGB-vs-Multispectral\data\raw\multispectral\AnnualCrop\AnnualCrop_1091.tif,0,0,AnnualCrop,AnnualCrop,AnnualCrop
C:\Users\DELL Precision 5550\Documents\GitHub\Terrasight-Eurosat-RGB-vs-Multispectral\data\raw\multispectral\Forest\Forest_644.tif,1,1,Forest,Forest,Forest
C:\Users\DELL Precision 5550\Documents\GitHub\Terrasight-Eurosat-RGB-vs-Multispectral\data\raw\multispectral\Pasture\Pasture_1691.tif,5,5,Pasture,Pasture,Pasture
C:\Users\DELL Precision 5550\Documents\GitHub\Terrasight-Eurosat-RGB-vs-Multispectral\data\raw\multispectral\Highway\Highway_461.tif,3,3,Highway,Highway,Highway
C:\Users\DELL Precision 5550\Documents\GitHub\Terrasight-Eurosat-RGB-vs-Multispectral\data\raw\multispectral\AnnualCrop\AnnualCrop_578.tif,0,0,AnnualCrop,AnnualCrop,AnnualCrop
C:\Users\DELL Precision 5550\Documents\GitHub\Terrasight-Eurosat-RGB-vs-Multispectral\data\raw\multispectral\Residential\Residential_2895.tif,7,7,Residential,Residential,Residential
C:\Users\DELL Precision 5550\Documents\GitHub\Terrasight-Eurosat-RGB-vs-Multispectral\data\raw\multispectral\PermanentCrop\PermanentCrop_1032.tif,6,6,PermanentCrop,PermanentCrop,PermanentCrop
C:\Users\DELL Precision 5550\Documents\GitHub\Terrasight-Eurosat-RGB-vs-Multispectral\data\raw\multispectral\AnnualCrop\AnnualCrop_146.tif,0,0,AnnualCrop,AnnualCrop,AnnualCrop
C:\Users\DELL Precision 5550\Documents\GitHub\Terrasight-Eurosat-RGB-vs-Multispectral\data\raw\multispectral\Forest\Forest_1816.tif,1,1,Forest,Forest,Forest
C:\Users\DELL Precision 5550\Documents\GitHub\Terrasight-Eurosat-RGB-vs-Multispectral\data\raw\multispectral\Pasture\Pasture_15.tif,5,5,Pasture,Pasture,Pasture
C:\Users\DELL Precision 5550\Documents\GitHub\Terrasight-Eurosat-RGB-vs-Multispectral\data\raw\multispectral\Highway\Highway_2221.tif,3,6,Highway,PermanentCrop,Highway
C:\Users\DELL Precision 5550\Documents\GitHub\Terrasight-Eurosat-RGB-vs-Multispectral\data\raw\multispectral\River\River_2038.tif,8,8,River,River,River
C:\Users\DELL Precision 5550\Documents\GitHub\Terrasight-Eurosat-RGB-vs-Multispectral\data\raw\multispectral\Pasture\Pasture_797.tif,5,5,Pasture,Pasture,Pasture
C:\Users\DELL Precision 5550\Documents\GitHub\Terrasight-Eurosat-RGB-vs-Multispectral\data\raw\multispectral\Industrial\Industrial_1717.tif,4,4,Industrial,Industrial,Industrial
C:\Users\DELL Precision 5550\Documents\GitHub\Terrasight-Eurosat-RGB-vs-Multispectral\data\raw\multispectral\Industrial\Industrial_1509.tif,4,4,Industrial,Industrial,Industrial
C:\Users\DELL Precision 5550\Documents\GitHub\Terrasight-Eurosat-RGB-vs-Multispectral\data\raw\multispectral\River\River_2394.tif,8,8,River,River,River
C:\Users\DELL Precision 5550\Documents\GitHub\Terrasight-Eurosat-RGB-vs-Multispectral\data\raw\multispectral\Residential\Residential_828.tif,7,7,Residential,Residential,Residential
C:\Users\DELL Precision 5550\Documents\GitHub\Terrasight-Eurosat-RGB-vs-Multispectral\data\raw\multispectral\River\River_1156.tif,8,8,River,River,River
C:\Users\DELL Precision 5550\Documents\GitHub\Terrasight-Eurosat-RGB-vs-Multispectral\data\raw\multispectral\Highway\Highway_32.tif,3,3,Highway,Highway,Highway
C:\Users\DELL Precision 5550\Documents\GitHub\Terrasight-Eurosat-RGB-vs-Multispectral\data\raw\multispectral\SeaLake\SeaLake_1069.tif,9,9,SeaLake,SeaLake,SeaLake
C:\Users\DELL Precision 5550\Documents\GitHub\Terrasight-Eurosat-RGB-vs-Multispectral\data\raw\multispectral\SeaLake\SeaLake_2963.tif,9,9,SeaLake,SeaLake,SeaLake
C:\Users\DELL Precision 5550\Documents\GitHub\Terrasight-Eurosat-RGB-vs-Multispectral\data\raw\multispectral\AnnualCrop\AnnualCrop_937.tif,0,0,AnnualCrop,AnnualCrop,AnnualCrop
C:\Users\DELL Precision 5550\Documents\GitHub\Terrasight-Eurosat-RGB-vs-Multispectral\data\raw\multispectral\Industrial\Industrial_517.tif,4,4,Industrial,Industrial,Industrial
C:\Users\DELL Precision 5550\Documents\GitHub\Terrasight-Eurosat-RGB-vs-Multispectral\data\raw\multispectral\HerbaceousVegetation\HerbaceousVegetation_2240.tif,2,2,HerbaceousVegetation,HerbaceousVegetation,HerbaceousVegetation
C:\Users\DELL Precision 5550\Documents\GitHub\Terrasight-Eurosat-RGB-vs-Multispectral\data\raw\multispectral\Residential\Residential_2609.tif,7,7,Residential,Residential,Residential
C:\Users\DELL Precision 5550\Documents\GitHub\Terrasight-Eurosat-RGB-vs-Multispectral\data\raw\multispectral\SeaLake\SeaLake_1594.tif,9,9,SeaLake,SeaLake,SeaLake
C:\Users\DELL Precision 5550\Documents\GitHub\Terrasight-Eurosat-RGB-vs-Multispectral\data\raw\multispectral\Residential\Residential_1984.tif,7,7,Residential,Residential,Residential
C:\Users\DELL Precision 5550\Documents\GitHub\Terrasight-Eurosat-RGB-vs-Multispectral\data\raw\multispectral\Highway\Highway_1709.tif,3,3,Highway,Highway,Highway
C:\Users\DELL Precision 5550\Documents\GitHub\Terrasight-Eurosat-RGB-vs-Multispectral\data\raw\multispectral\River\River_2253.tif,8,8,River,River,River
C:\Users\DELL Precision 5550\Documents\GitHub\Terrasight-Eurosat-RGB-vs-Multispectral\data\raw\multispectral\HerbaceousVegetation\HerbaceousVegetation_1994.tif,2,2,HerbaceousVegetation,HerbaceousVegetation,HerbaceousVegetation
C:\Users\DELL Precision 5550\Documents\GitHub\Terrasight-Eurosat-RGB-vs-Multispectral\data\raw\multispectral\SeaLake\SeaLake_1155.tif,9,9,SeaLake,SeaLake,SeaLake
C:\Users\DELL Precision 5550\Documents\GitHub\Terrasight-Eurosat-RGB-vs-Multispectral\data\raw\multispectral\Industrial\Industrial_826.tif,4,4,Industrial,Industrial,Industrial
C:\Users\DELL Precision 5550\Documents\GitHub\Terrasight-Eurosat-RGB-vs-Multispectral\data\raw\multispectral\AnnualCrop\AnnualCrop_194.tif,0,0,AnnualCrop,AnnualCrop,AnnualCrop
C:\Users\DELL Precision 5550\Documents\GitHub\Terrasight-Eurosat-RGB-vs-Multispectral\data\raw\multispectral\AnnualCrop\AnnualCrop_1857.tif,0,0,AnnualCrop,AnnualCrop,AnnualCrop
C:\Users\DELL Precision 5550\Documents\GitHub\Terrasight-Eurosat-RGB-vs-Multispectral\data\raw\multispectral\Forest\Forest_2191.tif,1,1,Forest,Forest,Forest
C:\Users\DELL Precision 5550\Documents\GitHub\Terrasight-Eurosat-RGB-vs-Multispectral\data\raw\multispectral\PermanentCrop\PermanentCrop_2150.tif,6,6,PermanentCrop,PermanentCrop,PermanentCrop
C:\Users\DELL Precision 5550\Documents\GitHub\Terrasight-Eurosat-RGB-vs-Multispectral\data\raw\multispectral\Forest\Forest_1199.tif,1,1,Forest,Forest,Forest
C:\Users\DELL Precision 5550\Documents\GitHub\Terrasight-Eurosat-RGB-vs-Multispectral\data\raw\multispectral\PermanentCrop\PermanentCrop_1328.tif,6,6,PermanentCrop,PermanentCrop,PermanentCrop
C:\Users\DELL Precision 5550\Documents\GitHub\Terrasight-Eurosat-RGB-vs-Multispectral\data\raw\multispectral\SeaLake\SeaLake_2311.tif,9,9,SeaLake,SeaLake,SeaLake
C:\Users\DELL Precision 5550\Documents\GitHub\Terrasight-Eurosat-RGB-vs-Multispectral\data\raw\multispectral\AnnualCrop\AnnualCrop_819.tif,0,0,AnnualCrop,AnnualCrop,AnnualCrop
C:\Users\DELL Precision 5550\Documents\GitHub\Terrasight-Eurosat-RGB-vs-Multispectral\data\raw\multispectral\AnnualCrop\AnnualCrop_117.tif,0,0,AnnualCrop,AnnualCrop,AnnualCrop
C:\Users\DELL Precision 5550\Documents\GitHub\Terrasight-Eurosat-RGB-vs-Multispectral\data\raw\multispectral\SeaLake\SeaLake_2892.tif,9,9,SeaLake,SeaLake,SeaLake
C:\Users\DELL Precision 5550\Documents\GitHub\Terrasight-Eurosat-RGB-vs-Multispectral\data\raw\multispectral\Residential\Residential_143.tif,7,7,Residential,Residential,Residential
C:\Users\DELL Precision 5550\Documents\GitHub\Terrasight-Eurosat-RGB-vs-Multispectral\data\raw\multispectral\Industrial\Industrial_404.tif,4,4,Industrial,Industrial,Industrial
C:\Users\DELL Precision 5550\Documents\GitHub\Terrasight-Eurosat-RGB-vs-Multispectral\data\raw\multispectral\Highway\Highway_2298.tif,3,4,Highway,Industrial,Highway
C:\Users\DELL Precision 5550\Documents\GitHub\Terrasight-Eurosat-RGB-vs-Multispectral\data\raw\multispectral\Highway\Highway_2230.tif,3,8,Highway,River,Highway
C:\Users\DELL Precision 5550\Documents\GitHub\Terrasight-Eurosat-RGB-vs-Multispectral\data\raw\multispectral\Pasture\Pasture_366.tif,5,5,Pasture,Pasture,Pasture
C:\Users\DELL Precision 5550\Documents\GitHub\Terrasight-Eurosat-RGB-vs-Multispectral\data\raw\multispectral\HerbaceousVegetation\HerbaceousVegetation_656.tif,2,1,HerbaceousVegetation,Forest,HerbaceousVegetation
C:\Users\DELL Precision 5550\Documents\GitHub\Terrasight-Eurosat-RGB-vs-Multispectral\data\raw\multispectral\AnnualCrop\AnnualCrop_1510.tif,0,0,AnnualCrop,AnnualCrop,AnnualCrop
C:\Users\DELL Precision 5550\Documents\GitHub\Terrasight-Eurosat-RGB-vs-Multispectral\data\raw\multispectral\SeaLake\SeaLake_154.tif,9,9,SeaLake,SeaLake,SeaLake
C:\Users\DELL Precision 5550\Documents\GitHub\Terrasight-Eurosat-RGB-vs-Multispectral\data\raw\multispectral\River\River_1195.tif,8,8,River,River,River
C:\Users\DELL Precision 5550\Documents\GitHub\Terrasight-Eurosat-RGB-vs-Multispectral\data\raw\multispectral\River\River_1753.tif,8,8,River,River,River
C:\Users\DELL Precision 5550\Documents\GitHub\Terrasight-Eurosat-RGB-vs-Multispectral\data\raw\multispectral\Forest\Forest_479.tif,1,1,Forest,Forest,Forest
C:\Users\DELL Precision 5550\Documents\GitHub\Terrasight-Eurosat-RGB-vs-Multispectral\data\raw\multispectral\AnnualCrop\AnnualCrop_384.tif,0,0,AnnualCrop,AnnualCrop,AnnualCrop
C:\Users\DELL Precision 5550\Documents\GitHub\Terrasight-Eurosat-RGB-vs-Multispectral\data\raw\multispectral\Industrial\Industrial_1283.tif,4,4,Industrial,Industrial,Industrial
C:\Users\DELL Precision 5550\Documents\GitHub\Terrasight-Eurosat-RGB-vs-Multispectral\data\raw\multispectral\River\River_1218.tif,8,8,River,River,River
C:\Users\DELL Precision 5550\Documents\GitHub\Terrasight-Eurosat-RGB-vs-Multispectral\data\raw\multispectral\Industrial\Industrial_1310.tif,4,4,Industrial,Industrial,Industrial
C:\Users\DELL Precision 5550\Documents\GitHub\Terrasight-Eurosat-RGB-vs-Multispectral\data\raw\multispectral\PermanentCrop\PermanentCrop_2031.tif,6,6,PermanentCrop,PermanentCrop,PermanentCrop
C:\Users\DELL Precision 5550\Documents\GitHub\Terrasight-Eurosat-RGB-vs-Multispectral\data\raw\multispectral\Pasture\Pasture_192.tif,5,5,Pasture,Pasture,Pasture
C:\Users\DELL Precision 5550\Documents\GitHub\Terrasight-Eurosat-RGB-vs-Multispectral\data\raw\multispectral\Forest\Forest_828.tif,1,1,Forest,Forest,Forest
C:\Users\DELL Precision 5550\Documents\GitHub\Terrasight-Eurosat-RGB-vs-Multispectral\data\raw\multispectral\River\River_1800.tif,8,8,River,River,River
C:\Users\DELL Precision 5550\Documents\GitHub\Terrasight-Eurosat-RGB-vs-Multispectral\data\raw\multispectral\Forest\Forest_1469.tif,1,1,Forest,Forest,Forest
C:\Users\DELL Precision 5550\Documents\GitHub\Terrasight-Eurosat-RGB-vs-Multispectral\data\raw\multispectral\Industrial\Industrial_309.tif,4,4,Industrial,Industrial,Industrial
C:\Users\DELL Precision 5550\Documents\GitHub\Terrasight-Eurosat-RGB-vs-Multispectral\data\raw\multispectral\AnnualCrop\AnnualCrop_174.tif,0,0,AnnualCrop,AnnualCrop,AnnualCrop
C:\Users\DELL Precision 5550\Documents\GitHub\Terrasight-Eurosat-RGB-vs-Multispectral\data\raw\multispectral\Highway\Highway_1247.tif,3,3,Highway,Highway,Highway
C:\Users\DELL Precision 5550\Documents\GitHub\Terrasight-Eurosat-RGB-vs-Multispectral\data\raw\multispectral\SeaLake\SeaLake_1545.tif,9,9,SeaLake,SeaLake,SeaLake
C:\Users\DELL Precision 5550\Documents\GitHub\Terrasight-Eurosat-RGB-vs-Multispectral\data\raw\multispectral\PermanentCrop\PermanentCrop_1357.tif,6,6,PermanentCrop,PermanentCrop,PermanentCrop
C:\Users\DELL Precision 5550\Documents\GitHub\Terrasight-Eurosat-RGB-vs-Multispectral\data\raw\multispectral\PermanentCrop\PermanentCrop_1787.tif,6,6,PermanentCrop,PermanentCrop,PermanentCrop
C:\Users\DELL Precision 5550\Documents\GitHub\Terrasight-Eurosat-RGB-vs-Multispectral\data\raw\multispectral\Industrial\Industrial_1467.tif,4,4,Industrial,Industrial,Industrial
C:\Users\DELL Precision 5550\Documents\GitHub\Terrasight-Eurosat-RGB-vs-Multispectral\data\raw\multispectral\Forest\Forest_912.tif,1,1,Forest,Forest,Forest
C:\Users\DELL Precision 5550\Documents\GitHub\Terrasight-Eurosat-RGB-vs-Multispectral\data\raw\multispectral\SeaLake\SeaLake_675.tif,9,9,SeaLake,SeaLake,SeaLake
C:\Users\DELL Precision 5550\Documents\GitHub\Terrasight-Eurosat-RGB-vs-Multispectral\data\raw\multispectral\River\River_269.tif,8,8,River,River,River
C:\Users\DELL Precision 5550\Documents\GitHub\Terrasight-Eurosat-RGB-vs-Multispectral\data\raw\multispectral\SeaLake\SeaLake_1593.tif,9,9,SeaLake,SeaLake,SeaLake
C:\Users\DELL Precision 5550\Documents\GitHub\Terrasight-Eurosat-RGB-vs-Multispectral\data\raw\multispectral\River\River_2266.tif,8,8,River,River,River
C:\Users\DELL Precision 5550\Documents\GitHub\Terrasight-Eurosat-RGB-vs-Multispectral\data\raw\multispectral\Highway\Highway_121.tif,3,3,Highway,Highway,Highway
C:\Users\DELL Precision 5550\Documents\GitHub\Terrasight-Eurosat-RGB-vs-Multispectral\data\raw\multispectral\HerbaceousVegetation\HerbaceousVegetation_2939.tif,2,2,HerbaceousVegetation,HerbaceousVegetation,HerbaceousVegetation
C:\Users\DELL Precision 5550\Documents\GitHub\Terrasight-Eurosat-RGB-vs-Multispectral\data\raw\multispectral\Industrial\Industrial_2132.tif,4,4,Industrial,Industrial,Industrial
C:\Users\DELL Precision 5550\Documents\GitHub\Terrasight-Eurosat-RGB-vs-Multispectral\data\raw\multispectral\River\River_2191.tif,8,8,River,River,River
C:\Users\DELL Precision 5550\Documents\GitHub\Terrasight-Eurosat-RGB-vs-Multispectral\data\raw\multispectral\Residential\Residential_94.tif,7,7,Residential,Residential,Residential
C:\Users\DELL Precision 5550\Documents\GitHub\Terrasight-Eurosat-RGB-vs-Multispectral\data\raw\multispectral\Pasture\Pasture_459.tif,5,5,Pasture,Pasture,Pasture
C:\Users\DELL Precision 5550\Documents\GitHub\Terrasight-Eurosat-RGB-vs-Multispectral\data\raw\multispectral\Residential\Residential_1963.tif,7,7,Residential,Residential,Residential
C:\Users\DELL Precision 5550\Documents\GitHub\Terrasight-Eurosat-RGB-vs-Multispectral\data\raw\multispectral\Industrial\Industrial_1776.tif,4,4,Industrial,Industrial,Industrial
C:\Users\DELL Precision 5550\Documents\GitHub\Terrasight-Eurosat-RGB-vs-Multispectral\data\raw\multispectral\Residential\Residential_1909.tif,7,7,Residential,Residential,Residential
C:\Users\DELL Precision 5550\Documents\GitHub\Terrasight-Eurosat-RGB-vs-Multispectral\data\raw\multispectral\AnnualCrop\AnnualCrop_1374.tif,0,0,AnnualCrop,AnnualCrop,AnnualCrop
C:\Users\DELL Precision 5550\Documents\GitHub\Terrasight-Eurosat-RGB-vs-Multispectral\data\raw\multispectral\HerbaceousVegetation\HerbaceousVegetation_2674.tif,2,2,HerbaceousVegetation,HerbaceousVegetation,HerbaceousVegetation
C:\Users\DELL Precision 5550\Documents\GitHub\Terrasight-Eurosat-RGB-vs-Multispectral\data\raw\multispectral\River\River_1949.tif,8,8,River,River,River
C:\Users\DELL Precision 5550\Documents\GitHub\Terrasight-Eurosat-RGB-vs-Multispectral\data\raw\multispectral\Pasture\Pasture_257.tif,5,5,Pasture,Pasture,Pasture
C:\Users\DELL Precision 5550\Documents\GitHub\Terrasight-Eurosat-RGB-vs-Multispectral\data\raw\multispectral\Pasture\Pasture_602.tif,5,5,Pasture,Pasture,Pasture
C:\Users\DELL Precision 5550\Documents\GitHub\Terrasight-Eurosat-RGB-vs-Multispectral\data\raw\multispectral\Highway\Highway_1336.tif,3,3,Highway,Highway,Highway
C:\Users\DELL Precision 5550\Documents\GitHub\Terrasight-Eurosat-RGB-vs-Multispectral\data\raw\multispectral\River\River_1542.tif,8,8,River,River,River
C:\Users\DELL Precision 5550\Documents\GitHub\Terrasight-Eurosat-RGB-vs-Multispectral\data\raw\multispectral\Residential\Residential_1710.tif,7,7,Residential,Residential,Residential
C:\Users\DELL Precision 5550\Documents\GitHub\Terrasight-Eurosat-RGB-vs-Multispectral\data\raw\multispectral\Industrial\Industrial_1720.tif,4,4,Industrial,Industrial,Industrial
C:\Users\DELL Precision 5550\Documents\GitHub\Terrasight-Eurosat-RGB-vs-Multispectral\data\raw\multispectral\HerbaceousVegetation\HerbaceousVegetation_803.tif,2,2,HerbaceousVegetation,HerbaceousVegetation,HerbaceousVegetation
C:\Users\DELL Precision 5550\Documents\GitHub\Terrasight-Eurosat-RGB-vs-Multispectral\data\raw\multispectral\Forest\Forest_253.tif,1,1,Forest,Forest,Forest
C:\Users\DELL Precision 5550\Documents\GitHub\Terrasight-Eurosat-RGB-vs-Multispectral\data\raw\multispectral\Highway\Highway_942.tif,3,3,Highway,Highway,Highway
C:\Users\DELL Precision 5550\Documents\GitHub\Terrasight-Eurosat-RGB-vs-Multispectral\data\raw\multispectral\SeaLake\SeaLake_1861.tif,9,9,SeaLake,SeaLake,SeaLake
C:\Users\DELL Precision 5550\Documents\GitHub\Terrasight-Eurosat-RGB-vs-Multispectral\data\raw\multispectral\Forest\Forest_2772.tif,1,1,Forest,Forest,Forest
C:\Users\DELL Precision 5550\Documents\GitHub\Terrasight-Eurosat-RGB-vs-Multispectral\data\raw\multispectral\Residential\Residential_731.tif,7,7,Residential,Residential,Residential
C:\Users\DELL Precision 5550\Documents\GitHub\Terrasight-Eurosat-RGB-vs-Multispectral\data\raw\multispectral\SeaLake\SeaLake_2901.tif,9,9,SeaLake,SeaLake,SeaLake
C:\Users\DELL Precision 5550\Documents\GitHub\Terrasight-Eurosat-RGB-vs-Multispectral\data\raw\multispectral\HerbaceousVegetation\HerbaceousVegetation_908.tif,2,2,HerbaceousVegetation,HerbaceousVegetation,HerbaceousVegetation
C:\Users\DELL Precision 5550\Documents\GitHub\Terrasight-Eurosat-RGB-vs-Multispectral\data\raw\multispectral\PermanentCrop\PermanentCrop_2057.tif,6,6,PermanentCrop,PermanentCrop,PermanentCrop
C:\Users\DELL Precision 5550\Documents\GitHub\Terrasight-Eurosat-RGB-vs-Multispectral\data\raw\multispectral\AnnualCrop\AnnualCrop_2618.tif,0,0,AnnualCrop,AnnualCrop,AnnualCrop
C:\Users\DELL Precision 5550\Documents\GitHub\Terrasight-Eurosat-RGB-vs-Multispectral\data\raw\multispectral\AnnualCrop\AnnualCrop_613.tif,0,6,AnnualCrop,PermanentCrop,AnnualCrop
C:\Users\DELL Precision 5550\Documents\GitHub\Terrasight-Eurosat-RGB-vs-Multispectral\data\raw\multispectral\Pasture\Pasture_1503.tif,5,5,Pasture,Pasture,Pasture
C:\Users\DELL Precision 5550\Documents\GitHub\Terrasight-Eurosat-RGB-vs-Multispectral\data\raw\multispectral\Residential\Residential_2794.tif,7,7,Residential,Residential,Residential
C:\Users\DELL Precision 5550\Documents\GitHub\Terrasight-Eurosat-RGB-vs-Multispectral\data\raw\multispectral\PermanentCrop\PermanentCrop_277.tif,6,6,PermanentCrop,PermanentCrop,PermanentCrop
C:\Users\DELL Precision 5550\Documents\GitHub\Terrasight-Eurosat-RGB-vs-Multispectral\data\raw\multispectral\HerbaceousVegetation\HerbaceousVegetation_139.tif,2,2,HerbaceousVegetation,HerbaceousVegetation,HerbaceousVegetation
C:\Users\DELL Precision 5550\Documents\GitHub\Terrasight-Eurosat-RGB-vs-Multispectral\data\raw\multispectral\Industrial\Industrial_1298.tif,4,4,Industrial,Industrial,Industrial
C:\Users\DELL Precision 5550\Documents\GitHub\Terrasight-Eurosat-RGB-vs-Multispectral\data\raw\multispectral\Residential\Residential_14.tif,7,7,Residential,Residential,Residential
C:\Users\DELL Precision 5550\Documents\GitHub\Terrasight-Eurosat-RGB-vs-Multispectral\data\raw\multispectral\Residential\Residential_999.tif,7,7,Residential,Residential,Residential
C:\Users\DELL Precision 5550\Documents\GitHub\Terrasight-Eurosat-RGB-vs-Multispectral\data\raw\multispectral\Industrial\Industrial_1374.tif,4,4,Industrial,Industrial,Industrial
C:\Users\DELL Precision 5550\Documents\GitHub\Terrasight-Eurosat-RGB-vs-Multispectral\data\raw\multispectral\Forest\Forest_675.tif,1,1,Forest,Forest,Forest
C:\Users\DELL Precision 5550\Documents\GitHub\Terrasight-Eurosat-RGB-vs-Multispectral\data\raw\multispectral\Residential\Residential_2589.tif,7,7,Residential,Residential,Residential
C:\Users\DELL Precision 5550\Documents\GitHub\Terrasight-Eurosat-RGB-vs-Multispectral\data\raw\multispectral\Highway\Highway_1389.tif,3,3,Highway,Highway,Highway
C:\Users\DELL Precision 5550\Documents\GitHub\Terrasight-Eurosat-RGB-vs-Multispectral\data\raw\multispectral\Highway\Highway_1501.tif,3,3,Highway,Highway,Highway
C:\Users\DELL Precision 5550\Documents\GitHub\Terrasight-Eurosat-RGB-vs-Multispectral\data\raw\multispectral\PermanentCrop\PermanentCrop_1862.tif,6,6,PermanentCrop,PermanentCrop,PermanentCrop
C:\Users\DELL Precision 5550\Documents\GitHub\Terrasight-Eurosat-RGB-vs-Multispectral\data\raw\multispectral\SeaLake\SeaLake_1573.tif,9,9,SeaLake,SeaLake,SeaLake
C:\Users\DELL Precision 5550\Documents\GitHub\Terrasight-Eurosat-RGB-vs-Multispectral\data\raw\multispectral\Industrial\Industrial_1258.tif,4,4,Industrial,Industrial,Industrial
C:\Users\DELL Precision 5550\Documents\GitHub\Terrasight-Eurosat-RGB-vs-Multispectral\data\raw\multispectral\Pasture\Pasture_480.tif,5,5,Pasture,Pasture,Pasture
C:\Users\DELL Precision 5550\Documents\GitHub\Terrasight-Eurosat-RGB-vs-Multispectral\data\raw\multispectral\River\River_1680.tif,8,8,River,River,River
C:\Users\DELL Precision 5550\Documents\GitHub\Terrasight-Eurosat-RGB-vs-Multispectral\data\raw\multispectral\PermanentCrop\PermanentCrop_343.tif,6,6,PermanentCrop,PermanentCrop,PermanentCrop
C:\Users\DELL Precision 5550\Documents\GitHub\Terrasight-Eurosat-RGB-vs-Multispectral\data\raw\multispectral\SeaLake\SeaLake_2171.tif,9,9,SeaLake,SeaLake,SeaLake
C:\Users\DELL Precision 5550\Documents\GitHub\Terrasight-Eurosat-RGB-vs-Multispectral\data\raw\multispectral\Residential\Residential_2759.tif,7,7,Residential,Residential,Residential
C:\Users\DELL Precision 5550\Documents\GitHub\Terrasight-Eurosat-RGB-vs-Multispectral\data\raw\multispectral\Highway\Highway_14.tif,3,4,Highway,Industrial,Highway
C:\Users\DELL Precision 5550\Documents\GitHub\Terrasight-Eurosat-RGB-vs-Multispectral\data\raw\multispectral\PermanentCrop\PermanentCrop_2153.tif,6,6,PermanentCrop,PermanentCrop,PermanentCrop
C:\Users\DELL Precision 5550\Documents\GitHub\Terrasight-Eurosat-RGB-vs-Multispectral\data\raw\multispectral\Residential\Residential_1512.tif,7,7,Residential,Residential,Residential
C:\Users\DELL Precision 5550\Documents\GitHub\Terrasight-Eurosat-RGB-vs-Multispectral\data\raw\multispectral\River\River_2194.tif,8,8,River,River,River
C:\Users\DELL Precision 5550\Documents\GitHub\Terrasight-Eurosat-RGB-vs-Multispectral\data\raw\multispectral\SeaLake\SeaLake_2446.tif,9,9,SeaLake,SeaLake,SeaLake
C:\Users\DELL Precision 5550\Documents\GitHub\Terrasight-Eurosat-RGB-vs-Multispectral\data\raw\multispectral\HerbaceousVegetation\HerbaceousVegetation_2418.tif,2,2,HerbaceousVegetation,HerbaceousVegetation,HerbaceousVegetation
C:\Users\DELL Precision 5550\Documents\GitHub\Terrasight-Eurosat-RGB-vs-Multispectral\data\raw\multispectral\HerbaceousVegetation\HerbaceousVegetation_574.tif,2,2,HerbaceousVegetation,HerbaceousVegetation,HerbaceousVegetation
C:\Users\DELL Precision 5550\Documents\GitHub\Terrasight-Eurosat-RGB-vs-Multispectral\data\raw\multispectral\Residential\Residential_1232.tif,7,7,Residential,Residential,Residential
C:\Users\DELL Precision 5550\Documents\GitHub\Terrasight-Eurosat-RGB-vs-Multispectral\data\raw\multispectral\Forest\Forest_2103.tif,1,1,Forest,Forest,Forest
C:\Users\DELL Precision 5550\Documents\GitHub\Terrasight-Eurosat-RGB-vs-Multispectral\data\raw\multispectral\Residential\Residential_451.tif,7,7,Residential,Residential,Residential
C:\Users\DELL Precision 5550\Documents\GitHub\Terrasight-Eurosat-RGB-vs-Multispectral\data\raw\multispectral\AnnualCrop\AnnualCrop_1226.tif,0,0,AnnualCrop,AnnualCrop,AnnualCrop
C:\Users\DELL Precision 5550\Documents\GitHub\Terrasight-Eurosat-RGB-vs-Multispectral\data\raw\multispectral\AnnualCrop\AnnualCrop_1539.tif,0,0,AnnualCrop,AnnualCrop,AnnualCrop
C:\Users\DELL Precision 5550\Documents\GitHub\Terrasight-Eurosat-RGB-vs-Multispectral\data\raw\multispectral\River\River_1487.tif,8,8,River,River,River
C:\Users\DELL Precision 5550\Documents\GitHub\Terrasight-Eurosat-RGB-vs-Multispectral\data\raw\multispectral\PermanentCrop\PermanentCrop_434.tif,6,6,PermanentCrop,PermanentCrop,PermanentCrop
C:\Users\DELL Precision 5550\Documents\GitHub\Terrasight-Eurosat-RGB-vs-Multispectral\data\raw\multispectral\AnnualCrop\AnnualCrop_907.tif,0,0,AnnualCrop,AnnualCrop,AnnualCrop
C:\Users\DELL Precision 5550\Documents\GitHub\Terrasight-Eurosat-RGB-vs-Multispectral\data\raw\multispectral\PermanentCrop\PermanentCrop_1932.tif,6,6,PermanentCrop,PermanentCrop,PermanentCrop
C:\Users\DELL Precision 5550\Documents\GitHub\Terrasight-Eurosat-RGB-vs-Multispectral\data\raw\multispectral\Forest\Forest_27.tif,1,1,Forest,Forest,Forest
C:\Users\DELL Precision 5550\Documents\GitHub\Terrasight-Eurosat-RGB-vs-Multispectral\data\raw\multispectral\Highway\Highway_2150.tif,3,3,Highway,Highway,Highway
C:\Users\DELL Precision 5550\Documents\GitHub\Terrasight-Eurosat-RGB-vs-Multispectral\data\raw\multispectral\River\River_2212.tif,8,8,River,River,River
C:\Users\DELL Precision 5550\Documents\GitHub\Terrasight-Eurosat-RGB-vs-Multispectral\data\raw\multispectral\Highway\Highway_986.tif,3,3,Highway,Highway,Highway
C:\Users\DELL Precision 5550\Documents\GitHub\Terrasight-Eurosat-RGB-vs-Multispectral\data\raw\multispectral\SeaLake\SeaLake_2806.tif,9,9,SeaLake,SeaLake,SeaLake
C:\Users\DELL Precision 5550\Documents\GitHub\Terrasight-Eurosat-RGB-vs-Multispectral\data\raw\multispectral\SeaLake\SeaLake_1679.tif,9,9,SeaLake,SeaLake,SeaLake
C:\Users\DELL Precision 5550\Documents\GitHub\Terrasight-Eurosat-RGB-vs-Multispectral\data\raw\multispectral\SeaLake\SeaLake_1579.tif,9,9,SeaLake,SeaLake,SeaLake
C:\Users\DELL Precision 5550\Documents\GitHub\Terrasight-Eurosat-RGB-vs-Multispectral\data\raw\multispectral\SeaLake\SeaLake_2861.tif,9,9,SeaLake,SeaLake,SeaLake
C:\Users\DELL Precision 5550\Documents\GitHub\Terrasight-Eurosat-RGB-vs-Multispectral\data\raw\multispectral\Forest\Forest_2167.tif,1,1,Forest,Forest,Forest
C:\Users\DELL Precision 5550\Documents\GitHub\Terrasight-Eurosat-RGB-vs-Multispectral\data\raw\multispectral\PermanentCrop\PermanentCrop_394.tif,6,6,PermanentCrop,PermanentCrop,PermanentCrop
C:\Users\DELL Precision 5550\Documents\GitHub\Terrasight-Eurosat-RGB-vs-Multispectral\data\raw\multispectral\Industrial\Industrial_2377.tif,4,4,Industrial,Industrial,Industrial
C:\Users\DELL Precision 5550\Documents\GitHub\Terrasight-Eurosat-RGB-vs-Multispectral\data\raw\multispectral\AnnualCrop\AnnualCrop_2823.tif,0,0,AnnualCrop,AnnualCrop,AnnualCrop
C:\Users\DELL Precision 5550\Documents\GitHub\Terrasight-Eurosat-RGB-vs-Multispectral\data\raw\multispectral\Industrial\Industrial_106.tif,4,4,Industrial,Industrial,Industrial
C:\Users\DELL Precision 5550\Documents\GitHub\Terrasight-Eurosat-RGB-vs-Multispectral\data\raw\multispectral\Highway\Highway_1354.tif,3,3,Highway,Highway,Highway
C:\Users\DELL Precision 5550\Documents\GitHub\Terrasight-Eurosat-RGB-vs-Multispectral\data\raw\multispectral\River\River_284.tif,8,8,River,River,River
C:\Users\DELL Precision 5550\Documents\GitHub\Terrasight-Eurosat-RGB-vs-Multispectral\data\raw\multispectral\Residential\Residential_1236.tif,7,7,Residential,Residential,Residential
C:\Users\DELL Precision 5550\Documents\GitHub\Terrasight-Eurosat-RGB-vs-Multispectral\data\raw\multispectral\SeaLake\SeaLake_413.tif,9,9,SeaLake,SeaLake,SeaLake
C:\Users\DELL Precision 5550\Documents\GitHub\Terrasight-Eurosat-RGB-vs-Multispectral\data\raw\multispectral\Industrial\Industrial_1213.tif,4,6,Industrial,PermanentCrop,Industrial
C:\Users\DELL Precision 5550\Documents\GitHub\Terrasight-Eurosat-RGB-vs-Multispectral\data\raw\multispectral\Residential\Residential_57.tif,7,7,Residential,Residential,Residential
C:\Users\DELL Precision 5550\Documents\GitHub\Terrasight-Eurosat-RGB-vs-Multispectral\data\raw\multispectral\River\River_2440.tif,8,8,River,River,River
C:\Users\DELL Precision 5550\Documents\GitHub\Terrasight-Eurosat-RGB-vs-Multispectral\data\raw\multispectral\SeaLake\SeaLake_815.tif,9,9,SeaLake,SeaLake,SeaLake
C:\Users\DELL Precision 5550\Documents\GitHub\Terrasight-Eurosat-RGB-vs-Multispectral\data\raw\multispectral\River\River_1232.tif,8,8,River,River,River
C:\Users\DELL Precision 5550\Documents\GitHub\Terrasight-Eurosat-RGB-vs-Multispectral\data\raw\multispectral\Industrial\Industrial_1166.tif,4,4,Industrial,Industrial,Industrial
C:\Users\DELL Precision 5550\Documents\GitHub\Terrasight-Eurosat-RGB-vs-Multispectral\data\raw\multispectral\River\River_1835.tif,8,8,River,River,River
C:\Users\DELL Precision 5550\Documents\GitHub\Terrasight-Eurosat-RGB-vs-Multispectral\data\raw\multispectral\HerbaceousVegetation\HerbaceousVegetation_2358.tif,2,2,HerbaceousVegetation,HerbaceousVegetation,HerbaceousVegetation
C:\Users\DELL Precision 5550\Documents\GitHub\Terrasight-Eurosat-RGB-vs-Multispectral\data\raw\multispectral\HerbaceousVegetation\HerbaceousVegetation_2749.tif,2,7,HerbaceousVegetation,Residential,HerbaceousVegetation
C:\Users\DELL Precision 5550\Documents\GitHub\Terrasight-Eurosat-RGB-vs-Multispectral\data\raw\multispectral\Highway\Highway_74.tif,3,3,Highway,Highway,Highway
C:\Users\DELL Precision 5550\Documents\GitHub\Terrasight-Eurosat-RGB-vs-Multispectral\data\raw\multispectral\Highway\Highway_478.tif,3,3,Highway,Highway,Highway
C:\Users\DELL Precision 5550\Documents\GitHub\Terrasight-Eurosat-RGB-vs-Multispectral\data\raw\multispectral\Residential\Residential_1538.tif,7,7,Residential,Residential,Residential
C:\Users\DELL Precision 5550\Documents\GitHub\Terrasight-Eurosat-RGB-vs-Multispectral\data\raw\multispectral\Forest\Forest_2414.tif,1,1,Forest,Forest,Forest
C:\Users\DELL Precision 5550\Documents\GitHub\Terrasight-Eurosat-RGB-vs-Multispectral\data\raw\multispectral\Industrial\Industrial_2419.tif,4,4,Industrial,Industrial,Industrial
C:\Users\DELL Precision 5550\Documents\GitHub\Terrasight-Eurosat-RGB-vs-Multispectral\data\raw\multispectral\HerbaceousVegetation\HerbaceousVegetation_625.tif,2,2,HerbaceousVegetation,HerbaceousVegetation,HerbaceousVegetation
C:\Users\DELL Precision 5550\Documents\GitHub\Terrasight-Eurosat-RGB-vs-Multispectral\data\raw\multispectral\PermanentCrop\PermanentCrop_634.tif,6,6,PermanentCrop,PermanentCrop,PermanentCrop
C:\Users\DELL Precision 5550\Documents\GitHub\Terrasight-Eurosat-RGB-vs-Multispectral\data\raw\multispectral\AnnualCrop\AnnualCrop_61.tif,0,0,AnnualCrop,AnnualCrop,AnnualCrop
C:\Users\DELL Precision 5550\Documents\GitHub\Terrasight-Eurosat-RGB-vs-Multispectral\data\raw\multispectral\Industrial\Industrial_2072.tif,4,4,Industrial,Industrial,Industrial
C:\Users\DELL Precision 5550\Documents\GitHub\Terrasight-Eurosat-RGB-vs-Multispectral\data\raw\multispectral\Forest\Forest_1144.tif,1,1,Forest,Forest,Forest
C:\Users\DELL Precision 5550\Documents\GitHub\Terrasight-Eurosat-RGB-vs-Multispectral\data\raw\multispectral\PermanentCrop\PermanentCrop_1515.tif,6,6,PermanentCrop,PermanentCrop,PermanentCrop
C:\Users\DELL Precision 5550\Documents\GitHub\Terrasight-Eurosat-RGB-vs-Multispectral\data\raw\multispectral\Residential\Residential_2241.tif,7,7,Residential,Residential,Residential
C:\Users\DELL Precision 5550\Documents\GitHub\Terrasight-Eurosat-RGB-vs-Multispectral\data\raw\multispectral\Industrial\Industrial_1585.tif,4,4,Industrial,Industrial,Industrial
C:\Users\DELL Precision 5550\Documents\GitHub\Terrasight-Eurosat-RGB-vs-Multispectral\data\raw\multispectral\Forest\Forest_1734.tif,1,1,Forest,Forest,Forest
C:\Users\DELL Precision 5550\Documents\GitHub\Terrasight-Eurosat-RGB-vs-Multispectral\data\raw\multispectral\SeaLake\SeaLake_1313.tif,9,9,SeaLake,SeaLake,SeaLake
C:\Users\DELL Precision 5550\Documents\GitHub\Terrasight-Eurosat-RGB-vs-Multispectral\data\raw\multispectral\AnnualCrop\AnnualCrop_786.tif,0,0,AnnualCrop,AnnualCrop,AnnualCrop
C:\Users\DELL Precision 5550\Documents\GitHub\Terrasight-Eurosat-RGB-vs-Multispectral\data\raw\multispectral\PermanentCrop\PermanentCrop_253.tif,6,6,PermanentCrop,PermanentCrop,PermanentCrop
C:\Users\DELL Precision 5550\Documents\GitHub\Terrasight-Eurosat-RGB-vs-Multispectral\data\raw\multispectral\Highway\Highway_2039.tif,3,3,Highway,Highway,Highway
C:\Users\DELL Precision 5550\Documents\GitHub\Terrasight-Eurosat-RGB-vs-Multispectral\data\raw\multispectral\SeaLake\SeaLake_1473.tif,9,9,SeaLake,SeaLake,SeaLake
C:\Users\DELL Precision 5550\Documents\GitHub\Terrasight-Eurosat-RGB-vs-Multispectral\data\raw\multispectral\PermanentCrop\PermanentCrop_1944.tif,6,6,PermanentCrop,PermanentCrop,PermanentCrop
C:\Users\DELL Precision 5550\Documents\GitHub\Terrasight-Eurosat-RGB-vs-Multispectral\data\raw\multispectral\Residential\Residential_1210.tif,7,7,Residential,Residential,Residential
C:\Users\DELL Precision 5550\Documents\GitHub\Terrasight-Eurosat-RGB-vs-Multispectral\data\raw\multispectral\PermanentCrop\PermanentCrop_1430.tif,6,6,PermanentCrop,PermanentCrop,PermanentCrop
C:\Users\DELL Precision 5550\Documents\GitHub\Terrasight-Eurosat-RGB-vs-Multispectral\data\raw\multispectral\Highway\Highway_1655.tif,3,6,Highway,PermanentCrop,Highway
C:\Users\DELL Precision 5550\Documents\GitHub\Terrasight-Eurosat-RGB-vs-Multispectral\data\raw\multispectral\Residential\Residential_1879.tif,7,7,Residential,Residential,Residential
C:\Users\DELL Precision 5550\Documents\GitHub\Terrasight-Eurosat-RGB-vs-Multispectral\data\raw\multispectral\PermanentCrop\PermanentCrop_1855.tif,6,6,PermanentCrop,PermanentCrop,PermanentCrop
C:\Users\DELL Precision 5550\Documents\GitHub\Terrasight-Eurosat-RGB-vs-Multispectral\data\raw\multispectral\Residential\Residential_1921.tif,7,7,Residential,Residential,Residential
C:\Users\DELL Precision 5550\Documents\GitHub\Terrasight-Eurosat-RGB-vs-Multispectral\data\raw\multispectral\AnnualCrop\AnnualCrop_134.tif,0,0,AnnualCrop,AnnualCrop,AnnualCrop
C:\Users\DELL Precision 5550\Documents\GitHub\Terrasight-Eurosat-RGB-vs-Multispectral\data\raw\multispectral\SeaLake\SeaLake_2490.tif,9,9,SeaLake,SeaLake,SeaLake
C:\Users\DELL Precision 5550\Documents\GitHub\Terrasight-Eurosat-RGB-vs-Multispectral\data\raw\multispectral\Pasture\Pasture_67.tif,5,5,Pasture,Pasture,Pasture
C:\Users\DELL Precision 5550\Documents\GitHub\Terrasight-Eurosat-RGB-vs-Multispectral\data\raw\multispectral\Forest\Forest_919.tif,1,1,Forest,Forest,Forest
C:\Users\DELL Precision 5550\Documents\GitHub\Terrasight-Eurosat-RGB-vs-Multispectral\data\raw\multispectral\HerbaceousVegetation\HerbaceousVegetation_2308.tif,2,2,HerbaceousVegetation,HerbaceousVegetation,HerbaceousVegetation
C:\Users\DELL Precision 5550\Documents\GitHub\Terrasight-Eurosat-RGB-vs-Multispectral\data\raw\multispectral\Industrial\Industrial_2298.tif,4,4,Industrial,Industrial,Industrial
C:\Users\DELL Precision 5550\Documents\GitHub\Terrasight-Eurosat-RGB-vs-Multispectral\data\raw\multispectral\Pasture\Pasture_802.tif,5,5,Pasture,Pasture,Pasture
C:\Users\DELL Precision 5550\Documents\GitHub\Terrasight-Eurosat-RGB-vs-Multispectral\data\raw\multispectral\PermanentCrop\PermanentCrop_581.tif,6,6,PermanentCrop,PermanentCrop,PermanentCrop
C:\Users\DELL Precision 5550\Documents\GitHub\Terrasight-Eurosat-RGB-vs-Multispectral\data\raw\multispectral\SeaLake\SeaLake_880.tif,9,9,SeaLake,SeaLake,SeaLake
C:\Users\DELL Precision 5550\Documents\GitHub\Terrasight-Eurosat-RGB-vs-Multispectral\data\raw\multispectral\Industrial\Industrial_2068.tif,4,4,Industrial,Industrial,Industrial
C:\Users\DELL Precision 5550\Documents\GitHub\Terrasight-Eurosat-RGB-vs-Multispectral\data\raw\multispectral\SeaLake\SeaLake_367.tif,9,9,SeaLake,SeaLake,SeaLake
C:\Users\DELL Precision 5550\Documents\GitHub\Terrasight-Eurosat-RGB-vs-Multispectral\data\raw\multispectral\SeaLake\SeaLake_1915.tif,9,9,SeaLake,SeaLake,SeaLake
C:\Users\DELL Precision 5550\Documents\GitHub\Terrasight-Eurosat-RGB-vs-Multispectral\data\raw\multispectral\SeaLake\SeaLake_2438.tif,9,9,SeaLake,SeaLake,SeaLake
C:\Users\DELL Precision 5550\Documents\GitHub\Terrasight-Eurosat-RGB-vs-Multispectral\data\raw\multispectral\River\River_643.tif,8,8,River,River,River
C:\Users\DELL Precision 5550\Documents\GitHub\Terrasight-Eurosat-RGB-vs-Multispectral\data\raw\multispectral\Residential\Residential_1513.tif,7,7,Residential,Residential,Residential
C:\Users\DELL Precision 5550\Documents\GitHub\Terrasight-Eurosat-RGB-vs-Multispectral\data\raw\multispectral\Highway\Highway_2160.tif,3,3,Highway,Highway,Highway
C:\Users\DELL Precision 5550\Documents\GitHub\Terrasight-Eurosat-RGB-vs-Multispectral\data\raw\multispectral\Forest\Forest_444.tif,1,1,Forest,Forest,Forest
C:\Users\DELL Precision 5550\Documents\GitHub\Terrasight-Eurosat-RGB-vs-Multispectral\data\raw\multispectral\HerbaceousVegetation\HerbaceousVegetation_2844.tif,2,2,HerbaceousVegetation,HerbaceousVegetation,HerbaceousVegetation
C:\Users\DELL Precision 5550\Documents\GitHub\Terrasight-Eurosat-RGB-vs-Multispectral\data\raw\multispectral\AnnualCrop\AnnualCrop_2951.tif,0,0,AnnualCrop,AnnualCrop,AnnualCrop
C:\Users\DELL Precision 5550\Documents\GitHub\Terrasight-Eurosat-RGB-vs-Multispectral\data\raw\multispectral\Industrial\Industrial_652.tif,4,4,Industrial,Industrial,Industrial
C:\Users\DELL Precision 5550\Documents\GitHub\Terrasight-Eurosat-RGB-vs-Multispectral\data\raw\multispectral\Pasture\Pasture_576.tif,5,5,Pasture,Pasture,Pasture
C:\Users\DELL Precision 5550\Documents\GitHub\Terrasight-Eurosat-RGB-vs-Multispectral\data\raw\multispectral\AnnualCrop\AnnualCrop_1462.tif,0,0,AnnualCrop,AnnualCrop,AnnualCrop
C:\Users\DELL Precision 5550\Documents\GitHub\Terrasight-Eurosat-RGB-vs-Multispectral\data\raw\multispectral\Pasture\Pasture_782.tif,5,0,Pasture,AnnualCrop,Pasture
C:\Users\DELL Precision 5550\Documents\GitHub\Terrasight-Eurosat-RGB-vs-Multispectral\data\raw\multispectral\PermanentCrop\PermanentCrop_964.tif,6,6,PermanentCrop,PermanentCrop,PermanentCrop
C:\Users\DELL Precision 5550\Documents\GitHub\Terrasight-Eurosat-RGB-vs-Multispectral\data\raw\multispectral\Residential\Residential_1927.tif,7,7,Residential,Residential,Residential
C:\Users\DELL Precision 5550\Documents\GitHub\Terrasight-Eurosat-RGB-vs-Multispectral\data\raw\multispectral\Pasture\Pasture_575.tif,5,5,Pasture,Pasture,Pasture
C:\Users\DELL Precision 5550\Documents\GitHub\Terrasight-Eurosat-RGB-vs-Multispectral\data\raw\multispectral\HerbaceousVegetation\HerbaceousVegetation_906.tif,2,2,HerbaceousVegetation,HerbaceousVegetation,HerbaceousVegetation
C:\Users\DELL Precision 5550\Documents\GitHub\Terrasight-Eurosat-RGB-vs-Multispectral\data\raw\multispectral\Forest\Forest_1993.tif,1,1,Forest,Forest,Forest
C:\Users\DELL Precision 5550\Documents\GitHub\Terrasight-Eurosat-RGB-vs-Multispectral\data\raw\multispectral\AnnualCrop\AnnualCrop_559.tif,0,0,AnnualCrop,AnnualCrop,AnnualCrop
C:\Users\DELL Precision 5550\Documents\GitHub\Terrasight-Eurosat-RGB-vs-Multispectral\data\raw\multispectral\Residential\Residential_2034.tif,7,7,Residential,Residential,Residential
C:\Users\DELL Precision 5550\Documents\GitHub\Terrasight-Eurosat-RGB-vs-Multispectral\data\raw\multispectral\AnnualCrop\AnnualCrop_2230.tif,0,6,AnnualCrop,PermanentCrop,AnnualCrop
C:\Users\DELL Precision 5550\Documents\GitHub\Terrasight-Eurosat-RGB-vs-Multispectral\data\raw\multispectral\Residential\Residential_631.tif,7,7,Residential,Residential,Residential
C:\Users\DELL Precision 5550\Documents\GitHub\Terrasight-Eurosat-RGB-vs-Multispectral\data\raw\multispectral\River\River_1289.tif,8,8,River,River,River
C:\Users\DELL Precision 5550\Documents\GitHub\Terrasight-Eurosat-RGB-vs-Multispectral\data\raw\multispectral\AnnualCrop\AnnualCrop_2295.tif,0,0,AnnualCrop,AnnualCrop,AnnualCrop
C:\Users\DELL Precision 5550\Documents\GitHub\Terrasight-Eurosat-RGB-vs-Multispectral\data\raw\multispectral\Residential\Residential_2074.tif,7,7,Residential,Residential,Residential
C:\Users\DELL Precision 5550\Documents\GitHub\Terrasight-Eurosat-RGB-vs-Multispectral\data\raw\multispectral\SeaLake\SeaLake_763.tif,9,9,SeaLake,SeaLake,SeaLake
C:\Users\DELL Precision 5550\Documents\GitHub\Terrasight-Eurosat-RGB-vs-Multispectral\data\raw\multispectral\AnnualCrop\AnnualCrop_1520.tif,0,0,AnnualCrop,AnnualCrop,AnnualCrop
C:\Users\DELL Precision 5550\Documents\GitHub\Terrasight-Eurosat-RGB-vs-Multispectral\data\raw\multispectral\HerbaceousVegetation\HerbaceousVegetation_1393.tif,2,2,HerbaceousVegetation,HerbaceousVegetation,HerbaceousVegetation
C:\Users\DELL Precision 5550\Documents\GitHub\Terrasight-Eurosat-RGB-vs-Multispectral\data\raw\multispectral\Highway\Highway_1199.tif,3,3,Highway,Highway,Highway
C:\Users\DELL Precision 5550\Documents\GitHub\Terrasight-Eurosat-RGB-vs-Multispectral\data\raw\multispectral\AnnualCrop\AnnualCrop_2321.tif,0,0,AnnualCrop,AnnualCrop,AnnualCrop
C:\Users\DELL Precision 5550\Documents\GitHub\Terrasight-Eurosat-RGB-vs-Multispectral\data\raw\multispectral\Industrial\Industrial_2150.tif,4,4,Industrial,Industrial,Industrial
C:\Users\DELL Precision 5550\Documents\GitHub\Terrasight-Eurosat-RGB-vs-Multispectral\data\raw\multispectral\AnnualCrop\AnnualCrop_2335.tif,0,0,AnnualCrop,AnnualCrop,AnnualCrop
C:\Users\DELL Precision 5550\Documents\GitHub\Terrasight-Eurosat-RGB-vs-Multispectral\data\raw\multispectral\Highway\Highway_1202.tif,3,3,Highway,Highway,Highway
C:\Users\DELL Precision 5550\Documents\GitHub\Terrasight-Eurosat-RGB-vs-Multispectral\data\raw\multispectral\Industrial\Industrial_429.tif,4,4,Industrial,Industrial,Industrial
C:\Users\DELL Precision 5550\Documents\GitHub\Terrasight-Eurosat-RGB-vs-Multispectral\data\raw\multispectral\Forest\Forest_2798.tif,1,1,Forest,Forest,Forest
C:\Users\DELL Precision 5550\Documents\GitHub\Terrasight-Eurosat-RGB-vs-Multispectral\data\raw\multispectral\Residential\Residential_1158.tif,7,7,Residential,Residential,Residential
C:\Users\DELL Precision 5550\Documents\GitHub\Terrasight-Eurosat-RGB-vs-Multispectral\data\raw\multispectral\Residential\Residential_2846.tif,7,7,Residential,Residential,Residential
C:\Users\DELL Precision 5550\Documents\GitHub\Terrasight-Eurosat-RGB-vs-Multispectral\data\raw\multispectral\Forest\Forest_1250.tif,1,1,Forest,Forest,Forest
C:\Users\DELL Precision 5550\Documents\GitHub\Terrasight-Eurosat-RGB-vs-Multispectral\data\raw\multispectral\Industrial\Industrial_2034.tif,4,4,Industrial,Industrial,Industrial
C:\Users\DELL Precision 5550\Documents\GitHub\Terrasight-Eurosat-RGB-vs-Multispectral\data\raw\multispectral\River\River_253.tif,8,8,River,River,River
C:\Users\DELL Precision 5550\Documents\GitHub\Terrasight-Eurosat-RGB-vs-Multispectral\data\raw\multispectral\Highway\Highway_306.tif,3,3,Highway,Highway,Highway
C:\Users\DELL Precision 5550\Documents\GitHub\Terrasight-Eurosat-RGB-vs-Multispectral\data\raw\multispectral\Residential\Residential_562.tif,7,7,Residential,Residential,Residential
C:\Users\DELL Precision 5550\Documents\GitHub\Terrasight-Eurosat-RGB-vs-Multispectral\data\raw\multispectral\River\River_1164.tif,8,8,River,River,River
C:\Users\DELL Precision 5550\Documents\GitHub\Terrasight-Eurosat-RGB-vs-Multispectral\data\raw\multispectral\AnnualCrop\AnnualCrop_2512.tif,0,0,AnnualCrop,AnnualCrop,AnnualCrop
C:\Users\DELL Precision 5550\Documents\GitHub\Terrasight-Eurosat-RGB-vs-Multispectral\data\raw\multispectral\Residential\Residential_1661.tif,7,7,Residential,Residential,Residential
C:\Users\DELL Precision 5550\Documents\GitHub\Terrasight-Eurosat-RGB-vs-Multispectral\data\raw\multispectral\Industrial\Industrial_938.tif,4,4,Industrial,Industrial,Industrial
C:\Users\DELL Precision 5550\Documents\GitHub\Terrasight-Eurosat-RGB-vs-Multispectral\data\raw\multispectral\Forest\Forest_2593.tif,1,1,Forest,Forest,Forest
C:\Users\DELL Precision 5550\Documents\GitHub\Terrasight-Eurosat-RGB-vs-Multispectral\data\raw\multispectral\Highway\Highway_545.tif,3,3,Highway,Highway,Highway
C:\Users\DELL Precision 5550\Documents\GitHub\Terrasight-Eurosat-RGB-vs-Multispectral\data\raw\multispectral\SeaLake\SeaLake_1746.tif,9,9,SeaLake,SeaLake,SeaLake
C:\Users\DELL Precision 5550\Documents\GitHub\Terrasight-Eurosat-RGB-vs-Multispectral\data\raw\multispectral\HerbaceousVegetation\HerbaceousVegetation_2250.tif,2,2,HerbaceousVegetation,HerbaceousVegetation,HerbaceousVegetation
C:\Users\DELL Precision 5550\Documents\GitHub\Terrasight-Eurosat-RGB-vs-Multispectral\data\raw\multispectral\AnnualCrop\AnnualCrop_2117.tif,0,0,AnnualCrop,AnnualCrop,AnnualCrop
C:\Users\DELL Precision 5550\Documents\GitHub\Terrasight-Eurosat-RGB-vs-Multispectral\data\raw\multispectral\AnnualCrop\AnnualCrop_2367.tif,0,0,AnnualCrop,AnnualCrop,AnnualCrop
C:\Users\DELL Precision 5550\Documents\GitHub\Terrasight-Eurosat-RGB-vs-Multispectral\data\raw\multispectral\Industrial\Industrial_2498.tif,4,4,Industrial,Industrial,Industrial
C:\Users\DELL Precision 5550\Documents\GitHub\Terrasight-Eurosat-RGB-vs-Multispectral\data\raw\multispectral\PermanentCrop\PermanentCrop_2347.tif,6,6,PermanentCrop,PermanentCrop,PermanentCrop
C:\Users\DELL Precision 5550\Documents\GitHub\Terrasight-Eurosat-RGB-vs-Multispectral\data\raw\multispectral\River\River_1769.tif,8,8,River,River,River
C:\Users\DELL Precision 5550\Documents\GitHub\Terrasight-Eurosat-RGB-vs-Multispectral\data\raw\multispectral\HerbaceousVegetation\HerbaceousVegetation_2320.tif,2,2,HerbaceousVegetation,HerbaceousVegetation,HerbaceousVegetation
C:\Users\DELL Precision 5550\Documents\GitHub\Terrasight-Eurosat-RGB-vs-Multispectral\data\raw\multispectral\Forest\Forest_81.tif,1,1,Forest,Forest,Forest
C:\Users\DELL Precision 5550\Documents\GitHub\Terrasight-Eurosat-RGB-vs-Multispectral\data\raw\multispectral\Forest\Forest_138.tif,1,1,Forest,Forest,Forest
C:\Users\DELL Precision 5550\Documents\GitHub\Terrasight-Eurosat-RGB-vs-Multispectral\data\raw\multispectral\PermanentCrop\PermanentCrop_737.tif,6,6,PermanentCrop,PermanentCrop,PermanentCrop
C:\Users\DELL Precision 5550\Documents\GitHub\Terrasight-Eurosat-RGB-vs-Multispectral\data\raw\multispectral\River\River_2439.tif,8,8,River,River,River
C:\Users\DELL Precision 5550\Documents\GitHub\Terrasight-Eurosat-RGB-vs-Multispectral\data\raw\multispectral\SeaLake\SeaLake_2747.tif,9,9,SeaLake,SeaLake,SeaLake
C:\Users\DELL Precision 5550\Documents\GitHub\Terrasight-Eurosat-RGB-vs-Multispectral\data\raw\multispectral\AnnualCrop\AnnualCrop_2977.tif,0,0,AnnualCrop,AnnualCrop,AnnualCrop
C:\Users\DELL Precision 5550\Documents\GitHub\Terrasight-Eurosat-RGB-vs-Multispectral\data\raw\multispectral\SeaLake\SeaLake_120.tif,9,9,SeaLake,SeaLake,SeaLake
C:\Users\DELL Precision 5550\Documents\GitHub\Terrasight-Eurosat-RGB-vs-Multispectral\data\raw\multispectral\AnnualCrop\AnnualCrop_2776.tif,0,0,AnnualCrop,AnnualCrop,AnnualCrop
C:\Users\DELL Precision 5550\Documents\GitHub\Terrasight-Eurosat-RGB-vs-Multispectral\data\raw\multispectral\Pasture\Pasture_1757.tif,5,5,Pasture,Pasture,Pasture
C:\Users\DELL Precision 5550\Documents\GitHub\Terrasight-Eurosat-RGB-vs-Multispectral\data\raw\multispectral\HerbaceousVegetation\HerbaceousVegetation_2637.tif,2,2,HerbaceousVegetation,HerbaceousVegetation,HerbaceousVegetation
C:\Users\DELL Precision 5550\Documents\GitHub\Terrasight-Eurosat-RGB-vs-Multispectral\data\raw\multispectral\Residential\Residential_2695.tif,7,7,Residential,Residential,Residential
C:\Users\DELL Precision 5550\Documents\GitHub\Terrasight-Eurosat-RGB-vs-Multispectral\data\raw\multispectral\HerbaceousVegetation\HerbaceousVegetation_687.tif,2,2,HerbaceousVegetation,HerbaceousVegetation,HerbaceousVegetation
C:\Users\DELL Precision 5550\Documents\GitHub\Terrasight-Eurosat-RGB-vs-Multispectral\data\raw\multispectral\Highway\Highway_1295.tif,3,3,Highway,Highway,Highway
C:\Users\DELL Precision 5550\Documents\GitHub\Terrasight-Eurosat-RGB-vs-Multispectral\data\raw\multispectral\HerbaceousVegetation\HerbaceousVegetation_2409.tif,2,2,HerbaceousVegetation,HerbaceousVegetation,HerbaceousVegetation
C:\Users\DELL Precision 5550\Documents\GitHub\Terrasight-Eurosat-RGB-vs-Multispectral\data\raw\multispectral\AnnualCrop\AnnualCrop_2771.tif,0,0,AnnualCrop,AnnualCrop,AnnualCrop
C:\Users\DELL Precision 5550\Documents\GitHub\Terrasight-Eurosat-RGB-vs-Multispectral\data\raw\multispectral\SeaLake\SeaLake_427.tif,9,9,SeaLake,SeaLake,SeaLake
C:\Users\DELL Precision 5550\Documents\GitHub\Terrasight-Eurosat-RGB-vs-Multispectral\data\raw\multispectral\Forest\Forest_2303.tif,1,1,Forest,Forest,Forest
C:\Users\DELL Precision 5550\Documents\GitHub\Terrasight-Eurosat-RGB-vs-Multispectral\data\raw\multispectral\HerbaceousVegetation\HerbaceousVegetation_2214.tif,2,2,HerbaceousVegetation,HerbaceousVegetation,HerbaceousVegetation
C:\Users\DELL Precision 5550\Documents\GitHub\Terrasight-Eurosat-RGB-vs-Multispectral\data\raw\multispectral\AnnualCrop\AnnualCrop_2542.tif,0,0,AnnualCrop,AnnualCrop,AnnualCrop
C:\Users\DELL Precision 5550\Documents\GitHub\Terrasight-Eurosat-RGB-vs-Multispectral\data\raw\multispectral\Pasture\Pasture_937.tif,5,5,Pasture,Pasture,Pasture
C:\Users\DELL Precision 5550\Documents\GitHub\Terrasight-Eurosat-RGB-vs-Multispectral\data\raw\multispectral\SeaLake\SeaLake_978.tif,9,9,SeaLake,SeaLake,SeaLake
C:\Users\DELL Precision 5550\Documents\GitHub\Terrasight-Eurosat-RGB-vs-Multispectral\data\raw\multispectral\PermanentCrop\PermanentCrop_1167.tif,6,6,PermanentCrop,PermanentCrop,PermanentCrop
C:\Users\DELL Precision 5550\Documents\GitHub\Terrasight-Eurosat-RGB-vs-Multispectral\data\raw\multispectral\AnnualCrop\AnnualCrop_1574.tif,0,0,AnnualCrop,AnnualCrop,AnnualCrop
C:\Users\DELL Precision 5550\Documents\GitHub\Terrasight-Eurosat-RGB-vs-Multispectral\data\raw\multispectral\SeaLake\SeaLake_717.tif,9,9,SeaLake,SeaLake,SeaLake
C:\Users\DELL Precision 5550\Documents\GitHub\Terrasight-Eurosat-RGB-vs-Multispectral\data\raw\multispectral\PermanentCrop\PermanentCrop_961.tif,6,6,PermanentCrop,PermanentCrop,PermanentCrop
C:\Users\DELL Precision 5550\Documents\GitHub\Terrasight-Eurosat-RGB-vs-Multispectral\data\raw\multispectral\Industrial\Industrial_1178.tif,4,4,Industrial,Industrial,Industrial
C:\Users\DELL Precision 5550\Documents\GitHub\Terrasight-Eurosat-RGB-vs-Multispectral\data\raw\multispectral\Highway\Highway_2065.tif,3,3,Highway,Highway,Highway
C:\Users\DELL Precision 5550\Documents\GitHub\Terrasight-Eurosat-RGB-vs-Multispectral\data\raw\multispectral\River\River_1336.tif,8,8,River,River,River
C:\Users\DELL Precision 5550\Documents\GitHub\Terrasight-Eurosat-RGB-vs-Multispectral\data\raw\multispectral\SeaLake\SeaLake_1108.tif,9,9,SeaLake,SeaLake,SeaLake
C:\Users\DELL Precision 5550\Documents\GitHub\Terrasight-Eurosat-RGB-vs-Multispectral\data\raw\multispectral\Forest\Forest_2649.tif,1,1,Forest,Forest,Forest
C:\Users\DELL Precision 5550\Documents\GitHub\Terrasight-Eurosat-RGB-vs-Multispectral\data\raw\multispectral\Pasture\Pasture_133.tif,5,5,Pasture,Pasture,Pasture
C:\Users\DELL Precision 5550\Documents\GitHub\Terrasight-Eurosat-RGB-vs-Multispectral\data\raw\multispectral\Highway\Highway_1628.tif,3,3,Highway,Highway,Highway
C:\Users\DELL Precision 5550\Documents\GitHub\Terrasight-Eurosat-RGB-vs-Multispectral\data\raw\multispectral\River\River_575.tif,8,8,River,River,River
C:\Users\DELL Precision 5550\Documents\GitHub\Terrasight-Eurosat-RGB-vs-Multispectral\data\raw\multispectral\Industrial\Industrial_1823.tif,4,4,Industrial,Industrial,Industrial
C:\Users\DELL Precision 5550\Documents\GitHub\Terrasight-Eurosat-RGB-vs-Multispectral\data\raw\multispectral\Forest\Forest_74.tif,1,1,Forest,Forest,Forest
C:\Users\DELL Precision 5550\Documents\GitHub\Terrasight-Eurosat-RGB-vs-Multispectral\data\raw\multispectral\PermanentCrop\PermanentCrop_1665.tif,6,6,PermanentCrop,PermanentCrop,PermanentCrop
C:\Users\DELL Precision 5550\Documents\GitHub\Terrasight-Eurosat-RGB-vs-Multispectral\data\raw\multispectral\Forest\Forest_2463.tif,1,1,Forest,Forest,Forest
C:\Users\DELL Precision 5550\Documents\GitHub\Terrasight-Eurosat-RGB-vs-Multispectral\data\raw\multispectral\Residential\Residential_1815.tif,7,7,Residential,Residential,Residential
C:\Users\DELL Precision 5550\Documents\GitHub\Terrasight-Eurosat-RGB-vs-Multispectral\data\raw\multispectral\Forest\Forest_2175.tif,1,1,Forest,Forest,Forest
C:\Users\DELL Precision 5550\Documents\GitHub\Terrasight-Eurosat-RGB-vs-Multispectral\data\raw\multispectral\PermanentCrop\PermanentCrop_1394.tif,6,6,PermanentCrop,PermanentCrop,PermanentCrop
C:\Users\DELL Precision 5550\Documents\GitHub\Terrasight-Eurosat-RGB-vs-Multispectral\data\raw\multispectral\River\River_1837.tif,8,8,River,River,River
C:\Users\DELL Precision 5550\Documents\GitHub\Terrasight-Eurosat-RGB-vs-Multispectral\data\raw\multispectral\Pasture\Pasture_1497.tif,5,5,Pasture,Pasture,Pasture
C:\Users\DELL Precision 5550\Documents\GitHub\Terrasight-Eurosat-RGB-vs-Multispectral\data\raw\multispectral\HerbaceousVegetation\HerbaceousVegetation_2405.tif,2,2,HerbaceousVegetation,HerbaceousVegetation,HerbaceousVegetation
C:\Users\DELL Precision 5550\Documents\GitHub\Terrasight-Eurosat-RGB-vs-Multispectral\data\raw\multispectral\River\River_1961.tif,8,8,River,River,River
C:\Users\DELL Precision 5550\Documents\GitHub\Terrasight-Eurosat-RGB-vs-Multispectral\data\raw\multispectral\AnnualCrop\AnnualCrop_2060.tif,0,0,AnnualCrop,AnnualCrop,AnnualCrop
C:\Users\DELL Precision 5550\Documents\GitHub\Terrasight-Eurosat-RGB-vs-Multispectral\data\raw\multispectral\PermanentCrop\PermanentCrop_2026.tif,6,6,PermanentCrop,PermanentCrop,PermanentCrop
C:\Users\DELL Precision 5550\Documents\GitHub\Terrasight-Eurosat-RGB-vs-Multispectral\data\raw\multispectral\HerbaceousVegetation\HerbaceousVegetation_523.tif,2,2,HerbaceousVegetation,HerbaceousVegetation,HerbaceousVegetation
C:\Users\DELL Precision 5550\Documents\GitHub\Terrasight-Eurosat-RGB-vs-Multispectral\data\raw\multispectral\Residential\Residential_2336.tif,7,7,Residential,Residential,Residential
C:\Users\DELL Precision 5550\Documents\GitHub\Terrasight-Eurosat-RGB-vs-Multispectral\data\raw\multispectral\Industrial\Industrial_616.tif,4,4,Industrial,Industrial,Industrial
C:\Users\DELL Precision 5550\Documents\GitHub\Terrasight-Eurosat-RGB-vs-Multispectral\data\raw\multispectral\Pasture\Pasture_1658.tif,5,5,Pasture,Pasture,Pasture
C:\Users\DELL Precision 5550\Documents\GitHub\Terrasight-Eurosat-RGB-vs-Multispectral\data\raw\multispectral\Residential\Residential_2310.tif,7,7,Residential,Residential,Residential
C:\Users\DELL Precision 5550\Documents\GitHub\Terrasight-Eurosat-RGB-vs-Multispectral\data\raw\multispectral\Highway\Highway_1275.tif,3,3,Highway,Highway,Highway
C:\Users\DELL Precision 5550\Documents\GitHub\Terrasight-Eurosat-RGB-vs-Multispectral\data\raw\multispectral\Forest\Forest_758.tif,1,1,Forest,Forest,Forest
C:\Users\DELL Precision 5550\Documents\GitHub\Terrasight-Eurosat-RGB-vs-Multispectral\data\raw\multispectral\Forest\Forest_2059.tif,1,1,Forest,Forest,Forest
C:\Users\DELL Precision 5550\Documents\GitHub\Terrasight-Eurosat-RGB-vs-Multispectral\data\raw\multispectral\Forest\Forest_44.tif,1,1,Forest,Forest,Forest
C:\Users\DELL Precision 5550\Documents\GitHub\Terrasight-Eurosat-RGB-vs-Multispectral\data\raw\multispectral\Pasture\Pasture_951.tif,5,5,Pasture,Pasture,Pasture
C:\Users\DELL Precision 5550\Documents\GitHub\Terrasight-Eurosat-RGB-vs-Multispectral\data\raw\multispectral\Residential\Residential_2276.tif,7,7,Residential,Residential,Residential
C:\Users\DELL Precision 5550\Documents\GitHub\Terrasight-Eurosat-RGB-vs-Multispectral\data\raw\multispectral\AnnualCrop\AnnualCrop_1008.tif,0,0,AnnualCrop,AnnualCrop,AnnualCrop
C:\Users\DELL Precision 5550\Documents\GitHub\Terrasight-Eurosat-RGB-vs-Multispectral\data\raw\multispectral\Highway\Highway_349.tif,3,3,Highway,Highway,Highway
C:\Users\DELL Precision 5550\Documents\GitHub\Terrasight-Eurosat-RGB-vs-Multispectral\data\raw\multispectral\SeaLake\SeaLake_2058.tif,9,9,SeaLake,SeaLake,SeaLake
C:\Users\DELL Precision 5550\Documents\GitHub\Terrasight-Eurosat-RGB-vs-Multispectral\data\raw\multispectral\Forest\Forest_237.tif,1,1,Forest,Forest,Forest
C:\Users\DELL Precision 5550\Documents\GitHub\Terrasight-Eurosat-RGB-vs-Multispectral\data\raw\multispectral\HerbaceousVegetation\HerbaceousVegetation_2051.tif,2,2,HerbaceousVegetation,HerbaceousVegetation,HerbaceousVegetation
C:\Users\DELL Precision 5550\Documents\GitHub\Terrasight-Eurosat-RGB-vs-Multispectral\data\raw\multispectral\River\River_1302.tif,8,8,River,River,River
C:\Users\DELL Precision 5550\Documents\GitHub\Terrasight-Eurosat-RGB-vs-Multispectral\data\raw\multispectral\Residential\Residential_2635.tif,7,7,Residential,Residential,Residential
C:\Users\DELL Precision 5550\Documents\GitHub\Terrasight-Eurosat-RGB-vs-Multispectral\data\raw\multispectral\Industrial\Industrial_2152.tif,4,4,Industrial,Industrial,Industrial
C:\Users\DELL Precision 5550\Documents\GitHub\Terrasight-Eurosat-RGB-vs-Multispectral\data\raw\multispectral\Residential\Residential_1206.tif,7,7,Residential,Residential,Residential
C:\Users\DELL Precision 5550\Documents\GitHub\Terrasight-Eurosat-RGB-vs-Multispectral\data\raw\multispectral\HerbaceousVegetation\HerbaceousVegetation_333.tif,2,2,HerbaceousVegetation,HerbaceousVegetation,HerbaceousVegetation
C:\Users\DELL Precision 5550\Documents\GitHub\Terrasight-Eurosat-RGB-vs-Multispectral\data\raw\multispectral\Industrial\Industrial_2008.tif,4,4,Industrial,Industrial,Industrial
C:\Users\DELL Precision 5550\Documents\GitHub\Terrasight-Eurosat-RGB-vs-Multispectral\data\raw\multispectral\SeaLake\SeaLake_2029.tif,9,9,SeaLake,SeaLake,SeaLake
C:\Users\DELL Precision 5550\Documents\GitHub\Terrasight-Eurosat-RGB-vs-Multispectral\data\raw\multispectral\River\River_1624.tif,8,8,River,River,River
C:\Users\DELL Precision 5550\Documents\GitHub\Terrasight-Eurosat-RGB-vs-Multispectral\data\raw\multispectral\SeaLake\SeaLake_822.tif,9,9,SeaLake,SeaLake,SeaLake
C:\Users\DELL Precision 5550\Documents\GitHub\Terrasight-Eurosat-RGB-vs-Multispectral\data\raw\multispectral\River\River_1749.tif,8,8,River,River,River
C:\Users\DELL Precision 5550\Documents\GitHub\Terrasight-Eurosat-RGB-vs-Multispectral\data\raw\multispectral\Forest\Forest_1049.tif,1,1,Forest,Forest,Forest
C:\Users\DELL Precision 5550\Documents\GitHub\Terrasight-Eurosat-RGB-vs-Multispectral\data\raw\multispectral\PermanentCrop\PermanentCrop_2185.tif,6,6,PermanentCrop,PermanentCrop,PermanentCrop
C:\Users\DELL Precision 5550\Documents\GitHub\Terrasight-Eurosat-RGB-vs-Multispectral\data\raw\multispectral\River\River_2236.tif,8,8,River,River,River
C:\Users\DELL Precision 5550\Documents\GitHub\Terrasight-Eurosat-RGB-vs-Multispectral\data\raw\multispectral\SeaLake\SeaLake_1186.tif,9,9,SeaLake,SeaLake,SeaLake
C:\Users\DELL Precision 5550\Documents\GitHub\Terrasight-Eurosat-RGB-vs-Multispectral\data\raw\multispectral\Forest\Forest_2308.tif,1,1,Forest,Forest,Forest
C:\Users\DELL Precision 5550\Documents\GitHub\Terrasight-Eurosat-RGB-vs-Multispectral\data\raw\multispectral\AnnualCrop\AnnualCrop_899.tif,0,0,AnnualCrop,AnnualCrop,AnnualCrop
C:\Users\DELL Precision 5550\Documents\GitHub\Terrasight-Eurosat-RGB-vs-Multispectral\data\raw\multispectral\River\River_1817.tif,8,8,River,River,River
C:\Users\DELL Precision 5550\Documents\GitHub\Terrasight-Eurosat-RGB-vs-Multispectral\data\raw\multispectral\PermanentCrop\PermanentCrop_1481.tif,6,0,PermanentCrop,AnnualCrop,PermanentCrop
C:\Users\DELL Precision 5550\Documents\GitHub\Terrasight-Eurosat-RGB-vs-Multispectral\data\raw\multispectral\PermanentCrop\PermanentCrop_1987.tif,6,6,PermanentCrop,PermanentCrop,PermanentCrop
C:\Users\DELL Precision 5550\Documents\GitHub\Terrasight-Eurosat-RGB-vs-Multispectral\data\raw\multispectral\AnnualCrop\AnnualCrop_179.tif,0,0,AnnualCrop,AnnualCrop,AnnualCrop
C:\Users\DELL Precision 5550\Documents\GitHub\Terrasight-Eurosat-RGB-vs-Multispectral\data\raw\multispectral\Highway\Highway_6.tif,3,3,Highway,Highway,Highway
C:\Users\DELL Precision 5550\Documents\GitHub\Terrasight-Eurosat-RGB-vs-Multispectral\data\raw\multispectral\HerbaceousVegetation\HerbaceousVegetation_301.tif,2,6,HerbaceousVegetation,PermanentCrop,HerbaceousVegetation
C:\Users\DELL Precision 5550\Documents\GitHub\Terrasight-Eurosat-RGB-vs-Multispectral\data\raw\multispectral\Forest\Forest_2951.tif,1,1,Forest,Forest,Forest
C:\Users\DELL Precision 5550\Documents\GitHub\Terrasight-Eurosat-RGB-vs-Multispectral\data\raw\multispectral\Forest\Forest_1897.tif,1,1,Forest,Forest,Forest
C:\Users\DELL Precision 5550\Documents\GitHub\Terrasight-Eurosat-RGB-vs-Multispectral\data\raw\multispectral\SeaLake\SeaLake_874.tif,9,9,SeaLake,SeaLake,SeaLake
C:\Users\DELL Precision 5550\Documents\GitHub\Terrasight-Eurosat-RGB-vs-Multispectral\data\raw\multispectral\River\River_1789.tif,8,8,River,River,River
C:\Users\DELL Precision 5550\Documents\GitHub\Terrasight-Eurosat-RGB-vs-Multispectral\data\raw\multispectral\Pasture\Pasture_536.tif,5,5,Pasture,Pasture,Pasture
C:\Users\DELL Precision 5550\Documents\GitHub\Terrasight-Eurosat-RGB-vs-Multispectral\data\raw\multispectral\Industrial\Industrial_66.tif,4,4,Industrial,Industrial,Industrial
C:\Users\DELL Precision 5550\Documents\GitHub\Terrasight-Eurosat-RGB-vs-Multispectral\data\raw\multispectral\SeaLake\SeaLake_1159.tif,9,9,SeaLake,SeaLake,SeaLake
C:\Users\DELL Precision 5550\Documents\GitHub\Terrasight-Eurosat-RGB-vs-Multispectral\data\raw\multispectral\AnnualCrop\AnnualCrop_1611.tif,0,0,AnnualCrop,AnnualCrop,AnnualCrop
C:\Users\DELL Precision 5550\Documents\GitHub\Terrasight-Eurosat-RGB-vs-Multispectral\data\raw\multispectral\HerbaceousVegetation\HerbaceousVegetation_398.tif,2,2,HerbaceousVegetation,HerbaceousVegetation,HerbaceousVegetation
C:\Users\DELL Precision 5550\Documents\GitHub\Terrasight-Eurosat-RGB-vs-Multispectral\data\raw\multispectral\Residential\Residential_1218.tif,7,7,Residential,Residential,Residential
C:\Users\DELL Precision 5550\Documents\GitHub\Terrasight-Eurosat-RGB-vs-Multispectral\data\raw\multispectral\PermanentCrop\PermanentCrop_846.tif,6,6,PermanentCrop,PermanentCrop,PermanentCrop
C:\Users\DELL Precision 5550\Documents\GitHub\Terrasight-Eurosat-RGB-vs-Multispectral\data\raw\multispectral\Pasture\Pasture_1084.tif,5,5,Pasture,Pasture,Pasture
C:\Users\DELL Precision 5550\Documents\GitHub\Terrasight-Eurosat-RGB-vs-Multispectral\data\raw\multispectral\SeaLake\SeaLake_2225.tif,9,9,SeaLake,SeaLake,SeaLake
C:\Users\DELL Precision 5550\Documents\GitHub\Terrasight-Eurosat-RGB-vs-Multispectral\data\raw\multispectral\Residential\Residential_2253.tif,7,7,Residential,Residential,Residential
C:\Users\DELL Precision 5550\Documents\GitHub\Terrasight-Eurosat-RGB-vs-Multispectral\data\raw\multispectral\Residential\Residential_1699.tif,7,7,Residential,Residential,Residential
C:\Users\DELL Precision 5550\Documents\GitHub\Terrasight-Eurosat-RGB-vs-Multispectral\data\raw\multispectral\River\River_913.tif,8,8,River,River,River
C:\Users\DELL Precision 5550\Documents\GitHub\Terrasight-Eurosat-RGB-vs-Multispectral\data\raw\multispectral\Pasture\Pasture_1430.tif,5,2,Pasture,HerbaceousVegetation,Pasture
C:\Users\DELL Precision 5550\Documents\GitHub\Terrasight-Eurosat-RGB-vs-Multispectral\data\raw\multispectral\AnnualCrop\AnnualCrop_570.tif,0,0,AnnualCrop,AnnualCrop,AnnualCrop
C:\Users\DELL Precision 5550\Documents\GitHub\Terrasight-Eurosat-RGB-vs-Multispectral\data\raw\multispectral\Residential\Residential_123.tif,7,7,Residential,Residential,Residential
C:\Users\DELL Precision 5550\Documents\GitHub\Terrasight-Eurosat-RGB-vs-Multispectral\data\raw\multispectral\AnnualCrop\AnnualCrop_642.tif,0,0,AnnualCrop,AnnualCrop,AnnualCrop
C:\Users\DELL Precision 5550\Documents\GitHub\Terrasight-Eurosat-RGB-vs-Multispectral\data\raw\multispectral\AnnualCrop\AnnualCrop_1356.tif,0,0,AnnualCrop,AnnualCrop,AnnualCrop
C:\Users\DELL Precision 5550\Documents\GitHub\Terrasight-Eurosat-RGB-vs-Multispectral\data\raw\multispectral\SeaLake\SeaLake_2779.tif,9,9,SeaLake,SeaLake,SeaLake
C:\Users\DELL Precision 5550\Documents\GitHub\Terrasight-Eurosat-RGB-vs-Multispectral\data\raw\multispectral\Residential\Residential_1760.tif,7,7,Residential,Residential,Residential
C:\Users\DELL Precision 5550\Documents\GitHub\Terrasight-Eurosat-RGB-vs-Multispectral\data\raw\multispectral\Pasture\Pasture_654.tif,5,5,Pasture,Pasture,Pasture
C:\Users\DELL Precision 5550\Documents\GitHub\Terrasight-Eurosat-RGB-vs-Multispectral\data\raw\multispectral\AnnualCrop\AnnualCrop_349.tif,0,0,AnnualCrop,AnnualCrop,AnnualCrop
C:\Users\DELL Precision 5550\Documents\GitHub\Terrasight-Eurosat-RGB-vs-Multispectral\data\raw\multispectral\Highway\Highway_2022.tif,3,3,Highway,Highway,Highway
C:\Users\DELL Precision 5550\Documents\GitHub\Terrasight-Eurosat-RGB-vs-Multispectral\data\raw\multispectral\SeaLake\SeaLake_977.tif,9,9,SeaLake,SeaLake,SeaLake
C:\Users\DELL Precision 5550\Documents\GitHub\Terrasight-Eurosat-RGB-vs-Multispectral\data\raw\multispectral\Residential\Residential_2685.tif,7,7,Residential,Residential,Residential
C:\Users\DELL Precision 5550\Documents\GitHub\Terrasight-Eurosat-RGB-vs-Multispectral\data\raw\multispectral\Forest\Forest_337.tif,1,1,Forest,Forest,Forest
C:\Users\DELL Precision 5550\Documents\GitHub\Terrasight-Eurosat-RGB-vs-Multispectral\data\raw\multispectral\SeaLake\SeaLake_1275.tif,9,9,SeaLake,SeaLake,SeaLake
C:\Users\DELL Precision 5550\Documents\GitHub\Terrasight-Eurosat-RGB-vs-Multispectral\data\raw\multispectral\Industrial\Industrial_1877.tif,4,4,Industrial,Industrial,Industrial
C:\Users\DELL Precision 5550\Documents\GitHub\Terrasight-Eurosat-RGB-vs-Multispectral\data\raw\multispectral\HerbaceousVegetation\HerbaceousVegetation_2508.tif,2,2,HerbaceousVegetation,HerbaceousVegetation,HerbaceousVegetation
C:\Users\DELL Precision 5550\Documents\GitHub\Terrasight-Eurosat-RGB-vs-Multispectral\data\raw\multispectral\Highway\Highway_1048.tif,3,3,Highway,Highway,Highway
C:\Users\DELL Precision 5550\Documents\GitHub\Terrasight-Eurosat-RGB-vs-Multispectral\data\raw\multispectral\Residential\Residential_1586.tif,7,7,Residential,Residential,Residential
C:\Users\DELL Precision 5550\Documents\GitHub\Terrasight-Eurosat-RGB-vs-Multispectral\data\raw\multispectral\Forest\Forest_2661.tif,1,1,Forest,Forest,Forest
C:\Users\DELL Precision 5550\Documents\GitHub\Terrasight-Eurosat-RGB-vs-Multispectral\data\raw\multispectral\Forest\Forest_1304.tif,1,1,Forest,Forest,Forest
C:\Users\DELL Precision 5550\Documents\GitHub\Terrasight-Eurosat-RGB-vs-Multispectral\data\raw\multispectral\HerbaceousVegetation\HerbaceousVegetation_725.tif,2,2,HerbaceousVegetation,HerbaceousVegetation,HerbaceousVegetation
C:\Users\DELL Precision 5550\Documents\GitHub\Terrasight-Eurosat-RGB-vs-Multispectral\data\raw\multispectral\Forest\Forest_1514.tif,1,1,Forest,Forest,Forest
C:\Users\DELL Precision 5550\Documents\GitHub\Terrasight-Eurosat-RGB-vs-Multispectral\data\raw\multispectral\HerbaceousVegetation\HerbaceousVegetation_903.tif,2,2,HerbaceousVegetation,HerbaceousVegetation,HerbaceousVegetation
C:\Users\DELL Precision 5550\Documents\GitHub\Terrasight-Eurosat-RGB-vs-Multispectral\data\raw\multispectral\River\River_493.tif,8,8,River,River,River
C:\Users\DELL Precision 5550\Documents\GitHub\Terrasight-Eurosat-RGB-vs-Multispectral\data\raw\multispectral\Forest\Forest_2090.tif,1,1,Forest,Forest,Forest
C:\Users\DELL Precision 5550\Documents\GitHub\Terrasight-Eurosat-RGB-vs-Multispectral\data\raw\multispectral\Highway\Highway_795.tif,3,3,Highway,Highway,Highway
C:\Users\DELL Precision 5550\Documents\GitHub\Terrasight-Eurosat-RGB-vs-Multispectral\data\raw\multispectral\HerbaceousVegetation\HerbaceousVegetation_2980.tif,2,2,HerbaceousVegetation,HerbaceousVegetation,HerbaceousVegetation
C:\Users\DELL Precision 5550\Documents\GitHub\Terrasight-Eurosat-RGB-vs-Multispectral\data\raw\multispectral\Industrial\Industrial_997.tif,4,4,Industrial,Industrial,Industrial
C:\Users\DELL Precision 5550\Documents\GitHub\Terrasight-Eurosat-RGB-vs-Multispectral\data\raw\multispectral\Forest\Forest_959.tif,1,1,Forest,Forest,Forest
C:\Users\DELL Precision 5550\Documents\GitHub\Terrasight-Eurosat-RGB-vs-Multispectral\data\raw\multispectral\HerbaceousVegetation\HerbaceousVegetation_1884.tif,2,2,HerbaceousVegetation,HerbaceousVegetation,HerbaceousVegetation
C:\Users\DELL Precision 5550\Documents\GitHub\Terrasight-Eurosat-RGB-vs-Multispectral\data\raw\multispectral\Industrial\Industrial_782.tif,4,4,Industrial,Industrial,Industrial
C:\Users\DELL Precision 5550\Documents\GitHub\Terrasight-Eurosat-RGB-vs-Multispectral\data\raw\multispectral\HerbaceousVegetation\HerbaceousVegetation_318.tif,2,2,HerbaceousVegetation,HerbaceousVegetation,HerbaceousVegetation
C:\Users\DELL Precision 5550\Documents\GitHub\Terrasight-Eurosat-RGB-vs-Multispectral\data\raw\multispectral\Forest\Forest_1779.tif,1,1,Forest,Forest,Forest
C:\Users\DELL Precision 5550\Documents\GitHub\Terrasight-Eurosat-RGB-vs-Multispectral\data\raw\multispectral\Residential\Residential_1036.tif,7,7,Residential,Residential,Residential
C:\Users\DELL Precision 5550\Documents\GitHub\Terrasight-Eurosat-RGB-vs-Multispectral\data\raw\multispectral\SeaLake\SeaLake_2221.tif,9,9,SeaLake,SeaLake,SeaLake
C:\Users\DELL Precision 5550\Documents\GitHub\Terrasight-Eurosat-RGB-vs-Multispectral\data\raw\multispectral\AnnualCrop\AnnualCrop_724.tif,0,0,AnnualCrop,AnnualCrop,AnnualCrop
C:\Users\DELL Precision 5550\Documents\GitHub\Terrasight-Eurosat-RGB-vs-Multispectral\data\raw\multispectral\Forest\Forest_2171.tif,1,8,Forest,River,Forest
C:\Users\DELL Precision 5550\Documents\GitHub\Terrasight-Eurosat-RGB-vs-Multispectral\data\raw\multispectral\Industrial\Industrial_2358.tif,4,4,Industrial,Industrial,Industrial
C:\Users\DELL Precision 5550\Documents\GitHub\Terrasight-Eurosat-RGB-vs-Multispectral\data\raw\multispectral\AnnualCrop\AnnualCrop_2266.tif,0,0,AnnualCrop,AnnualCrop,AnnualCrop
C:\Users\DELL Precision 5550\Documents\GitHub\Terrasight-Eurosat-RGB-vs-Multispectral\data\raw\multispectral\SeaLake\SeaLake_2881.tif,9,9,SeaLake,SeaLake,SeaLake
C:\Users\DELL Precision 5550\Documents\GitHub\Terrasight-Eurosat-RGB-vs-Multispectral\data\raw\multispectral\Industrial\Industrial_1476.tif,4,4,Industrial,Industrial,Industrial
C:\Users\DELL Precision 5550\Documents\GitHub\Terrasight-Eurosat-RGB-vs-Multispectral\data\raw\multispectral\Pasture\Pasture_1628.tif,5,5,Pasture,Pasture,Pasture
C:\Users\DELL Precision 5550\Documents\GitHub\Terrasight-Eurosat-RGB-vs-Multispectral\data\raw\multispectral\Highway\Highway_628.tif,3,3,Highway,Highway,Highway
C:\Users\DELL Precision 5550\Documents\GitHub\Terrasight-Eurosat-RGB-vs-Multispectral\data\raw\multispectral\HerbaceousVegetation\HerbaceousVegetation_117.tif,2,2,HerbaceousVegetation,HerbaceousVegetation,HerbaceousVegetation
C:\Users\DELL Precision 5550\Documents\GitHub\Terrasight-Eurosat-RGB-vs-Multispectral\data\raw\multispectral\SeaLake\SeaLake_1854.tif,9,9,SeaLake,SeaLake,SeaLake
C:\Users\DELL Precision 5550\Documents\GitHub\Terrasight-Eurosat-RGB-vs-Multispectral\data\raw\multispectral\HerbaceousVegetation\HerbaceousVegetation_2533.tif,2,2,HerbaceousVegetation,HerbaceousVegetation,HerbaceousVegetation
C:\Users\DELL Precision 5550\Documents\GitHub\Terrasight-Eurosat-RGB-vs-Multispectral\data\raw\multispectral\HerbaceousVegetation\HerbaceousVegetation_1988.tif,2,2,HerbaceousVegetation,HerbaceousVegetation,HerbaceousVegetation
C:\Users\DELL Precision 5550\Documents\GitHub\Terrasight-Eurosat-RGB-vs-Multispectral\data\raw\multispectral\Pasture\Pasture_847.tif,5,5,Pasture,Pasture,Pasture
C:\Users\DELL Precision 5550\Documents\GitHub\Terrasight-Eurosat-RGB-vs-Multispectral\data\raw\multispectral\Pasture\Pasture_942.tif,5,5,Pasture,Pasture,Pasture
C:\Users\DELL Precision 5550\Documents\GitHub\Terrasight-Eurosat-RGB-vs-Multispectral\data\raw\multispectral\Industrial\Industrial_904.tif,4,4,Industrial,Industrial,Industrial
C:\Users\DELL Precision 5550\Documents\GitHub\Terrasight-Eurosat-RGB-vs-Multispectral\data\raw\multispectral\SeaLake\SeaLake_726.tif,9,9,SeaLake,SeaLake,SeaLake
C:\Users\DELL Precision 5550\Documents\GitHub\Terrasight-Eurosat-RGB-vs-Multispectral\data\raw\multispectral\HerbaceousVegetation\HerbaceousVegetation_2965.tif,2,1,HerbaceousVegetation,Forest,HerbaceousVegetation
C:\Users\DELL Precision 5550\Documents\GitHub\Terrasight-Eurosat-RGB-vs-Multispectral\data\raw\multispectral\AnnualCrop\AnnualCrop_1955.tif,0,0,AnnualCrop,AnnualCrop,AnnualCrop
C:\Users\DELL Precision 5550\Documents\GitHub\Terrasight-Eurosat-RGB-vs-Multispectral\data\raw\multispectral\Industrial\Industrial_1604.tif,4,4,Industrial,Industrial,Industrial
C:\Users\DELL Precision 5550\Documents\GitHub\Terrasight-Eurosat-RGB-vs-Multispectral\data\raw\multispectral\Pasture\Pasture_1903.tif,5,5,Pasture,Pasture,Pasture
C:\Users\DELL Precision 5550\Documents\GitHub\Terrasight-Eurosat-RGB-vs-Multispectral\data\raw\multispectral\Forest\Forest_2645.tif,1,1,Forest,Forest,Forest
C:\Users\DELL Precision 5550\Documents\GitHub\Terrasight-Eurosat-RGB-vs-Multispectral\data\raw\multispectral\Pasture\Pasture_1316.tif,5,5,Pasture,Pasture,Pasture
C:\Users\DELL Precision 5550\Documents\GitHub\Terrasight-Eurosat-RGB-vs-Multispectral\data\raw\multispectral\AnnualCrop\AnnualCrop_959.tif,0,0,AnnualCrop,AnnualCrop,AnnualCrop
C:\Users\DELL Precision 5550\Documents\GitHub\Terrasight-Eurosat-RGB-vs-Multispectral\data\raw\multispectral\Forest\Forest_1426.tif,1,1,Forest,Forest,Forest
C:\Users\DELL Precision 5550\Documents\GitHub\Terrasight-Eurosat-RGB-vs-Multispectral\data\raw\multispectral\AnnualCrop\AnnualCrop_567.tif,0,0,AnnualCrop,AnnualCrop,AnnualCrop
C:\Users\DELL Precision 5550\Documents\GitHub\Terrasight-Eurosat-RGB-vs-Multispectral\data\raw\multispectral\Highway\Highway_2041.tif,3,8,Highway,River,Highway
C:\Users\DELL Precision 5550\Documents\GitHub\Terrasight-Eurosat-RGB-vs-Multispectral\data\raw\multispectral\Highway\Highway_388.tif,3,3,Highway,Highway,Highway
C:\Users\DELL Precision 5550\Documents\GitHub\Terrasight-Eurosat-RGB-vs-Multispectral\data\raw\multispectral\Pasture\Pasture_50.tif,5,5,Pasture,Pasture,Pasture
C:\Users\DELL Precision 5550\Documents\GitHub\Terrasight-Eurosat-RGB-vs-Multispectral\data\raw\multispectral\Forest\Forest_261.tif,1,1,Forest,Forest,Forest
C:\Users\DELL Precision 5550\Documents\GitHub\Terrasight-Eurosat-RGB-vs-Multispectral\data\raw\multispectral\Highway\Highway_2358.tif,3,3,Highway,Highway,Highway
C:\Users\DELL Precision 5550\Documents\GitHub\Terrasight-Eurosat-RGB-vs-Multispectral\data\raw\multispectral\Pasture\Pasture_1256.tif,5,5,Pasture,Pasture,Pasture
C:\Users\DELL Precision 5550\Documents\GitHub\Terrasight-Eurosat-RGB-vs-Multispectral\data\raw\multispectral\Forest\Forest_2510.tif,1,1,Forest,Forest,Forest
C:\Users\DELL Precision 5550\Documents\GitHub\Terrasight-Eurosat-RGB-vs-Multispectral\data\raw\multispectral\HerbaceousVegetation\HerbaceousVegetation_350.tif,2,2,HerbaceousVegetation,HerbaceousVegetation,HerbaceousVegetation
C:\Users\DELL Precision 5550\Documents\GitHub\Terrasight-Eurosat-RGB-vs-Multispectral\data\raw\multispectral\PermanentCrop\PermanentCrop_2140.tif,6,6,PermanentCrop,PermanentCrop,PermanentCrop
C:\Users\DELL Precision 5550\Documents\GitHub\Terrasight-Eurosat-RGB-vs-Multispectral\data\raw\multispectral\River\River_1497.tif,8,8,River,River,River
C:\Users\DELL Precision 5550\Documents\GitHub\Terrasight-Eurosat-RGB-vs-Multispectral\data\raw\multispectral\HerbaceousVegetation\HerbaceousVegetation_1253.tif,2,2,HerbaceousVegetation,HerbaceousVegetation,HerbaceousVegetation
C:\Users\DELL Precision 5550\Documents\GitHub\Terrasight-Eurosat-RGB-vs-Multispectral\data\raw\multispectral\Industrial\Industrial_1285.tif,4,4,Industrial,Industrial,Industrial
C:\Users\DELL Precision 5550\Documents\GitHub\Terrasight-Eurosat-RGB-vs-Multispectral\data\raw\multispectral\Residential\Residential_1014.tif,7,7,Residential,Residential,Residential
C:\Users\DELL Precision 5550\Documents\GitHub\Terrasight-Eurosat-RGB-vs-Multispectral\data\raw\multispectral\PermanentCrop\PermanentCrop_1575.tif,6,6,PermanentCrop,PermanentCrop,PermanentCrop
C:\Users\DELL Precision 5550\Documents\GitHub\Terrasight-Eurosat-RGB-vs-Multispectral\data\raw\multispectral\River\River_889.tif,8,8,River,River,River
C:\Users\DELL Precision 5550\Documents\GitHub\Terrasight-Eurosat-RGB-vs-Multispectral\data\raw\multispectral\SeaLake\SeaLake_1611.tif,9,9,SeaLake,SeaLake,SeaLake
C:\Users\DELL Precision 5550\Documents\GitHub\Terrasight-Eurosat-RGB-vs-Multispectral\data\raw\multispectral\PermanentCrop\PermanentCrop_1761.tif,6,6,PermanentCrop,PermanentCrop,PermanentCrop
C:\Users\DELL Precision 5550\Documents\GitHub\Terrasight-Eurosat-RGB-vs-Multispectral\data\raw\multispectral\Highway\Highway_1317.tif,3,3,Highway,Highway,Highway
C:\Users\DELL Precision 5550\Documents\GitHub\Terrasight-Eurosat-RGB-vs-Multispectral\data\raw\multispectral\River\River_694.tif,8,8,River,River,River
C:\Users\DELL Precision 5550\Documents\GitHub\Terrasight-Eurosat-RGB-vs-Multispectral\data\raw\multispectral\HerbaceousVegetation\HerbaceousVegetation_1632.tif,2,2,HerbaceousVegetation,HerbaceousVegetation,HerbaceousVegetation
C:\Users\DELL Precision 5550\Documents\GitHub\Terrasight-Eurosat-RGB-vs-Multispectral\data\raw\multispectral\Highway\Highway_2366.tif,3,3,Highway,Highway,Highway
C:\Users\DELL Precision 5550\Documents\GitHub\Terrasight-Eurosat-RGB-vs-Multispectral\data\raw\multispectral\Pasture\Pasture_151.tif,5,2,Pasture,HerbaceousVegetation,Pasture
C:\Users\DELL Precision 5550\Documents\GitHub\Terrasight-Eurosat-RGB-vs-Multispectral\data\raw\multispectral\PermanentCrop\PermanentCrop_1891.tif,6,2,PermanentCrop,HerbaceousVegetation,PermanentCrop
C:\Users\DELL Precision 5550\Documents\GitHub\Terrasight-Eurosat-RGB-vs-Multispectral\data\raw\multispectral\Pasture\Pasture_1001.tif,5,5,Pasture,Pasture,Pasture
C:\Users\DELL Precision 5550\Documents\GitHub\Terrasight-Eurosat-RGB-vs-Multispectral\data\raw\multispectral\SeaLake\SeaLake_315.tif,9,9,SeaLake,SeaLake,SeaLake
C:\Users\DELL Precision 5550\Documents\GitHub\Terrasight-Eurosat-RGB-vs-Multispectral\data\raw\multispectral\Industrial\Industrial_2118.tif,4,4,Industrial,Industrial,Industrial
C:\Users\DELL Precision 5550\Documents\GitHub\Terrasight-Eurosat-RGB-vs-Multispectral\data\raw\multispectral\HerbaceousVegetation\HerbaceousVegetation_1620.tif,2,2,HerbaceousVegetation,HerbaceousVegetation,HerbaceousVegetation
C:\Users\DELL Precision 5550\Documents\GitHub\Terrasight-Eurosat-RGB-vs-Multispectral\data\raw\multispectral\Industrial\Industrial_916.tif,4,4,Industrial,Industrial,Industrial
C:\Users\DELL Precision 5550\Documents\GitHub\Terrasight-Eurosat-RGB-vs-Multispectral\data\raw\multispectral\SeaLake\SeaLake_706.tif,9,9,SeaLake,SeaLake,SeaLake
C:\Users\DELL Precision 5550\Documents\GitHub\Terrasight-Eurosat-RGB-vs-Multispectral\data\raw\multispectral\River\River_64.tif,8,8,River,River,River
C:\Users\DELL Precision 5550\Documents\GitHub\Terrasight-Eurosat-RGB-vs-Multispectral\data\raw\multispectral\PermanentCrop\PermanentCrop_827.tif,6,0,PermanentCrop,AnnualCrop,PermanentCrop
C:\Users\DELL Precision 5550\Documents\GitHub\Terrasight-Eurosat-RGB-vs-Multispectral\data\raw\multispectral\AnnualCrop\AnnualCrop_448.tif,0,0,AnnualCrop,AnnualCrop,AnnualCrop
C:\Users\DELL Precision 5550\Documents\GitHub\Terrasight-Eurosat-RGB-vs-Multispectral\data\raw\multispectral\SeaLake\SeaLake_2718.tif,9,9,SeaLake,SeaLake,SeaLake
C:\Users\DELL Precision 5550\Documents\GitHub\Terrasight-Eurosat-RGB-vs-Multispectral\data\raw\multispectral\River\River_1559.tif,8,8,River,River,River
C:\Users\DELL Precision 5550\Documents\GitHub\Terrasight-Eurosat-RGB-vs-Multispectral\data\raw\multispectral\Forest\Forest_702.tif,1,5,Forest,Pasture,Forest
C:\Users\DELL Precision 5550\Documents\GitHub\Terrasight-Eurosat-RGB-vs-Multispectral\data\raw\multispectral\Residential\Residential_2488.tif,7,7,Residential,Residential,Residential
C:\Users\DELL Precision 5550\Documents\GitHub\Terrasight-Eurosat-RGB-vs-Multispectral\data\raw\multispectral\SeaLake\SeaLake_813.tif,9,9,SeaLake,SeaLake,SeaLake
C:\Users\DELL Precision 5550\Documents\GitHub\Terrasight-Eurosat-RGB-vs-Multispectral\data\raw\multispectral\Highway\Highway_1600.tif,3,3,Highway,Highway,Highway
C:\Users\DELL Precision 5550\Documents\GitHub\Terrasight-Eurosat-RGB-vs-Multispectral\data\raw\multispectral\AnnualCrop\AnnualCrop_76.tif,0,0,AnnualCrop,AnnualCrop,AnnualCrop
C:\Users\DELL Precision 5550\Documents\GitHub\Terrasight-Eurosat-RGB-vs-Multispectral\data\raw\multispectral\PermanentCrop\PermanentCrop_507.tif,6,6,PermanentCrop,PermanentCrop,PermanentCrop
C:\Users\DELL Precision 5550\Documents\GitHub\Terrasight-Eurosat-RGB-vs-Multispectral\data\raw\multispectral\Residential\Residential_402.tif,7,4,Residential,Industrial,Residential
C:\Users\DELL Precision 5550\Documents\GitHub\Terrasight-Eurosat-RGB-vs-Multispectral\data\raw\multispectral\HerbaceousVegetation\HerbaceousVegetation_1192.tif,2,2,HerbaceousVegetation,HerbaceousVegetation,HerbaceousVegetation
C:\Users\DELL Precision 5550\Documents\GitHub\Terrasight-Eurosat-RGB-vs-Multispectral\data\raw\multispectral\SeaLake\SeaLake_2656.tif,9,9,SeaLake,SeaLake,SeaLake
C:\Users\DELL Precision 5550\Documents\GitHub\Terrasight-Eurosat-RGB-vs-Multispectral\data\raw\multispectral\SeaLake\SeaLake_896.tif,9,9,SeaLake,SeaLake,SeaLake
C:\Users\DELL Precision 5550\Documents\GitHub\Terrasight-Eurosat-RGB-vs-Multispectral\data\raw\multispectral\HerbaceousVegetation\HerbaceousVegetation_2882.tif,2,2,HerbaceousVegetation,HerbaceousVegetation,HerbaceousVegetation
C:\Users\DELL Precision 5550\Documents\GitHub\Terrasight-Eurosat-RGB-vs-Multispectral\data\raw\multispectral\Highway\Highway_1969.tif,3,3,Highway,Highway,Highway
C:\Users\DELL Precision 5550\Documents\GitHub\Terrasight-Eurosat-RGB-vs-Multispectral\data\raw\multispectral\HerbaceousVegetation\HerbaceousVegetation_1467.tif,2,2,HerbaceousVegetation,HerbaceousVegetation,HerbaceousVegetation
C:\Users\DELL Precision 5550\Documents\GitHub\Terrasight-Eurosat-RGB-vs-Multispectral\data\raw\multispectral\HerbaceousVegetation\HerbaceousVegetation_1447.tif,2,2,HerbaceousVegetation,HerbaceousVegetation,HerbaceousVegetation
C:\Users\DELL Precision 5550\Documents\GitHub\Terrasight-Eurosat-RGB-vs-Multispectral\data\raw\multispectral\PermanentCrop\PermanentCrop_1526.tif,6,6,PermanentCrop,PermanentCrop,PermanentCrop
C:\Users\DELL Precision 5550\Documents\GitHub\Terrasight-Eurosat-RGB-vs-Multispectral\data\raw\multispectral\SeaLake\SeaLake_1227.tif,9,9,SeaLake,SeaLake,SeaLake
C:\Users\DELL Precision 5550\Documents\GitHub\Terrasight-Eurosat-RGB-vs-Multispectral\data\raw\multispectral\Highway\Highway_996.tif,3,3,Highway,Highway,Highway
C:\Users\DELL Precision 5550\Documents\GitHub\Terrasight-Eurosat-RGB-vs-Multispectral\data\raw\multispectral\River\River_1480.tif,8,8,River,River,River
C:\Users\DELL Precision 5550\Documents\GitHub\Terrasight-Eurosat-RGB-vs-Multispectral\data\raw\multispectral\SeaLake\SeaLake_393.tif,9,9,SeaLake,SeaLake,SeaLake
C:\Users\DELL Precision 5550\Documents\GitHub\Terrasight-Eurosat-RGB-vs-Multispectral\data\raw\multispectral\Highway\Highway_201.tif,3,3,Highway,Highway,Highway
C:\Users\DELL Precision 5550\Documents\GitHub\Terrasight-Eurosat-RGB-vs-Multispectral\data\raw\multispectral\HerbaceousVegetation\HerbaceousVegetation_1512.tif,2,2,HerbaceousVegetation,HerbaceousVegetation,HerbaceousVegetation
C:\Users\DELL Precision 5550\Documents\GitHub\Terrasight-Eurosat-RGB-vs-Multispectral\data\raw\multispectral\AnnualCrop\AnnualCrop_2044.tif,0,0,AnnualCrop,AnnualCrop,AnnualCrop
C:\Users\DELL Precision 5550\Documents\GitHub\Terrasight-Eurosat-RGB-vs-Multispectral\data\raw\multispectral\Pasture\Pasture_1022.tif,5,5,Pasture,Pasture,Pasture
C:\Users\DELL Precision 5550\Documents\GitHub\Terrasight-Eurosat-RGB-vs-Multispectral\data\raw\multispectral\Pasture\Pasture_1611.tif,5,5,Pasture,Pasture,Pasture
C:\Users\DELL Precision 5550\Documents\GitHub\Terrasight-Eurosat-RGB-vs-Multispectral\data\raw\multispectral\River\River_1713.tif,8,8,River,River,River
C:\Users\DELL Precision 5550\Documents\GitHub\Terrasight-Eurosat-RGB-vs-Multispectral\data\raw\multispectral\River\River_2428.tif,8,8,River,River,River
C:\Users\DELL Precision 5550\Documents\GitHub\Terrasight-Eurosat-RGB-vs-Multispectral\data\raw\multispectral\Industrial\Industrial_2262.tif,4,4,Industrial,Industrial,Industrial
C:\Users\DELL Precision 5550\Documents\GitHub\Terrasight-Eurosat-RGB-vs-Multispectral\data\raw\multispectral\Forest\Forest_1692.tif,1,1,Forest,Forest,Forest
C:\Users\DELL Precision 5550\Documents\GitHub\Terrasight-Eurosat-RGB-vs-Multispectral\data\raw\multispectral\River\River_2074.tif,8,8,River,River,River
C:\Users\DELL Precision 5550\Documents\GitHub\Terrasight-Eurosat-RGB-vs-Multispectral\data\raw\multispectral\Pasture\Pasture_43.tif,5,5,Pasture,Pasture,Pasture
C:\Users\DELL Precision 5550\Documents\GitHub\Terrasight-Eurosat-RGB-vs-Multispectral\data\raw\multispectral\River\River_2402.tif,8,8,River,River,River
C:\Users\DELL Precision 5550\Documents\GitHub\Terrasight-Eurosat-RGB-vs-Multispectral\data\raw\multispectral\AnnualCrop\AnnualCrop_2267.tif,0,0,AnnualCrop,AnnualCrop,AnnualCrop
C:\Users\DELL Precision 5550\Documents\GitHub\Terrasight-Eurosat-RGB-vs-Multispectral\data\raw\multispectral\Residential\Residential_1417.tif,7,7,Residential,Residential,Residential
C:\Users\DELL Precision 5550\Documents\GitHub\Terrasight-Eurosat-RGB-vs-Multispectral\data\raw\multispectral\Forest\Forest_2329.tif,1,1,Forest,Forest,Forest
C:\Users\DELL Precision 5550\Documents\GitHub\Terrasight-Eurosat-RGB-vs-Multispectral\data\raw\multispectral\Forest\Forest_4.tif,1,4,Forest,Industrial,Forest
C:\Users\DELL Precision 5550\Documents\GitHub\Terrasight-Eurosat-RGB-vs-Multispectral\data\raw\multispectral\Industrial\Industrial_529.tif,4,4,Industrial,Industrial,Industrial
C:\Users\DELL Precision 5550\Documents\GitHub\Terrasight-Eurosat-RGB-vs-Multispectral\data\raw\multispectral\Residential\Residential_1828.tif,7,7,Residential,Residential,Residential
C:\Users\DELL Precision 5550\Documents\GitHub\Terrasight-Eurosat-RGB-vs-Multispectral\data\raw\multispectral\HerbaceousVegetation\HerbaceousVegetation_748.tif,2,2,HerbaceousVegetation,HerbaceousVegetation,HerbaceousVegetation
C:\Users\DELL Precision 5550\Documents\GitHub\Terrasight-Eurosat-RGB-vs-Multispectral\data\raw\multispectral\Forest\Forest_808.tif,1,1,Forest,Forest,Forest
C:\Users\DELL Precision 5550\Documents\GitHub\Terrasight-Eurosat-RGB-vs-Multispectral\data\raw\multispectral\Industrial\Industrial_816.tif,4,4,Industrial,Industrial,Industrial
C:\Users\DELL Precision 5550\Documents\GitHub\Terrasight-Eurosat-RGB-vs-Multispectral\data\raw\multispectral\HerbaceousVegetation\HerbaceousVegetation_502.tif,2,2,HerbaceousVegetation,HerbaceousVegetation,HerbaceousVegetation
C:\Users\DELL Precision 5550\Documents\GitHub\Terrasight-Eurosat-RGB-vs-Multispectral\data\raw\multispectral\Industrial\Industrial_541.tif,4,4,Industrial,Industrial,Industrial
C:\Users\DELL Precision 5550\Documents\GitHub\Terrasight-Eurosat-RGB-vs-Multispectral\data\raw\multispectral\HerbaceousVegetation\HerbaceousVegetation_1243.tif,2,2,HerbaceousVegetation,HerbaceousVegetation,HerbaceousVegetation
C:\Users\DELL Precision 5550\Documents\GitHub\Terrasight-Eurosat-RGB-vs-Multispectral\data\raw\multispectral\Pasture\Pasture_903.tif,5,5,Pasture,Pasture,Pasture
C:\Users\DELL Precision 5550\Documents\GitHub\Terrasight-Eurosat-RGB-vs-Multispectral\data\raw\multispectral\Highway\Highway_833.tif,3,3,Highway,Highway,Highway
C:\Users\DELL Precision 5550\Documents\GitHub\Terrasight-Eurosat-RGB-vs-Multispectral\data\raw\multispectral\Forest\Forest_441.tif,1,1,Forest,Forest,Forest
C:\Users\DELL Precision 5550\Documents\GitHub\Terrasight-Eurosat-RGB-vs-Multispectral\data\raw\multispectral\Pasture\Pasture_1759.tif,5,2,Pasture,HerbaceousVegetation,Pasture
C:\Users\DELL Precision 5550\Documents\GitHub\Terrasight-Eurosat-RGB-vs-Multispectral\data\raw\multispectral\PermanentCrop\PermanentCrop_1090.tif,6,6,PermanentCrop,PermanentCrop,PermanentCrop
C:\Users\DELL Precision 5550\Documents\GitHub\Terrasight-Eurosat-RGB-vs-Multispectral\data\raw\multispectral\River\River_1371.tif,8,8,River,River,River
C:\Users\DELL Precision 5550\Documents\GitHub\Terrasight-Eurosat-RGB-vs-Multispectral\data\raw\multispectral\Pasture\Pasture_99.tif,5,5,Pasture,Pasture,Pasture
C:\Users\DELL Precision 5550\Documents\GitHub\Terrasight-Eurosat-RGB-vs-Multispectral\data\raw\multispectral\PermanentCrop\PermanentCrop_1475.tif,6,2,PermanentCrop,HerbaceousVegetation,PermanentCrop
C:\Users\DELL Precision 5550\Documents\GitHub\Terrasight-Eurosat-RGB-vs-Multispectral\data\raw\multispectral\SeaLake\SeaLake_996.tif,9,9,SeaLake,SeaLake,SeaLake
C:\Users\DELL Precision 5550\Documents\GitHub\Terrasight-Eurosat-RGB-vs-Multispectral\data\raw\multispectral\River\River_86.tif,8,8,River,River,River
C:\Users\DELL Precision 5550\Documents\GitHub\Terrasight-Eurosat-RGB-vs-Multispectral\data\raw\multispectral\HerbaceousVegetation\HerbaceousVegetation_621.tif,2,2,HerbaceousVegetation,HerbaceousVegetation,HerbaceousVegetation
C:\Users\DELL Precision 5550\Documents\GitHub\Terrasight-Eurosat-RGB-vs-Multispectral\data\raw\multispectral\Forest\Forest_2482.tif,1,1,Forest,Forest,Forest
C:\Users\DELL Precision 5550\Documents\GitHub\Terrasight-Eurosat-RGB-vs-Multispectral\data\raw\multispectral\PermanentCrop\PermanentCrop_1087.tif,6,6,PermanentCrop,PermanentCrop,PermanentCrop
C:\Users\DELL Precision 5550\Documents\GitHub\Terrasight-Eurosat-RGB-vs-Multispectral\data\raw\multispectral\HerbaceousVegetation\HerbaceousVegetation_2395.tif,2,2,HerbaceousVegetation,HerbaceousVegetation,HerbaceousVegetation
C:\Users\DELL Precision 5550\Documents\GitHub\Terrasight-Eurosat-RGB-vs-Multispectral\data\raw\multispectral\Pasture\Pasture_805.tif,5,5,Pasture,Pasture,Pasture
C:\Users\DELL Precision 5550\Documents\GitHub\Terrasight-Eurosat-RGB-vs-Multispectral\data\raw\multispectral\SeaLake\SeaLake_1139.tif,9,9,SeaLake,SeaLake,SeaLake
C:\Users\DELL Precision 5550\Documents\GitHub\Terrasight-Eurosat-RGB-vs-Multispectral\data\raw\multispectral\SeaLake\SeaLake_713.tif,9,9,SeaLake,SeaLake,SeaLake
C:\Users\DELL Precision 5550\Documents\GitHub\Terrasight-Eurosat-RGB-vs-Multispectral\data\raw\multispectral\Highway\Highway_224.tif,3,3,Highway,Highway,Highway
C:\Users\DELL Precision 5550\Documents\GitHub\Terrasight-Eurosat-RGB-vs-Multispectral\data\raw\multispectral\Residential\Residential_803.tif,7,7,Residential,Residential,Residential
C:\Users\DELL Precision 5550\Documents\GitHub\Terrasight-Eurosat-RGB-vs-Multispectral\data\raw\multispectral\Highway\Highway_952.tif,3,3,Highway,Highway,Highway
C:\Users\DELL Precision 5550\Documents\GitHub\Terrasight-Eurosat-RGB-vs-Multispectral\data\raw\multispectral\Residential\Residential_1365.tif,7,7,Residential,Residential,Residential
C:\Users\DELL Precision 5550\Documents\GitHub\Terrasight-Eurosat-RGB-vs-Multispectral\data\raw\multispectral\Pasture\Pasture_388.tif,5,5,Pasture,Pasture,Pasture
C:\Users\DELL Precision 5550\Documents\GitHub\Terrasight-Eurosat-RGB-vs-Multispectral\data\raw\multispectral\HerbaceousVegetation\HerbaceousVegetation_821.tif,2,2,HerbaceousVegetation,HerbaceousVegetation,HerbaceousVegetation
C:\Users\DELL Precision 5550\Documents\GitHub\Terrasight-Eurosat-RGB-vs-Multispectral\data\raw\multispectral\Forest\Forest_382.tif,1,1,Forest,Forest,Forest
C:\Users\DELL Precision 5550\Documents\GitHub\Terrasight-Eurosat-RGB-vs-Multispectral\data\raw\multispectral\AnnualCrop\AnnualCrop_2527.tif,0,0,AnnualCrop,AnnualCrop,AnnualCrop
C:\Users\DELL Precision 5550\Documents\GitHub\Terrasight-Eurosat-RGB-vs-Multispectral\data\raw\multispectral\River\River_601.tif,8,8,River,River,River
C:\Users\DELL Precision 5550\Documents\GitHub\Terrasight-Eurosat-RGB-vs-Multispectral\data\raw\multispectral\Industrial\Industrial_2347.tif,4,4,Industrial,Industrial,Industrial
C:\Users\DELL Precision 5550\Documents\GitHub\Terrasight-Eurosat-RGB-vs-Multispectral\data\raw\multispectral\Industrial\Industrial_1856.tif,4,4,Industrial,Industrial,Industrial
C:\Users\DELL Precision 5550\Documents\GitHub\Terrasight-Eurosat-RGB-vs-Multispectral\data\raw\multispectral\Industrial\Industrial_1286.tif,4,4,Industrial,Industrial,Industrial
C:\Users\DELL Precision 5550\Documents\GitHub\Terrasight-Eurosat-RGB-vs-Multispectral\data\raw\multispectral\Residential\Residential_71.tif,7,7,Residential,Residential,Residential
C:\Users\DELL Precision 5550\Documents\GitHub\Terrasight-Eurosat-RGB-vs-Multispectral\data\raw\multispectral\Highway\Highway_20.tif,3,3,Highway,Highway,Highway
C:\Users\DELL Precision 5550\Documents\GitHub\Terrasight-Eurosat-RGB-vs-Multispectral\data\raw\multispectral\Forest\Forest_2369.tif,1,1,Forest,Forest,Forest
C:\Users\DELL Precision 5550\Documents\GitHub\Terrasight-Eurosat-RGB-vs-Multispectral\data\raw\multispectral\SeaLake\SeaLake_2452.tif,9,9,SeaLake,SeaLake,SeaLake
C:\Users\DELL Precision 5550\Documents\GitHub\Terrasight-Eurosat-RGB-vs-Multispectral\data\raw\multispectral\Industrial\Industrial_2210.tif,4,4,Industrial,Industrial,Industrial
C:\Users\DELL Precision 5550\Documents\GitHub\Terrasight-Eurosat-RGB-vs-Multispectral\data\raw\multispectral\AnnualCrop\AnnualCrop_979.tif,0,6,AnnualCrop,PermanentCrop,AnnualCrop
C:\Users\DELL Precision 5550\Documents\GitHub\Terrasight-Eurosat-RGB-vs-Multispectral\data\raw\multispectral\SeaLake\SeaLake_891.tif,9,9,SeaLake,SeaLake,SeaLake
C:\Users\DELL Precision 5550\Documents\GitHub\Terrasight-Eurosat-RGB-vs-Multispectral\data\raw\multispectral\Forest\Forest_2417.tif,1,1,Forest,Forest,Forest
C:\Users\DELL Precision 5550\Documents\GitHub\Terrasight-Eurosat-RGB-vs-Multispectral\data\raw\multispectral\PermanentCrop\PermanentCrop_273.tif,6,6,PermanentCrop,PermanentCrop,PermanentCrop
C:\Users\DELL Precision 5550\Documents\GitHub\Terrasight-Eurosat-RGB-vs-Multispectral\data\raw\multispectral\PermanentCrop\PermanentCrop_1407.tif,6,6,PermanentCrop,PermanentCrop,PermanentCrop
C:\Users\DELL Precision 5550\Documents\GitHub\Terrasight-Eurosat-RGB-vs-Multispectral\data\raw\multispectral\Residential\Residential_105.tif,7,7,Residential,Residential,Residential
C:\Users\DELL Precision 5550\Documents\GitHub\Terrasight-Eurosat-RGB-vs-Multispectral\data\raw\multispectral\Forest\Forest_182.tif,1,1,Forest,Forest,Forest
C:\Users\DELL Precision 5550\Documents\GitHub\Terrasight-Eurosat-RGB-vs-Multispectral\data\raw\multispectral\AnnualCrop\AnnualCrop_1592.tif,0,6,AnnualCrop,PermanentCrop,AnnualCrop
C:\Users\DELL Precision 5550\Documents\GitHub\Terrasight-Eurosat-RGB-vs-Multispectral\data\raw\multispectral\SeaLake\SeaLake_2859.tif,9,9,SeaLake,SeaLake,SeaLake
C:\Users\DELL Precision 5550\Documents\GitHub\Terrasight-Eurosat-RGB-vs-Multispectral\data\raw\multispectral\Industrial\Industrial_806.tif,4,4,Industrial,Industrial,Industrial
C:\Users\DELL Precision 5550\Documents\GitHub\Terrasight-Eurosat-RGB-vs-Multispectral\data\raw\multispectral\Pasture\Pasture_222.tif,5,5,Pasture,Pasture,Pasture
C:\Users\DELL Precision 5550\Documents\GitHub\Terrasight-Eurosat-RGB-vs-Multispectral\data\raw\multispectral\Residential\Residential_2246.tif,7,7,Residential,Residential,Residential
C:\Users\DELL Precision 5550\Documents\GitHub\Terrasight-Eurosat-RGB-vs-Multispectral\data\raw\multispectral\AnnualCrop\AnnualCrop_2334.tif,0,0,AnnualCrop,AnnualCrop,AnnualCrop
C:\Users\DELL Precision 5550\Documents\GitHub\Terrasight-Eurosat-RGB-vs-Multispectral\data\raw\multispectral\SeaLake\SeaLake_2292.tif,9,9,SeaLake,SeaLake,SeaLake
C:\Users\DELL Precision 5550\Documents\GitHub\Terrasight-Eurosat-RGB-vs-Multispectral\data\raw\multispectral\PermanentCrop\PermanentCrop_873.tif,6,6,PermanentCrop,PermanentCrop,PermanentCrop
C:\Users\DELL Precision 5550\Documents\GitHub\Terrasight-Eurosat-RGB-vs-Multispectral\data\raw\multispectral\SeaLake\SeaLake_786.tif,9,9,SeaLake,SeaLake,SeaLake
C:\Users\DELL Precision 5550\Documents\GitHub\Terrasight-Eurosat-RGB-vs-Multispectral\data\raw\multispectral\HerbaceousVegetation\HerbaceousVegetation_869.tif,2,2,HerbaceousVegetation,HerbaceousVegetation,HerbaceousVegetation
C:\Users\DELL Precision 5550\Documents\GitHub\Terrasight-Eurosat-RGB-vs-Multispectral\data\raw\multispectral\Forest\Forest_2611.tif,1,9,Forest,SeaLake,Forest
C:\Users\DELL Precision 5550\Documents\GitHub\Terrasight-Eurosat-RGB-vs-Multispectral\data\raw\multispectral\HerbaceousVegetation\HerbaceousVegetation_2475.tif,2,2,HerbaceousVegetation,HerbaceousVegetation,HerbaceousVegetation
C:\Users\DELL Precision 5550\Documents\GitHub\Terrasight-Eurosat-RGB-vs-Multispectral\data\raw\multispectral\AnnualCrop\AnnualCrop_877.tif,0,0,AnnualCrop,AnnualCrop,AnnualCrop
C:\Users\DELL Precision 5550\Documents\GitHub\Terrasight-Eurosat-RGB-vs-Multispectral\data\raw\multispectral\AnnualCrop\AnnualCrop_445.tif,0,0,AnnualCrop,AnnualCrop,AnnualCrop
C:\Users\DELL Precision 5550\Documents\GitHub\Terrasight-Eurosat-RGB-vs-Multispectral\data\raw\multispectral\AnnualCrop\AnnualCrop_831.tif,0,0,AnnualCrop,AnnualCrop,AnnualCrop
C:\Users\DELL Precision 5550\Documents\GitHub\Terrasight-Eurosat-RGB-vs-Multispectral\data\raw\multispectral\SeaLake\SeaLake_1871.tif,9,9,SeaLake,SeaLake,SeaLake
C:\Users\DELL Precision 5550\Documents\GitHub\Terrasight-Eurosat-RGB-vs-Multispectral\data\raw\multispectral\Forest\Forest_2041.tif,1,1,Forest,Forest,Forest
C:\Users\DELL Precision 5550\Documents\GitHub\Terrasight-Eurosat-RGB-vs-Multispectral\data\raw\multispectral\SeaLake\SeaLake_193.tif,9,9,SeaLake,SeaLake,SeaLake
C:\Users\DELL Precision 5550\Documents\GitHub\Terrasight-Eurosat-RGB-vs-Multispectral\data\raw\multispectral\AnnualCrop\AnnualCrop_313.tif,0,0,AnnualCrop,AnnualCrop,AnnualCrop
C:\Users\DELL Precision 5550\Documents\GitHub\Terrasight-Eurosat-RGB-vs-Multispectral\data\raw\multispectral\HerbaceousVegetation\HerbaceousVegetation_171.tif,2,2,HerbaceousVegetation,HerbaceousVegetation,HerbaceousVegetation
C:\Users\DELL Precision 5550\Documents\GitHub\Terrasight-Eurosat-RGB-vs-Multispectral\data\raw\multispectral\AnnualCrop\AnnualCrop_592.tif,0,5,AnnualCrop,Pasture,AnnualCrop
C:\Users\DELL Precision 5550\Documents\GitHub\Terrasight-Eurosat-RGB-vs-Multispectral\data\raw\multispectral\HerbaceousVegetation\HerbaceousVegetation_415.tif,2,2,HerbaceousVegetation,HerbaceousVegetation,HerbaceousVegetation
C:\Users\DELL Precision 5550\Documents\GitHub\Terrasight-Eurosat-RGB-vs-Multispectral\data\raw\multispectral\Highway\Highway_319.tif,3,3,Highway,Highway,Highway
C:\Users\DELL Precision 5550\Documents\GitHub\Terrasight-Eurosat-RGB-vs-Multispectral\data\raw\multispectral\AnnualCrop\AnnualCrop_2930.tif,0,0,AnnualCrop,AnnualCrop,AnnualCrop
C:\Users\DELL Precision 5550\Documents\GitHub\Terrasight-Eurosat-RGB-vs-Multispectral\data\raw\multispectral\PermanentCrop\PermanentCrop_537.tif,6,6,PermanentCrop,PermanentCrop,PermanentCrop
C:\Users\DELL Precision 5550\Documents\GitHub\Terrasight-Eurosat-RGB-vs-Multispectral\data\raw\multispectral\Forest\Forest_2619.tif,1,1,Forest,Forest,Forest
C:\Users\DELL Precision 5550\Documents\GitHub\Terrasight-Eurosat-RGB-vs-Multispectral\data\raw\multispectral\Industrial\Industrial_1529.tif,4,4,Industrial,Industrial,Industrial
C:\Users\DELL Precision 5550\Documents\GitHub\Terrasight-Eurosat-RGB-vs-Multispectral\data\raw\multispectral\Residential\Residential_2375.tif,7,7,Residential,Residential,Residential
C:\Users\DELL Precision 5550\Documents\GitHub\Terrasight-Eurosat-RGB-vs-Multispectral\data\raw\multispectral\Industrial\Industrial_1606.tif,4,2,Industrial,HerbaceousVegetation,Industrial
C:\Users\DELL Precision 5550\Documents\GitHub\Terrasight-Eurosat-RGB-vs-Multispectral\data\raw\multispectral\Highway\Highway_1642.tif,3,3,Highway,Highway,Highway
C:\Users\DELL Precision 5550\Documents\GitHub\Terrasight-Eurosat-RGB-vs-Multispectral\data\raw\multispectral\Residential\Residential_332.tif,7,7,Residential,Residential,Residential
C:\Users\DELL Precision 5550\Documents\GitHub\Terrasight-Eurosat-RGB-vs-Multispectral\data\raw\multispectral\AnnualCrop\AnnualCrop_2836.tif,0,0,AnnualCrop,AnnualCrop,AnnualCrop
C:\Users\DELL Precision 5550\Documents\GitHub\Terrasight-Eurosat-RGB-vs-Multispectral\data\raw\multispectral\Highway\Highway_1555.tif,3,3,Highway,Highway,Highway
C:\Users\DELL Precision 5550\Documents\GitHub\Terrasight-Eurosat-RGB-vs-Multispectral\data\raw\multispectral\Industrial\Industrial_574.tif,4,4,Industrial,Industrial,Industrial
C:\Users\DELL Precision 5550\Documents\GitHub\Terrasight-Eurosat-RGB-vs-Multispectral\data\raw\multispectral\AnnualCrop\AnnualCrop_452.tif,0,0,AnnualCrop,AnnualCrop,AnnualCrop
C:\Users\DELL Precision 5550\Documents\GitHub\Terrasight-Eurosat-RGB-vs-Multispectral\data\raw\multispectral\PermanentCrop\PermanentCrop_1781.tif,6,6,PermanentCrop,PermanentCrop,PermanentCrop
C:\Users\DELL Precision 5550\Documents\GitHub\Terrasight-Eurosat-RGB-vs-Multispectral\data\raw\multispectral\AnnualCrop\AnnualCrop_1913.tif,0,0,AnnualCrop,AnnualCrop,AnnualCrop
C:\Users\DELL Precision 5550\Documents\GitHub\Terrasight-Eurosat-RGB-vs-Multispectral\data\raw\multispectral\AnnualCrop\AnnualCrop_2595.tif,0,0,AnnualCrop,AnnualCrop,AnnualCrop
C:\Users\DELL Precision 5550\Documents\GitHub\Terrasight-Eurosat-RGB-vs-Multispectral\data\raw\multispectral\Highway\Highway_1851.tif,3,3,Highway,Highway,Highway
C:\Users\DELL Precision 5550\Documents\GitHub\Terrasight-Eurosat-RGB-vs-Multispectral\data\raw\multispectral\SeaLake\SeaLake_774.tif,9,9,SeaLake,SeaLake,SeaLake
C:\Users\DELL Precision 5550\Documents\GitHub\Terrasight-Eurosat-RGB-vs-Multispectral\data\raw\multispectral\Pasture\Pasture_30.tif,5,5,Pasture,Pasture,Pasture
C:\Users\DELL Precision 5550\Documents\GitHub\Terrasight-Eurosat-RGB-vs-Multispectral\data\raw\multispectral\AnnualCrop\AnnualCrop_1066.tif,0,0,AnnualCrop,AnnualCrop,AnnualCrop
C:\Users\DELL Precision 5550\Documents\GitHub\Terrasight-Eurosat-RGB-vs-Multispectral\data\raw\multispectral\PermanentCrop\PermanentCrop_1405.tif,6,6,PermanentCrop,PermanentCrop,PermanentCrop
C:\Users\DELL Precision 5550\Documents\GitHub\Terrasight-Eurosat-RGB-vs-Multispectral\data\raw\multispectral\Highway\Highway_1250.tif,3,3,Highway,Highway,Highway
C:\Users\DELL Precision 5550\Documents\GitHub\Terrasight-Eurosat-RGB-vs-Multispectral\data\raw\multispectral\HerbaceousVegetation\HerbaceousVegetation_1973.tif,2,2,HerbaceousVegetation,HerbaceousVegetation,HerbaceousVegetation
C:\Users\DELL Precision 5550\Documents\GitHub\Terrasight-Eurosat-RGB-vs-Multispectral\data\raw\multispectral\Residential\Residential_2967.tif,7,7,Residential,Residential,Residential
C:\Users\DELL Precision 5550\Documents\GitHub\Terrasight-Eurosat-RGB-vs-Multispectral\data\raw\multispectral\Forest\Forest_243.tif,1,2,Forest,HerbaceousVegetation,Forest
C:\Users\DELL Precision 5550\Documents\GitHub\Terrasight-Eurosat-RGB-vs-Multispectral\data\raw\multispectral\AnnualCrop\AnnualCrop_1776.tif,0,0,AnnualCrop,AnnualCrop,AnnualCrop
C:\Users\DELL Precision 5550\Documents\GitHub\Terrasight-Eurosat-RGB-vs-Multispectral\data\raw\multispectral\Residential\Residential_1741.tif,7,7,Residential,Residential,Residential
C:\Users\DELL Precision 5550\Documents\GitHub\Terrasight-Eurosat-RGB-vs-Multispectral\data\raw\multispectral\Forest\Forest_994.tif,1,1,Forest,Forest,Forest
C:\Users\DELL Precision 5550\Documents\GitHub\Terrasight-Eurosat-RGB-vs-Multispectral\data\raw\multispectral\PermanentCrop\PermanentCrop_1939.tif,6,6,PermanentCrop,PermanentCrop,PermanentCrop
C:\Users\DELL Precision 5550\Documents\GitHub\Terrasight-Eurosat-RGB-vs-Multispectral\data\raw\multispectral\SeaLake\SeaLake_2988.tif,9,9,SeaLake,SeaLake,SeaLake
C:\Users\DELL Precision 5550\Documents\GitHub\Terrasight-Eurosat-RGB-vs-Multispectral\data\raw\multispectral\Pasture\Pasture_381.tif,5,5,Pasture,Pasture,Pasture
C:\Users\DELL Precision 5550\Documents\GitHub\Terrasight-Eurosat-RGB-vs-Multispectral\data\raw\multispectral\Forest\Forest_492.tif,1,1,Forest,Forest,Forest
C:\Users\DELL Precision 5550\Documents\GitHub\Terrasight-Eurosat-RGB-vs-Multispectral\data\raw\multispectral\Pasture\Pasture_1959.tif,5,2,Pasture,HerbaceousVegetation,Pasture
C:\Users\DELL Precision 5550\Documents\GitHub\Terrasight-Eurosat-RGB-vs-Multispectral\data\raw\multispectral\SeaLake\SeaLake_1930.tif,9,9,SeaLake,SeaLake,SeaLake
C:\Users\DELL Precision 5550\Documents\GitHub\Terrasight-Eurosat-RGB-vs-Multispectral\data\raw\multispectral\Residential\Residential_2820.tif,7,7,Residential,Residential,Residential
C:\Users\DELL Precision 5550\Documents\GitHub\Terrasight-Eurosat-RGB-vs-Multispectral\data\raw\multispectral\Forest\Forest_916.tif,1,1,Forest,Forest,Forest
C:\Users\DELL Precision 5550\Documents\GitHub\Terrasight-Eurosat-RGB-vs-Multispectral\data\raw\multispectral\River\River_2457.tif,8,8,River,River,River
C:\Users\DELL Precision 5550\Documents\GitHub\Terrasight-Eurosat-RGB-vs-Multispectral\data\raw\multispectral\River\River_112.tif,8,8,River,River,River
C:\Users\DELL Precision 5550\Documents\GitHub\Terrasight-Eurosat-RGB-vs-Multispectral\data\raw\multispectral\SeaLake\SeaLake_382.tif,9,9,SeaLake,SeaLake,SeaLake
C:\Users\DELL Precision 5550\Documents\GitHub\Terrasight-Eurosat-RGB-vs-Multispectral\data\raw\multispectral\SeaLake\SeaLake_1750.tif,9,9,SeaLake,SeaLake,SeaLake
C:\Users\DELL Precision 5550\Documents\GitHub\Terrasight-Eurosat-RGB-vs-Multispectral\data\raw\multispectral\SeaLake\SeaLake_1300.tif,9,9,SeaLake,SeaLake,SeaLake
C:\Users\DELL Precision 5550\Documents\GitHub\Terrasight-Eurosat-RGB-vs-Multispectral\data\raw\multispectral\Highway\Highway_1801.tif,3,3,Highway,Highway,Highway
C:\Users\DELL Precision 5550\Documents\GitHub\Terrasight-Eurosat-RGB-vs-Multispectral\data\raw\multispectral\PermanentCrop\PermanentCrop_786.tif,6,6,PermanentCrop,PermanentCrop,PermanentCrop
C:\Users\DELL Precision 5550\Documents\GitHub\Terrasight-Eurosat-RGB-vs-Multispectral\data\raw\multispectral\SeaLake\SeaLake_1924.tif,9,9,SeaLake,SeaLake,SeaLake
C:\Users\DELL Precision 5550\Documents\GitHub\Terrasight-Eurosat-RGB-vs-Multispectral\data\raw\multispectral\Residential\Residential_1102.tif,7,7,Residential,Residential,Residential
C:\Users\DELL Precision 5550\Documents\GitHub\Terrasight-Eurosat-RGB-vs-Multispectral\data\raw\multispectral\HerbaceousVegetation\HerbaceousVegetation_1356.tif,2,2,HerbaceousVegetation,HerbaceousVegetation,HerbaceousVegetation
C:\Users\DELL Precision 5550\Documents\GitHub\Terrasight-Eurosat-RGB-vs-Multispectral\data\raw\multispectral\Forest\Forest_1324.tif,1,1,Forest,Forest,Forest
C:\Users\DELL Precision 5550\Documents\GitHub\Terrasight-Eurosat-RGB-vs-Multispectral\data\raw\multispectral\SeaLake\SeaLake_183.tif,9,9,SeaLake,SeaLake,SeaLake
C:\Users\DELL Precision 5550\Documents\GitHub\Terrasight-Eurosat-RGB-vs-Multispectral\data\raw\multispectral\Residential\Residential_666.tif,7,7,Residential,Residential,Residential
C:\Users\DELL Precision 5550\Documents\GitHub\Terrasight-Eurosat-RGB-vs-Multispectral\data\raw\multispectral\HerbaceousVegetation\HerbaceousVegetation_2281.tif,2,2,HerbaceousVegetation,HerbaceousVegetation,HerbaceousVegetation
C:\Users\DELL Precision 5550\Documents\GitHub\Terrasight-Eurosat-RGB-vs-Multispectral\data\raw\multispectral\HerbaceousVegetation\HerbaceousVegetation_1308.tif,2,2,HerbaceousVegetation,HerbaceousVegetation,HerbaceousVegetation
C:\Users\DELL Precision 5550\Documents\GitHub\Terrasight-Eurosat-RGB-vs-Multispectral\data\raw\multispectral\River\River_150.tif,8,8,River,River,River
C:\Users\DELL Precision 5550\Documents\GitHub\Terrasight-Eurosat-RGB-vs-Multispectral\data\raw\multispectral\HerbaceousVegetation\HerbaceousVegetation_2121.tif,2,2,HerbaceousVegetation,HerbaceousVegetation,HerbaceousVegetation
C:\Users\DELL Precision 5550\Documents\GitHub\Terrasight-Eurosat-RGB-vs-Multispectral\data\raw\multispectral\Residential\Residential_2551.tif,7,7,Residential,Residential,Residential
C:\Users\DELL Precision 5550\Documents\GitHub\Terrasight-Eurosat-RGB-vs-Multispectral\data\raw\multispectral\Forest\Forest_1835.tif,1,1,Forest,Forest,Forest
C:\Users\DELL Precision 5550\Documents\GitHub\Terrasight-Eurosat-RGB-vs-Multispectral\data\raw\multispectral\Highway\Highway_218.tif,3,3,Highway,Highway,Highway
C:\Users\DELL Precision 5550\Documents\GitHub\Terrasight-Eurosat-RGB-vs-Multispectral\data\raw\multispectral\River\River_1200.tif,8,8,River,River,River
C:\Users\DELL Precision 5550\Documents\GitHub\Terrasight-Eurosat-RGB-vs-Multispectral\data\raw\multispectral\Residential\Residential_167.tif,7,7,Residential,Residential,Residential
C:\Users\DELL Precision 5550\Documents\GitHub\Terrasight-Eurosat-RGB-vs-Multispectral\data\raw\multispectral\HerbaceousVegetation\HerbaceousVegetation_865.tif,2,2,HerbaceousVegetation,HerbaceousVegetation,HerbaceousVegetation
C:\Users\DELL Precision 5550\Documents\GitHub\Terrasight-Eurosat-RGB-vs-Multispectral\data\raw\multispectral\Pasture\Pasture_1952.tif,5,5,Pasture,Pasture,Pasture
C:\Users\DELL Precision 5550\Documents\GitHub\Terrasight-Eurosat-RGB-vs-Multispectral\data\raw\multispectral\SeaLake\SeaLake_1988.tif,9,9,SeaLake,SeaLake,SeaLake
C:\Users\DELL Precision 5550\Documents\GitHub\Terrasight-Eurosat-RGB-vs-Multispectral\data\raw\multispectral\Residential\Residential_1083.tif,7,7,Residential,Residential,Residential
C:\Users\DELL Precision 5550\Documents\GitHub\Terrasight-Eurosat-RGB-vs-Multispectral\data\raw\multispectral\Pasture\Pasture_1164.tif,5,5,Pasture,Pasture,Pasture
C:\Users\DELL Precision 5550\Documents\GitHub\Terrasight-Eurosat-RGB-vs-Multispectral\data\raw\multispectral\Residential\Residential_2622.tif,7,7,Residential,Residential,Residential
C:\Users\DELL Precision 5550\Documents\GitHub\Terrasight-Eurosat-RGB-vs-Multispectral\data\raw\multispectral\HerbaceousVegetation\HerbaceousVegetation_2684.tif,2,2,HerbaceousVegetation,HerbaceousVegetation,HerbaceousVegetation
C:\Users\DELL Precision 5550\Documents\GitHub\Terrasight-Eurosat-RGB-vs-Multispectral\data\raw\multispectral\SeaLake\SeaLake_557.tif,9,9,SeaLake,SeaLake,SeaLake
C:\Users\DELL Precision 5550\Documents\GitHub\Terrasight-Eurosat-RGB-vs-Multispectral\data\raw\multispectral\Pasture\Pasture_17.tif,5,5,Pasture,Pasture,Pasture
C:\Users\DELL Precision 5550\Documents\GitHub\Terrasight-Eurosat-RGB-vs-Multispectral\data\raw\multispectral\SeaLake\SeaLake_1824.tif,9,9,SeaLake,SeaLake,SeaLake
C:\Users\DELL Precision 5550\Documents\GitHub\Terrasight-Eurosat-RGB-vs-Multispectral\data\raw\multispectral\Highway\Highway_1656.tif,3,3,Highway,Highway,Highway
C:\Users\DELL Precision 5550\Documents\GitHub\Terrasight-Eurosat-RGB-vs-Multispectral\data\raw\multispectral\AnnualCrop\AnnualCrop_490.tif,0,0,AnnualCrop,AnnualCrop,AnnualCrop
C:\Users\DELL Precision 5550\Documents\GitHub\Terrasight-Eurosat-RGB-vs-Multispectral\data\raw\multispectral\Residential\Residential_2795.tif,7,7,Residential,Residential,Residential
C:\Users\DELL Precision 5550\Documents\GitHub\Terrasight-Eurosat-RGB-vs-Multispectral\data\raw\multispectral\River\River_2176.tif,8,8,River,River,River
C:\Users\DELL Precision 5550\Documents\GitHub\Terrasight-Eurosat-RGB-vs-Multispectral\data\raw\multispectral\Residential\Residential_2382.tif,7,7,Residential,Residential,Residential
C:\Users\DELL Precision 5550\Documents\GitHub\Terrasight-Eurosat-RGB-vs-Multispectral\data\raw\multispectral\Pasture\Pasture_59.tif,5,5,Pasture,Pasture,Pasture
C:\Users\DELL Precision 5550\Documents\GitHub\Terrasight-Eurosat-RGB-vs-Multispectral\data\raw\multispectral\HerbaceousVegetation\HerbaceousVegetation_2937.tif,2,2,HerbaceousVegetation,HerbaceousVegetation,HerbaceousVegetation
C:\Users\DELL Precision 5550\Documents\GitHub\Terrasight-Eurosat-RGB-vs-Multispectral\data\raw\multispectral\AnnualCrop\AnnualCrop_1982.tif,0,0,AnnualCrop,AnnualCrop,AnnualCrop
C:\Users\DELL Precision 5550\Documents\GitHub\Terrasight-Eurosat-RGB-vs-Multispectral\data\raw\multispectral\PermanentCrop\PermanentCrop_1597.tif,6,6,PermanentCrop,PermanentCrop,PermanentCrop
C:\Users\DELL Precision 5550\Documents\GitHub\Terrasight-Eurosat-RGB-vs-Multispectral\data\raw\multispectral\Forest\Forest_1421.tif,1,1,Forest,Forest,Forest
C:\Users\DELL Precision 5550\Documents\GitHub\Terrasight-Eurosat-RGB-vs-Multispectral\data\raw\multispectral\PermanentCrop\PermanentCrop_244.tif,6,6,PermanentCrop,PermanentCrop,PermanentCrop
C:\Users\DELL Precision 5550\Documents\GitHub\Terrasight-Eurosat-RGB-vs-Multispectral\data\raw\multispectral\Highway\Highway_726.tif,3,3,Highway,Highway,Highway
C:\Users\DELL Precision 5550\Documents\GitHub\Terrasight-Eurosat-RGB-vs-Multispectral\data\raw\multispectral\Pasture\Pasture_254.tif,5,5,Pasture,Pasture,Pasture
C:\Users\DELL Precision 5550\Documents\GitHub\Terrasight-Eurosat-RGB-vs-Multispectral\data\raw\multispectral\HerbaceousVegetation\HerbaceousVegetation_1193.tif,2,2,HerbaceousVegetation,HerbaceousVegetation,HerbaceousVegetation
C:\Users\DELL Precision 5550\Documents\GitHub\Terrasight-Eurosat-RGB-vs-Multispectral\data\raw\multispectral\Industrial\Industrial_481.tif,4,4,Industrial,Industrial,Industrial
C:\Users\DELL Precision 5550\Documents\GitHub\Terrasight-Eurosat-RGB-vs-Multispectral\data\raw\multispectral\Pasture\Pasture_1394.tif,5,5,Pasture,Pasture,Pasture
C:\Users\DELL Precision 5550\Documents\GitHub\Terrasight-Eurosat-RGB-vs-Multispectral\data\raw\multispectral\SeaLake\SeaLake_1027.tif,9,9,SeaLake,SeaLake,SeaLake
C:\Users\DELL Precision 5550\Documents\GitHub\Terrasight-Eurosat-RGB-vs-Multispectral\data\raw\multispectral\PermanentCrop\PermanentCrop_947.tif,6,6,PermanentCrop,PermanentCrop,PermanentCrop
C:\Users\DELL Precision 5550\Documents\GitHub\Terrasight-Eurosat-RGB-vs-Multispectral\data\raw\multispectral\Highway\Highway_191.tif,3,3,Highway,Highway,Highway
C:\Users\DELL Precision 5550\Documents\GitHub\Terrasight-Eurosat-RGB-vs-Multispectral\data\raw\multispectral\River\River_800.tif,8,8,River,River,River
C:\Users\DELL Precision 5550\Documents\GitHub\Terrasight-Eurosat-RGB-vs-Multispectral\data\raw\multispectral\HerbaceousVegetation\HerbaceousVegetation_2359.tif,2,2,HerbaceousVegetation,HerbaceousVegetation,HerbaceousVegetation
C:\Users\DELL Precision 5550\Documents\GitHub\Terrasight-Eurosat-RGB-vs-Multispectral\data\raw\multispectral\River\River_1319.tif,8,8,River,River,River
C:\Users\DELL Precision 5550\Documents\GitHub\Terrasight-Eurosat-RGB-vs-Multispectral\data\raw\multispectral\SeaLake\SeaLake_1113.tif,9,9,SeaLake,SeaLake,SeaLake
C:\Users\DELL Precision 5550\Documents\GitHub\Terrasight-Eurosat-RGB-vs-Multispectral\data\raw\multispectral\AnnualCrop\AnnualCrop_2854.tif,0,0,AnnualCrop,AnnualCrop,AnnualCrop
C:\Users\DELL Precision 5550\Documents\GitHub\Terrasight-Eurosat-RGB-vs-Multispectral\data\raw\multispectral\AnnualCrop\AnnualCrop_2992.tif,0,0,AnnualCrop,AnnualCrop,AnnualCrop
C:\Users\DELL Precision 5550\Documents\GitHub\Terrasight-Eurosat-RGB-vs-Multispectral\data\raw\multispectral\Forest\Forest_1018.tif,1,1,Forest,Forest,Forest
C:\Users\DELL Precision 5550\Documents\GitHub\Terrasight-Eurosat-RGB-vs-Multispectral\data\raw\multispectral\SeaLake\SeaLake_1311.tif,9,9,SeaLake,SeaLake,SeaLake
C:\Users\DELL Precision 5550\Documents\GitHub\Terrasight-Eurosat-RGB-vs-Multispectral\data\raw\multispectral\Pasture\Pasture_817.tif,5,5,Pasture,Pasture,Pasture
C:\Users\DELL Precision 5550\Documents\GitHub\Terrasight-Eurosat-RGB-vs-Multispectral\data\raw\multispectral\Pasture\Pasture_56.tif,5,5,Pasture,Pasture,Pasture
C:\Users\DELL Precision 5550\Documents\GitHub\Terrasight-Eurosat-RGB-vs-Multispectral\data\raw\multispectral\SeaLake\SeaLake_2064.tif,9,9,SeaLake,SeaLake,SeaLake
C:\Users\DELL Precision 5550\Documents\GitHub\Terrasight-Eurosat-RGB-vs-Multispectral\data\raw\multispectral\Forest\Forest_2796.tif,1,1,Forest,Forest,Forest
C:\Users\DELL Precision 5550\Documents\GitHub\Terrasight-Eurosat-RGB-vs-Multispectral\data\raw\multispectral\Residential\Residential_1690.tif,7,7,Residential,Residential,Residential
C:\Users\DELL Precision 5550\Documents\GitHub\Terrasight-Eurosat-RGB-vs-Multispectral\data\raw\multispectral\SeaLake\SeaLake_208.tif,9,9,SeaLake,SeaLake,SeaLake
C:\Users\DELL Precision 5550\Documents\GitHub\Terrasight-Eurosat-RGB-vs-Multispectral\data\raw\multispectral\Industrial\Industrial_5.tif,4,4,Industrial,Industrial,Industrial
C:\Users\DELL Precision 5550\Documents\GitHub\Terrasight-Eurosat-RGB-vs-Multispectral\data\raw\multispectral\HerbaceousVegetation\HerbaceousVegetation_2092.tif,2,2,HerbaceousVegetation,HerbaceousVegetation,HerbaceousVegetation
C:\Users\DELL Precision 5550\Documents\GitHub\Terrasight-Eurosat-RGB-vs-Multispectral\data\raw\multispectral\Highway\Highway_1563.tif,3,3,Highway,Highway,Highway
C:\Users\DELL Precision 5550\Documents\GitHub\Terrasight-Eurosat-RGB-vs-Multispectral\data\raw\multispectral\AnnualCrop\AnnualCrop_2377.tif,0,0,AnnualCrop,AnnualCrop,AnnualCrop
C:\Users\DELL Precision 5550\Documents\GitHub\Terrasight-Eurosat-RGB-vs-Multispectral\data\raw\multispectral\River\River_2126.tif,8,8,River,River,River
C:\Users\DELL Precision 5550\Documents\GitHub\Terrasight-Eurosat-RGB-vs-Multispectral\data\raw\multispectral\AnnualCrop\AnnualCrop_722.tif,0,0,AnnualCrop,AnnualCrop,AnnualCrop
C:\Users\DELL Precision 5550\Documents\GitHub\Terrasight-Eurosat-RGB-vs-Multispectral\data\raw\multispectral\River\River_124.tif,8,8,River,River,River
C:\Users\DELL Precision 5550\Documents\GitHub\Terrasight-Eurosat-RGB-vs-Multispectral\data\raw\multispectral\Forest\Forest_2956.tif,1,1,Forest,Forest,Forest
C:\Users\DELL Precision 5550\Documents\GitHub\Terrasight-Eurosat-RGB-vs-Multispectral\data\raw\multispectral\HerbaceousVegetation\HerbaceousVegetation_43.tif,2,2,HerbaceousVegetation,HerbaceousVegetation,HerbaceousVegetation
C:\Users\DELL Precision 5550\Documents\GitHub\Terrasight-Eurosat-RGB-vs-Multispectral\data\raw\multispectral\Industrial\Industrial_956.tif,4,4,Industrial,Industrial,Industrial
C:\Users\DELL Precision 5550\Documents\GitHub\Terrasight-Eurosat-RGB-vs-Multispectral\data\raw\multispectral\Industrial\Industrial_1344.tif,4,4,Industrial,Industrial,Industrial
C:\Users\DELL Precision 5550\Documents\GitHub\Terrasight-Eurosat-RGB-vs-Multispectral\data\raw\multispectral\Forest\Forest_2015.tif,1,1,Forest,Forest,Forest
C:\Users\DELL Precision 5550\Documents\GitHub\Terrasight-Eurosat-RGB-vs-Multispectral\data\raw\multispectral\Pasture\Pasture_1255.tif,5,5,Pasture,Pasture,Pasture
C:\Users\DELL Precision 5550\Documents\GitHub\Terrasight-Eurosat-RGB-vs-Multispectral\data\raw\multispectral\SeaLake\SeaLake_1626.tif,9,9,SeaLake,SeaLake,SeaLake
C:\Users\DELL Precision 5550\Documents\GitHub\Terrasight-Eurosat-RGB-vs-Multispectral\data\raw\multispectral\HerbaceousVegetation\HerbaceousVegetation_1893.tif,2,2,HerbaceousVegetation,HerbaceousVegetation,HerbaceousVegetation
C:\Users\DELL Precision 5550\Documents\GitHub\Terrasight-Eurosat-RGB-vs-Multispectral\data\raw\multispectral\River\River_1811.tif,8,8,River,River,River
C:\Users\DELL Precision 5550\Documents\GitHub\Terrasight-Eurosat-RGB-vs-Multispectral\data\raw\multispectral\HerbaceousVegetation\HerbaceousVegetation_2534.tif,2,7,HerbaceousVegetation,Residential,HerbaceousVegetation
C:\Users\DELL Precision 5550\Documents\GitHub\Terrasight-Eurosat-RGB-vs-Multispectral\data\raw\multispectral\HerbaceousVegetation\HerbaceousVegetation_2994.tif,2,2,HerbaceousVegetation,HerbaceousVegetation,HerbaceousVegetation
C:\Users\DELL Precision 5550\Documents\GitHub\Terrasight-Eurosat-RGB-vs-Multispectral\data\raw\multispectral\PermanentCrop\PermanentCrop_30.tif,6,6,PermanentCrop,PermanentCrop,PermanentCrop
C:\Users\DELL Precision 5550\Documents\GitHub\Terrasight-Eurosat-RGB-vs-Multispectral\data\raw\multispectral\Pasture\Pasture_519.tif,5,5,Pasture,Pasture,Pasture
C:\Users\DELL Precision 5550\Documents\GitHub\Terrasight-Eurosat-RGB-vs-Multispectral\data\raw\multispectral\Residential\Residential_2663.tif,7,7,Residential,Residential,Residential
C:\Users\DELL Precision 5550\Documents\GitHub\Terrasight-Eurosat-RGB-vs-Multispectral\data\raw\multispectral\Residential\Residential_206.tif,7,7,Residential,Residential,Residential
C:\Users\DELL Precision 5550\Documents\GitHub\Terrasight-Eurosat-RGB-vs-Multispectral\data\raw\multispectral\Forest\Forest_1408.tif,1,1,Forest,Forest,Forest
C:\Users\DELL Precision 5550\Documents\GitHub\Terrasight-Eurosat-RGB-vs-Multispectral\data\raw\multispectral\HerbaceousVegetation\HerbaceousVegetation_1969.tif,2,2,HerbaceousVegetation,HerbaceousVegetation,HerbaceousVegetation
C:\Users\DELL Precision 5550\Documents\GitHub\Terrasight-Eurosat-RGB-vs-Multispectral\data\raw\multispectral\SeaLake\SeaLake_1240.tif,9,9,SeaLake,SeaLake,SeaLake
C:\Users\DELL Precision 5550\Documents\GitHub\Terrasight-Eurosat-RGB-vs-Multispectral\data\raw\multispectral\Forest\Forest_306.tif,1,1,Forest,Forest,Forest
C:\Users\DELL Precision 5550\Documents\GitHub\Terrasight-Eurosat-RGB-vs-Multispectral\data\raw\multispectral\HerbaceousVegetation\HerbaceousVegetation_427.tif,2,2,HerbaceousVegetation,HerbaceousVegetation,HerbaceousVegetation
C:\Users\DELL Precision 5550\Documents\GitHub\Terrasight-Eurosat-RGB-vs-Multispectral\data\raw\multispectral\Pasture\Pasture_1549.tif,5,5,Pasture,Pasture,Pasture
C:\Users\DELL Precision 5550\Documents\GitHub\Terrasight-Eurosat-RGB-vs-Multispectral\data\raw\multispectral\Highway\Highway_23.tif,3,3,Highway,Highway,Highway
C:\Users\DELL Precision 5550\Documents\GitHub\Terrasight-Eurosat-RGB-vs-Multispectral\data\raw\multispectral\Pasture\Pasture_258.tif,5,5,Pasture,Pasture,Pasture
C:\Users\DELL Precision 5550\Documents\GitHub\Terrasight-Eurosat-RGB-vs-Multispectral\data\raw\multispectral\AnnualCrop\AnnualCrop_1722.tif,0,0,AnnualCrop,AnnualCrop,AnnualCrop
C:\Users\DELL Precision 5550\Documents\GitHub\Terrasight-Eurosat-RGB-vs-Multispectral\data\raw\multispectral\River\River_450.tif,8,8,River,River,River
C:\Users\DELL Precision 5550\Documents\GitHub\Terrasight-Eurosat-RGB-vs-Multispectral\data\raw\multispectral\Residential\Residential_794.tif,7,7,Residential,Residential,Residential
C:\Users\DELL Precision 5550\Documents\GitHub\Terrasight-Eurosat-RGB-vs-Multispectral\data\raw\multispectral\SeaLake\SeaLake_885.tif,9,9,SeaLake,SeaLake,SeaLake
C:\Users\DELL Precision 5550\Documents\GitHub\Terrasight-Eurosat-RGB-vs-Multispectral\data\raw\multispectral\HerbaceousVegetation\HerbaceousVegetation_1129.tif,2,2,HerbaceousVegetation,HerbaceousVegetation,HerbaceousVegetation
C:\Users\DELL Precision 5550\Documents\GitHub\Terrasight-Eurosat-RGB-vs-Multispectral\data\raw\multispectral\Forest\Forest_1979.tif,1,1,Forest,Forest,Forest
C:\Users\DELL Precision 5550\Documents\GitHub\Terrasight-Eurosat-RGB-vs-Multispectral\data\raw\multispectral\AnnualCrop\AnnualCrop_1546.tif,0,0,AnnualCrop,AnnualCrop,AnnualCrop
C:\Users\DELL Precision 5550\Documents\GitHub\Terrasight-Eurosat-RGB-vs-Multispectral\data\raw\multispectral\Forest\Forest_1909.tif,1,1,Forest,Forest,Forest
C:\Users\DELL Precision 5550\Documents\GitHub\Terrasight-Eurosat-RGB-vs-Multispectral\data\raw\multispectral\PermanentCrop\PermanentCrop_1421.tif,6,6,PermanentCrop,PermanentCrop,PermanentCrop
C:\Users\DELL Precision 5550\Documents\GitHub\Terrasight-Eurosat-RGB-vs-Multispectral\data\raw\multispectral\SeaLake\SeaLake_2661.tif,9,9,SeaLake,SeaLake,SeaLake
C:\Users\DELL Precision 5550\Documents\GitHub\Terrasight-Eurosat-RGB-vs-Multispectral\data\raw\multispectral\AnnualCrop\AnnualCrop_840.tif,0,0,AnnualCrop,AnnualCrop,AnnualCrop
C:\Users\DELL Precision 5550\Documents\GitHub\Terrasight-Eurosat-RGB-vs-Multispectral\data\raw\multispectral\Pasture\Pasture_736.tif,5,5,Pasture,Pasture,Pasture
C:\Users\DELL Precision 5550\Documents\GitHub\Terrasight-Eurosat-RGB-vs-Multispectral\data\raw\multispectral\Highway\Highway_1468.tif,3,3,Highway,Highway,Highway
C:\Users\DELL Precision 5550\Documents\GitHub\Terrasight-Eurosat-RGB-vs-Multispectral\data\raw\multispectral\SeaLake\SeaLake_1439.tif,9,9,SeaLake,SeaLake,SeaLake
C:\Users\DELL Precision 5550\Documents\GitHub\Terrasight-Eurosat-RGB-vs-Multispectral\data\raw\multispectral\PermanentCrop\PermanentCrop_2170.tif,6,6,PermanentCrop,PermanentCrop,PermanentCrop
C:\Users\DELL Precision 5550\Documents\GitHub\Terrasight-Eurosat-RGB-vs-Multispectral\data\raw\multispectral\Residential\Residential_2278.tif,7,7,Residential,Residential,Residential
C:\Users\DELL Precision 5550\Documents\GitHub\Terrasight-Eurosat-RGB-vs-Multispectral\data\raw\multispectral\HerbaceousVegetation\HerbaceousVegetation_2681.tif,2,2,HerbaceousVegetation,HerbaceousVegetation,HerbaceousVegetation
C:\Users\DELL Precision 5550\Documents\GitHub\Terrasight-Eurosat-RGB-vs-Multispectral\data\raw\multispectral\Residential\Residential_1383.tif,7,7,Residential,Residential,Residential
C:\Users\DELL Precision 5550\Documents\GitHub\Terrasight-Eurosat-RGB-vs-Multispectral\data\raw\multispectral\HerbaceousVegetation\HerbaceousVegetation_2402.tif,2,2,HerbaceousVegetation,HerbaceousVegetation,HerbaceousVegetation
C:\Users\DELL Precision 5550\Documents\GitHub\Terrasight-Eurosat-RGB-vs-Multispectral\data\raw\multispectral\Residential\Residential_2581.tif,7,7,Residential,Residential,Residential
C:\Users\DELL Precision 5550\Documents\GitHub\Terrasight-Eurosat-RGB-vs-Multispectral\data\raw\multispectral\Industrial\Industrial_1702.tif,4,3,Industrial,Highway,Industrial
C:\Users\DELL Precision 5550\Documents\GitHub\Terrasight-Eurosat-RGB-vs-Multispectral\data\raw\multispectral\HerbaceousVegetation\HerbaceousVegetation_1159.tif,2,2,HerbaceousVegetation,HerbaceousVegetation,HerbaceousVegetation
C:\Users\DELL Precision 5550\Documents\GitHub\Terrasight-Eurosat-RGB-vs-Multispectral\data\raw\multispectral\Highway\Highway_1846.tif,3,3,Highway,Highway,Highway
C:\Users\DELL Precision 5550\Documents\GitHub\Terrasight-Eurosat-RGB-vs-Multispectral\data\raw\multispectral\PermanentCrop\PermanentCrop_2095.tif,6,6,PermanentCrop,PermanentCrop,PermanentCrop
C:\Users\DELL Precision 5550\Documents\GitHub\Terrasight-Eurosat-RGB-vs-Multispectral\data\raw\multispectral\Residential\Residential_256.tif,7,7,Residential,Residential,Residential
C:\Users\DELL Precision 5550\Documents\GitHub\Terrasight-Eurosat-RGB-vs-Multispectral\data\raw\multispectral\SeaLake\SeaLake_2874.tif,9,9,SeaLake,SeaLake,SeaLake
C:\Users\DELL Precision 5550\Documents\GitHub\Terrasight-Eurosat-RGB-vs-Multispectral\data\raw\multispectral\Residential\Residential_2970.tif,7,7,Residential,Residential,Residential
C:\Users\DELL Precision 5550\Documents\GitHub\Terrasight-Eurosat-RGB-vs-Multispectral\data\raw\multispectral\HerbaceousVegetation\HerbaceousVegetation_23.tif,2,2,HerbaceousVegetation,HerbaceousVegetation,HerbaceousVegetation
C:\Users\DELL Precision 5550\Documents\GitHub\Terrasight-Eurosat-RGB-vs-Multispectral\data\raw\multispectral\Pasture\Pasture_1138.tif,5,5,Pasture,Pasture,Pasture
C:\Users\DELL Precision 5550\Documents\GitHub\Terrasight-Eurosat-RGB-vs-Multispectral\data\raw\multispectral\PermanentCrop\PermanentCrop_878.tif,6,6,PermanentCrop,PermanentCrop,PermanentCrop
C:\Users\DELL Precision 5550\Documents\GitHub\Terrasight-Eurosat-RGB-vs-Multispectral\data\raw\multispectral\River\River_2418.tif,8,8,River,River,River
C:\Users\DELL Precision 5550\Documents\GitHub\Terrasight-Eurosat-RGB-vs-Multispectral\data\raw\multispectral\Highway\Highway_1742.tif,3,3,Highway,Highway,Highway
C:\Users\DELL Precision 5550\Documents\GitHub\Terrasight-Eurosat-RGB-vs-Multispectral\data\raw\multispectral\AnnualCrop\AnnualCrop_2798.tif,0,0,AnnualCrop,AnnualCrop,AnnualCrop
C:\Users\DELL Precision 5550\Documents\GitHub\Terrasight-Eurosat-RGB-vs-Multispectral\data\raw\multispectral\SeaLake\SeaLake_1794.tif,9,9,SeaLake,SeaLake,SeaLake
C:\Users\DELL Precision 5550\Documents\GitHub\Terrasight-Eurosat-RGB-vs-Multispectral\data\raw\multispectral\HerbaceousVegetation\HerbaceousVegetation_1562.tif,2,2,HerbaceousVegetation,HerbaceousVegetation,HerbaceousVegetation
C:\Users\DELL Precision 5550\Documents\GitHub\Terrasight-Eurosat-RGB-vs-Multispectral\data\raw\multispectral\HerbaceousVegetation\HerbaceousVegetation_1480.tif,2,2,HerbaceousVegetation,HerbaceousVegetation,HerbaceousVegetation
C:\Users\DELL Precision 5550\Documents\GitHub\Terrasight-Eurosat-RGB-vs-Multispectral\data\raw\multispectral\Highway\Highway_812.tif,3,3,Highway,Highway,Highway
C:\Users\DELL Precision 5550\Documents\GitHub\Terrasight-Eurosat-RGB-vs-Multispectral\data\raw\multispectral\Residential\Residential_2713.tif,7,7,Residential,Residential,Residential
C:\Users\DELL Precision 5550\Documents\GitHub\Terrasight-Eurosat-RGB-vs-Multispectral\data\raw\multispectral\Pasture\Pasture_1378.tif,5,5,Pasture,Pasture,Pasture
C:\Users\DELL Precision 5550\Documents\GitHub\Terrasight-Eurosat-RGB-vs-Multispectral\data\raw\multispectral\Residential\Residential_622.tif,7,7,Residential,Residential,Residential
C:\Users\DELL Precision 5550\Documents\GitHub\Terrasight-Eurosat-RGB-vs-Multispectral\data\raw\multispectral\Highway\Highway_2406.tif,3,3,Highway,Highway,Highway
C:\Users\DELL Precision 5550\Documents\GitHub\Terrasight-Eurosat-RGB-vs-Multispectral\data\raw\multispectral\Pasture\Pasture_567.tif,5,5,Pasture,Pasture,Pasture
C:\Users\DELL Precision 5550\Documents\GitHub\Terrasight-Eurosat-RGB-vs-Multispectral\data\raw\multispectral\Pasture\Pasture_399.tif,5,5,Pasture,Pasture,Pasture
C:\Users\DELL Precision 5550\Documents\GitHub\Terrasight-Eurosat-RGB-vs-Multispectral\data\raw\multispectral\SeaLake\SeaLake_993.tif,9,9,SeaLake,SeaLake,SeaLake
C:\Users\DELL Precision 5550\Documents\GitHub\Terrasight-Eurosat-RGB-vs-Multispectral\data\raw\multispectral\Highway\Highway_2362.tif,3,3,Highway,Highway,Highway
C:\Users\DELL Precision 5550\Documents\GitHub\Terrasight-Eurosat-RGB-vs-Multispectral\data\raw\multispectral\River\River_760.tif,8,8,River,River,River
C:\Users\DELL Precision 5550\Documents\GitHub\Terrasight-Eurosat-RGB-vs-Multispectral\data\raw\multispectral\HerbaceousVegetation\HerbaceousVegetation_2943.tif,2,2,HerbaceousVegetation,HerbaceousVegetation,HerbaceousVegetation
C:\Users\DELL Precision 5550\Documents\GitHub\Terrasight-Eurosat-RGB-vs-Multispectral\data\raw\multispectral\PermanentCrop\PermanentCrop_911.tif,6,4,PermanentCrop,Industrial,PermanentCrop
C:\Users\DELL Precision 5550\Documents\GitHub\Terrasight-Eurosat-RGB-vs-Multispectral\data\raw\multispectral\Highway\Highway_435.tif,3,3,Highway,Highway,Highway
C:\Users\DELL Precision 5550\Documents\GitHub\Terrasight-Eurosat-RGB-vs-Multispectral\data\raw\multispectral\Pasture\Pasture_1738.tif,5,5,Pasture,Pasture,Pasture
C:\Users\DELL Precision 5550\Documents\GitHub\Terrasight-Eurosat-RGB-vs-Multispectral\data\raw\multispectral\SeaLake\SeaLake_340.tif,9,9,SeaLake,SeaLake,SeaLake
C:\Users\DELL Precision 5550\Documents\GitHub\Terrasight-Eurosat-RGB-vs-Multispectral\data\raw\multispectral\SeaLake\SeaLake_915.tif,9,9,SeaLake,SeaLake,SeaLake
C:\Users\DELL Precision 5550\Documents\GitHub\Terrasight-Eurosat-RGB-vs-Multispectral\data\raw\multispectral\Highway\Highway_2296.tif,3,3,Highway,Highway,Highway
C:\Users\DELL Precision 5550\Documents\GitHub\Terrasight-Eurosat-RGB-vs-Multispectral\data\raw\multispectral\Industrial\Industrial_1933.tif,4,4,Industrial,Industrial,Industrial
C:\Users\DELL Precision 5550\Documents\GitHub\Terrasight-Eurosat-RGB-vs-Multispectral\data\raw\multispectral\Pasture\Pasture_1042.tif,5,5,Pasture,Pasture,Pasture
C:\Users\DELL Precision 5550\Documents\GitHub\Terrasight-Eurosat-RGB-vs-Multispectral\data\raw\multispectral\Forest\Forest_2925.tif,1,1,Forest,Forest,Forest
C:\Users\DELL Precision 5550\Documents\GitHub\Terrasight-Eurosat-RGB-vs-Multispectral\data\raw\multispectral\Residential\Residential_1243.tif,7,7,Residential,Residential,Residential
C:\Users\DELL Precision 5550\Documents\GitHub\Terrasight-Eurosat-RGB-vs-Multispectral\data\raw\multispectral\Forest\Forest_683.tif,1,1,Forest,Forest,Forest
C:\Users\DELL Precision 5550\Documents\GitHub\Terrasight-Eurosat-RGB-vs-Multispectral\data\raw\multispectral\Industrial\Industrial_2027.tif,4,4,Industrial,Industrial,Industrial
C:\Users\DELL Precision 5550\Documents\GitHub\Terrasight-Eurosat-RGB-vs-Multispectral\data\raw\multispectral\River\River_1561.tif,8,8,River,River,River
C:\Users\DELL Precision 5550\Documents\GitHub\Terrasight-Eurosat-RGB-vs-Multispectral\data\raw\multispectral\SeaLake\SeaLake_202.tif,9,9,SeaLake,SeaLake,SeaLake
C:\Users\DELL Precision 5550\Documents\GitHub\Terrasight-Eurosat-RGB-vs-Multispectral\data\raw\multispectral\Residential\Residential_1458.tif,7,7,Residential,Residential,Residential
C:\Users\DELL Precision 5550\Documents\GitHub\Terrasight-Eurosat-RGB-vs-Multispectral\data\raw\multispectral\HerbaceousVegetation\HerbaceousVegetation_188.tif,2,2,HerbaceousVegetation,HerbaceousVegetation,HerbaceousVegetation
C:\Users\DELL Precision 5550\Documents\GitHub\Terrasight-Eurosat-RGB-vs-Multispectral\data\raw\multispectral\Forest\Forest_2657.tif,1,1,Forest,Forest,Forest
C:\Users\DELL Precision 5550\Documents\GitHub\Terrasight-Eurosat-RGB-vs-Multispectral\data\raw\multispectral\River\River_148.tif,8,8,River,River,River
C:\Users\DELL Precision 5550\Documents\GitHub\Terrasight-Eurosat-RGB-vs-Multispectral\data\raw\multispectral\SeaLake\SeaLake_1265.tif,9,9,SeaLake,SeaLake,SeaLake
C:\Users\DELL Precision 5550\Documents\GitHub\Terrasight-Eurosat-RGB-vs-Multispectral\data\raw\multispectral\HerbaceousVegetation\HerbaceousVegetation_1761.tif,2,2,HerbaceousVegetation,HerbaceousVegetation,HerbaceousVegetation
C:\Users\DELL Precision 5550\Documents\GitHub\Terrasight-Eurosat-RGB-vs-Multispectral\data\raw\multispectral\Residential\Residential_2701.tif,7,7,Residential,Residential,Residential
C:\Users\DELL Precision 5550\Documents\GitHub\Terrasight-Eurosat-RGB-vs-Multispectral\data\raw\multispectral\AnnualCrop\AnnualCrop_2112.tif,0,0,AnnualCrop,AnnualCrop,AnnualCrop
C:\Users\DELL Precision 5550\Documents\GitHub\Terrasight-Eurosat-RGB-vs-Multispectral\data\raw\multispectral\Industrial\Industrial_502.tif,4,4,Industrial,Industrial,Industrial
C:\Users\DELL Precision 5550\Documents\GitHub\Terrasight-Eurosat-RGB-vs-Multispectral\data\raw\multispectral\Industrial\Industrial_227.tif,4,4,Industrial,Industrial,Industrial
C:\Users\DELL Precision 5550\Documents\GitHub\Terrasight-Eurosat-RGB-vs-Multispectral\data\raw\multispectral\Highway\Highway_1713.tif,3,3,Highway,Highway,Highway
C:\Users\DELL Precision 5550\Documents\GitHub\Terrasight-Eurosat-RGB-vs-Multispectral\data\raw\multispectral\HerbaceousVegetation\HerbaceousVegetation_1778.tif,2,2,HerbaceousVegetation,HerbaceousVegetation,HerbaceousVegetation
C:\Users\DELL Precision 5550\Documents\GitHub\Terrasight-Eurosat-RGB-vs-Multispectral\data\raw\multispectral\Pasture\Pasture_1423.tif,5,5,Pasture,Pasture,Pasture
C:\Users\DELL Precision 5550\Documents\GitHub\Terrasight-Eurosat-RGB-vs-Multispectral\data\raw\multispectral\PermanentCrop\PermanentCrop_1764.tif,6,4,PermanentCrop,Industrial,PermanentCrop
C:\Users\DELL Precision 5550\Documents\GitHub\Terrasight-Eurosat-RGB-vs-Multispectral\data\raw\multispectral\River\River_792.tif,8,8,River,River,River
C:\Users\DELL Precision 5550\Documents\GitHub\Terrasight-Eurosat-RGB-vs-Multispectral\data\raw\multispectral\AnnualCrop\AnnualCrop_1012.tif,0,0,AnnualCrop,AnnualCrop,AnnualCrop
C:\Users\DELL Precision 5550\Documents\GitHub\Terrasight-Eurosat-RGB-vs-Multispectral\data\raw\multispectral\Industrial\Industrial_37.tif,4,4,Industrial,Industrial,Industrial
C:\Users\DELL Precision 5550\Documents\GitHub\Terrasight-Eurosat-RGB-vs-Multispectral\data\raw\multispectral\HerbaceousVegetation\HerbaceousVegetation_2553.tif,2,2,HerbaceousVegetation,HerbaceousVegetation,HerbaceousVegetation
C:\Users\DELL Precision 5550\Documents\GitHub\Terrasight-Eurosat-RGB-vs-Multispectral\data\raw\multispectral\Industrial\Industrial_1880.tif,4,4,Industrial,Industrial,Industrial
C:\Users\DELL Precision 5550\Documents\GitHub\Terrasight-Eurosat-RGB-vs-Multispectral\data\raw\multispectral\PermanentCrop\PermanentCrop_973.tif,6,6,PermanentCrop,PermanentCrop,PermanentCrop
C:\Users\DELL Precision 5550\Documents\GitHub\Terrasight-Eurosat-RGB-vs-Multispectral\data\raw\multispectral\Highway\Highway_2074.tif,3,3,Highway,Highway,Highway
C:\Users\DELL Precision 5550\Documents\GitHub\Terrasight-Eurosat-RGB-vs-Multispectral\data\raw\multispectral\AnnualCrop\AnnualCrop_721.tif,0,6,AnnualCrop,PermanentCrop,AnnualCrop
C:\Users\DELL Precision 5550\Documents\GitHub\Terrasight-Eurosat-RGB-vs-Multispectral\data\raw\multispectral\River\River_949.tif,8,8,River,River,River
C:\Users\DELL Precision 5550\Documents\GitHub\Terrasight-Eurosat-RGB-vs-Multispectral\data\raw\multispectral\River\River_13.tif,8,8,River,River,River
C:\Users\DELL Precision 5550\Documents\GitHub\Terrasight-Eurosat-RGB-vs-Multispectral\data\raw\multispectral\HerbaceousVegetation\HerbaceousVegetation_45.tif,2,2,HerbaceousVegetation,HerbaceousVegetation,HerbaceousVegetation
C:\Users\DELL Precision 5550\Documents\GitHub\Terrasight-Eurosat-RGB-vs-Multispectral\data\raw\multispectral\Highway\Highway_2044.tif,3,2,Highway,HerbaceousVegetation,Highway
C:\Users\DELL Precision 5550\Documents\GitHub\Terrasight-Eurosat-RGB-vs-Multispectral\data\raw\multispectral\HerbaceousVegetation\HerbaceousVegetation_2355.tif,2,2,HerbaceousVegetation,HerbaceousVegetation,HerbaceousVegetation
C:\Users\DELL Precision 5550\Documents\GitHub\Terrasight-Eurosat-RGB-vs-Multispectral\data\raw\multispectral\Forest\Forest_2604.tif,1,1,Forest,Forest,Forest
C:\Users\DELL Precision 5550\Documents\GitHub\Terrasight-Eurosat-RGB-vs-Multispectral\data\raw\multispectral\Forest\Forest_2709.tif,1,1,Forest,Forest,Forest
C:\Users\DELL Precision 5550\Documents\GitHub\Terrasight-Eurosat-RGB-vs-Multispectral\data\raw\multispectral\SeaLake\SeaLake_1230.tif,9,9,SeaLake,SeaLake,SeaLake
C:\Users\DELL Precision 5550\Documents\GitHub\Terrasight-Eurosat-RGB-vs-Multispectral\data\raw\multispectral\AnnualCrop\AnnualCrop_1891.tif,0,0,AnnualCrop,AnnualCrop,AnnualCrop
C:\Users\DELL Precision 5550\Documents\GitHub\Terrasight-Eurosat-RGB-vs-Multispectral\data\raw\multispectral\Industrial\Industrial_1558.tif,4,4,Industrial,Industrial,Industrial
C:\Users\DELL Precision 5550\Documents\GitHub\Terrasight-Eurosat-RGB-vs-Multispectral\data\raw\multispectral\AnnualCrop\AnnualCrop_1677.tif,0,0,AnnualCrop,AnnualCrop,AnnualCrop
C:\Users\DELL Precision 5550\Documents\GitHub\Terrasight-Eurosat-RGB-vs-Multispectral\data\raw\multispectral\River\River_424.tif,8,8,River,River,River
C:\Users\DELL Precision 5550\Documents\GitHub\Terrasight-Eurosat-RGB-vs-Multispectral\data\raw\multispectral\Highway\Highway_2482.tif,3,3,Highway,Highway,Highway
C:\Users\DELL Precision 5550\Documents\GitHub\Terrasight-Eurosat-RGB-vs-Multispectral\data\raw\multispectral\Pasture\Pasture_665.tif,5,5,Pasture,Pasture,Pasture
C:\Users\DELL Precision 5550\Documents\GitHub\Terrasight-Eurosat-RGB-vs-Multispectral\data\raw\multispectral\Forest\Forest_1847.tif,1,1,Forest,Forest,Forest
C:\Users\DELL Precision 5550\Documents\GitHub\Terrasight-Eurosat-RGB-vs-Multispectral\data\raw\multispectral\Pasture\Pasture_1610.tif,5,5,Pasture,Pasture,Pasture
C:\Users\DELL Precision 5550\Documents\GitHub\Terrasight-Eurosat-RGB-vs-Multispectral\data\raw\multispectral\Residential\Residential_1814.tif,7,7,Residential,Residential,Residential
C:\Users\DELL Precision 5550\Documents\GitHub\Terrasight-Eurosat-RGB-vs-Multispectral\data\raw\multispectral\Forest\Forest_97.tif,1,1,Forest,Forest,Forest
C:\Users\DELL Precision 5550\Documents\GitHub\Terrasight-Eurosat-RGB-vs-Multispectral\data\raw\multispectral\SeaLake\SeaLake_380.tif,9,9,SeaLake,SeaLake,SeaLake
C:\Users\DELL Precision 5550\Documents\GitHub\Terrasight-Eurosat-RGB-vs-Multispectral\data\raw\multispectral\PermanentCrop\PermanentCrop_730.tif,6,6,PermanentCrop,PermanentCrop,PermanentCrop
C:\Users\DELL Precision 5550\Documents\GitHub\Terrasight-Eurosat-RGB-vs-Multispectral\data\raw\multispectral\Industrial\Industrial_1261.tif,4,4,Industrial,Industrial,Industrial
C:\Users\DELL Precision 5550\Documents\GitHub\Terrasight-Eurosat-RGB-vs-Multispectral\data\raw\multispectral\HerbaceousVegetation\HerbaceousVegetation_1492.tif,2,2,HerbaceousVegetation,HerbaceousVegetation,HerbaceousVegetation
C:\Users\DELL Precision 5550\Documents\GitHub\Terrasight-Eurosat-RGB-vs-Multispectral\data\raw\multispectral\Highway\Highway_1643.tif,3,3,Highway,Highway,Highway
C:\Users\DELL Precision 5550\Documents\GitHub\Terrasight-Eurosat-RGB-vs-Multispectral\data\raw\multispectral\AnnualCrop\AnnualCrop_650.tif,0,0,AnnualCrop,AnnualCrop,AnnualCrop
C:\Users\DELL Precision 5550\Documents\GitHub\Terrasight-Eurosat-RGB-vs-Multispectral\data\raw\multispectral\Pasture\Pasture_1678.tif,5,5,Pasture,Pasture,Pasture
C:\Users\DELL Precision 5550\Documents\GitHub\Terrasight-Eurosat-RGB-vs-Multispectral\data\raw\multispectral\Highway\Highway_1781.tif,3,3,Highway,Highway,Highway
C:\Users\DELL Precision 5550\Documents\GitHub\Terrasight-Eurosat-RGB-vs-Multispectral\data\raw\multispectral\Residential\Residential_241.tif,7,7,Residential,Residential,Residential
C:\Users\DELL Precision 5550\Documents\GitHub\Terrasight-Eurosat-RGB-vs-Multispectral\data\raw\multispectral\River\River_942.tif,8,8,River,River,River
C:\Users\DELL Precision 5550\Documents\GitHub\Terrasight-Eurosat-RGB-vs-Multispectral\data\raw\multispectral\HerbaceousVegetation\HerbaceousVegetation_364.tif,2,2,HerbaceousVegetation,HerbaceousVegetation,HerbaceousVegetation
C:\Users\DELL Precision 5550\Documents\GitHub\Terrasight-Eurosat-RGB-vs-Multispectral\data\raw\multispectral\Highway\Highway_412.tif,3,3,Highway,Highway,Highway
C:\Users\DELL Precision 5550\Documents\GitHub\Terrasight-Eurosat-RGB-vs-Multispectral\data\raw\multispectral\SeaLake\SeaLake_301.tif,9,9,SeaLake,SeaLake,SeaLake
C:\Users\DELL Precision 5550\Documents\GitHub\Terrasight-Eurosat-RGB-vs-Multispectral\data\raw\multispectral\Residential\Residential_441.tif,7,7,Residential,Residential,Residential
C:\Users\DELL Precision 5550\Documents\GitHub\Terrasight-Eurosat-RGB-vs-Multispectral\data\raw\multispectral\Pasture\Pasture_859.tif,5,5,Pasture,Pasture,Pasture
C:\Users\DELL Precision 5550\Documents\GitHub\Terrasight-Eurosat-RGB-vs-Multispectral\data\raw\multispectral\Residential\Residential_937.tif,7,7,Residential,Residential,Residential
C:\Users\DELL Precision 5550\Documents\GitHub\Terrasight-Eurosat-RGB-vs-Multispectral\data\raw\multispectral\Highway\Highway_800.tif,3,3,Highway,Highway,Highway
C:\Users\DELL Precision 5550\Documents\GitHub\Terrasight-Eurosat-RGB-vs-Multispectral\data\raw\multispectral\PermanentCrop\PermanentCrop_1995.tif,6,6,PermanentCrop,PermanentCrop,PermanentCrop
C:\Users\DELL Precision 5550\Documents\GitHub\Terrasight-Eurosat-RGB-vs-Multispectral\data\raw\multispectral\Highway\Highway_167.tif,3,3,Highway,Highway,Highway
C:\Users\DELL Precision 5550\Documents\GitHub\Terrasight-Eurosat-RGB-vs-Multispectral\data\raw\multispectral\Residential\Residential_2330.tif,7,7,Residential,Residential,Residential
C:\Users\DELL Precision 5550\Documents\GitHub\Terrasight-Eurosat-RGB-vs-Multispectral\data\raw\multispectral\SeaLake\SeaLake_1261.tif,9,9,SeaLake,SeaLake,SeaLake
C:\Users\DELL Precision 5550\Documents\GitHub\Terrasight-Eurosat-RGB-vs-Multispectral\data\raw\multispectral\River\River_693.tif,8,8,River,River,River
C:\Users\DELL Precision 5550\Documents\GitHub\Terrasight-Eurosat-RGB-vs-Multispectral\data\raw\multispectral\Residential\Residential_2503.tif,7,7,Residential,Residential,Residential
C:\Users\DELL Precision 5550\Documents\GitHub\Terrasight-Eurosat-RGB-vs-Multispectral\data\raw\multispectral\SeaLake\SeaLake_733.tif,9,9,SeaLake,SeaLake,SeaLake
C:\Users\DELL Precision 5550\Documents\GitHub\Terrasight-Eurosat-RGB-vs-Multispectral\data\raw\multispectral\Pasture\Pasture_725.tif,5,5,Pasture,Pasture,Pasture
C:\Users\DELL Precision 5550\Documents\GitHub\Terrasight-Eurosat-RGB-vs-Multispectral\data\raw\multispectral\Industrial\Industrial_1003.tif,4,4,Industrial,Industrial,Industrial
C:\Users\DELL Precision 5550\Documents\GitHub\Terrasight-Eurosat-RGB-vs-Multispectral\data\raw\multispectral\PermanentCrop\PermanentCrop_1608.tif,6,6,PermanentCrop,PermanentCrop,PermanentCrop
C:\Users\DELL Precision 5550\Documents\GitHub\Terrasight-Eurosat-RGB-vs-Multispectral\data\raw\multispectral\AnnualCrop\AnnualCrop_2638.tif,0,0,AnnualCrop,AnnualCrop,AnnualCrop
C:\Users\DELL Precision 5550\Documents\GitHub\Terrasight-Eurosat-RGB-vs-Multispectral\data\raw\multispectral\HerbaceousVegetation\HerbaceousVegetation_291.tif,2,2,HerbaceousVegetation,HerbaceousVegetation,HerbaceousVegetation
C:\Users\DELL Precision 5550\Documents\GitHub\Terrasight-Eurosat-RGB-vs-Multispectral\data\raw\multispectral\HerbaceousVegetation\HerbaceousVegetation_1455.tif,2,2,HerbaceousVegetation,HerbaceousVegetation,HerbaceousVegetation
C:\Users\DELL Precision 5550\Documents\GitHub\Terrasight-Eurosat-RGB-vs-Multispectral\data\raw\multispectral\Forest\Forest_694.tif,1,1,Forest,Forest,Forest
C:\Users\DELL Precision 5550\Documents\GitHub\Terrasight-Eurosat-RGB-vs-Multispectral\data\raw\multispectral\PermanentCrop\PermanentCrop_2249.tif,6,6,PermanentCrop,PermanentCrop,PermanentCrop
C:\Users\DELL Precision 5550\Documents\GitHub\Terrasight-Eurosat-RGB-vs-Multispectral\data\raw\multispectral\Highway\Highway_1402.tif,3,3,Highway,Highway,Highway
C:\Users\DELL Precision 5550\Documents\GitHub\Terrasight-Eurosat-RGB-vs-Multispectral\data\raw\multispectral\PermanentCrop\PermanentCrop_1934.tif,6,4,PermanentCrop,Industrial,PermanentCrop
C:\Users\DELL Precision 5550\Documents\GitHub\Terrasight-Eurosat-RGB-vs-Multispectral\data\raw\multispectral\Residential\Residential_567.tif,7,7,Residential,Residential,Residential
C:\Users\DELL Precision 5550\Documents\GitHub\Terrasight-Eurosat-RGB-vs-Multispectral\data\raw\multispectral\HerbaceousVegetation\HerbaceousVegetation_194.tif,2,2,HerbaceousVegetation,HerbaceousVegetation,HerbaceousVegetation
C:\Users\DELL Precision 5550\Documents\GitHub\Terrasight-Eurosat-RGB-vs-Multispectral\data\raw\multispectral\Industrial\Industrial_1584.tif,4,4,Industrial,Industrial,Industrial
C:\Users\DELL Precision 5550\Documents\GitHub\Terrasight-Eurosat-RGB-vs-Multispectral\data\raw\multispectral\PermanentCrop\PermanentCrop_1677.tif,6,3,PermanentCrop,Highway,PermanentCrop
C:\Users\DELL Precision 5550\Documents\GitHub\Terrasight-Eurosat-RGB-vs-Multispectral\data\raw\multispectral\Residential\Residential_2236.tif,7,7,Residential,Residential,Residential
C:\Users\DELL Precision 5550\Documents\GitHub\Terrasight-Eurosat-RGB-vs-Multispectral\data\raw\multispectral\Residential\Residential_686.tif,7,7,Residential,Residential,Residential
C:\Users\DELL Precision 5550\Documents\GitHub\Terrasight-Eurosat-RGB-vs-Multispectral\data\raw\multispectral\River\River_2298.tif,8,8,River,River,River
C:\Users\DELL Precision 5550\Documents\GitHub\Terrasight-Eurosat-RGB-vs-Multispectral\data\raw\multispectral\Residential\Residential_2559.tif,7,7,Residential,Residential,Residential
C:\Users\DELL Precision 5550\Documents\GitHub\Terrasight-Eurosat-RGB-vs-Multispectral\data\raw\multispectral\Industrial\Industrial_1888.tif,4,4,Industrial,Industrial,Industrial
C:\Users\DELL Precision 5550\Documents\GitHub\Terrasight-Eurosat-RGB-vs-Multispectral\data\raw\multispectral\SeaLake\SeaLake_1287.tif,9,9,SeaLake,SeaLake,SeaLake
C:\Users\DELL Precision 5550\Documents\GitHub\Terrasight-Eurosat-RGB-vs-Multispectral\data\raw\multispectral\SeaLake\SeaLake_1388.tif,9,9,SeaLake,SeaLake,SeaLake
C:\Users\DELL Precision 5550\Documents\GitHub\Terrasight-Eurosat-RGB-vs-Multispectral\data\raw\multispectral\Industrial\Industrial_2479.tif,4,4,Industrial,Industrial,Industrial
C:\Users\DELL Precision 5550\Documents\GitHub\Terrasight-Eurosat-RGB-vs-Multispectral\data\raw\multispectral\Residential\Residential_655.tif,7,7,Residential,Residential,Residential
C:\Users\DELL Precision 5550\Documents\GitHub\Terrasight-Eurosat-RGB-vs-Multispectral\data\raw\multispectral\AnnualCrop\AnnualCrop_2517.tif,0,0,AnnualCrop,AnnualCrop,AnnualCrop
C:\Users\DELL Precision 5550\Documents\GitHub\Terrasight-Eurosat-RGB-vs-Multispectral\data\raw\multispectral\Highway\Highway_1559.tif,3,3,Highway,Highway,Highway
C:\Users\DELL Precision 5550\Documents\GitHub\Terrasight-Eurosat-RGB-vs-Multispectral\data\raw\multispectral\Forest\Forest_544.tif,1,1,Forest,Forest,Forest
C:\Users\DELL Precision 5550\Documents\GitHub\Terrasight-Eurosat-RGB-vs-Multispectral\data\raw\multispectral\HerbaceousVegetation\HerbaceousVegetation_234.tif,2,2,HerbaceousVegetation,HerbaceousVegetation,HerbaceousVegetation
C:\Users\DELL Precision 5550\Documents\GitHub\Terrasight-Eurosat-RGB-vs-Multispectral\data\raw\multispectral\PermanentCrop\PermanentCrop_378.tif,6,6,PermanentCrop,PermanentCrop,PermanentCrop
C:\Users\DELL Precision 5550\Documents\GitHub\Terrasight-Eurosat-RGB-vs-Multispectral\data\raw\multispectral\AnnualCrop\AnnualCrop_958.tif,0,0,AnnualCrop,AnnualCrop,AnnualCrop
C:\Users\DELL Precision 5550\Documents\GitHub\Terrasight-Eurosat-RGB-vs-Multispectral\data\raw\multispectral\Forest\Forest_1316.tif,1,1,Forest,Forest,Forest
C:\Users\DELL Precision 5550\Documents\GitHub\Terrasight-Eurosat-RGB-vs-Multispectral\data\raw\multispectral\HerbaceousVegetation\HerbaceousVegetation_1126.tif,2,2,HerbaceousVegetation,HerbaceousVegetation,HerbaceousVegetation
C:\Users\DELL Precision 5550\Documents\GitHub\Terrasight-Eurosat-RGB-vs-Multispectral\data\raw\multispectral\SeaLake\SeaLake_2313.tif,9,9,SeaLake,SeaLake,SeaLake
C:\Users\DELL Precision 5550\Documents\GitHub\Terrasight-Eurosat-RGB-vs-Multispectral\data\raw\multispectral\PermanentCrop\PermanentCrop_1745.tif,6,2,PermanentCrop,HerbaceousVegetation,PermanentCrop
C:\Users\DELL Precision 5550\Documents\GitHub\Terrasight-Eurosat-RGB-vs-Multispectral\data\raw\multispectral\AnnualCrop\AnnualCrop_2494.tif,0,0,AnnualCrop,AnnualCrop,AnnualCrop
C:\Users\DELL Precision 5550\Documents\GitHub\Terrasight-Eurosat-RGB-vs-Multispectral\data\raw\multispectral\SeaLake\SeaLake_1837.tif,9,9,SeaLake,SeaLake,SeaLake
C:\Users\DELL Precision 5550\Documents\GitHub\Terrasight-Eurosat-RGB-vs-Multispectral\data\raw\multispectral\Residential\Residential_1594.tif,7,7,Residential,Residential,Residential
C:\Users\DELL Precision 5550\Documents\GitHub\Terrasight-Eurosat-RGB-vs-Multispectral\data\raw\multispectral\River\River_527.tif,8,8,River,River,River
C:\Users\DELL Precision 5550\Documents\GitHub\Terrasight-Eurosat-RGB-vs-Multispectral\data\raw\multispectral\SeaLake\SeaLake_2261.tif,9,9,SeaLake,SeaLake,SeaLake
C:\Users\DELL Precision 5550\Documents\GitHub\Terrasight-Eurosat-RGB-vs-Multispectral\data\raw\multispectral\PermanentCrop\PermanentCrop_1464.tif,6,6,PermanentCrop,PermanentCrop,PermanentCrop
C:\Users\DELL Precision 5550\Documents\GitHub\Terrasight-Eurosat-RGB-vs-Multispectral\data\raw\multispectral\River\River_1930.tif,8,8,River,River,River
C:\Users\DELL Precision 5550\Documents\GitHub\Terrasight-Eurosat-RGB-vs-Multispectral\data\raw\multispectral\PermanentCrop\PermanentCrop_2277.tif,6,6,PermanentCrop,PermanentCrop,PermanentCrop
C:\Users\DELL Precision 5550\Documents\GitHub\Terrasight-Eurosat-RGB-vs-Multispectral\data\raw\multispectral\River\River_2174.tif,8,8,River,River,River
C:\Users\DELL Precision 5550\Documents\GitHub\Terrasight-Eurosat-RGB-vs-Multispectral\data\raw\multispectral\PermanentCrop\PermanentCrop_658.tif,6,6,PermanentCrop,PermanentCrop,PermanentCrop
C:\Users\DELL Precision 5550\Documents\GitHub\Terrasight-Eurosat-RGB-vs-Multispectral\data\raw\multispectral\Pasture\Pasture_115.tif,5,5,Pasture,Pasture,Pasture
C:\Users\DELL Precision 5550\Documents\GitHub\Terrasight-Eurosat-RGB-vs-Multispectral\data\raw\multispectral\Industrial\Industrial_2384.tif,4,4,Industrial,Industrial,Industrial
C:\Users\DELL Precision 5550\Documents\GitHub\Terrasight-Eurosat-RGB-vs-Multispectral\data\raw\multispectral\SeaLake\SeaLake_1868.tif,9,9,SeaLake,SeaLake,SeaLake
C:\Users\DELL Precision 5550\Documents\GitHub\Terrasight-Eurosat-RGB-vs-Multispectral\data\raw\multispectral\Forest\Forest_2027.tif,1,1,Forest,Forest,Forest
C:\Users\DELL Precision 5550\Documents\GitHub\Terrasight-Eurosat-RGB-vs-Multispectral\data\raw\multispectral\HerbaceousVegetation\HerbaceousVegetation_634.tif,2,2,HerbaceousVegetation,HerbaceousVegetation,HerbaceousVegetation
C:\Users\DELL Precision 5550\Documents\GitHub\Terrasight-Eurosat-RGB-vs-Multispectral\data\raw\multispectral\Residential\Residential_2319.tif,7,7,Residential,Residential,Residential
C:\Users\DELL Precision 5550\Documents\GitHub\Terrasight-Eurosat-RGB-vs-Multispectral\data\raw\multispectral\River\River_2062.tif,8,8,River,River,River
C:\Users\DELL Precision 5550\Documents\GitHub\Terrasight-Eurosat-RGB-vs-Multispectral\data\raw\multispectral\AnnualCrop\AnnualCrop_72.tif,0,0,AnnualCrop,AnnualCrop,AnnualCrop
C:\Users\DELL Precision 5550\Documents\GitHub\Terrasight-Eurosat-RGB-vs-Multispectral\data\raw\multispectral\HerbaceousVegetation\HerbaceousVegetation_2398.tif,2,2,HerbaceousVegetation,HerbaceousVegetation,HerbaceousVegetation
C:\Users\DELL Precision 5550\Documents\GitHub\Terrasight-Eurosat-RGB-vs-Multispectral\data\raw\multispectral\Residential\Residential_2525.tif,7,7,Residential,Residential,Residential
C:\Users\DELL Precision 5550\Documents\GitHub\Terrasight-Eurosat-RGB-vs-Multispectral\data\raw\multispectral\HerbaceousVegetation\HerbaceousVegetation_1422.tif,2,2,HerbaceousVegetation,HerbaceousVegetation,HerbaceousVegetation
C:\Users\DELL Precision 5550\Documents\GitHub\Terrasight-Eurosat-RGB-vs-Multispectral\data\raw\multispectral\Industrial\Industrial_985.tif,4,4,Industrial,Industrial,Industrial
C:\Users\DELL Precision 5550\Documents\GitHub\Terrasight-Eurosat-RGB-vs-Multispectral\data\raw\multispectral\HerbaceousVegetation\HerbaceousVegetation_1420.tif,2,2,HerbaceousVegetation,HerbaceousVegetation,HerbaceousVegetation
C:\Users\DELL Precision 5550\Documents\GitHub\Terrasight-Eurosat-RGB-vs-Multispectral\data\raw\multispectral\SeaLake\SeaLake_1206.tif,9,9,SeaLake,SeaLake,SeaLake
C:\Users\DELL Precision 5550\Documents\GitHub\Terrasight-Eurosat-RGB-vs-Multispectral\data\raw\multispectral\Forest\Forest_2809.tif,1,1,Forest,Forest,Forest
C:\Users\DELL Precision 5550\Documents\GitHub\Terrasight-Eurosat-RGB-vs-Multispectral\data\raw\multispectral\HerbaceousVegetation\HerbaceousVegetation_1350.tif,2,2,HerbaceousVegetation,HerbaceousVegetation,HerbaceousVegetation
C:\Users\DELL Precision 5550\Documents\GitHub\Terrasight-Eurosat-RGB-vs-Multispectral\data\raw\multispectral\PermanentCrop\PermanentCrop_369.tif,6,6,PermanentCrop,PermanentCrop,PermanentCrop
C:\Users\DELL Precision 5550\Documents\GitHub\Terrasight-Eurosat-RGB-vs-Multispectral\data\raw\multispectral\River\River_1948.tif,8,8,River,River,River
C:\Users\DELL Precision 5550\Documents\GitHub\Terrasight-Eurosat-RGB-vs-Multispectral\data\raw\multispectral\Residential\Residential_2592.tif,7,7,Residential,Residential,Residential
C:\Users\DELL Precision 5550\Documents\GitHub\Terrasight-Eurosat-RGB-vs-Multispectral\data\raw\multispectral\AnnualCrop\AnnualCrop_2352.tif,0,0,AnnualCrop,AnnualCrop,AnnualCrop
C:\Users\DELL Precision 5550\Documents\GitHub\Terrasight-Eurosat-RGB-vs-Multispectral\data\raw\multispectral\Highway\Highway_2166.tif,3,3,Highway,Highway,Highway
C:\Users\DELL Precision 5550\Documents\GitHub\Terrasight-Eurosat-RGB-vs-Multispectral\data\raw\multispectral\Highway\Highway_150.tif,3,3,Highway,Highway,Highway
C:\Users\DELL Precision 5550\Documents\GitHub\Terrasight-Eurosat-RGB-vs-Multispectral\data\raw\multispectral\Highway\Highway_734.tif,3,3,Highway,Highway,Highway
C:\Users\DELL Precision 5550\Documents\GitHub\Terrasight-Eurosat-RGB-vs-Multispectral\data\raw\multispectral\PermanentCrop\PermanentCrop_1411.tif,6,6,PermanentCrop,PermanentCrop,PermanentCrop
C:\Users\DELL Precision 5550\Documents\GitHub\Terrasight-Eurosat-RGB-vs-Multispectral\data\raw\multispectral\Forest\Forest_831.tif,1,1,Forest,Forest,Forest
C:\Users\DELL Precision 5550\Documents\GitHub\Terrasight-Eurosat-RGB-vs-Multispectral\data\raw\multispectral\Pasture\Pasture_40.tif,5,5,Pasture,Pasture,Pasture
C:\Users\DELL Precision 5550\Documents\GitHub\Terrasight-Eurosat-RGB-vs-Multispectral\data\raw\multispectral\Residential\Residential_514.tif,7,7,Residential,Residential,Residential
C:\Users\DELL Precision 5550\Documents\GitHub\Terrasight-Eurosat-RGB-vs-Multispectral\data\raw\multispectral\AnnualCrop\AnnualCrop_373.tif,0,0,AnnualCrop,AnnualCrop,AnnualCrop
C:\Users\DELL Precision 5550\Documents\GitHub\Terrasight-Eurosat-RGB-vs-Multispectral\data\raw\multispectral\SeaLake\SeaLake_2358.tif,9,9,SeaLake,SeaLake,SeaLake
C:\Users\DELL Precision 5550\Documents\GitHub\Terrasight-Eurosat-RGB-vs-Multispectral\data\raw\multispectral\Highway\Highway_228.tif,3,3,Highway,Highway,Highway
C:\Users\DELL Precision 5550\Documents\GitHub\Terrasight-Eurosat-RGB-vs-Multispectral\data\raw\multispectral\River\River_490.tif,8,8,River,River,River
C:\Users\DELL Precision 5550\Documents\GitHub\Terrasight-Eurosat-RGB-vs-Multispectral\data\raw\multispectral\AnnualCrop\AnnualCrop_1029.tif,0,0,AnnualCrop,AnnualCrop,AnnualCrop
C:\Users\DELL Precision 5550\Documents\GitHub\Terrasight-Eurosat-RGB-vs-Multispectral\data\raw\multispectral\PermanentCrop\PermanentCrop_764.tif,6,6,PermanentCrop,PermanentCrop,PermanentCrop
C:\Users\DELL Precision 5550\Documents\GitHub\Terrasight-Eurosat-RGB-vs-Multispectral\data\raw\multispectral\Residential\Residential_640.tif,7,7,Residential,Residential,Residential
C:\Users\DELL Precision 5550\Documents\GitHub\Terrasight-Eurosat-RGB-vs-Multispectral\data\raw\multispectral\Pasture\Pasture_948.tif,5,5,Pasture,Pasture,Pasture
C:\Users\DELL Precision 5550\Documents\GitHub\Terrasight-Eurosat-RGB-vs-Multispectral\data\raw\multispectral\AnnualCrop\AnnualCrop_2804.tif,0,0,AnnualCrop,AnnualCrop,AnnualCrop
C:\Users\DELL Precision 5550\Documents\GitHub\Terrasight-Eurosat-RGB-vs-Multispectral\data\raw\multispectral\Highway\Highway_701.tif,3,3,Highway,Highway,Highway
C:\Users\DELL Precision 5550\Documents\GitHub\Terrasight-Eurosat-RGB-vs-Multispectral\data\raw\multispectral\River\River_46.tif,8,8,River,River,River
C:\Users\DELL Precision 5550\Documents\GitHub\Terrasight-Eurosat-RGB-vs-Multispectral\data\raw\multispectral\Forest\Forest_1861.tif,1,1,Forest,Forest,Forest
C:\Users\DELL Precision 5550\Documents\GitHub\Terrasight-Eurosat-RGB-vs-Multispectral\data\raw\multispectral\HerbaceousVegetation\HerbaceousVegetation_905.tif,2,2,HerbaceousVegetation,HerbaceousVegetation,HerbaceousVegetation
C:\Users\DELL Precision 5550\Documents\GitHub\Terrasight-Eurosat-RGB-vs-Multispectral\data\raw\multispectral\Pasture\Pasture_260.tif,5,5,Pasture,Pasture,Pasture
C:\Users\DELL Precision 5550\Documents\GitHub\Terrasight-Eurosat-RGB-vs-Multispectral\data\raw\multispectral\Residential\Residential_825.tif,7,7,Residential,Residential,Residential
C:\Users\DELL Precision 5550\Documents\GitHub\Terrasight-Eurosat-RGB-vs-Multispectral\data\raw\multispectral\Residential\Residential_2350.tif,7,7,Residential,Residential,Residential
C:\Users\DELL Precision 5550\Documents\GitHub\Terrasight-Eurosat-RGB-vs-Multispectral\data\raw\multispectral\Highway\Highway_2465.tif,3,3,Highway,Highway,Highway
C:\Users\DELL Precision 5550\Documents\GitHub\Terrasight-Eurosat-RGB-vs-Multispectral\data\raw\multispectral\Highway\Highway_1521.tif,3,3,Highway,Highway,Highway
C:\Users\DELL Precision 5550\Documents\GitHub\Terrasight-Eurosat-RGB-vs-Multispectral\data\raw\multispectral\AnnualCrop\AnnualCrop_693.tif,0,0,AnnualCrop,AnnualCrop,AnnualCrop
C:\Users\DELL Precision 5550\Documents\GitHub\Terrasight-Eurosat-RGB-vs-Multispectral\data\raw\multispectral\Highway\Highway_1885.tif,3,3,Highway,Highway,Highway
C:\Users\DELL Precision 5550\Documents\GitHub\Terrasight-Eurosat-RGB-vs-Multispectral\data\raw\multispectral\Residential\Residential_1770.tif,7,7,Residential,Residential,Residential
C:\Users\DELL Precision 5550\Documents\GitHub\Terrasight-Eurosat-RGB-vs-Multispectral\data\raw\multispectral\SeaLake\SeaLake_2657.tif,9,9,SeaLake,SeaLake,SeaLake
C:\Users\DELL Precision 5550\Documents\GitHub\Terrasight-Eurosat-RGB-vs-Multispectral\data\raw\multispectral\Residential\Residential_1000.tif,7,7,Residential,Residential,Residential
C:\Users\DELL Precision 5550\Documents\GitHub\Terrasight-Eurosat-RGB-vs-Multispectral\data\raw\multispectral\River\River_2296.tif,8,8,River,River,River
C:\Users\DELL Precision 5550\Documents\GitHub\Terrasight-Eurosat-RGB-vs-Multispectral\data\raw\multispectral\HerbaceousVegetation\HerbaceousVegetation_2538.tif,2,2,HerbaceousVegetation,HerbaceousVegetation,HerbaceousVegetation
C:\Users\DELL Precision 5550\Documents\GitHub\Terrasight-Eurosat-RGB-vs-Multispectral\data\raw\multispectral\River\River_863.tif,8,8,River,River,River
C:\Users\DELL Precision 5550\Documents\GitHub\Terrasight-Eurosat-RGB-vs-Multispectral\data\raw\multispectral\Industrial\Industrial_384.tif,4,4,Industrial,Industrial,Industrial
C:\Users\DELL Precision 5550\Documents\GitHub\Terrasight-Eurosat-RGB-vs-Multispectral\data\raw\multispectral\Pasture\Pasture_1669.tif,5,5,Pasture,Pasture,Pasture
C:\Users\DELL Precision 5550\Documents\GitHub\Terrasight-Eurosat-RGB-vs-Multispectral\data\raw\multispectral\Highway\Highway_4.tif,3,3,Highway,Highway,Highway
C:\Users\DELL Precision 5550\Documents\GitHub\Terrasight-Eurosat-RGB-vs-Multispectral\data\raw\multispectral\River\River_938.tif,8,8,River,River,River
C:\Users\DELL Precision 5550\Documents\GitHub\Terrasight-Eurosat-RGB-vs-Multispectral\data\raw\multispectral\Pasture\Pasture_158.tif,5,5,Pasture,Pasture,Pasture
C:\Users\DELL Precision 5550\Documents\GitHub\Terrasight-Eurosat-RGB-vs-Multispectral\data\raw\multispectral\AnnualCrop\AnnualCrop_981.tif,0,0,AnnualCrop,AnnualCrop,AnnualCrop
C:\Users\DELL Precision 5550\Documents\GitHub\Terrasight-Eurosat-RGB-vs-Multispectral\data\raw\multispectral\AnnualCrop\AnnualCrop_947.tif,0,0,AnnualCrop,AnnualCrop,AnnualCrop
C:\Users\DELL Precision 5550\Documents\GitHub\Terrasight-Eurosat-RGB-vs-Multispectral\data\raw\multispectral\AnnualCrop\AnnualCrop_2248.tif,0,0,AnnualCrop,AnnualCrop,AnnualCrop
C:\Users\DELL Precision 5550\Documents\GitHub\Terrasight-Eurosat-RGB-vs-Multispectral\data\raw\multispectral\HerbaceousVegetation\HerbaceousVegetation_247.tif,2,2,HerbaceousVegetation,HerbaceousVegetation,HerbaceousVegetation
C:\Users\DELL Precision 5550\Documents\GitHub\Terrasight-Eurosat-RGB-vs-Multispectral\data\raw\multispectral\Residential\Residential_283.tif,7,7,Residential,Residential,Residential
C:\Users\DELL Precision 5550\Documents\GitHub\Terrasight-Eurosat-RGB-vs-Multispectral\data\raw\multispectral\SeaLake\SeaLake_2023.tif,9,9,SeaLake,SeaLake,SeaLake
C:\Users\DELL Precision 5550\Documents\GitHub\Terrasight-Eurosat-RGB-vs-Multispectral\data\raw\multispectral\HerbaceousVegetation\HerbaceousVegetation_1803.tif,2,2,HerbaceousVegetation,HerbaceousVegetation,HerbaceousVegetation
C:\Users\DELL Precision 5550\Documents\GitHub\Terrasight-Eurosat-RGB-vs-Multispectral\data\raw\multispectral\Industrial\Industrial_609.tif,4,4,Industrial,Industrial,Industrial
C:\Users\DELL Precision 5550\Documents\GitHub\Terrasight-Eurosat-RGB-vs-Multispectral\data\raw\multispectral\PermanentCrop\PermanentCrop_163.tif,6,6,PermanentCrop,PermanentCrop,PermanentCrop
C:\Users\DELL Precision 5550\Documents\GitHub\Terrasight-Eurosat-RGB-vs-Multispectral\data\raw\multispectral\River\River_1061.tif,8,8,River,River,River
C:\Users\DELL Precision 5550\Documents\GitHub\Terrasight-Eurosat-RGB-vs-Multispectral\data\raw\multispectral\PermanentCrop\PermanentCrop_2472.tif,6,6,PermanentCrop,PermanentCrop,PermanentCrop
C:\Users\DELL Precision 5550\Documents\GitHub\Terrasight-Eurosat-RGB-vs-Multispectral\data\raw\multispectral\AnnualCrop\AnnualCrop_2049.tif,0,0,AnnualCrop,AnnualCrop,AnnualCrop
C:\Users\DELL Precision 5550\Documents\GitHub\Terrasight-Eurosat-RGB-vs-Multispectral\data\raw\multispectral\Pasture\Pasture_428.tif,5,5,Pasture,Pasture,Pasture
C:\Users\DELL Precision 5550\Documents\GitHub\Terrasight-Eurosat-RGB-vs-Multispectral\data\raw\multispectral\Highway\Highway_1341.tif,3,3,Highway,Highway,Highway
C:\Users\DELL Precision 5550\Documents\GitHub\Terrasight-Eurosat-RGB-vs-Multispectral\data\raw\multispectral\Pasture\Pasture_1831.tif,5,2,Pasture,HerbaceousVegetation,Pasture
C:\Users\DELL Precision 5550\Documents\GitHub\Terrasight-Eurosat-RGB-vs-Multispectral\data\raw\multispectral\SeaLake\SeaLake_2133.tif,9,9,SeaLake,SeaLake,SeaLake
C:\Users\DELL Precision 5550\Documents\GitHub\Terrasight-Eurosat-RGB-vs-Multispectral\data\raw\multispectral\SeaLake\SeaLake_911.tif,9,9,SeaLake,SeaLake,SeaLake
C:\Users\DELL Precision 5550\Documents\GitHub\Terrasight-Eurosat-RGB-vs-Multispectral\data\raw\multispectral\Residential\Residential_872.tif,7,7,Residential,Residential,Residential
C:\Users\DELL Precision 5550\Documents\GitHub\Terrasight-Eurosat-RGB-vs-Multispectral\data\raw\multispectral\Highway\Highway_570.tif,3,3,Highway,Highway,Highway
C:\Users\DELL Precision 5550\Documents\GitHub\Terrasight-Eurosat-RGB-vs-Multispectral\data\raw\multispectral\River\River_75.tif,8,8,River,River,River
C:\Users\DELL Precision 5550\Documents\GitHub\Terrasight-Eurosat-RGB-vs-Multispectral\data\raw\multispectral\AnnualCrop\AnnualCrop_2011.tif,0,0,AnnualCrop,AnnualCrop,AnnualCrop
C:\Users\DELL Precision 5550\Documents\GitHub\Terrasight-Eurosat-RGB-vs-Multispectral\data\raw\multispectral\Residential\Residential_1643.tif,7,7,Residential,Residential,Residential
C:\Users\DELL Precision 5550\Documents\GitHub\Terrasight-Eurosat-RGB-vs-Multispectral\data\raw\multispectral\River\River_1432.tif,8,8,River,River,River
C:\Users\DELL Precision 5550\Documents\GitHub\Terrasight-Eurosat-RGB-vs-Multispectral\data\raw\multispectral\Forest\Forest_1402.tif,1,1,Forest,Forest,Forest
C:\Users\DELL Precision 5550\Documents\GitHub\Terrasight-Eurosat-RGB-vs-Multispectral\data\raw\multispectral\Forest\Forest_2995.tif,1,1,Forest,Forest,Forest
C:\Users\DELL Precision 5550\Documents\GitHub\Terrasight-Eurosat-RGB-vs-Multispectral\data\raw\multispectral\SeaLake\SeaLake_2067.tif,9,9,SeaLake,SeaLake,SeaLake
C:\Users\DELL Precision 5550\Documents\GitHub\Terrasight-Eurosat-RGB-vs-Multispectral\data\raw\multispectral\HerbaceousVegetation\HerbaceousVegetation_946.tif,2,2,HerbaceousVegetation,HerbaceousVegetation,HerbaceousVegetation
C:\Users\DELL Precision 5550\Documents\GitHub\Terrasight-Eurosat-RGB-vs-Multispectral\data\raw\multispectral\SeaLake\SeaLake_1367.tif,9,9,SeaLake,SeaLake,SeaLake
C:\Users\DELL Precision 5550\Documents\GitHub\Terrasight-Eurosat-RGB-vs-Multispectral\data\raw\multispectral\Residential\Residential_2706.tif,7,7,Residential,Residential,Residential
C:\Users\DELL Precision 5550\Documents\GitHub\Terrasight-Eurosat-RGB-vs-Multispectral\data\raw\multispectral\Pasture\Pasture_672.tif,5,5,Pasture,Pasture,Pasture
C:\Users\DELL Precision 5550\Documents\GitHub\Terrasight-Eurosat-RGB-vs-Multispectral\data\raw\multispectral\Industrial\Industrial_2048.tif,4,4,Industrial,Industrial,Industrial
C:\Users\DELL Precision 5550\Documents\GitHub\Terrasight-Eurosat-RGB-vs-Multispectral\data\raw\multispectral\HerbaceousVegetation\HerbaceousVegetation_42.tif,2,2,HerbaceousVegetation,HerbaceousVegetation,HerbaceousVegetation
C:\Users\DELL Precision 5550\Documents\GitHub\Terrasight-Eurosat-RGB-vs-Multispectral\data\raw\multispectral\SeaLake\SeaLake_2676.tif,9,9,SeaLake,SeaLake,SeaLake
C:\Users\DELL Precision 5550\Documents\GitHub\Terrasight-Eurosat-RGB-vs-Multispectral\data\raw\multispectral\Forest\Forest_1534.tif,1,1,Forest,Forest,Forest
C:\Users\DELL Precision 5550\Documents\GitHub\Terrasight-Eurosat-RGB-vs-Multispectral\data\raw\multispectral\AnnualCrop\AnnualCrop_821.tif,0,0,AnnualCrop,AnnualCrop,AnnualCrop
C:\Users\DELL Precision 5550\Documents\GitHub\Terrasight-Eurosat-RGB-vs-Multispectral\data\raw\multispectral\PermanentCrop\PermanentCrop_604.tif,6,6,PermanentCrop,PermanentCrop,PermanentCrop
C:\Users\DELL Precision 5550\Documents\GitHub\Terrasight-Eurosat-RGB-vs-Multispectral\data\raw\multispectral\AnnualCrop\AnnualCrop_797.tif,0,0,AnnualCrop,AnnualCrop,AnnualCrop
C:\Users\DELL Precision 5550\Documents\GitHub\Terrasight-Eurosat-RGB-vs-Multispectral\data\raw\multispectral\AnnualCrop\AnnualCrop_503.tif,0,0,AnnualCrop,AnnualCrop,AnnualCrop
C:\Users\DELL Precision 5550\Documents\GitHub\Terrasight-Eurosat-RGB-vs-Multispectral\data\raw\multispectral\Forest\Forest_732.tif,1,1,Forest,Forest,Forest
C:\Users\DELL Precision 5550\Documents\GitHub\Terrasight-Eurosat-RGB-vs-Multispectral\data\raw\multispectral\Forest\Forest_1612.tif,1,1,Forest,Forest,Forest
C:\Users\DELL Precision 5550\Documents\GitHub\Terrasight-Eurosat-RGB-vs-Multispectral\data\raw\multispectral\Highway\Highway_1447.tif,3,3,Highway,Highway,Highway
C:\Users\DELL Precision 5550\Documents\GitHub\Terrasight-Eurosat-RGB-vs-Multispectral\data\raw\multispectral\Pasture\Pasture_384.tif,5,5,Pasture,Pasture,Pasture
C:\Users\DELL Precision 5550\Documents\GitHub\Terrasight-Eurosat-RGB-vs-Multispectral\data\raw\multispectral\Forest\Forest_1818.tif,1,1,Forest,Forest,Forest
C:\Users\DELL Precision 5550\Documents\GitHub\Terrasight-Eurosat-RGB-vs-Multispectral\data\raw\multispectral\PermanentCrop\PermanentCrop_1402.tif,6,6,PermanentCrop,PermanentCrop,PermanentCrop
C:\Users\DELL Precision 5550\Documents\GitHub\Terrasight-Eurosat-RGB-vs-Multispectral\data\raw\multispectral\Residential\Residential_1454.tif,7,7,Residential,Residential,Residential
C:\Users\DELL Precision 5550\Documents\GitHub\Terrasight-Eurosat-RGB-vs-Multispectral\data\raw\multispectral\Pasture\Pasture_1902.tif,5,5,Pasture,Pasture,Pasture
C:\Users\DELL Precision 5550\Documents\GitHub\Terrasight-Eurosat-RGB-vs-Multispectral\data\raw\multispectral\Pasture\Pasture_1977.tif,5,5,Pasture,Pasture,Pasture
C:\Users\DELL Precision 5550\Documents\GitHub\Terrasight-Eurosat-RGB-vs-Multispectral\data\raw\multispectral\Pasture\Pasture_504.tif,5,5,Pasture,Pasture,Pasture
C:\Users\DELL Precision 5550\Documents\GitHub\Terrasight-Eurosat-RGB-vs-Multispectral\data\raw\multispectral\HerbaceousVegetation\HerbaceousVegetation_1263.tif,2,2,HerbaceousVegetation,HerbaceousVegetation,HerbaceousVegetation
C:\Users\DELL Precision 5550\Documents\GitHub\Terrasight-Eurosat-RGB-vs-Multispectral\data\raw\multispectral\Highway\Highway_2379.tif,3,6,Highway,PermanentCrop,Highway
C:\Users\DELL Precision 5550\Documents\GitHub\Terrasight-Eurosat-RGB-vs-Multispectral\data\raw\multispectral\HerbaceousVegetation\HerbaceousVegetation_1874.tif,2,2,HerbaceousVegetation,HerbaceousVegetation,HerbaceousVegetation
C:\Users\DELL Precision 5550\Documents\GitHub\Terrasight-Eurosat-RGB-vs-Multispectral\data\raw\multispectral\PermanentCrop\PermanentCrop_1016.tif,6,6,PermanentCrop,PermanentCrop,PermanentCrop
C:\Users\DELL Precision 5550\Documents\GitHub\Terrasight-Eurosat-RGB-vs-Multispectral\data\raw\multispectral\Industrial\Industrial_1524.tif,4,4,Industrial,Industrial,Industrial
C:\Users\DELL Precision 5550\Documents\GitHub\Terrasight-Eurosat-RGB-vs-Multispectral\data\raw\multispectral\Forest\Forest_321.tif,1,1,Forest,Forest,Forest
C:\Users\DELL Precision 5550\Documents\GitHub\Terrasight-Eurosat-RGB-vs-Multispectral\data\raw\multispectral\HerbaceousVegetation\HerbaceousVegetation_1932.tif,2,2,HerbaceousVegetation,HerbaceousVegetation,HerbaceousVegetation
C:\Users\DELL Precision 5550\Documents\GitHub\Terrasight-Eurosat-RGB-vs-Multispectral\data\raw\multispectral\SeaLake\SeaLake_1366.tif,9,9,SeaLake,SeaLake,SeaLake
C:\Users\DELL Precision 5550\Documents\GitHub\Terrasight-Eurosat-RGB-vs-Multispectral\data\raw\multispectral\River\River_2019.tif,8,8,River,River,River
C:\Users\DELL Precision 5550\Documents\GitHub\Terrasight-Eurosat-RGB-vs-Multispectral\data\raw\multispectral\Industrial\Industrial_1770.tif,4,4,Industrial,Industrial,Industrial
C:\Users\DELL Precision 5550\Documents\GitHub\Terrasight-Eurosat-RGB-vs-Multispectral\data\raw\multispectral\SeaLake\SeaLake_766.tif,9,9,SeaLake,SeaLake,SeaLake
C:\Users\DELL Precision 5550\Documents\GitHub\Terrasight-Eurosat-RGB-vs-Multispectral\data\raw\multispectral\Pasture\Pasture_692.tif,5,5,Pasture,Pasture,Pasture
C:\Users\DELL Precision 5550\Documents\GitHub\Terrasight-Eurosat-RGB-vs-Multispectral\data\raw\multispectral\Pasture\Pasture_1507.tif,5,5,Pasture,Pasture,Pasture
C:\Users\DELL Precision 5550\Documents\GitHub\Terrasight-Eurosat-RGB-vs-Multispectral\data\raw\multispectral\AnnualCrop\AnnualCrop_2582.tif,0,0,AnnualCrop,AnnualCrop,AnnualCrop
C:\Users\DELL Precision 5550\Documents\GitHub\Terrasight-Eurosat-RGB-vs-Multispectral\data\raw\multispectral\Highway\Highway_2118.tif,3,3,Highway,Highway,Highway
C:\Users\DELL Precision 5550\Documents\GitHub\Terrasight-Eurosat-RGB-vs-Multispectral\data\raw\multispectral\PermanentCrop\PermanentCrop_2429.tif,6,6,PermanentCrop,PermanentCrop,PermanentCrop
C:\Users\DELL Precision 5550\Documents\GitHub\Terrasight-Eurosat-RGB-vs-Multispectral\data\raw\multispectral\AnnualCrop\AnnualCrop_130.tif,0,0,AnnualCrop,AnnualCrop,AnnualCrop
C:\Users\DELL Precision 5550\Documents\GitHub\Terrasight-Eurosat-RGB-vs-Multispectral\data\raw\multispectral\Residential\Residential_916.tif,7,7,Residential,Residential,Residential
C:\Users\DELL Precision 5550\Documents\GitHub\Terrasight-Eurosat-RGB-vs-Multispectral\data\raw\multispectral\Residential\Residential_2508.tif,7,7,Residential,Residential,Residential
C:\Users\DELL Precision 5550\Documents\GitHub\Terrasight-Eurosat-RGB-vs-Multispectral\data\raw\multispectral\AnnualCrop\AnnualCrop_1689.tif,0,0,AnnualCrop,AnnualCrop,AnnualCrop
C:\Users\DELL Precision 5550\Documents\GitHub\Terrasight-Eurosat-RGB-vs-Multispectral\data\raw\multispectral\Highway\Highway_919.tif,3,3,Highway,Highway,Highway
C:\Users\DELL Precision 5550\Documents\GitHub\Terrasight-Eurosat-RGB-vs-Multispectral\data\raw\multispectral\Industrial\Industrial_468.tif,4,4,Industrial,Industrial,Industrial
C:\Users\DELL Precision 5550\Documents\GitHub\Terrasight-Eurosat-RGB-vs-Multispectral\data\raw\multispectral\River\River_2349.tif,8,8,River,River,River
C:\Users\DELL Precision 5550\Documents\GitHub\Terrasight-Eurosat-RGB-vs-Multispectral\data\raw\multispectral\Forest\Forest_2506.tif,1,1,Forest,Forest,Forest
C:\Users\DELL Precision 5550\Documents\GitHub\Terrasight-Eurosat-RGB-vs-Multispectral\data\raw\multispectral\AnnualCrop\AnnualCrop_2695.tif,0,0,AnnualCrop,AnnualCrop,AnnualCrop
C:\Users\DELL Precision 5550\Documents\GitHub\Terrasight-Eurosat-RGB-vs-Multispectral\data\raw\multispectral\Highway\Highway_1294.tif,3,3,Highway,Highway,Highway
C:\Users\DELL Precision 5550\Documents\GitHub\Terrasight-Eurosat-RGB-vs-Multispectral\data\raw\multispectral\Residential\Residential_928.tif,7,7,Residential,Residential,Residential
C:\Users\DELL Precision 5550\Documents\GitHub\Terrasight-Eurosat-RGB-vs-Multispectral\data\raw\multispectral\Industrial\Industrial_1471.tif,4,4,Industrial,Industrial,Industrial
C:\Users\DELL Precision 5550\Documents\GitHub\Terrasight-Eurosat-RGB-vs-Multispectral\data\raw\multispectral\Pasture\Pasture_1417.tif,5,5,Pasture,Pasture,Pasture
C:\Users\DELL Precision 5550\Documents\GitHub\Terrasight-Eurosat-RGB-vs-Multispectral\data\raw\multispectral\Highway\Highway_1868.tif,3,3,Highway,Highway,Highway
C:\Users\DELL Precision 5550\Documents\GitHub\Terrasight-Eurosat-RGB-vs-Multispectral\data\raw\multispectral\Pasture\Pasture_1721.tif,5,5,Pasture,Pasture,Pasture
C:\Users\DELL Precision 5550\Documents\GitHub\Terrasight-Eurosat-RGB-vs-Multispectral\data\raw\multispectral\Residential\Residential_2145.tif,7,7,Residential,Residential,Residential
C:\Users\DELL Precision 5550\Documents\GitHub\Terrasight-Eurosat-RGB-vs-Multispectral\data\raw\multispectral\PermanentCrop\PermanentCrop_1486.tif,6,6,PermanentCrop,PermanentCrop,PermanentCrop
C:\Users\DELL Precision 5550\Documents\GitHub\Terrasight-Eurosat-RGB-vs-Multispectral\data\raw\multispectral\HerbaceousVegetation\HerbaceousVegetation_763.tif,2,2,HerbaceousVegetation,HerbaceousVegetation,HerbaceousVegetation
C:\Users\DELL Precision 5550\Documents\GitHub\Terrasight-Eurosat-RGB-vs-Multispectral\data\raw\multispectral\SeaLake\SeaLake_2331.tif,9,9,SeaLake,SeaLake,SeaLake
C:\Users\DELL Precision 5550\Documents\GitHub\Terrasight-Eurosat-RGB-vs-Multispectral\data\raw\multispectral\AnnualCrop\AnnualCrop_1741.tif,0,0,AnnualCrop,AnnualCrop,AnnualCrop
C:\Users\DELL Precision 5550\Documents\GitHub\Terrasight-Eurosat-RGB-vs-Multispectral\data\raw\multispectral\AnnualCrop\AnnualCrop_706.tif,0,0,AnnualCrop,AnnualCrop,AnnualCrop
C:\Users\DELL Precision 5550\Documents\GitHub\Terrasight-Eurosat-RGB-vs-Multispectral\data\raw\multispectral\PermanentCrop\PermanentCrop_2336.tif,6,6,PermanentCrop,PermanentCrop,PermanentCrop
C:\Users\DELL Precision 5550\Documents\GitHub\Terrasight-Eurosat-RGB-vs-Multispectral\data\raw\multispectral\Highway\Highway_648.tif,3,3,Highway,Highway,Highway
C:\Users\DELL Precision 5550\Documents\GitHub\Terrasight-Eurosat-RGB-vs-Multispectral\data\raw\multispectral\Residential\Residential_2050.tif,7,7,Residential,Residential,Residential
C:\Users\DELL Precision 5550\Documents\GitHub\Terrasight-Eurosat-RGB-vs-Multispectral\data\raw\multispectral\SeaLake\SeaLake_631.tif,9,9,SeaLake,SeaLake,SeaLake
C:\Users\DELL Precision 5550\Documents\GitHub\Terrasight-Eurosat-RGB-vs-Multispectral\data\raw\multispectral\HerbaceousVegetation\HerbaceousVegetation_1825.tif,2,2,HerbaceousVegetation,HerbaceousVegetation,HerbaceousVegetation
C:\Users\DELL Precision 5550\Documents\GitHub\Terrasight-Eurosat-RGB-vs-Multispectral\data\raw\multispectral\Forest\Forest_16.tif,1,1,Forest,Forest,Forest
C:\Users\DELL Precision 5550\Documents\GitHub\Terrasight-Eurosat-RGB-vs-Multispectral\data\raw\multispectral\AnnualCrop\AnnualCrop_2025.tif,0,6,AnnualCrop,PermanentCrop,AnnualCrop
C:\Users\DELL Precision 5550\Documents\GitHub\Terrasight-Eurosat-RGB-vs-Multispectral\data\raw\multispectral\Industrial\Industrial_845.tif,4,4,Industrial,Industrial,Industrial
C:\Users\DELL Precision 5550\Documents\GitHub\Terrasight-Eurosat-RGB-vs-Multispectral\data\raw\multispectral\PermanentCrop\PermanentCrop_1337.tif,6,6,PermanentCrop,PermanentCrop,PermanentCrop
C:\Users\DELL Precision 5550\Documents\GitHub\Terrasight-Eurosat-RGB-vs-Multispectral\data\raw\multispectral\Pasture\Pasture_322.tif,5,5,Pasture,Pasture,Pasture
C:\Users\DELL Precision 5550\Documents\GitHub\Terrasight-Eurosat-RGB-vs-Multispectral\data\raw\multispectral\SeaLake\SeaLake_2991.tif,9,9,SeaLake,SeaLake,SeaLake
C:\Users\DELL Precision 5550\Documents\GitHub\Terrasight-Eurosat-RGB-vs-Multispectral\data\raw\multispectral\Forest\Forest_819.tif,1,1,Forest,Forest,Forest
C:\Users\DELL Precision 5550\Documents\GitHub\Terrasight-Eurosat-RGB-vs-Multispectral\data\raw\multispectral\PermanentCrop\PermanentCrop_502.tif,6,7,PermanentCrop,Residential,PermanentCrop
C:\Users\DELL Precision 5550\Documents\GitHub\Terrasight-Eurosat-RGB-vs-Multispectral\data\raw\multispectral\AnnualCrop\AnnualCrop_2879.tif,0,0,AnnualCrop,AnnualCrop,AnnualCrop
C:\Users\DELL Precision 5550\Documents\GitHub\Terrasight-Eurosat-RGB-vs-Multispectral\data\raw\multispectral\AnnualCrop\AnnualCrop_818.tif,0,0,AnnualCrop,AnnualCrop,AnnualCrop
C:\Users\DELL Precision 5550\Documents\GitHub\Terrasight-Eurosat-RGB-vs-Multispectral\data\raw\multispectral\SeaLake\SeaLake_304.tif,9,9,SeaLake,SeaLake,SeaLake
C:\Users\DELL Precision 5550\Documents\GitHub\Terrasight-Eurosat-RGB-vs-Multispectral\data\raw\multispectral\Highway\Highway_1962.tif,3,3,Highway,Highway,Highway
C:\Users\DELL Precision 5550\Documents\GitHub\Terrasight-Eurosat-RGB-vs-Multispectral\data\raw\multispectral\Highway\Highway_2338.tif,3,3,Highway,Highway,Highway
C:\Users\DELL Precision 5550\Documents\GitHub\Terrasight-Eurosat-RGB-vs-Multispectral\data\raw\multispectral\River\River_692.tif,8,8,River,River,River
C:\Users\DELL Precision 5550\Documents\GitHub\Terrasight-Eurosat-RGB-vs-Multispectral\data\raw\multispectral\HerbaceousVegetation\HerbaceousVegetation_342.tif,2,2,HerbaceousVegetation,HerbaceousVegetation,HerbaceousVegetation
C:\Users\DELL Precision 5550\Documents\GitHub\Terrasight-Eurosat-RGB-vs-Multispectral\data\raw\multispectral\Forest\Forest_560.tif,1,1,Forest,Forest,Forest
C:\Users\DELL Precision 5550\Documents\GitHub\Terrasight-Eurosat-RGB-vs-Multispectral\data\raw\multispectral\Pasture\Pasture_1803.tif,5,5,Pasture,Pasture,Pasture
C:\Users\DELL Precision 5550\Documents\GitHub\Terrasight-Eurosat-RGB-vs-Multispectral\data\raw\multispectral\SeaLake\SeaLake_2390.tif,9,9,SeaLake,SeaLake,SeaLake
C:\Users\DELL Precision 5550\Documents\GitHub\Terrasight-Eurosat-RGB-vs-Multispectral\data\raw\multispectral\Pasture\Pasture_845.tif,5,5,Pasture,Pasture,Pasture
C:\Users\DELL Precision 5550\Documents\GitHub\Terrasight-Eurosat-RGB-vs-Multispectral\data\raw\multispectral\AnnualCrop\AnnualCrop_1176.tif,0,0,AnnualCrop,AnnualCrop,AnnualCrop
C:\Users\DELL Precision 5550\Documents\GitHub\Terrasight-Eurosat-RGB-vs-Multispectral\data\raw\multispectral\AnnualCrop\AnnualCrop_2345.tif,0,0,AnnualCrop,AnnualCrop,AnnualCrop
C:\Users\DELL Precision 5550\Documents\GitHub\Terrasight-Eurosat-RGB-vs-Multispectral\data\raw\multispectral\Pasture\Pasture_349.tif,5,5,Pasture,Pasture,Pasture
C:\Users\DELL Precision 5550\Documents\GitHub\Terrasight-Eurosat-RGB-vs-Multispectral\data\raw\multispectral\AnnualCrop\AnnualCrop_10.tif,0,0,AnnualCrop,AnnualCrop,AnnualCrop
C:\Users\DELL Precision 5550\Documents\GitHub\Terrasight-Eurosat-RGB-vs-Multispectral\data\raw\multispectral\Forest\Forest_1466.tif,1,1,Forest,Forest,Forest
C:\Users\DELL Precision 5550\Documents\GitHub\Terrasight-Eurosat-RGB-vs-Multispectral\data\raw\multispectral\Forest\Forest_2712.tif,1,1,Forest,Forest,Forest
C:\Users\DELL Precision 5550\Documents\GitHub\Terrasight-Eurosat-RGB-vs-Multispectral\data\raw\multispectral\Highway\Highway_2437.tif,3,3,Highway,Highway,Highway
C:\Users\DELL Precision 5550\Documents\GitHub\Terrasight-Eurosat-RGB-vs-Multispectral\data\raw\multispectral\Residential\Residential_525.tif,7,7,Residential,Residential,Residential
C:\Users\DELL Precision 5550\Documents\GitHub\Terrasight-Eurosat-RGB-vs-Multispectral\data\raw\multispectral\SeaLake\SeaLake_588.tif,9,9,SeaLake,SeaLake,SeaLake
C:\Users\DELL Precision 5550\Documents\GitHub\Terrasight-Eurosat-RGB-vs-Multispectral\data\raw\multispectral\Residential\Residential_910.tif,7,7,Residential,Residential,Residential
C:\Users\DELL Precision 5550\Documents\GitHub\Terrasight-Eurosat-RGB-vs-Multispectral\data\raw\multispectral\SeaLake\SeaLake_2787.tif,9,9,SeaLake,SeaLake,SeaLake
C:\Users\DELL Precision 5550\Documents\GitHub\Terrasight-Eurosat-RGB-vs-Multispectral\data\raw\multispectral\PermanentCrop\PermanentCrop_415.tif,6,6,PermanentCrop,PermanentCrop,PermanentCrop
C:\Users\DELL Precision 5550\Documents\GitHub\Terrasight-Eurosat-RGB-vs-Multispectral\data\raw\multispectral\Industrial\Industrial_1089.tif,4,6,Industrial,PermanentCrop,Industrial
C:\Users\DELL Precision 5550\Documents\GitHub\Terrasight-Eurosat-RGB-vs-Multispectral\data\raw\multispectral\Industrial\Industrial_2352.tif,4,4,Industrial,Industrial,Industrial
C:\Users\DELL Precision 5550\Documents\GitHub\Terrasight-Eurosat-RGB-vs-Multispectral\data\raw\multispectral\SeaLake\SeaLake_2305.tif,9,9,SeaLake,SeaLake,SeaLake
C:\Users\DELL Precision 5550\Documents\GitHub\Terrasight-Eurosat-RGB-vs-Multispectral\data\raw\multispectral\HerbaceousVegetation\HerbaceousVegetation_384.tif,2,2,HerbaceousVegetation,HerbaceousVegetation,HerbaceousVegetation
C:\Users\DELL Precision 5550\Documents\GitHub\Terrasight-Eurosat-RGB-vs-Multispectral\data\raw\multispectral\Industrial\Industrial_1762.tif,4,4,Industrial,Industrial,Industrial
C:\Users\DELL Precision 5550\Documents\GitHub\Terrasight-Eurosat-RGB-vs-Multispectral\data\raw\multispectral\HerbaceousVegetation\HerbaceousVegetation_2497.tif,2,2,HerbaceousVegetation,HerbaceousVegetation,HerbaceousVegetation
C:\Users\DELL Precision 5550\Documents\GitHub\Terrasight-Eurosat-RGB-vs-Multispectral\data\raw\multispectral\Pasture\Pasture_1448.tif,5,5,Pasture,Pasture,Pasture
C:\Users\DELL Precision 5550\Documents\GitHub\Terrasight-Eurosat-RGB-vs-Multispectral\data\raw\multispectral\Residential\Residential_1526.tif,7,7,Residential,Residential,Residential
C:\Users\DELL Precision 5550\Documents\GitHub\Terrasight-Eurosat-RGB-vs-Multispectral\data\raw\multispectral\PermanentCrop\PermanentCrop_1813.tif,6,6,PermanentCrop,PermanentCrop,PermanentCrop
C:\Users\DELL Precision 5550\Documents\GitHub\Terrasight-Eurosat-RGB-vs-Multispectral\data\raw\multispectral\PermanentCrop\PermanentCrop_1763.tif,6,6,PermanentCrop,PermanentCrop,PermanentCrop
C:\Users\DELL Precision 5550\Documents\GitHub\Terrasight-Eurosat-RGB-vs-Multispectral\data\raw\multispectral\SeaLake\SeaLake_1671.tif,9,9,SeaLake,SeaLake,SeaLake
C:\Users\DELL Precision 5550\Documents\GitHub\Terrasight-Eurosat-RGB-vs-Multispectral\data\raw\multispectral\Residential\Residential_285.tif,7,7,Residential,Residential,Residential
C:\Users\DELL Precision 5550\Documents\GitHub\Terrasight-Eurosat-RGB-vs-Multispectral\data\raw\multispectral\Industrial\Industrial_1624.tif,4,4,Industrial,Industrial,Industrial
C:\Users\DELL Precision 5550\Documents\GitHub\Terrasight-Eurosat-RGB-vs-Multispectral\data\raw\multispectral\Industrial\Industrial_1704.tif,4,4,Industrial,Industrial,Industrial
C:\Users\DELL Precision 5550\Documents\GitHub\Terrasight-Eurosat-RGB-vs-Multispectral\data\raw\multispectral\Forest\Forest_2362.tif,1,1,Forest,Forest,Forest
C:\Users\DELL Precision 5550\Documents\GitHub\Terrasight-Eurosat-RGB-vs-Multispectral\data\raw\multispectral\Highway\Highway_825.tif,3,3,Highway,Highway,Highway
C:\Users\DELL Precision 5550\Documents\GitHub\Terrasight-Eurosat-RGB-vs-Multispectral\data\raw\multispectral\SeaLake\SeaLake_2634.tif,9,9,SeaLake,SeaLake,SeaLake
C:\Users\DELL Precision 5550\Documents\GitHub\Terrasight-Eurosat-RGB-vs-Multispectral\data\raw\multispectral\River\River_2238.tif,8,8,River,River,River
C:\Users\DELL Precision 5550\Documents\GitHub\Terrasight-Eurosat-RGB-vs-Multispectral\data\raw\multispectral\AnnualCrop\AnnualCrop_2020.tif,0,0,AnnualCrop,AnnualCrop,AnnualCrop
C:\Users\DELL Precision 5550\Documents\GitHub\Terrasight-Eurosat-RGB-vs-Multispectral\data\raw\multispectral\PermanentCrop\PermanentCrop_93.tif,6,6,PermanentCrop,PermanentCrop,PermanentCrop
C:\Users\DELL Precision 5550\Documents\GitHub\Terrasight-Eurosat-RGB-vs-Multispectral\data\raw\multispectral\HerbaceousVegetation\HerbaceousVegetation_695.tif,2,2,HerbaceousVegetation,HerbaceousVegetation,HerbaceousVegetation
C:\Users\DELL Precision 5550\Documents\GitHub\Terrasight-Eurosat-RGB-vs-Multispectral\data\raw\multispectral\SeaLake\SeaLake_2343.tif,9,9,SeaLake,SeaLake,SeaLake
C:\Users\DELL Precision 5550\Documents\GitHub\Terrasight-Eurosat-RGB-vs-Multispectral\data\raw\multispectral\HerbaceousVegetation\HerbaceousVegetation_259.tif,2,2,HerbaceousVegetation,HerbaceousVegetation,HerbaceousVegetation
C:\Users\DELL Precision 5550\Documents\GitHub\Terrasight-Eurosat-RGB-vs-Multispectral\data\raw\multispectral\Highway\Highway_1242.tif,3,3,Highway,Highway,Highway
C:\Users\DELL Precision 5550\Documents\GitHub\Terrasight-Eurosat-RGB-vs-Multispectral\data\raw\multispectral\AnnualCrop\AnnualCrop_186.tif,0,0,AnnualCrop,AnnualCrop,AnnualCrop
C:\Users\DELL Precision 5550\Documents\GitHub\Terrasight-Eurosat-RGB-vs-Multispectral\data\raw\multispectral\AnnualCrop\AnnualCrop_1505.tif,0,0,AnnualCrop,AnnualCrop,AnnualCrop
C:\Users\DELL Precision 5550\Documents\GitHub\Terrasight-Eurosat-RGB-vs-Multispectral\data\raw\multispectral\AnnualCrop\AnnualCrop_2841.tif,0,0,AnnualCrop,AnnualCrop,AnnualCrop
C:\Users\DELL Precision 5550\Documents\GitHub\Terrasight-Eurosat-RGB-vs-Multispectral\data\raw\multispectral\River\River_976.tif,8,8,River,River,River
C:\Users\DELL Precision 5550\Documents\GitHub\Terrasight-Eurosat-RGB-vs-Multispectral\data\raw\multispectral\Industrial\Industrial_1890.tif,4,4,Industrial,Industrial,Industrial
C:\Users\DELL Precision 5550\Documents\GitHub\Terrasight-Eurosat-RGB-vs-Multispectral\data\raw\multispectral\HerbaceousVegetation\HerbaceousVegetation_1823.tif,2,2,HerbaceousVegetation,HerbaceousVegetation,HerbaceousVegetation
C:\Users\DELL Precision 5550\Documents\GitHub\Terrasight-Eurosat-RGB-vs-Multispectral\data\raw\multispectral\AnnualCrop\AnnualCrop_755.tif,0,0,AnnualCrop,AnnualCrop,AnnualCrop
C:\Users\DELL Precision 5550\Documents\GitHub\Terrasight-Eurosat-RGB-vs-Multispectral\data\raw\multispectral\PermanentCrop\PermanentCrop_1918.tif,6,4,PermanentCrop,Industrial,PermanentCrop
C:\Users\DELL Precision 5550\Documents\GitHub\Terrasight-Eurosat-RGB-vs-Multispectral\data\raw\multispectral\Highway\Highway_1847.tif,3,3,Highway,Highway,Highway
C:\Users\DELL Precision 5550\Documents\GitHub\Terrasight-Eurosat-RGB-vs-Multispectral\data\raw\multispectral\AnnualCrop\AnnualCrop_1671.tif,0,0,AnnualCrop,AnnualCrop,AnnualCrop
C:\Users\DELL Precision 5550\Documents\GitHub\Terrasight-Eurosat-RGB-vs-Multispectral\data\raw\multispectral\Pasture\Pasture_36.tif,5,5,Pasture,Pasture,Pasture
C:\Users\DELL Precision 5550\Documents\GitHub\Terrasight-Eurosat-RGB-vs-Multispectral\data\raw\multispectral\HerbaceousVegetation\HerbaceousVegetation_2703.tif,2,1,HerbaceousVegetation,Forest,HerbaceousVegetation
C:\Users\DELL Precision 5550\Documents\GitHub\Terrasight-Eurosat-RGB-vs-Multispectral\data\raw\multispectral\AnnualCrop\AnnualCrop_748.tif,0,0,AnnualCrop,AnnualCrop,AnnualCrop
C:\Users\DELL Precision 5550\Documents\GitHub\Terrasight-Eurosat-RGB-vs-Multispectral\data\raw\multispectral\Industrial\Industrial_2026.tif,4,4,Industrial,Industrial,Industrial
C:\Users\DELL Precision 5550\Documents\GitHub\Terrasight-Eurosat-RGB-vs-Multispectral\data\raw\multispectral\Highway\Highway_1534.tif,3,3,Highway,Highway,Highway
C:\Users\DELL Precision 5550\Documents\GitHub\Terrasight-Eurosat-RGB-vs-Multispectral\data\raw\multispectral\Pasture\Pasture_1165.tif,5,5,Pasture,Pasture,Pasture
C:\Users\DELL Precision 5550\Documents\GitHub\Terrasight-Eurosat-RGB-vs-Multispectral\data\raw\multispectral\Highway\Highway_2236.tif,3,3,Highway,Highway,Highway
C:\Users\DELL Precision 5550\Documents\GitHub\Terrasight-Eurosat-RGB-vs-Multispectral\data\raw\multispectral\SeaLake\SeaLake_2415.tif,9,9,SeaLake,SeaLake,SeaLake
C:\Users\DELL Precision 5550\Documents\GitHub\Terrasight-Eurosat-RGB-vs-Multispectral\data\raw\multispectral\PermanentCrop\PermanentCrop_391.tif,6,6,PermanentCrop,PermanentCrop,PermanentCrop
C:\Users\DELL Precision 5550\Documents\GitHub\Terrasight-Eurosat-RGB-vs-Multispectral\data\raw\multispectral\Residential\Residential_1256.tif,7,7,Residential,Residential,Residential
C:\Users\DELL Precision 5550\Documents\GitHub\Terrasight-Eurosat-RGB-vs-Multispectral\data\raw\multispectral\PermanentCrop\PermanentCrop_1449.tif,6,6,PermanentCrop,PermanentCrop,PermanentCrop
C:\Users\DELL Precision 5550\Documents\GitHub\Terrasight-Eurosat-RGB-vs-Multispectral\data\raw\multispectral\PermanentCrop\PermanentCrop_249.tif,6,6,PermanentCrop,PermanentCrop,PermanentCrop
C:\Users\DELL Precision 5550\Documents\GitHub\Terrasight-Eurosat-RGB-vs-Multispectral\data\raw\multispectral\Industrial\Industrial_230.tif,4,4,Industrial,Industrial,Industrial
C:\Users\DELL Precision 5550\Documents\GitHub\Terrasight-Eurosat-RGB-vs-Multispectral\data\raw\multispectral\Highway\Highway_2373.tif,3,3,Highway,Highway,Highway
C:\Users\DELL Precision 5550\Documents\GitHub\Terrasight-Eurosat-RGB-vs-Multispectral\data\raw\multispectral\Residential\Residential_280.tif,7,7,Residential,Residential,Residential
C:\Users\DELL Precision 5550\Documents\GitHub\Terrasight-Eurosat-RGB-vs-Multispectral\data\raw\multispectral\River\River_346.tif,8,8,River,River,River
C:\Users\DELL Precision 5550\Documents\GitHub\Terrasight-Eurosat-RGB-vs-Multispectral\data\raw\multispectral\PermanentCrop\PermanentCrop_2193.tif,6,6,PermanentCrop,PermanentCrop,PermanentCrop
C:\Users\DELL Precision 5550\Documents\GitHub\Terrasight-Eurosat-RGB-vs-Multispectral\data\raw\multispectral\Highway\Highway_1277.tif,3,3,Highway,Highway,Highway
C:\Users\DELL Precision 5550\Documents\GitHub\Terrasight-Eurosat-RGB-vs-Multispectral\data\raw\multispectral\SeaLake\SeaLake_491.tif,9,9,SeaLake,SeaLake,SeaLake
C:\Users\DELL Precision 5550\Documents\GitHub\Terrasight-Eurosat-RGB-vs-Multispectral\data\raw\multispectral\Industrial\Industrial_512.tif,4,4,Industrial,Industrial,Industrial
C:\Users\DELL Precision 5550\Documents\GitHub\Terrasight-Eurosat-RGB-vs-Multispectral\data\raw\multispectral\River\River_440.tif,8,8,River,River,River
C:\Users\DELL Precision 5550\Documents\GitHub\Terrasight-Eurosat-RGB-vs-Multispectral\data\raw\multispectral\SeaLake\SeaLake_1946.tif,9,9,SeaLake,SeaLake,SeaLake
C:\Users\DELL Precision 5550\Documents\GitHub\Terrasight-Eurosat-RGB-vs-Multispectral\data\raw\multispectral\Residential\Residential_2113.tif,7,7,Residential,Residential,Residential
C:\Users\DELL Precision 5550\Documents\GitHub\Terrasight-Eurosat-RGB-vs-Multispectral\data\raw\multispectral\Residential\Residential_613.tif,7,7,Residential,Residential,Residential
C:\Users\DELL Precision 5550\Documents\GitHub\Terrasight-Eurosat-RGB-vs-Multispectral\data\raw\multispectral\Forest\Forest_1655.tif,1,6,Forest,PermanentCrop,Forest
C:\Users\DELL Precision 5550\Documents\GitHub\Terrasight-Eurosat-RGB-vs-Multispectral\data\raw\multispectral\AnnualCrop\AnnualCrop_104.tif,0,6,AnnualCrop,PermanentCrop,AnnualCrop
C:\Users\DELL Precision 5550\Documents\GitHub\Terrasight-Eurosat-RGB-vs-Multispectral\data\raw\multispectral\SeaLake\SeaLake_249.tif,9,9,SeaLake,SeaLake,SeaLake
C:\Users\DELL Precision 5550\Documents\GitHub\Terrasight-Eurosat-RGB-vs-Multispectral\data\raw\multispectral\River\River_1519.tif,8,8,River,River,River
C:\Users\DELL Precision 5550\Documents\GitHub\Terrasight-Eurosat-RGB-vs-Multispectral\data\raw\multispectral\Highway\Highway_2294.tif,3,3,Highway,Highway,Highway
C:\Users\DELL Precision 5550\Documents\GitHub\Terrasight-Eurosat-RGB-vs-Multispectral\data\raw\multispectral\HerbaceousVegetation\HerbaceousVegetation_1371.tif,2,2,HerbaceousVegetation,HerbaceousVegetation,HerbaceousVegetation
C:\Users\DELL Precision 5550\Documents\GitHub\Terrasight-Eurosat-RGB-vs-Multispectral\data\raw\multispectral\Pasture\Pasture_809.tif,5,5,Pasture,Pasture,Pasture
C:\Users\DELL Precision 5550\Documents\GitHub\Terrasight-Eurosat-RGB-vs-Multispectral\data\raw\multispectral\Highway\Highway_686.tif,3,3,Highway,Highway,Highway
C:\Users\DELL Precision 5550\Documents\GitHub\Terrasight-Eurosat-RGB-vs-Multispectral\data\raw\multispectral\AnnualCrop\AnnualCrop_1892.tif,0,0,AnnualCrop,AnnualCrop,AnnualCrop
C:\Users\DELL Precision 5550\Documents\GitHub\Terrasight-Eurosat-RGB-vs-Multispectral\data\raw\multispectral\SeaLake\SeaLake_2784.tif,9,9,SeaLake,SeaLake,SeaLake
C:\Users\DELL Precision 5550\Documents\GitHub\Terrasight-Eurosat-RGB-vs-Multispectral\data\raw\multispectral\AnnualCrop\AnnualCrop_2152.tif,0,0,AnnualCrop,AnnualCrop,AnnualCrop
C:\Users\DELL Precision 5550\Documents\GitHub\Terrasight-Eurosat-RGB-vs-Multispectral\data\raw\multispectral\PermanentCrop\PermanentCrop_124.tif,6,6,PermanentCrop,PermanentCrop,PermanentCrop
C:\Users\DELL Precision 5550\Documents\GitHub\Terrasight-Eurosat-RGB-vs-Multispectral\data\raw\multispectral\SeaLake\SeaLake_335.tif,9,9,SeaLake,SeaLake,SeaLake
C:\Users\DELL Precision 5550\Documents\GitHub\Terrasight-Eurosat-RGB-vs-Multispectral\data\raw\multispectral\Forest\Forest_2159.tif,1,1,Forest,Forest,Forest
C:\Users\DELL Precision 5550\Documents\GitHub\Terrasight-Eurosat-RGB-vs-Multispectral\data\raw\multispectral\PermanentCrop\PermanentCrop_1556.tif,6,6,PermanentCrop,PermanentCrop,PermanentCrop
C:\Users\DELL Precision 5550\Documents\GitHub\Terrasight-Eurosat-RGB-vs-Multispectral\data\raw\multispectral\Highway\Highway_816.tif,3,3,Highway,Highway,Highway
C:\Users\DELL Precision 5550\Documents\GitHub\Terrasight-Eurosat-RGB-vs-Multispectral\data\raw\multispectral\Residential\Residential_2753.tif,7,7,Residential,Residential,Residential
C:\Users\DELL Precision 5550\Documents\GitHub\Terrasight-Eurosat-RGB-vs-Multispectral\data\raw\multispectral\HerbaceousVegetation\HerbaceousVegetation_220.tif,2,2,HerbaceousVegetation,HerbaceousVegetation,HerbaceousVegetation
C:\Users\DELL Precision 5550\Documents\GitHub\Terrasight-Eurosat-RGB-vs-Multispectral\data\raw\multispectral\Pasture\Pasture_1037.tif,5,5,Pasture,Pasture,Pasture
C:\Users\DELL Precision 5550\Documents\GitHub\Terrasight-Eurosat-RGB-vs-Multispectral\data\raw\multispectral\Forest\Forest_2664.tif,1,1,Forest,Forest,Forest
C:\Users\DELL Precision 5550\Documents\GitHub\Terrasight-Eurosat-RGB-vs-Multispectral\data\raw\multispectral\Pasture\Pasture_1919.tif,5,5,Pasture,Pasture,Pasture
C:\Users\DELL Precision 5550\Documents\GitHub\Terrasight-Eurosat-RGB-vs-Multispectral\data\raw\multispectral\River\River_825.tif,8,8,River,River,River
C:\Users\DELL Precision 5550\Documents\GitHub\Terrasight-Eurosat-RGB-vs-Multispectral\data\raw\multispectral\Residential\Residential_1835.tif,7,7,Residential,Residential,Residential
C:\Users\DELL Precision 5550\Documents\GitHub\Terrasight-Eurosat-RGB-vs-Multispectral\data\raw\multispectral\Highway\Highway_592.tif,3,3,Highway,Highway,Highway
C:\Users\DELL Precision 5550\Documents\GitHub\Terrasight-Eurosat-RGB-vs-Multispectral\data\raw\multispectral\PermanentCrop\PermanentCrop_250.tif,6,6,PermanentCrop,PermanentCrop,PermanentCrop
C:\Users\DELL Precision 5550\Documents\GitHub\Terrasight-Eurosat-RGB-vs-Multispectral\data\raw\multispectral\HerbaceousVegetation\HerbaceousVegetation_1058.tif,2,2,HerbaceousVegetation,HerbaceousVegetation,HerbaceousVegetation
C:\Users\DELL Precision 5550\Documents\GitHub\Terrasight-Eurosat-RGB-vs-Multispectral\data\raw\multispectral\SeaLake\SeaLake_9.tif,9,9,SeaLake,SeaLake,SeaLake
C:\Users\DELL Precision 5550\Documents\GitHub\Terrasight-Eurosat-RGB-vs-Multispectral\data\raw\multispectral\HerbaceousVegetation\HerbaceousVegetation_2470.tif,2,2,HerbaceousVegetation,HerbaceousVegetation,HerbaceousVegetation
C:\Users\DELL Precision 5550\Documents\GitHub\Terrasight-Eurosat-RGB-vs-Multispectral\data\raw\multispectral\Highway\Highway_101.tif,3,3,Highway,Highway,Highway
C:\Users\DELL Precision 5550\Documents\GitHub\Terrasight-Eurosat-RGB-vs-Multispectral\data\raw\multispectral\HerbaceousVegetation\HerbaceousVegetation_2895.tif,2,2,HerbaceousVegetation,HerbaceousVegetation,HerbaceousVegetation
C:\Users\DELL Precision 5550\Documents\GitHub\Terrasight-Eurosat-RGB-vs-Multispectral\data\raw\multispectral\Industrial\Industrial_2360.tif,4,7,Industrial,Residential,Industrial
C:\Users\DELL Precision 5550\Documents\GitHub\Terrasight-Eurosat-RGB-vs-Multispectral\data\raw\multispectral\River\River_1507.tif,8,8,River,River,River
C:\Users\DELL Precision 5550\Documents\GitHub\Terrasight-Eurosat-RGB-vs-Multispectral\data\raw\multispectral\Highway\Highway_239.tif,3,3,Highway,Highway,Highway
C:\Users\DELL Precision 5550\Documents\GitHub\Terrasight-Eurosat-RGB-vs-Multispectral\data\raw\multispectral\PermanentCrop\PermanentCrop_532.tif,6,6,PermanentCrop,PermanentCrop,PermanentCrop
C:\Users\DELL Precision 5550\Documents\GitHub\Terrasight-Eurosat-RGB-vs-Multispectral\data\raw\multispectral\Highway\Highway_258.tif,3,3,Highway,Highway,Highway
C:\Users\DELL Precision 5550\Documents\GitHub\Terrasight-Eurosat-RGB-vs-Multispectral\data\raw\multispectral\Forest\Forest_35.tif,1,1,Forest,Forest,Forest
C:\Users\DELL Precision 5550\Documents\GitHub\Terrasight-Eurosat-RGB-vs-Multispectral\data\raw\multispectral\Industrial\Industrial_885.tif,4,4,Industrial,Industrial,Industrial
C:\Users\DELL Precision 5550\Documents\GitHub\Terrasight-Eurosat-RGB-vs-Multispectral\data\raw\multispectral\Industrial\Industrial_2063.tif,4,4,Industrial,Industrial,Industrial
C:\Users\DELL Precision 5550\Documents\GitHub\Terrasight-Eurosat-RGB-vs-Multispectral\data\raw\multispectral\Residential\Residential_2986.tif,7,7,Residential,Residential,Residential
C:\Users\DELL Precision 5550\Documents\GitHub\Terrasight-Eurosat-RGB-vs-Multispectral\data\raw\multispectral\Highway\Highway_1041.tif,3,3,Highway,Highway,Highway
C:\Users\DELL Precision 5550\Documents\GitHub\Terrasight-Eurosat-RGB-vs-Multispectral\data\raw\multispectral\AnnualCrop\AnnualCrop_326.tif,0,0,AnnualCrop,AnnualCrop,AnnualCrop
C:\Users\DELL Precision 5550\Documents\GitHub\Terrasight-Eurosat-RGB-vs-Multispectral\data\raw\multispectral\SeaLake\SeaLake_575.tif,9,9,SeaLake,SeaLake,SeaLake
C:\Users\DELL Precision 5550\Documents\GitHub\Terrasight-Eurosat-RGB-vs-Multispectral\data\raw\multispectral\Forest\Forest_1930.tif,1,1,Forest,Forest,Forest
C:\Users\DELL Precision 5550\Documents\GitHub\Terrasight-Eurosat-RGB-vs-Multispectral\data\raw\multispectral\Residential\Residential_2220.tif,7,7,Residential,Residential,Residential
C:\Users\DELL Precision 5550\Documents\GitHub\Terrasight-Eurosat-RGB-vs-Multispectral\data\raw\multispectral\SeaLake\SeaLake_2277.tif,9,9,SeaLake,SeaLake,SeaLake
C:\Users\DELL Precision 5550\Documents\GitHub\Terrasight-Eurosat-RGB-vs-Multispectral\data\raw\multispectral\Highway\Highway_851.tif,3,3,Highway,Highway,Highway
C:\Users\DELL Precision 5550\Documents\GitHub\Terrasight-Eurosat-RGB-vs-Multispectral\data\raw\multispectral\Highway\Highway_1006.tif,3,3,Highway,Highway,Highway
C:\Users\DELL Precision 5550\Documents\GitHub\Terrasight-Eurosat-RGB-vs-Multispectral\data\raw\multispectral\Industrial\Industrial_604.tif,4,4,Industrial,Industrial,Industrial
C:\Users\DELL Precision 5550\Documents\GitHub\Terrasight-Eurosat-RGB-vs-Multispectral\data\raw\multispectral\AnnualCrop\AnnualCrop_2174.tif,0,0,AnnualCrop,AnnualCrop,AnnualCrop
C:\Users\DELL Precision 5550\Documents\GitHub\Terrasight-Eurosat-RGB-vs-Multispectral\data\raw\multispectral\PermanentCrop\PermanentCrop_1599.tif,6,6,PermanentCrop,PermanentCrop,PermanentCrop
C:\Users\DELL Precision 5550\Documents\GitHub\Terrasight-Eurosat-RGB-vs-Multispectral\data\raw\multispectral\River\River_105.tif,8,8,River,River,River
C:\Users\DELL Precision 5550\Documents\GitHub\Terrasight-Eurosat-RGB-vs-Multispectral\data\raw\multispectral\SeaLake\SeaLake_2276.tif,9,9,SeaLake,SeaLake,SeaLake
C:\Users\DELL Precision 5550\Documents\GitHub\Terrasight-Eurosat-RGB-vs-Multispectral\data\raw\multispectral\River\River_1524.tif,8,8,River,River,River
C:\Users\DELL Precision 5550\Documents\GitHub\Terrasight-Eurosat-RGB-vs-Multispectral\data\raw\multispectral\SeaLake\SeaLake_2807.tif,9,9,SeaLake,SeaLake,SeaLake
C:\Users\DELL Precision 5550\Documents\GitHub\Terrasight-Eurosat-RGB-vs-Multispectral\data\raw\multispectral\River\River_2202.tif,8,8,River,River,River
C:\Users\DELL Precision 5550\Documents\GitHub\Terrasight-Eurosat-RGB-vs-Multispectral\data\raw\multispectral\Residential\Residential_411.tif,7,7,Residential,Residential,Residential
C:\Users\DELL Precision 5550\Documents\GitHub\Terrasight-Eurosat-RGB-vs-Multispectral\data\raw\multispectral\River\River_245.tif,8,8,River,River,River
C:\Users\DELL Precision 5550\Documents\GitHub\Terrasight-Eurosat-RGB-vs-Multispectral\data\raw\multispectral\HerbaceousVegetation\HerbaceousVegetation_974.tif,2,2,HerbaceousVegetation,HerbaceousVegetation,HerbaceousVegetation
C:\Users\DELL Precision 5550\Documents\GitHub\Terrasight-Eurosat-RGB-vs-Multispectral\data\raw\multispectral\PermanentCrop\PermanentCrop_1286.tif,6,6,PermanentCrop,PermanentCrop,PermanentCrop
C:\Users\DELL Precision 5550\Documents\GitHub\Terrasight-Eurosat-RGB-vs-Multispectral\data\raw\multispectral\River\River_1545.tif,8,8,River,River,River
C:\Users\DELL Precision 5550\Documents\GitHub\Terrasight-Eurosat-RGB-vs-Multispectral\data\raw\multispectral\Pasture\Pasture_1476.tif,5,0,Pasture,AnnualCrop,Pasture
C:\Users\DELL Precision 5550\Documents\GitHub\Terrasight-Eurosat-RGB-vs-Multispectral\data\raw\multispectral\AnnualCrop\AnnualCrop_6.tif,0,0,AnnualCrop,AnnualCrop,AnnualCrop
C:\Users\DELL Precision 5550\Documents\GitHub\Terrasight-Eurosat-RGB-vs-Multispectral\data\raw\multispectral\AnnualCrop\AnnualCrop_2762.tif,0,0,AnnualCrop,AnnualCrop,AnnualCrop
C:\Users\DELL Precision 5550\Documents\GitHub\Terrasight-Eurosat-RGB-vs-Multispectral\data\raw\multispectral\HerbaceousVegetation\HerbaceousVegetation_385.tif,2,2,HerbaceousVegetation,HerbaceousVegetation,HerbaceousVegetation
C:\Users\DELL Precision 5550\Documents\GitHub\Terrasight-Eurosat-RGB-vs-Multispectral\data\raw\multispectral\Pasture\Pasture_1754.tif,5,5,Pasture,Pasture,Pasture
C:\Users\DELL Precision 5550\Documents\GitHub\Terrasight-Eurosat-RGB-vs-Multispectral\data\raw\multispectral\SeaLake\SeaLake_70.tif,9,9,SeaLake,SeaLake,SeaLake
C:\Users\DELL Precision 5550\Documents\GitHub\Terrasight-Eurosat-RGB-vs-Multispectral\data\raw\multispectral\Forest\Forest_2312.tif,1,1,Forest,Forest,Forest
C:\Users\DELL Precision 5550\Documents\GitHub\Terrasight-Eurosat-RGB-vs-Multispectral\data\raw\multispectral\Industrial\Industrial_1785.tif,4,4,Industrial,Industrial,Industrial
C:\Users\DELL Precision 5550\Documents\GitHub\Terrasight-Eurosat-RGB-vs-Multispectral\data\raw\multispectral\Residential\Residential_754.tif,7,7,Residential,Residential,Residential
C:\Users\DELL Precision 5550\Documents\GitHub\Terrasight-Eurosat-RGB-vs-Multispectral\data\raw\multispectral\SeaLake\SeaLake_2512.tif,9,9,SeaLake,SeaLake,SeaLake
C:\Users\DELL Precision 5550\Documents\GitHub\Terrasight-Eurosat-RGB-vs-Multispectral\data\raw\multispectral\PermanentCrop\PermanentCrop_2178.tif,6,2,PermanentCrop,HerbaceousVegetation,PermanentCrop
C:\Users\DELL Precision 5550\Documents\GitHub\Terrasight-Eurosat-RGB-vs-Multispectral\data\raw\multispectral\Residential\Residential_2422.tif,7,7,Residential,Residential,Residential
C:\Users\DELL Precision 5550\Documents\GitHub\Terrasight-Eurosat-RGB-vs-Multispectral\data\raw\multispectral\Forest\Forest_2570.tif,1,1,Forest,Forest,Forest
C:\Users\DELL Precision 5550\Documents\GitHub\Terrasight-Eurosat-RGB-vs-Multispectral\data\raw\multispectral\Highway\Highway_1530.tif,3,3,Highway,Highway,Highway
C:\Users\DELL Precision 5550\Documents\GitHub\Terrasight-Eurosat-RGB-vs-Multispectral\data\raw\multispectral\PermanentCrop\PermanentCrop_1410.tif,6,6,PermanentCrop,PermanentCrop,PermanentCrop
C:\Users\DELL Precision 5550\Documents\GitHub\Terrasight-Eurosat-RGB-vs-Multispectral\data\raw\multispectral\Industrial\Industrial_1085.tif,4,4,Industrial,Industrial,Industrial
C:\Users\DELL Precision 5550\Documents\GitHub\Terrasight-Eurosat-RGB-vs-Multispectral\data\raw\multispectral\SeaLake\SeaLake_719.tif,9,9,SeaLake,SeaLake,SeaLake
C:\Users\DELL Precision 5550\Documents\GitHub\Terrasight-Eurosat-RGB-vs-Multispectral\data\raw\multispectral\Forest\Forest_1124.tif,1,1,Forest,Forest,Forest
C:\Users\DELL Precision 5550\Documents\GitHub\Terrasight-Eurosat-RGB-vs-Multispectral\data\raw\multispectral\HerbaceousVegetation\HerbaceousVegetation_2361.tif,2,2,HerbaceousVegetation,HerbaceousVegetation,HerbaceousVegetation
C:\Users\DELL Precision 5550\Documents\GitHub\Terrasight-Eurosat-RGB-vs-Multispectral\data\raw\multispectral\Residential\Residential_546.tif,7,7,Residential,Residential,Residential
C:\Users\DELL Precision 5550\Documents\GitHub\Terrasight-Eurosat-RGB-vs-Multispectral\data\raw\multispectral\PermanentCrop\PermanentCrop_1547.tif,6,6,PermanentCrop,PermanentCrop,PermanentCrop
C:\Users\DELL Precision 5550\Documents\GitHub\Terrasight-Eurosat-RGB-vs-Multispectral\data\raw\multispectral\Forest\Forest_1914.tif,1,1,Forest,Forest,Forest
C:\Users\DELL Precision 5550\Documents\GitHub\Terrasight-Eurosat-RGB-vs-Multispectral\data\raw\multispectral\Residential\Residential_1244.tif,7,7,Residential,Residential,Residential
C:\Users\DELL Precision 5550\Documents\GitHub\Terrasight-Eurosat-RGB-vs-Multispectral\data\raw\multispectral\PermanentCrop\PermanentCrop_1809.tif,6,6,PermanentCrop,PermanentCrop,PermanentCrop
C:\Users\DELL Precision 5550\Documents\GitHub\Terrasight-Eurosat-RGB-vs-Multispectral\data\raw\multispectral\Residential\Residential_2217.tif,7,7,Residential,Residential,Residential
C:\Users\DELL Precision 5550\Documents\GitHub\Terrasight-Eurosat-RGB-vs-Multispectral\data\raw\multispectral\Forest\Forest_203.tif,1,1,Forest,Forest,Forest
C:\Users\DELL Precision 5550\Documents\GitHub\Terrasight-Eurosat-RGB-vs-Multispectral\data\raw\multispectral\PermanentCrop\PermanentCrop_1153.tif,6,6,PermanentCrop,PermanentCrop,PermanentCrop
C:\Users\DELL Precision 5550\Documents\GitHub\Terrasight-Eurosat-RGB-vs-Multispectral\data\raw\multispectral\Pasture\Pasture_1546.tif,5,5,Pasture,Pasture,Pasture
C:\Users\DELL Precision 5550\Documents\GitHub\Terrasight-Eurosat-RGB-vs-Multispectral\data\raw\multispectral\River\River_1330.tif,8,8,River,River,River
C:\Users\DELL Precision 5550\Documents\GitHub\Terrasight-Eurosat-RGB-vs-Multispectral\data\raw\multispectral\HerbaceousVegetation\HerbaceousVegetation_802.tif,2,2,HerbaceousVegetation,HerbaceousVegetation,HerbaceousVegetation
C:\Users\DELL Precision 5550\Documents\GitHub\Terrasight-Eurosat-RGB-vs-Multispectral\data\raw\multispectral\Residential\Residential_625.tif,7,7,Residential,Residential,Residential
C:\Users\DELL Precision 5550\Documents\GitHub\Terrasight-Eurosat-RGB-vs-Multispectral\data\raw\multispectral\HerbaceousVegetation\HerbaceousVegetation_433.tif,2,2,HerbaceousVegetation,HerbaceousVegetation,HerbaceousVegetation
C:\Users\DELL Precision 5550\Documents\GitHub\Terrasight-Eurosat-RGB-vs-Multispectral\data\raw\multispectral\Residential\Residential_175.tif,7,7,Residential,Residential,Residential
C:\Users\DELL Precision 5550\Documents\GitHub\Terrasight-Eurosat-RGB-vs-Multispectral\data\raw\multispectral\Pasture\Pasture_336.tif,5,5,Pasture,Pasture,Pasture
C:\Users\DELL Precision 5550\Documents\GitHub\Terrasight-Eurosat-RGB-vs-Multispectral\data\raw\multispectral\Highway\Highway_158.tif,3,3,Highway,Highway,Highway
C:\Users\DELL Precision 5550\Documents\GitHub\Terrasight-Eurosat-RGB-vs-Multispectral\data\raw\multispectral\Residential\Residential_390.tif,7,7,Residential,Residential,Residential
C:\Users\DELL Precision 5550\Documents\GitHub\Terrasight-Eurosat-RGB-vs-Multispectral\data\raw\multispectral\Highway\Highway_348.tif,3,3,Highway,Highway,Highway
C:\Users\DELL Precision 5550\Documents\GitHub\Terrasight-Eurosat-RGB-vs-Multispectral\data\raw\multispectral\PermanentCrop\PermanentCrop_1351.tif,6,6,PermanentCrop,PermanentCrop,PermanentCrop
C:\Users\DELL Precision 5550\Documents\GitHub\Terrasight-Eurosat-RGB-vs-Multispectral\data\raw\multispectral\Residential\Residential_813.tif,7,7,Residential,Residential,Residential
C:\Users\DELL Precision 5550\Documents\GitHub\Terrasight-Eurosat-RGB-vs-Multispectral\data\raw\multispectral\Residential\Residential_26.tif,7,7,Residential,Residential,Residential
C:\Users\DELL Precision 5550\Documents\GitHub\Terrasight-Eurosat-RGB-vs-Multispectral\data\raw\multispectral\Highway\Highway_710.tif,3,3,Highway,Highway,Highway
C:\Users\DELL Precision 5550\Documents\GitHub\Terrasight-Eurosat-RGB-vs-Multispectral\data\raw\multispectral\River\River_1658.tif,8,8,River,River,River
C:\Users\DELL Precision 5550\Documents\GitHub\Terrasight-Eurosat-RGB-vs-Multispectral\data\raw\multispectral\Residential\Residential_2085.tif,7,7,Residential,Residential,Residential
C:\Users\DELL Precision 5550\Documents\GitHub\Terrasight-Eurosat-RGB-vs-Multispectral\data\raw\multispectral\AnnualCrop\AnnualCrop_2040.tif,0,0,AnnualCrop,AnnualCrop,AnnualCrop
C:\Users\DELL Precision 5550\Documents\GitHub\Terrasight-Eurosat-RGB-vs-Multispectral\data\raw\multispectral\Highway\Highway_673.tif,3,4,Highway,Industrial,Highway
C:\Users\DELL Precision 5550\Documents\GitHub\Terrasight-Eurosat-RGB-vs-Multispectral\data\raw\multispectral\PermanentCrop\PermanentCrop_1966.tif,6,6,PermanentCrop,PermanentCrop,PermanentCrop
C:\Users\DELL Precision 5550\Documents\GitHub\Terrasight-Eurosat-RGB-vs-Multispectral\data\raw\multispectral\Residential\Residential_2952.tif,7,7,Residential,Residential,Residential
C:\Users\DELL Precision 5550\Documents\GitHub\Terrasight-Eurosat-RGB-vs-Multispectral\data\raw\multispectral\Highway\Highway_350.tif,3,3,Highway,Highway,Highway
C:\Users\DELL Precision 5550\Documents\GitHub\Terrasight-Eurosat-RGB-vs-Multispectral\data\raw\multispectral\HerbaceousVegetation\HerbaceousVegetation_1644.tif,2,2,HerbaceousVegetation,HerbaceousVegetation,HerbaceousVegetation
C:\Users\DELL Precision 5550\Documents\GitHub\Terrasight-Eurosat-RGB-vs-Multispectral\data\raw\multispectral\Industrial\Industrial_1532.tif,4,4,Industrial,Industrial,Industrial
C:\Users\DELL Precision 5550\Documents\GitHub\Terrasight-Eurosat-RGB-vs-Multispectral\data\raw\multispectral\SeaLake\SeaLake_2577.tif,9,9,SeaLake,SeaLake,SeaLake
C:\Users\DELL Precision 5550\Documents\GitHub\Terrasight-Eurosat-RGB-vs-Multispectral\data\raw\multispectral\AnnualCrop\AnnualCrop_2667.tif,0,0,AnnualCrop,AnnualCrop,AnnualCrop
C:\Users\DELL Precision 5550\Documents\GitHub\Terrasight-Eurosat-RGB-vs-Multispectral\data\raw\multispectral\Residential\Residential_1022.tif,7,7,Residential,Residential,Residential
C:\Users\DELL Precision 5550\Documents\GitHub\Terrasight-Eurosat-RGB-vs-Multispectral\data\raw\multispectral\Residential\Residential_689.tif,7,7,Residential,Residential,Residential
C:\Users\DELL Precision 5550\Documents\GitHub\Terrasight-Eurosat-RGB-vs-Multispectral\data\raw\multispectral\Residential\Residential_2150.tif,7,4,Residential,Industrial,Residential
C:\Users\DELL Precision 5550\Documents\GitHub\Terrasight-Eurosat-RGB-vs-Multispectral\data\raw\multispectral\River\River_2384.tif,8,8,River,River,River
C:\Users\DELL Precision 5550\Documents\GitHub\Terrasight-Eurosat-RGB-vs-Multispectral\data\raw\multispectral\SeaLake\SeaLake_1229.tif,9,9,SeaLake,SeaLake,SeaLake
C:\Users\DELL Precision 5550\Documents\GitHub\Terrasight-Eurosat-RGB-vs-Multispectral\data\raw\multispectral\Residential\Residential_2409.tif,7,7,Residential,Residential,Residential
C:\Users\DELL Precision 5550\Documents\GitHub\Terrasight-Eurosat-RGB-vs-Multispectral\data\raw\multispectral\AnnualCrop\AnnualCrop_393.tif,0,0,AnnualCrop,AnnualCrop,AnnualCrop
C:\Users\DELL Precision 5550\Documents\GitHub\Terrasight-Eurosat-RGB-vs-Multispectral\data\raw\multispectral\AnnualCrop\AnnualCrop_2429.tif,0,0,AnnualCrop,AnnualCrop,AnnualCrop
C:\Users\DELL Precision 5550\Documents\GitHub\Terrasight-Eurosat-RGB-vs-Multispectral\data\raw\multispectral\River\River_580.tif,8,8,River,River,River
C:\Users\DELL Precision 5550\Documents\GitHub\Terrasight-Eurosat-RGB-vs-Multispectral\data\raw\multispectral\PermanentCrop\PermanentCrop_933.tif,6,6,PermanentCrop,PermanentCrop,PermanentCrop
C:\Users\DELL Precision 5550\Documents\GitHub\Terrasight-Eurosat-RGB-vs-Multispectral\data\raw\multispectral\SeaLake\SeaLake_1102.tif,9,9,SeaLake,SeaLake,SeaLake
C:\Users\DELL Precision 5550\Documents\GitHub\Terrasight-Eurosat-RGB-vs-Multispectral\data\raw\multispectral\Highway\Highway_2475.tif,3,3,Highway,Highway,Highway
C:\Users\DELL Precision 5550\Documents\GitHub\Terrasight-Eurosat-RGB-vs-Multispectral\data\raw\multispectral\HerbaceousVegetation\HerbaceousVegetation_135.tif,2,2,HerbaceousVegetation,HerbaceousVegetation,HerbaceousVegetation
C:\Users\DELL Precision 5550\Documents\GitHub\Terrasight-Eurosat-RGB-vs-Multispectral\data\raw\multispectral\Residential\Residential_2269.tif,7,7,Residential,Residential,Residential
C:\Users\DELL Precision 5550\Documents\GitHub\Terrasight-Eurosat-RGB-vs-Multispectral\data\raw\multispectral\Industrial\Industrial_1468.tif,4,4,Industrial,Industrial,Industrial
C:\Users\DELL Precision 5550\Documents\GitHub\Terrasight-Eurosat-RGB-vs-Multispectral\data\raw\multispectral\SeaLake\SeaLake_95.tif,9,9,SeaLake,SeaLake,SeaLake
C:\Users\DELL Precision 5550\Documents\GitHub\Terrasight-Eurosat-RGB-vs-Multispectral\data\raw\multispectral\Residential\Residential_229.tif,7,7,Residential,Residential,Residential
C:\Users\DELL Precision 5550\Documents\GitHub\Terrasight-Eurosat-RGB-vs-Multispectral\data\raw\multispectral\AnnualCrop\AnnualCrop_1504.tif,0,0,AnnualCrop,AnnualCrop,AnnualCrop
C:\Users\DELL Precision 5550\Documents\GitHub\Terrasight-Eurosat-RGB-vs-Multispectral\data\raw\multispectral\River\River_2485.tif,8,8,River,River,River
C:\Users\DELL Precision 5550\Documents\GitHub\Terrasight-Eurosat-RGB-vs-Multispectral\data\raw\multispectral\PermanentCrop\PermanentCrop_569.tif,6,6,PermanentCrop,PermanentCrop,PermanentCrop
C:\Users\DELL Precision 5550\Documents\GitHub\Terrasight-Eurosat-RGB-vs-Multispectral\data\raw\multispectral\Forest\Forest_1715.tif,1,1,Forest,Forest,Forest
C:\Users\DELL Precision 5550\Documents\GitHub\Terrasight-Eurosat-RGB-vs-Multispectral\data\raw\multispectral\PermanentCrop\PermanentCrop_234.tif,6,6,PermanentCrop,PermanentCrop,PermanentCrop
C:\Users\DELL Precision 5550\Documents\GitHub\Terrasight-Eurosat-RGB-vs-Multispectral\data\raw\multispectral\AnnualCrop\AnnualCrop_845.tif,0,0,AnnualCrop,AnnualCrop,AnnualCrop
C:\Users\DELL Precision 5550\Documents\GitHub\Terrasight-Eurosat-RGB-vs-Multispectral\data\raw\multispectral\Forest\Forest_1370.tif,1,1,Forest,Forest,Forest
C:\Users\DELL Precision 5550\Documents\GitHub\Terrasight-Eurosat-RGB-vs-Multispectral\data\raw\multispectral\Industrial\Industrial_158.tif,4,4,Industrial,Industrial,Industrial
C:\Users\DELL Precision 5550\Documents\GitHub\Terrasight-Eurosat-RGB-vs-Multispectral\data\raw\multispectral\Pasture\Pasture_267.tif,5,5,Pasture,Pasture,Pasture
C:\Users\DELL Precision 5550\Documents\GitHub\Terrasight-Eurosat-RGB-vs-Multispectral\data\raw\multispectral\Industrial\Industrial_1869.tif,4,4,Industrial,Industrial,Industrial
C:\Users\DELL Precision 5550\Documents\GitHub\Terrasight-Eurosat-RGB-vs-Multispectral\data\raw\multispectral\River\River_2406.tif,8,8,River,River,River
C:\Users\DELL Precision 5550\Documents\GitHub\Terrasight-Eurosat-RGB-vs-Multispectral\data\raw\multispectral\Residential\Residential_2542.tif,7,7,Residential,Residential,Residential
C:\Users\DELL Precision 5550\Documents\GitHub\Terrasight-Eurosat-RGB-vs-Multispectral\data\raw\multispectral\PermanentCrop\PermanentCrop_1846.tif,6,6,PermanentCrop,PermanentCrop,PermanentCrop
C:\Users\DELL Precision 5550\Documents\GitHub\Terrasight-Eurosat-RGB-vs-Multispectral\data\raw\multispectral\Industrial\Industrial_1095.tif,4,4,Industrial,Industrial,Industrial
C:\Users\DELL Precision 5550\Documents\GitHub\Terrasight-Eurosat-RGB-vs-Multispectral\data\raw\multispectral\PermanentCrop\PermanentCrop_1199.tif,6,6,PermanentCrop,PermanentCrop,PermanentCrop
C:\Users\DELL Precision 5550\Documents\GitHub\Terrasight-Eurosat-RGB-vs-Multispectral\data\raw\multispectral\Residential\Residential_2577.tif,7,7,Residential,Residential,Residential
C:\Users\DELL Precision 5550\Documents\GitHub\Terrasight-Eurosat-RGB-vs-Multispectral\data\raw\multispectral\SeaLake\SeaLake_1885.tif,9,9,SeaLake,SeaLake,SeaLake
C:\Users\DELL Precision 5550\Documents\GitHub\Terrasight-Eurosat-RGB-vs-Multispectral\data\raw\multispectral\Pasture\Pasture_1413.tif,5,2,Pasture,HerbaceousVegetation,Pasture
C:\Users\DELL Precision 5550\Documents\GitHub\Terrasight-Eurosat-RGB-vs-Multispectral\data\raw\multispectral\Highway\Highway_2120.tif,3,3,Highway,Highway,Highway
C:\Users\DELL Precision 5550\Documents\GitHub\Terrasight-Eurosat-RGB-vs-Multispectral\data\raw\multispectral\SeaLake\SeaLake_1643.tif,9,9,SeaLake,SeaLake,SeaLake
C:\Users\DELL Precision 5550\Documents\GitHub\Terrasight-Eurosat-RGB-vs-Multispectral\data\raw\multispectral\River\River_1865.tif,8,8,River,River,River
C:\Users\DELL Precision 5550\Documents\GitHub\Terrasight-Eurosat-RGB-vs-Multispectral\data\raw\multispectral\Forest\Forest_1623.tif,1,1,Forest,Forest,Forest
C:\Users\DELL Precision 5550\Documents\GitHub\Terrasight-Eurosat-RGB-vs-Multispectral\data\raw\multispectral\Forest\Forest_2832.tif,1,1,Forest,Forest,Forest
C:\Users\DELL Precision 5550\Documents\GitHub\Terrasight-Eurosat-RGB-vs-Multispectral\data\raw\multispectral\Forest\Forest_2660.tif,1,1,Forest,Forest,Forest
C:\Users\DELL Precision 5550\Documents\GitHub\Terrasight-Eurosat-RGB-vs-Multispectral\data\raw\multispectral\Highway\Highway_248.tif,3,3,Highway,Highway,Highway
C:\Users\DELL Precision 5550\Documents\GitHub\Terrasight-Eurosat-RGB-vs-Multispectral\data\raw\multispectral\HerbaceousVegetation\HerbaceousVegetation_1303.tif,2,2,HerbaceousVegetation,HerbaceousVegetation,HerbaceousVegetation
C:\Users\DELL Precision 5550\Documents\GitHub\Terrasight-Eurosat-RGB-vs-Multispectral\data\raw\multispectral\SeaLake\SeaLake_2643.tif,9,9,SeaLake,SeaLake,SeaLake
C:\Users\DELL Precision 5550\Documents\GitHub\Terrasight-Eurosat-RGB-vs-Multispectral\data\raw\multispectral\River\River_1026.tif,8,8,River,River,River
C:\Users\DELL Precision 5550\Documents\GitHub\Terrasight-Eurosat-RGB-vs-Multispectral\data\raw\multispectral\River\River_1115.tif,8,8,River,River,River
C:\Users\DELL Precision 5550\Documents\GitHub\Terrasight-Eurosat-RGB-vs-Multispectral\data\raw\multispectral\SeaLake\SeaLake_1866.tif,9,9,SeaLake,SeaLake,SeaLake
C:\Users\DELL Precision 5550\Documents\GitHub\Terrasight-Eurosat-RGB-vs-Multispectral\data\raw\multispectral\PermanentCrop\PermanentCrop_1079.tif,6,6,PermanentCrop,PermanentCrop,PermanentCrop
C:\Users\DELL Precision 5550\Documents\GitHub\Terrasight-Eurosat-RGB-vs-Multispectral\data\raw\multispectral\Forest\Forest_529.tif,1,1,Forest,Forest,Forest
C:\Users\DELL Precision 5550\Documents\GitHub\Terrasight-Eurosat-RGB-vs-Multispectral\data\raw\multispectral\PermanentCrop\PermanentCrop_2385.tif,6,2,PermanentCrop,HerbaceousVegetation,PermanentCrop
C:\Users\DELL Precision 5550\Documents\GitHub\Terrasight-Eurosat-RGB-vs-Multispectral\data\raw\multispectral\Industrial\Industrial_1668.tif,4,4,Industrial,Industrial,Industrial
C:\Users\DELL Precision 5550\Documents\GitHub\Terrasight-Eurosat-RGB-vs-Multispectral\data\raw\multispectral\Residential\Residential_1200.tif,7,7,Residential,Residential,Residential
C:\Users\DELL Precision 5550\Documents\GitHub\Terrasight-Eurosat-RGB-vs-Multispectral\data\raw\multispectral\HerbaceousVegetation\HerbaceousVegetation_632.tif,2,2,HerbaceousVegetation,HerbaceousVegetation,HerbaceousVegetation
C:\Users\DELL Precision 5550\Documents\GitHub\Terrasight-Eurosat-RGB-vs-Multispectral\data\raw\multispectral\PermanentCrop\PermanentCrop_515.tif,6,6,PermanentCrop,PermanentCrop,PermanentCrop
C:\Users\DELL Precision 5550\Documents\GitHub\Terrasight-Eurosat-RGB-vs-Multispectral\data\raw\multispectral\HerbaceousVegetation\HerbaceousVegetation_1799.tif,2,2,HerbaceousVegetation,HerbaceousVegetation,HerbaceousVegetation
C:\Users\DELL Precision 5550\Documents\GitHub\Terrasight-Eurosat-RGB-vs-Multispectral\data\raw\multispectral\Industrial\Industrial_2179.tif,4,4,Industrial,Industrial,Industrial
C:\Users\DELL Precision 5550\Documents\GitHub\Terrasight-Eurosat-RGB-vs-Multispectral\data\raw\multispectral\HerbaceousVegetation\HerbaceousVegetation_140.tif,2,2,HerbaceousVegetation,HerbaceousVegetation,HerbaceousVegetation
C:\Users\DELL Precision 5550\Documents\GitHub\Terrasight-Eurosat-RGB-vs-Multispectral\data\raw\multispectral\AnnualCrop\AnnualCrop_1553.tif,0,0,AnnualCrop,AnnualCrop,AnnualCrop
C:\Users\DELL Precision 5550\Documents\GitHub\Terrasight-Eurosat-RGB-vs-Multispectral\data\raw\multispectral\Highway\Highway_300.tif,3,3,Highway,Highway,Highway
C:\Users\DELL Precision 5550\Documents\GitHub\Terrasight-Eurosat-RGB-vs-Multispectral\data\raw\multispectral\SeaLake\SeaLake_1293.tif,9,9,SeaLake,SeaLake,SeaLake
C:\Users\DELL Precision 5550\Documents\GitHub\Terrasight-Eurosat-RGB-vs-Multispectral\data\raw\multispectral\SeaLake\SeaLake_619.tif,9,9,SeaLake,SeaLake,SeaLake
C:\Users\DELL Precision 5550\Documents\GitHub\Terrasight-Eurosat-RGB-vs-Multispectral\data\raw\multispectral\Forest\Forest_844.tif,1,1,Forest,Forest,Forest
C:\Users\DELL Precision 5550\Documents\GitHub\Terrasight-Eurosat-RGB-vs-Multispectral\data\raw\multispectral\SeaLake\SeaLake_694.tif,9,9,SeaLake,SeaLake,SeaLake
C:\Users\DELL Precision 5550\Documents\GitHub\Terrasight-Eurosat-RGB-vs-Multispectral\data\raw\multispectral\SeaLake\SeaLake_2202.tif,9,9,SeaLake,SeaLake,SeaLake
C:\Users\DELL Precision 5550\Documents\GitHub\Terrasight-Eurosat-RGB-vs-Multispectral\data\raw\multispectral\Highway\Highway_1077.tif,3,3,Highway,Highway,Highway
C:\Users\DELL Precision 5550\Documents\GitHub\Terrasight-Eurosat-RGB-vs-Multispectral\data\raw\multispectral\PermanentCrop\PermanentCrop_2089.tif,6,6,PermanentCrop,PermanentCrop,PermanentCrop
C:\Users\DELL Precision 5550\Documents\GitHub\Terrasight-Eurosat-RGB-vs-Multispectral\data\raw\multispectral\SeaLake\SeaLake_653.tif,9,9,SeaLake,SeaLake,SeaLake
C:\Users\DELL Precision 5550\Documents\GitHub\Terrasight-Eurosat-RGB-vs-Multispectral\data\raw\multispectral\SeaLake\SeaLake_2578.tif,9,9,SeaLake,SeaLake,SeaLake
C:\Users\DELL Precision 5550\Documents\GitHub\Terrasight-Eurosat-RGB-vs-Multispectral\data\raw\multispectral\Highway\Highway_2056.tif,3,3,Highway,Highway,Highway
C:\Users\DELL Precision 5550\Documents\GitHub\Terrasight-Eurosat-RGB-vs-Multispectral\data\raw\multispectral\Pasture\Pasture_1363.tif,5,5,Pasture,Pasture,Pasture
C:\Users\DELL Precision 5550\Documents\GitHub\Terrasight-Eurosat-RGB-vs-Multispectral\data\raw\multispectral\SeaLake\SeaLake_773.tif,9,9,SeaLake,SeaLake,SeaLake
C:\Users\DELL Precision 5550\Documents\GitHub\Terrasight-Eurosat-RGB-vs-Multispectral\data\raw\multispectral\River\River_173.tif,8,8,River,River,River
C:\Users\DELL Precision 5550\Documents\GitHub\Terrasight-Eurosat-RGB-vs-Multispectral\data\raw\multispectral\HerbaceousVegetation\HerbaceousVegetation_2716.tif,2,2,HerbaceousVegetation,HerbaceousVegetation,HerbaceousVegetation
C:\Users\DELL Precision 5550\Documents\GitHub\Terrasight-Eurosat-RGB-vs-Multispectral\data\raw\multispectral\HerbaceousVegetation\HerbaceousVegetation_594.tif,2,2,HerbaceousVegetation,HerbaceousVegetation,HerbaceousVegetation
C:\Users\DELL Precision 5550\Documents\GitHub\Terrasight-Eurosat-RGB-vs-Multispectral\data\raw\multispectral\HerbaceousVegetation\HerbaceousVegetation_1676.tif,2,2,HerbaceousVegetation,HerbaceousVegetation,HerbaceousVegetation
C:\Users\DELL Precision 5550\Documents\GitHub\Terrasight-Eurosat-RGB-vs-Multispectral\data\raw\multispectral\HerbaceousVegetation\HerbaceousVegetation_701.tif,2,2,HerbaceousVegetation,HerbaceousVegetation,HerbaceousVegetation
C:\Users\DELL Precision 5550\Documents\GitHub\Terrasight-Eurosat-RGB-vs-Multispectral\data\raw\multispectral\Residential\Residential_2818.tif,7,7,Residential,Residential,Residential
C:\Users\DELL Precision 5550\Documents\GitHub\Terrasight-Eurosat-RGB-vs-Multispectral\data\raw\multispectral\Residential\Residential_2341.tif,7,7,Residential,Residential,Residential
C:\Users\DELL Precision 5550\Documents\GitHub\Terrasight-Eurosat-RGB-vs-Multispectral\data\raw\multispectral\PermanentCrop\PermanentCrop_870.tif,6,6,PermanentCrop,PermanentCrop,PermanentCrop
C:\Users\DELL Precision 5550\Documents\GitHub\Terrasight-Eurosat-RGB-vs-Multispectral\data\raw\multispectral\Forest\Forest_578.tif,1,1,Forest,Forest,Forest
C:\Users\DELL Precision 5550\Documents\GitHub\Terrasight-Eurosat-RGB-vs-Multispectral\data\raw\multispectral\SeaLake\SeaLake_79.tif,9,9,SeaLake,SeaLake,SeaLake
C:\Users\DELL Precision 5550\Documents\GitHub\Terrasight-Eurosat-RGB-vs-Multispectral\data\raw\multispectral\Forest\Forest_1442.tif,1,1,Forest,Forest,Forest
C:\Users\DELL Precision 5550\Documents\GitHub\Terrasight-Eurosat-RGB-vs-Multispectral\data\raw\multispectral\Industrial\Industrial_2381.tif,4,4,Industrial,Industrial,Industrial
C:\Users\DELL Precision 5550\Documents\GitHub\Terrasight-Eurosat-RGB-vs-Multispectral\data\raw\multispectral\Highway\Highway_1979.tif,3,3,Highway,Highway,Highway
C:\Users\DELL Precision 5550\Documents\GitHub\Terrasight-Eurosat-RGB-vs-Multispectral\data\raw\multispectral\Pasture\Pasture_474.tif,5,0,Pasture,AnnualCrop,Pasture
C:\Users\DELL Precision 5550\Documents\GitHub\Terrasight-Eurosat-RGB-vs-Multispectral\data\raw\multispectral\AnnualCrop\AnnualCrop_156.tif,0,0,AnnualCrop,AnnualCrop,AnnualCrop
C:\Users\DELL Precision 5550\Documents\GitHub\Terrasight-Eurosat-RGB-vs-Multispectral\data\raw\multispectral\Highway\Highway_169.tif,3,3,Highway,Highway,Highway
C:\Users\DELL Precision 5550\Documents\GitHub\Terrasight-Eurosat-RGB-vs-Multispectral\data\raw\multispectral\Forest\Forest_1252.tif,1,1,Forest,Forest,Forest
C:\Users\DELL Precision 5550\Documents\GitHub\Terrasight-Eurosat-RGB-vs-Multispectral\data\raw\multispectral\SeaLake\SeaLake_2820.tif,9,9,SeaLake,SeaLake,SeaLake
C:\Users\DELL Precision 5550\Documents\GitHub\Terrasight-Eurosat-RGB-vs-Multispectral\data\raw\multispectral\Industrial\Industrial_24.tif,4,4,Industrial,Industrial,Industrial
C:\Users\DELL Precision 5550\Documents\GitHub\Terrasight-Eurosat-RGB-vs-Multispectral\data\raw\multispectral\Pasture\Pasture_1603.tif,5,5,Pasture,Pasture,Pasture
C:\Users\DELL Precision 5550\Documents\GitHub\Terrasight-Eurosat-RGB-vs-Multispectral\data\raw\multispectral\Highway\Highway_210.tif,3,3,Highway,Highway,Highway
C:\Users\DELL Precision 5550\Documents\GitHub\Terrasight-Eurosat-RGB-vs-Multispectral\data\raw\multispectral\PermanentCrop\PermanentCrop_1048.tif,6,6,PermanentCrop,PermanentCrop,PermanentCrop
C:\Users\DELL Precision 5550\Documents\GitHub\Terrasight-Eurosat-RGB-vs-Multispectral\data\raw\multispectral\SeaLake\SeaLake_1066.tif,9,9,SeaLake,SeaLake,SeaLake
C:\Users\DELL Precision 5550\Documents\GitHub\Terrasight-Eurosat-RGB-vs-Multispectral\data\raw\multispectral\AnnualCrop\AnnualCrop_1791.tif,0,0,AnnualCrop,AnnualCrop,AnnualCrop
C:\Users\DELL Precision 5550\Documents\GitHub\Terrasight-Eurosat-RGB-vs-Multispectral\data\raw\multispectral\Residential\Residential_759.tif,7,7,Residential,Residential,Residential
C:\Users\DELL Precision 5550\Documents\GitHub\Terrasight-Eurosat-RGB-vs-Multispectral\data\raw\multispectral\River\River_1230.tif,8,8,River,River,River
C:\Users\DELL Precision 5550\Documents\GitHub\Terrasight-Eurosat-RGB-vs-Multispectral\data\raw\multispectral\PermanentCrop\PermanentCrop_45.tif,6,6,PermanentCrop,PermanentCrop,PermanentCrop
C:\Users\DELL Precision 5550\Documents\GitHub\Terrasight-Eurosat-RGB-vs-Multispectral\data\raw\multispectral\PermanentCrop\PermanentCrop_2180.tif,6,6,PermanentCrop,PermanentCrop,PermanentCrop
C:\Users\DELL Precision 5550\Documents\GitHub\Terrasight-Eurosat-RGB-vs-Multispectral\data\raw\multispectral\Highway\Highway_967.tif,3,3,Highway,Highway,Highway
C:\Users\DELL Precision 5550\Documents\GitHub\Terrasight-Eurosat-RGB-vs-Multispectral\data\raw\multispectral\Highway\Highway_428.tif,3,3,Highway,Highway,Highway
C:\Users\DELL Precision 5550\Documents\GitHub\Terrasight-Eurosat-RGB-vs-Multispectral\data\raw\multispectral\HerbaceousVegetation\HerbaceousVegetation_2668.tif,2,2,HerbaceousVegetation,HerbaceousVegetation,HerbaceousVegetation
C:\Users\DELL Precision 5550\Documents\GitHub\Terrasight-Eurosat-RGB-vs-Multispectral\data\raw\multispectral\Industrial\Industrial_1152.tif,4,4,Industrial,Industrial,Industrial
C:\Users\DELL Precision 5550\Documents\GitHub\Terrasight-Eurosat-RGB-vs-Multispectral\data\raw\multispectral\Forest\Forest_1901.tif,1,1,Forest,Forest,Forest
C:\Users\DELL Precision 5550\Documents\GitHub\Terrasight-Eurosat-RGB-vs-Multispectral\data\raw\multispectral\Residential\Residential_2114.tif,7,7,Residential,Residential,Residential
C:\Users\DELL Precision 5550\Documents\GitHub\Terrasight-Eurosat-RGB-vs-Multispectral\data\raw\multispectral\SeaLake\SeaLake_2615.tif,9,9,SeaLake,SeaLake,SeaLake
C:\Users\DELL Precision 5550\Documents\GitHub\Terrasight-Eurosat-RGB-vs-Multispectral\data\raw\multispectral\Industrial\Industrial_1822.tif,4,4,Industrial,Industrial,Industrial
C:\Users\DELL Precision 5550\Documents\GitHub\Terrasight-Eurosat-RGB-vs-Multispectral\data\raw\multispectral\Pasture\Pasture_1301.tif,5,5,Pasture,Pasture,Pasture
C:\Users\DELL Precision 5550\Documents\GitHub\Terrasight-Eurosat-RGB-vs-Multispectral\data\raw\multispectral\SeaLake\SeaLake_196.tif,9,9,SeaLake,SeaLake,SeaLake
C:\Users\DELL Precision 5550\Documents\GitHub\Terrasight-Eurosat-RGB-vs-Multispectral\data\raw\multispectral\SeaLake\SeaLake_262.tif,9,9,SeaLake,SeaLake,SeaLake
C:\Users\DELL Precision 5550\Documents\GitHub\Terrasight-Eurosat-RGB-vs-Multispectral\data\raw\multispectral\Forest\Forest_2842.tif,1,1,Forest,Forest,Forest
C:\Users\DELL Precision 5550\Documents\GitHub\Terrasight-Eurosat-RGB-vs-Multispectral\data\raw\multispectral\PermanentCrop\PermanentCrop_721.tif,6,6,PermanentCrop,PermanentCrop,PermanentCrop
C:\Users\DELL Precision 5550\Documents\GitHub\Terrasight-Eurosat-RGB-vs-Multispectral\data\raw\multispectral\Highway\Highway_1225.tif,3,3,Highway,Highway,Highway
C:\Users\DELL Precision 5550\Documents\GitHub\Terrasight-Eurosat-RGB-vs-Multispectral\data\raw\multispectral\Pasture\Pasture_534.tif,5,5,Pasture,Pasture,Pasture
C:\Users\DELL Precision 5550\Documents\GitHub\Terrasight-Eurosat-RGB-vs-Multispectral\data\raw\multispectral\Forest\Forest_2168.tif,1,1,Forest,Forest,Forest
C:\Users\DELL Precision 5550\Documents\GitHub\Terrasight-Eurosat-RGB-vs-Multispectral\data\raw\multispectral\Residential\Residential_400.tif,7,7,Residential,Residential,Residential
C:\Users\DELL Precision 5550\Documents\GitHub\Terrasight-Eurosat-RGB-vs-Multispectral\data\raw\multispectral\Residential\Residential_2302.tif,7,7,Residential,Residential,Residential
C:\Users\DELL Precision 5550\Documents\GitHub\Terrasight-Eurosat-RGB-vs-Multispectral\data\raw\multispectral\AnnualCrop\AnnualCrop_965.tif,0,0,AnnualCrop,AnnualCrop,AnnualCrop
C:\Users\DELL Precision 5550\Documents\GitHub\Terrasight-Eurosat-RGB-vs-Multispectral\data\raw\multispectral\Residential\Residential_1116.tif,7,7,Residential,Residential,Residential
C:\Users\DELL Precision 5550\Documents\GitHub\Terrasight-Eurosat-RGB-vs-Multispectral\data\raw\multispectral\Industrial\Industrial_1870.tif,4,4,Industrial,Industrial,Industrial
C:\Users\DELL Precision 5550\Documents\GitHub\Terrasight-Eurosat-RGB-vs-Multispectral\data\raw\multispectral\Pasture\Pasture_1644.tif,5,5,Pasture,Pasture,Pasture
C:\Users\DELL Precision 5550\Documents\GitHub\Terrasight-Eurosat-RGB-vs-Multispectral\data\raw\multispectral\Residential\Residential_20.tif,7,7,Residential,Residential,Residential
C:\Users\DELL Precision 5550\Documents\GitHub\Terrasight-Eurosat-RGB-vs-Multispectral\data\raw\multispectral\PermanentCrop\PermanentCrop_1159.tif,6,6,PermanentCrop,PermanentCrop,PermanentCrop
C:\Users\DELL Precision 5550\Documents\GitHub\Terrasight-Eurosat-RGB-vs-Multispectral\data\raw\multispectral\Forest\Forest_2405.tif,1,1,Forest,Forest,Forest
C:\Users\DELL Precision 5550\Documents\GitHub\Terrasight-Eurosat-RGB-vs-Multispectral\data\raw\multispectral\PermanentCrop\PermanentCrop_2082.tif,6,6,PermanentCrop,PermanentCrop,PermanentCrop
C:\Users\DELL Precision 5550\Documents\GitHub\Terrasight-Eurosat-RGB-vs-Multispectral\data\raw\multispectral\AnnualCrop\AnnualCrop_2692.tif,0,0,AnnualCrop,AnnualCrop,AnnualCrop
C:\Users\DELL Precision 5550\Documents\GitHub\Terrasight-Eurosat-RGB-vs-Multispectral\data\raw\multispectral\HerbaceousVegetation\HerbaceousVegetation_397.tif,2,2,HerbaceousVegetation,HerbaceousVegetation,HerbaceousVegetation
C:\Users\DELL Precision 5550\Documents\GitHub\Terrasight-Eurosat-RGB-vs-Multispectral\data\raw\multispectral\Highway\Highway_1397.tif,3,3,Highway,Highway,Highway
C:\Users\DELL Precision 5550\Documents\GitHub\Terrasight-Eurosat-RGB-vs-Multispectral\data\raw\multispectral\River\River_498.tif,8,8,River,River,River
C:\Users\DELL Precision 5550\Documents\GitHub\Terrasight-Eurosat-RGB-vs-Multispectral\data\raw\multispectral\SeaLake\SeaLake_366.tif,9,9,SeaLake,SeaLake,SeaLake
C:\Users\DELL Precision 5550\Documents\GitHub\Terrasight-Eurosat-RGB-vs-Multispectral\data\raw\multispectral\HerbaceousVegetation\HerbaceousVegetation_1290.tif,2,2,HerbaceousVegetation,HerbaceousVegetation,HerbaceousVegetation
C:\Users\DELL Precision 5550\Documents\GitHub\Terrasight-Eurosat-RGB-vs-Multispectral\data\raw\multispectral\River\River_318.tif,8,0,River,AnnualCrop,River
C:\Users\DELL Precision 5550\Documents\GitHub\Terrasight-Eurosat-RGB-vs-Multispectral\data\raw\multispectral\Forest\Forest_1297.tif,1,1,Forest,Forest,Forest
C:\Users\DELL Precision 5550\Documents\GitHub\Terrasight-Eurosat-RGB-vs-Multispectral\data\raw\multispectral\AnnualCrop\AnnualCrop_614.tif,0,0,AnnualCrop,AnnualCrop,AnnualCrop
C:\Users\DELL Precision 5550\Documents\GitHub\Terrasight-Eurosat-RGB-vs-Multispectral\data\raw\multispectral\SeaLake\SeaLake_2182.tif,9,9,SeaLake,SeaLake,SeaLake
C:\Users\DELL Precision 5550\Documents\GitHub\Terrasight-Eurosat-RGB-vs-Multispectral\data\raw\multispectral\Pasture\Pasture_1440.tif,5,5,Pasture,Pasture,Pasture
C:\Users\DELL Precision 5550\Documents\GitHub\Terrasight-Eurosat-RGB-vs-Multispectral\data\raw\multispectral\Residential\Residential_649.tif,7,7,Residential,Residential,Residential
C:\Users\DELL Precision 5550\Documents\GitHub\Terrasight-Eurosat-RGB-vs-Multispectral\data\raw\multispectral\Industrial\Industrial_2447.tif,4,4,Industrial,Industrial,Industrial
C:\Users\DELL Precision 5550\Documents\GitHub\Terrasight-Eurosat-RGB-vs-Multispectral\data\raw\multispectral\Forest\Forest_485.tif,1,5,Forest,Pasture,Forest
C:\Users\DELL Precision 5550\Documents\GitHub\Terrasight-Eurosat-RGB-vs-Multispectral\data\raw\multispectral\PermanentCrop\PermanentCrop_2411.tif,6,2,PermanentCrop,HerbaceousVegetation,PermanentCrop
C:\Users\DELL Precision 5550\Documents\GitHub\Terrasight-Eurosat-RGB-vs-Multispectral\data\raw\multispectral\AnnualCrop\AnnualCrop_927.tif,0,0,AnnualCrop,AnnualCrop,AnnualCrop
C:\Users\DELL Precision 5550\Documents\GitHub\Terrasight-Eurosat-RGB-vs-Multispectral\data\raw\multispectral\Highway\Highway_2105.tif,3,3,Highway,Highway,Highway
C:\Users\DELL Precision 5550\Documents\GitHub\Terrasight-Eurosat-RGB-vs-Multispectral\data\raw\multispectral\Forest\Forest_65.tif,1,1,Forest,Forest,Forest
C:\Users\DELL Precision 5550\Documents\GitHub\Terrasight-Eurosat-RGB-vs-Multispectral\data\raw\multispectral\Industrial\Industrial_2343.tif,4,4,Industrial,Industrial,Industrial
C:\Users\DELL Precision 5550\Documents\GitHub\Terrasight-Eurosat-RGB-vs-Multispectral\data\raw\multispectral\HerbaceousVegetation\HerbaceousVegetation_2531.tif,2,2,HerbaceousVegetation,HerbaceousVegetation,HerbaceousVegetation
C:\Users\DELL Precision 5550\Documents\GitHub\Terrasight-Eurosat-RGB-vs-Multispectral\data\raw\multispectral\Residential\Residential_1585.tif,7,7,Residential,Residential,Residential
C:\Users\DELL Precision 5550\Documents\GitHub\Terrasight-Eurosat-RGB-vs-Multispectral\data\raw\multispectral\AnnualCrop\AnnualCrop_1358.tif,0,0,AnnualCrop,AnnualCrop,AnnualCrop
C:\Users\DELL Precision 5550\Documents\GitHub\Terrasight-Eurosat-RGB-vs-Multispectral\data\raw\multispectral\PermanentCrop\PermanentCrop_727.tif,6,2,PermanentCrop,HerbaceousVegetation,PermanentCrop
C:\Users\DELL Precision 5550\Documents\GitHub\Terrasight-Eurosat-RGB-vs-Multispectral\data\raw\multispectral\SeaLake\SeaLake_2449.tif,9,9,SeaLake,SeaLake,SeaLake
C:\Users\DELL Precision 5550\Documents\GitHub\Terrasight-Eurosat-RGB-vs-Multispectral\data\raw\multispectral\AnnualCrop\AnnualCrop_2796.tif,0,0,AnnualCrop,AnnualCrop,AnnualCrop
C:\Users\DELL Precision 5550\Documents\GitHub\Terrasight-Eurosat-RGB-vs-Multispectral\data\raw\multispectral\Forest\Forest_741.tif,1,1,Forest,Forest,Forest
C:\Users\DELL Precision 5550\Documents\GitHub\Terrasight-Eurosat-RGB-vs-Multispectral\data\raw\multispectral\Highway\Highway_514.tif,3,3,Highway,Highway,Highway
C:\Users\DELL Precision 5550\Documents\GitHub\Terrasight-Eurosat-RGB-vs-Multispectral\data\raw\multispectral\Highway\Highway_2254.tif,3,3,Highway,Highway,Highway
C:\Users\DELL Precision 5550\Documents\GitHub\Terrasight-Eurosat-RGB-vs-Multispectral\data\raw\multispectral\AnnualCrop\AnnualCrop_2868.tif,0,0,AnnualCrop,AnnualCrop,AnnualCrop
C:\Users\DELL Precision 5550\Documents\GitHub\Terrasight-Eurosat-RGB-vs-Multispectral\data\raw\multispectral\Industrial\Industrial_35.tif,4,4,Industrial,Industrial,Industrial
C:\Users\DELL Precision 5550\Documents\GitHub\Terrasight-Eurosat-RGB-vs-Multispectral\data\raw\multispectral\SeaLake\SeaLake_2796.tif,9,9,SeaLake,SeaLake,SeaLake
C:\Users\DELL Precision 5550\Documents\GitHub\Terrasight-Eurosat-RGB-vs-Multispectral\data\raw\multispectral\River\River_155.tif,8,8,River,River,River
C:\Users\DELL Precision 5550\Documents\GitHub\Terrasight-Eurosat-RGB-vs-Multispectral\data\raw\multispectral\HerbaceousVegetation\HerbaceousVegetation_993.tif,2,2,HerbaceousVegetation,HerbaceousVegetation,HerbaceousVegetation
C:\Users\DELL Precision 5550\Documents\GitHub\Terrasight-Eurosat-RGB-vs-Multispectral\data\raw\multispectral\Forest\Forest_2740.tif,1,1,Forest,Forest,Forest
C:\Users\DELL Precision 5550\Documents\GitHub\Terrasight-Eurosat-RGB-vs-Multispectral\data\raw\multispectral\HerbaceousVegetation\HerbaceousVegetation_2165.tif,2,2,HerbaceousVegetation,HerbaceousVegetation,HerbaceousVegetation
C:\Users\DELL Precision 5550\Documents\GitHub\Terrasight-Eurosat-RGB-vs-Multispectral\data\raw\multispectral\Industrial\Industrial_308.tif,4,4,Industrial,Industrial,Industrial
C:\Users\DELL Precision 5550\Documents\GitHub\Terrasight-Eurosat-RGB-vs-Multispectral\data\raw\multispectral\HerbaceousVegetation\HerbaceousVegetation_2476.tif,2,2,HerbaceousVegetation,HerbaceousVegetation,HerbaceousVegetation
C:\Users\DELL Precision 5550\Documents\GitHub\Terrasight-Eurosat-RGB-vs-Multispectral\data\raw\multispectral\AnnualCrop\AnnualCrop_1637.tif,0,0,AnnualCrop,AnnualCrop,AnnualCrop
C:\Users\DELL Precision 5550\Documents\GitHub\Terrasight-Eurosat-RGB-vs-Multispectral\data\raw\multispectral\AnnualCrop\AnnualCrop_285.tif,0,0,AnnualCrop,AnnualCrop,AnnualCrop
C:\Users\DELL Precision 5550\Documents\GitHub\Terrasight-Eurosat-RGB-vs-Multispectral\data\raw\multispectral\River\River_84.tif,8,3,River,Highway,River
C:\Users\DELL Precision 5550\Documents\GitHub\Terrasight-Eurosat-RGB-vs-Multispectral\data\raw\multispectral\SeaLake\SeaLake_2894.tif,9,9,SeaLake,SeaLake,SeaLake
C:\Users\DELL Precision 5550\Documents\GitHub\Terrasight-Eurosat-RGB-vs-Multispectral\data\raw\multispectral\AnnualCrop\AnnualCrop_2483.tif,0,0,AnnualCrop,AnnualCrop,AnnualCrop
C:\Users\DELL Precision 5550\Documents\GitHub\Terrasight-Eurosat-RGB-vs-Multispectral\data\raw\multispectral\SeaLake\SeaLake_1434.tif,9,9,SeaLake,SeaLake,SeaLake
C:\Users\DELL Precision 5550\Documents\GitHub\Terrasight-Eurosat-RGB-vs-Multispectral\data\raw\multispectral\HerbaceousVegetation\HerbaceousVegetation_2629.tif,2,2,HerbaceousVegetation,HerbaceousVegetation,HerbaceousVegetation
C:\Users\DELL Precision 5550\Documents\GitHub\Terrasight-Eurosat-RGB-vs-Multispectral\data\raw\multispectral\River\River_1807.tif,8,8,River,River,River
C:\Users\DELL Precision 5550\Documents\GitHub\Terrasight-Eurosat-RGB-vs-Multispectral\data\raw\multispectral\AnnualCrop\AnnualCrop_1160.tif,0,0,AnnualCrop,AnnualCrop,AnnualCrop
C:\Users\DELL Precision 5550\Documents\GitHub\Terrasight-Eurosat-RGB-vs-Multispectral\data\raw\multispectral\SeaLake\SeaLake_2773.tif,9,9,SeaLake,SeaLake,SeaLake
C:\Users\DELL Precision 5550\Documents\GitHub\Terrasight-Eurosat-RGB-vs-Multispectral\data\raw\multispectral\Forest\Forest_893.tif,1,1,Forest,Forest,Forest
C:\Users\DELL Precision 5550\Documents\GitHub\Terrasight-Eurosat-RGB-vs-Multispectral\data\raw\multispectral\Pasture\Pasture_1837.tif,5,5,Pasture,Pasture,Pasture
C:\Users\DELL Precision 5550\Documents\GitHub\Terrasight-Eurosat-RGB-vs-Multispectral\data\raw\multispectral\SeaLake\SeaLake_400.tif,9,9,SeaLake,SeaLake,SeaLake
C:\Users\DELL Precision 5550\Documents\GitHub\Terrasight-Eurosat-RGB-vs-Multispectral\data\raw\multispectral\HerbaceousVegetation\HerbaceousVegetation_381.tif,2,2,HerbaceousVegetation,HerbaceousVegetation,HerbaceousVegetation
C:\Users\DELL Precision 5550\Documents\GitHub\Terrasight-Eurosat-RGB-vs-Multispectral\data\raw\multispectral\River\River_193.tif,8,8,River,River,River
C:\Users\DELL Precision 5550\Documents\GitHub\Terrasight-Eurosat-RGB-vs-Multispectral\data\raw\multispectral\Residential\Residential_2293.tif,7,7,Residential,Residential,Residential
C:\Users\DELL Precision 5550\Documents\GitHub\Terrasight-Eurosat-RGB-vs-Multispectral\data\raw\multispectral\Industrial\Industrial_328.tif,4,4,Industrial,Industrial,Industrial
C:\Users\DELL Precision 5550\Documents\GitHub\Terrasight-Eurosat-RGB-vs-Multispectral\data\raw\multispectral\HerbaceousVegetation\HerbaceousVegetation_2740.tif,2,6,HerbaceousVegetation,PermanentCrop,HerbaceousVegetation
C:\Users\DELL Precision 5550\Documents\GitHub\Terrasight-Eurosat-RGB-vs-Multispectral\data\raw\multispectral\Highway\Highway_2185.tif,3,4,Highway,Industrial,Highway
C:\Users\DELL Precision 5550\Documents\GitHub\Terrasight-Eurosat-RGB-vs-Multispectral\data\raw\multispectral\HerbaceousVegetation\HerbaceousVegetation_2188.tif,2,2,HerbaceousVegetation,HerbaceousVegetation,HerbaceousVegetation
C:\Users\DELL Precision 5550\Documents\GitHub\Terrasight-Eurosat-RGB-vs-Multispectral\data\raw\multispectral\Residential\Residential_1263.tif,7,7,Residential,Residential,Residential
C:\Users\DELL Precision 5550\Documents\GitHub\Terrasight-Eurosat-RGB-vs-Multispectral\data\raw\multispectral\PermanentCrop\PermanentCrop_1703.tif,6,6,PermanentCrop,PermanentCrop,PermanentCrop
C:\Users\DELL Precision 5550\Documents\GitHub\Terrasight-Eurosat-RGB-vs-Multispectral\data\raw\multispectral\Pasture\Pasture_1241.tif,5,5,Pasture,Pasture,Pasture
C:\Users\DELL Precision 5550\Documents\GitHub\Terrasight-Eurosat-RGB-vs-Multispectral\data\raw\multispectral\SeaLake\SeaLake_2936.tif,9,9,SeaLake,SeaLake,SeaLake
C:\Users\DELL Precision 5550\Documents\GitHub\Terrasight-Eurosat-RGB-vs-Multispectral\data\raw\multispectral\Forest\Forest_1284.tif,1,1,Forest,Forest,Forest
C:\Users\DELL Precision 5550\Documents\GitHub\Terrasight-Eurosat-RGB-vs-Multispectral\data\raw\multispectral\Industrial\Industrial_213.tif,4,4,Industrial,Industrial,Industrial
C:\Users\DELL Precision 5550\Documents\GitHub\Terrasight-Eurosat-RGB-vs-Multispectral\data\raw\multispectral\Industrial\Industrial_1208.tif,4,4,Industrial,Industrial,Industrial
C:\Users\DELL Precision 5550\Documents\GitHub\Terrasight-Eurosat-RGB-vs-Multispectral\data\raw\multispectral\PermanentCrop\PermanentCrop_1652.tif,6,6,PermanentCrop,PermanentCrop,PermanentCrop
C:\Users\DELL Precision 5550\Documents\GitHub\Terrasight-Eurosat-RGB-vs-Multispectral\data\raw\multispectral\Industrial\Industrial_476.tif,4,4,Industrial,Industrial,Industrial
C:\Users\DELL Precision 5550\Documents\GitHub\Terrasight-Eurosat-RGB-vs-Multispectral\data\raw\multispectral\AnnualCrop\AnnualCrop_2063.tif,0,0,AnnualCrop,AnnualCrop,AnnualCrop
C:\Users\DELL Precision 5550\Documents\GitHub\Terrasight-Eurosat-RGB-vs-Multispectral\data\raw\multispectral\PermanentCrop\PermanentCrop_1239.tif,6,6,PermanentCrop,PermanentCrop,PermanentCrop
C:\Users\DELL Precision 5550\Documents\GitHub\Terrasight-Eurosat-RGB-vs-Multispectral\data\raw\multispectral\Industrial\Industrial_2385.tif,4,4,Industrial,Industrial,Industrial
C:\Users\DELL Precision 5550\Documents\GitHub\Terrasight-Eurosat-RGB-vs-Multispectral\data\raw\multispectral\Industrial\Industrial_2408.tif,4,4,Industrial,Industrial,Industrial
C:\Users\DELL Precision 5550\Documents\GitHub\Terrasight-Eurosat-RGB-vs-Multispectral\data\raw\multispectral\Forest\Forest_1705.tif,1,1,Forest,Forest,Forest
C:\Users\DELL Precision 5550\Documents\GitHub\Terrasight-Eurosat-RGB-vs-Multispectral\data\raw\multispectral\AnnualCrop\AnnualCrop_2091.tif,0,0,AnnualCrop,AnnualCrop,AnnualCrop
C:\Users\DELL Precision 5550\Documents\GitHub\Terrasight-Eurosat-RGB-vs-Multispectral\data\raw\multispectral\Highway\Highway_1348.tif,3,6,Highway,PermanentCrop,Highway
C:\Users\DELL Precision 5550\Documents\GitHub\Terrasight-Eurosat-RGB-vs-Multispectral\data\raw\multispectral\SeaLake\SeaLake_1977.tif,9,9,SeaLake,SeaLake,SeaLake
C:\Users\DELL Precision 5550\Documents\GitHub\Terrasight-Eurosat-RGB-vs-Multispectral\data\raw\multispectral\Pasture\Pasture_324.tif,5,5,Pasture,Pasture,Pasture
C:\Users\DELL Precision 5550\Documents\GitHub\Terrasight-Eurosat-RGB-vs-Multispectral\data\raw\multispectral\Forest\Forest_407.tif,1,1,Forest,Forest,Forest
C:\Users\DELL Precision 5550\Documents\GitHub\Terrasight-Eurosat-RGB-vs-Multispectral\data\raw\multispectral\Pasture\Pasture_1041.tif,5,5,Pasture,Pasture,Pasture
C:\Users\DELL Precision 5550\Documents\GitHub\Terrasight-Eurosat-RGB-vs-Multispectral\data\raw\multispectral\Industrial\Industrial_778.tif,4,4,Industrial,Industrial,Industrial
C:\Users\DELL Precision 5550\Documents\GitHub\Terrasight-Eurosat-RGB-vs-Multispectral\data\raw\multispectral\Industrial\Industrial_1684.tif,4,4,Industrial,Industrial,Industrial
C:\Users\DELL Precision 5550\Documents\GitHub\Terrasight-Eurosat-RGB-vs-Multispectral\data\raw\multispectral\Highway\Highway_1395.tif,3,3,Highway,Highway,Highway
C:\Users\DELL Precision 5550\Documents\GitHub\Terrasight-Eurosat-RGB-vs-Multispectral\data\raw\multispectral\Highway\Highway_1572.tif,3,3,Highway,Highway,Highway
C:\Users\DELL Precision 5550\Documents\GitHub\Terrasight-Eurosat-RGB-vs-Multispectral\data\raw\multispectral\PermanentCrop\PermanentCrop_922.tif,6,6,PermanentCrop,PermanentCrop,PermanentCrop
C:\Users\DELL Precision 5550\Documents\GitHub\Terrasight-Eurosat-RGB-vs-Multispectral\data\raw\multispectral\Forest\Forest_636.tif,1,1,Forest,Forest,Forest
C:\Users\DELL Precision 5550\Documents\GitHub\Terrasight-Eurosat-RGB-vs-Multispectral\data\raw\multispectral\HerbaceousVegetation\HerbaceousVegetation_734.tif,2,2,HerbaceousVegetation,HerbaceousVegetation,HerbaceousVegetation
C:\Users\DELL Precision 5550\Documents\GitHub\Terrasight-Eurosat-RGB-vs-Multispectral\data\raw\multispectral\AnnualCrop\AnnualCrop_2023.tif,0,0,AnnualCrop,AnnualCrop,AnnualCrop
C:\Users\DELL Precision 5550\Documents\GitHub\Terrasight-Eurosat-RGB-vs-Multispectral\data\raw\multispectral\AnnualCrop\AnnualCrop_2559.tif,0,2,AnnualCrop,HerbaceousVegetation,AnnualCrop
C:\Users\DELL Precision 5550\Documents\GitHub\Terrasight-Eurosat-RGB-vs-Multispectral\data\raw\multispectral\SeaLake\SeaLake_1958.tif,9,9,SeaLake,SeaLake,SeaLake
C:\Users\DELL Precision 5550\Documents\GitHub\Terrasight-Eurosat-RGB-vs-Multispectral\data\raw\multispectral\HerbaceousVegetation\HerbaceousVegetation_2116.tif,2,2,HerbaceousVegetation,HerbaceousVegetation,HerbaceousVegetation
C:\Users\DELL Precision 5550\Documents\GitHub\Terrasight-Eurosat-RGB-vs-Multispectral\data\raw\multispectral\AnnualCrop\AnnualCrop_1710.tif,0,0,AnnualCrop,AnnualCrop,AnnualCrop
C:\Users\DELL Precision 5550\Documents\GitHub\Terrasight-Eurosat-RGB-vs-Multispectral\data\raw\multispectral\Pasture\Pasture_749.tif,5,5,Pasture,Pasture,Pasture
C:\Users\DELL Precision 5550\Documents\GitHub\Terrasight-Eurosat-RGB-vs-Multispectral\data\raw\multispectral\Forest\Forest_759.tif,1,1,Forest,Forest,Forest
C:\Users\DELL Precision 5550\Documents\GitHub\Terrasight-Eurosat-RGB-vs-Multispectral\data\raw\multispectral\Highway\Highway_1685.tif,3,3,Highway,Highway,Highway
C:\Users\DELL Precision 5550\Documents\GitHub\Terrasight-Eurosat-RGB-vs-Multispectral\data\raw\multispectral\PermanentCrop\PermanentCrop_632.tif,6,6,PermanentCrop,PermanentCrop,PermanentCrop
C:\Users\DELL Precision 5550\Documents\GitHub\Terrasight-Eurosat-RGB-vs-Multispectral\data\raw\multispectral\PermanentCrop\PermanentCrop_536.tif,6,6,PermanentCrop,PermanentCrop,PermanentCrop
C:\Users\DELL Precision 5550\Documents\GitHub\Terrasight-Eurosat-RGB-vs-Multispectral\data\raw\multispectral\River\River_1876.tif,8,8,River,River,River
C:\Users\DELL Precision 5550\Documents\GitHub\Terrasight-Eurosat-RGB-vs-Multispectral\data\raw\multispectral\HerbaceousVegetation\HerbaceousVegetation_2473.tif,2,2,HerbaceousVegetation,HerbaceousVegetation,HerbaceousVegetation
C:\Users\DELL Precision 5550\Documents\GitHub\Terrasight-Eurosat-RGB-vs-Multispectral\data\raw\multispectral\Forest\Forest_2413.tif,1,1,Forest,Forest,Forest
C:\Users\DELL Precision 5550\Documents\GitHub\Terrasight-Eurosat-RGB-vs-Multispectral\data\raw\multispectral\Residential\Residential_615.tif,7,7,Residential,Residential,Residential
C:\Users\DELL Precision 5550\Documents\GitHub\Terrasight-Eurosat-RGB-vs-Multispectral\data\raw\multispectral\Industrial\Industrial_381.tif,4,4,Industrial,Industrial,Industrial
C:\Users\DELL Precision 5550\Documents\GitHub\Terrasight-Eurosat-RGB-vs-Multispectral\data\raw\multispectral\Highway\Highway_2281.tif,3,3,Highway,Highway,Highway
C:\Users\DELL Precision 5550\Documents\GitHub\Terrasight-Eurosat-RGB-vs-Multispectral\data\raw\multispectral\Pasture\Pasture_1811.tif,5,5,Pasture,Pasture,Pasture
C:\Users\DELL Precision 5550\Documents\GitHub\Terrasight-Eurosat-RGB-vs-Multispectral\data\raw\multispectral\Forest\Forest_2.tif,1,1,Forest,Forest,Forest
C:\Users\DELL Precision 5550\Documents\GitHub\Terrasight-Eurosat-RGB-vs-Multispectral\data\raw\multispectral\Highway\Highway_577.tif,3,3,Highway,Highway,Highway
C:\Users\DELL Precision 5550\Documents\GitHub\Terrasight-Eurosat-RGB-vs-Multispectral\data\raw\multispectral\PermanentCrop\PermanentCrop_269.tif,6,6,PermanentCrop,PermanentCrop,PermanentCrop
C:\Users\DELL Precision 5550\Documents\GitHub\Terrasight-Eurosat-RGB-vs-Multispectral\data\raw\multispectral\SeaLake\SeaLake_1464.tif,9,9,SeaLake,SeaLake,SeaLake
C:\Users\DELL Precision 5550\Documents\GitHub\Terrasight-Eurosat-RGB-vs-Multispectral\data\raw\multispectral\Pasture\Pasture_858.tif,5,6,Pasture,PermanentCrop,Pasture
C:\Users\DELL Precision 5550\Documents\GitHub\Terrasight-Eurosat-RGB-vs-Multispectral\data\raw\multispectral\SeaLake\SeaLake_2732.tif,9,9,SeaLake,SeaLake,SeaLake
C:\Users\DELL Precision 5550\Documents\GitHub\Terrasight-Eurosat-RGB-vs-Multispectral\data\raw\multispectral\PermanentCrop\PermanentCrop_2413.tif,6,6,PermanentCrop,PermanentCrop,PermanentCrop
C:\Users\DELL Precision 5550\Documents\GitHub\Terrasight-Eurosat-RGB-vs-Multispectral\data\raw\multispectral\Highway\Highway_2091.tif,3,3,Highway,Highway,Highway
C:\Users\DELL Precision 5550\Documents\GitHub\Terrasight-Eurosat-RGB-vs-Multispectral\data\raw\multispectral\SeaLake\SeaLake_102.tif,9,9,SeaLake,SeaLake,SeaLake
C:\Users\DELL Precision 5550\Documents\GitHub\Terrasight-Eurosat-RGB-vs-Multispectral\data\raw\multispectral\Industrial\Industrial_1430.tif,4,4,Industrial,Industrial,Industrial
C:\Users\DELL Precision 5550\Documents\GitHub\Terrasight-Eurosat-RGB-vs-Multispectral\data\raw\multispectral\HerbaceousVegetation\HerbaceousVegetation_1717.tif,2,2,HerbaceousVegetation,HerbaceousVegetation,HerbaceousVegetation
C:\Users\DELL Precision 5550\Documents\GitHub\Terrasight-Eurosat-RGB-vs-Multispectral\data\raw\multispectral\AnnualCrop\AnnualCrop_1408.tif,0,0,AnnualCrop,AnnualCrop,AnnualCrop
C:\Users\DELL Precision 5550\Documents\GitHub\Terrasight-Eurosat-RGB-vs-Multispectral\data\raw\multispectral\PermanentCrop\PermanentCrop_1009.tif,6,6,PermanentCrop,PermanentCrop,PermanentCrop
C:\Users\DELL Precision 5550\Documents\GitHub\Terrasight-Eurosat-RGB-vs-Multispectral\data\raw\multispectral\AnnualCrop\AnnualCrop_2467.tif,0,6,AnnualCrop,PermanentCrop,AnnualCrop
C:\Users\DELL Precision 5550\Documents\GitHub\Terrasight-Eurosat-RGB-vs-Multispectral\data\raw\multispectral\Industrial\Industrial_1502.tif,4,4,Industrial,Industrial,Industrial
C:\Users\DELL Precision 5550\Documents\GitHub\Terrasight-Eurosat-RGB-vs-Multispectral\data\raw\multispectral\AnnualCrop\AnnualCrop_2441.tif,0,0,AnnualCrop,AnnualCrop,AnnualCrop
C:\Users\DELL Precision 5550\Documents\GitHub\Terrasight-Eurosat-RGB-vs-Multispectral\data\raw\multispectral\SeaLake\SeaLake_1408.tif,9,9,SeaLake,SeaLake,SeaLake
C:\Users\DELL Precision 5550\Documents\GitHub\Terrasight-Eurosat-RGB-vs-Multispectral\data\raw\multispectral\Industrial\Industrial_645.tif,4,4,Industrial,Industrial,Industrial
C:\Users\DELL Precision 5550\Documents\GitHub\Terrasight-Eurosat-RGB-vs-Multispectral\data\raw\multispectral\River\River_652.tif,8,8,River,River,River
C:\Users\DELL Precision 5550\Documents\GitHub\Terrasight-Eurosat-RGB-vs-Multispectral\data\raw\multispectral\AnnualCrop\AnnualCrop_846.tif,0,0,AnnualCrop,AnnualCrop,AnnualCrop
C:\Users\DELL Precision 5550\Documents\GitHub\Terrasight-Eurosat-RGB-vs-Multispectral\data\raw\multispectral\Industrial\Industrial_1685.tif,4,4,Industrial,Industrial,Industrial
C:\Users\DELL Precision 5550\Documents\GitHub\Terrasight-Eurosat-RGB-vs-Multispectral\data\raw\multispectral\Residential\Residential_945.tif,7,7,Residential,Residential,Residential
C:\Users\DELL Precision 5550\Documents\GitHub\Terrasight-Eurosat-RGB-vs-Multispectral\data\raw\multispectral\River\River_91.tif,8,8,River,River,River
C:\Users\DELL Precision 5550\Documents\GitHub\Terrasight-Eurosat-RGB-vs-Multispectral\data\raw\multispectral\HerbaceousVegetation\HerbaceousVegetation_2055.tif,2,2,HerbaceousVegetation,HerbaceousVegetation,HerbaceousVegetation
C:\Users\DELL Precision 5550\Documents\GitHub\Terrasight-Eurosat-RGB-vs-Multispectral\data\raw\multispectral\Industrial\Industrial_1666.tif,4,4,Industrial,Industrial,Industrial
C:\Users\DELL Precision 5550\Documents\GitHub\Terrasight-Eurosat-RGB-vs-Multispectral\data\raw\multispectral\River\River_893.tif,8,8,River,River,River
C:\Users\DELL Precision 5550\Documents\GitHub\Terrasight-Eurosat-RGB-vs-Multispectral\data\raw\multispectral\SeaLake\SeaLake_628.tif,9,9,SeaLake,SeaLake,SeaLake
C:\Users\DELL Precision 5550\Documents\GitHub\Terrasight-Eurosat-RGB-vs-Multispectral\data\raw\multispectral\Highway\Highway_1541.tif,3,3,Highway,Highway,Highway
C:\Users\DELL Precision 5550\Documents\GitHub\Terrasight-Eurosat-RGB-vs-Multispectral\data\raw\multispectral\PermanentCrop\PermanentCrop_1217.tif,6,6,PermanentCrop,PermanentCrop,PermanentCrop
C:\Users\DELL Precision 5550\Documents\GitHub\Terrasight-Eurosat-RGB-vs-Multispectral\data\raw\multispectral\PermanentCrop\PermanentCrop_1146.tif,6,6,PermanentCrop,PermanentCrop,PermanentCrop
C:\Users\DELL Precision 5550\Documents\GitHub\Terrasight-Eurosat-RGB-vs-Multispectral\data\raw\multispectral\PermanentCrop\PermanentCrop_2403.tif,6,6,PermanentCrop,PermanentCrop,PermanentCrop
C:\Users\DELL Precision 5550\Documents\GitHub\Terrasight-Eurosat-RGB-vs-Multispectral\data\raw\multispectral\AnnualCrop\AnnualCrop_1219.tif,0,0,AnnualCrop,AnnualCrop,AnnualCrop
C:\Users\DELL Precision 5550\Documents\GitHub\Terrasight-Eurosat-RGB-vs-Multispectral\data\raw\multispectral\Industrial\Industrial_1304.tif,4,7,Industrial,Residential,Industrial
C:\Users\DELL Precision 5550\Documents\GitHub\Terrasight-Eurosat-RGB-vs-Multispectral\data\raw\multispectral\SeaLake\SeaLake_2775.tif,9,9,SeaLake,SeaLake,SeaLake
C:\Users\DELL Precision 5550\Documents\GitHub\Terrasight-Eurosat-RGB-vs-Multispectral\data\raw\multispectral\Residential\Residential_2868.tif,7,7,Residential,Residential,Residential
C:\Users\DELL Precision 5550\Documents\GitHub\Terrasight-Eurosat-RGB-vs-Multispectral\data\raw\multispectral\Highway\Highway_2479.tif,3,3,Highway,Highway,Highway
C:\Users\DELL Precision 5550\Documents\GitHub\Terrasight-Eurosat-RGB-vs-Multispectral\data\raw\multispectral\Residential\Residential_1159.tif,7,7,Residential,Residential,Residential
C:\Users\DELL Precision 5550\Documents\GitHub\Terrasight-Eurosat-RGB-vs-Multispectral\data\raw\multispectral\Forest\Forest_1763.tif,1,1,Forest,Forest,Forest
C:\Users\DELL Precision 5550\Documents\GitHub\Terrasight-Eurosat-RGB-vs-Multispectral\data\raw\multispectral\Industrial\Industrial_1889.tif,4,4,Industrial,Industrial,Industrial
C:\Users\DELL Precision 5550\Documents\GitHub\Terrasight-Eurosat-RGB-vs-Multispectral\data\raw\multispectral\SeaLake\SeaLake_1320.tif,9,9,SeaLake,SeaLake,SeaLake
C:\Users\DELL Precision 5550\Documents\GitHub\Terrasight-Eurosat-RGB-vs-Multispectral\data\raw\multispectral\Forest\Forest_2838.tif,1,1,Forest,Forest,Forest
C:\Users\DELL Precision 5550\Documents\GitHub\Terrasight-Eurosat-RGB-vs-Multispectral\data\raw\multispectral\AnnualCrop\AnnualCrop_540.tif,0,6,AnnualCrop,PermanentCrop,AnnualCrop
C:\Users\DELL Precision 5550\Documents\GitHub\Terrasight-Eurosat-RGB-vs-Multispectral\data\raw\multispectral\Pasture\Pasture_1451.tif,5,5,Pasture,Pasture,Pasture
C:\Users\DELL Precision 5550\Documents\GitHub\Terrasight-Eurosat-RGB-vs-Multispectral\data\raw\multispectral\SeaLake\SeaLake_2175.tif,9,9,SeaLake,SeaLake,SeaLake
C:\Users\DELL Precision 5550\Documents\GitHub\Terrasight-Eurosat-RGB-vs-Multispectral\data\raw\multispectral\SeaLake\SeaLake_2450.tif,9,9,SeaLake,SeaLake,SeaLake
C:\Users\DELL Precision 5550\Documents\GitHub\Terrasight-Eurosat-RGB-vs-Multispectral\data\raw\multispectral\Residential\Residential_2904.tif,7,7,Residential,Residential,Residential
C:\Users\DELL Precision 5550\Documents\GitHub\Terrasight-Eurosat-RGB-vs-Multispectral\data\raw\multispectral\Industrial\Industrial_2491.tif,4,4,Industrial,Industrial,Industrial
C:\Users\DELL Precision 5550\Documents\GitHub\Terrasight-Eurosat-RGB-vs-Multispectral\data\raw\multispectral\Residential\Residential_2541.tif,7,7,Residential,Residential,Residential
C:\Users\DELL Precision 5550\Documents\GitHub\Terrasight-Eurosat-RGB-vs-Multispectral\data\raw\multispectral\SeaLake\SeaLake_2582.tif,9,9,SeaLake,SeaLake,SeaLake
C:\Users\DELL Precision 5550\Documents\GitHub\Terrasight-Eurosat-RGB-vs-Multispectral\data\raw\multispectral\River\River_661.tif,8,0,River,AnnualCrop,River
C:\Users\DELL Precision 5550\Documents\GitHub\Terrasight-Eurosat-RGB-vs-Multispectral\data\raw\multispectral\PermanentCrop\PermanentCrop_938.tif,6,6,PermanentCrop,PermanentCrop,PermanentCrop
C:\Users\DELL Precision 5550\Documents\GitHub\Terrasight-Eurosat-RGB-vs-Multispectral\data\raw\multispectral\AnnualCrop\AnnualCrop_2876.tif,0,0,AnnualCrop,AnnualCrop,AnnualCrop
C:\Users\DELL Precision 5550\Documents\GitHub\Terrasight-Eurosat-RGB-vs-Multispectral\data\raw\multispectral\AnnualCrop\AnnualCrop_2412.tif,0,0,AnnualCrop,AnnualCrop,AnnualCrop
C:\Users\DELL Precision 5550\Documents\GitHub\Terrasight-Eurosat-RGB-vs-Multispectral\data\raw\multispectral\AnnualCrop\AnnualCrop_238.tif,0,5,AnnualCrop,Pasture,AnnualCrop
C:\Users\DELL Precision 5550\Documents\GitHub\Terrasight-Eurosat-RGB-vs-Multispectral\data\raw\multispectral\Pasture\Pasture_616.tif,5,5,Pasture,Pasture,Pasture
C:\Users\DELL Precision 5550\Documents\GitHub\Terrasight-Eurosat-RGB-vs-Multispectral\data\raw\multispectral\Forest\Forest_1995.tif,1,1,Forest,Forest,Forest
C:\Users\DELL Precision 5550\Documents\GitHub\Terrasight-Eurosat-RGB-vs-Multispectral\data\raw\multispectral\SeaLake\SeaLake_692.tif,9,9,SeaLake,SeaLake,SeaLake
C:\Users\DELL Precision 5550\Documents\GitHub\Terrasight-Eurosat-RGB-vs-Multispectral\data\raw\multispectral\Forest\Forest_2511.tif,1,1,Forest,Forest,Forest
C:\Users\DELL Precision 5550\Documents\GitHub\Terrasight-Eurosat-RGB-vs-Multispectral\data\raw\multispectral\HerbaceousVegetation\HerbaceousVegetation_2316.tif,2,3,HerbaceousVegetation,Highway,HerbaceousVegetation
C:\Users\DELL Precision 5550\Documents\GitHub\Terrasight-Eurosat-RGB-vs-Multispectral\data\raw\multispectral\HerbaceousVegetation\HerbaceousVegetation_227.tif,2,2,HerbaceousVegetation,HerbaceousVegetation,HerbaceousVegetation
C:\Users\DELL Precision 5550\Documents\GitHub\Terrasight-Eurosat-RGB-vs-Multispectral\data\raw\multispectral\River\River_1489.tif,8,8,River,River,River
C:\Users\DELL Precision 5550\Documents\GitHub\Terrasight-Eurosat-RGB-vs-Multispectral\data\raw\multispectral\River\River_1773.tif,8,8,River,River,River
C:\Users\DELL Precision 5550\Documents\GitHub\Terrasight-Eurosat-RGB-vs-Multispectral\data\raw\multispectral\River\River_3.tif,8,8,River,River,River
C:\Users\DELL Precision 5550\Documents\GitHub\Terrasight-Eurosat-RGB-vs-Multispectral\data\raw\multispectral\River\River_2287.tif,8,8,River,River,River
C:\Users\DELL Precision 5550\Documents\GitHub\Terrasight-Eurosat-RGB-vs-Multispectral\data\raw\multispectral\HerbaceousVegetation\HerbaceousVegetation_1443.tif,2,2,HerbaceousVegetation,HerbaceousVegetation,HerbaceousVegetation
C:\Users\DELL Precision 5550\Documents\GitHub\Terrasight-Eurosat-RGB-vs-Multispectral\data\raw\multispectral\Highway\Highway_1994.tif,3,3,Highway,Highway,Highway
C:\Users\DELL Precision 5550\Documents\GitHub\Terrasight-Eurosat-RGB-vs-Multispectral\data\raw\multispectral\AnnualCrop\AnnualCrop_2272.tif,0,0,AnnualCrop,AnnualCrop,AnnualCrop
C:\Users\DELL Precision 5550\Documents\GitHub\Terrasight-Eurosat-RGB-vs-Multispectral\data\raw\multispectral\HerbaceousVegetation\HerbaceousVegetation_681.tif,2,2,HerbaceousVegetation,HerbaceousVegetation,HerbaceousVegetation
C:\Users\DELL Precision 5550\Documents\GitHub\Terrasight-Eurosat-RGB-vs-Multispectral\data\raw\multispectral\SeaLake\SeaLake_2136.tif,9,9,SeaLake,SeaLake,SeaLake
C:\Users\DELL Precision 5550\Documents\GitHub\Terrasight-Eurosat-RGB-vs-Multispectral\data\raw\multispectral\Industrial\Industrial_1364.tif,4,4,Industrial,Industrial,Industrial
C:\Users\DELL Precision 5550\Documents\GitHub\Terrasight-Eurosat-RGB-vs-Multispectral\data\raw\multispectral\SeaLake\SeaLake_2904.tif,9,9,SeaLake,SeaLake,SeaLake
C:\Users\DELL Precision 5550\Documents\GitHub\Terrasight-Eurosat-RGB-vs-Multispectral\data\raw\multispectral\SeaLake\SeaLake_274.tif,9,9,SeaLake,SeaLake,SeaLake
C:\Users\DELL Precision 5550\Documents\GitHub\Terrasight-Eurosat-RGB-vs-Multispectral\data\raw\multispectral\Industrial\Industrial_1219.tif,4,4,Industrial,Industrial,Industrial
C:\Users\DELL Precision 5550\Documents\GitHub\Terrasight-Eurosat-RGB-vs-Multispectral\data\raw\multispectral\Industrial\Industrial_2114.tif,4,4,Industrial,Industrial,Industrial
C:\Users\DELL Precision 5550\Documents\GitHub\Terrasight-Eurosat-RGB-vs-Multispectral\data\raw\multispectral\Industrial\Industrial_2154.tif,4,4,Industrial,Industrial,Industrial
C:\Users\DELL Precision 5550\Documents\GitHub\Terrasight-Eurosat-RGB-vs-Multispectral\data\raw\multispectral\Industrial\Industrial_1878.tif,4,4,Industrial,Industrial,Industrial
C:\Users\DELL Precision 5550\Documents\GitHub\Terrasight-Eurosat-RGB-vs-Multispectral\data\raw\multispectral\Highway\Highway_1785.tif,3,3,Highway,Highway,Highway
C:\Users\DELL Precision 5550\Documents\GitHub\Terrasight-Eurosat-RGB-vs-Multispectral\data\raw\multispectral\SeaLake\SeaLake_1580.tif,9,9,SeaLake,SeaLake,SeaLake
C:\Users\DELL Precision 5550\Documents\GitHub\Terrasight-Eurosat-RGB-vs-Multispectral\data\raw\multispectral\PermanentCrop\PermanentCrop_1821.tif,6,6,PermanentCrop,PermanentCrop,PermanentCrop
C:\Users\DELL Precision 5550\Documents\GitHub\Terrasight-Eurosat-RGB-vs-Multispectral\data\raw\multispectral\Forest\Forest_1233.tif,1,1,Forest,Forest,Forest
C:\Users\DELL Precision 5550\Documents\GitHub\Terrasight-Eurosat-RGB-vs-Multispectral\data\raw\multispectral\River\River_1073.tif,8,8,River,River,River
C:\Users\DELL Precision 5550\Documents\GitHub\Terrasight-Eurosat-RGB-vs-Multispectral\data\raw\multispectral\Pasture\Pasture_352.tif,5,5,Pasture,Pasture,Pasture
C:\Users\DELL Precision 5550\Documents\GitHub\Terrasight-Eurosat-RGB-vs-Multispectral\data\raw\multispectral\PermanentCrop\PermanentCrop_551.tif,6,6,PermanentCrop,PermanentCrop,PermanentCrop
C:\Users\DELL Precision 5550\Documents\GitHub\Terrasight-Eurosat-RGB-vs-Multispectral\data\raw\multispectral\AnnualCrop\AnnualCrop_866.tif,0,0,AnnualCrop,AnnualCrop,AnnualCrop
C:\Users\DELL Precision 5550\Documents\GitHub\Terrasight-Eurosat-RGB-vs-Multispectral\data\raw\multispectral\Forest\Forest_934.tif,1,1,Forest,Forest,Forest
C:\Users\DELL Precision 5550\Documents\GitHub\Terrasight-Eurosat-RGB-vs-Multispectral\data\raw\multispectral\HerbaceousVegetation\HerbaceousVegetation_917.tif,2,2,HerbaceousVegetation,HerbaceousVegetation,HerbaceousVegetation
C:\Users\DELL Precision 5550\Documents\GitHub\Terrasight-Eurosat-RGB-vs-Multispectral\data\raw\multispectral\SeaLake\SeaLake_625.tif,9,9,SeaLake,SeaLake,SeaLake
C:\Users\DELL Precision 5550\Documents\GitHub\Terrasight-Eurosat-RGB-vs-Multispectral\data\raw\multispectral\SeaLake\SeaLake_35.tif,9,9,SeaLake,SeaLake,SeaLake
C:\Users\DELL Precision 5550\Documents\GitHub\Terrasight-Eurosat-RGB-vs-Multispectral\data\raw\multispectral\Industrial\Industrial_884.tif,4,4,Industrial,Industrial,Industrial
C:\Users\DELL Precision 5550\Documents\GitHub\Terrasight-Eurosat-RGB-vs-Multispectral\data\raw\multispectral\Industrial\Industrial_1324.tif,4,4,Industrial,Industrial,Industrial
C:\Users\DELL Precision 5550\Documents\GitHub\Terrasight-Eurosat-RGB-vs-Multispectral\data\raw\multispectral\HerbaceousVegetation\HerbaceousVegetation_2198.tif,2,2,HerbaceousVegetation,HerbaceousVegetation,HerbaceousVegetation
C:\Users\DELL Precision 5550\Documents\GitHub\Terrasight-Eurosat-RGB-vs-Multispectral\data\raw\multispectral\Highway\Highway_2365.tif,3,3,Highway,Highway,Highway
C:\Users\DELL Precision 5550\Documents\GitHub\Terrasight-Eurosat-RGB-vs-Multispectral\data\raw\multispectral\River\River_1099.tif,8,8,River,River,River
C:\Users\DELL Precision 5550\Documents\GitHub\Terrasight-Eurosat-RGB-vs-Multispectral\data\raw\multispectral\Highway\Highway_1009.tif,3,3,Highway,Highway,Highway
C:\Users\DELL Precision 5550\Documents\GitHub\Terrasight-Eurosat-RGB-vs-Multispectral\data\raw\multispectral\Residential\Residential_1883.tif,7,7,Residential,Residential,Residential
C:\Users\DELL Precision 5550\Documents\GitHub\Terrasight-Eurosat-RGB-vs-Multispectral\data\raw\multispectral\Highway\Highway_645.tif,3,3,Highway,Highway,Highway
C:\Users\DELL Precision 5550\Documents\GitHub\Terrasight-Eurosat-RGB-vs-Multispectral\data\raw\multispectral\PermanentCrop\PermanentCrop_175.tif,6,6,PermanentCrop,PermanentCrop,PermanentCrop
C:\Users\DELL Precision 5550\Documents\GitHub\Terrasight-Eurosat-RGB-vs-Multispectral\data\raw\multispectral\HerbaceousVegetation\HerbaceousVegetation_1802.tif,2,2,HerbaceousVegetation,HerbaceousVegetation,HerbaceousVegetation
C:\Users\DELL Precision 5550\Documents\GitHub\Terrasight-Eurosat-RGB-vs-Multispectral\data\raw\multispectral\Residential\Residential_72.tif,7,7,Residential,Residential,Residential
C:\Users\DELL Precision 5550\Documents\GitHub\Terrasight-Eurosat-RGB-vs-Multispectral\data\raw\multispectral\Highway\Highway_797.tif,3,3,Highway,Highway,Highway
C:\Users\DELL Precision 5550\Documents\GitHub\Terrasight-Eurosat-RGB-vs-Multispectral\data\raw\multispectral\Forest\Forest_1110.tif,1,1,Forest,Forest,Forest
C:\Users\DELL Precision 5550\Documents\GitHub\Terrasight-Eurosat-RGB-vs-Multispectral\data\raw\multispectral\PermanentCrop\PermanentCrop_1062.tif,6,6,PermanentCrop,PermanentCrop,PermanentCrop
C:\Users\DELL Precision 5550\Documents\GitHub\Terrasight-Eurosat-RGB-vs-Multispectral\data\raw\multispectral\Highway\Highway_1882.tif,3,3,Highway,Highway,Highway
C:\Users\DELL Precision 5550\Documents\GitHub\Terrasight-Eurosat-RGB-vs-Multispectral\data\raw\multispectral\Industrial\Industrial_2040.tif,4,4,Industrial,Industrial,Industrial
C:\Users\DELL Precision 5550\Documents\GitHub\Terrasight-Eurosat-RGB-vs-Multispectral\data\raw\multispectral\Pasture\Pasture_1471.tif,5,5,Pasture,Pasture,Pasture
C:\Users\DELL Precision 5550\Documents\GitHub\Terrasight-Eurosat-RGB-vs-Multispectral\data\raw\multispectral\SeaLake\SeaLake_2605.tif,9,9,SeaLake,SeaLake,SeaLake
C:\Users\DELL Precision 5550\Documents\GitHub\Terrasight-Eurosat-RGB-vs-Multispectral\data\raw\multispectral\Industrial\Industrial_1155.tif,4,4,Industrial,Industrial,Industrial
C:\Users\DELL Precision 5550\Documents\GitHub\Terrasight-Eurosat-RGB-vs-Multispectral\data\raw\multispectral\Highway\Highway_950.tif,3,3,Highway,Highway,Highway
C:\Users\DELL Precision 5550\Documents\GitHub\Terrasight-Eurosat-RGB-vs-Multispectral\data\raw\multispectral\SeaLake\SeaLake_76.tif,9,9,SeaLake,SeaLake,SeaLake
C:\Users\DELL Precision 5550\Documents\GitHub\Terrasight-Eurosat-RGB-vs-Multispectral\data\raw\multispectral\Highway\Highway_755.tif,3,3,Highway,Highway,Highway
C:\Users\DELL Precision 5550\Documents\GitHub\Terrasight-Eurosat-RGB-vs-Multispectral\data\raw\multispectral\PermanentCrop\PermanentCrop_57.tif,6,6,PermanentCrop,PermanentCrop,PermanentCrop
C:\Users\DELL Precision 5550\Documents\GitHub\Terrasight-Eurosat-RGB-vs-Multispectral\data\raw\multispectral\Highway\Highway_2162.tif,3,3,Highway,Highway,Highway
C:\Users\DELL Precision 5550\Documents\GitHub\Terrasight-Eurosat-RGB-vs-Multispectral\data\raw\multispectral\AnnualCrop\AnnualCrop_2787.tif,0,0,AnnualCrop,AnnualCrop,AnnualCrop
C:\Users\DELL Precision 5550\Documents\GitHub\Terrasight-Eurosat-RGB-vs-Multispectral\data\raw\multispectral\HerbaceousVegetation\HerbaceousVegetation_2835.tif,2,2,HerbaceousVegetation,HerbaceousVegetation,HerbaceousVegetation
C:\Users\DELL Precision 5550\Documents\GitHub\Terrasight-Eurosat-RGB-vs-Multispectral\data\raw\multispectral\Forest\Forest_415.tif,1,1,Forest,Forest,Forest
C:\Users\DELL Precision 5550\Documents\GitHub\Terrasight-Eurosat-RGB-vs-Multispectral\data\raw\multispectral\Forest\Forest_2358.tif,1,1,Forest,Forest,Forest
C:\Users\DELL Precision 5550\Documents\GitHub\Terrasight-Eurosat-RGB-vs-Multispectral\data\raw\multispectral\AnnualCrop\AnnualCrop_1405.tif,0,0,AnnualCrop,AnnualCrop,AnnualCrop
C:\Users\DELL Precision 5550\Documents\GitHub\Terrasight-Eurosat-RGB-vs-Multispectral\data\raw\multispectral\Industrial\Industrial_935.tif,4,4,Industrial,Industrial,Industrial
C:\Users\DELL Precision 5550\Documents\GitHub\Terrasight-Eurosat-RGB-vs-Multispectral\data\raw\multispectral\AnnualCrop\AnnualCrop_1354.tif,0,0,AnnualCrop,AnnualCrop,AnnualCrop
C:\Users\DELL Precision 5550\Documents\GitHub\Terrasight-Eurosat-RGB-vs-Multispectral\data\raw\multispectral\Forest\Forest_1179.tif,1,1,Forest,Forest,Forest
C:\Users\DELL Precision 5550\Documents\GitHub\Terrasight-Eurosat-RGB-vs-Multispectral\data\raw\multispectral\River\River_1440.tif,8,8,River,River,River
C:\Users\DELL Precision 5550\Documents\GitHub\Terrasight-Eurosat-RGB-vs-Multispectral\data\raw\multispectral\PermanentCrop\PermanentCrop_2105.tif,6,6,PermanentCrop,PermanentCrop,PermanentCrop
C:\Users\DELL Precision 5550\Documents\GitHub\Terrasight-Eurosat-RGB-vs-Multispectral\data\raw\multispectral\Highway\Highway_1757.tif,3,3,Highway,Highway,Highway
C:\Users\DELL Precision 5550\Documents\GitHub\Terrasight-Eurosat-RGB-vs-Multispectral\data\raw\multispectral\SeaLake\SeaLake_606.tif,9,9,SeaLake,SeaLake,SeaLake
C:\Users\DELL Precision 5550\Documents\GitHub\Terrasight-Eurosat-RGB-vs-Multispectral\data\raw\multispectral\Residential\Residential_2146.tif,7,7,Residential,Residential,Residential
C:\Users\DELL Precision 5550\Documents\GitHub\Terrasight-Eurosat-RGB-vs-Multispectral\data\raw\multispectral\SeaLake\SeaLake_1853.tif,9,9,SeaLake,SeaLake,SeaLake
C:\Users\DELL Precision 5550\Documents\GitHub\Terrasight-Eurosat-RGB-vs-Multispectral\data\raw\multispectral\Forest\Forest_233.tif,1,1,Forest,Forest,Forest
C:\Users\DELL Precision 5550\Documents\GitHub\Terrasight-Eurosat-RGB-vs-Multispectral\data\raw\multispectral\AnnualCrop\AnnualCrop_2332.tif,0,0,AnnualCrop,AnnualCrop,AnnualCrop
C:\Users\DELL Precision 5550\Documents\GitHub\Terrasight-Eurosat-RGB-vs-Multispectral\data\raw\multispectral\HerbaceousVegetation\HerbaceousVegetation_1203.tif,2,2,HerbaceousVegetation,HerbaceousVegetation,HerbaceousVegetation
C:\Users\DELL Precision 5550\Documents\GitHub\Terrasight-Eurosat-RGB-vs-Multispectral\data\raw\multispectral\Industrial\Industrial_863.tif,4,4,Industrial,Industrial,Industrial
C:\Users\DELL Precision 5550\Documents\GitHub\Terrasight-Eurosat-RGB-vs-Multispectral\data\raw\multispectral\SeaLake\SeaLake_1490.tif,9,9,SeaLake,SeaLake,SeaLake
C:\Users\DELL Precision 5550\Documents\GitHub\Terrasight-Eurosat-RGB-vs-Multispectral\data\raw\multispectral\HerbaceousVegetation\HerbaceousVegetation_1736.tif,2,2,HerbaceousVegetation,HerbaceousVegetation,HerbaceousVegetation
C:\Users\DELL Precision 5550\Documents\GitHub\Terrasight-Eurosat-RGB-vs-Multispectral\data\raw\multispectral\Highway\Highway_1850.tif,3,3,Highway,Highway,Highway
C:\Users\DELL Precision 5550\Documents\GitHub\Terrasight-Eurosat-RGB-vs-Multispectral\data\raw\multispectral\Residential\Residential_1752.tif,7,7,Residential,Residential,Residential
C:\Users\DELL Precision 5550\Documents\GitHub\Terrasight-Eurosat-RGB-vs-Multispectral\data\raw\multispectral\HerbaceousVegetation\HerbaceousVegetation_276.tif,2,2,HerbaceousVegetation,HerbaceousVegetation,HerbaceousVegetation
C:\Users\DELL Precision 5550\Documents\GitHub\Terrasight-Eurosat-RGB-vs-Multispectral\data\raw\multispectral\River\River_267.tif,8,8,River,River,River
C:\Users\DELL Precision 5550\Documents\GitHub\Terrasight-Eurosat-RGB-vs-Multispectral\data\raw\multispectral\SeaLake\SeaLake_421.tif,9,9,SeaLake,SeaLake,SeaLake
C:\Users\DELL Precision 5550\Documents\GitHub\Terrasight-Eurosat-RGB-vs-Multispectral\data\raw\multispectral\SeaLake\SeaLake_2166.tif,9,9,SeaLake,SeaLake,SeaLake
C:\Users\DELL Precision 5550\Documents\GitHub\Terrasight-Eurosat-RGB-vs-Multispectral\data\raw\multispectral\SeaLake\SeaLake_2627.tif,9,9,SeaLake,SeaLake,SeaLake
C:\Users\DELL Precision 5550\Documents\GitHub\Terrasight-Eurosat-RGB-vs-Multispectral\data\raw\multispectral\River\River_821.tif,8,8,River,River,River
C:\Users\DELL Precision 5550\Documents\GitHub\Terrasight-Eurosat-RGB-vs-Multispectral\data\raw\multispectral\Industrial\Industrial_570.tif,4,4,Industrial,Industrial,Industrial
C:\Users\DELL Precision 5550\Documents\GitHub\Terrasight-Eurosat-RGB-vs-Multispectral\data\raw\multispectral\SeaLake\SeaLake_2247.tif,9,9,SeaLake,SeaLake,SeaLake
C:\Users\DELL Precision 5550\Documents\GitHub\Terrasight-Eurosat-RGB-vs-Multispectral\data\raw\multispectral\AnnualCrop\AnnualCrop_1105.tif,0,0,AnnualCrop,AnnualCrop,AnnualCrop
C:\Users\DELL Precision 5550\Documents\GitHub\Terrasight-Eurosat-RGB-vs-Multispectral\data\raw\multispectral\Pasture\Pasture_1790.tif,5,5,Pasture,Pasture,Pasture
C:\Users\DELL Precision 5550\Documents\GitHub\Terrasight-Eurosat-RGB-vs-Multispectral\data\raw\multispectral\Forest\Forest_2774.tif,1,1,Forest,Forest,Forest
C:\Users\DELL Precision 5550\Documents\GitHub\Terrasight-Eurosat-RGB-vs-Multispectral\data\raw\multispectral\PermanentCrop\PermanentCrop_2248.tif,6,6,PermanentCrop,PermanentCrop,PermanentCrop
C:\Users\DELL Precision 5550\Documents\GitHub\Terrasight-Eurosat-RGB-vs-Multispectral\data\raw\multispectral\River\River_2052.tif,8,8,River,River,River
C:\Users\DELL Precision 5550\Documents\GitHub\Terrasight-Eurosat-RGB-vs-Multispectral\data\raw\multispectral\Pasture\Pasture_1764.tif,5,5,Pasture,Pasture,Pasture
C:\Users\DELL Precision 5550\Documents\GitHub\Terrasight-Eurosat-RGB-vs-Multispectral\data\raw\multispectral\SeaLake\SeaLake_583.tif,9,9,SeaLake,SeaLake,SeaLake
C:\Users\DELL Precision 5550\Documents\GitHub\Terrasight-Eurosat-RGB-vs-Multispectral\data\raw\multispectral\AnnualCrop\AnnualCrop_2139.tif,0,0,AnnualCrop,AnnualCrop,AnnualCrop
C:\Users\DELL Precision 5550\Documents\GitHub\Terrasight-Eurosat-RGB-vs-Multispectral\data\raw\multispectral\Pasture\Pasture_1572.tif,5,5,Pasture,Pasture,Pasture
C:\Users\DELL Precision 5550\Documents\GitHub\Terrasight-Eurosat-RGB-vs-Multispectral\data\raw\multispectral\Residential\Residential_1793.tif,7,7,Residential,Residential,Residential
C:\Users\DELL Precision 5550\Documents\GitHub\Terrasight-Eurosat-RGB-vs-Multispectral\data\raw\multispectral\HerbaceousVegetation\HerbaceousVegetation_1805.tif,2,2,HerbaceousVegetation,HerbaceousVegetation,HerbaceousVegetation
C:\Users\DELL Precision 5550\Documents\GitHub\Terrasight-Eurosat-RGB-vs-Multispectral\data\raw\multispectral\AnnualCrop\AnnualCrop_2928.tif,0,0,AnnualCrop,AnnualCrop,AnnualCrop
C:\Users\DELL Precision 5550\Documents\GitHub\Terrasight-Eurosat-RGB-vs-Multispectral\data\raw\multispectral\River\River_377.tif,8,8,River,River,River
C:\Users\DELL Precision 5550\Documents\GitHub\Terrasight-Eurosat-RGB-vs-Multispectral\data\raw\multispectral\Industrial\Industrial_1799.tif,4,4,Industrial,Industrial,Industrial
C:\Users\DELL Precision 5550\Documents\GitHub\Terrasight-Eurosat-RGB-vs-Multispectral\data\raw\multispectral\PermanentCrop\PermanentCrop_523.tif,6,6,PermanentCrop,PermanentCrop,PermanentCrop
C:\Users\DELL Precision 5550\Documents\GitHub\Terrasight-Eurosat-RGB-vs-Multispectral\data\raw\multispectral\HerbaceousVegetation\HerbaceousVegetation_1346.tif,2,2,HerbaceousVegetation,HerbaceousVegetation,HerbaceousVegetation
C:\Users\DELL Precision 5550\Documents\GitHub\Terrasight-Eurosat-RGB-vs-Multispectral\data\raw\multispectral\HerbaceousVegetation\HerbaceousVegetation_2215.tif,2,2,HerbaceousVegetation,HerbaceousVegetation,HerbaceousVegetation
C:\Users\DELL Precision 5550\Documents\GitHub\Terrasight-Eurosat-RGB-vs-Multispectral\data\raw\multispectral\Industrial\Industrial_1092.tif,4,4,Industrial,Industrial,Industrial
C:\Users\DELL Precision 5550\Documents\GitHub\Terrasight-Eurosat-RGB-vs-Multispectral\data\raw\multispectral\Pasture\Pasture_1172.tif,5,5,Pasture,Pasture,Pasture
C:\Users\DELL Precision 5550\Documents\GitHub\Terrasight-Eurosat-RGB-vs-Multispectral\data\raw\multispectral\Residential\Residential_1318.tif,7,7,Residential,Residential,Residential
C:\Users\DELL Precision 5550\Documents\GitHub\Terrasight-Eurosat-RGB-vs-Multispectral\data\raw\multispectral\Residential\Residential_104.tif,7,7,Residential,Residential,Residential
C:\Users\DELL Precision 5550\Documents\GitHub\Terrasight-Eurosat-RGB-vs-Multispectral\data\raw\multispectral\River\River_280.tif,8,8,River,River,River
C:\Users\DELL Precision 5550\Documents\GitHub\Terrasight-Eurosat-RGB-vs-Multispectral\data\raw\multispectral\Pasture\Pasture_1087.tif,5,5,Pasture,Pasture,Pasture
C:\Users\DELL Precision 5550\Documents\GitHub\Terrasight-Eurosat-RGB-vs-Multispectral\data\raw\multispectral\HerbaceousVegetation\HerbaceousVegetation_2683.tif,2,2,HerbaceousVegetation,HerbaceousVegetation,HerbaceousVegetation
C:\Users\DELL Precision 5550\Documents\GitHub\Terrasight-Eurosat-RGB-vs-Multispectral\data\raw\multispectral\River\River_1665.tif,8,8,River,River,River
C:\Users\DELL Precision 5550\Documents\GitHub\Terrasight-Eurosat-RGB-vs-Multispectral\data\raw\multispectral\Highway\Highway_668.tif,3,3,Highway,Highway,Highway
C:\Users\DELL Precision 5550\Documents\GitHub\Terrasight-Eurosat-RGB-vs-Multispectral\data\raw\multispectral\Forest\Forest_2738.tif,1,1,Forest,Forest,Forest
C:\Users\DELL Precision 5550\Documents\GitHub\Terrasight-Eurosat-RGB-vs-Multispectral\data\raw\multispectral\Residential\Residential_2842.tif,7,4,Residential,Industrial,Residential
C:\Users\DELL Precision 5550\Documents\GitHub\Terrasight-Eurosat-RGB-vs-Multispectral\data\raw\multispectral\Industrial\Industrial_1950.tif,4,4,Industrial,Industrial,Industrial
C:\Users\DELL Precision 5550\Documents\GitHub\Terrasight-Eurosat-RGB-vs-Multispectral\data\raw\multispectral\AnnualCrop\AnnualCrop_893.tif,0,0,AnnualCrop,AnnualCrop,AnnualCrop
C:\Users\DELL Precision 5550\Documents\GitHub\Terrasight-Eurosat-RGB-vs-Multispectral\data\raw\multispectral\River\River_218.tif,8,8,River,River,River
C:\Users\DELL Precision 5550\Documents\GitHub\Terrasight-Eurosat-RGB-vs-Multispectral\data\raw\multispectral\HerbaceousVegetation\HerbaceousVegetation_1214.tif,2,2,HerbaceousVegetation,HerbaceousVegetation,HerbaceousVegetation
C:\Users\DELL Precision 5550\Documents\GitHub\Terrasight-Eurosat-RGB-vs-Multispectral\data\raw\multispectral\Industrial\Industrial_894.tif,4,4,Industrial,Industrial,Industrial
C:\Users\DELL Precision 5550\Documents\GitHub\Terrasight-Eurosat-RGB-vs-Multispectral\data\raw\multispectral\Pasture\Pasture_977.tif,5,5,Pasture,Pasture,Pasture
C:\Users\DELL Precision 5550\Documents\GitHub\Terrasight-Eurosat-RGB-vs-Multispectral\data\raw\multispectral\PermanentCrop\PermanentCrop_1844.tif,6,6,PermanentCrop,PermanentCrop,PermanentCrop
C:\Users\DELL Precision 5550\Documents\GitHub\Terrasight-Eurosat-RGB-vs-Multispectral\data\raw\multispectral\HerbaceousVegetation\HerbaceousVegetation_243.tif,2,2,HerbaceousVegetation,HerbaceousVegetation,HerbaceousVegetation
C:\Users\DELL Precision 5550\Documents\GitHub\Terrasight-Eurosat-RGB-vs-Multispectral\data\raw\multispectral\River\River_1858.tif,8,8,River,River,River
C:\Users\DELL Precision 5550\Documents\GitHub\Terrasight-Eurosat-RGB-vs-Multispectral\data\raw\multispectral\Pasture\Pasture_1005.tif,5,5,Pasture,Pasture,Pasture
C:\Users\DELL Precision 5550\Documents\GitHub\Terrasight-Eurosat-RGB-vs-Multispectral\data\raw\multispectral\Residential\Residential_2111.tif,7,7,Residential,Residential,Residential
C:\Users\DELL Precision 5550\Documents\GitHub\Terrasight-Eurosat-RGB-vs-Multispectral\data\raw\multispectral\Pasture\Pasture_1328.tif,5,5,Pasture,Pasture,Pasture
C:\Users\DELL Precision 5550\Documents\GitHub\Terrasight-Eurosat-RGB-vs-Multispectral\data\raw\multispectral\River\River_427.tif,8,8,River,River,River
C:\Users\DELL Precision 5550\Documents\GitHub\Terrasight-Eurosat-RGB-vs-Multispectral\data\raw\multispectral\SeaLake\SeaLake_2917.tif,9,9,SeaLake,SeaLake,SeaLake
C:\Users\DELL Precision 5550\Documents\GitHub\Terrasight-Eurosat-RGB-vs-Multispectral\data\raw\multispectral\Forest\Forest_949.tif,1,1,Forest,Forest,Forest
C:\Users\DELL Precision 5550\Documents\GitHub\Terrasight-Eurosat-RGB-vs-Multispectral\data\raw\multispectral\Industrial\Industrial_1755.tif,4,4,Industrial,Industrial,Industrial
C:\Users\DELL Precision 5550\Documents\GitHub\Terrasight-Eurosat-RGB-vs-Multispectral\data\raw\multispectral\PermanentCrop\PermanentCrop_2281.tif,6,6,PermanentCrop,PermanentCrop,PermanentCrop
C:\Users\DELL Precision 5550\Documents\GitHub\Terrasight-Eurosat-RGB-vs-Multispectral\data\raw\multispectral\Forest\Forest_606.tif,1,1,Forest,Forest,Forest
C:\Users\DELL Precision 5550\Documents\GitHub\Terrasight-Eurosat-RGB-vs-Multispectral\data\raw\multispectral\Highway\Highway_1869.tif,3,3,Highway,Highway,Highway
C:\Users\DELL Precision 5550\Documents\GitHub\Terrasight-Eurosat-RGB-vs-Multispectral\data\raw\multispectral\SeaLake\SeaLake_499.tif,9,9,SeaLake,SeaLake,SeaLake
C:\Users\DELL Precision 5550\Documents\GitHub\Terrasight-Eurosat-RGB-vs-Multispectral\data\raw\multispectral\SeaLake\SeaLake_2930.tif,9,9,SeaLake,SeaLake,SeaLake
C:\Users\DELL Precision 5550\Documents\GitHub\Terrasight-Eurosat-RGB-vs-Multispectral\data\raw\multispectral\SeaLake\SeaLake_2730.tif,9,9,SeaLake,SeaLake,SeaLake
C:\Users\DELL Precision 5550\Documents\GitHub\Terrasight-Eurosat-RGB-vs-Multispectral\data\raw\multispectral\SeaLake\SeaLake_906.tif,9,9,SeaLake,SeaLake,SeaLake
C:\Users\DELL Precision 5550\Documents\GitHub\Terrasight-Eurosat-RGB-vs-Multispectral\data\raw\multispectral\Highway\Highway_1945.tif,3,3,Highway,Highway,Highway
C:\Users\DELL Precision 5550\Documents\GitHub\Terrasight-Eurosat-RGB-vs-Multispectral\data\raw\multispectral\Forest\Forest_1321.tif,1,1,Forest,Forest,Forest
C:\Users\DELL Precision 5550\Documents\GitHub\Terrasight-Eurosat-RGB-vs-Multispectral\data\raw\multispectral\HerbaceousVegetation\HerbaceousVegetation_2105.tif,2,2,HerbaceousVegetation,HerbaceousVegetation,HerbaceousVegetation
C:\Users\DELL Precision 5550\Documents\GitHub\Terrasight-Eurosat-RGB-vs-Multispectral\data\raw\multispectral\Residential\Residential_1096.tif,7,7,Residential,Residential,Residential
C:\Users\DELL Precision 5550\Documents\GitHub\Terrasight-Eurosat-RGB-vs-Multispectral\data\raw\multispectral\PermanentCrop\PermanentCrop_2390.tif,6,6,PermanentCrop,PermanentCrop,PermanentCrop
C:\Users\DELL Precision 5550\Documents\GitHub\Terrasight-Eurosat-RGB-vs-Multispectral\data\raw\multispectral\Highway\Highway_344.tif,3,3,Highway,Highway,Highway
C:\Users\DELL Precision 5550\Documents\GitHub\Terrasight-Eurosat-RGB-vs-Multispectral\data\raw\multispectral\River\River_1781.tif,8,8,River,River,River
C:\Users\DELL Precision 5550\Documents\GitHub\Terrasight-Eurosat-RGB-vs-Multispectral\data\raw\multispectral\Pasture\Pasture_1068.tif,5,5,Pasture,Pasture,Pasture
C:\Users\DELL Precision 5550\Documents\GitHub\Terrasight-Eurosat-RGB-vs-Multispectral\data\raw\multispectral\Highway\Highway_639.tif,3,3,Highway,Highway,Highway
C:\Users\DELL Precision 5550\Documents\GitHub\Terrasight-Eurosat-RGB-vs-Multispectral\data\raw\multispectral\HerbaceousVegetation\HerbaceousVegetation_2550.tif,2,2,HerbaceousVegetation,HerbaceousVegetation,HerbaceousVegetation
C:\Users\DELL Precision 5550\Documents\GitHub\Terrasight-Eurosat-RGB-vs-Multispectral\data\raw\multispectral\Highway\Highway_309.tif,3,6,Highway,PermanentCrop,Highway
C:\Users\DELL Precision 5550\Documents\GitHub\Terrasight-Eurosat-RGB-vs-Multispectral\data\raw\multispectral\Industrial\Industrial_1592.tif,4,4,Industrial,Industrial,Industrial
C:\Users\DELL Precision 5550\Documents\GitHub\Terrasight-Eurosat-RGB-vs-Multispectral\data\raw\multispectral\Highway\Highway_939.tif,3,3,Highway,Highway,Highway
C:\Users\DELL Precision 5550\Documents\GitHub\Terrasight-Eurosat-RGB-vs-Multispectral\data\raw\multispectral\AnnualCrop\AnnualCrop_1441.tif,0,6,AnnualCrop,PermanentCrop,AnnualCrop
C:\Users\DELL Precision 5550\Documents\GitHub\Terrasight-Eurosat-RGB-vs-Multispectral\data\raw\multispectral\Residential\Residential_2885.tif,7,7,Residential,Residential,Residential
C:\Users\DELL Precision 5550\Documents\GitHub\Terrasight-Eurosat-RGB-vs-Multispectral\data\raw\multispectral\River\River_2106.tif,8,8,River,River,River
C:\Users\DELL Precision 5550\Documents\GitHub\Terrasight-Eurosat-RGB-vs-Multispectral\data\raw\multispectral\SeaLake\SeaLake_2662.tif,9,9,SeaLake,SeaLake,SeaLake
C:\Users\DELL Precision 5550\Documents\GitHub\Terrasight-Eurosat-RGB-vs-Multispectral\data\raw\multispectral\Industrial\Industrial_1910.tif,4,4,Industrial,Industrial,Industrial
C:\Users\DELL Precision 5550\Documents\GitHub\Terrasight-Eurosat-RGB-vs-Multispectral\data\raw\multispectral\River\River_585.tif,8,8,River,River,River
C:\Users\DELL Precision 5550\Documents\GitHub\Terrasight-Eurosat-RGB-vs-Multispectral\data\raw\multispectral\HerbaceousVegetation\HerbaceousVegetation_2743.tif,2,2,HerbaceousVegetation,HerbaceousVegetation,HerbaceousVegetation
C:\Users\DELL Precision 5550\Documents\GitHub\Terrasight-Eurosat-RGB-vs-Multispectral\data\raw\multispectral\Industrial\Industrial_1019.tif,4,4,Industrial,Industrial,Industrial
C:\Users\DELL Precision 5550\Documents\GitHub\Terrasight-Eurosat-RGB-vs-Multispectral\data\raw\multispectral\PermanentCrop\PermanentCrop_191.tif,6,6,PermanentCrop,PermanentCrop,PermanentCrop
C:\Users\DELL Precision 5550\Documents\GitHub\Terrasight-Eurosat-RGB-vs-Multispectral\data\raw\multispectral\HerbaceousVegetation\HerbaceousVegetation_2500.tif,2,2,HerbaceousVegetation,HerbaceousVegetation,HerbaceousVegetation
C:\Users\DELL Precision 5550\Documents\GitHub\Terrasight-Eurosat-RGB-vs-Multispectral\data\raw\multispectral\Forest\Forest_213.tif,1,1,Forest,Forest,Forest
C:\Users\DELL Precision 5550\Documents\GitHub\Terrasight-Eurosat-RGB-vs-Multispectral\data\raw\multispectral\Forest\Forest_1793.tif,1,1,Forest,Forest,Forest
C:\Users\DELL Precision 5550\Documents\GitHub\Terrasight-Eurosat-RGB-vs-Multispectral\data\raw\multispectral\Residential\Residential_22.tif,7,7,Residential,Residential,Residential
C:\Users\DELL Precision 5550\Documents\GitHub\Terrasight-Eurosat-RGB-vs-Multispectral\data\raw\multispectral\Industrial\Industrial_2084.tif,4,4,Industrial,Industrial,Industrial
C:\Users\DELL Precision 5550\Documents\GitHub\Terrasight-Eurosat-RGB-vs-Multispectral\data\raw\multispectral\PermanentCrop\PermanentCrop_1692.tif,6,6,PermanentCrop,PermanentCrop,PermanentCrop
C:\Users\DELL Precision 5550\Documents\GitHub\Terrasight-Eurosat-RGB-vs-Multispectral\data\raw\multispectral\SeaLake\SeaLake_654.tif,9,9,SeaLake,SeaLake,SeaLake
C:\Users\DELL Precision 5550\Documents\GitHub\Terrasight-Eurosat-RGB-vs-Multispectral\data\raw\multispectral\AnnualCrop\AnnualCrop_2873.tif,0,0,AnnualCrop,AnnualCrop,AnnualCrop
C:\Users\DELL Precision 5550\Documents\GitHub\Terrasight-Eurosat-RGB-vs-Multispectral\data\raw\multispectral\AnnualCrop\AnnualCrop_1863.tif,0,0,AnnualCrop,AnnualCrop,AnnualCrop
C:\Users\DELL Precision 5550\Documents\GitHub\Terrasight-Eurosat-RGB-vs-Multispectral\data\raw\multispectral\SeaLake\SeaLake_2651.tif,9,9,SeaLake,SeaLake,SeaLake
C:\Users\DELL Precision 5550\Documents\GitHub\Terrasight-Eurosat-RGB-vs-Multispectral\data\raw\multispectral\SeaLake\SeaLake_487.tif,9,9,SeaLake,SeaLake,SeaLake
C:\Users\DELL Precision 5550\Documents\GitHub\Terrasight-Eurosat-RGB-vs-Multispectral\data\raw\multispectral\Industrial\Industrial_257.tif,4,4,Industrial,Industrial,Industrial
C:\Users\DELL Precision 5550\Documents\GitHub\Terrasight-Eurosat-RGB-vs-Multispectral\data\raw\multispectral\River\River_1669.tif,8,8,River,River,River
C:\Users\DELL Precision 5550\Documents\GitHub\Terrasight-Eurosat-RGB-vs-Multispectral\data\raw\multispectral\Pasture\Pasture_518.tif,5,5,Pasture,Pasture,Pasture
C:\Users\DELL Precision 5550\Documents\GitHub\Terrasight-Eurosat-RGB-vs-Multispectral\data\raw\multispectral\Residential\Residential_835.tif,7,7,Residential,Residential,Residential
C:\Users\DELL Precision 5550\Documents\GitHub\Terrasight-Eurosat-RGB-vs-Multispectral\data\raw\multispectral\River\River_1660.tif,8,8,River,River,River
C:\Users\DELL Precision 5550\Documents\GitHub\Terrasight-Eurosat-RGB-vs-Multispectral\data\raw\multispectral\Industrial\Industrial_1274.tif,4,4,Industrial,Industrial,Industrial
C:\Users\DELL Precision 5550\Documents\GitHub\Terrasight-Eurosat-RGB-vs-Multispectral\data\raw\multispectral\Highway\Highway_1968.tif,3,3,Highway,Highway,Highway
C:\Users\DELL Precision 5550\Documents\GitHub\Terrasight-Eurosat-RGB-vs-Multispectral\data\raw\multispectral\AnnualCrop\AnnualCrop_2736.tif,0,0,AnnualCrop,AnnualCrop,AnnualCrop
C:\Users\DELL Precision 5550\Documents\GitHub\Terrasight-Eurosat-RGB-vs-Multispectral\data\raw\multispectral\Industrial\Industrial_440.tif,4,4,Industrial,Industrial,Industrial
C:\Users\DELL Precision 5550\Documents\GitHub\Terrasight-Eurosat-RGB-vs-Multispectral\data\raw\multispectral\HerbaceousVegetation\HerbaceousVegetation_1171.tif,2,2,HerbaceousVegetation,HerbaceousVegetation,HerbaceousVegetation
C:\Users\DELL Precision 5550\Documents\GitHub\Terrasight-Eurosat-RGB-vs-Multispectral\data\raw\multispectral\SeaLake\SeaLake_10.tif,9,9,SeaLake,SeaLake,SeaLake
C:\Users\DELL Precision 5550\Documents\GitHub\Terrasight-Eurosat-RGB-vs-Multispectral\data\raw\multispectral\AnnualCrop\AnnualCrop_2095.tif,0,0,AnnualCrop,AnnualCrop,AnnualCrop
C:\Users\DELL Precision 5550\Documents\GitHub\Terrasight-Eurosat-RGB-vs-Multispectral\data\raw\multispectral\SeaLake\SeaLake_716.tif,9,9,SeaLake,SeaLake,SeaLake
C:\Users\DELL Precision 5550\Documents\GitHub\Terrasight-Eurosat-RGB-vs-Multispectral\data\raw\multispectral\Forest\Forest_1521.tif,1,1,Forest,Forest,Forest
C:\Users\DELL Precision 5550\Documents\GitHub\Terrasight-Eurosat-RGB-vs-Multispectral\data\raw\multispectral\Pasture\Pasture_1319.tif,5,5,Pasture,Pasture,Pasture
C:\Users\DELL Precision 5550\Documents\GitHub\Terrasight-Eurosat-RGB-vs-Multispectral\data\raw\multispectral\PermanentCrop\PermanentCrop_1775.tif,6,6,PermanentCrop,PermanentCrop,PermanentCrop
C:\Users\DELL Precision 5550\Documents\GitHub\Terrasight-Eurosat-RGB-vs-Multispectral\data\raw\multispectral\HerbaceousVegetation\HerbaceousVegetation_168.tif,2,2,HerbaceousVegetation,HerbaceousVegetation,HerbaceousVegetation
C:\Users\DELL Precision 5550\Documents\GitHub\Terrasight-Eurosat-RGB-vs-Multispectral\data\raw\multispectral\Highway\Highway_1082.tif,3,3,Highway,Highway,Highway
C:\Users\DELL Precision 5550\Documents\GitHub\Terrasight-Eurosat-RGB-vs-Multispectral\data\raw\multispectral\Pasture\Pasture_1841.tif,5,5,Pasture,Pasture,Pasture
C:\Users\DELL Precision 5550\Documents\GitHub\Terrasight-Eurosat-RGB-vs-Multispectral\data\raw\multispectral\Industrial\Industrial_1362.tif,4,4,Industrial,Industrial,Industrial
C:\Users\DELL Precision 5550\Documents\GitHub\Terrasight-Eurosat-RGB-vs-Multispectral\data\raw\multispectral\HerbaceousVegetation\HerbaceousVegetation_2685.tif,2,2,HerbaceousVegetation,HerbaceousVegetation,HerbaceousVegetation
C:\Users\DELL Precision 5550\Documents\GitHub\Terrasight-Eurosat-RGB-vs-Multispectral\data\raw\multispectral\SeaLake\SeaLake_53.tif,9,9,SeaLake,SeaLake,SeaLake
C:\Users\DELL Precision 5550\Documents\GitHub\Terrasight-Eurosat-RGB-vs-Multispectral\data\raw\multispectral\HerbaceousVegetation\HerbaceousVegetation_677.tif,2,2,HerbaceousVegetation,HerbaceousVegetation,HerbaceousVegetation
C:\Users\DELL Precision 5550\Documents\GitHub\Terrasight-Eurosat-RGB-vs-Multispectral\data\raw\multispectral\HerbaceousVegetation\HerbaceousVegetation_2070.tif,2,2,HerbaceousVegetation,HerbaceousVegetation,HerbaceousVegetation
C:\Users\DELL Precision 5550\Documents\GitHub\Terrasight-Eurosat-RGB-vs-Multispectral\data\raw\multispectral\SeaLake\SeaLake_1486.tif,9,9,SeaLake,SeaLake,SeaLake
C:\Users\DELL Precision 5550\Documents\GitHub\Terrasight-Eurosat-RGB-vs-Multispectral\data\raw\multispectral\River\River_2455.tif,8,8,River,River,River
C:\Users\DELL Precision 5550\Documents\GitHub\Terrasight-Eurosat-RGB-vs-Multispectral\data\raw\multispectral\Pasture\Pasture_714.tif,5,5,Pasture,Pasture,Pasture
C:\Users\DELL Precision 5550\Documents\GitHub\Terrasight-Eurosat-RGB-vs-Multispectral\data\raw\multispectral\Residential\Residential_1713.tif,7,7,Residential,Residential,Residential
C:\Users\DELL Precision 5550\Documents\GitHub\Terrasight-Eurosat-RGB-vs-Multispectral\data\raw\multispectral\Industrial\Industrial_2395.tif,4,4,Industrial,Industrial,Industrial
C:\Users\DELL Precision 5550\Documents\GitHub\Terrasight-Eurosat-RGB-vs-Multispectral\data\raw\multispectral\Industrial\Industrial_2218.tif,4,4,Industrial,Industrial,Industrial
C:\Users\DELL Precision 5550\Documents\GitHub\Terrasight-Eurosat-RGB-vs-Multispectral\data\raw\multispectral\Pasture\Pasture_355.tif,5,5,Pasture,Pasture,Pasture
C:\Users\DELL Precision 5550\Documents\GitHub\Terrasight-Eurosat-RGB-vs-Multispectral\data\raw\multispectral\Forest\Forest_2443.tif,1,1,Forest,Forest,Forest
C:\Users\DELL Precision 5550\Documents\GitHub\Terrasight-Eurosat-RGB-vs-Multispectral\data\raw\multispectral\Forest\Forest_2666.tif,1,1,Forest,Forest,Forest
C:\Users\DELL Precision 5550\Documents\GitHub\Terrasight-Eurosat-RGB-vs-Multispectral\data\raw\multispectral\Pasture\Pasture_792.tif,5,5,Pasture,Pasture,Pasture
C:\Users\DELL Precision 5550\Documents\GitHub\Terrasight-Eurosat-RGB-vs-Multispectral\data\raw\multispectral\HerbaceousVegetation\HerbaceousVegetation_927.tif,2,6,HerbaceousVegetation,PermanentCrop,HerbaceousVegetation
C:\Users\DELL Precision 5550\Documents\GitHub\Terrasight-Eurosat-RGB-vs-Multispectral\data\raw\multispectral\Pasture\Pasture_6.tif,5,5,Pasture,Pasture,Pasture
C:\Users\DELL Precision 5550\Documents\GitHub\Terrasight-Eurosat-RGB-vs-Multispectral\data\raw\multispectral\Highway\Highway_1484.tif,3,3,Highway,Highway,Highway
C:\Users\DELL Precision 5550\Documents\GitHub\Terrasight-Eurosat-RGB-vs-Multispectral\data\raw\multispectral\Forest\Forest_2921.tif,1,1,Forest,Forest,Forest
C:\Users\DELL Precision 5550\Documents\GitHub\Terrasight-Eurosat-RGB-vs-Multispectral\data\raw\multispectral\Residential\Residential_1853.tif,7,7,Residential,Residential,Residential
C:\Users\DELL Precision 5550\Documents\GitHub\Terrasight-Eurosat-RGB-vs-Multispectral\data\raw\multispectral\HerbaceousVegetation\HerbaceousVegetation_1410.tif,2,2,HerbaceousVegetation,HerbaceousVegetation,HerbaceousVegetation
C:\Users\DELL Precision 5550\Documents\GitHub\Terrasight-Eurosat-RGB-vs-Multispectral\data\raw\multispectral\Residential\Residential_1476.tif,7,7,Residential,Residential,Residential
C:\Users\DELL Precision 5550\Documents\GitHub\Terrasight-Eurosat-RGB-vs-Multispectral\data\raw\multispectral\AnnualCrop\AnnualCrop_2473.tif,0,0,AnnualCrop,AnnualCrop,AnnualCrop
C:\Users\DELL Precision 5550\Documents\GitHub\Terrasight-Eurosat-RGB-vs-Multispectral\data\raw\multispectral\Highway\Highway_760.tif,3,3,Highway,Highway,Highway
C:\Users\DELL Precision 5550\Documents\GitHub\Terrasight-Eurosat-RGB-vs-Multispectral\data\raw\multispectral\River\River_2088.tif,8,8,River,River,River
C:\Users\DELL Precision 5550\Documents\GitHub\Terrasight-Eurosat-RGB-vs-Multispectral\data\raw\multispectral\Industrial\Industrial_360.tif,4,4,Industrial,Industrial,Industrial
C:\Users\DELL Precision 5550\Documents\GitHub\Terrasight-Eurosat-RGB-vs-Multispectral\data\raw\multispectral\PermanentCrop\PermanentCrop_11.tif,6,6,PermanentCrop,PermanentCrop,PermanentCrop
C:\Users\DELL Precision 5550\Documents\GitHub\Terrasight-Eurosat-RGB-vs-Multispectral\data\raw\multispectral\HerbaceousVegetation\HerbaceousVegetation_1197.tif,2,2,HerbaceousVegetation,HerbaceousVegetation,HerbaceousVegetation
C:\Users\DELL Precision 5550\Documents\GitHub\Terrasight-Eurosat-RGB-vs-Multispectral\data\raw\multispectral\HerbaceousVegetation\HerbaceousVegetation_1507.tif,2,2,HerbaceousVegetation,HerbaceousVegetation,HerbaceousVegetation
C:\Users\DELL Precision 5550\Documents\GitHub\Terrasight-Eurosat-RGB-vs-Multispectral\data\raw\multispectral\AnnualCrop\AnnualCrop_2466.tif,0,0,AnnualCrop,AnnualCrop,AnnualCrop
C:\Users\DELL Precision 5550\Documents\GitHub\Terrasight-Eurosat-RGB-vs-Multispectral\data\raw\multispectral\AnnualCrop\AnnualCrop_251.tif,0,0,AnnualCrop,AnnualCrop,AnnualCrop
C:\Users\DELL Precision 5550\Documents\GitHub\Terrasight-Eurosat-RGB-vs-Multispectral\data\raw\multispectral\Industrial\Industrial_838.tif,4,4,Industrial,Industrial,Industrial
C:\Users\DELL Precision 5550\Documents\GitHub\Terrasight-Eurosat-RGB-vs-Multispectral\data\raw\multispectral\River\River_1222.tif,8,8,River,River,River
C:\Users\DELL Precision 5550\Documents\GitHub\Terrasight-Eurosat-RGB-vs-Multispectral\data\raw\multispectral\River\River_325.tif,8,8,River,River,River
C:\Users\DELL Precision 5550\Documents\GitHub\Terrasight-Eurosat-RGB-vs-Multispectral\data\raw\multispectral\SeaLake\SeaLake_302.tif,9,9,SeaLake,SeaLake,SeaLake
C:\Users\DELL Precision 5550\Documents\GitHub\Terrasight-Eurosat-RGB-vs-Multispectral\data\raw\multispectral\River\River_917.tif,8,8,River,River,River
C:\Users\DELL Precision 5550\Documents\GitHub\Terrasight-Eurosat-RGB-vs-Multispectral\data\raw\multispectral\Pasture\Pasture_1457.tif,5,5,Pasture,Pasture,Pasture
C:\Users\DELL Precision 5550\Documents\GitHub\Terrasight-Eurosat-RGB-vs-Multispectral\data\raw\multispectral\PermanentCrop\PermanentCrop_477.tif,6,6,PermanentCrop,PermanentCrop,PermanentCrop
C:\Users\DELL Precision 5550\Documents\GitHub\Terrasight-Eurosat-RGB-vs-Multispectral\data\raw\multispectral\AnnualCrop\AnnualCrop_2471.tif,0,0,AnnualCrop,AnnualCrop,AnnualCrop
C:\Users\DELL Precision 5550\Documents\GitHub\Terrasight-Eurosat-RGB-vs-Multispectral\data\raw\multispectral\SeaLake\SeaLake_1510.tif,9,9,SeaLake,SeaLake,SeaLake
C:\Users\DELL Precision 5550\Documents\GitHub\Terrasight-Eurosat-RGB-vs-Multispectral\data\raw\multispectral\PermanentCrop\PermanentCrop_431.tif,6,6,PermanentCrop,PermanentCrop,PermanentCrop
C:\Users\DELL Precision 5550\Documents\GitHub\Terrasight-Eurosat-RGB-vs-Multispectral\data\raw\multispectral\Pasture\Pasture_201.tif,5,5,Pasture,Pasture,Pasture
C:\Users\DELL Precision 5550\Documents\GitHub\Terrasight-Eurosat-RGB-vs-Multispectral\data\raw\multispectral\Industrial\Industrial_1411.tif,4,4,Industrial,Industrial,Industrial
C:\Users\DELL Precision 5550\Documents\GitHub\Terrasight-Eurosat-RGB-vs-Multispectral\data\raw\multispectral\Industrial\Industrial_749.tif,4,4,Industrial,Industrial,Industrial
C:\Users\DELL Precision 5550\Documents\GitHub\Terrasight-Eurosat-RGB-vs-Multispectral\data\raw\multispectral\PermanentCrop\PermanentCrop_924.tif,6,6,PermanentCrop,PermanentCrop,PermanentCrop
C:\Users\DELL Precision 5550\Documents\GitHub\Terrasight-Eurosat-RGB-vs-Multispectral\data\raw\multispectral\Residential\Residential_2387.tif,7,7,Residential,Residential,Residential
C:\Users\DELL Precision 5550\Documents\GitHub\Terrasight-Eurosat-RGB-vs-Multispectral\data\raw\multispectral\Forest\Forest_1072.tif,1,1,Forest,Forest,Forest
C:\Users\DELL Precision 5550\Documents\GitHub\Terrasight-Eurosat-RGB-vs-Multispectral\data\raw\multispectral\PermanentCrop\PermanentCrop_268.tif,6,6,PermanentCrop,PermanentCrop,PermanentCrop
C:\Users\DELL Precision 5550\Documents\GitHub\Terrasight-Eurosat-RGB-vs-Multispectral\data\raw\multispectral\PermanentCrop\PermanentCrop_62.tif,6,2,PermanentCrop,HerbaceousVegetation,PermanentCrop
C:\Users\DELL Precision 5550\Documents\GitHub\Terrasight-Eurosat-RGB-vs-Multispectral\data\raw\multispectral\Forest\Forest_1229.tif,1,7,Forest,Residential,Forest
C:\Users\DELL Precision 5550\Documents\GitHub\Terrasight-Eurosat-RGB-vs-Multispectral\data\raw\multispectral\Residential\Residential_401.tif,7,7,Residential,Residential,Residential
C:\Users\DELL Precision 5550\Documents\GitHub\Terrasight-Eurosat-RGB-vs-Multispectral\data\raw\multispectral\River\River_1622.tif,8,8,River,River,River
C:\Users\DELL Precision 5550\Documents\GitHub\Terrasight-Eurosat-RGB-vs-Multispectral\data\raw\multispectral\PermanentCrop\PermanentCrop_1192.tif,6,6,PermanentCrop,PermanentCrop,PermanentCrop
C:\Users\DELL Precision 5550\Documents\GitHub\Terrasight-Eurosat-RGB-vs-Multispectral\data\raw\multispectral\Highway\Highway_859.tif,3,3,Highway,Highway,Highway
C:\Users\DELL Precision 5550\Documents\GitHub\Terrasight-Eurosat-RGB-vs-Multispectral\data\raw\multispectral\Highway\Highway_1301.tif,3,3,Highway,Highway,Highway
C:\Users\DELL Precision 5550\Documents\GitHub\Terrasight-Eurosat-RGB-vs-Multispectral\data\raw\multispectral\Residential\Residential_1523.tif,7,7,Residential,Residential,Residential
C:\Users\DELL Precision 5550\Documents\GitHub\Terrasight-Eurosat-RGB-vs-Multispectral\data\raw\multispectral\HerbaceousVegetation\HerbaceousVegetation_847.tif,2,2,HerbaceousVegetation,HerbaceousVegetation,HerbaceousVegetation
C:\Users\DELL Precision 5550\Documents\GitHub\Terrasight-Eurosat-RGB-vs-Multispectral\data\raw\multispectral\Highway\Highway_614.tif,3,3,Highway,Highway,Highway
C:\Users\DELL Precision 5550\Documents\GitHub\Terrasight-Eurosat-RGB-vs-Multispectral\data\raw\multispectral\PermanentCrop\PermanentCrop_1895.tif,6,6,PermanentCrop,PermanentCrop,PermanentCrop
C:\Users\DELL Precision 5550\Documents\GitHub\Terrasight-Eurosat-RGB-vs-Multispectral\data\raw\multispectral\Residential\Residential_2365.tif,7,7,Residential,Residential,Residential
C:\Users\DELL Precision 5550\Documents\GitHub\Terrasight-Eurosat-RGB-vs-Multispectral\data\raw\multispectral\River\River_324.tif,8,8,River,River,River
C:\Users\DELL Precision 5550\Documents\GitHub\Terrasight-Eurosat-RGB-vs-Multispectral\data\raw\multispectral\PermanentCrop\PermanentCrop_787.tif,6,6,PermanentCrop,PermanentCrop,PermanentCrop
C:\Users\DELL Precision 5550\Documents\GitHub\Terrasight-Eurosat-RGB-vs-Multispectral\data\raw\multispectral\Residential\Residential_2963.tif,7,7,Residential,Residential,Residential
C:\Users\DELL Precision 5550\Documents\GitHub\Terrasight-Eurosat-RGB-vs-Multispectral\data\raw\multispectral\Forest\Forest_937.tif,1,1,Forest,Forest,Forest
C:\Users\DELL Precision 5550\Documents\GitHub\Terrasight-Eurosat-RGB-vs-Multispectral\data\raw\multispectral\Highway\Highway_2320.tif,3,3,Highway,Highway,Highway
C:\Users\DELL Precision 5550\Documents\GitHub\Terrasight-Eurosat-RGB-vs-Multispectral\data\raw\multispectral\Highway\Highway_2248.tif,3,3,Highway,Highway,Highway
C:\Users\DELL Precision 5550\Documents\GitHub\Terrasight-Eurosat-RGB-vs-Multispectral\data\raw\multispectral\Industrial\Industrial_2470.tif,4,4,Industrial,Industrial,Industrial
C:\Users\DELL Precision 5550\Documents\GitHub\Terrasight-Eurosat-RGB-vs-Multispectral\data\raw\multispectral\PermanentCrop\PermanentCrop_389.tif,6,6,PermanentCrop,PermanentCrop,PermanentCrop
C:\Users\DELL Precision 5550\Documents\GitHub\Terrasight-Eurosat-RGB-vs-Multispectral\data\raw\multispectral\Forest\Forest_1386.tif,1,1,Forest,Forest,Forest
C:\Users\DELL Precision 5550\Documents\GitHub\Terrasight-Eurosat-RGB-vs-Multispectral\data\raw\multispectral\SeaLake\SeaLake_176.tif,9,9,SeaLake,SeaLake,SeaLake
C:\Users\DELL Precision 5550\Documents\GitHub\Terrasight-Eurosat-RGB-vs-Multispectral\data\raw\multispectral\Highway\Highway_1445.tif,3,6,Highway,PermanentCrop,Highway
C:\Users\DELL Precision 5550\Documents\GitHub\Terrasight-Eurosat-RGB-vs-Multispectral\data\raw\multispectral\PermanentCrop\PermanentCrop_280.tif,6,6,PermanentCrop,PermanentCrop,PermanentCrop
C:\Users\DELL Precision 5550\Documents\GitHub\Terrasight-Eurosat-RGB-vs-Multispectral\data\raw\multispectral\Residential\Residential_894.tif,7,7,Residential,Residential,Residential
C:\Users\DELL Precision 5550\Documents\GitHub\Terrasight-Eurosat-RGB-vs-Multispectral\data\raw\multispectral\PermanentCrop\PermanentCrop_610.tif,6,6,PermanentCrop,PermanentCrop,PermanentCrop
C:\Users\DELL Precision 5550\Documents\GitHub\Terrasight-Eurosat-RGB-vs-Multispectral\data\raw\multispectral\River\River_796.tif,8,8,River,River,River
C:\Users\DELL Precision 5550\Documents\GitHub\Terrasight-Eurosat-RGB-vs-Multispectral\data\raw\multispectral\HerbaceousVegetation\HerbaceousVegetation_2601.tif,2,2,HerbaceousVegetation,HerbaceousVegetation,HerbaceousVegetation
C:\Users\DELL Precision 5550\Documents\GitHub\Terrasight-Eurosat-RGB-vs-Multispectral\data\raw\multispectral\AnnualCrop\AnnualCrop_1804.tif,0,0,AnnualCrop,AnnualCrop,AnnualCrop
C:\Users\DELL Precision 5550\Documents\GitHub\Terrasight-Eurosat-RGB-vs-Multispectral\data\raw\multispectral\Residential\Residential_578.tif,7,7,Residential,Residential,Residential
C:\Users\DELL Precision 5550\Documents\GitHub\Terrasight-Eurosat-RGB-vs-Multispectral\data\raw\multispectral\Highway\Highway_2222.tif,3,3,Highway,Highway,Highway
C:\Users\DELL Precision 5550\Documents\GitHub\Terrasight-Eurosat-RGB-vs-Multispectral\data\raw\multispectral\SeaLake\SeaLake_2818.tif,9,9,SeaLake,SeaLake,SeaLake
C:\Users\DELL Precision 5550\Documents\GitHub\Terrasight-Eurosat-RGB-vs-Multispectral\data\raw\multispectral\Highway\Highway_2388.tif,3,3,Highway,Highway,Highway
C:\Users\DELL Precision 5550\Documents\GitHub\Terrasight-Eurosat-RGB-vs-Multispectral\data\raw\multispectral\Highway\Highway_1467.tif,3,3,Highway,Highway,Highway
C:\Users\DELL Precision 5550\Documents\GitHub\Terrasight-Eurosat-RGB-vs-Multispectral\data\raw\multispectral\River\River_2216.tif,8,5,River,Pasture,River
C:\Users\DELL Precision 5550\Documents\GitHub\Terrasight-Eurosat-RGB-vs-Multispectral\data\raw\multispectral\PermanentCrop\PermanentCrop_1115.tif,6,6,PermanentCrop,PermanentCrop,PermanentCrop
C:\Users\DELL Precision 5550\Documents\GitHub\Terrasight-Eurosat-RGB-vs-Multispectral\data\raw\multispectral\Industrial\Industrial_1494.tif,4,4,Industrial,Industrial,Industrial
C:\Users\DELL Precision 5550\Documents\GitHub\Terrasight-Eurosat-RGB-vs-Multispectral\data\raw\multispectral\Industrial\Industrial_1649.tif,4,4,Industrial,Industrial,Industrial
C:\Users\DELL Precision 5550\Documents\GitHub\Terrasight-Eurosat-RGB-vs-Multispectral\data\raw\multispectral\SeaLake\SeaLake_355.tif,9,9,SeaLake,SeaLake,SeaLake
C:\Users\DELL Precision 5550\Documents\GitHub\Terrasight-Eurosat-RGB-vs-Multispectral\data\raw\multispectral\AnnualCrop\AnnualCrop_2037.tif,0,0,AnnualCrop,AnnualCrop,AnnualCrop
C:\Users\DELL Precision 5550\Documents\GitHub\Terrasight-Eurosat-RGB-vs-Multispectral\data\raw\multispectral\Pasture\Pasture_1349.tif,5,5,Pasture,Pasture,Pasture
C:\Users\DELL Precision 5550\Documents\GitHub\Terrasight-Eurosat-RGB-vs-Multispectral\data\raw\multispectral\Highway\Highway_725.tif,3,3,Highway,Highway,Highway
C:\Users\DELL Precision 5550\Documents\GitHub\Terrasight-Eurosat-RGB-vs-Multispectral\data\raw\multispectral\HerbaceousVegetation\HerbaceousVegetation_2186.tif,2,2,HerbaceousVegetation,HerbaceousVegetation,HerbaceousVegetation
C:\Users\DELL Precision 5550\Documents\GitHub\Terrasight-Eurosat-RGB-vs-Multispectral\data\raw\multispectral\AnnualCrop\AnnualCrop_1961.tif,0,0,AnnualCrop,AnnualCrop,AnnualCrop
C:\Users\DELL Precision 5550\Documents\GitHub\Terrasight-Eurosat-RGB-vs-Multispectral\data\raw\multispectral\HerbaceousVegetation\HerbaceousVegetation_2081.tif,2,2,HerbaceousVegetation,HerbaceousVegetation,HerbaceousVegetation
C:\Users\DELL Precision 5550\Documents\GitHub\Terrasight-Eurosat-RGB-vs-Multispectral\data\raw\multispectral\Highway\Highway_611.tif,3,3,Highway,Highway,Highway
C:\Users\DELL Precision 5550\Documents\GitHub\Terrasight-Eurosat-RGB-vs-Multispectral\data\raw\multispectral\Highway\Highway_1633.tif,3,3,Highway,Highway,Highway
C:\Users\DELL Precision 5550\Documents\GitHub\Terrasight-Eurosat-RGB-vs-Multispectral\data\raw\multispectral\River\River_1011.tif,8,8,River,River,River
C:\Users\DELL Precision 5550\Documents\GitHub\Terrasight-Eurosat-RGB-vs-Multispectral\data\raw\multispectral\HerbaceousVegetation\HerbaceousVegetation_1202.tif,2,2,HerbaceousVegetation,HerbaceousVegetation,HerbaceousVegetation
C:\Users\DELL Precision 5550\Documents\GitHub\Terrasight-Eurosat-RGB-vs-Multispectral\data\raw\multispectral\HerbaceousVegetation\HerbaceousVegetation_84.tif,2,2,HerbaceousVegetation,HerbaceousVegetation,HerbaceousVegetation
C:\Users\DELL Precision 5550\Documents\GitHub\Terrasight-Eurosat-RGB-vs-Multispectral\data\raw\multispectral\Residential\Residential_1182.tif,7,7,Residential,Residential,Residential
C:\Users\DELL Precision 5550\Documents\GitHub\Terrasight-Eurosat-RGB-vs-Multispectral\data\raw\multispectral\Industrial\Industrial_2431.tif,4,4,Industrial,Industrial,Industrial
C:\Users\DELL Precision 5550\Documents\GitHub\Terrasight-Eurosat-RGB-vs-Multispectral\data\raw\multispectral\Highway\Highway_649.tif,3,3,Highway,Highway,Highway
C:\Users\DELL Precision 5550\Documents\GitHub\Terrasight-Eurosat-RGB-vs-Multispectral\data\raw\multispectral\HerbaceousVegetation\HerbaceousVegetation_2239.tif,2,2,HerbaceousVegetation,HerbaceousVegetation,HerbaceousVegetation
C:\Users\DELL Precision 5550\Documents\GitHub\Terrasight-Eurosat-RGB-vs-Multispectral\data\raw\multispectral\Highway\Highway_2107.tif,3,3,Highway,Highway,Highway
C:\Users\DELL Precision 5550\Documents\GitHub\Terrasight-Eurosat-RGB-vs-Multispectral\data\raw\multispectral\HerbaceousVegetation\HerbaceousVegetation_1742.tif,2,2,HerbaceousVegetation,HerbaceousVegetation,HerbaceousVegetation
C:\Users\DELL Precision 5550\Documents\GitHub\Terrasight-Eurosat-RGB-vs-Multispectral\data\raw\multispectral\AnnualCrop\AnnualCrop_1490.tif,0,0,AnnualCrop,AnnualCrop,AnnualCrop
C:\Users\DELL Precision 5550\Documents\GitHub\Terrasight-Eurosat-RGB-vs-Multispectral\data\raw\multispectral\Highway\Highway_2046.tif,3,0,Highway,AnnualCrop,Highway
C:\Users\DELL Precision 5550\Documents\GitHub\Terrasight-Eurosat-RGB-vs-Multispectral\data\raw\multispectral\Highway\Highway_1052.tif,3,3,Highway,Highway,Highway
C:\Users\DELL Precision 5550\Documents\GitHub\Terrasight-Eurosat-RGB-vs-Multispectral\data\raw\multispectral\HerbaceousVegetation\HerbaceousVegetation_1586.tif,2,2,HerbaceousVegetation,HerbaceousVegetation,HerbaceousVegetation
C:\Users\DELL Precision 5550\Documents\GitHub\Terrasight-Eurosat-RGB-vs-Multispectral\data\raw\multispectral\AnnualCrop\AnnualCrop_1746.tif,0,0,AnnualCrop,AnnualCrop,AnnualCrop
C:\Users\DELL Precision 5550\Documents\GitHub\Terrasight-Eurosat-RGB-vs-Multispectral\data\raw\multispectral\River\River_709.tif,8,8,River,River,River
C:\Users\DELL Precision 5550\Documents\GitHub\Terrasight-Eurosat-RGB-vs-Multispectral\data\raw\multispectral\Highway\Highway_609.tif,3,3,Highway,Highway,Highway
C:\Users\DELL Precision 5550\Documents\GitHub\Terrasight-Eurosat-RGB-vs-Multispectral\data\raw\multispectral\Industrial\Industrial_2113.tif,4,4,Industrial,Industrial,Industrial
C:\Users\DELL Precision 5550\Documents\GitHub\Terrasight-Eurosat-RGB-vs-Multispectral\data\raw\multispectral\River\River_799.tif,8,8,River,River,River
C:\Users\DELL Precision 5550\Documents\GitHub\Terrasight-Eurosat-RGB-vs-Multispectral\data\raw\multispectral\Industrial\Industrial_422.tif,4,4,Industrial,Industrial,Industrial
C:\Users\DELL Precision 5550\Documents\GitHub\Terrasight-Eurosat-RGB-vs-Multispectral\data\raw\multispectral\River\River_157.tif,8,8,River,River,River
C:\Users\DELL Precision 5550\Documents\GitHub\Terrasight-Eurosat-RGB-vs-Multispectral\data\raw\multispectral\Forest\Forest_1041.tif,1,1,Forest,Forest,Forest
C:\Users\DELL Precision 5550\Documents\GitHub\Terrasight-Eurosat-RGB-vs-Multispectral\data\raw\multispectral\Industrial\Industrial_1641.tif,4,4,Industrial,Industrial,Industrial
C:\Users\DELL Precision 5550\Documents\GitHub\Terrasight-Eurosat-RGB-vs-Multispectral\data\raw\multispectral\Forest\Forest_1968.tif,1,1,Forest,Forest,Forest
C:\Users\DELL Precision 5550\Documents\GitHub\Terrasight-Eurosat-RGB-vs-Multispectral\data\raw\multispectral\PermanentCrop\PermanentCrop_2353.tif,6,6,PermanentCrop,PermanentCrop,PermanentCrop
C:\Users\DELL Precision 5550\Documents\GitHub\Terrasight-Eurosat-RGB-vs-Multispectral\data\raw\multispectral\HerbaceousVegetation\HerbaceousVegetation_218.tif,2,2,HerbaceousVegetation,HerbaceousVegetation,HerbaceousVegetation
C:\Users\DELL Precision 5550\Documents\GitHub\Terrasight-Eurosat-RGB-vs-Multispectral\data\raw\multispectral\Forest\Forest_2886.tif,1,1,Forest,Forest,Forest
C:\Users\DELL Precision 5550\Documents\GitHub\Terrasight-Eurosat-RGB-vs-Multispectral\data\raw\multispectral\Residential\Residential_2761.tif,7,7,Residential,Residential,Residential
C:\Users\DELL Precision 5550\Documents\GitHub\Terrasight-Eurosat-RGB-vs-Multispectral\data\raw\multispectral\SeaLake\SeaLake_2043.tif,9,9,SeaLake,SeaLake,SeaLake
C:\Users\DELL Precision 5550\Documents\GitHub\Terrasight-Eurosat-RGB-vs-Multispectral\data\raw\multispectral\HerbaceousVegetation\HerbaceousVegetation_2339.tif,2,2,HerbaceousVegetation,HerbaceousVegetation,HerbaceousVegetation
C:\Users\DELL Precision 5550\Documents\GitHub\Terrasight-Eurosat-RGB-vs-Multispectral\data\raw\multispectral\HerbaceousVegetation\HerbaceousVegetation_1072.tif,2,2,HerbaceousVegetation,HerbaceousVegetation,HerbaceousVegetation
C:\Users\DELL Precision 5550\Documents\GitHub\Terrasight-Eurosat-RGB-vs-Multispectral\data\raw\multispectral\SeaLake\SeaLake_2218.tif,9,9,SeaLake,SeaLake,SeaLake
C:\Users\DELL Precision 5550\Documents\GitHub\Terrasight-Eurosat-RGB-vs-Multispectral\data\raw\multispectral\HerbaceousVegetation\HerbaceousVegetation_354.tif,2,2,HerbaceousVegetation,HerbaceousVegetation,HerbaceousVegetation
C:\Users\DELL Precision 5550\Documents\GitHub\Terrasight-Eurosat-RGB-vs-Multispectral\data\raw\multispectral\River\River_2316.tif,8,8,River,River,River
C:\Users\DELL Precision 5550\Documents\GitHub\Terrasight-Eurosat-RGB-vs-Multispectral\data\raw\multispectral\Residential\Residential_483.tif,7,7,Residential,Residential,Residential
C:\Users\DELL Precision 5550\Documents\GitHub\Terrasight-Eurosat-RGB-vs-Multispectral\data\raw\multispectral\AnnualCrop\AnnualCrop_1418.tif,0,0,AnnualCrop,AnnualCrop,AnnualCrop
C:\Users\DELL Precision 5550\Documents\GitHub\Terrasight-Eurosat-RGB-vs-Multispectral\data\raw\multispectral\HerbaceousVegetation\HerbaceousVegetation_1916.tif,2,2,HerbaceousVegetation,HerbaceousVegetation,HerbaceousVegetation
C:\Users\DELL Precision 5550\Documents\GitHub\Terrasight-Eurosat-RGB-vs-Multispectral\data\raw\multispectral\HerbaceousVegetation\HerbaceousVegetation_479.tif,2,2,HerbaceousVegetation,HerbaceousVegetation,HerbaceousVegetation
C:\Users\DELL Precision 5550\Documents\GitHub\Terrasight-Eurosat-RGB-vs-Multispectral\data\raw\multispectral\AnnualCrop\AnnualCrop_967.tif,0,0,AnnualCrop,AnnualCrop,AnnualCrop
C:\Users\DELL Precision 5550\Documents\GitHub\Terrasight-Eurosat-RGB-vs-Multispectral\data\raw\multispectral\Pasture\Pasture_1379.tif,5,5,Pasture,Pasture,Pasture
C:\Users\DELL Precision 5550\Documents\GitHub\Terrasight-Eurosat-RGB-vs-Multispectral\data\raw\multispectral\Residential\Residential_1191.tif,7,7,Residential,Residential,Residential
C:\Users\DELL Precision 5550\Documents\GitHub\Terrasight-Eurosat-RGB-vs-Multispectral\data\raw\multispectral\HerbaceousVegetation\HerbaceousVegetation_1553.tif,2,2,HerbaceousVegetation,HerbaceousVegetation,HerbaceousVegetation
C:\Users\DELL Precision 5550\Documents\GitHub\Terrasight-Eurosat-RGB-vs-Multispectral\data\raw\multispectral\Forest\Forest_201.tif,1,1,Forest,Forest,Forest
C:\Users\DELL Precision 5550\Documents\GitHub\Terrasight-Eurosat-RGB-vs-Multispectral\data\raw\multispectral\SeaLake\SeaLake_465.tif,9,1,SeaLake,Forest,SeaLake
C:\Users\DELL Precision 5550\Documents\GitHub\Terrasight-Eurosat-RGB-vs-Multispectral\data\raw\multispectral\Highway\Highway_965.tif,3,3,Highway,Highway,Highway
C:\Users\DELL Precision 5550\Documents\GitHub\Terrasight-Eurosat-RGB-vs-Multispectral\data\raw\multispectral\Industrial\Industrial_1607.tif,4,4,Industrial,Industrial,Industrial
C:\Users\DELL Precision 5550\Documents\GitHub\Terrasight-Eurosat-RGB-vs-Multispectral\data\raw\multispectral\AnnualCrop\AnnualCrop_2211.tif,0,0,AnnualCrop,AnnualCrop,AnnualCrop
C:\Users\DELL Precision 5550\Documents\GitHub\Terrasight-Eurosat-RGB-vs-Multispectral\data\raw\multispectral\River\River_144.tif,8,8,River,River,River
C:\Users\DELL Precision 5550\Documents\GitHub\Terrasight-Eurosat-RGB-vs-Multispectral\data\raw\multispectral\AnnualCrop\AnnualCrop_1351.tif,0,0,AnnualCrop,AnnualCrop,AnnualCrop
C:\Users\DELL Precision 5550\Documents\GitHub\Terrasight-Eurosat-RGB-vs-Multispectral\data\raw\multispectral\HerbaceousVegetation\HerbaceousVegetation_804.tif,2,2,HerbaceousVegetation,HerbaceousVegetation,HerbaceousVegetation
C:\Users\DELL Precision 5550\Documents\GitHub\Terrasight-Eurosat-RGB-vs-Multispectral\data\raw\multispectral\River\River_1078.tif,8,8,River,River,River
C:\Users\DELL Precision 5550\Documents\GitHub\Terrasight-Eurosat-RGB-vs-Multispectral\data\raw\multispectral\PermanentCrop\PermanentCrop_1262.tif,6,6,PermanentCrop,PermanentCrop,PermanentCrop
C:\Users\DELL Precision 5550\Documents\GitHub\Terrasight-Eurosat-RGB-vs-Multispectral\data\raw\multispectral\AnnualCrop\AnnualCrop_2590.tif,0,0,AnnualCrop,AnnualCrop,AnnualCrop
C:\Users\DELL Precision 5550\Documents\GitHub\Terrasight-Eurosat-RGB-vs-Multispectral\data\raw\multispectral\Residential\Residential_91.tif,7,7,Residential,Residential,Residential
C:\Users\DELL Precision 5550\Documents\GitHub\Terrasight-Eurosat-RGB-vs-Multispectral\data\raw\multispectral\Forest\Forest_1523.tif,1,1,Forest,Forest,Forest
C:\Users\DELL Precision 5550\Documents\GitHub\Terrasight-Eurosat-RGB-vs-Multispectral\data\raw\multispectral\SeaLake\SeaLake_876.tif,9,9,SeaLake,SeaLake,SeaLake
C:\Users\DELL Precision 5550\Documents\GitHub\Terrasight-Eurosat-RGB-vs-Multispectral\data\raw\multispectral\River\River_130.tif,8,8,River,River,River
C:\Users\DELL Precision 5550\Documents\GitHub\Terrasight-Eurosat-RGB-vs-Multispectral\data\raw\multispectral\AnnualCrop\AnnualCrop_339.tif,0,0,AnnualCrop,AnnualCrop,AnnualCrop
C:\Users\DELL Precision 5550\Documents\GitHub\Terrasight-Eurosat-RGB-vs-Multispectral\data\raw\multispectral\AnnualCrop\AnnualCrop_873.tif,0,0,AnnualCrop,AnnualCrop,AnnualCrop
C:\Users\DELL Precision 5550\Documents\GitHub\Terrasight-Eurosat-RGB-vs-Multispectral\data\raw\multispectral\River\River_2091.tif,8,8,River,River,River
C:\Users\DELL Precision 5550\Documents\GitHub\Terrasight-Eurosat-RGB-vs-Multispectral\data\raw\multispectral\Residential\Residential_1230.tif,7,7,Residential,Residential,Residential
C:\Users\DELL Precision 5550\Documents\GitHub\Terrasight-Eurosat-RGB-vs-Multispectral\data\raw\multispectral\HerbaceousVegetation\HerbaceousVegetation_99.tif,2,2,HerbaceousVegetation,HerbaceousVegetation,HerbaceousVegetation
C:\Users\DELL Precision 5550\Documents\GitHub\Terrasight-Eurosat-RGB-vs-Multispectral\data\raw\multispectral\PermanentCrop\PermanentCrop_483.tif,6,6,PermanentCrop,PermanentCrop,PermanentCrop
C:\Users\DELL Precision 5550\Documents\GitHub\Terrasight-Eurosat-RGB-vs-Multispectral\data\raw\multispectral\River\River_1877.tif,8,8,River,River,River
C:\Users\DELL Precision 5550\Documents\GitHub\Terrasight-Eurosat-RGB-vs-Multispectral\data\raw\multispectral\Highway\Highway_1888.tif,3,0,Highway,AnnualCrop,Highway
C:\Users\DELL Precision 5550\Documents\GitHub\Terrasight-Eurosat-RGB-vs-Multispectral\data\raw\multispectral\HerbaceousVegetation\HerbaceousVegetation_2990.tif,2,2,HerbaceousVegetation,HerbaceousVegetation,HerbaceousVegetation
C:\Users\DELL Precision 5550\Documents\GitHub\Terrasight-Eurosat-RGB-vs-Multispectral\data\raw\multispectral\HerbaceousVegetation\HerbaceousVegetation_2911.tif,2,2,HerbaceousVegetation,HerbaceousVegetation,HerbaceousVegetation
C:\Users\DELL Precision 5550\Documents\GitHub\Terrasight-Eurosat-RGB-vs-Multispectral\data\raw\multispectral\PermanentCrop\PermanentCrop_655.tif,6,6,PermanentCrop,PermanentCrop,PermanentCrop
C:\Users\DELL Precision 5550\Documents\GitHub\Terrasight-Eurosat-RGB-vs-Multispectral\data\raw\multispectral\PermanentCrop\PermanentCrop_1234.tif,6,6,PermanentCrop,PermanentCrop,PermanentCrop
C:\Users\DELL Precision 5550\Documents\GitHub\Terrasight-Eurosat-RGB-vs-Multispectral\data\raw\multispectral\Highway\Highway_907.tif,3,3,Highway,Highway,Highway
C:\Users\DELL Precision 5550\Documents\GitHub\Terrasight-Eurosat-RGB-vs-Multispectral\data\raw\multispectral\SeaLake\SeaLake_1378.tif,9,9,SeaLake,SeaLake,SeaLake
C:\Users\DELL Precision 5550\Documents\GitHub\Terrasight-Eurosat-RGB-vs-Multispectral\data\raw\multispectral\Forest\Forest_1850.tif,1,1,Forest,Forest,Forest
C:\Users\DELL Precision 5550\Documents\GitHub\Terrasight-Eurosat-RGB-vs-Multispectral\data\raw\multispectral\Forest\Forest_1516.tif,1,1,Forest,Forest,Forest
C:\Users\DELL Precision 5550\Documents\GitHub\Terrasight-Eurosat-RGB-vs-Multispectral\data\raw\multispectral\AnnualCrop\AnnualCrop_2083.tif,0,0,AnnualCrop,AnnualCrop,AnnualCrop
C:\Users\DELL Precision 5550\Documents\GitHub\Terrasight-Eurosat-RGB-vs-Multispectral\data\raw\multispectral\PermanentCrop\PermanentCrop_1647.tif,6,6,PermanentCrop,PermanentCrop,PermanentCrop
C:\Users\DELL Precision 5550\Documents\GitHub\Terrasight-Eurosat-RGB-vs-Multispectral\data\raw\multispectral\Pasture\Pasture_359.tif,5,5,Pasture,Pasture,Pasture
C:\Users\DELL Precision 5550\Documents\GitHub\Terrasight-Eurosat-RGB-vs-Multispectral\data\raw\multispectral\HerbaceousVegetation\HerbaceousVegetation_111.tif,2,2,HerbaceousVegetation,HerbaceousVegetation,HerbaceousVegetation
C:\Users\DELL Precision 5550\Documents\GitHub\Terrasight-Eurosat-RGB-vs-Multispectral\data\raw\multispectral\River\River_1436.tif,8,8,River,River,River
C:\Users\DELL Precision 5550\Documents\GitHub\Terrasight-Eurosat-RGB-vs-Multispectral\data\raw\multispectral\Residential\Residential_2523.tif,7,7,Residential,Residential,Residential
C:\Users\DELL Precision 5550\Documents\GitHub\Terrasight-Eurosat-RGB-vs-Multispectral\data\raw\multispectral\River\River_956.tif,8,8,River,River,River
C:\Users\DELL Precision 5550\Documents\GitHub\Terrasight-Eurosat-RGB-vs-Multispectral\data\raw\multispectral\HerbaceousVegetation\HerbaceousVegetation_35.tif,2,2,HerbaceousVegetation,HerbaceousVegetation,HerbaceousVegetation
C:\Users\DELL Precision 5550\Documents\GitHub\Terrasight-Eurosat-RGB-vs-Multispectral\data\raw\multispectral\HerbaceousVegetation\HerbaceousVegetation_2018.tif,2,2,HerbaceousVegetation,HerbaceousVegetation,HerbaceousVegetation
C:\Users\DELL Precision 5550\Documents\GitHub\Terrasight-Eurosat-RGB-vs-Multispectral\data\raw\multispectral\Pasture\Pasture_34.tif,5,5,Pasture,Pasture,Pasture
C:\Users\DELL Precision 5550\Documents\GitHub\Terrasight-Eurosat-RGB-vs-Multispectral\data\raw\multispectral\Highway\Highway_1716.tif,3,3,Highway,Highway,Highway
C:\Users\DELL Precision 5550\Documents\GitHub\Terrasight-Eurosat-RGB-vs-Multispectral\data\raw\multispectral\HerbaceousVegetation\HerbaceousVegetation_1340.tif,2,2,HerbaceousVegetation,HerbaceousVegetation,HerbaceousVegetation
C:\Users\DELL Precision 5550\Documents\GitHub\Terrasight-Eurosat-RGB-vs-Multispectral\data\raw\multispectral\AnnualCrop\AnnualCrop_2581.tif,0,0,AnnualCrop,AnnualCrop,AnnualCrop
C:\Users\DELL Precision 5550\Documents\GitHub\Terrasight-Eurosat-RGB-vs-Multispectral\data\raw\multispectral\Residential\Residential_1422.tif,7,7,Residential,Residential,Residential
C:\Users\DELL Precision 5550\Documents\GitHub\Terrasight-Eurosat-RGB-vs-Multispectral\data\raw\multispectral\Pasture\Pasture_1922.tif,5,5,Pasture,Pasture,Pasture
C:\Users\DELL Precision 5550\Documents\GitHub\Terrasight-Eurosat-RGB-vs-Multispectral\data\raw\multispectral\Residential\Residential_2459.tif,7,7,Residential,Residential,Residential
C:\Users\DELL Precision 5550\Documents\GitHub\Terrasight-Eurosat-RGB-vs-Multispectral\data\raw\multispectral\Highway\Highway_580.tif,3,3,Highway,Highway,Highway
C:\Users\DELL Precision 5550\Documents\GitHub\Terrasight-Eurosat-RGB-vs-Multispectral\data\raw\multispectral\River\River_866.tif,8,8,River,River,River
C:\Users\DELL Precision 5550\Documents\GitHub\Terrasight-Eurosat-RGB-vs-Multispectral\data\raw\multispectral\PermanentCrop\PermanentCrop_2022.tif,6,6,PermanentCrop,PermanentCrop,PermanentCrop
C:\Users\DELL Precision 5550\Documents\GitHub\Terrasight-Eurosat-RGB-vs-Multispectral\data\raw\multispectral\HerbaceousVegetation\HerbaceousVegetation_2908.tif,2,2,HerbaceousVegetation,HerbaceousVegetation,HerbaceousVegetation
C:\Users\DELL Precision 5550\Documents\GitHub\Terrasight-Eurosat-RGB-vs-Multispectral\data\raw\multispectral\Residential\Residential_2864.tif,7,7,Residential,Residential,Residential
C:\Users\DELL Precision 5550\Documents\GitHub\Terrasight-Eurosat-RGB-vs-Multispectral\data\raw\multispectral\Industrial\Industrial_2450.tif,4,4,Industrial,Industrial,Industrial
C:\Users\DELL Precision 5550\Documents\GitHub\Terrasight-Eurosat-RGB-vs-Multispectral\data\raw\multispectral\HerbaceousVegetation\HerbaceousVegetation_1152.tif,2,2,HerbaceousVegetation,HerbaceousVegetation,HerbaceousVegetation
C:\Users\DELL Precision 5550\Documents\GitHub\Terrasight-Eurosat-RGB-vs-Multispectral\data\raw\multispectral\Industrial\Industrial_1009.tif,4,4,Industrial,Industrial,Industrial
C:\Users\DELL Precision 5550\Documents\GitHub\Terrasight-Eurosat-RGB-vs-Multispectral\data\raw\multispectral\Residential\Residential_2031.tif,7,7,Residential,Residential,Residential
C:\Users\DELL Precision 5550\Documents\GitHub\Terrasight-Eurosat-RGB-vs-Multispectral\data\raw\multispectral\SeaLake\SeaLake_1787.tif,9,9,SeaLake,SeaLake,SeaLake
C:\Users\DELL Precision 5550\Documents\GitHub\Terrasight-Eurosat-RGB-vs-Multispectral\data\raw\multispectral\PermanentCrop\PermanentCrop_659.tif,6,6,PermanentCrop,PermanentCrop,PermanentCrop
C:\Users\DELL Precision 5550\Documents\GitHub\Terrasight-Eurosat-RGB-vs-Multispectral\data\raw\multispectral\Forest\Forest_869.tif,1,8,Forest,River,Forest
C:\Users\DELL Precision 5550\Documents\GitHub\Terrasight-Eurosat-RGB-vs-Multispectral\data\raw\multispectral\SeaLake\SeaLake_1755.tif,9,9,SeaLake,SeaLake,SeaLake
C:\Users\DELL Precision 5550\Documents\GitHub\Terrasight-Eurosat-RGB-vs-Multispectral\data\raw\multispectral\SeaLake\SeaLake_195.tif,9,9,SeaLake,SeaLake,SeaLake
C:\Users\DELL Precision 5550\Documents\GitHub\Terrasight-Eurosat-RGB-vs-Multispectral\data\raw\multispectral\HerbaceousVegetation\HerbaceousVegetation_90.tif,2,6,HerbaceousVegetation,PermanentCrop,HerbaceousVegetation
C:\Users\DELL Precision 5550\Documents\GitHub\Terrasight-Eurosat-RGB-vs-Multispectral\data\raw\multispectral\SeaLake\SeaLake_1116.tif,9,9,SeaLake,SeaLake,SeaLake
C:\Users\DELL Precision 5550\Documents\GitHub\Terrasight-Eurosat-RGB-vs-Multispectral\data\raw\multispectral\Forest\Forest_1947.tif,1,1,Forest,Forest,Forest
C:\Users\DELL Precision 5550\Documents\GitHub\Terrasight-Eurosat-RGB-vs-Multispectral\data\raw\multispectral\AnnualCrop\AnnualCrop_2926.tif,0,0,AnnualCrop,AnnualCrop,AnnualCrop
C:\Users\DELL Precision 5550\Documents\GitHub\Terrasight-Eurosat-RGB-vs-Multispectral\data\raw\multispectral\River\River_1081.tif,8,8,River,River,River
C:\Users\DELL Precision 5550\Documents\GitHub\Terrasight-Eurosat-RGB-vs-Multispectral\data\raw\multispectral\PermanentCrop\PermanentCrop_1996.tif,6,6,PermanentCrop,PermanentCrop,PermanentCrop
C:\Users\DELL Precision 5550\Documents\GitHub\Terrasight-Eurosat-RGB-vs-Multispectral\data\raw\multispectral\Pasture\Pasture_907.tif,5,5,Pasture,Pasture,Pasture
C:\Users\DELL Precision 5550\Documents\GitHub\Terrasight-Eurosat-RGB-vs-Multispectral\data\raw\multispectral\River\River_1396.tif,8,8,River,River,River
C:\Users\DELL Precision 5550\Documents\GitHub\Terrasight-Eurosat-RGB-vs-Multispectral\data\raw\multispectral\SeaLake\SeaLake_4.tif,9,9,SeaLake,SeaLake,SeaLake
C:\Users\DELL Precision 5550\Documents\GitHub\Terrasight-Eurosat-RGB-vs-Multispectral\data\raw\multispectral\HerbaceousVegetation\HerbaceousVegetation_2816.tif,2,2,HerbaceousVegetation,HerbaceousVegetation,HerbaceousVegetation
C:\Users\DELL Precision 5550\Documents\GitHub\Terrasight-Eurosat-RGB-vs-Multispectral\data\raw\multispectral\Highway\Highway_1751.tif,3,3,Highway,Highway,Highway
C:\Users\DELL Precision 5550\Documents\GitHub\Terrasight-Eurosat-RGB-vs-Multispectral\data\raw\multispectral\PermanentCrop\PermanentCrop_1498.tif,6,6,PermanentCrop,PermanentCrop,PermanentCrop
C:\Users\DELL Precision 5550\Documents\GitHub\Terrasight-Eurosat-RGB-vs-Multispectral\data\raw\multispectral\Industrial\Industrial_189.tif,4,4,Industrial,Industrial,Industrial
C:\Users\DELL Precision 5550\Documents\GitHub\Terrasight-Eurosat-RGB-vs-Multispectral\data\raw\multispectral\Residential\Residential_2574.tif,7,7,Residential,Residential,Residential
C:\Users\DELL Precision 5550\Documents\GitHub\Terrasight-Eurosat-RGB-vs-Multispectral\data\raw\multispectral\Industrial\Industrial_1458.tif,4,4,Industrial,Industrial,Industrial
C:\Users\DELL Precision 5550\Documents\GitHub\Terrasight-Eurosat-RGB-vs-Multispectral\data\raw\multispectral\AnnualCrop\AnnualCrop_65.tif,0,0,AnnualCrop,AnnualCrop,AnnualCrop
C:\Users\DELL Precision 5550\Documents\GitHub\Terrasight-Eurosat-RGB-vs-Multispectral\data\raw\multispectral\River\River_1820.tif,8,8,River,River,River
C:\Users\DELL Precision 5550\Documents\GitHub\Terrasight-Eurosat-RGB-vs-Multispectral\data\raw\multispectral\River\River_2219.tif,8,8,River,River,River
C:\Users\DELL Precision 5550\Documents\GitHub\Terrasight-Eurosat-RGB-vs-Multispectral\data\raw\multispectral\SeaLake\SeaLake_1134.tif,9,9,SeaLake,SeaLake,SeaLake
C:\Users\DELL Precision 5550\Documents\GitHub\Terrasight-Eurosat-RGB-vs-Multispectral\data\raw\multispectral\Industrial\Industrial_1758.tif,4,4,Industrial,Industrial,Industrial
C:\Users\DELL Precision 5550\Documents\GitHub\Terrasight-Eurosat-RGB-vs-Multispectral\data\raw\multispectral\Forest\Forest_2297.tif,1,1,Forest,Forest,Forest
C:\Users\DELL Precision 5550\Documents\GitHub\Terrasight-Eurosat-RGB-vs-Multispectral\data\raw\multispectral\Forest\Forest_2636.tif,1,1,Forest,Forest,Forest
C:\Users\DELL Precision 5550\Documents\GitHub\Terrasight-Eurosat-RGB-vs-Multispectral\data\raw\multispectral\AnnualCrop\AnnualCrop_2532.tif,0,0,AnnualCrop,AnnualCrop,AnnualCrop
C:\Users\DELL Precision 5550\Documents\GitHub\Terrasight-Eurosat-RGB-vs-Multispectral\data\raw\multispectral\Highway\Highway_509.tif,3,3,Highway,Highway,Highway
C:\Users\DELL Precision 5550\Documents\GitHub\Terrasight-Eurosat-RGB-vs-Multispectral\data\raw\multispectral\AnnualCrop\AnnualCrop_508.tif,0,0,AnnualCrop,AnnualCrop,AnnualCrop
C:\Users\DELL Precision 5550\Documents\GitHub\Terrasight-Eurosat-RGB-vs-Multispectral\data\raw\multispectral\HerbaceousVegetation\HerbaceousVegetation_1552.tif,2,2,HerbaceousVegetation,HerbaceousVegetation,HerbaceousVegetation
C:\Users\DELL Precision 5550\Documents\GitHub\Terrasight-Eurosat-RGB-vs-Multispectral\data\raw\multispectral\SeaLake\SeaLake_1531.tif,9,9,SeaLake,SeaLake,SeaLake
C:\Users\DELL Precision 5550\Documents\GitHub\Terrasight-Eurosat-RGB-vs-Multispectral\data\raw\multispectral\Industrial\Industrial_2371.tif,4,4,Industrial,Industrial,Industrial
C:\Users\DELL Precision 5550\Documents\GitHub\Terrasight-Eurosat-RGB-vs-Multispectral\data\raw\multispectral\SeaLake\SeaLake_2909.tif,9,9,SeaLake,SeaLake,SeaLake
C:\Users\DELL Precision 5550\Documents\GitHub\Terrasight-Eurosat-RGB-vs-Multispectral\data\raw\multispectral\AnnualCrop\AnnualCrop_1613.tif,0,0,AnnualCrop,AnnualCrop,AnnualCrop
C:\Users\DELL Precision 5550\Documents\GitHub\Terrasight-Eurosat-RGB-vs-Multispectral\data\raw\multispectral\River\River_827.tif,8,8,River,River,River
C:\Users\DELL Precision 5550\Documents\GitHub\Terrasight-Eurosat-RGB-vs-Multispectral\data\raw\multispectral\AnnualCrop\AnnualCrop_888.tif,0,0,AnnualCrop,AnnualCrop,AnnualCrop
C:\Users\DELL Precision 5550\Documents\GitHub\Terrasight-Eurosat-RGB-vs-Multispectral\data\raw\multispectral\SeaLake\SeaLake_1430.tif,9,9,SeaLake,SeaLake,SeaLake
C:\Users\DELL Precision 5550\Documents\GitHub\Terrasight-Eurosat-RGB-vs-Multispectral\data\raw\multispectral\Pasture\Pasture_1899.tif,5,5,Pasture,Pasture,Pasture
C:\Users\DELL Precision 5550\Documents\GitHub\Terrasight-Eurosat-RGB-vs-Multispectral\data\raw\multispectral\River\River_854.tif,8,8,River,River,River
C:\Users\DELL Precision 5550\Documents\GitHub\Terrasight-Eurosat-RGB-vs-Multispectral\data\raw\multispectral\PermanentCrop\PermanentCrop_43.tif,6,6,PermanentCrop,PermanentCrop,PermanentCrop
C:\Users\DELL Precision 5550\Documents\GitHub\Terrasight-Eurosat-RGB-vs-Multispectral\data\raw\multispectral\PermanentCrop\PermanentCrop_918.tif,6,2,PermanentCrop,HerbaceousVegetation,PermanentCrop
C:\Users\DELL Precision 5550\Documents\GitHub\Terrasight-Eurosat-RGB-vs-Multispectral\data\raw\multispectral\AnnualCrop\AnnualCrop_213.tif,0,0,AnnualCrop,AnnualCrop,AnnualCrop
C:\Users\DELL Precision 5550\Documents\GitHub\Terrasight-Eurosat-RGB-vs-Multispectral\data\raw\multispectral\River\River_1027.tif,8,8,River,River,River
C:\Users\DELL Precision 5550\Documents\GitHub\Terrasight-Eurosat-RGB-vs-Multispectral\data\raw\multispectral\HerbaceousVegetation\HerbaceousVegetation_737.tif,2,2,HerbaceousVegetation,HerbaceousVegetation,HerbaceousVegetation
C:\Users\DELL Precision 5550\Documents\GitHub\Terrasight-Eurosat-RGB-vs-Multispectral\data\raw\multispectral\Industrial\Industrial_403.tif,4,4,Industrial,Industrial,Industrial
C:\Users\DELL Precision 5550\Documents\GitHub\Terrasight-Eurosat-RGB-vs-Multispectral\data\raw\multispectral\Forest\Forest_2021.tif,1,1,Forest,Forest,Forest
C:\Users\DELL Precision 5550\Documents\GitHub\Terrasight-Eurosat-RGB-vs-Multispectral\data\raw\multispectral\AnnualCrop\AnnualCrop_37.tif,0,0,AnnualCrop,AnnualCrop,AnnualCrop
C:\Users\DELL Precision 5550\Documents\GitHub\Terrasight-Eurosat-RGB-vs-Multispectral\data\raw\multispectral\Highway\Highway_528.tif,3,3,Highway,Highway,Highway
C:\Users\DELL Precision 5550\Documents\GitHub\Terrasight-Eurosat-RGB-vs-Multispectral\data\raw\multispectral\AnnualCrop\AnnualCrop_1924.tif,0,0,AnnualCrop,AnnualCrop,AnnualCrop
C:\Users\DELL Precision 5550\Documents\GitHub\Terrasight-Eurosat-RGB-vs-Multispectral\data\raw\multispectral\Highway\Highway_1298.tif,3,3,Highway,Highway,Highway
C:\Users\DELL Precision 5550\Documents\GitHub\Terrasight-Eurosat-RGB-vs-Multispectral\data\raw\multispectral\HerbaceousVegetation\HerbaceousVegetation_1074.tif,2,2,HerbaceousVegetation,HerbaceousVegetation,HerbaceousVegetation
C:\Users\DELL Precision 5550\Documents\GitHub\Terrasight-Eurosat-RGB-vs-Multispectral\data\raw\multispectral\PermanentCrop\PermanentCrop_1691.tif,6,6,PermanentCrop,PermanentCrop,PermanentCrop
C:\Users\DELL Precision 5550\Documents\GitHub\Terrasight-Eurosat-RGB-vs-Multispectral\data\raw\multispectral\Highway\Highway_2292.tif,3,3,Highway,Highway,Highway
C:\Users\DELL Precision 5550\Documents\GitHub\Terrasight-Eurosat-RGB-vs-Multispectral\data\raw\multispectral\PermanentCrop\PermanentCrop_1093.tif,6,6,PermanentCrop,PermanentCrop,PermanentCrop
C:\Users\DELL Precision 5550\Documents\GitHub\Terrasight-Eurosat-RGB-vs-Multispectral\data\raw\multispectral\Pasture\Pasture_1125.tif,5,5,Pasture,Pasture,Pasture
C:\Users\DELL Precision 5550\Documents\GitHub\Terrasight-Eurosat-RGB-vs-Multispectral\data\raw\multispectral\Forest\Forest_1875.tif,1,1,Forest,Forest,Forest
C:\Users\DELL Precision 5550\Documents\GitHub\Terrasight-Eurosat-RGB-vs-Multispectral\data\raw\multispectral\Forest\Forest_657.tif,1,1,Forest,Forest,Forest
C:\Users\DELL Precision 5550\Documents\GitHub\Terrasight-Eurosat-RGB-vs-Multispectral\data\raw\multispectral\Industrial\Industrial_2111.tif,4,4,Industrial,Industrial,Industrial
C:\Users\DELL Precision 5550\Documents\GitHub\Terrasight-Eurosat-RGB-vs-Multispectral\data\raw\multispectral\SeaLake\SeaLake_1668.tif,9,9,SeaLake,SeaLake,SeaLake
C:\Users\DELL Precision 5550\Documents\GitHub\Terrasight-Eurosat-RGB-vs-Multispectral\data\raw\multispectral\River\River_1847.tif,8,8,River,River,River
C:\Users\DELL Precision 5550\Documents\GitHub\Terrasight-Eurosat-RGB-vs-Multispectral\data\raw\multispectral\AnnualCrop\AnnualCrop_1143.tif,0,0,AnnualCrop,AnnualCrop,AnnualCrop
C:\Users\DELL Precision 5550\Documents\GitHub\Terrasight-Eurosat-RGB-vs-Multispectral\data\raw\multispectral\Forest\Forest_2750.tif,1,1,Forest,Forest,Forest
C:\Users\DELL Precision 5550\Documents\GitHub\Terrasight-Eurosat-RGB-vs-Multispectral\data\raw\multispectral\River\River_32.tif,8,8,River,River,River
C:\Users\DELL Precision 5550\Documents\GitHub\Terrasight-Eurosat-RGB-vs-Multispectral\data\raw\multispectral\Highway\Highway_303.tif,3,3,Highway,Highway,Highway
C:\Users\DELL Precision 5550\Documents\GitHub\Terrasight-Eurosat-RGB-vs-Multispectral\data\raw\multispectral\River\River_895.tif,8,4,River,Industrial,River
C:\Users\DELL Precision 5550\Documents\GitHub\Terrasight-Eurosat-RGB-vs-Multispectral\data\raw\multispectral\SeaLake\SeaLake_2933.tif,9,9,SeaLake,SeaLake,SeaLake
C:\Users\DELL Precision 5550\Documents\GitHub\Terrasight-Eurosat-RGB-vs-Multispectral\data\raw\multispectral\Forest\Forest_2228.tif,1,1,Forest,Forest,Forest
C:\Users\DELL Precision 5550\Documents\GitHub\Terrasight-Eurosat-RGB-vs-Multispectral\data\raw\multispectral\Residential\Residential_178.tif,7,7,Residential,Residential,Residential
C:\Users\DELL Precision 5550\Documents\GitHub\Terrasight-Eurosat-RGB-vs-Multispectral\data\raw\multispectral\Residential\Residential_1501.tif,7,7,Residential,Residential,Residential
C:\Users\DELL Precision 5550\Documents\GitHub\Terrasight-Eurosat-RGB-vs-Multispectral\data\raw\multispectral\Residential\Residential_1503.tif,7,7,Residential,Residential,Residential
C:\Users\DELL Precision 5550\Documents\GitHub\Terrasight-Eurosat-RGB-vs-Multispectral\data\raw\multispectral\Forest\Forest_475.tif,1,1,Forest,Forest,Forest
C:\Users\DELL Precision 5550\Documents\GitHub\Terrasight-Eurosat-RGB-vs-Multispectral\data\raw\multispectral\Pasture\Pasture_1876.tif,5,5,Pasture,Pasture,Pasture
C:\Users\DELL Precision 5550\Documents\GitHub\Terrasight-Eurosat-RGB-vs-Multispectral\data\raw\multispectral\Forest\Forest_1957.tif,1,1,Forest,Forest,Forest
C:\Users\DELL Precision 5550\Documents\GitHub\Terrasight-Eurosat-RGB-vs-Multispectral\data\raw\multispectral\Forest\Forest_1810.tif,1,1,Forest,Forest,Forest
C:\Users\DELL Precision 5550\Documents\GitHub\Terrasight-Eurosat-RGB-vs-Multispectral\data\raw\multispectral\Forest\Forest_1880.tif,1,1,Forest,Forest,Forest
C:\Users\DELL Precision 5550\Documents\GitHub\Terrasight-Eurosat-RGB-vs-Multispectral\data\raw\multispectral\River\River_1213.tif,8,8,River,River,River
C:\Users\DELL Precision 5550\Documents\GitHub\Terrasight-Eurosat-RGB-vs-Multispectral\data\raw\multispectral\PermanentCrop\PermanentCrop_1271.tif,6,6,PermanentCrop,PermanentCrop,PermanentCrop
C:\Users\DELL Precision 5550\Documents\GitHub\Terrasight-Eurosat-RGB-vs-Multispectral\data\raw\multispectral\River\River_1651.tif,8,8,River,River,River
C:\Users\DELL Precision 5550\Documents\GitHub\Terrasight-Eurosat-RGB-vs-Multispectral\data\raw\multispectral\HerbaceousVegetation\HerbaceousVegetation_2046.tif,2,2,HerbaceousVegetation,HerbaceousVegetation,HerbaceousVegetation
C:\Users\DELL Precision 5550\Documents\GitHub\Terrasight-Eurosat-RGB-vs-Multispectral\data\raw\multispectral\AnnualCrop\AnnualCrop_2092.tif,0,0,AnnualCrop,AnnualCrop,AnnualCrop
C:\Users\DELL Precision 5550\Documents\GitHub\Terrasight-Eurosat-RGB-vs-Multispectral\data\raw\multispectral\PermanentCrop\PermanentCrop_2024.tif,6,6,PermanentCrop,PermanentCrop,PermanentCrop
C:\Users\DELL Precision 5550\Documents\GitHub\Terrasight-Eurosat-RGB-vs-Multispectral\data\raw\multispectral\AnnualCrop\AnnualCrop_209.tif,0,0,AnnualCrop,AnnualCrop,AnnualCrop
C:\Users\DELL Precision 5550\Documents\GitHub\Terrasight-Eurosat-RGB-vs-Multispectral\data\raw\multispectral\River\River_2343.tif,8,8,River,River,River
C:\Users\DELL Precision 5550\Documents\GitHub\Terrasight-Eurosat-RGB-vs-Multispectral\data\raw\multispectral\AnnualCrop\AnnualCrop_1526.tif,0,0,AnnualCrop,AnnualCrop,AnnualCrop
C:\Users\DELL Precision 5550\Documents\GitHub\Terrasight-Eurosat-RGB-vs-Multispectral\data\raw\multispectral\HerbaceousVegetation\HerbaceousVegetation_367.tif,2,2,HerbaceousVegetation,HerbaceousVegetation,HerbaceousVegetation
C:\Users\DELL Precision 5550\Documents\GitHub\Terrasight-Eurosat-RGB-vs-Multispectral\data\raw\multispectral\HerbaceousVegetation\HerbaceousVegetation_2524.tif,2,2,HerbaceousVegetation,HerbaceousVegetation,HerbaceousVegetation
C:\Users\DELL Precision 5550\Documents\GitHub\Terrasight-Eurosat-RGB-vs-Multispectral\data\raw\multispectral\Forest\Forest_1931.tif,1,1,Forest,Forest,Forest
C:\Users\DELL Precision 5550\Documents\GitHub\Terrasight-Eurosat-RGB-vs-Multispectral\data\raw\multispectral\River\River_455.tif,8,8,River,River,River
C:\Users\DELL Precision 5550\Documents\GitHub\Terrasight-Eurosat-RGB-vs-Multispectral\data\raw\multispectral\PermanentCrop\PermanentCrop_246.tif,6,6,PermanentCrop,PermanentCrop,PermanentCrop
C:\Users\DELL Precision 5550\Documents\GitHub\Terrasight-Eurosat-RGB-vs-Multispectral\data\raw\multispectral\AnnualCrop\AnnualCrop_103.tif,0,6,AnnualCrop,PermanentCrop,AnnualCrop
C:\Users\DELL Precision 5550\Documents\GitHub\Terrasight-Eurosat-RGB-vs-Multispectral\data\raw\multispectral\AnnualCrop\AnnualCrop_1917.tif,0,0,AnnualCrop,AnnualCrop,AnnualCrop
C:\Users\DELL Precision 5550\Documents\GitHub\Terrasight-Eurosat-RGB-vs-Multispectral\data\raw\multispectral\PermanentCrop\PermanentCrop_804.tif,6,6,PermanentCrop,PermanentCrop,PermanentCrop
C:\Users\DELL Precision 5550\Documents\GitHub\Terrasight-Eurosat-RGB-vs-Multispectral\data\raw\multispectral\Residential\Residential_2161.tif,7,7,Residential,Residential,Residential
C:\Users\DELL Precision 5550\Documents\GitHub\Terrasight-Eurosat-RGB-vs-Multispectral\data\raw\multispectral\Residential\Residential_2997.tif,7,7,Residential,Residential,Residential
C:\Users\DELL Precision 5550\Documents\GitHub\Terrasight-Eurosat-RGB-vs-Multispectral\data\raw\multispectral\Forest\Forest_1326.tif,1,1,Forest,Forest,Forest
C:\Users\DELL Precision 5550\Documents\GitHub\Terrasight-Eurosat-RGB-vs-Multispectral\data\raw\multispectral\PermanentCrop\PermanentCrop_2139.tif,6,6,PermanentCrop,PermanentCrop,PermanentCrop
C:\Users\DELL Precision 5550\Documents\GitHub\Terrasight-Eurosat-RGB-vs-Multispectral\data\raw\multispectral\Residential\Residential_85.tif,7,7,Residential,Residential,Residential
C:\Users\DELL Precision 5550\Documents\GitHub\Terrasight-Eurosat-RGB-vs-Multispectral\data\raw\multispectral\Residential\Residential_469.tif,7,7,Residential,Residential,Residential
C:\Users\DELL Precision 5550\Documents\GitHub\Terrasight-Eurosat-RGB-vs-Multispectral\data\raw\multispectral\PermanentCrop\PermanentCrop_488.tif,6,6,PermanentCrop,PermanentCrop,PermanentCrop
C:\Users\DELL Precision 5550\Documents\GitHub\Terrasight-Eurosat-RGB-vs-Multispectral\data\raw\multispectral\Residential\Residential_1502.tif,7,7,Residential,Residential,Residential
C:\Users\DELL Precision 5550\Documents\GitHub\Terrasight-Eurosat-RGB-vs-Multispectral\data\raw\multispectral\Residential\Residential_1970.tif,7,7,Residential,Residential,Residential
C:\Users\DELL Precision 5550\Documents\GitHub\Terrasight-Eurosat-RGB-vs-Multispectral\data\raw\multispectral\Industrial\Industrial_1818.tif,4,4,Industrial,Industrial,Industrial
C:\Users\DELL Precision 5550\Documents\GitHub\Terrasight-Eurosat-RGB-vs-Multispectral\data\raw\multispectral\Residential\Residential_1283.tif,7,7,Residential,Residential,Residential
C:\Users\DELL Precision 5550\Documents\GitHub\Terrasight-Eurosat-RGB-vs-Multispectral\data\raw\multispectral\Residential\Residential_1805.tif,7,7,Residential,Residential,Residential
C:\Users\DELL Precision 5550\Documents\GitHub\Terrasight-Eurosat-RGB-vs-Multispectral\data\raw\multispectral\Forest\Forest_2541.tif,1,1,Forest,Forest,Forest
C:\Users\DELL Precision 5550\Documents\GitHub\Terrasight-Eurosat-RGB-vs-Multispectral\data\raw\multispectral\Forest\Forest_2065.tif,1,1,Forest,Forest,Forest
C:\Users\DELL Precision 5550\Documents\GitHub\Terrasight-Eurosat-RGB-vs-Multispectral\data\raw\multispectral\Highway\Highway_1762.tif,3,3,Highway,Highway,Highway
C:\Users\DELL Precision 5550\Documents\GitHub\Terrasight-Eurosat-RGB-vs-Multispectral\data\raw\multispectral\AnnualCrop\AnnualCrop_337.tif,0,0,AnnualCrop,AnnualCrop,AnnualCrop
C:\Users\DELL Precision 5550\Documents\GitHub\Terrasight-Eurosat-RGB-vs-Multispectral\data\raw\multispectral\SeaLake\SeaLake_2706.tif,9,9,SeaLake,SeaLake,SeaLake
C:\Users\DELL Precision 5550\Documents\GitHub\Terrasight-Eurosat-RGB-vs-Multispectral\data\raw\multispectral\Residential\Residential_2681.tif,7,7,Residential,Residential,Residential
C:\Users\DELL Precision 5550\Documents\GitHub\Terrasight-Eurosat-RGB-vs-Multispectral\data\raw\multispectral\PermanentCrop\PermanentCrop_1480.tif,6,6,PermanentCrop,PermanentCrop,PermanentCrop
C:\Users\DELL Precision 5550\Documents\GitHub\Terrasight-Eurosat-RGB-vs-Multispectral\data\raw\multispectral\River\River_2321.tif,8,8,River,River,River
C:\Users\DELL Precision 5550\Documents\GitHub\Terrasight-Eurosat-RGB-vs-Multispectral\data\raw\multispectral\Highway\Highway_2250.tif,3,3,Highway,Highway,Highway
C:\Users\DELL Precision 5550\Documents\GitHub\Terrasight-Eurosat-RGB-vs-Multispectral\data\raw\multispectral\HerbaceousVegetation\HerbaceousVegetation_2265.tif,2,2,HerbaceousVegetation,HerbaceousVegetation,HerbaceousVegetation
C:\Users\DELL Precision 5550\Documents\GitHub\Terrasight-Eurosat-RGB-vs-Multispectral\data\raw\multispectral\HerbaceousVegetation\HerbaceousVegetation_2578.tif,2,2,HerbaceousVegetation,HerbaceousVegetation,HerbaceousVegetation
C:\Users\DELL Precision 5550\Documents\GitHub\Terrasight-Eurosat-RGB-vs-Multispectral\data\raw\multispectral\Pasture\Pasture_1893.tif,5,5,Pasture,Pasture,Pasture
C:\Users\DELL Precision 5550\Documents\GitHub\Terrasight-Eurosat-RGB-vs-Multispectral\data\raw\multispectral\SeaLake\SeaLake_1161.tif,9,9,SeaLake,SeaLake,SeaLake
C:\Users\DELL Precision 5550\Documents\GitHub\Terrasight-Eurosat-RGB-vs-Multispectral\data\raw\multispectral\River\River_313.tif,8,8,River,River,River
C:\Users\DELL Precision 5550\Documents\GitHub\Terrasight-Eurosat-RGB-vs-Multispectral\data\raw\multispectral\Forest\Forest_1490.tif,1,1,Forest,Forest,Forest
C:\Users\DELL Precision 5550\Documents\GitHub\Terrasight-Eurosat-RGB-vs-Multispectral\data\raw\multispectral\Industrial\Industrial_241.tif,4,4,Industrial,Industrial,Industrial
C:\Users\DELL Precision 5550\Documents\GitHub\Terrasight-Eurosat-RGB-vs-Multispectral\data\raw\multispectral\Industrial\Industrial_2359.tif,4,4,Industrial,Industrial,Industrial
C:\Users\DELL Precision 5550\Documents\GitHub\Terrasight-Eurosat-RGB-vs-Multispectral\data\raw\multispectral\Forest\Forest_1176.tif,1,1,Forest,Forest,Forest
C:\Users\DELL Precision 5550\Documents\GitHub\Terrasight-Eurosat-RGB-vs-Multispectral\data\raw\multispectral\SeaLake\SeaLake_1185.tif,9,9,SeaLake,SeaLake,SeaLake
C:\Users\DELL Precision 5550\Documents\GitHub\Terrasight-Eurosat-RGB-vs-Multispectral\data\raw\multispectral\AnnualCrop\AnnualCrop_1877.tif,0,0,AnnualCrop,AnnualCrop,AnnualCrop
C:\Users\DELL Precision 5550\Documents\GitHub\Terrasight-Eurosat-RGB-vs-Multispectral\data\raw\multispectral\PermanentCrop\PermanentCrop_626.tif,6,6,PermanentCrop,PermanentCrop,PermanentCrop
C:\Users\DELL Precision 5550\Documents\GitHub\Terrasight-Eurosat-RGB-vs-Multispectral\data\raw\multispectral\Industrial\Industrial_1160.tif,4,4,Industrial,Industrial,Industrial
C:\Users\DELL Precision 5550\Documents\GitHub\Terrasight-Eurosat-RGB-vs-Multispectral\data\raw\multispectral\Highway\Highway_1535.tif,3,3,Highway,Highway,Highway
C:\Users\DELL Precision 5550\Documents\GitHub\Terrasight-Eurosat-RGB-vs-Multispectral\data\raw\multispectral\AnnualCrop\AnnualCrop_2714.tif,0,0,AnnualCrop,AnnualCrop,AnnualCrop
C:\Users\DELL Precision 5550\Documents\GitHub\Terrasight-Eurosat-RGB-vs-Multispectral\data\raw\multispectral\River\River_123.tif,8,8,River,River,River
C:\Users\DELL Precision 5550\Documents\GitHub\Terrasight-Eurosat-RGB-vs-Multispectral\data\raw\multispectral\HerbaceousVegetation\HerbaceousVegetation_544.tif,2,2,HerbaceousVegetation,HerbaceousVegetation,HerbaceousVegetation
C:\Users\DELL Precision 5550\Documents\GitHub\Terrasight-Eurosat-RGB-vs-Multispectral\data\raw\multispectral\HerbaceousVegetation\HerbaceousVegetation_2606.tif,2,2,HerbaceousVegetation,HerbaceousVegetation,HerbaceousVegetation
C:\Users\DELL Precision 5550\Documents\GitHub\Terrasight-Eurosat-RGB-vs-Multispectral\data\raw\multispectral\Highway\Highway_1703.tif,3,3,Highway,Highway,Highway
C:\Users\DELL Precision 5550\Documents\GitHub\Terrasight-Eurosat-RGB-vs-Multispectral\data\raw\multispectral\Forest\Forest_1498.tif,1,1,Forest,Forest,Forest
C:\Users\DELL Precision 5550\Documents\GitHub\Terrasight-Eurosat-RGB-vs-Multispectral\data\raw\multispectral\Highway\Highway_773.tif,3,5,Highway,Pasture,Highway
C:\Users\DELL Precision 5550\Documents\GitHub\Terrasight-Eurosat-RGB-vs-Multispectral\data\raw\multispectral\HerbaceousVegetation\HerbaceousVegetation_2575.tif,2,2,HerbaceousVegetation,HerbaceousVegetation,HerbaceousVegetation
C:\Users\DELL Precision 5550\Documents\GitHub\Terrasight-Eurosat-RGB-vs-Multispectral\data\raw\multispectral\Residential\Residential_535.tif,7,7,Residential,Residential,Residential
C:\Users\DELL Precision 5550\Documents\GitHub\Terrasight-Eurosat-RGB-vs-Multispectral\data\raw\multispectral\SeaLake\SeaLake_1891.tif,9,9,SeaLake,SeaLake,SeaLake
C:\Users\DELL Precision 5550\Documents\GitHub\Terrasight-Eurosat-RGB-vs-Multispectral\data\raw\multispectral\Industrial\Industrial_1915.tif,4,4,Industrial,Industrial,Industrial
C:\Users\DELL Precision 5550\Documents\GitHub\Terrasight-Eurosat-RGB-vs-Multispectral\data\raw\multispectral\Highway\Highway_120.tif,3,3,Highway,Highway,Highway
C:\Users\DELL Precision 5550\Documents\GitHub\Terrasight-Eurosat-RGB-vs-Multispectral\data\raw\multispectral\SeaLake\SeaLake_438.tif,9,9,SeaLake,SeaLake,SeaLake
C:\Users\DELL Precision 5550\Documents\GitHub\Terrasight-Eurosat-RGB-vs-Multispectral\data\raw\multispectral\SeaLake\SeaLake_1234.tif,9,8,SeaLake,River,SeaLake
C:\Users\DELL Precision 5550\Documents\GitHub\Terrasight-Eurosat-RGB-vs-Multispectral\data\raw\multispectral\Forest\Forest_2808.tif,1,1,Forest,Forest,Forest
C:\Users\DELL Precision 5550\Documents\GitHub\Terrasight-Eurosat-RGB-vs-Multispectral\data\raw\multispectral\Residential\Residential_1379.tif,7,7,Residential,Residential,Residential
C:\Users\DELL Precision 5550\Documents\GitHub\Terrasight-Eurosat-RGB-vs-Multispectral\data\raw\multispectral\River\River_1293.tif,8,8,River,River,River
C:\Users\DELL Precision 5550\Documents\GitHub\Terrasight-Eurosat-RGB-vs-Multispectral\data\raw\multispectral\Residential\Residential_620.tif,7,7,Residential,Residential,Residential
C:\Users\DELL Precision 5550\Documents\GitHub\Terrasight-Eurosat-RGB-vs-Multispectral\data\raw\multispectral\SeaLake\SeaLake_1914.tif,9,9,SeaLake,SeaLake,SeaLake
C:\Users\DELL Precision 5550\Documents\GitHub\Terrasight-Eurosat-RGB-vs-Multispectral\data\raw\multispectral\AnnualCrop\AnnualCrop_2294.tif,0,0,AnnualCrop,AnnualCrop,AnnualCrop
C:\Users\DELL Precision 5550\Documents\GitHub\Terrasight-Eurosat-RGB-vs-Multispectral\data\raw\multispectral\River\River_293.tif,8,8,River,River,River
C:\Users\DELL Precision 5550\Documents\GitHub\Terrasight-Eurosat-RGB-vs-Multispectral\data\raw\multispectral\River\River_466.tif,8,8,River,River,River
C:\Users\DELL Precision 5550\Documents\GitHub\Terrasight-Eurosat-RGB-vs-Multispectral\data\raw\multispectral\PermanentCrop\PermanentCrop_2300.tif,6,6,PermanentCrop,PermanentCrop,PermanentCrop
C:\Users\DELL Precision 5550\Documents\GitHub\Terrasight-Eurosat-RGB-vs-Multispectral\data\raw\multispectral\Highway\Highway_186.tif,3,3,Highway,Highway,Highway
C:\Users\DELL Precision 5550\Documents\GitHub\Terrasight-Eurosat-RGB-vs-Multispectral\data\raw\multispectral\PermanentCrop\PermanentCrop_863.tif,6,6,PermanentCrop,PermanentCrop,PermanentCrop
C:\Users\DELL Precision 5550\Documents\GitHub\Terrasight-Eurosat-RGB-vs-Multispectral\data\raw\multispectral\SeaLake\SeaLake_888.tif,9,9,SeaLake,SeaLake,SeaLake
C:\Users\DELL Precision 5550\Documents\GitHub\Terrasight-Eurosat-RGB-vs-Multispectral\data\raw\multispectral\AnnualCrop\AnnualCrop_1319.tif,0,0,AnnualCrop,AnnualCrop,AnnualCrop
C:\Users\DELL Precision 5550\Documents\GitHub\Terrasight-Eurosat-RGB-vs-Multispectral\data\raw\multispectral\Residential\Residential_643.tif,7,7,Residential,Residential,Residential
C:\Users\DELL Precision 5550\Documents\GitHub\Terrasight-Eurosat-RGB-vs-Multispectral\data\raw\multispectral\Industrial\Industrial_1380.tif,4,4,Industrial,Industrial,Industrial
C:\Users\DELL Precision 5550\Documents\GitHub\Terrasight-Eurosat-RGB-vs-Multispectral\data\raw\multispectral\Forest\Forest_731.tif,1,1,Forest,Forest,Forest
C:\Users\DELL Precision 5550\Documents\GitHub\Terrasight-Eurosat-RGB-vs-Multispectral\data\raw\multispectral\HerbaceousVegetation\HerbaceousVegetation_2833.tif,2,2,HerbaceousVegetation,HerbaceousVegetation,HerbaceousVegetation
C:\Users\DELL Precision 5550\Documents\GitHub\Terrasight-Eurosat-RGB-vs-Multispectral\data\raw\multispectral\Highway\Highway_2182.tif,3,3,Highway,Highway,Highway
C:\Users\DELL Precision 5550\Documents\GitHub\Terrasight-Eurosat-RGB-vs-Multispectral\data\raw\multispectral\AnnualCrop\AnnualCrop_2658.tif,0,0,AnnualCrop,AnnualCrop,AnnualCrop
C:\Users\DELL Precision 5550\Documents\GitHub\Terrasight-Eurosat-RGB-vs-Multispectral\data\raw\multispectral\HerbaceousVegetation\HerbaceousVegetation_2511.tif,2,2,HerbaceousVegetation,HerbaceousVegetation,HerbaceousVegetation
C:\Users\DELL Precision 5550\Documents\GitHub\Terrasight-Eurosat-RGB-vs-Multispectral\data\raw\multispectral\Industrial\Industrial_2428.tif,4,4,Industrial,Industrial,Industrial
C:\Users\DELL Precision 5550\Documents\GitHub\Terrasight-Eurosat-RGB-vs-Multispectral\data\raw\multispectral\Residential\Residential_2617.tif,7,7,Residential,Residential,Residential
C:\Users\DELL Precision 5550\Documents\GitHub\Terrasight-Eurosat-RGB-vs-Multispectral\data\raw\multispectral\AnnualCrop\AnnualCrop_1952.tif,0,0,AnnualCrop,AnnualCrop,AnnualCrop
C:\Users\DELL Precision 5550\Documents\GitHub\Terrasight-Eurosat-RGB-vs-Multispectral\data\raw\multispectral\Pasture\Pasture_896.tif,5,5,Pasture,Pasture,Pasture
C:\Users\DELL Precision 5550\Documents\GitHub\Terrasight-Eurosat-RGB-vs-Multispectral\data\raw\multispectral\Forest\Forest_2113.tif,1,1,Forest,Forest,Forest
C:\Users\DELL Precision 5550\Documents\GitHub\Terrasight-Eurosat-RGB-vs-Multispectral\data\raw\multispectral\River\River_224.tif,8,8,River,River,River
C:\Users\DELL Precision 5550\Documents\GitHub\Terrasight-Eurosat-RGB-vs-Multispectral\data\raw\multispectral\Forest\Forest_2193.tif,1,1,Forest,Forest,Forest
C:\Users\DELL Precision 5550\Documents\GitHub\Terrasight-Eurosat-RGB-vs-Multispectral\data\raw\multispectral\SeaLake\SeaLake_1711.tif,9,9,SeaLake,SeaLake,SeaLake
C:\Users\DELL Precision 5550\Documents\GitHub\Terrasight-Eurosat-RGB-vs-Multispectral\data\raw\multispectral\AnnualCrop\AnnualCrop_1355.tif,0,6,AnnualCrop,PermanentCrop,AnnualCrop
C:\Users\DELL Precision 5550\Documents\GitHub\Terrasight-Eurosat-RGB-vs-Multispectral\data\raw\multispectral\Industrial\Industrial_1205.tif,4,4,Industrial,Industrial,Industrial
C:\Users\DELL Precision 5550\Documents\GitHub\Terrasight-Eurosat-RGB-vs-Multispectral\data\raw\multispectral\AnnualCrop\AnnualCrop_124.tif,0,0,AnnualCrop,AnnualCrop,AnnualCrop
C:\Users\DELL Precision 5550\Documents\GitHub\Terrasight-Eurosat-RGB-vs-Multispectral\data\raw\multispectral\River\River_927.tif,8,8,River,River,River
C:\Users\DELL Precision 5550\Documents\GitHub\Terrasight-Eurosat-RGB-vs-Multispectral\data\raw\multispectral\Pasture\Pasture_865.tif,5,5,Pasture,Pasture,Pasture
C:\Users\DELL Precision 5550\Documents\GitHub\Terrasight-Eurosat-RGB-vs-Multispectral\data\raw\multispectral\SeaLake\SeaLake_1597.tif,9,9,SeaLake,SeaLake,SeaLake
C:\Users\DELL Precision 5550\Documents\GitHub\Terrasight-Eurosat-RGB-vs-Multispectral\data\raw\multispectral\Industrial\Industrial_752.tif,4,4,Industrial,Industrial,Industrial
C:\Users\DELL Precision 5550\Documents\GitHub\Terrasight-Eurosat-RGB-vs-Multispectral\data\raw\multispectral\Forest\Forest_1532.tif,1,1,Forest,Forest,Forest
C:\Users\DELL Precision 5550\Documents\GitHub\Terrasight-Eurosat-RGB-vs-Multispectral\data\raw\multispectral\HerbaceousVegetation\HerbaceousVegetation_161.tif,2,2,HerbaceousVegetation,HerbaceousVegetation,HerbaceousVegetation
C:\Users\DELL Precision 5550\Documents\GitHub\Terrasight-Eurosat-RGB-vs-Multispectral\data\raw\multispectral\Residential\Residential_701.tif,7,7,Residential,Residential,Residential
C:\Users\DELL Precision 5550\Documents\GitHub\Terrasight-Eurosat-RGB-vs-Multispectral\data\raw\multispectral\Pasture\Pasture_1010.tif,5,5,Pasture,Pasture,Pasture
C:\Users\DELL Precision 5550\Documents\GitHub\Terrasight-Eurosat-RGB-vs-Multispectral\data\raw\multispectral\Pasture\Pasture_564.tif,5,5,Pasture,Pasture,Pasture
C:\Users\DELL Precision 5550\Documents\GitHub\Terrasight-Eurosat-RGB-vs-Multispectral\data\raw\multispectral\Residential\Residential_2078.tif,7,7,Residential,Residential,Residential
C:\Users\DELL Precision 5550\Documents\GitHub\Terrasight-Eurosat-RGB-vs-Multispectral\data\raw\multispectral\AnnualCrop\AnnualCrop_757.tif,0,0,AnnualCrop,AnnualCrop,AnnualCrop
C:\Users\DELL Precision 5550\Documents\GitHub\Terrasight-Eurosat-RGB-vs-Multispectral\data\raw\multispectral\AnnualCrop\AnnualCrop_2628.tif,0,0,AnnualCrop,AnnualCrop,AnnualCrop
C:\Users\DELL Precision 5550\Documents\GitHub\Terrasight-Eurosat-RGB-vs-Multispectral\data\raw\multispectral\Residential\Residential_2562.tif,7,7,Residential,Residential,Residential
C:\Users\DELL Precision 5550\Documents\GitHub\Terrasight-Eurosat-RGB-vs-Multispectral\data\raw\multispectral\PermanentCrop\PermanentCrop_690.tif,6,6,PermanentCrop,PermanentCrop,PermanentCrop
C:\Users\DELL Precision 5550\Documents\GitHub\Terrasight-Eurosat-RGB-vs-Multispectral\data\raw\multispectral\Forest\Forest_2112.tif,1,1,Forest,Forest,Forest
C:\Users\DELL Precision 5550\Documents\GitHub\Terrasight-Eurosat-RGB-vs-Multispectral\data\raw\multispectral\HerbaceousVegetation\HerbaceousVegetation_2905.tif,2,2,HerbaceousVegetation,HerbaceousVegetation,HerbaceousVegetation
C:\Users\DELL Precision 5550\Documents\GitHub\Terrasight-Eurosat-RGB-vs-Multispectral\data\raw\multispectral\PermanentCrop\PermanentCrop_828.tif,6,6,PermanentCrop,PermanentCrop,PermanentCrop
C:\Users\DELL Precision 5550\Documents\GitHub\Terrasight-Eurosat-RGB-vs-Multispectral\data\raw\multispectral\Forest\Forest_390.tif,1,1,Forest,Forest,Forest
C:\Users\DELL Precision 5550\Documents\GitHub\Terrasight-Eurosat-RGB-vs-Multispectral\data\raw\multispectral\Forest\Forest_2763.tif,1,1,Forest,Forest,Forest
C:\Users\DELL Precision 5550\Documents\GitHub\Terrasight-Eurosat-RGB-vs-Multispectral\data\raw\multispectral\Industrial\Industrial_465.tif,4,4,Industrial,Industrial,Industrial
C:\Users\DELL Precision 5550\Documents\GitHub\Terrasight-Eurosat-RGB-vs-Multispectral\data\raw\multispectral\SeaLake\SeaLake_2272.tif,9,9,SeaLake,SeaLake,SeaLake
C:\Users\DELL Precision 5550\Documents\GitHub\Terrasight-Eurosat-RGB-vs-Multispectral\data\raw\multispectral\Residential\Residential_1358.tif,7,7,Residential,Residential,Residential
C:\Users\DELL Precision 5550\Documents\GitHub\Terrasight-Eurosat-RGB-vs-Multispectral\data\raw\multispectral\HerbaceousVegetation\HerbaceousVegetation_1069.tif,2,2,HerbaceousVegetation,HerbaceousVegetation,HerbaceousVegetation
C:\Users\DELL Precision 5550\Documents\GitHub\Terrasight-Eurosat-RGB-vs-Multispectral\data\raw\multispectral\River\River_1903.tif,8,8,River,River,River
C:\Users\DELL Precision 5550\Documents\GitHub\Terrasight-Eurosat-RGB-vs-Multispectral\data\raw\multispectral\AnnualCrop\AnnualCrop_1118.tif,0,0,AnnualCrop,AnnualCrop,AnnualCrop
C:\Users\DELL Precision 5550\Documents\GitHub\Terrasight-Eurosat-RGB-vs-Multispectral\data\raw\multispectral\HerbaceousVegetation\HerbaceousVegetation_260.tif,2,2,HerbaceousVegetation,HerbaceousVegetation,HerbaceousVegetation
C:\Users\DELL Precision 5550\Documents\GitHub\Terrasight-Eurosat-RGB-vs-Multispectral\data\raw\multispectral\Residential\Residential_86.tif,7,7,Residential,Residential,Residential
C:\Users\DELL Precision 5550\Documents\GitHub\Terrasight-Eurosat-RGB-vs-Multispectral\data\raw\multispectral\Forest\Forest_1834.tif,1,1,Forest,Forest,Forest
C:\Users\DELL Precision 5550\Documents\GitHub\Terrasight-Eurosat-RGB-vs-Multispectral\data\raw\multispectral\SeaLake\SeaLake_2039.tif,9,9,SeaLake,SeaLake,SeaLake
C:\Users\DELL Precision 5550\Documents\GitHub\Terrasight-Eurosat-RGB-vs-Multispectral\data\raw\multispectral\Pasture\Pasture_1163.tif,5,0,Pasture,AnnualCrop,Pasture
C:\Users\DELL Precision 5550\Documents\GitHub\Terrasight-Eurosat-RGB-vs-Multispectral\data\raw\multispectral\SeaLake\SeaLake_2986.tif,9,9,SeaLake,SeaLake,SeaLake
C:\Users\DELL Precision 5550\Documents\GitHub\Terrasight-Eurosat-RGB-vs-Multispectral\data\raw\multispectral\River\River_158.tif,8,8,River,River,River
C:\Users\DELL Precision 5550\Documents\GitHub\Terrasight-Eurosat-RGB-vs-Multispectral\data\raw\multispectral\Highway\Highway_2317.tif,3,3,Highway,Highway,Highway
C:\Users\DELL Precision 5550\Documents\GitHub\Terrasight-Eurosat-RGB-vs-Multispectral\data\raw\multispectral\Industrial\Industrial_16.tif,4,4,Industrial,Industrial,Industrial
C:\Users\DELL Precision 5550\Documents\GitHub\Terrasight-Eurosat-RGB-vs-Multispectral\data\raw\multispectral\HerbaceousVegetation\HerbaceousVegetation_2236.tif,2,6,HerbaceousVegetation,PermanentCrop,HerbaceousVegetation
C:\Users\DELL Precision 5550\Documents\GitHub\Terrasight-Eurosat-RGB-vs-Multispectral\data\raw\multispectral\Forest\Forest_217.tif,1,1,Forest,Forest,Forest
C:\Users\DELL Precision 5550\Documents\GitHub\Terrasight-Eurosat-RGB-vs-Multispectral\data\raw\multispectral\River\River_2413.tif,8,8,River,River,River
C:\Users\DELL Precision 5550\Documents\GitHub\Terrasight-Eurosat-RGB-vs-Multispectral\data\raw\multispectral\Forest\Forest_2124.tif,1,8,Forest,River,Forest
C:\Users\DELL Precision 5550\Documents\GitHub\Terrasight-Eurosat-RGB-vs-Multispectral\data\raw\multispectral\Pasture\Pasture_786.tif,5,5,Pasture,Pasture,Pasture
C:\Users\DELL Precision 5550\Documents\GitHub\Terrasight-Eurosat-RGB-vs-Multispectral\data\raw\multispectral\Residential\Residential_966.tif,7,7,Residential,Residential,Residential
C:\Users\DELL Precision 5550\Documents\GitHub\Terrasight-Eurosat-RGB-vs-Multispectral\data\raw\multispectral\SeaLake\SeaLake_1489.tif,9,9,SeaLake,SeaLake,SeaLake
C:\Users\DELL Precision 5550\Documents\GitHub\Terrasight-Eurosat-RGB-vs-Multispectral\data\raw\multispectral\AnnualCrop\AnnualCrop_397.tif,0,0,AnnualCrop,AnnualCrop,AnnualCrop
C:\Users\DELL Precision 5550\Documents\GitHub\Terrasight-Eurosat-RGB-vs-Multispectral\data\raw\multispectral\Pasture\Pasture_1536.tif,5,5,Pasture,Pasture,Pasture
C:\Users\DELL Precision 5550\Documents\GitHub\Terrasight-Eurosat-RGB-vs-Multispectral\data\raw\multispectral\Forest\Forest_1591.tif,1,1,Forest,Forest,Forest
C:\Users\DELL Precision 5550\Documents\GitHub\Terrasight-Eurosat-RGB-vs-Multispectral\data\raw\multispectral\Pasture\Pasture_1134.tif,5,5,Pasture,Pasture,Pasture
C:\Users\DELL Precision 5550\Documents\GitHub\Terrasight-Eurosat-RGB-vs-Multispectral\data\raw\multispectral\Industrial\Industrial_1550.tif,4,4,Industrial,Industrial,Industrial
C:\Users\DELL Precision 5550\Documents\GitHub\Terrasight-Eurosat-RGB-vs-Multispectral\data\raw\multispectral\PermanentCrop\PermanentCrop_1572.tif,6,6,PermanentCrop,PermanentCrop,PermanentCrop
C:\Users\DELL Precision 5550\Documents\GitHub\Terrasight-Eurosat-RGB-vs-Multispectral\data\raw\multispectral\SeaLake\SeaLake_2839.tif,9,9,SeaLake,SeaLake,SeaLake
C:\Users\DELL Precision 5550\Documents\GitHub\Terrasight-Eurosat-RGB-vs-Multispectral\data\raw\multispectral\Industrial\Industrial_788.tif,4,4,Industrial,Industrial,Industrial
C:\Users\DELL Precision 5550\Documents\GitHub\Terrasight-Eurosat-RGB-vs-Multispectral\data\raw\multispectral\SeaLake\SeaLake_674.tif,9,9,SeaLake,SeaLake,SeaLake
C:\Users\DELL Precision 5550\Documents\GitHub\Terrasight-Eurosat-RGB-vs-Multispectral\data\raw\multispectral\Forest\Forest_2907.tif,1,1,Forest,Forest,Forest
C:\Users\DELL Precision 5550\Documents\GitHub\Terrasight-Eurosat-RGB-vs-Multispectral\data\raw\multispectral\Highway\Highway_1460.tif,3,3,Highway,Highway,Highway
C:\Users\DELL Precision 5550\Documents\GitHub\Terrasight-Eurosat-RGB-vs-Multispectral\data\raw\multispectral\Industrial\Industrial_1874.tif,4,4,Industrial,Industrial,Industrial
C:\Users\DELL Precision 5550\Documents\GitHub\Terrasight-Eurosat-RGB-vs-Multispectral\data\raw\multispectral\Residential\Residential_2210.tif,7,7,Residential,Residential,Residential
C:\Users\DELL Precision 5550\Documents\GitHub\Terrasight-Eurosat-RGB-vs-Multispectral\data\raw\multispectral\Highway\Highway_172.tif,3,3,Highway,Highway,Highway
C:\Users\DELL Precision 5550\Documents\GitHub\Terrasight-Eurosat-RGB-vs-Multispectral\data\raw\multispectral\AnnualCrop\AnnualCrop_2033.tif,0,0,AnnualCrop,AnnualCrop,AnnualCrop
C:\Users\DELL Precision 5550\Documents\GitHub\Terrasight-Eurosat-RGB-vs-Multispectral\data\raw\multispectral\PermanentCrop\PermanentCrop_1551.tif,6,0,PermanentCrop,AnnualCrop,PermanentCrop
C:\Users\DELL Precision 5550\Documents\GitHub\Terrasight-Eurosat-RGB-vs-Multispectral\data\raw\multispectral\PermanentCrop\PermanentCrop_2454.tif,6,6,PermanentCrop,PermanentCrop,PermanentCrop
C:\Users\DELL Precision 5550\Documents\GitHub\Terrasight-Eurosat-RGB-vs-Multispectral\data\raw\multispectral\Pasture\Pasture_1993.tif,5,5,Pasture,Pasture,Pasture
C:\Users\DELL Precision 5550\Documents\GitHub\Terrasight-Eurosat-RGB-vs-Multispectral\data\raw\multispectral\Residential\Residential_2639.tif,7,7,Residential,Residential,Residential
C:\Users\DELL Precision 5550\Documents\GitHub\Terrasight-Eurosat-RGB-vs-Multispectral\data\raw\multispectral\HerbaceousVegetation\HerbaceousVegetation_1392.tif,2,2,HerbaceousVegetation,HerbaceousVegetation,HerbaceousVegetation
C:\Users\DELL Precision 5550\Documents\GitHub\Terrasight-Eurosat-RGB-vs-Multispectral\data\raw\multispectral\Highway\Highway_576.tif,3,3,Highway,Highway,Highway
C:\Users\DELL Precision 5550\Documents\GitHub\Terrasight-Eurosat-RGB-vs-Multispectral\data\raw\multispectral\Residential\Residential_553.tif,7,7,Residential,Residential,Residential
C:\Users\DELL Precision 5550\Documents\GitHub\Terrasight-Eurosat-RGB-vs-Multispectral\data\raw\multispectral\Residential\Residential_2851.tif,7,7,Residential,Residential,Residential
C:\Users\DELL Precision 5550\Documents\GitHub\Terrasight-Eurosat-RGB-vs-Multispectral\data\raw\multispectral\SeaLake\SeaLake_2420.tif,9,9,SeaLake,SeaLake,SeaLake
C:\Users\DELL Precision 5550\Documents\GitHub\Terrasight-Eurosat-RGB-vs-Multispectral\data\raw\multispectral\PermanentCrop\PermanentCrop_2121.tif,6,6,PermanentCrop,PermanentCrop,PermanentCrop
C:\Users\DELL Precision 5550\Documents\GitHub\Terrasight-Eurosat-RGB-vs-Multispectral\data\raw\multispectral\HerbaceousVegetation\HerbaceousVegetation_1056.tif,2,2,HerbaceousVegetation,HerbaceousVegetation,HerbaceousVegetation
C:\Users\DELL Precision 5550\Documents\GitHub\Terrasight-Eurosat-RGB-vs-Multispectral\data\raw\multispectral\Industrial\Industrial_579.tif,4,4,Industrial,Industrial,Industrial
C:\Users\DELL Precision 5550\Documents\GitHub\Terrasight-Eurosat-RGB-vs-Multispectral\data\raw\multispectral\Industrial\Industrial_1044.tif,4,7,Industrial,Residential,Industrial
C:\Users\DELL Precision 5550\Documents\GitHub\Terrasight-Eurosat-RGB-vs-Multispectral\data\raw\multispectral\Forest\Forest_1141.tif,1,1,Forest,Forest,Forest
C:\Users\DELL Precision 5550\Documents\GitHub\Terrasight-Eurosat-RGB-vs-Multispectral\data\raw\multispectral\HerbaceousVegetation\HerbaceousVegetation_1164.tif,2,2,HerbaceousVegetation,HerbaceousVegetation,HerbaceousVegetation
C:\Users\DELL Precision 5550\Documents\GitHub\Terrasight-Eurosat-RGB-vs-Multispectral\data\raw\multispectral\SeaLake\SeaLake_1345.tif,9,9,SeaLake,SeaLake,SeaLake
C:\Users\DELL Precision 5550\Documents\GitHub\Terrasight-Eurosat-RGB-vs-Multispectral\data\raw\multispectral\Pasture\Pasture_678.tif,5,5,Pasture,Pasture,Pasture
C:\Users\DELL Precision 5550\Documents\GitHub\Terrasight-Eurosat-RGB-vs-Multispectral\data\raw\multispectral\Highway\Highway_1280.tif,3,3,Highway,Highway,Highway
C:\Users\DELL Precision 5550\Documents\GitHub\Terrasight-Eurosat-RGB-vs-Multispectral\data\raw\multispectral\Residential\Residential_2512.tif,7,7,Residential,Residential,Residential
C:\Users\DELL Precision 5550\Documents\GitHub\Terrasight-Eurosat-RGB-vs-Multispectral\data\raw\multispectral\Pasture\Pasture_661.tif,5,5,Pasture,Pasture,Pasture
C:\Users\DELL Precision 5550\Documents\GitHub\Terrasight-Eurosat-RGB-vs-Multispectral\data\raw\multispectral\HerbaceousVegetation\HerbaceousVegetation_2021.tif,2,2,HerbaceousVegetation,HerbaceousVegetation,HerbaceousVegetation
C:\Users\DELL Precision 5550\Documents\GitHub\Terrasight-Eurosat-RGB-vs-Multispectral\data\raw\multispectral\Pasture\Pasture_1796.tif,5,2,Pasture,HerbaceousVegetation,Pasture
C:\Users\DELL Precision 5550\Documents\GitHub\Terrasight-Eurosat-RGB-vs-Multispectral\data\raw\multispectral\Pasture\Pasture_24.tif,5,5,Pasture,Pasture,Pasture
C:\Users\DELL Precision 5550\Documents\GitHub\Terrasight-Eurosat-RGB-vs-Multispectral\data\raw\multispectral\Highway\Highway_1182.tif,3,3,Highway,Highway,Highway
C:\Users\DELL Precision 5550\Documents\GitHub\Terrasight-Eurosat-RGB-vs-Multispectral\data\raw\multispectral\SeaLake\SeaLake_2976.tif,9,9,SeaLake,SeaLake,SeaLake
C:\Users\DELL Precision 5550\Documents\GitHub\Terrasight-Eurosat-RGB-vs-Multispectral\data\raw\multispectral\River\River_496.tif,8,8,River,River,River
C:\Users\DELL Precision 5550\Documents\GitHub\Terrasight-Eurosat-RGB-vs-Multispectral\data\raw\multispectral\River\River_1792.tif,8,8,River,River,River
C:\Users\DELL Precision 5550\Documents\GitHub\Terrasight-Eurosat-RGB-vs-Multispectral\data\raw\multispectral\Forest\Forest_2935.tif,1,1,Forest,Forest,Forest
C:\Users\DELL Precision 5550\Documents\GitHub\Terrasight-Eurosat-RGB-vs-Multispectral\data\raw\multispectral\PermanentCrop\PermanentCrop_1372.tif,6,6,PermanentCrop,PermanentCrop,PermanentCrop
C:\Users\DELL Precision 5550\Documents\GitHub\Terrasight-Eurosat-RGB-vs-Multispectral\data\raw\multispectral\River\River_97.tif,8,8,River,River,River
C:\Users\DELL Precision 5550\Documents\GitHub\Terrasight-Eurosat-RGB-vs-Multispectral\data\raw\multispectral\HerbaceousVegetation\HerbaceousVegetation_616.tif,2,2,HerbaceousVegetation,HerbaceousVegetation,HerbaceousVegetation
C:\Users\DELL Precision 5550\Documents\GitHub\Terrasight-Eurosat-RGB-vs-Multispectral\data\raw\multispectral\Industrial\Industrial_2149.tif,4,4,Industrial,Industrial,Industrial
C:\Users\DELL Precision 5550\Documents\GitHub\Terrasight-Eurosat-RGB-vs-Multispectral\data\raw\multispectral\River\River_299.tif,8,8,River,River,River
C:\Users\DELL Precision 5550\Documents\GitHub\Terrasight-Eurosat-RGB-vs-Multispectral\data\raw\multispectral\AnnualCrop\AnnualCrop_2726.tif,0,0,AnnualCrop,AnnualCrop,AnnualCrop
C:\Users\DELL Precision 5550\Documents\GitHub\Terrasight-Eurosat-RGB-vs-Multispectral\data\raw\multispectral\Residential\Residential_799.tif,7,7,Residential,Residential,Residential
C:\Users\DELL Precision 5550\Documents\GitHub\Terrasight-Eurosat-RGB-vs-Multispectral\data\raw\multispectral\HerbaceousVegetation\HerbaceousVegetation_1527.tif,2,2,HerbaceousVegetation,HerbaceousVegetation,HerbaceousVegetation
C:\Users\DELL Precision 5550\Documents\GitHub\Terrasight-Eurosat-RGB-vs-Multispectral\data\raw\multispectral\HerbaceousVegetation\HerbaceousVegetation_613.tif,2,2,HerbaceousVegetation,HerbaceousVegetation,HerbaceousVegetation
C:\Users\DELL Precision 5550\Documents\GitHub\Terrasight-Eurosat-RGB-vs-Multispectral\data\raw\multispectral\SeaLake\SeaLake_948.tif,9,9,SeaLake,SeaLake,SeaLake
C:\Users\DELL Precision 5550\Documents\GitHub\Terrasight-Eurosat-RGB-vs-Multispectral\data\raw\multispectral\Industrial\Industrial_1081.tif,4,4,Industrial,Industrial,Industrial
C:\Users\DELL Precision 5550\Documents\GitHub\Terrasight-Eurosat-RGB-vs-Multispectral\data\raw\multispectral\PermanentCrop\PermanentCrop_1428.tif,6,6,PermanentCrop,PermanentCrop,PermanentCrop
C:\Users\DELL Precision 5550\Documents\GitHub\Terrasight-Eurosat-RGB-vs-Multispectral\data\raw\multispectral\SeaLake\SeaLake_2645.tif,9,9,SeaLake,SeaLake,SeaLake
C:\Users\DELL Precision 5550\Documents\GitHub\Terrasight-Eurosat-RGB-vs-Multispectral\data\raw\multispectral\SeaLake\SeaLake_2833.tif,9,9,SeaLake,SeaLake,SeaLake
C:\Users\DELL Precision 5550\Documents\GitHub\Terrasight-Eurosat-RGB-vs-Multispectral\data\raw\multispectral\AnnualCrop\AnnualCrop_1056.tif,0,0,AnnualCrop,AnnualCrop,AnnualCrop
C:\Users\DELL Precision 5550\Documents\GitHub\Terrasight-Eurosat-RGB-vs-Multispectral\data\raw\multispectral\Residential\Residential_359.tif,7,7,Residential,Residential,Residential
C:\Users\DELL Precision 5550\Documents\GitHub\Terrasight-Eurosat-RGB-vs-Multispectral\data\raw\multispectral\PermanentCrop\PermanentCrop_2321.tif,6,6,PermanentCrop,PermanentCrop,PermanentCrop
C:\Users\DELL Precision 5550\Documents\GitHub\Terrasight-Eurosat-RGB-vs-Multispectral\data\raw\multispectral\Pasture\Pasture_623.tif,5,2,Pasture,HerbaceousVegetation,Pasture
C:\Users\DELL Precision 5550\Documents\GitHub\Terrasight-Eurosat-RGB-vs-Multispectral\data\raw\multispectral\PermanentCrop\PermanentCrop_1958.tif,6,6,PermanentCrop,PermanentCrop,PermanentCrop
C:\Users\DELL Precision 5550\Documents\GitHub\Terrasight-Eurosat-RGB-vs-Multispectral\data\raw\multispectral\Industrial\Industrial_648.tif,4,4,Industrial,Industrial,Industrial
C:\Users\DELL Precision 5550\Documents\GitHub\Terrasight-Eurosat-RGB-vs-Multispectral\data\raw\multispectral\PermanentCrop\PermanentCrop_2157.tif,6,6,PermanentCrop,PermanentCrop,PermanentCrop
C:\Users\DELL Precision 5550\Documents\GitHub\Terrasight-Eurosat-RGB-vs-Multispectral\data\raw\multispectral\AnnualCrop\AnnualCrop_1350.tif,0,0,AnnualCrop,AnnualCrop,AnnualCrop
C:\Users\DELL Precision 5550\Documents\GitHub\Terrasight-Eurosat-RGB-vs-Multispectral\data\raw\multispectral\SeaLake\SeaLake_1738.tif,9,9,SeaLake,SeaLake,SeaLake
C:\Users\DELL Precision 5550\Documents\GitHub\Terrasight-Eurosat-RGB-vs-Multispectral\data\raw\multispectral\Highway\Highway_363.tif,3,3,Highway,Highway,Highway
C:\Users\DELL Precision 5550\Documents\GitHub\Terrasight-Eurosat-RGB-vs-Multispectral\data\raw\multispectral\PermanentCrop\PermanentCrop_1705.tif,6,0,PermanentCrop,AnnualCrop,PermanentCrop
C:\Users\DELL Precision 5550\Documents\GitHub\Terrasight-Eurosat-RGB-vs-Multispectral\data\raw\multispectral\AnnualCrop\AnnualCrop_928.tif,0,0,AnnualCrop,AnnualCrop,AnnualCrop
C:\Users\DELL Precision 5550\Documents\GitHub\Terrasight-Eurosat-RGB-vs-Multispectral\data\raw\multispectral\River\River_453.tif,8,8,River,River,River
C:\Users\DELL Precision 5550\Documents\GitHub\Terrasight-Eurosat-RGB-vs-Multispectral\data\raw\multispectral\River\River_2057.tif,8,8,River,River,River
C:\Users\DELL Precision 5550\Documents\GitHub\Terrasight-Eurosat-RGB-vs-Multispectral\data\raw\multispectral\Residential\Residential_2198.tif,7,7,Residential,Residential,Residential
C:\Users\DELL Precision 5550\Documents\GitHub\Terrasight-Eurosat-RGB-vs-Multispectral\data\raw\multispectral\HerbaceousVegetation\HerbaceousVegetation_859.tif,2,2,HerbaceousVegetation,HerbaceousVegetation,HerbaceousVegetation
C:\Users\DELL Precision 5550\Documents\GitHub\Terrasight-Eurosat-RGB-vs-Multispectral\data\raw\multispectral\PermanentCrop\PermanentCrop_447.tif,6,6,PermanentCrop,PermanentCrop,PermanentCrop
C:\Users\DELL Precision 5550\Documents\GitHub\Terrasight-Eurosat-RGB-vs-Multispectral\data\raw\multispectral\Highway\Highway_1129.tif,3,3,Highway,Highway,Highway
C:\Users\DELL Precision 5550\Documents\GitHub\Terrasight-Eurosat-RGB-vs-Multispectral\data\raw\multispectral\Residential\Residential_1180.tif,7,4,Residential,Industrial,Residential
C:\Users\DELL Precision 5550\Documents\GitHub\Terrasight-Eurosat-RGB-vs-Multispectral\data\raw\multispectral\Industrial\Industrial_464.tif,4,4,Industrial,Industrial,Industrial
C:\Users\DELL Precision 5550\Documents\GitHub\Terrasight-Eurosat-RGB-vs-Multispectral\data\raw\multispectral\River\River_2278.tif,8,8,River,River,River
C:\Users\DELL Precision 5550\Documents\GitHub\Terrasight-Eurosat-RGB-vs-Multispectral\data\raw\multispectral\Pasture\Pasture_1059.tif,5,5,Pasture,Pasture,Pasture
C:\Users\DELL Precision 5550\Documents\GitHub\Terrasight-Eurosat-RGB-vs-Multispectral\data\raw\multispectral\Forest\Forest_1641.tif,1,1,Forest,Forest,Forest
C:\Users\DELL Precision 5550\Documents\GitHub\Terrasight-Eurosat-RGB-vs-Multispectral\data\raw\multispectral\River\River_1145.tif,8,8,River,River,River
C:\Users\DELL Precision 5550\Documents\GitHub\Terrasight-Eurosat-RGB-vs-Multispectral\data\raw\multispectral\SeaLake\SeaLake_1385.tif,9,9,SeaLake,SeaLake,SeaLake
C:\Users\DELL Precision 5550\Documents\GitHub\Terrasight-Eurosat-RGB-vs-Multispectral\data\raw\multispectral\Industrial\Industrial_1047.tif,4,4,Industrial,Industrial,Industrial
C:\Users\DELL Precision 5550\Documents\GitHub\Terrasight-Eurosat-RGB-vs-Multispectral\data\raw\multispectral\PermanentCrop\PermanentCrop_1203.tif,6,6,PermanentCrop,PermanentCrop,PermanentCrop
C:\Users\DELL Precision 5550\Documents\GitHub\Terrasight-Eurosat-RGB-vs-Multispectral\data\raw\multispectral\Industrial\Industrial_2433.tif,4,4,Industrial,Industrial,Industrial
C:\Users\DELL Precision 5550\Documents\GitHub\Terrasight-Eurosat-RGB-vs-Multispectral\data\raw\multispectral\River\River_400.tif,8,8,River,River,River
C:\Users\DELL Precision 5550\Documents\GitHub\Terrasight-Eurosat-RGB-vs-Multispectral\data\raw\multispectral\AnnualCrop\AnnualCrop_2978.tif,0,0,AnnualCrop,AnnualCrop,AnnualCrop
C:\Users\DELL Precision 5550\Documents\GitHub\Terrasight-Eurosat-RGB-vs-Multispectral\data\raw\multispectral\River\River_16.tif,8,8,River,River,River
C:\Users\DELL Precision 5550\Documents\GitHub\Terrasight-Eurosat-RGB-vs-Multispectral\data\raw\multispectral\River\River_682.tif,8,8,River,River,River
C:\Users\DELL Precision 5550\Documents\GitHub\Terrasight-Eurosat-RGB-vs-Multispectral\data\raw\multispectral\SeaLake\SeaLake_2211.tif,9,9,SeaLake,SeaLake,SeaLake
C:\Users\DELL Precision 5550\Documents\GitHub\Terrasight-Eurosat-RGB-vs-Multispectral\data\raw\multispectral\Forest\Forest_1693.tif,1,1,Forest,Forest,Forest
C:\Users\DELL Precision 5550\Documents\GitHub\Terrasight-Eurosat-RGB-vs-Multispectral\data\raw\multispectral\Pasture\Pasture_1543.tif,5,5,Pasture,Pasture,Pasture
C:\Users\DELL Precision 5550\Documents\GitHub\Terrasight-Eurosat-RGB-vs-Multispectral\data\raw\multispectral\SeaLake\SeaLake_1840.tif,9,9,SeaLake,SeaLake,SeaLake
C:\Users\DELL Precision 5550\Documents\GitHub\Terrasight-Eurosat-RGB-vs-Multispectral\data\raw\multispectral\PermanentCrop\PermanentCrop_741.tif,6,6,PermanentCrop,PermanentCrop,PermanentCrop
C:\Users\DELL Precision 5550\Documents\GitHub\Terrasight-Eurosat-RGB-vs-Multispectral\data\raw\multispectral\River\River_2104.tif,8,8,River,River,River
C:\Users\DELL Precision 5550\Documents\GitHub\Terrasight-Eurosat-RGB-vs-Multispectral\data\raw\multispectral\HerbaceousVegetation\HerbaceousVegetation_2386.tif,2,2,HerbaceousVegetation,HerbaceousVegetation,HerbaceousVegetation
C:\Users\DELL Precision 5550\Documents\GitHub\Terrasight-Eurosat-RGB-vs-Multispectral\data\raw\multispectral\SeaLake\SeaLake_1441.tif,9,9,SeaLake,SeaLake,SeaLake
C:\Users\DELL Precision 5550\Documents\GitHub\Terrasight-Eurosat-RGB-vs-Multispectral\data\raw\multispectral\HerbaceousVegetation\HerbaceousVegetation_1029.tif,2,2,HerbaceousVegetation,HerbaceousVegetation,HerbaceousVegetation
C:\Users\DELL Precision 5550\Documents\GitHub\Terrasight-Eurosat-RGB-vs-Multispectral\data\raw\multispectral\River\River_2311.tif,8,8,River,River,River
C:\Users\DELL Precision 5550\Documents\GitHub\Terrasight-Eurosat-RGB-vs-Multispectral\data\raw\multispectral\River\River_1750.tif,8,8,River,River,River
C:\Users\DELL Precision 5550\Documents\GitHub\Terrasight-Eurosat-RGB-vs-Multispectral\data\raw\multispectral\Pasture\Pasture_1990.tif,5,5,Pasture,Pasture,Pasture
C:\Users\DELL Precision 5550\Documents\GitHub\Terrasight-Eurosat-RGB-vs-Multispectral\data\raw\multispectral\Residential\Residential_898.tif,7,7,Residential,Residential,Residential
C:\Users\DELL Precision 5550\Documents\GitHub\Terrasight-Eurosat-RGB-vs-Multispectral\data\raw\multispectral\Residential\Residential_533.tif,7,7,Residential,Residential,Residential
C:\Users\DELL Precision 5550\Documents\GitHub\Terrasight-Eurosat-RGB-vs-Multispectral\data\raw\multispectral\Forest\Forest_1397.tif,1,1,Forest,Forest,Forest
C:\Users\DELL Precision 5550\Documents\GitHub\Terrasight-Eurosat-RGB-vs-Multispectral\data\raw\multispectral\Pasture\Pasture_11.tif,5,5,Pasture,Pasture,Pasture
C:\Users\DELL Precision 5550\Documents\GitHub\Terrasight-Eurosat-RGB-vs-Multispectral\data\raw\multispectral\AnnualCrop\AnnualCrop_939.tif,0,0,AnnualCrop,AnnualCrop,AnnualCrop
C:\Users\DELL Precision 5550\Documents\GitHub\Terrasight-Eurosat-RGB-vs-Multispectral\data\raw\multispectral\Pasture\Pasture_377.tif,5,5,Pasture,Pasture,Pasture
C:\Users\DELL Precision 5550\Documents\GitHub\Terrasight-Eurosat-RGB-vs-Multispectral\data\raw\multispectral\SeaLake\SeaLake_334.tif,9,9,SeaLake,SeaLake,SeaLake
C:\Users\DELL Precision 5550\Documents\GitHub\Terrasight-Eurosat-RGB-vs-Multispectral\data\raw\multispectral\HerbaceousVegetation\HerbaceousVegetation_1464.tif,2,2,HerbaceousVegetation,HerbaceousVegetation,HerbaceousVegetation
C:\Users\DELL Precision 5550\Documents\GitHub\Terrasight-Eurosat-RGB-vs-Multispectral\data\raw\multispectral\Industrial\Industrial_1323.tif,4,4,Industrial,Industrial,Industrial
C:\Users\DELL Precision 5550\Documents\GitHub\Terrasight-Eurosat-RGB-vs-Multispectral\data\raw\multispectral\PermanentCrop\PermanentCrop_1796.tif,6,6,PermanentCrop,PermanentCrop,PermanentCrop
C:\Users\DELL Precision 5550\Documents\GitHub\Terrasight-Eurosat-RGB-vs-Multispectral\data\raw\multispectral\Highway\Highway_1229.tif,3,3,Highway,Highway,Highway
C:\Users\DELL Precision 5550\Documents\GitHub\Terrasight-Eurosat-RGB-vs-Multispectral\data\raw\multispectral\Industrial\Industrial_2086.tif,4,4,Industrial,Industrial,Industrial
C:\Users\DELL Precision 5550\Documents\GitHub\Terrasight-Eurosat-RGB-vs-Multispectral\data\raw\multispectral\AnnualCrop\AnnualCrop_1262.tif,0,0,AnnualCrop,AnnualCrop,AnnualCrop
C:\Users\DELL Precision 5550\Documents\GitHub\Terrasight-Eurosat-RGB-vs-Multispectral\data\raw\multispectral\Industrial\Industrial_1460.tif,4,4,Industrial,Industrial,Industrial
C:\Users\DELL Precision 5550\Documents\GitHub\Terrasight-Eurosat-RGB-vs-Multispectral\data\raw\multispectral\AnnualCrop\AnnualCrop_823.tif,0,0,AnnualCrop,AnnualCrop,AnnualCrop
C:\Users\DELL Precision 5550\Documents\GitHub\Terrasight-Eurosat-RGB-vs-Multispectral\data\raw\multispectral\River\River_2162.tif,8,8,River,River,River
C:\Users\DELL Precision 5550\Documents\GitHub\Terrasight-Eurosat-RGB-vs-Multispectral\data\raw\multispectral\AnnualCrop\AnnualCrop_1767.tif,0,0,AnnualCrop,AnnualCrop,AnnualCrop
C:\Users\DELL Precision 5550\Documents\GitHub\Terrasight-Eurosat-RGB-vs-Multispectral\data\raw\multispectral\Pasture\Pasture_1760.tif,5,5,Pasture,Pasture,Pasture
C:\Users\DELL Precision 5550\Documents\GitHub\Terrasight-Eurosat-RGB-vs-Multispectral\data\raw\multispectral\Residential\Residential_1529.tif,7,7,Residential,Residential,Residential
C:\Users\DELL Precision 5550\Documents\GitHub\Terrasight-Eurosat-RGB-vs-Multispectral\data\raw\multispectral\Pasture\Pasture_814.tif,5,5,Pasture,Pasture,Pasture
C:\Users\DELL Precision 5550\Documents\GitHub\Terrasight-Eurosat-RGB-vs-Multispectral\data\raw\multispectral\Pasture\Pasture_514.tif,5,5,Pasture,Pasture,Pasture
C:\Users\DELL Precision 5550\Documents\GitHub\Terrasight-Eurosat-RGB-vs-Multispectral\data\raw\multispectral\Residential\Residential_1670.tif,7,7,Residential,Residential,Residential
C:\Users\DELL Precision 5550\Documents\GitHub\Terrasight-Eurosat-RGB-vs-Multispectral\data\raw\multispectral\Highway\Highway_2043.tif,3,3,Highway,Highway,Highway
C:\Users\DELL Precision 5550\Documents\GitHub\Terrasight-Eurosat-RGB-vs-Multispectral\data\raw\multispectral\SeaLake\SeaLake_1842.tif,9,9,SeaLake,SeaLake,SeaLake
C:\Users\DELL Precision 5550\Documents\GitHub\Terrasight-Eurosat-RGB-vs-Multispectral\data\raw\multispectral\Pasture\Pasture_241.tif,5,5,Pasture,Pasture,Pasture
C:\Users\DELL Precision 5550\Documents\GitHub\Terrasight-Eurosat-RGB-vs-Multispectral\data\raw\multispectral\PermanentCrop\PermanentCrop_807.tif,6,6,PermanentCrop,PermanentCrop,PermanentCrop
C:\Users\DELL Precision 5550\Documents\GitHub\Terrasight-Eurosat-RGB-vs-Multispectral\data\raw\multispectral\HerbaceousVegetation\HerbaceousVegetation_2955.tif,2,2,HerbaceousVegetation,HerbaceousVegetation,HerbaceousVegetation
C:\Users\DELL Precision 5550\Documents\GitHub\Terrasight-Eurosat-RGB-vs-Multispectral\data\raw\multispectral\PermanentCrop\PermanentCrop_2360.tif,6,0,PermanentCrop,AnnualCrop,PermanentCrop
C:\Users\DELL Precision 5550\Documents\GitHub\Terrasight-Eurosat-RGB-vs-Multispectral\data\raw\multispectral\Industrial\Industrial_614.tif,4,4,Industrial,Industrial,Industrial
C:\Users\DELL Precision 5550\Documents\GitHub\Terrasight-Eurosat-RGB-vs-Multispectral\data\raw\multispectral\SeaLake\SeaLake_2731.tif,9,9,SeaLake,SeaLake,SeaLake
C:\Users\DELL Precision 5550\Documents\GitHub\Terrasight-Eurosat-RGB-vs-Multispectral\data\raw\multispectral\PermanentCrop\PermanentCrop_2259.tif,6,6,PermanentCrop,PermanentCrop,PermanentCrop
C:\Users\DELL Precision 5550\Documents\GitHub\Terrasight-Eurosat-RGB-vs-Multispectral\data\raw\multispectral\HerbaceousVegetation\HerbaceousVegetation_1926.tif,2,2,HerbaceousVegetation,HerbaceousVegetation,HerbaceousVegetation
C:\Users\DELL Precision 5550\Documents\GitHub\Terrasight-Eurosat-RGB-vs-Multispectral\data\raw\multispectral\Industrial\Industrial_632.tif,4,4,Industrial,Industrial,Industrial
C:\Users\DELL Precision 5550\Documents\GitHub\Terrasight-Eurosat-RGB-vs-Multispectral\data\raw\multispectral\Highway\Highway_2400.tif,3,3,Highway,Highway,Highway
C:\Users\DELL Precision 5550\Documents\GitHub\Terrasight-Eurosat-RGB-vs-Multispectral\data\raw\multispectral\Forest\Forest_406.tif,1,1,Forest,Forest,Forest
C:\Users\DELL Precision 5550\Documents\GitHub\Terrasight-Eurosat-RGB-vs-Multispectral\data\raw\multispectral\Highway\Highway_2058.tif,3,3,Highway,Highway,Highway
C:\Users\DELL Precision 5550\Documents\GitHub\Terrasight-Eurosat-RGB-vs-Multispectral\data\raw\multispectral\HerbaceousVegetation\HerbaceousVegetation_1614.tif,2,2,HerbaceousVegetation,HerbaceousVegetation,HerbaceousVegetation
C:\Users\DELL Precision 5550\Documents\GitHub\Terrasight-Eurosat-RGB-vs-Multispectral\data\raw\multispectral\Pasture\Pasture_1749.tif,5,5,Pasture,Pasture,Pasture
C:\Users\DELL Precision 5550\Documents\GitHub\Terrasight-Eurosat-RGB-vs-Multispectral\data\raw\multispectral\AnnualCrop\AnnualCrop_2858.tif,0,0,AnnualCrop,AnnualCrop,AnnualCrop
C:\Users\DELL Precision 5550\Documents\GitHub\Terrasight-Eurosat-RGB-vs-Multispectral\data\raw\multispectral\HerbaceousVegetation\HerbaceousVegetation_1811.tif,2,2,HerbaceousVegetation,HerbaceousVegetation,HerbaceousVegetation
C:\Users\DELL Precision 5550\Documents\GitHub\Terrasight-Eurosat-RGB-vs-Multispectral\data\raw\multispectral\HerbaceousVegetation\HerbaceousVegetation_1582.tif,2,2,HerbaceousVegetation,HerbaceousVegetation,HerbaceousVegetation
C:\Users\DELL Precision 5550\Documents\GitHub\Terrasight-Eurosat-RGB-vs-Multispectral\data\raw\multispectral\River\River_161.tif,8,8,River,River,River
C:\Users\DELL Precision 5550\Documents\GitHub\Terrasight-Eurosat-RGB-vs-Multispectral\data\raw\multispectral\SeaLake\SeaLake_2304.tif,9,9,SeaLake,SeaLake,SeaLake
C:\Users\DELL Precision 5550\Documents\GitHub\Terrasight-Eurosat-RGB-vs-Multispectral\data\raw\multispectral\River\River_1701.tif,8,3,River,Highway,River
C:\Users\DELL Precision 5550\Documents\GitHub\Terrasight-Eurosat-RGB-vs-Multispectral\data\raw\multispectral\SeaLake\SeaLake_1974.tif,9,9,SeaLake,SeaLake,SeaLake
C:\Users\DELL Precision 5550\Documents\GitHub\Terrasight-Eurosat-RGB-vs-Multispectral\data\raw\multispectral\Industrial\Industrial_1522.tif,4,4,Industrial,Industrial,Industrial
C:\Users\DELL Precision 5550\Documents\GitHub\Terrasight-Eurosat-RGB-vs-Multispectral\data\raw\multispectral\PermanentCrop\PermanentCrop_2216.tif,6,3,PermanentCrop,Highway,PermanentCrop
C:\Users\DELL Precision 5550\Documents\GitHub\Terrasight-Eurosat-RGB-vs-Multispectral\data\raw\multispectral\SeaLake\SeaLake_2821.tif,9,9,SeaLake,SeaLake,SeaLake
C:\Users\DELL Precision 5550\Documents\GitHub\Terrasight-Eurosat-RGB-vs-Multispectral\data\raw\multispectral\AnnualCrop\AnnualCrop_1958.tif,0,0,AnnualCrop,AnnualCrop,AnnualCrop
C:\Users\DELL Precision 5550\Documents\GitHub\Terrasight-Eurosat-RGB-vs-Multispectral\data\raw\multispectral\Residential\Residential_396.tif,7,7,Residential,Residential,Residential
C:\Users\DELL Precision 5550\Documents\GitHub\Terrasight-Eurosat-RGB-vs-Multispectral\data\raw\multispectral\PermanentCrop\PermanentCrop_996.tif,6,6,PermanentCrop,PermanentCrop,PermanentCrop
C:\Users\DELL Precision 5550\Documents\GitHub\Terrasight-Eurosat-RGB-vs-Multispectral\data\raw\multispectral\PermanentCrop\PermanentCrop_679.tif,6,0,PermanentCrop,AnnualCrop,PermanentCrop
C:\Users\DELL Precision 5550\Documents\GitHub\Terrasight-Eurosat-RGB-vs-Multispectral\data\raw\multispectral\Pasture\Pasture_1395.tif,5,5,Pasture,Pasture,Pasture
C:\Users\DELL Precision 5550\Documents\GitHub\Terrasight-Eurosat-RGB-vs-Multispectral\data\raw\multispectral\PermanentCrop\PermanentCrop_890.tif,6,6,PermanentCrop,PermanentCrop,PermanentCrop
C:\Users\DELL Precision 5550\Documents\GitHub\Terrasight-Eurosat-RGB-vs-Multispectral\data\raw\multispectral\Pasture\Pasture_1556.tif,5,5,Pasture,Pasture,Pasture
C:\Users\DELL Precision 5550\Documents\GitHub\Terrasight-Eurosat-RGB-vs-Multispectral\data\raw\multispectral\HerbaceousVegetation\HerbaceousVegetation_2362.tif,2,2,HerbaceousVegetation,HerbaceousVegetation,HerbaceousVegetation
C:\Users\DELL Precision 5550\Documents\GitHub\Terrasight-Eurosat-RGB-vs-Multispectral\data\raw\multispectral\Forest\Forest_1496.tif,1,1,Forest,Forest,Forest
C:\Users\DELL Precision 5550\Documents\GitHub\Terrasight-Eurosat-RGB-vs-Multispectral\data\raw\multispectral\Forest\Forest_2287.tif,1,1,Forest,Forest,Forest
C:\Users\DELL Precision 5550\Documents\GitHub\Terrasight-Eurosat-RGB-vs-Multispectral\data\raw\multispectral\PermanentCrop\PermanentCrop_784.tif,6,6,PermanentCrop,PermanentCrop,PermanentCrop
C:\Users\DELL Precision 5550\Documents\GitHub\Terrasight-Eurosat-RGB-vs-Multispectral\data\raw\multispectral\Highway\Highway_55.tif,3,3,Highway,Highway,Highway
C:\Users\DELL Precision 5550\Documents\GitHub\Terrasight-Eurosat-RGB-vs-Multispectral\data\raw\multispectral\SeaLake\SeaLake_805.tif,9,9,SeaLake,SeaLake,SeaLake
C:\Users\DELL Precision 5550\Documents\GitHub\Terrasight-Eurosat-RGB-vs-Multispectral\data\raw\multispectral\Highway\Highway_2178.tif,3,3,Highway,Highway,Highway
C:\Users\DELL Precision 5550\Documents\GitHub\Terrasight-Eurosat-RGB-vs-Multispectral\data\raw\multispectral\Industrial\Industrial_630.tif,4,4,Industrial,Industrial,Industrial
C:\Users\DELL Precision 5550\Documents\GitHub\Terrasight-Eurosat-RGB-vs-Multispectral\data\raw\multispectral\HerbaceousVegetation\HerbaceousVegetation_1503.tif,2,2,HerbaceousVegetation,HerbaceousVegetation,HerbaceousVegetation
C:\Users\DELL Precision 5550\Documents\GitHub\Terrasight-Eurosat-RGB-vs-Multispectral\data\raw\multispectral\AnnualCrop\AnnualCrop_815.tif,0,0,AnnualCrop,AnnualCrop,AnnualCrop
C:\Users\DELL Precision 5550\Documents\GitHub\Terrasight-Eurosat-RGB-vs-Multispectral\data\raw\multispectral\SeaLake\SeaLake_2273.tif,9,9,SeaLake,SeaLake,SeaLake
C:\Users\DELL Precision 5550\Documents\GitHub\Terrasight-Eurosat-RGB-vs-Multispectral\data\raw\multispectral\HerbaceousVegetation\HerbaceousVegetation_1617.tif,2,2,HerbaceousVegetation,HerbaceousVegetation,HerbaceousVegetation
C:\Users\DELL Precision 5550\Documents\GitHub\Terrasight-Eurosat-RGB-vs-Multispectral\data\raw\multispectral\Forest\Forest_507.tif,1,1,Forest,Forest,Forest
C:\Users\DELL Precision 5550\Documents\GitHub\Terrasight-Eurosat-RGB-vs-Multispectral\data\raw\multispectral\Industrial\Industrial_910.tif,4,4,Industrial,Industrial,Industrial
C:\Users\DELL Precision 5550\Documents\GitHub\Terrasight-Eurosat-RGB-vs-Multispectral\data\raw\multispectral\Highway\Highway_1027.tif,3,2,Highway,HerbaceousVegetation,Highway
C:\Users\DELL Precision 5550\Documents\GitHub\Terrasight-Eurosat-RGB-vs-Multispectral\data\raw\multispectral\Pasture\Pasture_1751.tif,5,5,Pasture,Pasture,Pasture
C:\Users\DELL Precision 5550\Documents\GitHub\Terrasight-Eurosat-RGB-vs-Multispectral\data\raw\multispectral\SeaLake\SeaLake_1231.tif,9,9,SeaLake,SeaLake,SeaLake
C:\Users\DELL Precision 5550\Documents\GitHub\Terrasight-Eurosat-RGB-vs-Multispectral\data\raw\multispectral\AnnualCrop\AnnualCrop_2607.tif,0,0,AnnualCrop,AnnualCrop,AnnualCrop
C:\Users\DELL Precision 5550\Documents\GitHub\Terrasight-Eurosat-RGB-vs-Multispectral\data\raw\multispectral\SeaLake\SeaLake_2071.tif,9,9,SeaLake,SeaLake,SeaLake
C:\Users\DELL Precision 5550\Documents\GitHub\Terrasight-Eurosat-RGB-vs-Multispectral\data\raw\multispectral\PermanentCrop\PermanentCrop_1856.tif,6,6,PermanentCrop,PermanentCrop,PermanentCrop
C:\Users\DELL Precision 5550\Documents\GitHub\Terrasight-Eurosat-RGB-vs-Multispectral\data\raw\multispectral\River\River_2500.tif,8,8,River,River,River
C:\Users\DELL Precision 5550\Documents\GitHub\Terrasight-Eurosat-RGB-vs-Multispectral\data\raw\multispectral\Highway\Highway_1421.tif,3,3,Highway,Highway,Highway
C:\Users\DELL Precision 5550\Documents\GitHub\Terrasight-Eurosat-RGB-vs-Multispectral\data\raw\multispectral\SeaLake\SeaLake_2719.tif,9,9,SeaLake,SeaLake,SeaLake
C:\Users\DELL Precision 5550\Documents\GitHub\Terrasight-Eurosat-RGB-vs-Multispectral\data\raw\multispectral\Highway\Highway_16.tif,3,3,Highway,Highway,Highway
C:\Users\DELL Precision 5550\Documents\GitHub\Terrasight-Eurosat-RGB-vs-Multispectral\data\raw\multispectral\PermanentCrop\PermanentCrop_2383.tif,6,6,PermanentCrop,PermanentCrop,PermanentCrop
C:\Users\DELL Precision 5550\Documents\GitHub\Terrasight-Eurosat-RGB-vs-Multispectral\data\raw\multispectral\Highway\Highway_1989.tif,3,3,Highway,Highway,Highway
C:\Users\DELL Precision 5550\Documents\GitHub\Terrasight-Eurosat-RGB-vs-Multispectral\data\raw\multispectral\River\River_1298.tif,8,8,River,River,River
C:\Users\DELL Precision 5550\Documents\GitHub\Terrasight-Eurosat-RGB-vs-Multispectral\data\raw\multispectral\HerbaceousVegetation\HerbaceousVegetation_1292.tif,2,2,HerbaceousVegetation,HerbaceousVegetation,HerbaceousVegetation
C:\Users\DELL Precision 5550\Documents\GitHub\Terrasight-Eurosat-RGB-vs-Multispectral\data\raw\multispectral\Industrial\Industrial_2329.tif,4,4,Industrial,Industrial,Industrial
C:\Users\DELL Precision 5550\Documents\GitHub\Terrasight-Eurosat-RGB-vs-Multispectral\data\raw\multispectral\River\River_489.tif,8,8,River,River,River
C:\Users\DELL Precision 5550\Documents\GitHub\Terrasight-Eurosat-RGB-vs-Multispectral\data\raw\multispectral\Industrial\Industrial_2202.tif,4,4,Industrial,Industrial,Industrial
C:\Users\DELL Precision 5550\Documents\GitHub\Terrasight-Eurosat-RGB-vs-Multispectral\data\raw\multispectral\Forest\Forest_1813.tif,1,1,Forest,Forest,Forest
C:\Users\DELL Precision 5550\Documents\GitHub\Terrasight-Eurosat-RGB-vs-Multispectral\data\raw\multispectral\Pasture\Pasture_1428.tif,5,5,Pasture,Pasture,Pasture
C:\Users\DELL Precision 5550\Documents\GitHub\Terrasight-Eurosat-RGB-vs-Multispectral\data\raw\multispectral\Highway\Highway_315.tif,3,3,Highway,Highway,Highway
C:\Users\DELL Precision 5550\Documents\GitHub\Terrasight-Eurosat-RGB-vs-Multispectral\data\raw\multispectral\Forest\Forest_1306.tif,1,1,Forest,Forest,Forest
C:\Users\DELL Precision 5550\Documents\GitHub\Terrasight-Eurosat-RGB-vs-Multispectral\data\raw\multispectral\HerbaceousVegetation\HerbaceousVegetation_1619.tif,2,1,HerbaceousVegetation,Forest,HerbaceousVegetation
C:\Users\DELL Precision 5550\Documents\GitHub\Terrasight-Eurosat-RGB-vs-Multispectral\data\raw\multispectral\Pasture\Pasture_491.tif,5,5,Pasture,Pasture,Pasture
C:\Users\DELL Precision 5550\Documents\GitHub\Terrasight-Eurosat-RGB-vs-Multispectral\data\raw\multispectral\Industrial\Industrial_12.tif,4,4,Industrial,Industrial,Industrial
C:\Users\DELL Precision 5550\Documents\GitHub\Terrasight-Eurosat-RGB-vs-Multispectral\data\raw\multispectral\SeaLake\SeaLake_96.tif,9,9,SeaLake,SeaLake,SeaLake
C:\Users\DELL Precision 5550\Documents\GitHub\Terrasight-Eurosat-RGB-vs-Multispectral\data\raw\multispectral\River\River_435.tif,8,8,River,River,River
C:\Users\DELL Precision 5550\Documents\GitHub\Terrasight-Eurosat-RGB-vs-Multispectral\data\raw\multispectral\Forest\Forest_2840.tif,1,1,Forest,Forest,Forest
C:\Users\DELL Precision 5550\Documents\GitHub\Terrasight-Eurosat-RGB-vs-Multispectral\data\raw\multispectral\Pasture\Pasture_603.tif,5,5,Pasture,Pasture,Pasture
C:\Users\DELL Precision 5550\Documents\GitHub\Terrasight-Eurosat-RGB-vs-Multispectral\data\raw\multispectral\HerbaceousVegetation\HerbaceousVegetation_1491.tif,2,2,HerbaceousVegetation,HerbaceousVegetation,HerbaceousVegetation
C:\Users\DELL Precision 5550\Documents\GitHub\Terrasight-Eurosat-RGB-vs-Multispectral\data\raw\multispectral\River\River_838.tif,8,8,River,River,River
C:\Users\DELL Precision 5550\Documents\GitHub\Terrasight-Eurosat-RGB-vs-Multispectral\data\raw\multispectral\HerbaceousVegetation\HerbaceousVegetation_51.tif,2,2,HerbaceousVegetation,HerbaceousVegetation,HerbaceousVegetation
C:\Users\DELL Precision 5550\Documents\GitHub\Terrasight-Eurosat-RGB-vs-Multispectral\data\raw\multispectral\Forest\Forest_2300.tif,1,1,Forest,Forest,Forest
C:\Users\DELL Precision 5550\Documents\GitHub\Terrasight-Eurosat-RGB-vs-Multispectral\data\raw\multispectral\HerbaceousVegetation\HerbaceousVegetation_1910.tif,2,2,HerbaceousVegetation,HerbaceousVegetation,HerbaceousVegetation
C:\Users\DELL Precision 5550\Documents\GitHub\Terrasight-Eurosat-RGB-vs-Multispectral\data\raw\multispectral\Forest\Forest_1684.tif,1,1,Forest,Forest,Forest
C:\Users\DELL Precision 5550\Documents\GitHub\Terrasight-Eurosat-RGB-vs-Multispectral\data\raw\multispectral\Highway\Highway_2425.tif,3,3,Highway,Highway,Highway
C:\Users\DELL Precision 5550\Documents\GitHub\Terrasight-Eurosat-RGB-vs-Multispectral\data\raw\multispectral\AnnualCrop\AnnualCrop_2048.tif,0,0,AnnualCrop,AnnualCrop,AnnualCrop
C:\Users\DELL Precision 5550\Documents\GitHub\Terrasight-Eurosat-RGB-vs-Multispectral\data\raw\multispectral\AnnualCrop\AnnualCrop_298.tif,0,0,AnnualCrop,AnnualCrop,AnnualCrop
C:\Users\DELL Precision 5550\Documents\GitHub\Terrasight-Eurosat-RGB-vs-Multispectral\data\raw\multispectral\SeaLake\SeaLake_1013.tif,9,9,SeaLake,SeaLake,SeaLake
C:\Users\DELL Precision 5550\Documents\GitHub\Terrasight-Eurosat-RGB-vs-Multispectral\data\raw\multispectral\River\River_577.tif,8,8,River,River,River
C:\Users\DELL Precision 5550\Documents\GitHub\Terrasight-Eurosat-RGB-vs-Multispectral\data\raw\multispectral\PermanentCrop\PermanentCrop_1530.tif,6,2,PermanentCrop,HerbaceousVegetation,PermanentCrop
C:\Users\DELL Precision 5550\Documents\GitHub\Terrasight-Eurosat-RGB-vs-Multispectral\data\raw\multispectral\HerbaceousVegetation\HerbaceousVegetation_998.tif,2,2,HerbaceousVegetation,HerbaceousVegetation,HerbaceousVegetation
C:\Users\DELL Precision 5550\Documents\GitHub\Terrasight-Eurosat-RGB-vs-Multispectral\data\raw\multispectral\HerbaceousVegetation\HerbaceousVegetation_2459.tif,2,2,HerbaceousVegetation,HerbaceousVegetation,HerbaceousVegetation
C:\Users\DELL Precision 5550\Documents\GitHub\Terrasight-Eurosat-RGB-vs-Multispectral\data\raw\multispectral\Residential\Residential_1731.tif,7,6,Residential,PermanentCrop,Residential
C:\Users\DELL Precision 5550\Documents\GitHub\Terrasight-Eurosat-RGB-vs-Multispectral\data\raw\multispectral\Industrial\Industrial_1519.tif,4,4,Industrial,Industrial,Industrial
C:\Users\DELL Precision 5550\Documents\GitHub\Terrasight-Eurosat-RGB-vs-Multispectral\data\raw\multispectral\Residential\Residential_2481.tif,7,7,Residential,Residential,Residential
C:\Users\DELL Precision 5550\Documents\GitHub\Terrasight-Eurosat-RGB-vs-Multispectral\data\raw\multispectral\Forest\Forest_2136.tif,1,1,Forest,Forest,Forest
C:\Users\DELL Precision 5550\Documents\GitHub\Terrasight-Eurosat-RGB-vs-Multispectral\data\raw\multispectral\Highway\Highway_1502.tif,3,3,Highway,Highway,Highway
C:\Users\DELL Precision 5550\Documents\GitHub\Terrasight-Eurosat-RGB-vs-Multispectral\data\raw\multispectral\Residential\Residential_230.tif,7,7,Residential,Residential,Residential
C:\Users\DELL Precision 5550\Documents\GitHub\Terrasight-Eurosat-RGB-vs-Multispectral\data\raw\multispectral\Industrial\Industrial_1987.tif,4,4,Industrial,Industrial,Industrial
C:\Users\DELL Precision 5550\Documents\GitHub\Terrasight-Eurosat-RGB-vs-Multispectral\data\raw\multispectral\AnnualCrop\AnnualCrop_1284.tif,0,0,AnnualCrop,AnnualCrop,AnnualCrop
C:\Users\DELL Precision 5550\Documents\GitHub\Terrasight-Eurosat-RGB-vs-Multispectral\data\raw\multispectral\PermanentCrop\PermanentCrop_2148.tif,6,6,PermanentCrop,PermanentCrop,PermanentCrop
C:\Users\DELL Precision 5550\Documents\GitHub\Terrasight-Eurosat-RGB-vs-Multispectral\data\raw\multispectral\Forest\Forest_2770.tif,1,1,Forest,Forest,Forest
C:\Users\DELL Precision 5550\Documents\GitHub\Terrasight-Eurosat-RGB-vs-Multispectral\data\raw\multispectral\SeaLake\SeaLake_2816.tif,9,9,SeaLake,SeaLake,SeaLake
C:\Users\DELL Precision 5550\Documents\GitHub\Terrasight-Eurosat-RGB-vs-Multispectral\data\raw\multispectral\River\River_1340.tif,8,8,River,River,River
C:\Users\DELL Precision 5550\Documents\GitHub\Terrasight-Eurosat-RGB-vs-Multispectral\data\raw\multispectral\River\River_2190.tif,8,8,River,River,River
C:\Users\DELL Precision 5550\Documents\GitHub\Terrasight-Eurosat-RGB-vs-Multispectral\data\raw\multispectral\River\River_2147.tif,8,8,River,River,River
C:\Users\DELL Precision 5550\Documents\GitHub\Terrasight-Eurosat-RGB-vs-Multispectral\data\raw\multispectral\Industrial\Industrial_1067.tif,4,4,Industrial,Industrial,Industrial
C:\Users\DELL Precision 5550\Documents\GitHub\Terrasight-Eurosat-RGB-vs-Multispectral\data\raw\multispectral\Forest\Forest_535.tif,1,1,Forest,Forest,Forest
C:\Users\DELL Precision 5550\Documents\GitHub\Terrasight-Eurosat-RGB-vs-Multispectral\data\raw\multispectral\AnnualCrop\AnnualCrop_273.tif,0,0,AnnualCrop,AnnualCrop,AnnualCrop
C:\Users\DELL Precision 5550\Documents\GitHub\Terrasight-Eurosat-RGB-vs-Multispectral\data\raw\multispectral\HerbaceousVegetation\HerbaceousVegetation_2091.tif,2,2,HerbaceousVegetation,HerbaceousVegetation,HerbaceousVegetation
C:\Users\DELL Precision 5550\Documents\GitHub\Terrasight-Eurosat-RGB-vs-Multispectral\data\raw\multispectral\Highway\Highway_569.tif,3,3,Highway,Highway,Highway
C:\Users\DELL Precision 5550\Documents\GitHub\Terrasight-Eurosat-RGB-vs-Multispectral\data\raw\multispectral\SeaLake\SeaLake_1416.tif,9,9,SeaLake,SeaLake,SeaLake
C:\Users\DELL Precision 5550\Documents\GitHub\Terrasight-Eurosat-RGB-vs-Multispectral\data\raw\multispectral\Forest\Forest_2787.tif,1,1,Forest,Forest,Forest
C:\Users\DELL Precision 5550\Documents\GitHub\Terrasight-Eurosat-RGB-vs-Multispectral\data\raw\multispectral\SeaLake\SeaLake_1471.tif,9,9,SeaLake,SeaLake,SeaLake
C:\Users\DELL Precision 5550\Documents\GitHub\Terrasight-Eurosat-RGB-vs-Multispectral\data\raw\multispectral\AnnualCrop\AnnualCrop_1860.tif,0,0,AnnualCrop,AnnualCrop,AnnualCrop
C:\Users\DELL Precision 5550\Documents\GitHub\Terrasight-Eurosat-RGB-vs-Multispectral\data\raw\multispectral\Highway\Highway_310.tif,3,3,Highway,Highway,Highway
C:\Users\DELL Precision 5550\Documents\GitHub\Terrasight-Eurosat-RGB-vs-Multispectral\data\raw\multispectral\Industrial\Industrial_1356.tif,4,4,Industrial,Industrial,Industrial
C:\Users\DELL Precision 5550\Documents\GitHub\Terrasight-Eurosat-RGB-vs-Multispectral\data\raw\multispectral\PermanentCrop\PermanentCrop_966.tif,6,6,PermanentCrop,PermanentCrop,PermanentCrop
C:\Users\DELL Precision 5550\Documents\GitHub\Terrasight-Eurosat-RGB-vs-Multispectral\data\raw\multispectral\SeaLake\SeaLake_2314.tif,9,9,SeaLake,SeaLake,SeaLake
C:\Users\DELL Precision 5550\Documents\GitHub\Terrasight-Eurosat-RGB-vs-Multispectral\data\raw\multispectral\SeaLake\SeaLake_1645.tif,9,9,SeaLake,SeaLake,SeaLake
C:\Users\DELL Precision 5550\Documents\GitHub\Terrasight-Eurosat-RGB-vs-Multispectral\data\raw\multispectral\Residential\Residential_2482.tif,7,7,Residential,Residential,Residential
C:\Users\DELL Precision 5550\Documents\GitHub\Terrasight-Eurosat-RGB-vs-Multispectral\data\raw\multispectral\River\River_363.tif,8,8,River,River,River
C:\Users\DELL Precision 5550\Documents\GitHub\Terrasight-Eurosat-RGB-vs-Multispectral\data\raw\multispectral\HerbaceousVegetation\HerbaceousVegetation_229.tif,2,2,HerbaceousVegetation,HerbaceousVegetation,HerbaceousVegetation
C:\Users\DELL Precision 5550\Documents\GitHub\Terrasight-Eurosat-RGB-vs-Multispectral\data\raw\multispectral\Residential\Residential_1775.tif,7,7,Residential,Residential,Residential
C:\Users\DELL Precision 5550\Documents\GitHub\Terrasight-Eurosat-RGB-vs-Multispectral\data\raw\multispectral\HerbaceousVegetation\HerbaceousVegetation_2671.tif,2,2,HerbaceousVegetation,HerbaceousVegetation,HerbaceousVegetation
C:\Users\DELL Precision 5550\Documents\GitHub\Terrasight-Eurosat-RGB-vs-Multispectral\data\raw\multispectral\Residential\Residential_1056.tif,7,7,Residential,Residential,Residential
C:\Users\DELL Precision 5550\Documents\GitHub\Terrasight-Eurosat-RGB-vs-Multispectral\data\raw\multispectral\River\River_15.tif,8,8,River,River,River
C:\Users\DELL Precision 5550\Documents\GitHub\Terrasight-Eurosat-RGB-vs-Multispectral\data\raw\multispectral\Highway\Highway_844.tif,3,3,Highway,Highway,Highway
C:\Users\DELL Precision 5550\Documents\GitHub\Terrasight-Eurosat-RGB-vs-Multispectral\data\raw\multispectral\Forest\Forest_935.tif,1,1,Forest,Forest,Forest
C:\Users\DELL Precision 5550\Documents\GitHub\Terrasight-Eurosat-RGB-vs-Multispectral\data\raw\multispectral\PermanentCrop\PermanentCrop_1029.tif,6,6,PermanentCrop,PermanentCrop,PermanentCrop
C:\Users\DELL Precision 5550\Documents\GitHub\Terrasight-Eurosat-RGB-vs-Multispectral\data\raw\multispectral\Forest\Forest_17.tif,1,1,Forest,Forest,Forest
C:\Users\DELL Precision 5550\Documents\GitHub\Terrasight-Eurosat-RGB-vs-Multispectral\data\raw\multispectral\Residential\Residential_1961.tif,7,7,Residential,Residential,Residential
C:\Users\DELL Precision 5550\Documents\GitHub\Terrasight-Eurosat-RGB-vs-Multispectral\data\raw\multispectral\Forest\Forest_2512.tif,1,1,Forest,Forest,Forest
C:\Users\DELL Precision 5550\Documents\GitHub\Terrasight-Eurosat-RGB-vs-Multispectral\data\raw\multispectral\Industrial\Industrial_1084.tif,4,4,Industrial,Industrial,Industrial
C:\Users\DELL Precision 5550\Documents\GitHub\Terrasight-Eurosat-RGB-vs-Multispectral\data\raw\multispectral\SeaLake\SeaLake_1442.tif,9,9,SeaLake,SeaLake,SeaLake
C:\Users\DELL Precision 5550\Documents\GitHub\Terrasight-Eurosat-RGB-vs-Multispectral\data\raw\multispectral\PermanentCrop\PermanentCrop_1417.tif,6,6,PermanentCrop,PermanentCrop,PermanentCrop
C:\Users\DELL Precision 5550\Documents\GitHub\Terrasight-Eurosat-RGB-vs-Multispectral\data\raw\multispectral\HerbaceousVegetation\HerbaceousVegetation_189.tif,2,2,HerbaceousVegetation,HerbaceousVegetation,HerbaceousVegetation
C:\Users\DELL Precision 5550\Documents\GitHub\Terrasight-Eurosat-RGB-vs-Multispectral\data\raw\multispectral\Residential\Residential_2594.tif,7,7,Residential,Residential,Residential
C:\Users\DELL Precision 5550\Documents\GitHub\Terrasight-Eurosat-RGB-vs-Multispectral\data\raw\multispectral\PermanentCrop\PermanentCrop_1155.tif,6,6,PermanentCrop,PermanentCrop,PermanentCrop
C:\Users\DELL Precision 5550\Documents\GitHub\Terrasight-Eurosat-RGB-vs-Multispectral\data\raw\multispectral\HerbaceousVegetation\HerbaceousVegetation_2747.tif,2,2,HerbaceousVegetation,HerbaceousVegetation,HerbaceousVegetation
C:\Users\DELL Precision 5550\Documents\GitHub\Terrasight-Eurosat-RGB-vs-Multispectral\data\raw\multispectral\Highway\Highway_912.tif,3,3,Highway,Highway,Highway
C:\Users\DELL Precision 5550\Documents\GitHub\Terrasight-Eurosat-RGB-vs-Multispectral\data\raw\multispectral\Pasture\Pasture_1668.tif,5,5,Pasture,Pasture,Pasture
C:\Users\DELL Precision 5550\Documents\GitHub\Terrasight-Eurosat-RGB-vs-Multispectral\data\raw\multispectral\HerbaceousVegetation\HerbaceousVegetation_2799.tif,2,2,HerbaceousVegetation,HerbaceousVegetation,HerbaceousVegetation
C:\Users\DELL Precision 5550\Documents\GitHub\Terrasight-Eurosat-RGB-vs-Multispectral\data\raw\multispectral\PermanentCrop\PermanentCrop_1151.tif,6,6,PermanentCrop,PermanentCrop,PermanentCrop
C:\Users\DELL Precision 5550\Documents\GitHub\Terrasight-Eurosat-RGB-vs-Multispectral\data\raw\multispectral\PermanentCrop\PermanentCrop_1776.tif,6,6,PermanentCrop,PermanentCrop,PermanentCrop
C:\Users\DELL Precision 5550\Documents\GitHub\Terrasight-Eurosat-RGB-vs-Multispectral\data\raw\multispectral\Forest\Forest_453.tif,1,1,Forest,Forest,Forest
C:\Users\DELL Precision 5550\Documents\GitHub\Terrasight-Eurosat-RGB-vs-Multispectral\data\raw\multispectral\PermanentCrop\PermanentCrop_383.tif,6,6,PermanentCrop,PermanentCrop,PermanentCrop
C:\Users\DELL Precision 5550\Documents\GitHub\Terrasight-Eurosat-RGB-vs-Multispectral\data\raw\multispectral\Forest\Forest_2553.tif,1,1,Forest,Forest,Forest
C:\Users\DELL Precision 5550\Documents\GitHub\Terrasight-Eurosat-RGB-vs-Multispectral\data\raw\multispectral\Pasture\Pasture_1506.tif,5,5,Pasture,Pasture,Pasture
C:\Users\DELL Precision 5550\Documents\GitHub\Terrasight-Eurosat-RGB-vs-Multispectral\data\raw\multispectral\SeaLake\SeaLake_958.tif,9,9,SeaLake,SeaLake,SeaLake
C:\Users\DELL Precision 5550\Documents\GitHub\Terrasight-Eurosat-RGB-vs-Multispectral\data\raw\multispectral\PermanentCrop\PermanentCrop_437.tif,6,6,PermanentCrop,PermanentCrop,PermanentCrop
C:\Users\DELL Precision 5550\Documents\GitHub\Terrasight-Eurosat-RGB-vs-Multispectral\data\raw\multispectral\Residential\Residential_2384.tif,7,7,Residential,Residential,Residential
C:\Users\DELL Precision 5550\Documents\GitHub\Terrasight-Eurosat-RGB-vs-Multispectral\data\raw\multispectral\River\River_619.tif,8,8,River,River,River
C:\Users\DELL Precision 5550\Documents\GitHub\Terrasight-Eurosat-RGB-vs-Multispectral\data\raw\multispectral\Residential\Residential_2250.tif,7,7,Residential,Residential,Residential
C:\Users\DELL Precision 5550\Documents\GitHub\Terrasight-Eurosat-RGB-vs-Multispectral\data\raw\multispectral\Forest\Forest_480.tif,1,1,Forest,Forest,Forest
C:\Users\DELL Precision 5550\Documents\GitHub\Terrasight-Eurosat-RGB-vs-Multispectral\data\raw\multispectral\SeaLake\SeaLake_2723.tif,9,9,SeaLake,SeaLake,SeaLake
C:\Users\DELL Precision 5550\Documents\GitHub\Terrasight-Eurosat-RGB-vs-Multispectral\data\raw\multispectral\River\River_1477.tif,8,8,River,River,River
C:\Users\DELL Precision 5550\Documents\GitHub\Terrasight-Eurosat-RGB-vs-Multispectral\data\raw\multispectral\Industrial\Industrial_669.tif,4,4,Industrial,Industrial,Industrial
C:\Users\DELL Precision 5550\Documents\GitHub\Terrasight-Eurosat-RGB-vs-Multispectral\data\raw\multispectral\Forest\Forest_150.tif,1,1,Forest,Forest,Forest
C:\Users\DELL Precision 5550\Documents\GitHub\Terrasight-Eurosat-RGB-vs-Multispectral\data\raw\multispectral\Industrial\Industrial_577.tif,4,4,Industrial,Industrial,Industrial
C:\Users\DELL Precision 5550\Documents\GitHub\Terrasight-Eurosat-RGB-vs-Multispectral\data\raw\multispectral\Residential\Residential_2464.tif,7,7,Residential,Residential,Residential
C:\Users\DELL Precision 5550\Documents\GitHub\Terrasight-Eurosat-RGB-vs-Multispectral\data\raw\multispectral\Residential\Residential_847.tif,7,7,Residential,Residential,Residential
C:\Users\DELL Precision 5550\Documents\GitHub\Terrasight-Eurosat-RGB-vs-Multispectral\data\raw\multispectral\Forest\Forest_1629.tif,1,1,Forest,Forest,Forest
C:\Users\DELL Precision 5550\Documents\GitHub\Terrasight-Eurosat-RGB-vs-Multispectral\data\raw\multispectral\HerbaceousVegetation\HerbaceousVegetation_1098.tif,2,2,HerbaceousVegetation,HerbaceousVegetation,HerbaceousVegetation
C:\Users\DELL Precision 5550\Documents\GitHub\Terrasight-Eurosat-RGB-vs-Multispectral\data\raw\multispectral\AnnualCrop\AnnualCrop_1534.tif,0,0,AnnualCrop,AnnualCrop,AnnualCrop
C:\Users\DELL Precision 5550\Documents\GitHub\Terrasight-Eurosat-RGB-vs-Multispectral\data\raw\multispectral\Industrial\Industrial_2171.tif,4,4,Industrial,Industrial,Industrial
C:\Users\DELL Precision 5550\Documents\GitHub\Terrasight-Eurosat-RGB-vs-Multispectral\data\raw\multispectral\SeaLake\SeaLake_2040.tif,9,9,SeaLake,SeaLake,SeaLake
C:\Users\DELL Precision 5550\Documents\GitHub\Terrasight-Eurosat-RGB-vs-Multispectral\data\raw\multispectral\Industrial\Industrial_703.tif,4,4,Industrial,Industrial,Industrial
C:\Users\DELL Precision 5550\Documents\GitHub\Terrasight-Eurosat-RGB-vs-Multispectral\data\raw\multispectral\SeaLake\SeaLake_1049.tif,9,9,SeaLake,SeaLake,SeaLake
C:\Users\DELL Precision 5550\Documents\GitHub\Terrasight-Eurosat-RGB-vs-Multispectral\data\raw\multispectral\SeaLake\SeaLake_293.tif,9,9,SeaLake,SeaLake,SeaLake
C:\Users\DELL Precision 5550\Documents\GitHub\Terrasight-Eurosat-RGB-vs-Multispectral\data\raw\multispectral\Forest\Forest_2479.tif,1,1,Forest,Forest,Forest
C:\Users\DELL Precision 5550\Documents\GitHub\Terrasight-Eurosat-RGB-vs-Multispectral\data\raw\multispectral\Forest\Forest_2561.tif,1,1,Forest,Forest,Forest
C:\Users\DELL Precision 5550\Documents\GitHub\Terrasight-Eurosat-RGB-vs-Multispectral\data\raw\multispectral\SeaLake\SeaLake_577.tif,9,9,SeaLake,SeaLake,SeaLake
C:\Users\DELL Precision 5550\Documents\GitHub\Terrasight-Eurosat-RGB-vs-Multispectral\data\raw\multispectral\HerbaceousVegetation\HerbaceousVegetation_1339.tif,2,2,HerbaceousVegetation,HerbaceousVegetation,HerbaceousVegetation
C:\Users\DELL Precision 5550\Documents\GitHub\Terrasight-Eurosat-RGB-vs-Multispectral\data\raw\multispectral\HerbaceousVegetation\HerbaceousVegetation_2013.tif,2,2,HerbaceousVegetation,HerbaceousVegetation,HerbaceousVegetation
C:\Users\DELL Precision 5550\Documents\GitHub\Terrasight-Eurosat-RGB-vs-Multispectral\data\raw\multispectral\Pasture\Pasture_1829.tif,5,5,Pasture,Pasture,Pasture
C:\Users\DELL Precision 5550\Documents\GitHub\Terrasight-Eurosat-RGB-vs-Multispectral\data\raw\multispectral\AnnualCrop\AnnualCrop_2624.tif,0,0,AnnualCrop,AnnualCrop,AnnualCrop
C:\Users\DELL Precision 5550\Documents\GitHub\Terrasight-Eurosat-RGB-vs-Multispectral\data\raw\multispectral\Forest\Forest_2430.tif,1,1,Forest,Forest,Forest
C:\Users\DELL Precision 5550\Documents\GitHub\Terrasight-Eurosat-RGB-vs-Multispectral\data\raw\multispectral\Pasture\Pasture_1525.tif,5,5,Pasture,Pasture,Pasture
C:\Users\DELL Precision 5550\Documents\GitHub\Terrasight-Eurosat-RGB-vs-Multispectral\data\raw\multispectral\Industrial\Industrial_2222.tif,4,4,Industrial,Industrial,Industrial
C:\Users\DELL Precision 5550\Documents\GitHub\Terrasight-Eurosat-RGB-vs-Multispectral\data\raw\multispectral\HerbaceousVegetation\HerbaceousVegetation_2694.tif,2,2,HerbaceousVegetation,HerbaceousVegetation,HerbaceousVegetation
C:\Users\DELL Precision 5550\Documents\GitHub\Terrasight-Eurosat-RGB-vs-Multispectral\data\raw\multispectral\AnnualCrop\AnnualCrop_615.tif,0,0,AnnualCrop,AnnualCrop,AnnualCrop
C:\Users\DELL Precision 5550\Documents\GitHub\Terrasight-Eurosat-RGB-vs-Multispectral\data\raw\multispectral\Forest\Forest_511.tif,1,1,Forest,Forest,Forest
C:\Users\DELL Precision 5550\Documents\GitHub\Terrasight-Eurosat-RGB-vs-Multispectral\data\raw\multispectral\River\River_882.tif,8,8,River,River,River
C:\Users\DELL Precision 5550\Documents\GitHub\Terrasight-Eurosat-RGB-vs-Multispectral\data\raw\multispectral\HerbaceousVegetation\HerbaceousVegetation_2774.tif,2,2,HerbaceousVegetation,HerbaceousVegetation,HerbaceousVegetation
C:\Users\DELL Precision 5550\Documents\GitHub\Terrasight-Eurosat-RGB-vs-Multispectral\data\raw\multispectral\Industrial\Industrial_706.tif,4,4,Industrial,Industrial,Industrial
C:\Users\DELL Precision 5550\Documents\GitHub\Terrasight-Eurosat-RGB-vs-Multispectral\data\raw\multispectral\AnnualCrop\AnnualCrop_1438.tif,0,0,AnnualCrop,AnnualCrop,AnnualCrop
C:\Users\DELL Precision 5550\Documents\GitHub\Terrasight-Eurosat-RGB-vs-Multispectral\data\raw\multispectral\Industrial\Industrial_2182.tif,4,4,Industrial,Industrial,Industrial
C:\Users\DELL Precision 5550\Documents\GitHub\Terrasight-Eurosat-RGB-vs-Multispectral\data\raw\multispectral\Forest\Forest_266.tif,1,1,Forest,Forest,Forest
C:\Users\DELL Precision 5550\Documents\GitHub\Terrasight-Eurosat-RGB-vs-Multispectral\data\raw\multispectral\Industrial\Industrial_1731.tif,4,4,Industrial,Industrial,Industrial
C:\Users\DELL Precision 5550\Documents\GitHub\Terrasight-Eurosat-RGB-vs-Multispectral\data\raw\multispectral\AnnualCrop\AnnualCrop_1544.tif,0,0,AnnualCrop,AnnualCrop,AnnualCrop
C:\Users\DELL Precision 5550\Documents\GitHub\Terrasight-Eurosat-RGB-vs-Multispectral\data\raw\multispectral\Industrial\Industrial_1588.tif,4,4,Industrial,Industrial,Industrial
C:\Users\DELL Precision 5550\Documents\GitHub\Terrasight-Eurosat-RGB-vs-Multispectral\data\raw\multispectral\Highway\Highway_2217.tif,3,3,Highway,Highway,Highway
C:\Users\DELL Precision 5550\Documents\GitHub\Terrasight-Eurosat-RGB-vs-Multispectral\data\raw\multispectral\PermanentCrop\PermanentCrop_1976.tif,6,6,PermanentCrop,PermanentCrop,PermanentCrop
C:\Users\DELL Precision 5550\Documents\GitHub\Terrasight-Eurosat-RGB-vs-Multispectral\data\raw\multispectral\Residential\Residential_609.tif,7,7,Residential,Residential,Residential
C:\Users\DELL Precision 5550\Documents\GitHub\Terrasight-Eurosat-RGB-vs-Multispectral\data\raw\multispectral\AnnualCrop\AnnualCrop_1945.tif,0,0,AnnualCrop,AnnualCrop,AnnualCrop
C:\Users\DELL Precision 5550\Documents\GitHub\Terrasight-Eurosat-RGB-vs-Multispectral\data\raw\multispectral\Residential\Residential_1522.tif,7,7,Residential,Residential,Residential
C:\Users\DELL Precision 5550\Documents\GitHub\Terrasight-Eurosat-RGB-vs-Multispectral\data\raw\multispectral\HerbaceousVegetation\HerbaceousVegetation_2885.tif,2,2,HerbaceousVegetation,HerbaceousVegetation,HerbaceousVegetation
C:\Users\DELL Precision 5550\Documents\GitHub\Terrasight-Eurosat-RGB-vs-Multispectral\data\raw\multispectral\Highway\Highway_2010.tif,3,3,Highway,Highway,Highway
C:\Users\DELL Precision 5550\Documents\GitHub\Terrasight-Eurosat-RGB-vs-Multispectral\data\raw\multispectral\AnnualCrop\AnnualCrop_2513.tif,0,0,AnnualCrop,AnnualCrop,AnnualCrop
C:\Users\DELL Precision 5550\Documents\GitHub\Terrasight-Eurosat-RGB-vs-Multispectral\data\raw\multispectral\Highway\Highway_1390.tif,3,3,Highway,Highway,Highway
C:\Users\DELL Precision 5550\Documents\GitHub\Terrasight-Eurosat-RGB-vs-Multispectral\data\raw\multispectral\Forest\Forest_2377.tif,1,2,Forest,HerbaceousVegetation,Forest
C:\Users\DELL Precision 5550\Documents\GitHub\Terrasight-Eurosat-RGB-vs-Multispectral\data\raw\multispectral\Industrial\Industrial_1011.tif,4,4,Industrial,Industrial,Industrial
C:\Users\DELL Precision 5550\Documents\GitHub\Terrasight-Eurosat-RGB-vs-Multispectral\data\raw\multispectral\Pasture\Pasture_910.tif,5,5,Pasture,Pasture,Pasture
C:\Users\DELL Precision 5550\Documents\GitHub\Terrasight-Eurosat-RGB-vs-Multispectral\data\raw\multispectral\Forest\Forest_2564.tif,1,1,Forest,Forest,Forest
C:\Users\DELL Precision 5550\Documents\GitHub\Terrasight-Eurosat-RGB-vs-Multispectral\data\raw\multispectral\PermanentCrop\PermanentCrop_1756.tif,6,6,PermanentCrop,PermanentCrop,PermanentCrop
C:\Users\DELL Precision 5550\Documents\GitHub\Terrasight-Eurosat-RGB-vs-Multispectral\data\raw\multispectral\River\River_1496.tif,8,8,River,River,River
C:\Users\DELL Precision 5550\Documents\GitHub\Terrasight-Eurosat-RGB-vs-Multispectral\data\raw\multispectral\SeaLake\SeaLake_1010.tif,9,9,SeaLake,SeaLake,SeaLake
C:\Users\DELL Precision 5550\Documents\GitHub\Terrasight-Eurosat-RGB-vs-Multispectral\data\raw\multispectral\AnnualCrop\AnnualCrop_2425.tif,0,0,AnnualCrop,AnnualCrop,AnnualCrop
C:\Users\DELL Precision 5550\Documents\GitHub\Terrasight-Eurosat-RGB-vs-Multispectral\data\raw\multispectral\AnnualCrop\AnnualCrop_43.tif,0,0,AnnualCrop,AnnualCrop,AnnualCrop
C:\Users\DELL Precision 5550\Documents\GitHub\Terrasight-Eurosat-RGB-vs-Multispectral\data\raw\multispectral\Residential\Residential_1694.tif,7,7,Residential,Residential,Residential
C:\Users\DELL Precision 5550\Documents\GitHub\Terrasight-Eurosat-RGB-vs-Multispectral\data\raw\multispectral\HerbaceousVegetation\HerbaceousVegetation_2860.tif,2,2,HerbaceousVegetation,HerbaceousVegetation,HerbaceousVegetation
C:\Users\DELL Precision 5550\Documents\GitHub\Terrasight-Eurosat-RGB-vs-Multispectral\data\raw\multispectral\Residential\Residential_2955.tif,7,7,Residential,Residential,Residential
C:\Users\DELL Precision 5550\Documents\GitHub\Terrasight-Eurosat-RGB-vs-Multispectral\data\raw\multispectral\Industrial\Industrial_1413.tif,4,6,Industrial,PermanentCrop,Industrial
C:\Users\DELL Precision 5550\Documents\GitHub\Terrasight-Eurosat-RGB-vs-Multispectral\data\raw\multispectral\Pasture\Pasture_27.tif,5,5,Pasture,Pasture,Pasture
C:\Users\DELL Precision 5550\Documents\GitHub\Terrasight-Eurosat-RGB-vs-Multispectral\data\raw\multispectral\PermanentCrop\PermanentCrop_1454.tif,6,6,PermanentCrop,PermanentCrop,PermanentCrop
C:\Users\DELL Precision 5550\Documents\GitHub\Terrasight-Eurosat-RGB-vs-Multispectral\data\raw\multispectral\River\River_2292.tif,8,8,River,River,River
C:\Users\DELL Precision 5550\Documents\GitHub\Terrasight-Eurosat-RGB-vs-Multispectral\data\raw\multispectral\Residential\Residential_365.tif,7,7,Residential,Residential,Residential
C:\Users\DELL Precision 5550\Documents\GitHub\Terrasight-Eurosat-RGB-vs-Multispectral\data\raw\multispectral\AnnualCrop\AnnualCrop_949.tif,0,0,AnnualCrop,AnnualCrop,AnnualCrop
C:\Users\DELL Precision 5550\Documents\GitHub\Terrasight-Eurosat-RGB-vs-Multispectral\data\raw\multispectral\AnnualCrop\AnnualCrop_738.tif,0,0,AnnualCrop,AnnualCrop,AnnualCrop
C:\Users\DELL Precision 5550\Documents\GitHub\Terrasight-Eurosat-RGB-vs-Multispectral\data\raw\multispectral\Highway\Highway_445.tif,3,3,Highway,Highway,Highway
C:\Users\DELL Precision 5550\Documents\GitHub\Terrasight-Eurosat-RGB-vs-Multispectral\data\raw\multispectral\River\River_901.tif,8,8,River,River,River
C:\Users\DELL Precision 5550\Documents\GitHub\Terrasight-Eurosat-RGB-vs-Multispectral\data\raw\multispectral\PermanentCrop\PermanentCrop_672.tif,6,6,PermanentCrop,PermanentCrop,PermanentCrop
C:\Users\DELL Precision 5550\Documents\GitHub\Terrasight-Eurosat-RGB-vs-Multispectral\data\raw\multispectral\AnnualCrop\AnnualCrop_1874.tif,0,0,AnnualCrop,AnnualCrop,AnnualCrop
C:\Users\DELL Precision 5550\Documents\GitHub\Terrasight-Eurosat-RGB-vs-Multispectral\data\raw\multispectral\River\River_1089.tif,8,8,River,River,River
C:\Users\DELL Precision 5550\Documents\GitHub\Terrasight-Eurosat-RGB-vs-Multispectral\data\raw\multispectral\HerbaceousVegetation\HerbaceousVegetation_831.tif,2,2,HerbaceousVegetation,HerbaceousVegetation,HerbaceousVegetation
C:\Users\DELL Precision 5550\Documents\GitHub\Terrasight-Eurosat-RGB-vs-Multispectral\data\raw\multispectral\SeaLake\SeaLake_2259.tif,9,9,SeaLake,SeaLake,SeaLake
C:\Users\DELL Precision 5550\Documents\GitHub\Terrasight-Eurosat-RGB-vs-Multispectral\data\raw\multispectral\PermanentCrop\PermanentCrop_652.tif,6,6,PermanentCrop,PermanentCrop,PermanentCrop
C:\Users\DELL Precision 5550\Documents\GitHub\Terrasight-Eurosat-RGB-vs-Multispectral\data\raw\multispectral\River\River_2133.tif,8,8,River,River,River
C:\Users\DELL Precision 5550\Documents\GitHub\Terrasight-Eurosat-RGB-vs-Multispectral\data\raw\multispectral\Highway\Highway_1818.tif,3,3,Highway,Highway,Highway
C:\Users\DELL Precision 5550\Documents\GitHub\Terrasight-Eurosat-RGB-vs-Multispectral\data\raw\multispectral\AnnualCrop\AnnualCrop_1153.tif,0,0,AnnualCrop,AnnualCrop,AnnualCrop
C:\Users\DELL Precision 5550\Documents\GitHub\Terrasight-Eurosat-RGB-vs-Multispectral\data\raw\multispectral\Forest\Forest_632.tif,1,1,Forest,Forest,Forest
C:\Users\DELL Precision 5550\Documents\GitHub\Terrasight-Eurosat-RGB-vs-Multispectral\data\raw\multispectral\SeaLake\SeaLake_20.tif,9,9,SeaLake,SeaLake,SeaLake
C:\Users\DELL Precision 5550\Documents\GitHub\Terrasight-Eurosat-RGB-vs-Multispectral\data\raw\multispectral\HerbaceousVegetation\HerbaceousVegetation_1111.tif,2,2,HerbaceousVegetation,HerbaceousVegetation,HerbaceousVegetation
C:\Users\DELL Precision 5550\Documents\GitHub\Terrasight-Eurosat-RGB-vs-Multispectral\data\raw\multispectral\Forest\Forest_387.tif,1,1,Forest,Forest,Forest
C:\Users\DELL Precision 5550\Documents\GitHub\Terrasight-Eurosat-RGB-vs-Multispectral\data\raw\multispectral\Forest\Forest_794.tif,1,1,Forest,Forest,Forest
C:\Users\DELL Precision 5550\Documents\GitHub\Terrasight-Eurosat-RGB-vs-Multispectral\data\raw\multispectral\Highway\Highway_346.tif,3,3,Highway,Highway,Highway
C:\Users\DELL Precision 5550\Documents\GitHub\Terrasight-Eurosat-RGB-vs-Multispectral\data\raw\multispectral\HerbaceousVegetation\HerbaceousVegetation_80.tif,2,6,HerbaceousVegetation,PermanentCrop,HerbaceousVegetation
C:\Users\DELL Precision 5550\Documents\GitHub\Terrasight-Eurosat-RGB-vs-Multispectral\data\raw\multispectral\Highway\Highway_2403.tif,3,3,Highway,Highway,Highway
C:\Users\DELL Precision 5550\Documents\GitHub\Terrasight-Eurosat-RGB-vs-Multispectral\data\raw\multispectral\Industrial\Industrial_1528.tif,4,4,Industrial,Industrial,Industrial
C:\Users\DELL Precision 5550\Documents\GitHub\Terrasight-Eurosat-RGB-vs-Multispectral\data\raw\multispectral\Forest\Forest_2024.tif,1,1,Forest,Forest,Forest
C:\Users\DELL Precision 5550\Documents\GitHub\Terrasight-Eurosat-RGB-vs-Multispectral\data\raw\multispectral\Industrial\Industrial_2274.tif,4,4,Industrial,Industrial,Industrial
C:\Users\DELL Precision 5550\Documents\GitHub\Terrasight-Eurosat-RGB-vs-Multispectral\data\raw\multispectral\Residential\Residential_75.tif,7,7,Residential,Residential,Residential
C:\Users\DELL Precision 5550\Documents\GitHub\Terrasight-Eurosat-RGB-vs-Multispectral\data\raw\multispectral\Residential\Residential_1506.tif,7,7,Residential,Residential,Residential
C:\Users\DELL Precision 5550\Documents\GitHub\Terrasight-Eurosat-RGB-vs-Multispectral\data\raw\multispectral\Highway\Highway_720.tif,3,3,Highway,Highway,Highway
C:\Users\DELL Precision 5550\Documents\GitHub\Terrasight-Eurosat-RGB-vs-Multispectral\data\raw\multispectral\River\River_587.tif,8,8,River,River,River
C:\Users\DELL Precision 5550\Documents\GitHub\Terrasight-Eurosat-RGB-vs-Multispectral\data\raw\multispectral\Residential\Residential_1144.tif,7,7,Residential,Residential,Residential
C:\Users\DELL Precision 5550\Documents\GitHub\Terrasight-Eurosat-RGB-vs-Multispectral\data\raw\multispectral\PermanentCrop\PermanentCrop_506.tif,6,6,PermanentCrop,PermanentCrop,PermanentCrop
C:\Users\DELL Precision 5550\Documents\GitHub\Terrasight-Eurosat-RGB-vs-Multispectral\data\raw\multispectral\Forest\Forest_2812.tif,1,1,Forest,Forest,Forest
C:\Users\DELL Precision 5550\Documents\GitHub\Terrasight-Eurosat-RGB-vs-Multispectral\data\raw\multispectral\Residential\Residential_2648.tif,7,7,Residential,Residential,Residential
C:\Users\DELL Precision 5550\Documents\GitHub\Terrasight-Eurosat-RGB-vs-Multispectral\data\raw\multispectral\Residential\Residential_659.tif,7,7,Residential,Residential,Residential
C:\Users\DELL Precision 5550\Documents\GitHub\Terrasight-Eurosat-RGB-vs-Multispectral\data\raw\multispectral\Residential\Residential_2824.tif,7,7,Residential,Residential,Residential
C:\Users\DELL Precision 5550\Documents\GitHub\Terrasight-Eurosat-RGB-vs-Multispectral\data\raw\multispectral\Highway\Highway_1240.tif,3,3,Highway,Highway,Highway
C:\Users\DELL Precision 5550\Documents\GitHub\Terrasight-Eurosat-RGB-vs-Multispectral\data\raw\multispectral\SeaLake\SeaLake_934.tif,9,9,SeaLake,SeaLake,SeaLake
C:\Users\DELL Precision 5550\Documents\GitHub\Terrasight-Eurosat-RGB-vs-Multispectral\data\raw\multispectral\SeaLake\SeaLake_2126.tif,9,9,SeaLake,SeaLake,SeaLake
C:\Users\DELL Precision 5550\Documents\GitHub\Terrasight-Eurosat-RGB-vs-Multispectral\data\raw\multispectral\Pasture\Pasture_293.tif,5,5,Pasture,Pasture,Pasture
C:\Users\DELL Precision 5550\Documents\GitHub\Terrasight-Eurosat-RGB-vs-Multispectral\data\raw\multispectral\SeaLake\SeaLake_1340.tif,9,9,SeaLake,SeaLake,SeaLake
C:\Users\DELL Precision 5550\Documents\GitHub\Terrasight-Eurosat-RGB-vs-Multispectral\data\raw\multispectral\SeaLake\SeaLake_118.tif,9,9,SeaLake,SeaLake,SeaLake
C:\Users\DELL Precision 5550\Documents\GitHub\Terrasight-Eurosat-RGB-vs-Multispectral\data\raw\multispectral\PermanentCrop\PermanentCrop_743.tif,6,6,PermanentCrop,PermanentCrop,PermanentCrop
C:\Users\DELL Precision 5550\Documents\GitHub\Terrasight-Eurosat-RGB-vs-Multispectral\data\raw\multispectral\Pasture\Pasture_1973.tif,5,5,Pasture,Pasture,Pasture
C:\Users\DELL Precision 5550\Documents\GitHub\Terrasight-Eurosat-RGB-vs-Multispectral\data\raw\multispectral\AnnualCrop\AnnualCrop_1193.tif,0,0,AnnualCrop,AnnualCrop,AnnualCrop
C:\Users\DELL Precision 5550\Documents\GitHub\Terrasight-Eurosat-RGB-vs-Multispectral\data\raw\multispectral\Pasture\Pasture_758.tif,5,5,Pasture,Pasture,Pasture
C:\Users\DELL Precision 5550\Documents\GitHub\Terrasight-Eurosat-RGB-vs-Multispectral\data\raw\multispectral\River\River_2415.tif,8,8,River,River,River
C:\Users\DELL Precision 5550\Documents\GitHub\Terrasight-Eurosat-RGB-vs-Multispectral\data\raw\multispectral\HerbaceousVegetation\HerbaceousVegetation_2387.tif,2,2,HerbaceousVegetation,HerbaceousVegetation,HerbaceousVegetation
C:\Users\DELL Precision 5550\Documents\GitHub\Terrasight-Eurosat-RGB-vs-Multispectral\data\raw\multispectral\PermanentCrop\PermanentCrop_2495.tif,6,6,PermanentCrop,PermanentCrop,PermanentCrop
C:\Users\DELL Precision 5550\Documents\GitHub\Terrasight-Eurosat-RGB-vs-Multispectral\data\raw\multispectral\Industrial\Industrial_1530.tif,4,4,Industrial,Industrial,Industrial
C:\Users\DELL Precision 5550\Documents\GitHub\Terrasight-Eurosat-RGB-vs-Multispectral\data\raw\multispectral\Residential\Residential_867.tif,7,7,Residential,Residential,Residential
C:\Users\DELL Precision 5550\Documents\GitHub\Terrasight-Eurosat-RGB-vs-Multispectral\data\raw\multispectral\AnnualCrop\AnnualCrop_264.tif,0,0,AnnualCrop,AnnualCrop,AnnualCrop
C:\Users\DELL Precision 5550\Documents\GitHub\Terrasight-Eurosat-RGB-vs-Multispectral\data\raw\multispectral\Pasture\Pasture_48.tif,5,5,Pasture,Pasture,Pasture
C:\Users\DELL Precision 5550\Documents\GitHub\Terrasight-Eurosat-RGB-vs-Multispectral\data\raw\multispectral\Forest\Forest_1239.tif,1,1,Forest,Forest,Forest
C:\Users\DELL Precision 5550\Documents\GitHub\Terrasight-Eurosat-RGB-vs-Multispectral\data\raw\multispectral\Highway\Highway_2172.tif,3,3,Highway,Highway,Highway
C:\Users\DELL Precision 5550\Documents\GitHub\Terrasight-Eurosat-RGB-vs-Multispectral\data\raw\multispectral\AnnualCrop\AnnualCrop_300.tif,0,0,AnnualCrop,AnnualCrop,AnnualCrop
C:\Users\DELL Precision 5550\Documents\GitHub\Terrasight-Eurosat-RGB-vs-Multispectral\data\raw\multispectral\Forest\Forest_923.tif,1,1,Forest,Forest,Forest
C:\Users\DELL Precision 5550\Documents\GitHub\Terrasight-Eurosat-RGB-vs-Multispectral\data\raw\multispectral\PermanentCrop\PermanentCrop_1595.tif,6,6,PermanentCrop,PermanentCrop,PermanentCrop
C:\Users\DELL Precision 5550\Documents\GitHub\Terrasight-Eurosat-RGB-vs-Multispectral\data\raw\multispectral\Highway\Highway_1732.tif,3,3,Highway,Highway,Highway
C:\Users\DELL Precision 5550\Documents\GitHub\Terrasight-Eurosat-RGB-vs-Multispectral\data\raw\multispectral\River\River_1824.tif,8,8,River,River,River
C:\Users\DELL Precision 5550\Documents\GitHub\Terrasight-Eurosat-RGB-vs-Multispectral\data\raw\multispectral\HerbaceousVegetation\HerbaceousVegetation_2040.tif,2,2,HerbaceousVegetation,HerbaceousVegetation,HerbaceousVegetation
C:\Users\DELL Precision 5550\Documents\GitHub\Terrasight-Eurosat-RGB-vs-Multispectral\data\raw\multispectral\SeaLake\SeaLake_504.tif,9,9,SeaLake,SeaLake,SeaLake
C:\Users\DELL Precision 5550\Documents\GitHub\Terrasight-Eurosat-RGB-vs-Multispectral\data\raw\multispectral\Pasture\Pasture_862.tif,5,5,Pasture,Pasture,Pasture
C:\Users\DELL Precision 5550\Documents\GitHub\Terrasight-Eurosat-RGB-vs-Multispectral\data\raw\multispectral\HerbaceousVegetation\HerbaceousVegetation_1692.tif,2,2,HerbaceousVegetation,HerbaceousVegetation,HerbaceousVegetation
C:\Users\DELL Precision 5550\Documents\GitHub\Terrasight-Eurosat-RGB-vs-Multispectral\data\raw\multispectral\Industrial\Industrial_820.tif,4,4,Industrial,Industrial,Industrial
C:\Users\DELL Precision 5550\Documents\GitHub\Terrasight-Eurosat-RGB-vs-Multispectral\data\raw\multispectral\AnnualCrop\AnnualCrop_108.tif,0,0,AnnualCrop,AnnualCrop,AnnualCrop
C:\Users\DELL Precision 5550\Documents\GitHub\Terrasight-Eurosat-RGB-vs-Multispectral\data\raw\multispectral\HerbaceousVegetation\HerbaceousVegetation_2987.tif,2,2,HerbaceousVegetation,HerbaceousVegetation,HerbaceousVegetation
C:\Users\DELL Precision 5550\Documents\GitHub\Terrasight-Eurosat-RGB-vs-Multispectral\data\raw\multispectral\Forest\Forest_1592.tif,1,1,Forest,Forest,Forest
C:\Users\DELL Precision 5550\Documents\GitHub\Terrasight-Eurosat-RGB-vs-Multispectral\data\raw\multispectral\Highway\Highway_1092.tif,3,3,Highway,Highway,Highway
C:\Users\DELL Precision 5550\Documents\GitHub\Terrasight-Eurosat-RGB-vs-Multispectral\data\raw\multispectral\Industrial\Industrial_1226.tif,4,4,Industrial,Industrial,Industrial
C:\Users\DELL Precision 5550\Documents\GitHub\Terrasight-Eurosat-RGB-vs-Multispectral\data\raw\multispectral\Highway\Highway_234.tif,3,3,Highway,Highway,Highway
C:\Users\DELL Precision 5550\Documents\GitHub\Terrasight-Eurosat-RGB-vs-Multispectral\data\raw\multispectral\AnnualCrop\AnnualCrop_415.tif,0,0,AnnualCrop,AnnualCrop,AnnualCrop
C:\Users\DELL Precision 5550\Documents\GitHub\Terrasight-Eurosat-RGB-vs-Multispectral\data\raw\multispectral\Residential\Residential_691.tif,7,7,Residential,Residential,Residential
C:\Users\DELL Precision 5550\Documents\GitHub\Terrasight-Eurosat-RGB-vs-Multispectral\data\raw\multispectral\Residential\Residential_1464.tif,7,7,Residential,Residential,Residential
C:\Users\DELL Precision 5550\Documents\GitHub\Terrasight-Eurosat-RGB-vs-Multispectral\data\raw\multispectral\PermanentCrop\PermanentCrop_1908.tif,6,0,PermanentCrop,AnnualCrop,PermanentCrop
C:\Users\DELL Precision 5550\Documents\GitHub\Terrasight-Eurosat-RGB-vs-Multispectral\data\raw\multispectral\SeaLake\SeaLake_2216.tif,9,9,SeaLake,SeaLake,SeaLake
C:\Users\DELL Precision 5550\Documents\GitHub\Terrasight-Eurosat-RGB-vs-Multispectral\data\raw\multispectral\Forest\Forest_1050.tif,1,1,Forest,Forest,Forest
C:\Users\DELL Precision 5550\Documents\GitHub\Terrasight-Eurosat-RGB-vs-Multispectral\data\raw\multispectral\Pasture\Pasture_1986.tif,5,5,Pasture,Pasture,Pasture
C:\Users\DELL Precision 5550\Documents\GitHub\Terrasight-Eurosat-RGB-vs-Multispectral\data\raw\multispectral\Pasture\Pasture_1711.tif,5,5,Pasture,Pasture,Pasture
C:\Users\DELL Precision 5550\Documents\GitHub\Terrasight-Eurosat-RGB-vs-Multispectral\data\raw\multispectral\SeaLake\SeaLake_503.tif,9,9,SeaLake,SeaLake,SeaLake
C:\Users\DELL Precision 5550\Documents\GitHub\Terrasight-Eurosat-RGB-vs-Multispectral\data\raw\multispectral\PermanentCrop\PermanentCrop_416.tif,6,6,PermanentCrop,PermanentCrop,PermanentCrop
C:\Users\DELL Precision 5550\Documents\GitHub\Terrasight-Eurosat-RGB-vs-Multispectral\data\raw\multispectral\AnnualCrop\AnnualCrop_1582.tif,0,0,AnnualCrop,AnnualCrop,AnnualCrop
C:\Users\DELL Precision 5550\Documents\GitHub\Terrasight-Eurosat-RGB-vs-Multispectral\data\raw\multispectral\PermanentCrop\PermanentCrop_977.tif,6,6,PermanentCrop,PermanentCrop,PermanentCrop
C:\Users\DELL Precision 5550\Documents\GitHub\Terrasight-Eurosat-RGB-vs-Multispectral\data\raw\multispectral\Forest\Forest_2676.tif,1,1,Forest,Forest,Forest
C:\Users\DELL Precision 5550\Documents\GitHub\Terrasight-Eurosat-RGB-vs-Multispectral\data\raw\multispectral\AnnualCrop\AnnualCrop_1137.tif,0,0,AnnualCrop,AnnualCrop,AnnualCrop
C:\Users\DELL Precision 5550\Documents\GitHub\Terrasight-Eurosat-RGB-vs-Multispectral\data\raw\multispectral\Residential\Residential_2455.tif,7,7,Residential,Residential,Residential
C:\Users\DELL Precision 5550\Documents\GitHub\Terrasight-Eurosat-RGB-vs-Multispectral\data\raw\multispectral\River\River_452.tif,8,8,River,River,River
C:\Users\DELL Precision 5550\Documents\GitHub\Terrasight-Eurosat-RGB-vs-Multispectral\data\raw\multispectral\Forest\Forest_1236.tif,1,1,Forest,Forest,Forest
C:\Users\DELL Precision 5550\Documents\GitHub\Terrasight-Eurosat-RGB-vs-Multispectral\data\raw\multispectral\Industrial\Industrial_1187.tif,4,4,Industrial,Industrial,Industrial
C:\Users\DELL Precision 5550\Documents\GitHub\Terrasight-Eurosat-RGB-vs-Multispectral\data\raw\multispectral\Forest\Forest_2020.tif,1,1,Forest,Forest,Forest
C:\Users\DELL Precision 5550\Documents\GitHub\Terrasight-Eurosat-RGB-vs-Multispectral\data\raw\multispectral\River\River_759.tif,8,8,River,River,River
C:\Users\DELL Precision 5550\Documents\GitHub\Terrasight-Eurosat-RGB-vs-Multispectral\data\raw\multispectral\PermanentCrop\PermanentCrop_2052.tif,6,6,PermanentCrop,PermanentCrop,PermanentCrop
C:\Users\DELL Precision 5550\Documents\GitHub\Terrasight-Eurosat-RGB-vs-Multispectral\data\raw\multispectral\SeaLake\SeaLake_332.tif,9,9,SeaLake,SeaLake,SeaLake
C:\Users\DELL Precision 5550\Documents\GitHub\Terrasight-Eurosat-RGB-vs-Multispectral\data\raw\multispectral\Forest\Forest_2326.tif,1,1,Forest,Forest,Forest
C:\Users\DELL Precision 5550\Documents\GitHub\Terrasight-Eurosat-RGB-vs-Multispectral\data\raw\multispectral\Residential\Residential_2002.tif,7,7,Residential,Residential,Residential
C:\Users\DELL Precision 5550\Documents\GitHub\Terrasight-Eurosat-RGB-vs-Multispectral\data\raw\multispectral\PermanentCrop\PermanentCrop_285.tif,6,6,PermanentCrop,PermanentCrop,PermanentCrop
C:\Users\DELL Precision 5550\Documents\GitHub\Terrasight-Eurosat-RGB-vs-Multispectral\data\raw\multispectral\AnnualCrop\AnnualCrop_1765.tif,0,0,AnnualCrop,AnnualCrop,AnnualCrop
C:\Users\DELL Precision 5550\Documents\GitHub\Terrasight-Eurosat-RGB-vs-Multispectral\data\raw\multispectral\Forest\Forest_2343.tif,1,1,Forest,Forest,Forest
C:\Users\DELL Precision 5550\Documents\GitHub\Terrasight-Eurosat-RGB-vs-Multispectral\data\raw\multispectral\Pasture\Pasture_768.tif,5,0,Pasture,AnnualCrop,Pasture
C:\Users\DELL Precision 5550\Documents\GitHub\Terrasight-Eurosat-RGB-vs-Multispectral\data\raw\multispectral\Residential\Residential_2656.tif,7,7,Residential,Residential,Residential
C:\Users\DELL Precision 5550\Documents\GitHub\Terrasight-Eurosat-RGB-vs-Multispectral\data\raw\multispectral\Industrial\Industrial_939.tif,4,4,Industrial,Industrial,Industrial
C:\Users\DELL Precision 5550\Documents\GitHub\Terrasight-Eurosat-RGB-vs-Multispectral\data\raw\multispectral\SeaLake\SeaLake_2066.tif,9,9,SeaLake,SeaLake,SeaLake
C:\Users\DELL Precision 5550\Documents\GitHub\Terrasight-Eurosat-RGB-vs-Multispectral\data\raw\multispectral\SeaLake\SeaLake_1710.tif,9,9,SeaLake,SeaLake,SeaLake
C:\Users\DELL Precision 5550\Documents\GitHub\Terrasight-Eurosat-RGB-vs-Multispectral\data\raw\multispectral\Forest\Forest_1209.tif,1,1,Forest,Forest,Forest
C:\Users\DELL Precision 5550\Documents\GitHub\Terrasight-Eurosat-RGB-vs-Multispectral\data\raw\multispectral\SeaLake\SeaLake_2052.tif,9,9,SeaLake,SeaLake,SeaLake
C:\Users\DELL Precision 5550\Documents\GitHub\Terrasight-Eurosat-RGB-vs-Multispectral\data\raw\multispectral\Industrial\Industrial_2021.tif,4,4,Industrial,Industrial,Industrial
C:\Users\DELL Precision 5550\Documents\GitHub\Terrasight-Eurosat-RGB-vs-Multispectral\data\raw\multispectral\PermanentCrop\PermanentCrop_1619.tif,6,6,PermanentCrop,PermanentCrop,PermanentCrop
C:\Users\DELL Precision 5550\Documents\GitHub\Terrasight-Eurosat-RGB-vs-Multispectral\data\raw\multispectral\AnnualCrop\AnnualCrop_2039.tif,0,0,AnnualCrop,AnnualCrop,AnnualCrop
C:\Users\DELL Precision 5550\Documents\GitHub\Terrasight-Eurosat-RGB-vs-Multispectral\data\raw\multispectral\River\River_1172.tif,8,8,River,River,River
C:\Users\DELL Precision 5550\Documents\GitHub\Terrasight-Eurosat-RGB-vs-Multispectral\data\raw\multispectral\SeaLake\SeaLake_1018.tif,9,9,SeaLake,SeaLake,SeaLake
C:\Users\DELL Precision 5550\Documents\GitHub\Terrasight-Eurosat-RGB-vs-Multispectral\data\raw\multispectral\SeaLake\SeaLake_467.tif,9,9,SeaLake,SeaLake,SeaLake
C:\Users\DELL Precision 5550\Documents\GitHub\Terrasight-Eurosat-RGB-vs-Multispectral\data\raw\multispectral\Industrial\Industrial_968.tif,4,4,Industrial,Industrial,Industrial
C:\Users\DELL Precision 5550\Documents\GitHub\Terrasight-Eurosat-RGB-vs-Multispectral\data\raw\multispectral\PermanentCrop\PermanentCrop_799.tif,6,6,PermanentCrop,PermanentCrop,PermanentCrop
C:\Users\DELL Precision 5550\Documents\GitHub\Terrasight-Eurosat-RGB-vs-Multispectral\data\raw\multispectral\Industrial\Industrial_2434.tif,4,9,Industrial,SeaLake,Industrial
C:\Users\DELL Precision 5550\Documents\GitHub\Terrasight-Eurosat-RGB-vs-Multispectral\data\raw\multispectral\River\River_2435.tif,8,8,River,River,River
C:\Users\DELL Precision 5550\Documents\GitHub\Terrasight-Eurosat-RGB-vs-Multispectral\data\raw\multispectral\Highway\Highway_1770.tif,3,3,Highway,Highway,Highway
C:\Users\DELL Precision 5550\Documents\GitHub\Terrasight-Eurosat-RGB-vs-Multispectral\data\raw\multispectral\AnnualCrop\AnnualCrop_1136.tif,0,0,AnnualCrop,AnnualCrop,AnnualCrop
C:\Users\DELL Precision 5550\Documents\GitHub\Terrasight-Eurosat-RGB-vs-Multispectral\data\raw\multispectral\Industrial\Industrial_1712.tif,4,4,Industrial,Industrial,Industrial
C:\Users\DELL Precision 5550\Documents\GitHub\Terrasight-Eurosat-RGB-vs-Multispectral\data\raw\multispectral\PermanentCrop\PermanentCrop_1942.tif,6,0,PermanentCrop,AnnualCrop,PermanentCrop
C:\Users\DELL Precision 5550\Documents\GitHub\Terrasight-Eurosat-RGB-vs-Multispectral\data\raw\multispectral\River\River_1739.tif,8,8,River,River,River
C:\Users\DELL Precision 5550\Documents\GitHub\Terrasight-Eurosat-RGB-vs-Multispectral\data\raw\multispectral\Forest\Forest_570.tif,1,1,Forest,Forest,Forest
C:\Users\DELL Precision 5550\Documents\GitHub\Terrasight-Eurosat-RGB-vs-Multispectral\data\raw\multispectral\Residential\Residential_2771.tif,7,7,Residential,Residential,Residential
C:\Users\DELL Precision 5550\Documents\GitHub\Terrasight-Eurosat-RGB-vs-Multispectral\data\raw\multispectral\Pasture\Pasture_127.tif,5,0,Pasture,AnnualCrop,Pasture
C:\Users\DELL Precision 5550\Documents\GitHub\Terrasight-Eurosat-RGB-vs-Multispectral\data\raw\multispectral\Forest\Forest_2669.tif,1,1,Forest,Forest,Forest
C:\Users\DELL Precision 5550\Documents\GitHub\Terrasight-Eurosat-RGB-vs-Multispectral\data\raw\multispectral\Pasture\Pasture_938.tif,5,5,Pasture,Pasture,Pasture
C:\Users\DELL Precision 5550\Documents\GitHub\Terrasight-Eurosat-RGB-vs-Multispectral\data\raw\multispectral\SeaLake\SeaLake_2654.tif,9,9,SeaLake,SeaLake,SeaLake
C:\Users\DELL Precision 5550\Documents\GitHub\Terrasight-Eurosat-RGB-vs-Multispectral\data\raw\multispectral\Residential\Residential_1847.tif,7,7,Residential,Residential,Residential
C:\Users\DELL Precision 5550\Documents\GitHub\Terrasight-Eurosat-RGB-vs-Multispectral\data\raw\multispectral\HerbaceousVegetation\HerbaceousVegetation_816.tif,2,2,HerbaceousVegetation,HerbaceousVegetation,HerbaceousVegetation
C:\Users\DELL Precision 5550\Documents\GitHub\Terrasight-Eurosat-RGB-vs-Multispectral\data\raw\multispectral\Pasture\Pasture_1547.tif,5,5,Pasture,Pasture,Pasture
C:\Users\DELL Precision 5550\Documents\GitHub\Terrasight-Eurosat-RGB-vs-Multispectral\data\raw\multispectral\Forest\Forest_1472.tif,1,1,Forest,Forest,Forest
C:\Users\DELL Precision 5550\Documents\GitHub\Terrasight-Eurosat-RGB-vs-Multispectral\data\raw\multispectral\River\River_1132.tif,8,8,River,River,River
C:\Users\DELL Precision 5550\Documents\GitHub\Terrasight-Eurosat-RGB-vs-Multispectral\data\raw\multispectral\SeaLake\SeaLake_1080.tif,9,9,SeaLake,SeaLake,SeaLake
C:\Users\DELL Precision 5550\Documents\GitHub\Terrasight-Eurosat-RGB-vs-Multispectral\data\raw\multispectral\Pasture\Pasture_348.tif,5,5,Pasture,Pasture,Pasture
C:\Users\DELL Precision 5550\Documents\GitHub\Terrasight-Eurosat-RGB-vs-Multispectral\data\raw\multispectral\Forest\Forest_603.tif,1,1,Forest,Forest,Forest
C:\Users\DELL Precision 5550\Documents\GitHub\Terrasight-Eurosat-RGB-vs-Multispectral\data\raw\multispectral\Industrial\Industrial_1276.tif,4,4,Industrial,Industrial,Industrial
C:\Users\DELL Precision 5550\Documents\GitHub\Terrasight-Eurosat-RGB-vs-Multispectral\data\raw\multispectral\PermanentCrop\PermanentCrop_1226.tif,6,6,PermanentCrop,PermanentCrop,PermanentCrop
C:\Users\DELL Precision 5550\Documents\GitHub\Terrasight-Eurosat-RGB-vs-Multispectral\data\raw\multispectral\HerbaceousVegetation\HerbaceousVegetation_2369.tif,2,2,HerbaceousVegetation,HerbaceousVegetation,HerbaceousVegetation
C:\Users\DELL Precision 5550\Documents\GitHub\Terrasight-Eurosat-RGB-vs-Multispectral\data\raw\multispectral\Pasture\Pasture_1387.tif,5,5,Pasture,Pasture,Pasture
C:\Users\DELL Precision 5550\Documents\GitHub\Terrasight-Eurosat-RGB-vs-Multispectral\data\raw\multispectral\PermanentCrop\PermanentCrop_334.tif,6,2,PermanentCrop,HerbaceousVegetation,PermanentCrop
C:\Users\DELL Precision 5550\Documents\GitHub\Terrasight-Eurosat-RGB-vs-Multispectral\data\raw\multispectral\Pasture\Pasture_999.tif,5,5,Pasture,Pasture,Pasture
C:\Users\DELL Precision 5550\Documents\GitHub\Terrasight-Eurosat-RGB-vs-Multispectral\data\raw\multispectral\Industrial\Industrial_1719.tif,4,4,Industrial,Industrial,Industrial
C:\Users\DELL Precision 5550\Documents\GitHub\Terrasight-Eurosat-RGB-vs-Multispectral\data\raw\multispectral\HerbaceousVegetation\HerbaceousVegetation_217.tif,2,2,HerbaceousVegetation,HerbaceousVegetation,HerbaceousVegetation
C:\Users\DELL Precision 5550\Documents\GitHub\Terrasight-Eurosat-RGB-vs-Multispectral\data\raw\multispectral\Forest\Forest_2626.tif,1,1,Forest,Forest,Forest
C:\Users\DELL Precision 5550\Documents\GitHub\Terrasight-Eurosat-RGB-vs-Multispectral\data\raw\multispectral\Forest\Forest_1593.tif,1,1,Forest,Forest,Forest
C:\Users\DELL Precision 5550\Documents\GitHub\Terrasight-Eurosat-RGB-vs-Multispectral\data\raw\multispectral\Highway\Highway_723.tif,3,3,Highway,Highway,Highway
C:\Users\DELL Precision 5550\Documents\GitHub\Terrasight-Eurosat-RGB-vs-Multispectral\data\raw\multispectral\HerbaceousVegetation\HerbaceousVegetation_947.tif,2,2,HerbaceousVegetation,HerbaceousVegetation,HerbaceousVegetation
C:\Users\DELL Precision 5550\Documents\GitHub\Terrasight-Eurosat-RGB-vs-Multispectral\data\raw\multispectral\SeaLake\SeaLake_2143.tif,9,9,SeaLake,SeaLake,SeaLake
C:\Users\DELL Precision 5550\Documents\GitHub\Terrasight-Eurosat-RGB-vs-Multispectral\data\raw\multispectral\Forest\Forest_637.tif,1,1,Forest,Forest,Forest
C:\Users\DELL Precision 5550\Documents\GitHub\Terrasight-Eurosat-RGB-vs-Multispectral\data\raw\multispectral\Pasture\Pasture_971.tif,5,5,Pasture,Pasture,Pasture
C:\Users\DELL Precision 5550\Documents\GitHub\Terrasight-Eurosat-RGB-vs-Multispectral\data\raw\multispectral\River\River_1259.tif,8,8,River,River,River
C:\Users\DELL Precision 5550\Documents\GitHub\Terrasight-Eurosat-RGB-vs-Multispectral\data\raw\multispectral\Residential\Residential_1414.tif,7,7,Residential,Residential,Residential
C:\Users\DELL Precision 5550\Documents\GitHub\Terrasight-Eurosat-RGB-vs-Multispectral\data\raw\multispectral\Residential\Residential_2914.tif,7,7,Residential,Residential,Residential
C:\Users\DELL Precision 5550\Documents\GitHub\Terrasight-Eurosat-RGB-vs-Multispectral\data\raw\multispectral\Forest\Forest_1776.tif,1,1,Forest,Forest,Forest
C:\Users\DELL Precision 5550\Documents\GitHub\Terrasight-Eurosat-RGB-vs-Multispectral\data\raw\multispectral\Industrial\Industrial_1663.tif,4,4,Industrial,Industrial,Industrial
C:\Users\DELL Precision 5550\Documents\GitHub\Terrasight-Eurosat-RGB-vs-Multispectral\data\raw\multispectral\Industrial\Industrial_1116.tif,4,4,Industrial,Industrial,Industrial
C:\Users\DELL Precision 5550\Documents\GitHub\Terrasight-Eurosat-RGB-vs-Multispectral\data\raw\multispectral\PermanentCrop\PermanentCrop_376.tif,6,6,PermanentCrop,PermanentCrop,PermanentCrop
C:\Users\DELL Precision 5550\Documents\GitHub\Terrasight-Eurosat-RGB-vs-Multispectral\data\raw\multispectral\HerbaceousVegetation\HerbaceousVegetation_2042.tif,2,6,HerbaceousVegetation,PermanentCrop,HerbaceousVegetation
C:\Users\DELL Precision 5550\Documents\GitHub\Terrasight-Eurosat-RGB-vs-Multispectral\data\raw\multispectral\Forest\Forest_373.tif,1,1,Forest,Forest,Forest
C:\Users\DELL Precision 5550\Documents\GitHub\Terrasight-Eurosat-RGB-vs-Multispectral\data\raw\multispectral\SeaLake\SeaLake_2105.tif,9,9,SeaLake,SeaLake,SeaLake
C:\Users\DELL Precision 5550\Documents\GitHub\Terrasight-Eurosat-RGB-vs-Multispectral\data\raw\multispectral\HerbaceousVegetation\HerbaceousVegetation_1328.tif,2,2,HerbaceousVegetation,HerbaceousVegetation,HerbaceousVegetation
C:\Users\DELL Precision 5550\Documents\GitHub\Terrasight-Eurosat-RGB-vs-Multispectral\data\raw\multispectral\SeaLake\SeaLake_2744.tif,9,9,SeaLake,SeaLake,SeaLake
C:\Users\DELL Precision 5550\Documents\GitHub\Terrasight-Eurosat-RGB-vs-Multispectral\data\raw\multispectral\Forest\Forest_1014.tif,1,1,Forest,Forest,Forest
C:\Users\DELL Precision 5550\Documents\GitHub\Terrasight-Eurosat-RGB-vs-Multispectral\data\raw\multispectral\PermanentCrop\PermanentCrop_775.tif,6,6,PermanentCrop,PermanentCrop,PermanentCrop
C:\Users\DELL Precision 5550\Documents\GitHub\Terrasight-Eurosat-RGB-vs-Multispectral\data\raw\multispectral\Residential\Residential_1456.tif,7,7,Residential,Residential,Residential
C:\Users\DELL Precision 5550\Documents\GitHub\Terrasight-Eurosat-RGB-vs-Multispectral\data\raw\multispectral\SeaLake\SeaLake_1225.tif,9,9,SeaLake,SeaLake,SeaLake
C:\Users\DELL Precision 5550\Documents\GitHub\Terrasight-Eurosat-RGB-vs-Multispectral\data\raw\multispectral\Pasture\Pasture_605.tif,5,5,Pasture,Pasture,Pasture
C:\Users\DELL Precision 5550\Documents\GitHub\Terrasight-Eurosat-RGB-vs-Multispectral\data\raw\multispectral\Forest\Forest_2573.tif,1,1,Forest,Forest,Forest
C:\Users\DELL Precision 5550\Documents\GitHub\Terrasight-Eurosat-RGB-vs-Multispectral\data\raw\multispectral\Residential\Residential_140.tif,7,7,Residential,Residential,Residential
C:\Users\DELL Precision 5550\Documents\GitHub\Terrasight-Eurosat-RGB-vs-Multispectral\data\raw\multispectral\PermanentCrop\PermanentCrop_1812.tif,6,6,PermanentCrop,PermanentCrop,PermanentCrop
C:\Users\DELL Precision 5550\Documents\GitHub\Terrasight-Eurosat-RGB-vs-Multispectral\data\raw\multispectral\Forest\Forest_2183.tif,1,1,Forest,Forest,Forest
C:\Users\DELL Precision 5550\Documents\GitHub\Terrasight-Eurosat-RGB-vs-Multispectral\data\raw\multispectral\HerbaceousVegetation\HerbaceousVegetation_992.tif,2,2,HerbaceousVegetation,HerbaceousVegetation,HerbaceousVegetation
C:\Users\DELL Precision 5550\Documents\GitHub\Terrasight-Eurosat-RGB-vs-Multispectral\data\raw\multispectral\SeaLake\SeaLake_2664.tif,9,9,SeaLake,SeaLake,SeaLake
C:\Users\DELL Precision 5550\Documents\GitHub\Terrasight-Eurosat-RGB-vs-Multispectral\data\raw\multispectral\River\River_352.tif,8,8,River,River,River
C:\Users\DELL Precision 5550\Documents\GitHub\Terrasight-Eurosat-RGB-vs-Multispectral\data\raw\multispectral\PermanentCrop\PermanentCrop_1864.tif,6,6,PermanentCrop,PermanentCrop,PermanentCrop
C:\Users\DELL Precision 5550\Documents\GitHub\Terrasight-Eurosat-RGB-vs-Multispectral\data\raw\multispectral\PermanentCrop\PermanentCrop_1620.tif,6,6,PermanentCrop,PermanentCrop,PermanentCrop
C:\Users\DELL Precision 5550\Documents\GitHub\Terrasight-Eurosat-RGB-vs-Multispectral\data\raw\multispectral\Industrial\Industrial_8.tif,4,4,Industrial,Industrial,Industrial
C:\Users\DELL Precision 5550\Documents\GitHub\Terrasight-Eurosat-RGB-vs-Multispectral\data\raw\multispectral\Forest\Forest_2627.tif,1,1,Forest,Forest,Forest
C:\Users\DELL Precision 5550\Documents\GitHub\Terrasight-Eurosat-RGB-vs-Multispectral\data\raw\multispectral\Industrial\Industrial_1438.tif,4,4,Industrial,Industrial,Industrial
C:\Users\DELL Precision 5550\Documents\GitHub\Terrasight-Eurosat-RGB-vs-Multispectral\data\raw\multispectral\Pasture\Pasture_645.tif,5,5,Pasture,Pasture,Pasture
C:\Users\DELL Precision 5550\Documents\GitHub\Terrasight-Eurosat-RGB-vs-Multispectral\data\raw\multispectral\River\River_1022.tif,8,8,River,River,River
C:\Users\DELL Precision 5550\Documents\GitHub\Terrasight-Eurosat-RGB-vs-Multispectral\data\raw\multispectral\Pasture\Pasture_229.tif,5,5,Pasture,Pasture,Pasture
C:\Users\DELL Precision 5550\Documents\GitHub\Terrasight-Eurosat-RGB-vs-Multispectral\data\raw\multispectral\Forest\Forest_2811.tif,1,1,Forest,Forest,Forest
C:\Users\DELL Precision 5550\Documents\GitHub\Terrasight-Eurosat-RGB-vs-Multispectral\data\raw\multispectral\Residential\Residential_560.tif,7,7,Residential,Residential,Residential
C:\Users\DELL Precision 5550\Documents\GitHub\Terrasight-Eurosat-RGB-vs-Multispectral\data\raw\multispectral\AnnualCrop\AnnualCrop_2737.tif,0,0,AnnualCrop,AnnualCrop,AnnualCrop
C:\Users\DELL Precision 5550\Documents\GitHub\Terrasight-Eurosat-RGB-vs-Multispectral\data\raw\multispectral\Residential\Residential_132.tif,7,7,Residential,Residential,Residential
C:\Users\DELL Precision 5550\Documents\GitHub\Terrasight-Eurosat-RGB-vs-Multispectral\data\raw\multispectral\HerbaceousVegetation\HerbaceousVegetation_1135.tif,2,2,HerbaceousVegetation,HerbaceousVegetation,HerbaceousVegetation
C:\Users\DELL Precision 5550\Documents\GitHub\Terrasight-Eurosat-RGB-vs-Multispectral\data\raw\multispectral\HerbaceousVegetation\HerbaceousVegetation_2220.tif,2,2,HerbaceousVegetation,HerbaceousVegetation,HerbaceousVegetation
C:\Users\DELL Precision 5550\Documents\GitHub\Terrasight-Eurosat-RGB-vs-Multispectral\data\raw\multispectral\AnnualCrop\AnnualCrop_2259.tif,0,0,AnnualCrop,AnnualCrop,AnnualCrop
C:\Users\DELL Precision 5550\Documents\GitHub\Terrasight-Eurosat-RGB-vs-Multispectral\data\raw\multispectral\HerbaceousVegetation\HerbaceousVegetation_1038.tif,2,2,HerbaceousVegetation,HerbaceousVegetation,HerbaceousVegetation
C:\Users\DELL Precision 5550\Documents\GitHub\Terrasight-Eurosat-RGB-vs-Multispectral\data\raw\multispectral\Forest\Forest_2596.tif,1,1,Forest,Forest,Forest
C:\Users\DELL Precision 5550\Documents\GitHub\Terrasight-Eurosat-RGB-vs-Multispectral\data\raw\multispectral\Residential\Residential_2931.tif,7,7,Residential,Residential,Residential
C:\Users\DELL Precision 5550\Documents\GitHub\Terrasight-Eurosat-RGB-vs-Multispectral\data\raw\multispectral\River\River_1851.tif,8,8,River,River,River
C:\Users\DELL Precision 5550\Documents\GitHub\Terrasight-Eurosat-RGB-vs-Multispectral\data\raw\multispectral\Residential\Residential_470.tif,7,7,Residential,Residential,Residential
C:\Users\DELL Precision 5550\Documents\GitHub\Terrasight-Eurosat-RGB-vs-Multispectral\data\raw\multispectral\Industrial\Industrial_44.tif,4,4,Industrial,Industrial,Industrial
C:\Users\DELL Precision 5550\Documents\GitHub\Terrasight-Eurosat-RGB-vs-Multispectral\data\raw\multispectral\Forest\Forest_2879.tif,1,1,Forest,Forest,Forest
C:\Users\DELL Precision 5550\Documents\GitHub\Terrasight-Eurosat-RGB-vs-Multispectral\data\raw\multispectral\HerbaceousVegetation\HerbaceousVegetation_1674.tif,2,2,HerbaceousVegetation,HerbaceousVegetation,HerbaceousVegetation
C:\Users\DELL Precision 5550\Documents\GitHub\Terrasight-Eurosat-RGB-vs-Multispectral\data\raw\multispectral\HerbaceousVegetation\HerbaceousVegetation_607.tif,2,2,HerbaceousVegetation,HerbaceousVegetation,HerbaceousVegetation
C:\Users\DELL Precision 5550\Documents\GitHub\Terrasight-Eurosat-RGB-vs-Multispectral\data\raw\multispectral\PermanentCrop\PermanentCrop_203.tif,6,6,PermanentCrop,PermanentCrop,PermanentCrop
C:\Users\DELL Precision 5550\Documents\GitHub\Terrasight-Eurosat-RGB-vs-Multispectral\data\raw\multispectral\Forest\Forest_1735.tif,1,8,Forest,River,Forest
C:\Users\DELL Precision 5550\Documents\GitHub\Terrasight-Eurosat-RGB-vs-Multispectral\data\raw\multispectral\Industrial\Industrial_74.tif,4,4,Industrial,Industrial,Industrial
C:\Users\DELL Precision 5550\Documents\GitHub\Terrasight-Eurosat-RGB-vs-Multispectral\data\raw\multispectral\Pasture\Pasture_197.tif,5,5,Pasture,Pasture,Pasture
C:\Users\DELL Precision 5550\Documents\GitHub\Terrasight-Eurosat-RGB-vs-Multispectral\data\raw\multispectral\SeaLake\SeaLake_1198.tif,9,9,SeaLake,SeaLake,SeaLake
C:\Users\DELL Precision 5550\Documents\GitHub\Terrasight-Eurosat-RGB-vs-Multispectral\data\raw\multispectral\Pasture\Pasture_599.tif,5,5,Pasture,Pasture,Pasture
C:\Users\DELL Precision 5550\Documents\GitHub\Terrasight-Eurosat-RGB-vs-Multispectral\data\raw\multispectral\Forest\Forest_2260.tif,1,2,Forest,HerbaceousVegetation,Forest
C:\Users\DELL Precision 5550\Documents\GitHub\Terrasight-Eurosat-RGB-vs-Multispectral\data\raw\multispectral\River\River_779.tif,8,8,River,River,River
C:\Users\DELL Precision 5550\Documents\GitHub\Terrasight-Eurosat-RGB-vs-Multispectral\data\raw\multispectral\AnnualCrop\AnnualCrop_1030.tif,0,0,AnnualCrop,AnnualCrop,AnnualCrop
C:\Users\DELL Precision 5550\Documents\GitHub\Terrasight-Eurosat-RGB-vs-Multispectral\data\raw\multispectral\Forest\Forest_264.tif,1,1,Forest,Forest,Forest
C:\Users\DELL Precision 5550\Documents\GitHub\Terrasight-Eurosat-RGB-vs-Multispectral\data\raw\multispectral\AnnualCrop\AnnualCrop_2225.tif,0,0,AnnualCrop,AnnualCrop,AnnualCrop
C:\Users\DELL Precision 5550\Documents\GitHub\Terrasight-Eurosat-RGB-vs-Multispectral\data\raw\multispectral\Forest\Forest_600.tif,1,1,Forest,Forest,Forest
C:\Users\DELL Precision 5550\Documents\GitHub\Terrasight-Eurosat-RGB-vs-Multispectral\data\raw\multispectral\Forest\Forest_189.tif,1,1,Forest,Forest,Forest
C:\Users\DELL Precision 5550\Documents\GitHub\Terrasight-Eurosat-RGB-vs-Multispectral\data\raw\multispectral\Industrial\Industrial_691.tif,4,4,Industrial,Industrial,Industrial
C:\Users\DELL Precision 5550\Documents\GitHub\Terrasight-Eurosat-RGB-vs-Multispectral\data\raw\multispectral\Residential\Residential_172.tif,7,4,Residential,Industrial,Residential
C:\Users\DELL Precision 5550\Documents\GitHub\Terrasight-Eurosat-RGB-vs-Multispectral\data\raw\multispectral\River\River_1372.tif,8,8,River,River,River
C:\Users\DELL Precision 5550\Documents\GitHub\Terrasight-Eurosat-RGB-vs-Multispectral\data\raw\multispectral\River\River_689.tif,8,8,River,River,River
C:\Users\DELL Precision 5550\Documents\GitHub\Terrasight-Eurosat-RGB-vs-Multispectral\data\raw\multispectral\PermanentCrop\PermanentCrop_519.tif,6,6,PermanentCrop,PermanentCrop,PermanentCrop
C:\Users\DELL Precision 5550\Documents\GitHub\Terrasight-Eurosat-RGB-vs-Multispectral\data\raw\multispectral\AnnualCrop\AnnualCrop_607.tif,0,0,AnnualCrop,AnnualCrop,AnnualCrop
C:\Users\DELL Precision 5550\Documents\GitHub\Terrasight-Eurosat-RGB-vs-Multispectral\data\raw\multispectral\River\River_365.tif,8,8,River,River,River
C:\Users\DELL Precision 5550\Documents\GitHub\Terrasight-Eurosat-RGB-vs-Multispectral\data\raw\multispectral\Residential\Residential_1579.tif,7,7,Residential,Residential,Residential
C:\Users\DELL Precision 5550\Documents\GitHub\Terrasight-Eurosat-RGB-vs-Multispectral\data\raw\multispectral\PermanentCrop\PermanentCrop_2406.tif,6,6,PermanentCrop,PermanentCrop,PermanentCrop
C:\Users\DELL Precision 5550\Documents\GitHub\Terrasight-Eurosat-RGB-vs-Multispectral\data\raw\multispectral\Residential\Residential_107.tif,7,7,Residential,Residential,Residential
C:\Users\DELL Precision 5550\Documents\GitHub\Terrasight-Eurosat-RGB-vs-Multispectral\data\raw\multispectral\AnnualCrop\AnnualCrop_2411.tif,0,0,AnnualCrop,AnnualCrop,AnnualCrop
C:\Users\DELL Precision 5550\Documents\GitHub\Terrasight-Eurosat-RGB-vs-Multispectral\data\raw\multispectral\HerbaceousVegetation\HerbaceousVegetation_1842.tif,2,2,HerbaceousVegetation,HerbaceousVegetation,HerbaceousVegetation
C:\Users\DELL Precision 5550\Documents\GitHub\Terrasight-Eurosat-RGB-vs-Multispectral\data\raw\multispectral\PermanentCrop\PermanentCrop_1088.tif,6,6,PermanentCrop,PermanentCrop,PermanentCrop
C:\Users\DELL Precision 5550\Documents\GitHub\Terrasight-Eurosat-RGB-vs-Multispectral\data\raw\multispectral\Industrial\Industrial_744.tif,4,4,Industrial,Industrial,Industrial
C:\Users\DELL Precision 5550\Documents\GitHub\Terrasight-Eurosat-RGB-vs-Multispectral\data\raw\multispectral\Forest\Forest_709.tif,1,1,Forest,Forest,Forest
C:\Users\DELL Precision 5550\Documents\GitHub\Terrasight-Eurosat-RGB-vs-Multispectral\data\raw\multispectral\HerbaceousVegetation\HerbaceousVegetation_1113.tif,2,2,HerbaceousVegetation,HerbaceousVegetation,HerbaceousVegetation
C:\Users\DELL Precision 5550\Documents\GitHub\Terrasight-Eurosat-RGB-vs-Multispectral\data\raw\multispectral\HerbaceousVegetation\HerbaceousVegetation_913.tif,2,2,HerbaceousVegetation,HerbaceousVegetation,HerbaceousVegetation
C:\Users\DELL Precision 5550\Documents\GitHub\Terrasight-Eurosat-RGB-vs-Multispectral\data\raw\multispectral\SeaLake\SeaLake_2736.tif,9,9,SeaLake,SeaLake,SeaLake
C:\Users\DELL Precision 5550\Documents\GitHub\Terrasight-Eurosat-RGB-vs-Multispectral\data\raw\multispectral\Forest\Forest_773.tif,1,1,Forest,Forest,Forest
C:\Users\DELL Precision 5550\Documents\GitHub\Terrasight-Eurosat-RGB-vs-Multispectral\data\raw\multispectral\HerbaceousVegetation\HerbaceousVegetation_1493.tif,2,2,HerbaceousVegetation,HerbaceousVegetation,HerbaceousVegetation
C:\Users\DELL Precision 5550\Documents\GitHub\Terrasight-Eurosat-RGB-vs-Multispectral\data\raw\multispectral\River\River_2300.tif,8,8,River,River,River
C:\Users\DELL Precision 5550\Documents\GitHub\Terrasight-Eurosat-RGB-vs-Multispectral\data\raw\multispectral\River\River_999.tif,8,8,River,River,River
C:\Users\DELL Precision 5550\Documents\GitHub\Terrasight-Eurosat-RGB-vs-Multispectral\data\raw\multispectral\SeaLake\SeaLake_775.tif,9,9,SeaLake,SeaLake,SeaLake
C:\Users\DELL Precision 5550\Documents\GitHub\Terrasight-Eurosat-RGB-vs-Multispectral\data\raw\multispectral\SeaLake\SeaLake_1931.tif,9,9,SeaLake,SeaLake,SeaLake
C:\Users\DELL Precision 5550\Documents\GitHub\Terrasight-Eurosat-RGB-vs-Multispectral\data\raw\multispectral\PermanentCrop\PermanentCrop_1183.tif,6,6,PermanentCrop,PermanentCrop,PermanentCrop
C:\Users\DELL Precision 5550\Documents\GitHub\Terrasight-Eurosat-RGB-vs-Multispectral\data\raw\multispectral\Residential\Residential_511.tif,7,7,Residential,Residential,Residential
C:\Users\DELL Precision 5550\Documents\GitHub\Terrasight-Eurosat-RGB-vs-Multispectral\data\raw\multispectral\Residential\Residential_1473.tif,7,7,Residential,Residential,Residential
C:\Users\DELL Precision 5550\Documents\GitHub\Terrasight-Eurosat-RGB-vs-Multispectral\data\raw\multispectral\Forest\Forest_541.tif,1,1,Forest,Forest,Forest
C:\Users\DELL Precision 5550\Documents\GitHub\Terrasight-Eurosat-RGB-vs-Multispectral\data\raw\multispectral\Forest\Forest_198.tif,1,1,Forest,Forest,Forest
C:\Users\DELL Precision 5550\Documents\GitHub\Terrasight-Eurosat-RGB-vs-Multispectral\data\raw\multispectral\AnnualCrop\AnnualCrop_992.tif,0,0,AnnualCrop,AnnualCrop,AnnualCrop
C:\Users\DELL Precision 5550\Documents\GitHub\Terrasight-Eurosat-RGB-vs-Multispectral\data\raw\multispectral\Forest\Forest_29.tif,1,1,Forest,Forest,Forest
C:\Users\DELL Precision 5550\Documents\GitHub\Terrasight-Eurosat-RGB-vs-Multispectral\data\raw\multispectral\Industrial\Industrial_1735.tif,4,4,Industrial,Industrial,Industrial
C:\Users\DELL Precision 5550\Documents\GitHub\Terrasight-Eurosat-RGB-vs-Multispectral\data\raw\multispectral\SeaLake\SeaLake_2939.tif,9,9,SeaLake,SeaLake,SeaLake
C:\Users\DELL Precision 5550\Documents\GitHub\Terrasight-Eurosat-RGB-vs-Multispectral\data\raw\multispectral\Forest\Forest_340.tif,1,1,Forest,Forest,Forest
C:\Users\DELL Precision 5550\Documents\GitHub\Terrasight-Eurosat-RGB-vs-Multispectral\data\raw\multispectral\Pasture\Pasture_936.tif,5,5,Pasture,Pasture,Pasture
C:\Users\DELL Precision 5550\Documents\GitHub\Terrasight-Eurosat-RGB-vs-Multispectral\data\raw\multispectral\Pasture\Pasture_387.tif,5,5,Pasture,Pasture,Pasture
C:\Users\DELL Precision 5550\Documents\GitHub\Terrasight-Eurosat-RGB-vs-Multispectral\data\raw\multispectral\Pasture\Pasture_836.tif,5,5,Pasture,Pasture,Pasture
C:\Users\DELL Precision 5550\Documents\GitHub\Terrasight-Eurosat-RGB-vs-Multispectral\data\raw\multispectral\Industrial\Industrial_528.tif,4,4,Industrial,Industrial,Industrial
C:\Users\DELL Precision 5550\Documents\GitHub\Terrasight-Eurosat-RGB-vs-Multispectral\data\raw\multispectral\AnnualCrop\AnnualCrop_2615.tif,0,0,AnnualCrop,AnnualCrop,AnnualCrop
C:\Users\DELL Precision 5550\Documents\GitHub\Terrasight-Eurosat-RGB-vs-Multispectral\data\raw\multispectral\Residential\Residential_2221.tif,7,7,Residential,Residential,Residential
C:\Users\DELL Precision 5550\Documents\GitHub\Terrasight-Eurosat-RGB-vs-Multispectral\data\raw\multispectral\Residential\Residential_1094.tif,7,7,Residential,Residential,Residential
C:\Users\DELL Precision 5550\Documents\GitHub\Terrasight-Eurosat-RGB-vs-Multispectral\data\raw\multispectral\SeaLake\SeaLake_2684.tif,9,9,SeaLake,SeaLake,SeaLake
C:\Users\DELL Precision 5550\Documents\GitHub\Terrasight-Eurosat-RGB-vs-Multispectral\data\raw\multispectral\Residential\Residential_2593.tif,7,7,Residential,Residential,Residential
C:\Users\DELL Precision 5550\Documents\GitHub\Terrasight-Eurosat-RGB-vs-Multispectral\data\raw\multispectral\PermanentCrop\PermanentCrop_419.tif,6,6,PermanentCrop,PermanentCrop,PermanentCrop
C:\Users\DELL Precision 5550\Documents\GitHub\Terrasight-Eurosat-RGB-vs-Multispectral\data\raw\multispectral\Forest\Forest_609.tif,1,1,Forest,Forest,Forest
C:\Users\DELL Precision 5550\Documents\GitHub\Terrasight-Eurosat-RGB-vs-Multispectral\data\raw\multispectral\Forest\Forest_45.tif,1,1,Forest,Forest,Forest
C:\Users\DELL Precision 5550\Documents\GitHub\Terrasight-Eurosat-RGB-vs-Multispectral\data\raw\multispectral\Residential\Residential_1242.tif,7,7,Residential,Residential,Residential
C:\Users\DELL Precision 5550\Documents\GitHub\Terrasight-Eurosat-RGB-vs-Multispectral\data\raw\multispectral\AnnualCrop\AnnualCrop_2036.tif,0,0,AnnualCrop,AnnualCrop,AnnualCrop
C:\Users\DELL Precision 5550\Documents\GitHub\Terrasight-Eurosat-RGB-vs-Multispectral\data\raw\multispectral\HerbaceousVegetation\HerbaceousVegetation_272.tif,2,2,HerbaceousVegetation,HerbaceousVegetation,HerbaceousVegetation
C:\Users\DELL Precision 5550\Documents\GitHub\Terrasight-Eurosat-RGB-vs-Multispectral\data\raw\multispectral\Residential\Residential_843.tif,7,7,Residential,Residential,Residential
C:\Users\DELL Precision 5550\Documents\GitHub\Terrasight-Eurosat-RGB-vs-Multispectral\data\raw\multispectral\Industrial\Industrial_1137.tif,4,4,Industrial,Industrial,Industrial
C:\Users\DELL Precision 5550\Documents\GitHub\Terrasight-Eurosat-RGB-vs-Multispectral\data\raw\multispectral\Pasture\Pasture_1766.tif,5,0,Pasture,AnnualCrop,Pasture
C:\Users\DELL Precision 5550\Documents\GitHub\Terrasight-Eurosat-RGB-vs-Multispectral\data\raw\multispectral\HerbaceousVegetation\HerbaceousVegetation_2549.tif,2,2,HerbaceousVegetation,HerbaceousVegetation,HerbaceousVegetation
C:\Users\DELL Precision 5550\Documents\GitHub\Terrasight-Eurosat-RGB-vs-Multispectral\data\raw\multispectral\Industrial\Industrial_2365.tif,4,7,Industrial,Residential,Industrial
C:\Users\DELL Precision 5550\Documents\GitHub\Terrasight-Eurosat-RGB-vs-Multispectral\data\raw\multispectral\HerbaceousVegetation\HerbaceousVegetation_636.tif,2,2,HerbaceousVegetation,HerbaceousVegetation,HerbaceousVegetation
C:\Users\DELL Precision 5550\Documents\GitHub\Terrasight-Eurosat-RGB-vs-Multispectral\data\raw\multispectral\Forest\Forest_1092.tif,1,1,Forest,Forest,Forest
C:\Users\DELL Precision 5550\Documents\GitHub\Terrasight-Eurosat-RGB-vs-Multispectral\data\raw\multispectral\Industrial\Industrial_492.tif,4,4,Industrial,Industrial,Industrial
C:\Users\DELL Precision 5550\Documents\GitHub\Terrasight-Eurosat-RGB-vs-Multispectral\data\raw\multispectral\Highway\Highway_751.tif,3,3,Highway,Highway,Highway
C:\Users\DELL Precision 5550\Documents\GitHub\Terrasight-Eurosat-RGB-vs-Multispectral\data\raw\multispectral\Forest\Forest_2374.tif,1,1,Forest,Forest,Forest
C:\Users\DELL Precision 5550\Documents\GitHub\Terrasight-Eurosat-RGB-vs-Multispectral\data\raw\multispectral\Industrial\Industrial_1794.tif,4,4,Industrial,Industrial,Industrial
C:\Users\DELL Precision 5550\Documents\GitHub\Terrasight-Eurosat-RGB-vs-Multispectral\data\raw\multispectral\AnnualCrop\AnnualCrop_233.tif,0,0,AnnualCrop,AnnualCrop,AnnualCrop
C:\Users\DELL Precision 5550\Documents\GitHub\Terrasight-Eurosat-RGB-vs-Multispectral\data\raw\multispectral\PermanentCrop\PermanentCrop_2041.tif,6,6,PermanentCrop,PermanentCrop,PermanentCrop
C:\Users\DELL Precision 5550\Documents\GitHub\Terrasight-Eurosat-RGB-vs-Multispectral\data\raw\multispectral\AnnualCrop\AnnualCrop_2979.tif,0,0,AnnualCrop,AnnualCrop,AnnualCrop
C:\Users\DELL Precision 5550\Documents\GitHub\Terrasight-Eurosat-RGB-vs-Multispectral\data\raw\multispectral\HerbaceousVegetation\HerbaceousVegetation_2463.tif,2,2,HerbaceousVegetation,HerbaceousVegetation,HerbaceousVegetation
C:\Users\DELL Precision 5550\Documents\GitHub\Terrasight-Eurosat-RGB-vs-Multispectral\data\raw\multispectral\Pasture\Pasture_1155.tif,5,5,Pasture,Pasture,Pasture
C:\Users\DELL Precision 5550\Documents\GitHub\Terrasight-Eurosat-RGB-vs-Multispectral\data\raw\multispectral\AnnualCrop\AnnualCrop_2575.tif,0,0,AnnualCrop,AnnualCrop,AnnualCrop
C:\Users\DELL Precision 5550\Documents\GitHub\Terrasight-Eurosat-RGB-vs-Multispectral\data\raw\multispectral\HerbaceousVegetation\HerbaceousVegetation_892.tif,2,2,HerbaceousVegetation,HerbaceousVegetation,HerbaceousVegetation
C:\Users\DELL Precision 5550\Documents\GitHub\Terrasight-Eurosat-RGB-vs-Multispectral\data\raw\multispectral\Highway\Highway_1538.tif,3,9,Highway,SeaLake,Highway
C:\Users\DELL Precision 5550\Documents\GitHub\Terrasight-Eurosat-RGB-vs-Multispectral\data\raw\multispectral\SeaLake\SeaLake_2147.tif,9,9,SeaLake,SeaLake,SeaLake
C:\Users\DELL Precision 5550\Documents\GitHub\Terrasight-Eurosat-RGB-vs-Multispectral\data\raw\multispectral\Industrial\Industrial_1357.tif,4,4,Industrial,Industrial,Industrial
C:\Users\DELL Precision 5550\Documents\GitHub\Terrasight-Eurosat-RGB-vs-Multispectral\data\raw\multispectral\River\River_25.tif,8,8,River,River,River
C:\Users\DELL Precision 5550\Documents\GitHub\Terrasight-Eurosat-RGB-vs-Multispectral\data\raw\multispectral\Pasture\Pasture_442.tif,5,5,Pasture,Pasture,Pasture
C:\Users\DELL Precision 5550\Documents\GitHub\Terrasight-Eurosat-RGB-vs-Multispectral\data\raw\multispectral\PermanentCrop\PermanentCrop_1191.tif,6,6,PermanentCrop,PermanentCrop,PermanentCrop
C:\Users\DELL Precision 5550\Documents\GitHub\Terrasight-Eurosat-RGB-vs-Multispectral\data\raw\multispectral\Industrial\Industrial_1862.tif,4,4,Industrial,Industrial,Industrial
C:\Users\DELL Precision 5550\Documents\GitHub\Terrasight-Eurosat-RGB-vs-Multispectral\data\raw\multispectral\HerbaceousVegetation\HerbaceousVegetation_2784.tif,2,2,HerbaceousVegetation,HerbaceousVegetation,HerbaceousVegetation
C:\Users\DELL Precision 5550\Documents\GitHub\Terrasight-Eurosat-RGB-vs-Multispectral\data\raw\multispectral\Residential\Residential_1431.tif,7,7,Residential,Residential,Residential
C:\Users\DELL Precision 5550\Documents\GitHub\Terrasight-Eurosat-RGB-vs-Multispectral\data\raw\multispectral\Highway\Highway_1532.tif,3,3,Highway,Highway,Highway
C:\Users\DELL Precision 5550\Documents\GitHub\Terrasight-Eurosat-RGB-vs-Multispectral\data\raw\multispectral\Forest\Forest_1218.tif,1,1,Forest,Forest,Forest
C:\Users\DELL Precision 5550\Documents\GitHub\Terrasight-Eurosat-RGB-vs-Multispectral\data\raw\multispectral\AnnualCrop\AnnualCrop_2344.tif,0,0,AnnualCrop,AnnualCrop,AnnualCrop
C:\Users\DELL Precision 5550\Documents\GitHub\Terrasight-Eurosat-RGB-vs-Multispectral\data\raw\multispectral\Forest\Forest_294.tif,1,1,Forest,Forest,Forest
C:\Users\DELL Precision 5550\Documents\GitHub\Terrasight-Eurosat-RGB-vs-Multispectral\data\raw\multispectral\AnnualCrop\AnnualCrop_589.tif,0,0,AnnualCrop,AnnualCrop,AnnualCrop
C:\Users\DELL Precision 5550\Documents\GitHub\Terrasight-Eurosat-RGB-vs-Multispectral\data\raw\multispectral\AnnualCrop\AnnualCrop_1827.tif,0,0,AnnualCrop,AnnualCrop,AnnualCrop
C:\Users\DELL Precision 5550\Documents\GitHub\Terrasight-Eurosat-RGB-vs-Multispectral\data\raw\multispectral\Residential\Residential_355.tif,7,7,Residential,Residential,Residential
C:\Users\DELL Precision 5550\Documents\GitHub\Terrasight-Eurosat-RGB-vs-Multispectral\data\raw\multispectral\Highway\Highway_1728.tif,3,3,Highway,Highway,Highway
C:\Users\DELL Precision 5550\Documents\GitHub\Terrasight-Eurosat-RGB-vs-Multispectral\data\raw\multispectral\AnnualCrop\AnnualCrop_2620.tif,0,0,AnnualCrop,AnnualCrop,AnnualCrop
C:\Users\DELL Precision 5550\Documents\GitHub\Terrasight-Eurosat-RGB-vs-Multispectral\data\raw\multispectral\PermanentCrop\PermanentCrop_1398.tif,6,6,PermanentCrop,PermanentCrop,PermanentCrop
C:\Users\DELL Precision 5550\Documents\GitHub\Terrasight-Eurosat-RGB-vs-Multispectral\data\raw\multispectral\AnnualCrop\AnnualCrop_1614.tif,0,0,AnnualCrop,AnnualCrop,AnnualCrop
C:\Users\DELL Precision 5550\Documents\GitHub\Terrasight-Eurosat-RGB-vs-Multispectral\data\raw\multispectral\HerbaceousVegetation\HerbaceousVegetation_329.tif,2,2,HerbaceousVegetation,HerbaceousVegetation,HerbaceousVegetation
C:\Users\DELL Precision 5550\Documents\GitHub\Terrasight-Eurosat-RGB-vs-Multispectral\data\raw\multispectral\Pasture\Pasture_1493.tif,5,5,Pasture,Pasture,Pasture
C:\Users\DELL Precision 5550\Documents\GitHub\Terrasight-Eurosat-RGB-vs-Multispectral\data\raw\multispectral\AnnualCrop\AnnualCrop_488.tif,0,0,AnnualCrop,AnnualCrop,AnnualCrop
C:\Users\DELL Precision 5550\Documents\GitHub\Terrasight-Eurosat-RGB-vs-Multispectral\data\raw\multispectral\Highway\Highway_831.tif,3,6,Highway,PermanentCrop,Highway
C:\Users\DELL Precision 5550\Documents\GitHub\Terrasight-Eurosat-RGB-vs-Multispectral\data\raw\multispectral\Residential\Residential_1675.tif,7,7,Residential,Residential,Residential
C:\Users\DELL Precision 5550\Documents\GitHub\Terrasight-Eurosat-RGB-vs-Multispectral\data\raw\multispectral\Residential\Residential_454.tif,7,7,Residential,Residential,Residential
C:\Users\DELL Precision 5550\Documents\GitHub\Terrasight-Eurosat-RGB-vs-Multispectral\data\raw\multispectral\Highway\Highway_2207.tif,3,4,Highway,Industrial,Highway
C:\Users\DELL Precision 5550\Documents\GitHub\Terrasight-Eurosat-RGB-vs-Multispectral\data\raw\multispectral\AnnualCrop\AnnualCrop_1805.tif,0,0,AnnualCrop,AnnualCrop,AnnualCrop
C:\Users\DELL Precision 5550\Documents\GitHub\Terrasight-Eurosat-RGB-vs-Multispectral\data\raw\multispectral\AnnualCrop\AnnualCrop_2507.tif,0,0,AnnualCrop,AnnualCrop,AnnualCrop
C:\Users\DELL Precision 5550\Documents\GitHub\Terrasight-Eurosat-RGB-vs-Multispectral\data\raw\multispectral\HerbaceousVegetation\HerbaceousVegetation_2314.tif,2,2,HerbaceousVegetation,HerbaceousVegetation,HerbaceousVegetation
C:\Users\DELL Precision 5550\Documents\GitHub\Terrasight-Eurosat-RGB-vs-Multispectral\data\raw\multispectral\HerbaceousVegetation\HerbaceousVegetation_2594.tif,2,2,HerbaceousVegetation,HerbaceousVegetation,HerbaceousVegetation
C:\Users\DELL Precision 5550\Documents\GitHub\Terrasight-Eurosat-RGB-vs-Multispectral\data\raw\multispectral\PermanentCrop\PermanentCrop_1676.tif,6,6,PermanentCrop,PermanentCrop,PermanentCrop
C:\Users\DELL Precision 5550\Documents\GitHub\Terrasight-Eurosat-RGB-vs-Multispectral\data\raw\multispectral\Residential\Residential_2766.tif,7,7,Residential,Residential,Residential
C:\Users\DELL Precision 5550\Documents\GitHub\Terrasight-Eurosat-RGB-vs-Multispectral\data\raw\multispectral\Industrial\Industrial_844.tif,4,4,Industrial,Industrial,Industrial
C:\Users\DELL Precision 5550\Documents\GitHub\Terrasight-Eurosat-RGB-vs-Multispectral\data\raw\multispectral\Highway\Highway_2106.tif,3,3,Highway,Highway,Highway
C:\Users\DELL Precision 5550\Documents\GitHub\Terrasight-Eurosat-RGB-vs-Multispectral\data\raw\multispectral\Forest\Forest_1791.tif,1,1,Forest,Forest,Forest
C:\Users\DELL Precision 5550\Documents\GitHub\Terrasight-Eurosat-RGB-vs-Multispectral\data\raw\multispectral\HerbaceousVegetation\HerbaceousVegetation_1462.tif,2,6,HerbaceousVegetation,PermanentCrop,HerbaceousVegetation
C:\Users\DELL Precision 5550\Documents\GitHub\Terrasight-Eurosat-RGB-vs-Multispectral\data\raw\multispectral\AnnualCrop\AnnualCrop_976.tif,0,0,AnnualCrop,AnnualCrop,AnnualCrop
C:\Users\DELL Precision 5550\Documents\GitHub\Terrasight-Eurosat-RGB-vs-Multispectral\data\raw\multispectral\Industrial\Industrial_383.tif,4,4,Industrial,Industrial,Industrial
C:\Users\DELL Precision 5550\Documents\GitHub\Terrasight-Eurosat-RGB-vs-Multispectral\data\raw\multispectral\HerbaceousVegetation\HerbaceousVegetation_1334.tif,2,2,HerbaceousVegetation,HerbaceousVegetation,HerbaceousVegetation
C:\Users\DELL Precision 5550\Documents\GitHub\Terrasight-Eurosat-RGB-vs-Multispectral\data\raw\multispectral\HerbaceousVegetation\HerbaceousVegetation_1514.tif,2,2,HerbaceousVegetation,HerbaceousVegetation,HerbaceousVegetation
C:\Users\DELL Precision 5550\Documents\GitHub\Terrasight-Eurosat-RGB-vs-Multispectral\data\raw\multispectral\PermanentCrop\PermanentCrop_2088.tif,6,6,PermanentCrop,PermanentCrop,PermanentCrop
C:\Users\DELL Precision 5550\Documents\GitHub\Terrasight-Eurosat-RGB-vs-Multispectral\data\raw\multispectral\AnnualCrop\AnnualCrop_1169.tif,0,0,AnnualCrop,AnnualCrop,AnnualCrop
C:\Users\DELL Precision 5550\Documents\GitHub\Terrasight-Eurosat-RGB-vs-Multispectral\data\raw\multispectral\Highway\Highway_1959.tif,3,3,Highway,Highway,Highway
C:\Users\DELL Precision 5550\Documents\GitHub\Terrasight-Eurosat-RGB-vs-Multispectral\data\raw\multispectral\River\River_78.tif,8,8,River,River,River
C:\Users\DELL Precision 5550\Documents\GitHub\Terrasight-Eurosat-RGB-vs-Multispectral\data\raw\multispectral\Residential\Residential_719.tif,7,7,Residential,Residential,Residential
C:\Users\DELL Precision 5550\Documents\GitHub\Terrasight-Eurosat-RGB-vs-Multispectral\data\raw\multispectral\River\River_1770.tif,8,3,River,Highway,River
C:\Users\DELL Precision 5550\Documents\GitHub\Terrasight-Eurosat-RGB-vs-Multispectral\data\raw\multispectral\Residential\Residential_2518.tif,7,7,Residential,Residential,Residential
C:\Users\DELL Precision 5550\Documents\GitHub\Terrasight-Eurosat-RGB-vs-Multispectral\data\raw\multispectral\Residential\Residential_829.tif,7,7,Residential,Residential,Residential
C:\Users\DELL Precision 5550\Documents\GitHub\Terrasight-Eurosat-RGB-vs-Multispectral\data\raw\multispectral\AnnualCrop\AnnualCrop_637.tif,0,0,AnnualCrop,AnnualCrop,AnnualCrop
C:\Users\DELL Precision 5550\Documents\GitHub\Terrasight-Eurosat-RGB-vs-Multispectral\data\raw\multispectral\Industrial\Industrial_1761.tif,4,4,Industrial,Industrial,Industrial
C:\Users\DELL Precision 5550\Documents\GitHub\Terrasight-Eurosat-RGB-vs-Multispectral\data\raw\multispectral\Residential\Residential_2790.tif,7,7,Residential,Residential,Residential
C:\Users\DELL Precision 5550\Documents\GitHub\Terrasight-Eurosat-RGB-vs-Multispectral\data\raw\multispectral\Forest\Forest_1598.tif,1,1,Forest,Forest,Forest
C:\Users\DELL Precision 5550\Documents\GitHub\Terrasight-Eurosat-RGB-vs-Multispectral\data\raw\multispectral\HerbaceousVegetation\HerbaceousVegetation_1336.tif,2,2,HerbaceousVegetation,HerbaceousVegetation,HerbaceousVegetation
C:\Users\DELL Precision 5550\Documents\GitHub\Terrasight-Eurosat-RGB-vs-Multispectral\data\raw\multispectral\River\River_1309.tif,8,8,River,River,River
C:\Users\DELL Precision 5550\Documents\GitHub\Terrasight-Eurosat-RGB-vs-Multispectral\data\raw\multispectral\Pasture\Pasture_253.tif,5,5,Pasture,Pasture,Pasture
C:\Users\DELL Precision 5550\Documents\GitHub\Terrasight-Eurosat-RGB-vs-Multispectral\data\raw\multispectral\Industrial\Industrial_1669.tif,4,4,Industrial,Industrial,Industrial
C:\Users\DELL Precision 5550\Documents\GitHub\Terrasight-Eurosat-RGB-vs-Multispectral\data\raw\multispectral\Residential\Residential_2009.tif,7,7,Residential,Residential,Residential
C:\Users\DELL Precision 5550\Documents\GitHub\Terrasight-Eurosat-RGB-vs-Multispectral\data\raw\multispectral\Residential\Residential_2510.tif,7,7,Residential,Residential,Residential
C:\Users\DELL Precision 5550\Documents\GitHub\Terrasight-Eurosat-RGB-vs-Multispectral\data\raw\multispectral\Pasture\Pasture_1238.tif,5,5,Pasture,Pasture,Pasture
C:\Users\DELL Precision 5550\Documents\GitHub\Terrasight-Eurosat-RGB-vs-Multispectral\data\raw\multispectral\SeaLake\SeaLake_131.tif,9,9,SeaLake,SeaLake,SeaLake
C:\Users\DELL Precision 5550\Documents\GitHub\Terrasight-Eurosat-RGB-vs-Multispectral\data\raw\multispectral\Residential\Residential_2768.tif,7,7,Residential,Residential,Residential
C:\Users\DELL Precision 5550\Documents\GitHub\Terrasight-Eurosat-RGB-vs-Multispectral\data\raw\multispectral\Industrial\Industrial_43.tif,4,4,Industrial,Industrial,Industrial
C:\Users\DELL Precision 5550\Documents\GitHub\Terrasight-Eurosat-RGB-vs-Multispectral\data\raw\multispectral\River\River_159.tif,8,8,River,River,River
C:\Users\DELL Precision 5550\Documents\GitHub\Terrasight-Eurosat-RGB-vs-Multispectral\data\raw\multispectral\River\River_1406.tif,8,8,River,River,River
C:\Users\DELL Precision 5550\Documents\GitHub\Terrasight-Eurosat-RGB-vs-Multispectral\data\raw\multispectral\Forest\Forest_622.tif,1,1,Forest,Forest,Forest
C:\Users\DELL Precision 5550\Documents\GitHub\Terrasight-Eurosat-RGB-vs-Multispectral\data\raw\multispectral\Highway\Highway_908.tif,3,3,Highway,Highway,Highway
C:\Users\DELL Precision 5550\Documents\GitHub\Terrasight-Eurosat-RGB-vs-Multispectral\data\raw\multispectral\River\River_2035.tif,8,8,River,River,River
C:\Users\DELL Precision 5550\Documents\GitHub\Terrasight-Eurosat-RGB-vs-Multispectral\data\raw\multispectral\AnnualCrop\AnnualCrop_925.tif,0,0,AnnualCrop,AnnualCrop,AnnualCrop
C:\Users\DELL Precision 5550\Documents\GitHub\Terrasight-Eurosat-RGB-vs-Multispectral\data\raw\multispectral\AnnualCrop\AnnualCrop_843.tif,0,0,AnnualCrop,AnnualCrop,AnnualCrop
C:\Users\DELL Precision 5550\Documents\GitHub\Terrasight-Eurosat-RGB-vs-Multispectral\data\raw\multispectral\PermanentCrop\PermanentCrop_2034.tif,6,6,PermanentCrop,PermanentCrop,PermanentCrop
C:\Users\DELL Precision 5550\Documents\GitHub\Terrasight-Eurosat-RGB-vs-Multispectral\data\raw\multispectral\PermanentCrop\PermanentCrop_345.tif,6,6,PermanentCrop,PermanentCrop,PermanentCrop
C:\Users\DELL Precision 5550\Documents\GitHub\Terrasight-Eurosat-RGB-vs-Multispectral\data\raw\multispectral\Forest\Forest_518.tif,1,2,Forest,HerbaceousVegetation,Forest
C:\Users\DELL Precision 5550\Documents\GitHub\Terrasight-Eurosat-RGB-vs-Multispectral\data\raw\multispectral\River\River_1074.tif,8,8,River,River,River
C:\Users\DELL Precision 5550\Documents\GitHub\Terrasight-Eurosat-RGB-vs-Multispectral\data\raw\multispectral\AnnualCrop\AnnualCrop_2461.tif,0,0,AnnualCrop,AnnualCrop,AnnualCrop
C:\Users\DELL Precision 5550\Documents\GitHub\Terrasight-Eurosat-RGB-vs-Multispectral\data\raw\multispectral\Industrial\Industrial_2272.tif,4,4,Industrial,Industrial,Industrial
C:\Users\DELL Precision 5550\Documents\GitHub\Terrasight-Eurosat-RGB-vs-Multispectral\data\raw\multispectral\PermanentCrop\PermanentCrop_1099.tif,6,6,PermanentCrop,PermanentCrop,PermanentCrop
C:\Users\DELL Precision 5550\Documents\GitHub\Terrasight-Eurosat-RGB-vs-Multispectral\data\raw\multispectral\PermanentCrop\PermanentCrop_184.tif,6,6,PermanentCrop,PermanentCrop,PermanentCrop
C:\Users\DELL Precision 5550\Documents\GitHub\Terrasight-Eurosat-RGB-vs-Multispectral\data\raw\multispectral\PermanentCrop\PermanentCrop_963.tif,6,6,PermanentCrop,PermanentCrop,PermanentCrop
C:\Users\DELL Precision 5550\Documents\GitHub\Terrasight-Eurosat-RGB-vs-Multispectral\data\raw\multispectral\Industrial\Industrial_1400.tif,4,4,Industrial,Industrial,Industrial
C:\Users\DELL Precision 5550\Documents\GitHub\Terrasight-Eurosat-RGB-vs-Multispectral\data\raw\multispectral\HerbaceousVegetation\HerbaceousVegetation_1177.tif,2,2,HerbaceousVegetation,HerbaceousVegetation,HerbaceousVegetation
C:\Users\DELL Precision 5550\Documents\GitHub\Terrasight-Eurosat-RGB-vs-Multispectral\data\raw\multispectral\River\River_298.tif,8,8,River,River,River
C:\Users\DELL Precision 5550\Documents\GitHub\Terrasight-Eurosat-RGB-vs-Multispectral\data\raw\multispectral\Forest\Forest_267.tif,1,1,Forest,Forest,Forest
C:\Users\DELL Precision 5550\Documents\GitHub\Terrasight-Eurosat-RGB-vs-Multispectral\data\raw\multispectral\Forest\Forest_907.tif,1,1,Forest,Forest,Forest
C:\Users\DELL Precision 5550\Documents\GitHub\Terrasight-Eurosat-RGB-vs-Multispectral\data\raw\multispectral\AnnualCrop\AnnualCrop_732.tif,0,0,AnnualCrop,AnnualCrop,AnnualCrop
C:\Users\DELL Precision 5550\Documents\GitHub\Terrasight-Eurosat-RGB-vs-Multispectral\data\raw\multispectral\PermanentCrop\PermanentCrop_484.tif,6,6,PermanentCrop,PermanentCrop,PermanentCrop
C:\Users\DELL Precision 5550\Documents\GitHub\Terrasight-Eurosat-RGB-vs-Multispectral\data\raw\multispectral\Pasture\Pasture_1569.tif,5,5,Pasture,Pasture,Pasture
C:\Users\DELL Precision 5550\Documents\GitHub\Terrasight-Eurosat-RGB-vs-Multispectral\data\raw\multispectral\Highway\Highway_2038.tif,3,3,Highway,Highway,Highway
C:\Users\DELL Precision 5550\Documents\GitHub\Terrasight-Eurosat-RGB-vs-Multispectral\data\raw\multispectral\River\River_163.tif,8,8,River,River,River
C:\Users\DELL Precision 5550\Documents\GitHub\Terrasight-Eurosat-RGB-vs-Multispectral\data\raw\multispectral\Highway\Highway_1596.tif,3,0,Highway,AnnualCrop,Highway
C:\Users\DELL Precision 5550\Documents\GitHub\Terrasight-Eurosat-RGB-vs-Multispectral\data\raw\multispectral\SeaLake\SeaLake_1446.tif,9,9,SeaLake,SeaLake,SeaLake
C:\Users\DELL Precision 5550\Documents\GitHub\Terrasight-Eurosat-RGB-vs-Multispectral\data\raw\multispectral\SeaLake\SeaLake_2342.tif,9,9,SeaLake,SeaLake,SeaLake
C:\Users\DELL Precision 5550\Documents\GitHub\Terrasight-Eurosat-RGB-vs-Multispectral\data\raw\multispectral\River\River_248.tif,8,8,River,River,River
C:\Users\DELL Precision 5550\Documents\GitHub\Terrasight-Eurosat-RGB-vs-Multispectral\data\raw\multispectral\AnnualCrop\AnnualCrop_2549.tif,0,0,AnnualCrop,AnnualCrop,AnnualCrop
C:\Users\DELL Precision 5550\Documents\GitHub\Terrasight-Eurosat-RGB-vs-Multispectral\data\raw\multispectral\AnnualCrop\AnnualCrop_1644.tif,0,0,AnnualCrop,AnnualCrop,AnnualCrop
C:\Users\DELL Precision 5550\Documents\GitHub\Terrasight-Eurosat-RGB-vs-Multispectral\data\raw\multispectral\HerbaceousVegetation\HerbaceousVegetation_1343.tif,2,2,HerbaceousVegetation,HerbaceousVegetation,HerbaceousVegetation
C:\Users\DELL Precision 5550\Documents\GitHub\Terrasight-Eurosat-RGB-vs-Multispectral\data\raw\multispectral\Residential\Residential_2478.tif,7,7,Residential,Residential,Residential
C:\Users\DELL Precision 5550\Documents\GitHub\Terrasight-Eurosat-RGB-vs-Multispectral\data\raw\multispectral\Highway\Highway_136.tif,3,3,Highway,Highway,Highway
C:\Users\DELL Precision 5550\Documents\GitHub\Terrasight-Eurosat-RGB-vs-Multispectral\data\raw\multispectral\SeaLake\SeaLake_2527.tif,9,9,SeaLake,SeaLake,SeaLake
C:\Users\DELL Precision 5550\Documents\GitHub\Terrasight-Eurosat-RGB-vs-Multispectral\data\raw\multispectral\AnnualCrop\AnnualCrop_60.tif,0,0,AnnualCrop,AnnualCrop,AnnualCrop
C:\Users\DELL Precision 5550\Documents\GitHub\Terrasight-Eurosat-RGB-vs-Multispectral\data\raw\multispectral\Industrial\Industrial_642.tif,4,4,Industrial,Industrial,Industrial
C:\Users\DELL Precision 5550\Documents\GitHub\Terrasight-Eurosat-RGB-vs-Multispectral\data\raw\multispectral\HerbaceousVegetation\HerbaceousVegetation_707.tif,2,5,HerbaceousVegetation,Pasture,HerbaceousVegetation
C:\Users\DELL Precision 5550\Documents\GitHub\Terrasight-Eurosat-RGB-vs-Multispectral\data\raw\multispectral\Forest\Forest_2239.tif,1,1,Forest,Forest,Forest
C:\Users\DELL Precision 5550\Documents\GitHub\Terrasight-Eurosat-RGB-vs-Multispectral\data\raw\multispectral\AnnualCrop\AnnualCrop_2759.tif,0,0,AnnualCrop,AnnualCrop,AnnualCrop
C:\Users\DELL Precision 5550\Documents\GitHub\Terrasight-Eurosat-RGB-vs-Multispectral\data\raw\multispectral\AnnualCrop\AnnualCrop_930.tif,0,0,AnnualCrop,AnnualCrop,AnnualCrop
C:\Users\DELL Precision 5550\Documents\GitHub\Terrasight-Eurosat-RGB-vs-Multispectral\data\raw\multispectral\SeaLake\SeaLake_1712.tif,9,9,SeaLake,SeaLake,SeaLake
C:\Users\DELL Precision 5550\Documents\GitHub\Terrasight-Eurosat-RGB-vs-Multispectral\data\raw\multispectral\Industrial\Industrial_1466.tif,4,7,Industrial,Residential,Industrial
C:\Users\DELL Precision 5550\Documents\GitHub\Terrasight-Eurosat-RGB-vs-Multispectral\data\raw\multispectral\Forest\Forest_2629.tif,1,1,Forest,Forest,Forest
C:\Users\DELL Precision 5550\Documents\GitHub\Terrasight-Eurosat-RGB-vs-Multispectral\data\raw\multispectral\AnnualCrop\AnnualCrop_1654.tif,0,0,AnnualCrop,AnnualCrop,AnnualCrop
C:\Users\DELL Precision 5550\Documents\GitHub\Terrasight-Eurosat-RGB-vs-Multispectral\data\raw\multispectral\Residential\Residential_1360.tif,7,7,Residential,Residential,Residential
C:\Users\DELL Precision 5550\Documents\GitHub\Terrasight-Eurosat-RGB-vs-Multispectral\data\raw\multispectral\Highway\Highway_2497.tif,3,4,Highway,Industrial,Highway
C:\Users\DELL Precision 5550\Documents\GitHub\Terrasight-Eurosat-RGB-vs-Multispectral\data\raw\multispectral\River\River_239.tif,8,8,River,River,River
C:\Users\DELL Precision 5550\Documents\GitHub\Terrasight-Eurosat-RGB-vs-Multispectral\data\raw\multispectral\River\River_1345.tif,8,8,River,River,River
C:\Users\DELL Precision 5550\Documents\GitHub\Terrasight-Eurosat-RGB-vs-Multispectral\data\raw\multispectral\River\River_1546.tif,8,8,River,River,River
C:\Users\DELL Precision 5550\Documents\GitHub\Terrasight-Eurosat-RGB-vs-Multispectral\data\raw\multispectral\Forest\Forest_2795.tif,1,1,Forest,Forest,Forest
C:\Users\DELL Precision 5550\Documents\GitHub\Terrasight-Eurosat-RGB-vs-Multispectral\data\raw\multispectral\Forest\Forest_287.tif,1,1,Forest,Forest,Forest
C:\Users\DELL Precision 5550\Documents\GitHub\Terrasight-Eurosat-RGB-vs-Multispectral\data\raw\multispectral\HerbaceousVegetation\HerbaceousVegetation_1927.tif,2,2,HerbaceousVegetation,HerbaceousVegetation,HerbaceousVegetation
C:\Users\DELL Precision 5550\Documents\GitHub\Terrasight-Eurosat-RGB-vs-Multispectral\data\raw\multispectral\Forest\Forest_2033.tif,1,1,Forest,Forest,Forest
C:\Users\DELL Precision 5550\Documents\GitHub\Terrasight-Eurosat-RGB-vs-Multispectral\data\raw\multispectral\HerbaceousVegetation\HerbaceousVegetation_1807.tif,2,2,HerbaceousVegetation,HerbaceousVegetation,HerbaceousVegetation
C:\Users\DELL Precision 5550\Documents\GitHub\Terrasight-Eurosat-RGB-vs-Multispectral\data\raw\multispectral\Industrial\Industrial_1942.tif,4,4,Industrial,Industrial,Industrial
C:\Users\DELL Precision 5550\Documents\GitHub\Terrasight-Eurosat-RGB-vs-Multispectral\data\raw\multispectral\AnnualCrop\AnnualCrop_1296.tif,0,0,AnnualCrop,AnnualCrop,AnnualCrop
C:\Users\DELL Precision 5550\Documents\GitHub\Terrasight-Eurosat-RGB-vs-Multispectral\data\raw\multispectral\Industrial\Industrial_1511.tif,4,4,Industrial,Industrial,Industrial
C:\Users\DELL Precision 5550\Documents\GitHub\Terrasight-Eurosat-RGB-vs-Multispectral\data\raw\multispectral\Highway\Highway_1203.tif,3,3,Highway,Highway,Highway
C:\Users\DELL Precision 5550\Documents\GitHub\Terrasight-Eurosat-RGB-vs-Multispectral\data\raw\multispectral\AnnualCrop\AnnualCrop_400.tif,0,0,AnnualCrop,AnnualCrop,AnnualCrop
C:\Users\DELL Precision 5550\Documents\GitHub\Terrasight-Eurosat-RGB-vs-Multispectral\data\raw\multispectral\River\River_607.tif,8,8,River,River,River
C:\Users\DELL Precision 5550\Documents\GitHub\Terrasight-Eurosat-RGB-vs-Multispectral\data\raw\multispectral\Industrial\Industrial_1230.tif,4,4,Industrial,Industrial,Industrial
C:\Users\DELL Precision 5550\Documents\GitHub\Terrasight-Eurosat-RGB-vs-Multispectral\data\raw\multispectral\PermanentCrop\PermanentCrop_982.tif,6,2,PermanentCrop,HerbaceousVegetation,PermanentCrop
C:\Users\DELL Precision 5550\Documents\GitHub\Terrasight-Eurosat-RGB-vs-Multispectral\data\raw\multispectral\Industrial\Industrial_725.tif,4,4,Industrial,Industrial,Industrial
C:\Users\DELL Precision 5550\Documents\GitHub\Terrasight-Eurosat-RGB-vs-Multispectral\data\raw\multispectral\Forest\Forest_6.tif,1,1,Forest,Forest,Forest
C:\Users\DELL Precision 5550\Documents\GitHub\Terrasight-Eurosat-RGB-vs-Multispectral\data\raw\multispectral\Residential\Residential_1372.tif,7,7,Residential,Residential,Residential
C:\Users\DELL Precision 5550\Documents\GitHub\Terrasight-Eurosat-RGB-vs-Multispectral\data\raw\multispectral\SeaLake\SeaLake_1542.tif,9,9,SeaLake,SeaLake,SeaLake
C:\Users\DELL Precision 5550\Documents\GitHub\Terrasight-Eurosat-RGB-vs-Multispectral\data\raw\multispectral\Residential\Residential_1730.tif,7,7,Residential,Residential,Residential
C:\Users\DELL Precision 5550\Documents\GitHub\Terrasight-Eurosat-RGB-vs-Multispectral\data\raw\multispectral\Pasture\Pasture_1313.tif,5,5,Pasture,Pasture,Pasture
C:\Users\DELL Precision 5550\Documents\GitHub\Terrasight-Eurosat-RGB-vs-Multispectral\data\raw\multispectral\Pasture\Pasture_80.tif,5,5,Pasture,Pasture,Pasture
C:\Users\DELL Precision 5550\Documents\GitHub\Terrasight-Eurosat-RGB-vs-Multispectral\data\raw\multispectral\River\River_250.tif,8,8,River,River,River
C:\Users\DELL Precision 5550\Documents\GitHub\Terrasight-Eurosat-RGB-vs-Multispectral\data\raw\multispectral\Highway\Highway_1278.tif,3,3,Highway,Highway,Highway
C:\Users\DELL Precision 5550\Documents\GitHub\Terrasight-Eurosat-RGB-vs-Multispectral\data\raw\multispectral\Residential\Residential_1370.tif,7,7,Residential,Residential,Residential
C:\Users\DELL Precision 5550\Documents\GitHub\Terrasight-Eurosat-RGB-vs-Multispectral\data\raw\multispectral\HerbaceousVegetation\HerbaceousVegetation_1055.tif,2,2,HerbaceousVegetation,HerbaceousVegetation,HerbaceousVegetation
C:\Users\DELL Precision 5550\Documents\GitHub\Terrasight-Eurosat-RGB-vs-Multispectral\data\raw\multispectral\HerbaceousVegetation\HerbaceousVegetation_1289.tif,2,2,HerbaceousVegetation,HerbaceousVegetation,HerbaceousVegetation
C:\Users\DELL Precision 5550\Documents\GitHub\Terrasight-Eurosat-RGB-vs-Multispectral\data\raw\multispectral\HerbaceousVegetation\HerbaceousVegetation_1440.tif,2,2,HerbaceousVegetation,HerbaceousVegetation,HerbaceousVegetation
C:\Users\DELL Precision 5550\Documents\GitHub\Terrasight-Eurosat-RGB-vs-Multispectral\data\raw\multispectral\HerbaceousVegetation\HerbaceousVegetation_1441.tif,2,2,HerbaceousVegetation,HerbaceousVegetation,HerbaceousVegetation
C:\Users\DELL Precision 5550\Documents\GitHub\Terrasight-Eurosat-RGB-vs-Multispectral\data\raw\multispectral\Forest\Forest_1162.tif,1,1,Forest,Forest,Forest
C:\Users\DELL Precision 5550\Documents\GitHub\Terrasight-Eurosat-RGB-vs-Multispectral\data\raw\multispectral\Forest\Forest_1996.tif,1,1,Forest,Forest,Forest
C:\Users\DELL Precision 5550\Documents\GitHub\Terrasight-Eurosat-RGB-vs-Multispectral\data\raw\multispectral\SeaLake\SeaLake_2161.tif,9,9,SeaLake,SeaLake,SeaLake
C:\Users\DELL Precision 5550\Documents\GitHub\Terrasight-Eurosat-RGB-vs-Multispectral\data\raw\multispectral\Industrial\Industrial_523.tif,4,4,Industrial,Industrial,Industrial
C:\Users\DELL Precision 5550\Documents\GitHub\Terrasight-Eurosat-RGB-vs-Multispectral\data\raw\multispectral\Pasture\Pasture_497.tif,5,5,Pasture,Pasture,Pasture
C:\Users\DELL Precision 5550\Documents\GitHub\Terrasight-Eurosat-RGB-vs-Multispectral\data\raw\multispectral\Pasture\Pasture_1249.tif,5,5,Pasture,Pasture,Pasture
C:\Users\DELL Precision 5550\Documents\GitHub\Terrasight-Eurosat-RGB-vs-Multispectral\data\raw\multispectral\River\River_368.tif,8,8,River,River,River
C:\Users\DELL Precision 5550\Documents\GitHub\Terrasight-Eurosat-RGB-vs-Multispectral\data\raw\multispectral\AnnualCrop\AnnualCrop_1873.tif,0,0,AnnualCrop,AnnualCrop,AnnualCrop
C:\Users\DELL Precision 5550\Documents\GitHub\Terrasight-Eurosat-RGB-vs-Multispectral\data\raw\multispectral\Industrial\Industrial_2281.tif,4,4,Industrial,Industrial,Industrial
C:\Users\DELL Precision 5550\Documents\GitHub\Terrasight-Eurosat-RGB-vs-Multispectral\data\raw\multispectral\HerbaceousVegetation\HerbaceousVegetation_2184.tif,2,2,HerbaceousVegetation,HerbaceousVegetation,HerbaceousVegetation
C:\Users\DELL Precision 5550\Documents\GitHub\Terrasight-Eurosat-RGB-vs-Multispectral\data\raw\multispectral\PermanentCrop\PermanentCrop_1043.tif,6,6,PermanentCrop,PermanentCrop,PermanentCrop
C:\Users\DELL Precision 5550\Documents\GitHub\Terrasight-Eurosat-RGB-vs-Multispectral\data\raw\multispectral\PermanentCrop\PermanentCrop_1739.tif,6,6,PermanentCrop,PermanentCrop,PermanentCrop
C:\Users\DELL Precision 5550\Documents\GitHub\Terrasight-Eurosat-RGB-vs-Multispectral\data\raw\multispectral\Residential\Residential_2203.tif,7,7,Residential,Residential,Residential
C:\Users\DELL Precision 5550\Documents\GitHub\Terrasight-Eurosat-RGB-vs-Multispectral\data\raw\multispectral\River\River_2222.tif,8,8,River,River,River
C:\Users\DELL Precision 5550\Documents\GitHub\Terrasight-Eurosat-RGB-vs-Multispectral\data\raw\multispectral\SeaLake\SeaLake_2756.tif,9,0,SeaLake,AnnualCrop,SeaLake
C:\Users\DELL Precision 5550\Documents\GitHub\Terrasight-Eurosat-RGB-vs-Multispectral\data\raw\multispectral\River\River_1110.tif,8,8,River,River,River
C:\Users\DELL Precision 5550\Documents\GitHub\Terrasight-Eurosat-RGB-vs-Multispectral\data\raw\multispectral\Forest\Forest_1711.tif,1,1,Forest,Forest,Forest
C:\Users\DELL Precision 5550\Documents\GitHub\Terrasight-Eurosat-RGB-vs-Multispectral\data\raw\multispectral\HerbaceousVegetation\HerbaceousVegetation_2586.tif,2,2,HerbaceousVegetation,HerbaceousVegetation,HerbaceousVegetation
C:\Users\DELL Precision 5550\Documents\GitHub\Terrasight-Eurosat-RGB-vs-Multispectral\data\raw\multispectral\AnnualCrop\AnnualCrop_2070.tif,0,6,AnnualCrop,PermanentCrop,AnnualCrop
C:\Users\DELL Precision 5550\Documents\GitHub\Terrasight-Eurosat-RGB-vs-Multispectral\data\raw\multispectral\Highway\Highway_1874.tif,3,3,Highway,Highway,Highway
C:\Users\DELL Precision 5550\Documents\GitHub\Terrasight-Eurosat-RGB-vs-Multispectral\data\raw\multispectral\Residential\Residential_532.tif,7,7,Residential,Residential,Residential
C:\Users\DELL Precision 5550\Documents\GitHub\Terrasight-Eurosat-RGB-vs-Multispectral\data\raw\multispectral\Forest\Forest_2974.tif,1,1,Forest,Forest,Forest
C:\Users\DELL Precision 5550\Documents\GitHub\Terrasight-Eurosat-RGB-vs-Multispectral\data\raw\multispectral\HerbaceousVegetation\HerbaceousVegetation_1657.tif,2,2,HerbaceousVegetation,HerbaceousVegetation,HerbaceousVegetation
C:\Users\DELL Precision 5550\Documents\GitHub\Terrasight-Eurosat-RGB-vs-Multispectral\data\raw\multispectral\AnnualCrop\AnnualCrop_1115.tif,0,0,AnnualCrop,AnnualCrop,AnnualCrop
C:\Users\DELL Precision 5550\Documents\GitHub\Terrasight-Eurosat-RGB-vs-Multispectral\data\raw\multispectral\HerbaceousVegetation\HerbaceousVegetation_825.tif,2,2,HerbaceousVegetation,HerbaceousVegetation,HerbaceousVegetation
C:\Users\DELL Precision 5550\Documents\GitHub\Terrasight-Eurosat-RGB-vs-Multispectral\data\raw\multispectral\River\River_1503.tif,8,8,River,River,River
C:\Users\DELL Precision 5550\Documents\GitHub\Terrasight-Eurosat-RGB-vs-Multispectral\data\raw\multispectral\HerbaceousVegetation\HerbaceousVegetation_1902.tif,2,2,HerbaceousVegetation,HerbaceousVegetation,HerbaceousVegetation
C:\Users\DELL Precision 5550\Documents\GitHub\Terrasight-Eurosat-RGB-vs-Multispectral\data\raw\multispectral\Pasture\Pasture_1806.tif,5,5,Pasture,Pasture,Pasture
C:\Users\DELL Precision 5550\Documents\GitHub\Terrasight-Eurosat-RGB-vs-Multispectral\data\raw\multispectral\Residential\Residential_2740.tif,7,7,Residential,Residential,Residential
C:\Users\DELL Precision 5550\Documents\GitHub\Terrasight-Eurosat-RGB-vs-Multispectral\data\raw\multispectral\SeaLake\SeaLake_253.tif,9,9,SeaLake,SeaLake,SeaLake
C:\Users\DELL Precision 5550\Documents\GitHub\Terrasight-Eurosat-RGB-vs-Multispectral\data\raw\multispectral\Forest\Forest_1840.tif,1,1,Forest,Forest,Forest
C:\Users\DELL Precision 5550\Documents\GitHub\Terrasight-Eurosat-RGB-vs-Multispectral\data\raw\multispectral\Highway\Highway_2427.tif,3,3,Highway,Highway,Highway
C:\Users\DELL Precision 5550\Documents\GitHub\Terrasight-Eurosat-RGB-vs-Multispectral\data\raw\multispectral\Forest\Forest_1125.tif,1,1,Forest,Forest,Forest
C:\Users\DELL Precision 5550\Documents\GitHub\Terrasight-Eurosat-RGB-vs-Multispectral\data\raw\multispectral\River\River_1097.tif,8,8,River,River,River
C:\Users\DELL Precision 5550\Documents\GitHub\Terrasight-Eurosat-RGB-vs-Multispectral\data\raw\multispectral\HerbaceousVegetation\HerbaceousVegetation_1396.tif,2,2,HerbaceousVegetation,HerbaceousVegetation,HerbaceousVegetation
C:\Users\DELL Precision 5550\Documents\GitHub\Terrasight-Eurosat-RGB-vs-Multispectral\data\raw\multispectral\HerbaceousVegetation\HerbaceousVegetation_144.tif,2,2,HerbaceousVegetation,HerbaceousVegetation,HerbaceousVegetation
C:\Users\DELL Precision 5550\Documents\GitHub\Terrasight-Eurosat-RGB-vs-Multispectral\data\raw\multispectral\PermanentCrop\PermanentCrop_2445.tif,6,6,PermanentCrop,PermanentCrop,PermanentCrop
C:\Users\DELL Precision 5550\Documents\GitHub\Terrasight-Eurosat-RGB-vs-Multispectral\data\raw\multispectral\SeaLake\SeaLake_2212.tif,9,9,SeaLake,SeaLake,SeaLake
C:\Users\DELL Precision 5550\Documents\GitHub\Terrasight-Eurosat-RGB-vs-Multispectral\data\raw\multispectral\Residential\Residential_2484.tif,7,7,Residential,Residential,Residential
C:\Users\DELL Precision 5550\Documents\GitHub\Terrasight-Eurosat-RGB-vs-Multispectral\data\raw\multispectral\HerbaceousVegetation\HerbaceousVegetation_209.tif,2,2,HerbaceousVegetation,HerbaceousVegetation,HerbaceousVegetation
C:\Users\DELL Precision 5550\Documents\GitHub\Terrasight-Eurosat-RGB-vs-Multispectral\data\raw\multispectral\HerbaceousVegetation\HerbaceousVegetation_2715.tif,2,2,HerbaceousVegetation,HerbaceousVegetation,HerbaceousVegetation
C:\Users\DELL Precision 5550\Documents\GitHub\Terrasight-Eurosat-RGB-vs-Multispectral\data\raw\multispectral\Industrial\Industrial_206.tif,4,4,Industrial,Industrial,Industrial
C:\Users\DELL Precision 5550\Documents\GitHub\Terrasight-Eurosat-RGB-vs-Multispectral\data\raw\multispectral\Residential\Residential_810.tif,7,7,Residential,Residential,Residential
C:\Users\DELL Precision 5550\Documents\GitHub\Terrasight-Eurosat-RGB-vs-Multispectral\data\raw\multispectral\SeaLake\SeaLake_2028.tif,9,9,SeaLake,SeaLake,SeaLake
C:\Users\DELL Precision 5550\Documents\GitHub\Terrasight-Eurosat-RGB-vs-Multispectral\data\raw\multispectral\River\River_2320.tif,8,8,River,River,River
C:\Users\DELL Precision 5550\Documents\GitHub\Terrasight-Eurosat-RGB-vs-Multispectral\data\raw\multispectral\HerbaceousVegetation\HerbaceousVegetation_1859.tif,2,2,HerbaceousVegetation,HerbaceousVegetation,HerbaceousVegetation
C:\Users\DELL Precision 5550\Documents\GitHub\Terrasight-Eurosat-RGB-vs-Multispectral\data\raw\multispectral\SeaLake\SeaLake_2629.tif,9,9,SeaLake,SeaLake,SeaLake
C:\Users\DELL Precision 5550\Documents\GitHub\Terrasight-Eurosat-RGB-vs-Multispectral\data\raw\multispectral\River\River_2049.tif,8,8,River,River,River
C:\Users\DELL Precision 5550\Documents\GitHub\Terrasight-Eurosat-RGB-vs-Multispectral\data\raw\multispectral\Residential\Residential_581.tif,7,7,Residential,Residential,Residential
C:\Users\DELL Precision 5550\Documents\GitHub\Terrasight-Eurosat-RGB-vs-Multispectral\data\raw\multispectral\SeaLake\SeaLake_84.tif,9,9,SeaLake,SeaLake,SeaLake
C:\Users\DELL Precision 5550\Documents\GitHub\Terrasight-Eurosat-RGB-vs-Multispectral\data\raw\multispectral\PermanentCrop\PermanentCrop_1861.tif,6,6,PermanentCrop,PermanentCrop,PermanentCrop
C:\Users\DELL Precision 5550\Documents\GitHub\Terrasight-Eurosat-RGB-vs-Multispectral\data\raw\multispectral\PermanentCrop\PermanentCrop_438.tif,6,6,PermanentCrop,PermanentCrop,PermanentCrop
C:\Users\DELL Precision 5550\Documents\GitHub\Terrasight-Eurosat-RGB-vs-Multispectral\data\raw\multispectral\Pasture\Pasture_699.tif,5,5,Pasture,Pasture,Pasture
C:\Users\DELL Precision 5550\Documents\GitHub\Terrasight-Eurosat-RGB-vs-Multispectral\data\raw\multispectral\AnnualCrop\AnnualCrop_1834.tif,0,0,AnnualCrop,AnnualCrop,AnnualCrop
C:\Users\DELL Precision 5550\Documents\GitHub\Terrasight-Eurosat-RGB-vs-Multispectral\data\raw\multispectral\PermanentCrop\PermanentCrop_557.tif,6,6,PermanentCrop,PermanentCrop,PermanentCrop
C:\Users\DELL Precision 5550\Documents\GitHub\Terrasight-Eurosat-RGB-vs-Multispectral\data\raw\multispectral\PermanentCrop\PermanentCrop_2354.tif,6,6,PermanentCrop,PermanentCrop,PermanentCrop
C:\Users\DELL Precision 5550\Documents\GitHub\Terrasight-Eurosat-RGB-vs-Multispectral\data\raw\multispectral\Residential\Residential_818.tif,7,7,Residential,Residential,Residential
C:\Users\DELL Precision 5550\Documents\GitHub\Terrasight-Eurosat-RGB-vs-Multispectral\data\raw\multispectral\AnnualCrop\AnnualCrop_1803.tif,0,0,AnnualCrop,AnnualCrop,AnnualCrop
C:\Users\DELL Precision 5550\Documents\GitHub\Terrasight-Eurosat-RGB-vs-Multispectral\data\raw\multispectral\AnnualCrop\AnnualCrop_934.tif,0,0,AnnualCrop,AnnualCrop,AnnualCrop
C:\Users\DELL Precision 5550\Documents\GitHub\Terrasight-Eurosat-RGB-vs-Multispectral\data\raw\multispectral\AnnualCrop\AnnualCrop_2146.tif,0,0,AnnualCrop,AnnualCrop,AnnualCrop
C:\Users\DELL Precision 5550\Documents\GitHub\Terrasight-Eurosat-RGB-vs-Multispectral\data\raw\multispectral\HerbaceousVegetation\HerbaceousVegetation_774.tif,2,2,HerbaceousVegetation,HerbaceousVegetation,HerbaceousVegetation
C:\Users\DELL Precision 5550\Documents\GitHub\Terrasight-Eurosat-RGB-vs-Multispectral\data\raw\multispectral\Industrial\Industrial_2486.tif,4,4,Industrial,Industrial,Industrial
C:\Users\DELL Precision 5550\Documents\GitHub\Terrasight-Eurosat-RGB-vs-Multispectral\data\raw\multispectral\SeaLake\SeaLake_671.tif,9,9,SeaLake,SeaLake,SeaLake
C:\Users\DELL Precision 5550\Documents\GitHub\Terrasight-Eurosat-RGB-vs-Multispectral\data\raw\multispectral\Pasture\Pasture_1280.tif,5,0,Pasture,AnnualCrop,Pasture
C:\Users\DELL Precision 5550\Documents\GitHub\Terrasight-Eurosat-RGB-vs-Multispectral\data\raw\multispectral\AnnualCrop\AnnualCrop_1784.tif,0,0,AnnualCrop,AnnualCrop,AnnualCrop
C:\Users\DELL Precision 5550\Documents\GitHub\Terrasight-Eurosat-RGB-vs-Multispectral\data\raw\multispectral\River\River_556.tif,8,8,River,River,River
C:\Users\DELL Precision 5550\Documents\GitHub\Terrasight-Eurosat-RGB-vs-Multispectral\data\raw\multispectral\Forest\Forest_729.tif,1,1,Forest,Forest,Forest
C:\Users\DELL Precision 5550\Documents\GitHub\Terrasight-Eurosat-RGB-vs-Multispectral\data\raw\multispectral\PermanentCrop\PermanentCrop_2214.tif,6,6,PermanentCrop,PermanentCrop,PermanentCrop
C:\Users\DELL Precision 5550\Documents\GitHub\Terrasight-Eurosat-RGB-vs-Multispectral\data\raw\multispectral\River\River_806.tif,8,8,River,River,River
C:\Users\DELL Precision 5550\Documents\GitHub\Terrasight-Eurosat-RGB-vs-Multispectral\data\raw\multispectral\Pasture\Pasture_1534.tif,5,0,Pasture,AnnualCrop,Pasture
C:\Users\DELL Precision 5550\Documents\GitHub\Terrasight-Eurosat-RGB-vs-Multispectral\data\raw\multispectral\PermanentCrop\PermanentCrop_774.tif,6,6,PermanentCrop,PermanentCrop,PermanentCrop
C:\Users\DELL Precision 5550\Documents\GitHub\Terrasight-Eurosat-RGB-vs-Multispectral\data\raw\multispectral\PermanentCrop\PermanentCrop_595.tif,6,6,PermanentCrop,PermanentCrop,PermanentCrop
C:\Users\DELL Precision 5550\Documents\GitHub\Terrasight-Eurosat-RGB-vs-Multispectral\data\raw\multispectral\Highway\Highway_1265.tif,3,3,Highway,Highway,Highway
C:\Users\DELL Precision 5550\Documents\GitHub\Terrasight-Eurosat-RGB-vs-Multispectral\data\raw\multispectral\PermanentCrop\PermanentCrop_1142.tif,6,6,PermanentCrop,PermanentCrop,PermanentCrop
C:\Users\DELL Precision 5550\Documents\GitHub\Terrasight-Eurosat-RGB-vs-Multispectral\data\raw\multispectral\Industrial\Industrial_1786.tif,4,4,Industrial,Industrial,Industrial
C:\Users\DELL Precision 5550\Documents\GitHub\Terrasight-Eurosat-RGB-vs-Multispectral\data\raw\multispectral\River\River_1538.tif,8,8,River,River,River
C:\Users\DELL Precision 5550\Documents\GitHub\Terrasight-Eurosat-RGB-vs-Multispectral\data\raw\multispectral\Pasture\Pasture_1875.tif,5,5,Pasture,Pasture,Pasture
C:\Users\DELL Precision 5550\Documents\GitHub\Terrasight-Eurosat-RGB-vs-Multispectral\data\raw\multispectral\Pasture\Pasture_1598.tif,5,2,Pasture,HerbaceousVegetation,Pasture
C:\Users\DELL Precision 5550\Documents\GitHub\Terrasight-Eurosat-RGB-vs-Multispectral\data\raw\multispectral\SeaLake\SeaLake_2113.tif,9,9,SeaLake,SeaLake,SeaLake
C:\Users\DELL Precision 5550\Documents\GitHub\Terrasight-Eurosat-RGB-vs-Multispectral\data\raw\multispectral\River\River_1657.tif,8,8,River,River,River
C:\Users\DELL Precision 5550\Documents\GitHub\Terrasight-Eurosat-RGB-vs-Multispectral\data\raw\multispectral\SeaLake\SeaLake_24.tif,9,9,SeaLake,SeaLake,SeaLake
C:\Users\DELL Precision 5550\Documents\GitHub\Terrasight-Eurosat-RGB-vs-Multispectral\data\raw\multispectral\Residential\Residential_589.tif,7,7,Residential,Residential,Residential
C:\Users\DELL Precision 5550\Documents\GitHub\Terrasight-Eurosat-RGB-vs-Multispectral\data\raw\multispectral\Pasture\Pasture_310.tif,5,5,Pasture,Pasture,Pasture
C:\Users\DELL Precision 5550\Documents\GitHub\Terrasight-Eurosat-RGB-vs-Multispectral\data\raw\multispectral\SeaLake\SeaLake_2496.tif,9,9,SeaLake,SeaLake,SeaLake
C:\Users\DELL Precision 5550\Documents\GitHub\Terrasight-Eurosat-RGB-vs-Multispectral\data\raw\multispectral\SeaLake\SeaLake_2698.tif,9,9,SeaLake,SeaLake,SeaLake
C:\Users\DELL Precision 5550\Documents\GitHub\Terrasight-Eurosat-RGB-vs-Multispectral\data\raw\multispectral\AnnualCrop\AnnualCrop_1017.tif,0,0,AnnualCrop,AnnualCrop,AnnualCrop
C:\Users\DELL Precision 5550\Documents\GitHub\Terrasight-Eurosat-RGB-vs-Multispectral\data\raw\multispectral\PermanentCrop\PermanentCrop_2310.tif,6,6,PermanentCrop,PermanentCrop,PermanentCrop
C:\Users\DELL Precision 5550\Documents\GitHub\Terrasight-Eurosat-RGB-vs-Multispectral\data\raw\multispectral\Forest\Forest_43.tif,1,1,Forest,Forest,Forest
C:\Users\DELL Precision 5550\Documents\GitHub\Terrasight-Eurosat-RGB-vs-Multispectral\data\raw\multispectral\Industrial\Industrial_2022.tif,4,4,Industrial,Industrial,Industrial
C:\Users\DELL Precision 5550\Documents\GitHub\Terrasight-Eurosat-RGB-vs-Multispectral\data\raw\multispectral\PermanentCrop\PermanentCrop_1059.tif,6,6,PermanentCrop,PermanentCrop,PermanentCrop
C:\Users\DELL Precision 5550\Documents\GitHub\Terrasight-Eurosat-RGB-vs-Multispectral\data\raw\multispectral\HerbaceousVegetation\HerbaceousVegetation_2636.tif,2,2,HerbaceousVegetation,HerbaceousVegetation,HerbaceousVegetation
C:\Users\DELL Precision 5550\Documents\GitHub\Terrasight-Eurosat-RGB-vs-Multispectral\data\raw\multispectral\Highway\Highway_826.tif,3,3,Highway,Highway,Highway
C:\Users\DELL Precision 5550\Documents\GitHub\Terrasight-Eurosat-RGB-vs-Multispectral\data\raw\multispectral\Forest\Forest_1951.tif,1,1,Forest,Forest,Forest
C:\Users\DELL Precision 5550\Documents\GitHub\Terrasight-Eurosat-RGB-vs-Multispectral\data\raw\multispectral\Residential\Residential_551.tif,7,7,Residential,Residential,Residential
C:\Users\DELL Precision 5550\Documents\GitHub\Terrasight-Eurosat-RGB-vs-Multispectral\data\raw\multispectral\PermanentCrop\PermanentCrop_1164.tif,6,6,PermanentCrop,PermanentCrop,PermanentCrop
C:\Users\DELL Precision 5550\Documents\GitHub\Terrasight-Eurosat-RGB-vs-Multispectral\data\raw\multispectral\SeaLake\SeaLake_1296.tif,9,9,SeaLake,SeaLake,SeaLake
C:\Users\DELL Precision 5550\Documents\GitHub\Terrasight-Eurosat-RGB-vs-Multispectral\data\raw\multispectral\Highway\Highway_399.tif,3,3,Highway,Highway,Highway
C:\Users\DELL Precision 5550\Documents\GitHub\Terrasight-Eurosat-RGB-vs-Multispectral\data\raw\multispectral\Residential\Residential_1899.tif,7,7,Residential,Residential,Residential
C:\Users\DELL Precision 5550\Documents\GitHub\Terrasight-Eurosat-RGB-vs-Multispectral\data\raw\multispectral\Highway\Highway_828.tif,3,3,Highway,Highway,Highway
C:\Users\DELL Precision 5550\Documents\GitHub\Terrasight-Eurosat-RGB-vs-Multispectral\data\raw\multispectral\Forest\Forest_159.tif,1,1,Forest,Forest,Forest
C:\Users\DELL Precision 5550\Documents\GitHub\Terrasight-Eurosat-RGB-vs-Multispectral\data\raw\multispectral\HerbaceousVegetation\HerbaceousVegetation_2024.tif,2,2,HerbaceousVegetation,HerbaceousVegetation,HerbaceousVegetation
C:\Users\DELL Precision 5550\Documents\GitHub\Terrasight-Eurosat-RGB-vs-Multispectral\data\raw\multispectral\Residential\Residential_1757.tif,7,7,Residential,Residential,Residential
C:\Users\DELL Precision 5550\Documents\GitHub\Terrasight-Eurosat-RGB-vs-Multispectral\data\raw\multispectral\Residential\Residential_222.tif,7,7,Residential,Residential,Residential
C:\Users\DELL Precision 5550\Documents\GitHub\Terrasight-Eurosat-RGB-vs-Multispectral\data\raw\multispectral\Residential\Residential_610.tif,7,7,Residential,Residential,Residential
C:\Users\DELL Precision 5550\Documents\GitHub\Terrasight-Eurosat-RGB-vs-Multispectral\data\raw\multispectral\PermanentCrop\PermanentCrop_406.tif,6,2,PermanentCrop,HerbaceousVegetation,PermanentCrop
C:\Users\DELL Precision 5550\Documents\GitHub\Terrasight-Eurosat-RGB-vs-Multispectral\data\raw\multispectral\HerbaceousVegetation\HerbaceousVegetation_489.tif,2,2,HerbaceousVegetation,HerbaceousVegetation,HerbaceousVegetation
C:\Users\DELL Precision 5550\Documents\GitHub\Terrasight-Eurosat-RGB-vs-Multispectral\data\raw\multispectral\River\River_2293.tif,8,8,River,River,River
C:\Users\DELL Precision 5550\Documents\GitHub\Terrasight-Eurosat-RGB-vs-Multispectral\data\raw\multispectral\Forest\Forest_728.tif,1,1,Forest,Forest,Forest
C:\Users\DELL Precision 5550\Documents\GitHub\Terrasight-Eurosat-RGB-vs-Multispectral\data\raw\multispectral\River\River_1352.tif,8,8,River,River,River
C:\Users\DELL Precision 5550\Documents\GitHub\Terrasight-Eurosat-RGB-vs-Multispectral\data\raw\multispectral\Residential\Residential_962.tif,7,7,Residential,Residential,Residential
C:\Users\DELL Precision 5550\Documents\GitHub\Terrasight-Eurosat-RGB-vs-Multispectral\data\raw\multispectral\River\River_485.tif,8,8,River,River,River
C:\Users\DELL Precision 5550\Documents\GitHub\Terrasight-Eurosat-RGB-vs-Multispectral\data\raw\multispectral\AnnualCrop\AnnualCrop_1933.tif,0,0,AnnualCrop,AnnualCrop,AnnualCrop
C:\Users\DELL Precision 5550\Documents\GitHub\Terrasight-Eurosat-RGB-vs-Multispectral\data\raw\multispectral\Highway\Highway_1303.tif,3,6,Highway,PermanentCrop,Highway
C:\Users\DELL Precision 5550\Documents\GitHub\Terrasight-Eurosat-RGB-vs-Multispectral\data\raw\multispectral\Highway\Highway_404.tif,3,3,Highway,Highway,Highway
C:\Users\DELL Precision 5550\Documents\GitHub\Terrasight-Eurosat-RGB-vs-Multispectral\data\raw\multispectral\AnnualCrop\AnnualCrop_1142.tif,0,0,AnnualCrop,AnnualCrop,AnnualCrop
C:\Users\DELL Precision 5550\Documents\GitHub\Terrasight-Eurosat-RGB-vs-Multispectral\data\raw\multispectral\Industrial\Industrial_1488.tif,4,4,Industrial,Industrial,Industrial
C:\Users\DELL Precision 5550\Documents\GitHub\Terrasight-Eurosat-RGB-vs-Multispectral\data\raw\multispectral\Pasture\Pasture_974.tif,5,5,Pasture,Pasture,Pasture
C:\Users\DELL Precision 5550\Documents\GitHub\Terrasight-Eurosat-RGB-vs-Multispectral\data\raw\multispectral\Industrial\Industrial_1616.tif,4,4,Industrial,Industrial,Industrial
C:\Users\DELL Precision 5550\Documents\GitHub\Terrasight-Eurosat-RGB-vs-Multispectral\data\raw\multispectral\Pasture\Pasture_1002.tif,5,5,Pasture,Pasture,Pasture
C:\Users\DELL Precision 5550\Documents\GitHub\Terrasight-Eurosat-RGB-vs-Multispectral\data\raw\multispectral\SeaLake\SeaLake_2852.tif,9,9,SeaLake,SeaLake,SeaLake
C:\Users\DELL Precision 5550\Documents\GitHub\Terrasight-Eurosat-RGB-vs-Multispectral\data\raw\multispectral\AnnualCrop\AnnualCrop_771.tif,0,0,AnnualCrop,AnnualCrop,AnnualCrop
C:\Users\DELL Precision 5550\Documents\GitHub\Terrasight-Eurosat-RGB-vs-Multispectral\data\raw\multispectral\Highway\Highway_1767.tif,3,3,Highway,Highway,Highway
C:\Users\DELL Precision 5550\Documents\GitHub\Terrasight-Eurosat-RGB-vs-Multispectral\data\raw\multispectral\SeaLake\SeaLake_1667.tif,9,9,SeaLake,SeaLake,SeaLake
C:\Users\DELL Precision 5550\Documents\GitHub\Terrasight-Eurosat-RGB-vs-Multispectral\data\raw\multispectral\HerbaceousVegetation\HerbaceousVegetation_1314.tif,2,2,HerbaceousVegetation,HerbaceousVegetation,HerbaceousVegetation
C:\Users\DELL Precision 5550\Documents\GitHub\Terrasight-Eurosat-RGB-vs-Multispectral\data\raw\multispectral\Residential\Residential_1264.tif,7,7,Residential,Residential,Residential
C:\Users\DELL Precision 5550\Documents\GitHub\Terrasight-Eurosat-RGB-vs-Multispectral\data\raw\multispectral\AnnualCrop\AnnualCrop_348.tif,0,0,AnnualCrop,AnnualCrop,AnnualCrop
C:\Users\DELL Precision 5550\Documents\GitHub\Terrasight-Eurosat-RGB-vs-Multispectral\data\raw\multispectral\HerbaceousVegetation\HerbaceousVegetation_128.tif,2,2,HerbaceousVegetation,HerbaceousVegetation,HerbaceousVegetation
C:\Users\DELL Precision 5550\Documents\GitHub\Terrasight-Eurosat-RGB-vs-Multispectral\data\raw\multispectral\Residential\Residential_1877.tif,7,7,Residential,Residential,Residential
C:\Users\DELL Precision 5550\Documents\GitHub\Terrasight-Eurosat-RGB-vs-Multispectral\data\raw\multispectral\SeaLake\SeaLake_1629.tif,9,9,SeaLake,SeaLake,SeaLake
C:\Users\DELL Precision 5550\Documents\GitHub\Terrasight-Eurosat-RGB-vs-Multispectral\data\raw\multispectral\River\River_1141.tif,8,8,River,River,River
C:\Users\DELL Precision 5550\Documents\GitHub\Terrasight-Eurosat-RGB-vs-Multispectral\data\raw\multispectral\Industrial\Industrial_1503.tif,4,4,Industrial,Industrial,Industrial
C:\Users\DELL Precision 5550\Documents\GitHub\Terrasight-Eurosat-RGB-vs-Multispectral\data\raw\multispectral\Highway\Highway_1436.tif,3,3,Highway,Highway,Highway
C:\Users\DELL Precision 5550\Documents\GitHub\Terrasight-Eurosat-RGB-vs-Multispectral\data\raw\multispectral\SeaLake\SeaLake_887.tif,9,9,SeaLake,SeaLake,SeaLake
C:\Users\DELL Precision 5550\Documents\GitHub\Terrasight-Eurosat-RGB-vs-Multispectral\data\raw\multispectral\Residential\Residential_331.tif,7,7,Residential,Residential,Residential
C:\Users\DELL Precision 5550\Documents\GitHub\Terrasight-Eurosat-RGB-vs-Multispectral\data\raw\multispectral\Highway\Highway_1128.tif,3,3,Highway,Highway,Highway
C:\Users\DELL Precision 5550\Documents\GitHub\Terrasight-Eurosat-RGB-vs-Multispectral\data\raw\multispectral\Industrial\Industrial_433.tif,4,4,Industrial,Industrial,Industrial
C:\Users\DELL Precision 5550\Documents\GitHub\Terrasight-Eurosat-RGB-vs-Multispectral\data\raw\multispectral\Forest\Forest_2211.tif,1,1,Forest,Forest,Forest
C:\Users\DELL Precision 5550\Documents\GitHub\Terrasight-Eurosat-RGB-vs-Multispectral\data\raw\multispectral\Forest\Forest_686.tif,1,1,Forest,Forest,Forest
C:\Users\DELL Precision 5550\Documents\GitHub\Terrasight-Eurosat-RGB-vs-Multispectral\data\raw\multispectral\AnnualCrop\AnnualCrop_1569.tif,0,0,AnnualCrop,AnnualCrop,AnnualCrop
