sample_index,batch_index,true_label,pred_label,confidence,correct
0,0,0,0,0.9777095317840576,True
1,0,4,3,0.7497302293777466,False
2,0,0,0,0.9736189246177673,True
3,0,1,1,0.9780246019363403,True
4,0,4,4,0.837661862373352,True
5,0,6,5,0.5414438247680664,False
6,0,2,2,0.8749373555183411,True
7,0,5,5,0.9402691125869751,True
8,0,6,5,0.8331288695335388,False
9,0,5,5,0.8627963066101074,True
10,0,2,2,0.9967150688171387,True
11,0,9,9,0.9980573058128357,True
12,0,3,3,0.9743129014968872,True
13,0,1,1,0.9860199093818665,True
14,0,3,0,0.9170286655426025,False
15,0,9,9,0.9992964267730713,True
16,0,0,0,0.44756701588630676,True
17,0,9,9,0.9976609945297241,True
18,0,1,1,0.9803367257118225,True
19,0,0,8,0.9659547805786133,False
20,0,0,0,0.9685037136077881,True
21,0,9,9,0.997665524482727,True
22,0,0,0,0.9918493032455444,True
23,0,2,2,0.9857941269874573,True
24,0,5,5,0.989286482334137,True
25,0,4,3,0.5956757664680481,False
26,0,9,9,0.9989374279975891,True
27,0,7,7,0.9995156526565552,True
28,0,2,3,0.6695414781570435,False
29,0,6,3,0.5412935614585876,False
30,0,7,7,0.696964681148529,True
31,0,9,9,0.9180865287780762,True
32,1,6,6,0.8913426995277405,True
33,1,6,3,0.642045795917511,False
34,1,1,1,0.9883148670196533,True
35,1,8,8,0.9999270439147949,True
36,1,3,3,0.9186701774597168,True
37,1,4,4,0.5916334390640259,True
38,1,5,0,0.8027256727218628,False
39,1,4,3,0.49038395285606384,False
40,1,2,2,0.7689995169639587,True
41,1,1,1,0.8818402886390686,True
42,1,0,0,0.997654139995575,True
43,1,0,0,0.9972938895225525,True
44,1,3,3,0.9038702249526978,True
45,1,2,2,0.9719254374504089,True
46,1,1,1,0.7238225340843201,True
47,1,9,9,0.9999985694885254,True
48,1,3,3,0.9898175597190857,True
49,1,2,2,0.9773997068405151,True
50,1,1,3,0.431784987449646,False
51,1,8,8,0.8836780190467834,True
52,1,0,8,0.8674553632736206,False
53,1,7,2,0.26248466968536377,False
54,1,2,2,0.9861859083175659,True
55,1,0,0,0.9765797257423401,True
56,1,2,2,0.9570950865745544,True
57,1,0,3,0.7598823308944702,False
58,1,0,0,0.9804698824882507,True
59,1,0,0,0.997826874256134,True
60,1,6,2,0.9002004861831665,False
61,1,4,3,0.38972145318984985,False
62,1,8,8,0.9995470643043518,True
63,1,6,1,0.4718349874019623,False
64,2,4,9,0.8254091143608093,False
65,2,1,1,0.9731314182281494,True
66,2,9,9,0.37089693546295166,True
67,2,8,8,0.999776303768158,True
68,2,9,9,0.999321460723877,True
69,2,1,1,0.9965355396270752,True
70,2,1,1,0.9055880308151245,True
71,2,9,9,0.9940709471702576,True
72,2,7,7,0.9850996136665344,True
73,2,7,1,0.9537613987922668,False
74,2,5,3,0.5876830220222473,False
75,2,3,3,0.9338845610618591,True
76,2,5,5,0.9052513837814331,True
77,2,9,9,0.9964091181755066,True
78,2,7,7,0.998030960559845,True
79,2,6,0,0.6933709979057312,False
80,2,9,9,0.9999839067459106,True
81,2,7,1,0.3755759000778198,False
82,2,9,9,0.9802844524383545,True
83,2,0,0,0.9965349435806274,True
84,2,2,2,0.9546875953674316,True
85,2,8,8,0.7945448160171509,True
86,2,2,2,0.9917924404144287,True
87,2,3,3,0.9933485388755798,True
88,2,7,9,0.4896756410598755,False
89,2,2,9,0.5305510759353638,False
90,2,9,9,0.999995231628418,True
91,2,7,1,0.972434401512146,False
92,2,2,2,0.9869640469551086,True
93,2,0,0,0.9891533255577087,True
94,2,9,9,0.9997125267982483,True
95,2,6,3,0.408608078956604,False
96,3,8,8,0.9956108927726746,True
97,3,4,9,0.45828765630722046,False
98,3,8,8,0.9845272302627563,True
99,3,2,2,0.8001450896263123,True
100,3,5,2,0.6385147571563721,False
101,3,8,8,0.9988760352134705,True
102,3,6,5,0.4039345681667328,False
103,3,7,7,0.5784627795219421,True
104,3,2,2,0.9883720278739929,True
105,3,4,2,0.47526803612709045,False
106,3,9,9,0.995468020439148,True
107,3,7,9,0.6167522668838501,False
108,3,1,1,0.7110753059387207,True
109,3,9,9,0.9996867179870605,True
110,3,9,9,0.9433336853981018,True
111,3,6,2,0.4385494887828827,False
112,3,6,2,0.8983554840087891,False
113,3,4,4,0.7450836896896362,True
114,3,6,0,0.36038199067115784,False
115,3,9,9,0.9891574382781982,True
116,3,1,1,0.8867817521095276,True
117,3,2,2,0.9578260779380798,True
118,3,3,3,0.9986044764518738,True
119,3,2,2,0.8652632832527161,True
120,3,9,9,0.9995536208152771,True
121,3,1,1,0.3947005569934845,True
122,3,0,0,0.9979104399681091,True
123,3,0,0,0.9994704127311707,True
124,3,6,9,0.18409718573093414,False
125,3,0,0,0.908890426158905,True
126,3,0,0,0.9845196008682251,True
127,3,8,8,0.9942871928215027,True
128,4,1,1,0.9990022778511047,True
129,4,8,8,0.9996278285980225,True
130,4,1,1,0.96152263879776,True
131,4,1,1,0.9347028136253357,True
132,4,9,9,0.7327637076377869,True
133,4,0,0,0.9963805079460144,True
134,4,4,3,0.6079514026641846,False
135,4,6,0,0.6714680194854736,False
136,4,9,9,0.9692192077636719,True
137,4,0,0,0.8353354930877686,True
138,4,8,8,0.9999958276748657,True
139,4,3,3,0.9930840730667114,True
140,4,1,1,0.8980050086975098,True
141,4,6,5,0.5177213549613953,False
142,4,8,8,0.9984118938446045,True
143,4,4,3,0.9690240621566772,False
144,4,1,1,0.819547176361084,True
145,4,8,8,0.9998403787612915,True
146,4,4,4,0.7780518531799316,True
147,4,5,0,0.7466371059417725,False
148,4,6,3,0.5408782958984375,False
149,4,0,0,0.9986005425453186,True
150,4,2,2,0.7414687871932983,True
151,4,3,3,0.9541866779327393,True
152,4,9,2,0.9943108558654785,False
153,4,2,2,0.9330803751945496,True
154,4,9,9,0.9984986782073975,True
155,4,0,0,0.9310767650604248,True
156,4,9,9,0.9998912811279297,True
157,4,7,1,0.6324272155761719,False
158,4,9,9,0.9992386102676392,True
159,4,8,8,0.9999877214431763,True
160,5,2,2,0.9630599021911621,True
161,5,4,3,0.8745307326316833,False
162,5,7,7,0.7916164994239807,True
163,5,0,0,0.9873062372207642,True
164,5,0,0,0.999267041683197,True
165,5,2,2,0.6157920360565186,True
166,5,6,4,0.2631107568740845,False
167,5,6,0,0.7225125432014465,False
168,5,5,5,0.9997192025184631,True
169,5,6,2,0.6120800971984863,False
170,5,9,9,0.999642014503479,True
171,5,3,0,0.7788854241371155,False
172,5,7,7,0.5266809463500977,True
173,5,8,8,0.9998648166656494,True
174,5,9,0,0.718406617641449,False
175,5,0,4,0.3824336528778076,False
176,5,4,3,0.829220175743103,False
177,5,2,5,0.684684693813324,False
178,5,4,9,0.9856027364730835,False
179,5,0,0,0.96705561876297,True
180,5,8,8,0.9996222257614136,True
181,5,5,5,0.9985207915306091,True
182,5,9,9,0.9989469647407532,True
183,5,2,2,0.9672518968582153,True
184,5,2,2,0.9670143723487854,True
185,5,8,8,0.9844539761543274,True
186,5,1,1,0.46744972467422485,True
187,5,8,8,0.9961813688278198,True
188,5,7,7,0.9985268115997314,True
189,5,8,8,0.999538779258728,True
190,5,1,1,0.9777318835258484,True
191,5,9,9,0.9904512166976929,True
192,6,2,2,0.990445613861084,True
193,6,7,7,0.7456457614898682,True
194,6,3,2,0.8690891265869141,False
195,6,4,4,0.9474645853042603,True
196,6,7,1,0.6014249324798584,False
197,6,1,2,0.6305294632911682,False
198,6,2,2,0.9921696782112122,True
199,6,8,8,0.9965050220489502,True
200,6,9,9,0.999775230884552,True
201,6,8,8,0.9964320659637451,True
202,6,5,5,0.9981675148010254,True
203,6,0,9,0.8476622700691223,False
204,6,8,3,0.5770539045333862,False
205,6,2,2,0.9995427131652832,True
206,6,0,0,0.9936698079109192,True
207,6,7,1,0.9380514025688171,False
208,6,2,1,0.5422196388244629,False
209,6,1,8,0.9182506203651428,False
210,6,3,2,0.7341827750205994,False
211,6,9,9,0.9996293783187866,True
212,6,8,8,0.9997391104698181,True
213,6,7,1,0.5627559423446655,False
214,6,0,0,0.8771346807479858,True
215,6,2,2,0.3083367645740509,True
216,6,4,4,0.45313316583633423,True
217,6,1,1,0.9763602614402771,True
218,6,5,2,0.6334717273712158,False
219,6,9,9,0.997232973575592,True
220,6,8,8,0.9895667433738708,True
221,6,6,5,0.8454745411872864,False
222,6,6,6,0.7927670478820801,True
223,6,3,3,0.9800090789794922,True
224,7,7,7,0.9474711418151855,True
225,7,3,3,0.923261284828186,True
226,7,5,5,0.9977766871452332,True
227,7,0,0,0.9967625141143799,True
228,7,1,1,0.955777108669281,True
229,7,4,3,0.7262864112854004,False
230,7,2,2,0.9991375207901001,True
231,7,9,9,0.9726683497428894,True
232,7,2,2,0.6537984013557434,True
233,7,6,5,0.8639505505561829,False
234,7,5,5,0.771694004535675,True
235,7,1,2,0.9348958134651184,False
236,7,9,9,0.999958872795105,True
237,7,1,1,0.969691812992096,True
238,7,1,1,0.7149670124053955,True
239,7,3,3,0.9258877635002136,True
240,7,4,4,0.25294727087020874,True
241,7,5,5,0.9658189415931702,True
242,7,4,3,0.8401054739952087,False
243,7,6,0,0.9042629599571228,False
244,7,1,1,0.9231978058815002,True
245,7,9,9,0.9996989965438843,True
246,7,8,9,0.5690082907676697,False
247,7,2,2,0.9913992881774902,True
248,7,2,2,0.7521919012069702,True
249,7,3,3,0.49151864647865295,True
250,7,2,2,0.9604144096374512,True
251,7,7,3,0.44579392671585083,False
252,7,6,0,0.8701249361038208,False
253,7,9,9,0.998235821723938,True
254,7,6,2,0.7267245054244995,False
255,7,1,1,0.9675766229629517,True
256,8,3,3,0.9283009171485901,True
257,8,1,1,0.8132641911506653,True
258,8,3,3,0.9956985712051392,True
259,8,2,2,0.505935788154602,True
260,8,3,3,0.8437220454216003,True
261,8,8,8,0.7356789708137512,True
262,8,9,9,0.9990754127502441,True
263,8,3,2,0.3752835690975189,False
264,8,2,2,0.983319103717804,True
265,8,4,2,0.9104145765304565,False
266,8,1,1,0.9914034008979797,True
267,8,1,1,0.9814799427986145,True
268,8,1,1,0.9063227772712708,True
269,8,7,1,0.8933427333831787,False
270,8,2,5,0.7928990721702576,False
271,8,4,1,0.5666021108627319,False
272,8,7,7,0.8452062010765076,True
273,8,2,3,0.81755131483078,False
274,8,2,2,0.997998058795929,True
275,8,1,1,0.933639407157898,True
276,8,2,2,0.959686279296875,True
277,8,1,1,0.7785561680793762,True
278,8,1,1,0.9855459928512573,True
279,8,8,8,0.9996845722198486,True
280,8,6,4,0.7107818126678467,False
281,8,5,5,0.9317737221717834,True
282,8,7,7,0.9938099980354309,True
283,8,9,9,0.9999995231628418,True
284,8,3,2,0.6688998341560364,False
285,8,7,7,0.9476589560508728,True
286,8,1,2,0.3837311565876007,False
287,8,0,3,0.7451611757278442,False
288,9,0,0,0.9990817308425903,True
289,9,7,7,0.9765830039978027,True
290,9,7,1,0.41319361329078674,False
291,9,7,1,0.6849150657653809,False
292,9,0,0,0.9812366962432861,True
293,9,7,7,0.7352491021156311,True
294,9,2,2,0.9987924098968506,True
295,9,6,9,0.2928541600704193,False
296,9,3,0,0.49280694127082825,False
297,9,1,1,0.8041378259658813,True
298,9,6,8,0.9391294717788696,False
299,9,2,2,0.9980554580688477,True
300,9,1,1,0.620704710483551,True
301,9,2,2,0.9718509316444397,True
302,9,4,8,0.5455117225646973,False
303,9,8,3,0.8663219809532166,False
304,9,1,1,0.9981122016906738,True
305,9,4,2,0.7725591063499451,False
306,9,8,0,0.9543692469596863,False
307,9,2,3,0.6916107535362244,False
308,9,4,3,0.9105742573738098,False
309,9,7,7,0.9519597887992859,True
310,9,5,5,0.7845706939697266,True
311,9,6,2,0.9386550188064575,False
312,9,3,0,0.5734310150146484,False
313,9,1,2,0.9694902300834656,False
314,9,4,2,0.3848969042301178,False
315,9,0,0,0.9943869113922119,True
316,9,3,3,0.859289288520813,True
317,9,6,0,0.617497444152832,False
318,9,0,0,0.9998575448989868,True
319,9,5,5,0.9545502662658691,True
320,10,2,2,0.9982579350471497,True
321,10,3,3,0.634914219379425,True
322,10,8,8,0.9999159574508667,True
323,10,9,9,0.99843829870224,True
324,10,8,8,0.9999942779541016,True
325,10,6,3,0.769077718257904,False
326,10,8,8,0.9994958639144897,True
327,10,0,0,0.656711220741272,True
328,10,4,4,0.35276445746421814,True
329,10,7,7,0.9985528588294983,True
330,10,4,8,0.45677414536476135,False
331,10,6,6,0.3742077648639679,True
332,10,0,0,0.7716064453125,True
333,10,9,2,0.9669502973556519,False
334,10,4,9,0.39569517970085144,False
335,10,1,1,0.9942060112953186,True
336,10,4,3,0.4777924716472626,False
337,10,1,3,0.5526760220527649,False
338,10,5,5,0.9928982257843018,True
339,10,9,9,0.9997550845146179,True
340,10,1,1,0.996425449848175,True
341,10,3,3,0.8948344588279724,True
342,10,1,1,0.9797428250312805,True
343,10,9,9,0.9999105930328369,True
344,10,6,5,0.4978906512260437,False
345,10,3,3,0.5738075375556946,True
346,10,0,0,0.9782307147979736,True
347,10,6,2,0.6816392540931702,False
348,10,7,7,0.9001258611679077,True
349,10,4,4,0.4438460171222687,True
350,10,5,3,0.9922609925270081,False
351,10,0,0,0.9981256127357483,True
352,11,3,2,0.5834041833877563,False
353,11,5,5,0.997287392616272,True
354,11,8,8,0.9989519119262695,True
355,11,5,5,0.9010863304138184,True
356,11,7,1,0.6860853433609009,False
357,11,0,0,0.6081132888793945,True
358,11,1,1,0.9988477230072021,True
359,11,9,9,0.9300670623779297,True
360,11,6,2,0.8248287439346313,False
361,11,9,9,0.9994774460792542,True
362,11,1,1,0.9991975426673889,True
363,11,3,3,0.9859724044799805,True
364,11,4,3,0.891817569732666,False
365,11,2,2,0.7402071952819824,True
366,11,7,1,0.5327225923538208,False
367,11,8,8,0.9978996515274048,True
368,11,4,3,0.7073825001716614,False
369,11,0,0,0.749025821685791,True
370,11,6,0,0.5643876791000366,False
371,11,6,2,0.9380728006362915,False
372,11,7,7,0.9307284355163574,True
373,11,5,3,0.9523335099220276,False
374,11,1,1,0.9542020559310913,True
375,11,7,7,0.916732132434845,True
376,11,7,1,0.7834235429763794,False
377,11,8,8,0.9976919889450073,True
378,11,8,8,0.9935756325721741,True
379,11,1,1,0.9986832737922668,True
380,11,1,1,0.9982800483703613,True
381,11,3,3,0.7827833294868469,True
382,11,4,9,0.46216973662376404,False
383,11,8,8,0.9999326467514038,True
384,12,2,2,0.8831807374954224,True
385,12,6,2,0.4530239999294281,False
386,12,6,3,0.9737512469291687,False
387,12,0,0,0.9876733422279358,True
388,12,0,0,0.9891892671585083,True
389,12,6,2,0.36027657985687256,False
390,12,9,9,0.9257776141166687,True
391,12,1,1,0.9978961944580078,True
392,12,4,3,0.6557695269584656,False
393,12,0,0,0.9855347871780396,True
394,12,4,3,0.46886640787124634,False
395,12,0,8,0.9814497232437134,False
396,12,0,8,0.5188081860542297,False
397,12,1,1,0.9977966547012329,True
398,12,2,2,0.9648426175117493,True
399,12,9,9,0.9999159574508667,True
400,12,6,5,0.6680435538291931,False
401,12,1,1,0.9016958475112915,True
402,12,4,3,0.7124645113945007,False
403,12,9,9,0.9984728693962097,True
404,12,2,8,0.5835882425308228,False
405,12,7,1,0.6224482655525208,False
406,12,5,5,0.9977388381958008,True
407,12,7,2,0.7574530243873596,False
408,12,2,2,0.9990288019180298,True
409,12,7,7,0.9950414299964905,True
410,12,4,2,0.2831146717071533,False
411,12,0,0,0.9557312726974487,True
412,12,5,0,0.958578884601593,False
413,12,0,0,0.9706664085388184,True
414,12,1,1,0.9992082715034485,True
415,12,4,3,0.9656587243080139,False
416,13,0,0,0.7648391127586365,True
417,13,4,4,0.8683063983917236,True
418,13,0,2,0.3877507150173187,False
419,13,4,4,0.3797932267189026,True
420,13,2,2,0.9914755821228027,True
421,13,0,0,0.9978908896446228,True
422,13,5,3,0.9774851202964783,False
423,13,8,8,0.9996254444122314,True
424,13,9,9,0.9985334873199463,True
425,13,2,2,0.9955138564109802,True
426,13,0,0,0.9891088008880615,True
427,13,9,9,0.9930012226104736,True
428,13,2,2,0.94325190782547,True
429,13,3,3,0.9570028781890869,True
430,13,1,1,0.9857914447784424,True
431,13,1,1,0.9943017959594727,True
432,13,2,5,0.779768705368042,False
433,13,9,9,0.4832822382450104,True
434,13,1,2,0.5388656854629517,False
435,13,9,7,0.6313266754150391,False
436,13,5,5,0.9626989364624023,True
437,13,4,9,0.4332225024700165,False
438,13,2,2,0.41415753960609436,True
439,13,5,5,0.9968756437301636,True
440,13,6,5,0.5718920230865479,False
441,13,0,0,0.9981322884559631,True
442,13,5,0,0.6784374117851257,False
443,13,4,3,0.8235339522361755,False
444,13,9,9,0.9995447993278503,True
445,13,0,0,0.996004045009613,True
446,13,6,4,0.9790865778923035,False
447,13,1,1,0.9839396476745605,True
448,14,5,5,0.8223275542259216,True
449,14,9,9,0.9937560558319092,True
450,14,5,5,0.9635283350944519,True
451,14,9,9,0.9993696808815002,True
452,14,9,9,0.7241200804710388,True
453,14,2,2,0.9983288645744324,True
454,14,3,9,0.3138621151447296,False
455,14,9,9,0.9997237324714661,True
456,14,5,5,0.7806271314620972,True
457,14,1,1,0.9885684251785278,True
458,14,9,9,0.9705044031143188,True
459,14,8,8,0.9414345026016235,True
460,14,0,0,0.9920191168785095,True
461,14,7,1,0.3226071000099182,False
462,14,3,0,0.45374637842178345,False
463,14,5,5,0.9990861415863037,True
464,14,8,8,0.9592117667198181,True
465,14,9,2,0.941378116607666,False
466,14,9,9,0.999561607837677,True
467,14,7,1,0.5679237842559814,False
468,14,9,9,0.9946882724761963,True
469,14,2,2,0.8048231601715088,True
470,14,1,1,0.9791746735572815,True
471,14,7,7,0.814279317855835,True
472,14,6,6,0.7824450135231018,True
473,14,4,2,0.8021511435508728,False
474,14,2,2,0.9932883381843567,True
475,14,2,2,0.9845369458198547,True
476,14,7,7,0.8458906412124634,True
477,14,4,8,0.946132242679596,False
478,14,7,1,0.9537596702575684,False
479,14,2,2,0.9915731549263,True
480,15,2,2,0.9991803765296936,True
481,15,2,2,0.9863568544387817,True
482,15,9,9,0.9990015625953674,True
483,15,0,0,0.997877836227417,True
484,15,3,3,0.976171612739563,True
485,15,1,1,0.9933738708496094,True
486,15,7,1,0.66327965259552,False
487,15,6,2,0.8454313278198242,False
488,15,1,1,0.9159995913505554,True
489,15,6,0,0.7861011624336243,False
490,15,9,9,0.9999202489852905,True
491,15,7,7,0.5372428297996521,True
492,15,2,3,0.5752846002578735,False
493,15,2,2,0.9992778897285461,True
494,15,1,1,0.9978645443916321,True
495,15,1,1,0.6443617343902588,True
496,15,8,8,0.6344364285469055,True
497,15,7,9,0.2850475311279297,False
498,15,1,1,0.978793740272522,True
499,15,0,0,0.9989474415779114,True
500,15,0,0,0.9495102763175964,True
501,15,6,0,0.9187912344932556,False
502,15,7,1,0.895385205745697,False
503,15,9,9,0.9507068991661072,True
504,15,7,7,0.6938951015472412,True
505,15,7,7,0.7646145820617676,True
506,15,5,5,0.9777637720108032,True
507,15,6,0,0.639232873916626,False
508,15,1,1,0.9906489253044128,True
509,15,4,3,0.980309784412384,False
510,15,1,1,0.9429000020027161,True
511,15,9,2,0.9282029271125793,False
512,16,5,5,0.6657273769378662,True
513,16,7,7,0.9061161875724792,True
514,16,4,2,0.6503199934959412,False
515,16,3,3,0.9417727589607239,True
516,16,4,4,0.3717940151691437,True
517,16,2,2,0.8893263339996338,True
518,16,8,8,0.997455894947052,True
519,16,3,3,0.8914584517478943,True
520,16,2,2,0.9368959069252014,True
521,16,0,0,0.9961464405059814,True
522,16,8,8,0.9998371601104736,True
523,16,8,9,0.9862977266311646,False
524,16,9,9,0.9991156458854675,True
525,16,9,9,0.9993865489959717,True
526,16,0,8,0.5104109644889832,False
527,16,1,1,0.8319977521896362,True
528,16,7,7,0.9614472389221191,True
529,16,7,7,0.9984108209609985,True
530,16,1,1,0.3450646996498108,True
531,16,2,2,0.9879375100135803,True
532,16,5,5,0.9965106844902039,True
533,16,0,0,0.994131863117218,True
534,16,1,1,0.9992157220840454,True
535,16,7,7,0.776894211769104,True
536,16,0,0,0.9268691539764404,True
537,16,4,9,0.3541754186153412,False
538,16,5,5,0.9978182315826416,True
539,16,2,2,0.983113169670105,True
540,16,7,7,0.8432915210723877,True
541,16,7,2,0.7681414484977722,False
542,16,9,9,0.9934793710708618,True
543,16,1,1,0.9650959372520447,True
544,17,0,0,0.9642528295516968,True
545,17,4,2,0.5805065631866455,False
546,17,5,3,0.9314503073692322,False
547,17,1,1,0.9577388763427734,True
548,17,1,2,0.8047261834144592,False
549,17,2,2,0.9512794017791748,True
550,17,1,5,0.8994893431663513,False
551,17,2,2,0.9912428855895996,True
552,17,4,2,0.4438905417919159,False
553,17,9,9,0.9927476048469543,True
554,17,6,3,0.9941636919975281,False
555,17,9,9,0.9998106360435486,True
556,17,0,9,0.5359988808631897,False
557,17,7,7,0.7658442854881287,True
558,17,8,8,0.9999068975448608,True
559,17,8,8,0.9999500513076782,True
560,17,7,2,0.5408956408500671,False
561,17,0,3,0.8033493161201477,False
562,17,9,9,0.9137248396873474,True
563,17,9,9,0.9991975426673889,True
564,17,8,8,0.9999645948410034,True
565,17,1,1,0.9287185668945312,True
566,17,6,6,0.9302504658699036,True
567,17,8,8,0.9952675104141235,True
568,17,4,3,0.5318892002105713,False
569,17,1,1,0.809488832950592,True
570,17,6,2,0.7079557180404663,False
571,17,2,2,0.8853371143341064,True
572,17,9,9,0.9976315498352051,True
573,17,3,3,0.9700998663902283,True
574,17,4,2,0.48980191349983215,False
575,17,1,2,0.626750648021698,False
576,18,2,2,0.9261027574539185,True
577,18,2,2,0.9173449873924255,True
578,18,8,8,0.9933276176452637,True
579,18,0,0,0.9834850430488586,True
580,18,1,1,0.9830371737480164,True
581,18,8,8,0.9998923540115356,True
582,18,8,8,0.9999368190765381,True
583,18,5,5,0.999954342842102,True
584,18,5,5,0.9974324107170105,True
585,18,5,5,0.9116165637969971,True
586,18,9,9,0.9996277093887329,True
587,18,4,3,0.6159668564796448,False
588,18,3,8,0.8393147587776184,False
589,18,1,1,0.9924789667129517,True
590,18,6,2,0.6934502124786377,False
591,18,8,8,0.998479425907135,True
592,18,8,8,0.9999662637710571,True
593,18,7,7,0.9889244437217712,True
594,18,7,1,0.5150961875915527,False
595,18,5,5,0.9947564601898193,True
596,18,0,0,0.9996334314346313,True
597,18,5,5,0.999701201915741,True
598,18,1,1,0.9953258037567139,True
599,18,2,2,0.9888219833374023,True
600,18,8,8,0.9985790252685547,True
601,18,9,9,0.9994484782218933,True
602,18,7,7,0.7771232724189758,True
603,18,1,1,0.9954527020454407,True
604,18,9,9,0.9994483590126038,True
605,18,6,0,0.9871141910552979,False
606,18,2,2,0.9162746667861938,True
607,18,0,0,0.9725242257118225,True
608,19,5,5,0.8802119493484497,True
609,19,2,2,0.9891101717948914,True
610,19,6,2,0.29061901569366455,False
611,19,7,1,0.3580159544944763,False
612,19,0,0,0.930207371711731,True
613,19,8,8,0.9993886947631836,True
614,19,2,2,0.9965169429779053,True
615,19,6,6,0.652134895324707,True
616,19,7,7,0.9981151819229126,True
617,19,1,1,0.9687179327011108,True
618,19,2,2,0.9099971652030945,True
619,19,8,8,0.9998571872711182,True
620,19,7,1,0.9881537556648254,False
621,19,0,0,0.5069259405136108,True
622,19,1,1,0.9905256032943726,True
623,19,9,2,0.5857458114624023,False
624,19,6,2,0.7194659113883972,False
625,19,0,0,0.9927225708961487,True
626,19,3,3,0.8387510776519775,True
627,19,9,9,0.6535676121711731,True
628,19,0,0,0.7491360902786255,True
629,19,4,3,0.7933770418167114,False
630,19,3,3,0.9933620691299438,True
631,19,1,1,0.9848405718803406,True
632,19,2,9,0.4560188055038452,False
633,19,3,2,0.7981996536254883,False
634,19,1,3,0.6204359531402588,False
635,19,3,3,0.8998569846153259,True
636,19,9,9,0.9996694326400757,True
637,19,0,0,0.987434983253479,True
638,19,6,2,0.8926534056663513,False
639,19,1,1,0.9911652207374573,True
640,20,5,5,0.8214379549026489,True
641,20,5,5,0.9935446977615356,True
642,20,1,1,0.8699646592140198,True
643,20,3,3,0.985933244228363,True
644,20,1,1,0.9826148748397827,True
645,20,3,3,0.9197680354118347,True
646,20,2,2,0.9996547698974609,True
647,20,0,0,0.9988483190536499,True
648,20,8,8,0.998629093170166,True
649,20,7,3,0.30409571528434753,False
650,20,7,7,0.636623740196228,True
651,20,2,2,0.8968254923820496,True
652,20,0,0,0.9512554407119751,True
653,20,7,2,0.39387547969818115,False
654,20,8,8,0.9999798536300659,True
655,20,2,2,0.8464614152908325,True
656,20,2,2,0.9984027743339539,True
657,20,8,8,0.9969966411590576,True
658,20,5,5,0.9994822144508362,True
659,20,4,3,0.6711007356643677,False
660,20,6,5,0.682239830493927,False
661,20,4,3,0.7631818056106567,False
662,20,2,2,0.987237811088562,True
663,20,7,1,0.4898775815963745,False
664,20,4,3,0.9875224232673645,False
665,20,4,4,0.8856467008590698,True
666,20,6,3,0.8864803314208984,False
667,20,6,2,0.9373507499694824,False
668,20,6,3,0.7803294658660889,False
669,20,9,9,0.9999856948852539,True
670,20,3,3,0.8455830216407776,True
671,20,7,9,0.6901085376739502,False
672,21,7,7,0.8710063099861145,True
673,21,9,9,0.9999959468841553,True
674,21,1,1,0.9264223575592041,True
675,21,3,3,0.9319974780082703,True
676,21,7,7,0.9455494284629822,True
677,21,2,2,0.9985411167144775,True
678,21,5,5,0.8796429634094238,True
679,21,1,1,0.9546872973442078,True
680,21,2,2,0.8044620156288147,True
681,21,2,2,0.9072788953781128,True
682,21,1,1,0.9884114265441895,True
683,21,1,1,0.9724751114845276,True
684,21,6,2,0.9777792692184448,False
685,21,7,1,0.3632560074329376,False
686,21,8,8,0.999755322933197,True
687,21,2,2,0.551303505897522,True
688,21,4,2,0.6224929690361023,False
689,21,7,7,0.815257728099823,True
690,21,2,2,0.9980469942092896,True
691,21,8,8,0.9679223299026489,True
692,21,2,2,0.9997307658195496,True
693,21,1,1,0.9703431725502014,True
694,21,1,1,0.9998192191123962,True
695,21,1,1,0.9519763588905334,True
696,21,7,7,0.7665646076202393,True
697,21,1,1,0.8675031661987305,True
698,21,4,3,0.49235761165618896,False
699,21,9,9,0.9999759197235107,True
700,21,0,0,0.9953625202178955,True
701,21,5,5,0.9907827973365784,True
702,21,8,8,0.9114174842834473,True
703,21,5,5,0.8746713995933533,True
704,22,7,7,0.6256570816040039,True
705,22,2,9,0.8045186996459961,False
706,22,3,3,0.9866709113121033,True
707,22,0,0,0.9959805011749268,True
708,22,7,7,0.3495081663131714,True
709,22,3,3,0.8935936689376831,True
710,22,4,4,0.998881995677948,True
711,22,3,0,0.8188386559486389,False
712,22,6,2,0.893180251121521,False
713,22,5,5,0.9862906336784363,True
714,22,1,1,0.737303614616394,True
715,22,3,0,0.5203652381896973,False
716,22,1,1,0.9898746013641357,True
717,22,6,2,0.7055538892745972,False
718,22,9,9,0.9984557628631592,True
719,22,2,2,0.9179503917694092,True
720,22,2,2,0.9856588244438171,True
721,22,1,1,0.8963349461555481,True
722,22,4,2,0.9058369398117065,False
723,22,0,0,0.9923387765884399,True
724,22,4,3,0.6612139940261841,False
725,22,9,9,0.9998133778572083,True
726,22,0,0,0.9737271666526794,True
727,22,2,5,0.8927457928657532,False
728,22,9,9,0.9999693632125854,True
729,22,4,3,0.960140585899353,False
730,22,4,3,0.9933865666389465,False
731,22,6,0,0.9642675518989563,False
732,22,0,0,0.9957979321479797,True
733,22,8,8,0.9994871616363525,True
734,22,2,3,0.998119056224823,False
735,22,3,3,0.6339448690414429,True
736,23,7,7,0.9577406644821167,True
737,23,0,0,0.7528905868530273,True
738,23,2,5,0.6296610236167908,False
739,23,3,0,0.4740653932094574,False
740,23,4,3,0.8471192121505737,False
741,23,1,1,0.8214849829673767,True
742,23,0,0,0.9964717626571655,True
743,23,3,3,0.955653727054596,True
744,23,6,0,0.5208443999290466,False
745,23,8,8,0.9933667778968811,True
746,23,9,9,0.9891007542610168,True
747,23,4,4,0.2662131190299988,True
748,23,8,9,0.688142716884613,False
749,23,9,0,0.7268182635307312,False
750,23,0,0,0.9989847540855408,True
751,23,7,1,0.9731366038322449,False
752,23,7,7,0.679695188999176,True
753,23,1,1,0.781726598739624,True
754,23,0,0,0.9882184863090515,True
755,23,5,5,0.9629238247871399,True
756,23,5,5,0.790158212184906,True
757,23,1,1,0.9547119140625,True
758,23,8,8,0.9986770749092102,True
759,23,4,4,0.9771842360496521,True
760,23,4,4,0.5243552923202515,True
761,23,2,2,0.92659991979599,True
762,23,3,3,0.5421337485313416,True
763,23,6,0,0.7118982076644897,False
764,23,1,1,0.9984645843505859,True
765,23,4,7,0.8081792593002319,False
766,23,9,9,0.9992706179618835,True
767,23,0,0,0.9981592297554016,True
768,24,1,1,0.5586929321289062,True
769,24,9,9,0.9977250695228577,True
770,24,9,9,0.9871891140937805,True
771,24,2,2,0.7138162851333618,True
772,24,5,5,0.9903799295425415,True
773,24,1,1,0.9943628311157227,True
774,24,6,3,0.9367819428443909,False
775,24,0,0,0.9889827370643616,True
776,24,0,0,0.4206255376338959,True
777,24,2,2,0.7088010311126709,True
778,24,8,8,0.9999295473098755,True
779,24,8,8,0.9361432194709778,True
780,24,5,5,0.9893845915794373,True
781,24,4,3,0.28972065448760986,False
782,24,7,7,0.9506409764289856,True
783,24,9,9,0.9665670990943909,True
784,24,2,2,0.994023859500885,True
785,24,9,9,0.9999376535415649,True
786,24,4,3,0.934532642364502,False
787,24,1,1,0.9962207674980164,True
788,24,5,5,0.827862560749054,True
789,24,6,5,0.5680582523345947,False
790,24,0,5,0.34034040570259094,False
791,24,0,0,0.7551985383033752,True
792,24,4,4,0.9922542572021484,True
793,24,5,5,0.9565721750259399,True
794,24,3,3,0.9832147359848022,True
795,24,7,7,0.9993069171905518,True
796,24,4,8,0.5259004235267639,False
797,24,5,5,0.9901462197303772,True
798,24,1,1,0.8826652765274048,True
799,24,0,0,0.9930866360664368,True
800,25,3,3,0.7286805510520935,True
801,25,3,3,0.7893701195716858,True
802,25,2,2,0.9984567165374756,True
803,25,3,2,0.9540857076644897,False
804,25,2,2,0.9667508006095886,True
805,25,1,1,0.998350977897644,True
806,25,5,5,0.9295887351036072,True
807,25,3,3,0.9170352816581726,True
808,25,0,0,0.877539336681366,True
809,25,6,6,0.5592907667160034,True
810,25,8,8,0.8795469999313354,True
811,25,1,3,0.8399204611778259,False
812,25,7,7,0.9200645685195923,True
813,25,0,0,0.5968034267425537,True
814,25,3,2,0.8961367607116699,False
815,25,3,3,0.7010153532028198,True
816,25,2,2,0.9976322650909424,True
817,25,7,1,0.6996078491210938,False
818,25,1,1,0.8165218830108643,True
819,25,6,0,0.6353636980056763,False
820,25,3,3,0.997142493724823,True
821,25,0,0,0.9964677095413208,True
822,25,9,9,0.9997952580451965,True
823,25,7,7,0.9079223871231079,True
824,25,7,7,0.9999744892120361,True
825,25,2,2,0.9954569339752197,True
826,25,2,2,0.9573496580123901,True
827,25,9,9,0.9999992847442627,True
828,25,3,2,0.6265276670455933,False
829,25,6,6,0.636827290058136,True
830,25,9,0,0.7349201440811157,False
831,25,4,4,0.4434281587600708,True
832,26,1,1,0.9987584352493286,True
833,26,8,8,0.9992966651916504,True
834,26,3,3,0.7491239309310913,True
835,26,1,1,0.9962331652641296,True
836,26,3,3,0.9977748990058899,True
837,26,2,2,0.973209798336029,True
838,26,1,2,0.6195834279060364,False
839,26,6,5,0.7401930093765259,False
840,26,2,1,0.5619987845420837,False
841,26,0,0,0.9983604550361633,True
842,26,3,3,0.998167872428894,True
843,26,8,8,0.999466598033905,True
844,26,3,2,0.6140539646148682,False
845,26,5,5,0.9830359816551208,True
846,26,5,5,0.9976001381874084,True
847,26,4,4,0.8957838416099548,True
848,26,0,0,0.96791011095047,True
849,26,6,2,0.9976289868354797,False
850,26,8,8,0.9997857213020325,True
851,26,5,2,0.7808446884155273,False
852,26,9,2,0.5959911346435547,False
853,26,4,4,0.5844788551330566,True
854,26,8,8,0.9993923902511597,True
855,26,3,3,0.9836735725402832,True
856,26,8,8,0.9993051290512085,True
857,26,8,8,0.9999072551727295,True
858,26,6,1,0.6796098351478577,False
859,26,4,4,0.9649744629859924,True
860,26,0,8,0.8478055000305176,False
861,26,7,7,0.8561075925827026,True
862,26,9,9,0.9841588735580444,True
863,26,2,5,0.9606516361236572,False
864,27,6,2,0.9181374907493591,False
865,27,2,2,0.9954830408096313,True
866,27,1,3,0.7129923701286316,False
867,27,8,8,0.9981372356414795,True
868,27,7,9,0.6754730343818665,False
869,27,0,0,0.974198043346405,True
870,27,4,4,0.37607717514038086,True
871,27,6,4,0.9139492511749268,False
872,27,7,1,0.5026674270629883,False
873,27,2,2,0.997565746307373,True
874,27,0,9,0.8778873682022095,False
875,27,9,9,0.9990420937538147,True
876,27,8,8,0.9575580954551697,True
877,27,1,1,0.9797157049179077,True
878,27,9,9,0.9986668825149536,True
879,27,5,5,0.9774518609046936,True
880,27,2,2,0.9991446733474731,True
881,27,6,6,0.9403665065765381,True
882,27,4,3,0.6015483736991882,False
883,27,8,8,0.9402227401733398,True
884,27,6,2,0.9705843329429626,False
885,27,7,1,0.5972258448600769,False
886,27,3,3,0.9796882271766663,True
887,27,7,7,0.994398295879364,True
888,27,9,9,0.9816770553588867,True
889,27,0,9,0.996929943561554,False
890,27,1,1,0.7521304488182068,True
891,27,3,3,0.9166196584701538,True
892,27,6,0,0.26224836707115173,False
893,27,3,3,0.8780902028083801,True
894,27,2,2,0.9977850914001465,True
895,27,5,3,0.4289623200893402,False
896,28,3,3,0.9953309893608093,True
897,28,0,0,0.9859697818756104,True
898,28,9,9,0.9993878602981567,True
899,28,3,8,0.6906883120536804,False
900,28,0,8,0.5848951935768127,False
901,28,3,3,0.5307298898696899,True
902,28,8,8,0.9781758189201355,True
903,28,8,8,0.9997523427009583,True
904,28,4,4,0.7154155969619751,True
905,28,3,3,0.9496515989303589,True
906,28,1,2,0.584237813949585,False
907,28,4,3,0.9284807443618774,False
908,28,5,5,0.9613987803459167,True
909,28,0,0,0.9462471604347229,True
910,28,9,9,0.9987647533416748,True
911,28,3,3,0.9079430103302002,True
912,28,3,3,0.9431540369987488,True
913,28,6,5,0.3076437711715698,False
914,28,3,3,0.9962326884269714,True
915,28,1,1,0.9218999147415161,True
916,28,8,8,0.9999986886978149,True
917,28,9,9,0.6916419863700867,True
918,28,0,0,0.8670516014099121,True
919,28,6,5,0.6266725659370422,False
920,28,8,8,0.9935657382011414,True
921,28,3,3,0.9921014904975891,True
922,28,7,7,0.6458281874656677,True
923,28,4,3,0.7733206152915955,False
924,28,2,2,0.5251651406288147,True
925,28,8,8,0.9999170303344727,True
926,28,4,3,0.38243263959884644,False
927,28,9,9,0.9995039701461792,True
928,29,5,5,0.9961103796958923,True
929,29,3,3,0.6852673292160034,True
930,29,9,9,0.999771773815155,True
931,29,4,9,0.38844436407089233,False
932,29,3,3,0.9324312210083008,True
933,29,6,0,0.8862671256065369,False
934,29,6,0,0.5855792760848999,False
935,29,6,2,0.6966812610626221,False
936,29,0,0,0.9939610958099365,True
937,29,7,7,0.4959601163864136,True
938,29,3,5,0.863773763179779,False
939,29,2,3,0.8379727005958557,False
940,29,9,9,0.9513463973999023,True
941,29,0,0,0.9733438491821289,True
942,29,9,9,0.939216673374176,True
943,29,4,4,0.7032247185707092,True
944,29,1,1,0.9996992349624634,True
945,29,1,1,0.98843914270401,True
946,29,7,7,0.5859571099281311,True
947,29,2,2,0.9599423408508301,True
948,29,3,3,0.9876708984375,True
949,29,7,7,0.9997907280921936,True
950,29,7,7,0.49775126576423645,True
951,29,6,6,0.9437966346740723,True
952,29,3,2,0.88693767786026,False
953,29,4,5,0.3141981065273285,False
954,29,1,1,0.997697651386261,True
955,29,2,2,0.9946838021278381,True
956,29,2,2,0.9907342195510864,True
957,29,9,9,0.998869001865387,True
958,29,3,0,0.9944539666175842,False
959,29,8,8,0.9992864727973938,True
960,30,0,2,0.612158477306366,False
961,30,7,1,0.9249818921089172,False
962,30,4,9,0.40989476442337036,False
963,30,0,0,0.9955087900161743,True
964,30,6,3,0.8270362615585327,False
965,30,2,2,0.9970265030860901,True
966,30,6,4,0.48824501037597656,False
967,30,3,3,0.7915740609169006,True
968,30,2,2,0.9547755122184753,True
969,30,0,0,0.9990409016609192,True
970,30,4,0,0.4337393641471863,False
971,30,6,0,0.9343172907829285,False
972,30,4,3,0.9909653663635254,False
973,30,1,1,0.9892328977584839,True
974,30,6,6,0.6277983784675598,True
975,30,6,4,0.9435684084892273,False
976,30,7,1,0.8253682851791382,False
977,30,5,5,0.9896017909049988,True
978,30,1,1,0.988978922367096,True
979,30,9,9,0.9998114705085754,True
980,30,3,2,0.9473257064819336,False
981,30,4,4,0.9553770422935486,True
982,30,5,9,0.61489337682724,False
983,30,6,3,0.8221225738525391,False
984,30,7,9,0.6704467535018921,False
985,30,9,9,0.9996881484985352,True
986,30,0,0,0.9870731830596924,True
987,30,6,2,0.948922872543335,False
988,30,0,0,0.9837254881858826,True
989,30,4,3,0.8154861927032471,False
990,30,7,2,0.5459598302841187,False
991,30,1,1,0.9876085519790649,True
992,31,1,1,0.99959796667099,True
993,31,7,7,0.4703866243362427,True
994,31,5,5,0.7820619940757751,True
995,31,1,1,0.9937742948532104,True
996,31,7,1,0.7024781107902527,False
997,31,3,3,0.3378722667694092,True
998,31,0,0,0.9960373044013977,True
999,31,1,1,0.9407002329826355,True
1000,31,7,7,0.4438437521457672,True
1001,31,9,9,0.9999924898147583,True
1002,31,3,3,0.9939543604850769,True
1003,31,6,2,0.5004875659942627,False
1004,31,3,3,0.8808149695396423,True
1005,31,3,0,0.5534642934799194,False
1006,31,0,0,0.9983510971069336,True
1007,31,2,2,0.9892075657844543,True
1008,31,3,3,0.9964063763618469,True
1009,31,2,2,0.9340034127235413,True
1010,31,0,0,0.979592502117157,True
1011,31,2,2,0.9973909854888916,True
1012,31,4,3,0.867409348487854,False
1013,31,5,5,0.989983320236206,True
1014,31,3,3,0.8412573933601379,True
1015,31,7,7,0.9700432419776917,True
1016,31,0,0,0.998871386051178,True
1017,31,0,0,0.9649199843406677,True
1018,31,7,1,0.4651932120323181,False
1019,31,0,5,0.3316221833229065,False
1020,31,2,2,0.9743701815605164,True
1021,31,2,2,0.9943010807037354,True
1022,31,1,1,0.9956972599029541,True
1023,31,8,8,0.9995818734169006,True
1024,32,5,5,0.8130265474319458,True
1025,32,6,6,0.6776535511016846,True
1026,32,3,3,0.8822643160820007,True
1027,32,7,7,0.40615907311439514,True
1028,32,3,3,0.9610213041305542,True
1029,32,2,2,0.6875793933868408,True
1030,32,7,1,0.8955884575843811,False
1031,32,6,6,0.3256491720676422,True
1032,32,2,2,0.9935634136199951,True
1033,32,1,1,0.9870989918708801,True
1034,32,5,5,0.7313141226768494,True
1035,32,7,7,0.7551633715629578,True
1036,32,6,0,0.8830041289329529,False
1037,32,9,9,0.9997435212135315,True
1038,32,1,1,0.9857681393623352,True
1039,32,7,2,0.4769741892814636,False
1040,32,8,8,0.9764760732650757,True
1041,32,7,7,0.5666773915290833,True
1042,32,9,9,0.999455988407135,True
1043,32,7,7,0.6810221076011658,True
1044,32,0,0,0.9963930249214172,True
1045,32,6,2,0.7492766380310059,False
1046,32,3,3,0.8490586876869202,True
1047,32,8,8,0.7530618906021118,True
1048,32,4,8,0.9359785914421082,False
1049,32,7,1,0.826328456401825,False
1050,32,7,7,0.5872666239738464,True
1051,32,0,8,0.9793757796287537,False
1052,32,7,7,0.9254247546195984,True
1053,32,4,3,0.4779089689254761,False
1054,32,8,8,0.9998732805252075,True
1055,32,6,3,0.9031870365142822,False
1056,33,2,1,0.5715320706367493,False
1057,33,6,6,0.3124135136604309,True
1058,33,6,2,0.9780896902084351,False
1059,33,1,1,0.8102408051490784,True
1060,33,7,3,0.5310339331626892,False
1061,33,0,5,0.7332092523574829,False
1062,33,7,7,0.6986993551254272,True
1063,33,2,2,0.9586122632026672,True
1064,33,9,9,0.9999178647994995,True
1065,33,9,9,0.9888667464256287,True
1066,33,4,8,0.34267300367355347,False
1067,33,5,5,0.8501352071762085,True
1068,33,1,8,0.9764031171798706,False
1069,33,6,3,0.701015055179596,False
1070,33,2,3,0.40269890427589417,False
1071,33,8,8,0.9813600778579712,True
1072,33,4,4,0.5874048471450806,True
1073,33,0,0,0.9974748492240906,True
1074,33,6,0,0.9446002840995789,False
1075,33,9,2,0.6005567312240601,False
1076,33,0,0,0.8545519709587097,True
1077,33,3,3,0.9757559299468994,True
1078,33,4,3,0.9952568411827087,False
1079,33,9,9,0.994583785533905,True
1080,33,0,0,0.9918740391731262,True
1081,33,9,9,0.6452690362930298,True
1082,33,6,6,0.21306946873664856,True
1083,33,6,5,0.8435404300689697,False
1084,33,2,2,0.9657567739486694,True
1085,33,6,0,0.6655382513999939,False
1086,33,0,0,0.9997320771217346,True
1087,33,2,2,0.7236186861991882,True
1088,34,4,3,0.6169384717941284,False
1089,34,1,8,0.8920575976371765,False
1090,34,5,5,0.6422200798988342,True
1091,34,1,1,0.9640741944313049,True
1092,34,6,3,0.68221116065979,False
1093,34,2,2,0.9907162189483643,True
1094,34,7,7,0.9999473094940186,True
1095,34,8,8,0.9970955848693848,True
1096,34,0,0,0.9871044158935547,True
1097,34,9,9,0.9990372657775879,True
1098,34,3,0,0.9354888200759888,False
1099,34,2,2,0.7874614596366882,True
1100,34,6,3,0.8963636159896851,False
1101,34,0,0,0.9903994202613831,True
1102,34,8,8,0.9995693564414978,True
1103,34,1,1,0.4757092297077179,True
1104,34,9,9,0.999525785446167,True
1105,34,2,2,0.999413251876831,True
1106,34,2,2,0.967207133769989,True
1107,34,7,7,0.8547939658164978,True
1108,34,0,0,0.7544584274291992,True
1109,34,5,5,0.9984076619148254,True
1110,34,9,2,0.5776770114898682,False
1111,34,2,2,0.9971467852592468,True
1112,34,2,2,0.625984251499176,True
1113,34,4,3,0.42183545231819153,False
1114,34,7,9,0.8171810507774353,False
1115,34,1,1,0.9975292086601257,True
1116,34,9,9,0.9956515431404114,True
1117,34,7,1,0.5160365700721741,False
1118,34,2,2,0.9970423579216003,True
1119,34,8,8,0.9997296929359436,True
1120,35,7,7,0.6812884211540222,True
1121,35,7,7,0.44372016191482544,True
1122,35,3,3,0.7684425115585327,True
1123,35,3,3,0.8691563606262207,True
1124,35,7,7,0.6122244000434875,True
1125,35,2,2,0.9791866540908813,True
1126,35,5,5,0.9414117932319641,True
1127,35,2,2,0.9986401200294495,True
1128,35,1,1,0.9861196279525757,True
1129,35,3,3,0.9335440993309021,True
1130,35,3,3,0.6560119390487671,True
1131,35,2,2,0.9701445698738098,True
1132,35,6,0,0.3609938621520996,False
1133,35,2,2,0.9129392504692078,True
1134,35,0,0,0.9914276599884033,True
1135,35,0,5,0.7207607626914978,False
1136,35,4,2,0.3318599760532379,False
1137,35,8,8,0.9999978542327881,True
1138,35,5,5,0.4882657527923584,True
1139,35,1,1,0.9935798645019531,True
1140,35,7,7,0.5029674768447876,True
1141,35,8,8,0.9985218644142151,True
1142,35,3,3,0.9773298501968384,True
1143,35,3,8,0.7683736681938171,False
1144,35,7,7,0.7922350764274597,True
1145,35,9,9,0.9999985694885254,True
1146,35,9,9,0.9997625946998596,True
1147,35,0,0,0.9823119640350342,True
1148,35,3,3,0.9566009640693665,True
1149,35,7,3,0.6595122218132019,False
1150,35,2,2,0.9322932958602905,True
1151,35,1,1,0.9958635568618774,True
1152,36,8,8,0.9888784885406494,True
1153,36,7,7,0.8268020749092102,True
1154,36,4,4,0.7773215174674988,True
1155,36,2,7,0.4605959951877594,False
1156,36,9,9,0.9971914887428284,True
1157,36,1,1,0.9361737370491028,True
1158,36,8,8,0.9998607635498047,True
1159,36,7,1,0.5119696259498596,False
1160,36,2,8,0.5894282460212708,False
1161,36,4,2,0.9790980815887451,False
1162,36,9,9,0.999751627445221,True
1163,36,0,0,0.4093056917190552,True
1164,36,7,7,0.45915481448173523,True
1165,36,9,9,0.9999936819076538,True
1166,36,2,2,0.6214354038238525,True
1167,36,2,2,0.9592459797859192,True
1168,36,5,5,0.9985438585281372,True
1169,36,3,8,0.5338138937950134,False
1170,36,3,0,0.6746503114700317,False
1171,36,1,2,0.7953166365623474,False
1172,36,3,2,0.7326368689537048,False
1173,36,1,1,0.9998328685760498,True
1174,36,2,2,0.8728421926498413,True
1175,36,6,2,0.8904346227645874,False
1176,36,5,6,0.43903952836990356,False
1177,36,8,8,0.9992291927337646,True
1178,36,7,7,0.4894876182079315,True
1179,36,6,3,0.2870681881904602,False
1180,36,3,3,0.9724435210227966,True
1181,36,4,3,0.9750846028327942,False
1182,36,7,9,0.79731684923172,False
1183,36,7,9,0.42465054988861084,False
1184,37,2,2,0.9568114280700684,True
1185,37,5,5,0.9961236119270325,True
1186,37,1,1,0.8675275444984436,True
1187,37,5,0,0.9341000318527222,False
1188,37,2,2,0.9627034664154053,True
1189,37,1,2,0.4289625883102417,False
1190,37,0,3,0.8122753500938416,False
1191,37,3,2,0.548236608505249,False
1192,37,4,4,0.6300758123397827,True
1193,37,9,9,0.8990979194641113,True
1194,37,3,3,0.9839227795600891,True
1195,37,6,0,0.4295230209827423,False
1196,37,1,1,0.49787020683288574,True
1197,37,5,5,0.9994254112243652,True
1198,37,1,1,0.9448222517967224,True
1199,37,4,3,0.625185489654541,False
1200,37,4,4,0.7092344760894775,True
1201,37,7,1,0.935819149017334,False
1202,37,0,0,0.9972245693206787,True
1203,37,9,9,0.9958666563034058,True
1204,37,5,5,0.9996360540390015,True
1205,37,8,8,0.9941662549972534,True
1206,37,9,9,0.8562348484992981,True
1207,37,1,1,0.9665580987930298,True
1208,37,2,9,0.5419263243675232,False
1209,37,2,2,0.9971924424171448,True
1210,37,0,0,0.9882461428642273,True
1211,37,1,1,0.9549201726913452,True
1212,37,3,3,0.9940766096115112,True
1213,37,1,1,0.9931203126907349,True
1214,37,0,0,0.9855168461799622,True
1215,37,5,5,0.9749626517295837,True
1216,38,8,8,0.9999890327453613,True
1217,38,9,9,0.9999262094497681,True
1218,38,3,3,0.9874124526977539,True
1219,38,2,2,0.4608308970928192,True
1220,38,9,2,0.996503472328186,False
1221,38,0,0,0.9954582452774048,True
1222,38,3,3,0.9965872764587402,True
1223,38,9,9,0.9999604225158691,True
1224,38,2,2,0.924857497215271,True
1225,38,2,2,0.6656668782234192,True
1226,38,8,8,0.9975956082344055,True
1227,38,2,2,0.8580272197723389,True
1228,38,7,2,0.544698178768158,False
1229,38,0,0,0.9876975417137146,True
1230,38,2,2,0.9998214840888977,True
1231,38,0,3,0.7434860467910767,False
1232,38,2,2,0.9165268540382385,True
1233,38,0,0,0.9918789863586426,True
1234,38,0,0,0.9963799118995667,True
1235,38,2,2,0.9625561833381653,True
1236,38,8,8,0.9060364365577698,True
1237,38,7,1,0.4708617329597473,False
1238,38,7,7,0.9536976218223572,True
1239,38,6,2,0.942226767539978,False
1240,38,1,1,0.9760011434555054,True
1241,38,5,3,0.9025397896766663,False
1242,38,5,3,0.5396955609321594,False
1243,38,2,2,0.9800588488578796,True
1244,38,3,3,0.548079252243042,True
1245,38,1,1,0.983668863773346,True
1246,38,7,7,0.9543924927711487,True
1247,38,6,2,0.38495010137557983,False
1248,39,2,2,0.9907681345939636,True
1249,39,2,2,0.9480140805244446,True
1250,39,4,3,0.6549798250198364,False
1251,39,9,9,0.9896859526634216,True
1252,39,2,2,0.9978106617927551,True
1253,39,0,0,0.9962188601493835,True
1254,39,3,3,0.9715367555618286,True
1255,39,4,3,0.9313377141952515,False
1256,39,3,3,0.9705615639686584,True
1257,39,7,7,0.986111044883728,True
1258,39,1,2,0.5491485595703125,False
1259,39,0,0,0.9970690608024597,True
1260,39,3,3,0.9820020198822021,True
1261,39,6,3,0.9599389433860779,False
1262,39,2,2,0.9982693195343018,True
1263,39,1,2,0.9331284165382385,False
1264,39,4,3,0.9694036245346069,False
1265,39,3,3,0.9888440370559692,True
1266,39,2,2,0.9965985417366028,True
1267,39,4,3,0.9209702610969543,False
1268,39,0,0,0.9989186525344849,True
1269,39,7,1,0.7051891684532166,False
1270,39,3,2,0.6624268293380737,False
1271,39,5,5,0.9556111693382263,True
1272,39,3,2,0.8571549654006958,False
1273,39,8,8,0.9999759197235107,True
1274,39,1,1,0.595851480960846,True
1275,39,8,8,0.998689591884613,True
1276,39,6,5,0.42520326375961304,False
1277,39,8,8,0.9986120462417603,True
1278,39,2,2,0.9986535310745239,True
1279,39,1,1,0.9977319240570068,True
1280,40,8,8,0.8588903546333313,True
1281,40,4,3,0.8523507118225098,False
1282,40,5,5,0.9819469451904297,True
1283,40,2,2,0.9914932250976562,True
1284,40,0,0,0.9973050355911255,True
1285,40,7,2,0.5414358973503113,False
1286,40,4,4,0.6380674242973328,True
1287,40,1,1,0.9997488856315613,True
1288,40,2,2,0.9796112179756165,True
1289,40,6,5,0.48403313755989075,False
1290,40,7,7,0.5929601788520813,True
1291,40,7,7,0.43607449531555176,True
1292,40,2,2,0.977672815322876,True
1293,40,0,0,0.9961254000663757,True
1294,40,7,1,0.35054340958595276,False
1295,40,9,9,0.9999305009841919,True
1296,40,4,3,0.7862022519111633,False
1297,40,2,5,0.8401145935058594,False
1298,40,3,3,0.5382538437843323,True
1299,40,2,2,0.9903361797332764,True
1300,40,8,8,0.9969170093536377,True
1301,40,2,2,0.9738967418670654,True
1302,40,9,2,0.8760480880737305,False
1303,40,2,2,0.9999474287033081,True
1304,40,5,5,0.8718366026878357,True
1305,40,1,1,0.9958744645118713,True
1306,40,2,2,0.9983199238777161,True
1307,40,0,3,0.9953898191452026,False
1308,40,9,9,0.995116114616394,True
1309,40,8,8,0.9998314380645752,True
1310,40,8,8,0.9951317310333252,True
1311,40,5,5,0.9640093445777893,True
1312,41,1,1,0.690064549446106,True
1313,41,7,1,0.8726162314414978,False
1314,41,9,9,0.9999834299087524,True
1315,41,8,8,0.9915755391120911,True
1316,41,1,1,0.9756007194519043,True
1317,41,6,2,0.578249454498291,False
1318,41,6,2,0.7451025247573853,False
1319,41,7,3,0.7534740567207336,False
1320,41,2,2,0.9936926364898682,True
1321,41,9,9,0.9987862706184387,True
1322,41,3,3,0.9981326460838318,True
1323,41,7,2,0.322832852602005,False
1324,41,2,1,0.6595264673233032,False
1325,41,1,1,0.9822937846183777,True
1326,41,0,3,0.6793966293334961,False
1327,41,1,2,0.7704669237136841,False
1328,41,0,0,0.9261875748634338,True
1329,41,3,3,0.9530089497566223,True
1330,41,9,9,0.8609522581100464,True
1331,41,2,2,0.9936167001724243,True
1332,41,0,0,0.6238929629325867,True
1333,41,9,9,0.9996750354766846,True
1334,41,9,9,0.9747248888015747,True
1335,41,9,9,0.9996598958969116,True
1336,41,0,3,0.5152913928031921,False
1337,41,6,6,0.765312910079956,True
1338,41,1,1,0.9635261297225952,True
1339,41,2,2,0.9795140027999878,True
1340,41,7,1,0.6057597398757935,False
1341,41,9,9,0.9999737739562988,True
1342,41,8,8,0.9999401569366455,True
1343,41,4,3,0.37789320945739746,False
1344,42,9,9,0.9061073064804077,True
1345,42,3,3,0.9810245037078857,True
1346,42,1,1,0.8945141434669495,True
1347,42,9,9,0.9999654293060303,True
1348,42,8,8,0.9947705864906311,True
1349,42,1,1,0.8558194637298584,True
1350,42,0,0,0.9949309229850769,True
1351,42,9,9,0.9997480511665344,True
1352,42,2,2,0.9993053674697876,True
1353,42,8,8,0.9980694651603699,True
1354,42,6,2,0.7952741384506226,False
1355,42,4,5,0.4245799481868744,False
1356,42,8,8,0.9999433755874634,True
1357,42,3,9,0.6830208897590637,False
1358,42,7,7,0.5225417613983154,True
1359,42,7,1,0.6468877792358398,False
1360,42,7,7,0.820906937122345,True
1361,42,5,5,0.995420515537262,True
1362,42,1,1,0.9987286925315857,True
1363,42,5,5,0.5750569701194763,True
1364,42,9,9,0.9999457597732544,True
1365,42,6,0,0.6223645210266113,False
1366,42,1,1,0.7090533971786499,True
1367,42,4,3,0.9496141076087952,False
1368,42,8,8,0.9952561259269714,True
1369,42,2,7,0.9287751317024231,False
1370,42,2,2,0.9776607751846313,True
1371,42,3,2,0.5587568879127502,False
1372,42,4,9,0.4129054546356201,False
1373,42,5,9,0.9314461946487427,False
1374,42,1,1,0.3521564304828644,True
1375,42,5,5,0.9242183566093445,True
1376,43,0,8,0.589948296546936,False
1377,43,5,5,0.6933132410049438,True
1378,43,8,8,0.9999393224716187,True
1379,43,5,5,0.9966373443603516,True
1380,43,1,1,0.9974615573883057,True
1381,43,6,0,0.9766247868537903,False
1382,43,0,0,0.9757541418075562,True
1383,43,2,2,0.8761774897575378,True
1384,43,5,5,0.9980136156082153,True
1385,43,7,1,0.45172297954559326,False
1386,43,4,4,0.9677156209945679,True
1387,43,9,9,0.996344268321991,True
1388,43,9,9,0.9992127418518066,True
1389,43,8,8,0.999261200428009,True
1390,43,9,9,0.9375576972961426,True
1391,43,3,3,0.9946647882461548,True
1392,43,9,9,0.9989218711853027,True
1393,43,1,1,0.9875385761260986,True
1394,43,5,0,0.6699020266532898,False
1395,43,0,0,0.997275173664093,True
1396,43,2,2,0.6885794401168823,True
1397,43,5,5,0.4611988663673401,True
1398,43,8,8,0.9990671277046204,True
1399,43,4,5,0.44342759251594543,False
1400,43,3,3,0.9346213340759277,True
1401,43,1,1,0.9568929672241211,True
1402,43,9,9,0.9968791007995605,True
1403,43,8,8,0.9999899864196777,True
1404,43,1,1,0.9963678121566772,True
1405,43,4,3,0.9587288498878479,False
1406,43,1,1,0.998289167881012,True
1407,43,6,6,0.9445198178291321,True
1408,44,6,3,0.9769580364227295,False
1409,44,7,9,0.7983615398406982,False
1410,44,8,8,0.999305009841919,True
1411,44,1,1,0.9884787201881409,True
1412,44,1,1,0.49188944697380066,True
1413,44,1,1,0.9874597787857056,True
1414,44,7,2,0.4469667375087738,False
1415,44,5,5,0.8475245237350464,True
1416,44,3,3,0.9930961728096008,True
1417,44,9,9,0.9998981952667236,True
1418,44,9,9,0.9999765157699585,True
1419,44,6,0,0.5210129022598267,False
1420,44,1,1,0.9900426864624023,True
1421,44,2,3,0.9428960680961609,False
1422,44,3,8,0.8184640407562256,False
1423,44,9,9,0.9987433552742004,True
1424,44,4,4,0.9807246923446655,True
1425,44,9,9,0.9992817044258118,True
1426,44,1,2,0.8556415438652039,False
1427,44,8,2,0.9741072058677673,False
1428,44,7,9,0.4354182481765747,False
1429,44,7,7,0.818421483039856,True
1430,44,5,5,0.9485246539115906,True
1431,44,8,8,0.9999246597290039,True
1432,44,4,5,0.5383107662200928,False
1433,44,0,0,0.9975811243057251,True
1434,44,1,1,0.984852135181427,True
1435,44,1,1,0.9951115250587463,True
1436,44,6,5,0.684002697467804,False
1437,44,0,0,0.9919953346252441,True
1438,44,4,3,0.8045241832733154,False
1439,44,3,9,0.5716930031776428,False
1440,45,0,0,0.9987170696258545,True
1441,45,0,3,0.92873615026474,False
1442,45,4,4,0.6461986303329468,True
1443,45,2,2,0.8228131532669067,True
1444,45,9,2,0.49405714869499207,False
1445,45,4,4,0.8073919415473938,True
1446,45,1,1,0.9574728012084961,True
1447,45,6,3,0.974698007106781,False
1448,45,7,1,0.8911749124526978,False
1449,45,8,8,0.9997647404670715,True
1450,45,6,6,0.6133509278297424,True
1451,45,1,1,0.9974848031997681,True
1452,45,4,4,0.7446994781494141,True
1453,45,2,2,0.9402608871459961,True
1454,45,5,3,0.6900912523269653,False
1455,45,4,3,0.6115126609802246,False
1456,45,1,1,0.9925233721733093,True
1457,45,8,8,0.9997039437294006,True
1458,45,3,0,0.31115007400512695,False
1459,45,3,0,0.6378881931304932,False
1460,45,8,8,0.988558292388916,True
1461,45,3,0,0.9246643781661987,False
1462,45,8,8,0.9940081834793091,True
1463,45,9,9,0.9994719624519348,True
1464,45,1,1,0.9260433316230774,True
1465,45,9,9,0.5811751484870911,True
1466,45,5,5,0.9980723857879639,True
1467,45,8,8,0.9999849796295166,True
1468,45,5,5,0.5718474984169006,True
1469,45,3,2,0.4894537627696991,False
1470,45,7,1,0.9092881679534912,False
1471,45,6,6,0.8163644075393677,True
1472,46,5,5,0.9227995872497559,True
1473,46,6,5,0.723293662071228,False
1474,46,2,2,0.998516857624054,True
1475,46,1,1,0.8251944184303284,True
1476,46,9,9,0.9998315572738647,True
1477,46,2,8,0.5028528571128845,False
1478,46,4,8,0.5876703262329102,False
1479,46,8,8,0.9983195662498474,True
1480,46,0,5,0.6469916701316833,False
1481,46,6,3,0.9024809002876282,False
1482,46,4,3,0.942318320274353,False
1483,46,6,5,0.7744482159614563,False
1484,46,5,5,0.9797791242599487,True
1485,46,6,5,0.513791561126709,False
1486,46,9,9,0.9831573367118835,True
1487,46,1,1,0.9943919777870178,True
1488,46,5,5,0.9963376522064209,True
1489,46,7,7,0.6978650093078613,True
1490,46,4,4,0.3759487569332123,True
1491,46,8,8,0.5218161344528198,True
1492,46,8,8,0.999464213848114,True
1493,46,9,9,0.9992058873176575,True
1494,46,7,9,0.5426985025405884,False
1495,46,6,6,0.7307404279708862,True
1496,46,3,3,0.993312418460846,True
1497,46,0,3,0.501905620098114,False
1498,46,6,6,0.8524127006530762,True
1499,46,0,0,0.9582126140594482,True
1500,46,1,1,0.9910506010055542,True
1501,46,0,3,0.3586438000202179,False
1502,46,3,3,0.6998088955879211,True
1503,46,2,2,0.9691110849380493,True
1504,47,5,3,0.8178006410598755,False
1505,47,3,3,0.8586850166320801,True
1506,47,4,7,0.5344367623329163,False
1507,47,7,1,0.608553946018219,False
1508,47,2,2,0.9955831170082092,True
1509,47,0,0,0.9992256164550781,True
1510,47,0,0,0.9977585077285767,True
1511,47,1,2,0.8625041842460632,False
1512,47,9,9,0.9764925241470337,True
1513,47,7,7,0.599651038646698,True
1514,47,1,1,0.9907758831977844,True
1515,47,1,1,0.48653483390808105,True
1516,47,7,1,0.7243015170097351,False
1517,47,9,9,0.9999252557754517,True
1518,47,5,5,0.9741246104240417,True
1519,47,7,7,0.9925552010536194,True
1520,47,1,1,0.9268220663070679,True
1521,47,2,2,0.9988866448402405,True
1522,47,2,2,0.9988865256309509,True
1523,47,8,8,0.9978259205818176,True
1524,47,2,2,0.9854133725166321,True
1525,47,4,7,0.7504978179931641,False
1526,47,8,8,0.9904589653015137,True
1527,47,7,7,0.3742384910583496,True
1528,47,6,4,0.6019080281257629,False
1529,47,4,4,0.32240399718284607,True
1530,47,7,7,0.9227010011672974,True
1531,47,4,4,0.5220174789428711,True
1532,47,8,8,0.9639601707458496,True
1533,47,4,3,0.917391836643219,False
1534,47,3,2,0.40708252787590027,False
1535,47,0,0,0.9322470426559448,True
1536,48,2,2,0.9975559711456299,True
1537,48,9,9,0.9987253546714783,True
1538,48,1,1,0.44140926003456116,True
1539,48,0,0,0.6425113081932068,True
1540,48,1,1,0.785961925983429,True
1541,48,1,1,0.997408926486969,True
1542,48,3,3,0.9766716957092285,True
1543,48,0,0,0.9686046242713928,True
1544,48,3,3,0.91098552942276,True
1545,48,7,1,0.7572557330131531,False
1546,48,5,5,0.9294115900993347,True
1547,48,3,0,0.9176757335662842,False
1548,48,9,9,0.9999852180480957,True
1549,48,7,1,0.6504791975021362,False
1550,48,8,8,0.9996402263641357,True
1551,48,7,7,0.9824351668357849,True
1552,48,3,3,0.9173164963722229,True
1553,48,8,8,0.9996960163116455,True
1554,48,4,0,0.6156941056251526,False
1555,48,9,9,0.9883715510368347,True
1556,48,0,0,0.989108681678772,True
1557,48,9,9,0.9977357387542725,True
1558,48,4,4,0.4760221540927887,True
1559,48,0,8,0.6316432952880859,False
1560,48,6,2,0.47311535477638245,False
1561,48,7,1,0.5075030326843262,False
1562,48,3,3,0.8956174254417419,True
1563,48,6,0,0.6621760129928589,False
1564,48,0,0,0.9883344173431396,True
1565,48,1,1,0.9883441925048828,True
1566,48,9,9,0.9997015595436096,True
1567,48,3,3,0.804651141166687,True
1568,49,3,2,0.3772558867931366,False
1569,49,7,7,0.6997300386428833,True
1570,49,7,2,0.9232745170593262,False
1571,49,8,8,0.9988415837287903,True
1572,49,8,8,0.9997410178184509,True
1573,49,3,0,0.9821419715881348,False
1574,49,7,1,0.8530657291412354,False
1575,49,6,2,0.9826275706291199,False
1576,49,0,0,0.9995525479316711,True
1577,49,8,8,0.9999408721923828,True
1578,49,6,5,0.8351476788520813,False
1579,49,1,1,0.9919307827949524,True
1580,49,1,1,0.8610819578170776,True
1581,49,3,3,0.9178295731544495,True
1582,49,2,2,0.953216552734375,True
1583,49,0,0,0.6471307873725891,True
1584,49,2,2,0.9636327624320984,True
1585,49,2,2,0.9948142766952515,True
1586,49,3,3,0.9685121178627014,True
1587,49,0,0,0.9864944219589233,True
1588,49,6,3,0.37330126762390137,False
1589,49,0,3,0.9922084808349609,False
1590,49,3,9,0.5952188372612,False
1591,49,1,2,0.5442010760307312,False
1592,49,9,9,0.9980777502059937,True
1593,49,4,3,0.8163549304008484,False
1594,49,3,3,0.9467852115631104,True
1595,49,3,3,0.9190595149993896,True
1596,49,1,1,0.999811589717865,True
1597,49,4,9,0.28501251339912415,False
1598,49,0,3,0.9878156781196594,False
1599,49,7,7,0.9971189498901367,True
1600,50,0,0,0.9791166186332703,True
1601,50,2,2,0.9998950958251953,True
1602,50,6,6,0.952013373374939,True
1603,50,7,1,0.5097546577453613,False
1604,50,1,1,0.9619973301887512,True
1605,50,1,1,0.9750918745994568,True
1606,50,7,7,0.9911853671073914,True
1607,50,7,7,0.98244309425354,True
1608,50,9,9,0.9993001222610474,True
1609,50,3,0,0.8194734454154968,False
1610,50,4,2,0.6348518133163452,False
1611,50,0,0,0.9973003268241882,True
1612,50,2,2,0.9361851811408997,True
1613,50,2,2,0.9907771348953247,True
1614,50,4,2,0.5297108292579651,False
1615,50,7,2,0.4160192012786865,False
1616,50,8,8,0.9992749094963074,True
1617,50,9,9,0.9999983310699463,True
1618,50,1,1,0.9540557861328125,True
1619,50,6,2,0.9790838360786438,False
1620,50,7,7,0.9831526279449463,True
1621,50,1,2,0.3921150863170624,False
1622,50,2,2,0.9706084728240967,True
1623,50,4,3,0.538180410861969,False
1624,50,8,8,0.9955743551254272,True
1625,50,4,3,0.9775530099868774,False
1626,50,7,7,0.932951033115387,True
1627,50,6,2,0.2933727502822876,False
1628,50,0,0,0.98087078332901,True
1629,50,8,8,0.9996999502182007,True
1630,50,0,0,0.928449809551239,True
1631,50,7,7,0.7654543519020081,True
1632,51,8,8,0.9989528656005859,True
1633,51,0,0,0.9995447993278503,True
1634,51,1,2,0.7017831802368164,False
1635,51,2,2,0.9938567280769348,True
1636,51,7,9,0.8630479574203491,False
1637,51,0,0,0.9971867203712463,True
1638,51,0,0,0.999600350856781,True
1639,51,1,2,0.8863564133644104,False
1640,51,9,9,0.9678727388381958,True
1641,51,9,9,0.999969482421875,True
1642,51,0,8,0.5901361107826233,False
1643,51,5,3,0.9346887469291687,False
1644,51,0,0,0.9926992058753967,True
1645,51,1,1,0.9815525412559509,True
1646,51,8,8,0.9997314810752869,True
1647,51,0,0,0.9994679093360901,True
1648,51,9,9,0.9998375177383423,True
1649,51,3,3,0.97719806432724,True
1650,51,7,7,0.6538358330726624,True
1651,51,0,0,0.9990455508232117,True
1652,51,7,7,0.9992005228996277,True
1653,51,9,9,0.9929158687591553,True
1654,51,4,3,0.6654950380325317,False
1655,51,9,9,0.9909165501594543,True
1656,51,3,2,0.9641714692115784,False
1657,51,7,7,0.9242385625839233,True
1658,51,6,2,0.831257700920105,False
1659,51,7,7,0.9963932633399963,True
1660,51,5,5,0.7165249586105347,True
1661,51,1,1,0.5206913948059082,True
1662,51,8,8,0.9969390630722046,True
1663,51,9,9,0.9997881054878235,True
1664,52,2,2,0.9982044696807861,True
1665,52,4,3,0.9707235097885132,False
1666,52,9,9,0.6773479580879211,True
1667,52,3,2,0.9190199971199036,False
1668,52,9,9,0.9797742962837219,True
1669,52,4,7,0.7340404391288757,False
1670,52,8,8,0.9998018145561218,True
1671,52,7,7,0.4956880509853363,True
1672,52,7,1,0.9214309453964233,False
1673,52,8,8,0.9999786615371704,True
1674,52,2,2,0.8766981363296509,True
1675,52,9,9,0.9955840706825256,True
1676,52,6,6,0.8117681741714478,True
1677,52,5,5,0.5430548787117004,True
1678,52,2,2,0.7308579087257385,True
1679,52,8,8,0.9998014569282532,True
1680,52,3,0,0.9887288808822632,False
1681,52,8,8,0.9999068975448608,True
1682,52,4,3,0.9218112826347351,False
1683,52,3,3,0.9660186171531677,True
1684,52,8,3,0.9618096947669983,False
1685,52,2,2,0.9861693382263184,True
1686,52,5,0,0.9283304214477539,False
1687,52,2,2,0.9993813037872314,True
1688,52,8,8,0.9993492960929871,True
1689,52,7,7,0.9036152362823486,True
1690,52,0,8,0.9909237027168274,False
1691,52,6,3,0.9353114366531372,False
1692,52,7,2,0.6770567297935486,False
1693,52,0,0,0.9959520101547241,True
1694,52,8,8,0.9036988615989685,True
1695,52,4,4,0.7744103670120239,True
1696,53,7,1,0.7168658971786499,False
1697,53,7,7,0.9821276664733887,True
1698,53,3,8,0.6534891128540039,False
1699,53,2,3,0.9626694321632385,False
1700,53,8,8,0.9987541437149048,True
1701,53,7,1,0.48821642994880676,False
1702,53,1,2,0.5282147526741028,False
1703,53,9,9,0.999290943145752,True
1704,53,7,7,0.5522639751434326,True
1705,53,0,5,0.4974706768989563,False
1706,53,1,1,0.7322695255279541,True
1707,53,9,9,0.9998599290847778,True
1708,53,4,3,0.7154463529586792,False
1709,53,4,4,0.8717700242996216,True
1710,53,1,1,0.9996488094329834,True
1711,53,0,0,0.7477161288261414,True
1712,53,5,5,0.6251531839370728,True
1713,53,3,8,0.9337590932846069,False
1714,53,0,0,0.834394097328186,True
1715,53,8,8,0.9999690055847168,True
1716,53,7,7,0.6357536315917969,True
1717,53,4,3,0.4069584310054779,False
1718,53,3,3,0.377766489982605,True
1719,53,8,8,0.9999476671218872,True
1720,53,0,9,0.32886961102485657,False
1721,53,3,3,0.9557901620864868,True
1722,53,7,7,0.998225748538971,True
1723,53,2,2,0.9888457655906677,True
1724,53,4,3,0.5077568292617798,False
1725,53,1,2,0.5488884449005127,False
1726,53,7,9,0.8311982154846191,False
1727,53,4,3,0.4714445471763611,False
1728,54,6,2,0.9558425545692444,False
1729,54,0,0,0.9839578866958618,True
1730,54,1,1,0.9980410933494568,True
1731,54,8,8,0.9982789754867554,True
1732,54,0,0,0.9931255578994751,True
1733,54,8,8,0.9984482526779175,True
1734,54,1,3,0.8719595074653625,False
1735,54,4,3,0.7588379979133606,False
1736,54,3,3,0.8983002305030823,True
1737,54,6,3,0.8941853642463684,False
1738,54,1,1,0.9969605803489685,True
1739,54,2,2,0.9917693138122559,True
1740,54,8,8,0.8520001769065857,True
1741,54,4,3,0.9613717794418335,False
1742,54,7,7,0.8259382247924805,True
1743,54,7,1,0.7163690328598022,False
1744,54,0,0,0.9971790313720703,True
1745,54,4,3,0.42533281445503235,False
1746,54,6,3,0.4830213785171509,False
1747,54,0,0,0.9971528053283691,True
1748,54,3,0,0.6419963836669922,False
1749,54,9,9,0.9994943141937256,True
1750,54,2,2,0.9602304697036743,True
1751,54,5,5,0.9975130558013916,True
1752,54,4,3,0.9900733232498169,False
1753,54,4,4,0.8543012738227844,True
1754,54,5,5,0.9939329028129578,True
1755,54,3,3,0.9272794723510742,True
1756,54,3,3,0.5409404635429382,True
1757,54,1,1,0.9218685030937195,True
1758,54,6,2,0.4786428213119507,False
1759,54,5,5,0.9771818518638611,True
1760,55,1,1,0.729580283164978,True
1761,55,1,1,0.9329960942268372,True
1762,55,0,0,0.9238454103469849,True
1763,55,9,9,0.9906616806983948,True
1764,55,0,0,0.9720829129219055,True
1765,55,7,2,0.40417397022247314,False
1766,55,2,2,0.9993057250976562,True
1767,55,7,7,0.9699450731277466,True
1768,55,9,9,0.9965923428535461,True
1769,55,2,2,0.903753936290741,True
1770,55,7,9,0.6034273505210876,False
1771,55,8,8,0.9822923541069031,True
1772,55,7,3,0.5913318991661072,False
1773,55,5,5,0.9348041415214539,True
1774,55,9,9,0.9888933300971985,True
1775,55,9,9,0.9995317459106445,True
1776,55,8,8,0.99850994348526,True
1777,55,8,8,0.9998652935028076,True
1778,55,1,1,0.9927765130996704,True
1779,55,6,0,0.6273238658905029,False
1780,55,7,7,0.8789466619491577,True
1781,55,8,8,0.8517629504203796,True
1782,55,2,2,0.784557580947876,True
1783,55,7,3,0.33561909198760986,False
1784,55,1,1,0.989700436592102,True
1785,55,9,9,0.9976430535316467,True
1786,55,3,3,0.9992296695709229,True
1787,55,9,0,0.8828738331794739,False
1788,55,3,3,0.8719449043273926,True
1789,55,7,1,0.2515823543071747,False
1790,55,1,1,0.8640811443328857,True
1791,55,1,1,0.9347962141036987,True
1792,56,9,9,0.990670919418335,True
1793,56,0,0,0.9997608065605164,True
1794,56,8,8,0.8801946640014648,True
1795,56,4,3,0.6421706676483154,False
1796,56,7,1,0.416919082403183,False
1797,56,4,3,0.8029557466506958,False
1798,56,0,0,0.6643291711807251,True
1799,56,6,4,0.40553972125053406,False
1800,56,9,9,0.9981688261032104,True
1801,56,7,1,0.7670877575874329,False
1802,56,6,3,0.8249683976173401,False
1803,56,1,1,0.9857327342033386,True
1804,56,5,5,0.9891268610954285,True
1805,56,6,2,0.35649603605270386,False
1806,56,6,2,0.8525273203849792,False
1807,56,8,8,0.9998774528503418,True
1808,56,0,0,0.999710738658905,True
1809,56,7,7,0.8541886806488037,True
1810,56,3,8,0.8887345194816589,False
1811,56,8,8,0.9995779395103455,True
1812,56,0,0,0.9954625964164734,True
1813,56,6,2,0.8206316232681274,False
1814,56,2,2,0.9450907111167908,True
1815,56,6,2,0.8513030409812927,False
1816,56,5,0,0.980830192565918,False
1817,56,0,0,0.9957863688468933,True
1818,56,9,9,0.9996756315231323,True
1819,56,0,0,0.9739194512367249,True
1820,56,9,9,0.9996644258499146,True
1821,56,1,1,0.9438797831535339,True
1822,56,6,6,0.7863049507141113,True
1823,56,4,4,0.9253684282302856,True
1824,57,5,5,0.6955128312110901,True
1825,57,8,8,0.999794065952301,True
1826,57,7,7,0.5943407416343689,True
1827,57,2,2,0.993966817855835,True
1828,57,7,3,0.9517561197280884,False
1829,57,1,1,0.9989219903945923,True
1830,57,4,3,0.9020892381668091,False
1831,57,3,3,0.9957681894302368,True
1832,57,1,1,0.6256362199783325,True
1833,57,3,3,0.9935947060585022,True
1834,57,1,1,0.9673789143562317,True
1835,57,8,8,0.9992338418960571,True
1836,57,7,7,0.9086956977844238,True
1837,57,6,2,0.8422930836677551,False
1838,57,3,3,0.9327133297920227,True
1839,57,0,0,0.9992308616638184,True
1840,57,7,2,0.6758584380149841,False
1841,57,5,0,0.6632833480834961,False
1842,57,9,9,0.9999998807907104,True
1843,57,1,1,0.9499997496604919,True
1844,57,1,1,0.6599657535552979,True
1845,57,9,9,0.9999972581863403,True
1846,57,6,2,0.8802439570426941,False
1847,57,0,0,0.9999630451202393,True
1848,57,5,3,0.7959043383598328,False
1849,57,5,5,0.6950607299804688,True
1850,57,0,0,0.9703619480133057,True
1851,57,9,9,0.99784255027771,True
1852,57,9,9,0.9999991655349731,True
1853,57,1,1,0.9505006074905396,True
1854,57,0,0,0.9990875720977783,True
1855,57,1,1,0.9378634691238403,True
1856,58,6,3,0.9386888742446899,False
1857,58,3,2,0.8797888159751892,False
1858,58,8,8,0.9993740916252136,True
1859,58,0,0,0.9495657086372375,True
1860,58,3,3,0.6894020438194275,True
1861,58,1,1,0.6680342555046082,True
1862,58,7,7,0.9648848176002502,True
1863,58,3,3,0.9985166192054749,True
1864,58,6,3,0.7526578307151794,False
1865,58,3,3,0.9902611374855042,True
1866,58,6,0,0.936921238899231,False
1867,58,4,4,0.8111913800239563,True
1868,58,0,0,0.9975761771202087,True
1869,58,8,8,0.999566376209259,True
1870,58,7,9,0.8299737572669983,False
1871,58,2,2,0.9949142932891846,True
1872,58,0,8,0.3730086386203766,False
1873,58,6,2,0.9137833714485168,False
1874,58,9,9,0.9991000890731812,True
1875,58,7,1,0.7470196485519409,False
1876,58,9,9,0.9999966621398926,True
1877,58,7,1,0.35027018189430237,False
1878,58,1,1,0.8316385746002197,True
1879,58,6,2,0.4736582934856415,False
1880,58,4,2,0.5988858938217163,False
1881,58,8,8,0.9999022483825684,True
1882,58,6,8,0.30471429228782654,False
1883,58,6,6,0.7110573053359985,True
1884,58,3,3,0.8053528070449829,True
1885,58,4,3,0.3807247281074524,False
1886,58,4,3,0.9587931632995605,False
1887,58,1,1,0.9872539639472961,True
1888,59,0,0,0.6482307314872742,True
1889,59,7,7,0.9978861212730408,True
1890,59,6,1,0.8540963530540466,False
1891,59,9,9,0.9993517994880676,True
1892,59,0,0,0.9992331266403198,True
1893,59,3,3,0.7777640223503113,True
1894,59,2,3,0.7891743779182434,False
1895,59,4,2,0.7996050119400024,False
1896,59,8,8,0.9999865293502808,True
1897,59,3,3,0.4014442563056946,True
1898,59,0,5,0.717630922794342,False
1899,59,0,0,0.9994145631790161,True
1900,59,4,4,0.9766489863395691,True
1901,59,4,3,0.9567713737487793,False
1902,59,9,9,0.9999991655349731,True
1903,59,0,8,0.9877360463142395,False
1904,59,1,1,0.7337743639945984,True
1905,59,6,6,0.5227547287940979,True
1906,59,4,7,0.3925965130329132,False
1907,59,7,2,0.4112669825553894,False
1908,59,7,1,0.9177343845367432,False
1909,59,8,8,0.9999595880508423,True
1910,59,2,2,0.9997115731239319,True
1911,59,4,9,0.22757963836193085,False
1912,59,0,8,0.9058164954185486,False
1913,59,0,0,0.9685556292533875,True
1914,59,9,9,0.9985584616661072,True
1915,59,0,3,0.6572518944740295,False
1916,59,5,5,0.9740595817565918,True
1917,59,2,2,0.5298777222633362,True
1918,59,6,3,0.9936026930809021,False
1919,59,0,0,0.9731125831604004,True
1920,60,7,1,0.9025845527648926,False
1921,60,9,9,0.9999080896377563,True
1922,60,3,3,0.9537206292152405,True
1923,60,4,3,0.8623862862586975,False
1924,60,4,3,0.6222740411758423,False
1925,60,7,7,0.9074910879135132,True
1926,60,0,8,0.5081773400306702,False
1927,60,0,0,0.9983426332473755,True
1928,60,6,2,0.8223257064819336,False
1929,60,8,8,0.6376343369483948,True
1930,60,6,0,0.3999220132827759,False
1931,60,7,9,0.49497753381729126,False
1932,60,9,9,0.9994667172431946,True
1933,60,3,3,0.9893789887428284,True
1934,60,2,2,0.6197260022163391,True
1935,60,9,9,0.9775623083114624,True
1936,60,1,1,0.9868082404136658,True
1937,60,2,2,0.9766294360160828,True
1938,60,3,3,0.9497374296188354,True
1939,60,4,1,0.35667985677719116,False
1940,60,3,3,0.953156054019928,True
1941,60,1,1,0.5240383744239807,True
1942,60,9,9,0.9999816417694092,True
1943,60,6,2,0.9660115838050842,False
1944,60,0,0,0.9485684037208557,True
1945,60,5,3,0.9908850789070129,False
1946,60,8,8,0.8043251633644104,True
1947,60,0,0,0.7908470034599304,True
1948,60,2,2,0.8122041821479797,True
1949,60,4,4,0.6632462739944458,True
1950,60,4,3,0.5683890581130981,False
1951,60,0,0,0.9974186420440674,True
1952,61,1,1,0.9994856119155884,True
1953,61,9,9,0.9915875792503357,True
1954,61,7,1,0.6209903955459595,False
1955,61,8,8,0.9989153146743774,True
1956,61,0,8,0.7074251174926758,False
1957,61,9,9,0.9103986620903015,True
1958,61,5,5,0.9543123841285706,True
1959,61,0,3,0.635326623916626,False
1960,61,8,8,0.9999902248382568,True
1961,61,6,5,0.8953798413276672,False
1962,61,9,9,0.9960623383522034,True
1963,61,2,2,0.9576417207717896,True
1964,61,0,0,0.9757730960845947,True
1965,61,3,0,0.35993388295173645,False
1966,61,6,0,0.8351055979728699,False
1967,61,4,3,0.8716962933540344,False
1968,61,7,7,0.9976741671562195,True
1969,61,0,0,0.9995232820510864,True
1970,61,1,1,0.7537596225738525,True
1971,61,3,5,0.4050336480140686,False
1972,61,9,9,0.9989546537399292,True
1973,61,2,2,0.9873583316802979,True
1974,61,4,4,0.4760738015174866,True
1975,61,2,2,0.9817497730255127,True
1976,61,8,8,0.9655971527099609,True
1977,61,2,2,0.9962049126625061,True
1978,61,5,5,0.8476101756095886,True
1979,61,7,1,0.9290065765380859,False
1980,61,0,0,0.9869644045829773,True
1981,61,2,2,0.9842729568481445,True
1982,61,9,9,0.9488112330436707,True
1983,61,4,3,0.42345482110977173,False
1984,62,9,9,0.9974561333656311,True
1985,62,2,2,0.9922376275062561,True
1986,62,5,0,0.3544207215309143,False
1987,62,6,2,0.4687061309814453,False
1988,62,6,2,0.8822016716003418,False
1989,62,4,9,0.28040754795074463,False
1990,62,1,2,0.4091293513774872,False
1991,62,5,5,0.9832977056503296,True
1992,62,5,5,0.9121240377426147,True
1993,62,8,8,0.9999116659164429,True
1994,62,6,6,0.5397878885269165,True
1995,62,0,0,0.9927170276641846,True
1996,62,2,2,0.997853696346283,True
1997,62,4,7,0.3313773572444916,False
1998,62,4,3,0.2897374629974365,False
1999,62,6,3,0.35205328464508057,False
2000,62,7,7,0.9977854490280151,True
2001,62,8,8,0.9938365817070007,True
2002,62,5,5,0.9887396097183228,True
2003,62,3,3,0.5717223882675171,True
2004,62,0,0,0.5415033102035522,True
2005,62,8,8,0.9253223538398743,True
2006,62,0,0,0.9994452595710754,True
2007,62,1,2,0.904852032661438,False
2008,62,6,5,0.8228709101676941,False
2009,62,4,4,0.5665424466133118,True
2010,62,0,0,0.9236955046653748,True
2011,62,6,0,0.9636197686195374,False
2012,62,0,0,0.5737076997756958,True
2013,62,2,2,0.9316883683204651,True
2014,62,9,9,0.9403835535049438,True
2015,62,2,2,0.9997556805610657,True
2016,63,2,2,0.8853614926338196,True
2017,63,1,1,0.9961661100387573,True
2018,63,0,3,0.6268526315689087,False
2019,63,6,2,0.990407407283783,False
2020,63,0,0,0.98628169298172,True
2021,63,2,2,0.9907941222190857,True
2022,63,4,3,0.8633120656013489,False
2023,63,8,8,0.9947966933250427,True
2024,63,0,0,0.9081830382347107,True
2025,63,8,8,0.989345371723175,True
2026,63,9,9,0.999993085861206,True
2027,63,7,7,0.9066622853279114,True
2028,63,7,1,0.7049724459648132,False
2029,63,4,9,0.7626045346260071,False
2030,63,5,5,0.9757914543151855,True
2031,63,6,0,0.9612707495689392,False
2032,63,6,0,0.6042255759239197,False
2033,63,1,1,0.4486701786518097,True
2034,63,6,4,0.5776748061180115,False
2035,63,5,2,0.8536534905433655,False
2036,63,6,0,0.7160759568214417,False
2037,63,1,1,0.4994243383407593,True
2038,63,1,1,0.986156165599823,True
2039,63,7,7,0.4602687656879425,True
2040,63,7,9,0.3794330954551697,False
2041,63,9,9,0.9974169731140137,True
2042,63,1,1,0.8740556240081787,True
2043,63,9,9,0.996933102607727,True
2044,63,3,3,0.9410390257835388,True
2045,63,3,0,0.970649242401123,False
2046,63,9,9,0.9954113364219666,True
2047,63,7,3,0.479360431432724,False
2048,64,0,0,0.9994175434112549,True
2049,64,6,6,0.8104164600372314,True
2050,64,3,2,0.8616760969161987,False
2051,64,4,3,0.803847074508667,False
2052,64,7,1,0.9796080589294434,False
2053,64,8,8,0.9999933242797852,True
2054,64,2,2,0.997270405292511,True
2055,64,0,0,0.9426859617233276,True
2056,64,0,0,0.9616631865501404,True
2057,64,0,0,0.9759875535964966,True
2058,64,3,3,0.9989559650421143,True
2059,64,8,8,0.9998534917831421,True
2060,64,3,8,0.3767116069793701,False
2061,64,0,0,0.9826108813285828,True
2062,64,7,7,0.9963079690933228,True
2063,64,6,3,0.9393879771232605,False
2064,64,8,8,0.9991249442100525,True
2065,64,8,8,0.9998053908348083,True
2066,64,7,3,0.6088592410087585,False
2067,64,4,3,0.5188782215118408,False
2068,64,4,4,0.7288234829902649,True
2069,64,1,1,0.9812375903129578,True
2070,64,1,2,0.9356090426445007,False
2071,64,3,3,0.9858993291854858,True
2072,64,8,8,0.992649257183075,True
2073,64,2,2,0.5258384943008423,True
2074,64,6,2,0.5718283653259277,False
2075,64,1,1,0.890733540058136,True
2076,64,0,0,0.4931960105895996,True
2077,64,6,3,0.9454281330108643,False
2078,64,0,0,0.9993957281112671,True
2079,64,1,1,0.9092712998390198,True
2080,65,9,9,0.9998677968978882,True
2081,65,5,3,0.9625824689865112,False
2082,65,6,0,0.7997540235519409,False
2083,65,3,3,0.5019188523292542,True
2084,65,1,1,0.8824830651283264,True
2085,65,5,3,0.5040497183799744,False
2086,65,3,3,0.9794894456863403,True
2087,65,4,3,0.8619802594184875,False
2088,65,7,7,0.9935053586959839,True
2089,65,1,1,0.9274106025695801,True
2090,65,9,2,0.9716171026229858,False
2091,65,3,3,0.8299197554588318,True
2092,65,1,1,0.9940855503082275,True
2093,65,8,8,0.9981924891471863,True
2094,65,5,2,0.951795220375061,False
2095,65,5,5,0.9994468092918396,True
2096,65,8,8,0.943314790725708,True
2097,65,1,1,0.9372995495796204,True
2098,65,4,3,0.8865833878517151,False
2099,65,1,1,0.6075788736343384,True
2100,65,0,0,0.999579131603241,True
2101,65,2,2,0.9808567762374878,True
2102,65,3,3,0.9931098222732544,True
2103,65,8,8,0.999690055847168,True
2104,65,9,9,0.992265522480011,True
2105,65,4,4,0.6021932363510132,True
2106,65,9,9,0.9999996423721313,True
2107,65,0,0,0.973985493183136,True
2108,65,0,0,0.9991599321365356,True
2109,65,9,9,0.9999175071716309,True
2110,65,8,8,0.9997488856315613,True
2111,65,6,6,0.49886277318000793,True
2112,66,7,1,0.6389781832695007,False
2113,66,7,1,0.9255653619766235,False
2114,66,7,9,0.42104989290237427,False
2115,66,0,3,0.7286830544471741,False
2116,66,9,9,0.9999986886978149,True
2117,66,2,2,0.9896345734596252,True
2118,66,5,5,0.9892604351043701,True
2119,66,8,8,0.9847669005393982,True
2120,66,4,4,0.5382090210914612,True
2121,66,2,2,0.9777675271034241,True
2122,66,5,5,0.9968438148498535,True
2123,66,1,1,0.9840527772903442,True
2124,66,5,3,0.7791274189949036,False
2125,66,6,2,0.9807410836219788,False
2126,66,3,0,0.3239380419254303,False
2127,66,0,2,0.6574198007583618,False
2128,66,3,9,0.7268652319908142,False
2129,66,2,2,0.9993594288825989,True
2130,66,7,7,0.9912834167480469,True
2131,66,5,5,0.9997265934944153,True
2132,66,7,1,0.6731271147727966,False
2133,66,6,4,0.9334803223609924,False
2134,66,1,1,0.9989506006240845,True
2135,66,2,2,0.9687305688858032,True
2136,66,6,2,0.8784074783325195,False
2137,66,7,1,0.5406495332717896,False
2138,66,1,1,0.9904460906982422,True
2139,66,4,3,0.5380883812904358,False
2140,66,3,0,0.8950038552284241,False
2141,66,4,4,0.6052474975585938,True
2142,66,8,8,0.9964053630828857,True
2143,66,5,5,0.8431300520896912,True
2144,67,8,9,0.7140797972679138,False
2145,67,2,2,0.9957641363143921,True
2146,67,1,2,0.5689096450805664,False
2147,67,5,5,0.9995461106300354,True
2148,67,4,8,0.761111319065094,False
2149,67,7,1,0.5380812287330627,False
2150,67,7,9,0.7187631726264954,False
2151,67,7,1,0.7039744257926941,False
2152,67,2,2,0.9887718558311462,True
2153,67,7,1,0.9595376253128052,False
2154,67,9,9,0.9983310103416443,True
2155,67,2,2,0.49722108244895935,True
2156,67,7,7,0.6199309229850769,True
2157,67,8,8,0.9844900965690613,True
2158,67,3,3,0.9772685170173645,True
2159,67,4,9,0.5236706733703613,False
2160,67,9,9,0.9999992847442627,True
2161,67,9,9,0.9998443126678467,True
2162,67,6,2,0.801365077495575,False
2163,67,9,9,0.9985565543174744,True
2164,67,3,3,0.6963253021240234,True
2165,67,1,1,0.9958618879318237,True
2166,67,2,2,0.8698205947875977,True
2167,67,8,8,0.9999479055404663,True
2168,67,4,3,0.7386534214019775,False
2169,67,1,1,0.9978126287460327,True
2170,67,2,2,0.9872194528579712,True
2171,67,8,8,0.9990695118904114,True
2172,67,4,3,0.6252380609512329,False
2173,67,2,2,0.9871417284011841,True
2174,67,9,9,0.9999854564666748,True
2175,67,7,7,0.789933443069458,True
2176,68,7,7,0.9706313610076904,True
2177,68,2,2,0.8047372102737427,True
2178,68,7,7,0.9894638061523438,True
2179,68,9,9,0.9923902153968811,True
2180,68,6,3,0.8435662984848022,False
2181,68,5,5,0.9974440336227417,True
2182,68,8,8,0.9997949004173279,True
2183,68,2,2,0.9851433634757996,True
2184,68,7,7,0.9527092576026917,True
2185,68,7,7,0.9426271915435791,True
2186,68,3,3,0.5342047214508057,True
2187,68,5,5,0.9887689352035522,True
2188,68,8,9,0.6504272222518921,False
2189,68,9,9,0.9956732392311096,True
2190,68,0,0,0.9940140843391418,True
2191,68,8,8,0.9998992681503296,True
2192,68,8,8,0.9995622038841248,True
2193,68,9,9,0.9969140291213989,True
2194,68,6,2,0.4446412920951843,False
2195,68,2,2,0.9726596474647522,True
2196,68,0,0,0.9977001547813416,True
2197,68,1,3,0.5326996445655823,False
2198,68,9,9,0.9992076754570007,True
2199,68,8,8,0.9996953010559082,True
2200,68,0,0,0.9991115927696228,True
2201,68,0,0,0.6723305583000183,True
2202,68,8,8,0.7608048915863037,True
2203,68,2,2,0.9898315072059631,True
2204,68,9,9,0.7694705724716187,True
2205,68,3,3,0.9894315004348755,True
2206,68,5,5,0.995229959487915,True
2207,68,9,9,0.9847860932350159,True
2208,69,5,5,0.9978405237197876,True
2209,69,8,8,0.9998959302902222,True
2210,69,6,5,0.9043925404548645,False
2211,69,1,1,0.9983305335044861,True
2212,69,7,7,0.8303405046463013,True
2213,69,3,8,0.5365341305732727,False
2214,69,2,3,0.7648463845252991,False
2215,69,6,3,0.5490785241127014,False
2216,69,0,9,0.7457592487335205,False
2217,69,6,3,0.807502269744873,False
2218,69,3,3,0.9253560304641724,True
2219,69,3,3,0.5880805253982544,True
2220,69,9,9,0.9989527463912964,True
2221,69,5,5,0.9851436018943787,True
2222,69,2,2,0.9757088422775269,True
2223,69,5,5,0.9993434548377991,True
2224,69,5,5,0.9965996146202087,True
2225,69,8,8,0.9989751577377319,True
2226,69,6,2,0.852677583694458,False
2227,69,0,0,0.8213484287261963,True
2228,69,7,9,0.5517776012420654,False
2229,69,7,7,0.9951208233833313,True
2230,69,0,0,0.9982788562774658,True
2231,69,8,8,0.8509515523910522,True
2232,69,5,5,0.8266786932945251,True
2233,69,4,2,0.41205286979675293,False
2234,69,0,0,0.9870310425758362,True
2235,69,0,0,0.9767692685127258,True
2236,69,4,2,0.5844991207122803,False
2237,69,1,1,0.8304547071456909,True
2238,69,3,3,0.9621675610542297,True
2239,69,2,2,0.9804850816726685,True
2240,70,4,3,0.2524905502796173,False
2241,70,7,1,0.9766929745674133,False
2242,70,9,9,0.9970436692237854,True
2243,70,5,5,0.9878124594688416,True
2244,70,2,2,0.9030143022537231,True
2245,70,9,9,0.9984394907951355,True
2246,70,4,3,0.37270388007164,False
2247,70,8,8,0.99985671043396,True
2248,70,5,5,0.9950655102729797,True
2249,70,8,8,0.9993847608566284,True
2250,70,1,1,0.9401751160621643,True
2251,70,7,9,0.7671063542366028,False
2252,70,7,1,0.9540485143661499,False
2253,70,0,8,0.6595726609230042,False
2254,70,8,8,0.9959685802459717,True
2255,70,7,1,0.850409209728241,False
2256,70,1,1,0.9346678853034973,True
2257,70,4,9,0.5747755169868469,False
2258,70,7,1,0.9131230115890503,False
2259,70,0,0,0.9693307876586914,True
2260,70,5,5,0.9915016889572144,True
2261,70,5,5,0.9739087224006653,True
2262,70,5,5,0.9503687024116516,True
2263,70,2,2,0.9895674586296082,True
2264,70,0,0,0.8731772899627686,True
2265,70,8,8,0.9998294115066528,True
2266,70,7,7,0.9998440742492676,True
2267,70,5,5,0.9936916828155518,True
2268,70,7,7,0.9425987005233765,True
2269,70,4,3,0.9839184284210205,False
2270,70,9,9,0.892337441444397,True
2271,70,0,0,0.976387083530426,True
2272,71,0,3,0.4379422664642334,False
2273,71,3,2,0.9108661413192749,False
2274,71,7,7,0.7971302270889282,True
2275,71,1,1,0.9880061745643616,True
2276,71,6,5,0.3920130133628845,False
2277,71,9,9,0.9991938471794128,True
2278,71,5,5,0.9983034133911133,True
2279,71,5,5,0.572096049785614,True
2280,71,1,1,0.9997456669807434,True
2281,71,3,3,0.9959056377410889,True
2282,71,0,0,0.9988732933998108,True
2283,71,2,2,0.9187877178192139,True
2284,71,4,2,0.7237447500228882,False
2285,71,2,2,0.4427040219306946,True
2286,71,1,1,0.9970139265060425,True
2287,71,6,5,0.351033091545105,False
2288,71,4,9,0.7302065491676331,False
2289,71,0,0,0.9974272847175598,True
2290,71,9,9,0.9981001019477844,True
2291,71,7,7,0.9332776069641113,True
2292,71,9,9,0.9974562525749207,True
2293,71,8,8,0.9954878687858582,True
2294,71,4,4,0.620173454284668,True
2295,71,4,3,0.996768593788147,False
2296,71,5,5,0.8004612326622009,True
2297,71,0,0,0.9956812858581543,True
2298,71,1,1,0.9543349742889404,True
2299,71,7,1,0.7333938479423523,False
2300,71,9,9,0.9997225403785706,True
2301,71,3,3,0.92548006772995,True
2302,71,7,7,0.5781445503234863,True
2303,71,0,0,0.9986697435379028,True
2304,72,7,7,0.6584228277206421,True
2305,72,0,8,0.590595543384552,False
2306,72,0,0,0.9890174865722656,True
2307,72,6,2,0.9941179752349854,False
2308,72,3,3,0.7558175921440125,True
2309,72,6,0,0.8684224486351013,False
2310,72,7,7,0.4499828815460205,True
2311,72,7,7,0.9987236857414246,True
2312,72,3,3,0.9886548519134521,True
2313,72,6,2,0.4791366755962372,False
2314,72,0,0,0.9866790175437927,True
2315,72,5,5,0.8297120332717896,True
2316,72,7,7,0.5340495705604553,True
2317,72,1,1,0.9895142316818237,True
2318,72,8,8,0.9949502944946289,True
2319,72,0,0,0.6332294940948486,True
2320,72,0,0,0.963701605796814,True
2321,72,5,5,0.9948411583900452,True
2322,72,2,3,0.6799381375312805,False
2323,72,8,8,0.9858782291412354,True
2324,72,3,3,0.986627995967865,True
2325,72,4,4,0.7386347055435181,True
2326,72,1,1,0.5383474230766296,True
2327,72,9,9,0.9983819723129272,True
2328,72,8,8,0.9999637603759766,True
2329,72,3,8,0.4817483425140381,False
2330,72,8,8,0.9994094371795654,True
2331,72,9,9,0.955140233039856,True
2332,72,4,4,0.9491790533065796,True
2333,72,2,2,0.9811345338821411,True
2334,72,8,8,0.99991774559021,True
2335,72,6,4,0.9679422974586487,False
2336,73,1,1,0.7586294412612915,True
2337,73,6,5,0.3832426071166992,False
2338,73,9,9,0.9872846007347107,True
2339,73,0,0,0.9588248133659363,True
2340,73,5,5,0.9942171573638916,True
2341,73,8,8,0.9977704286575317,True
2342,73,2,2,0.43551337718963623,True
2343,73,3,9,0.4381333887577057,False
2344,73,8,8,0.9998482465744019,True
2345,73,9,9,0.9999673366546631,True
2346,73,0,0,0.9977129697799683,True
2347,73,1,1,0.9370105862617493,True
2348,73,1,1,0.9937490224838257,True
2349,73,1,1,0.826164722442627,True
2350,73,1,1,0.9262889623641968,True
2351,73,7,7,0.47338929772377014,True
2352,73,8,8,0.9997346997261047,True
2353,73,1,1,0.9961638450622559,True
2354,73,6,9,0.9120209217071533,False
2355,73,9,9,0.999873161315918,True
2356,73,2,2,0.9956768155097961,True
2357,73,1,1,0.9956455826759338,True
2358,73,0,0,0.9901947379112244,True
2359,73,9,9,0.999998927116394,True
2360,73,2,2,0.9614134430885315,True
2361,73,4,3,0.8667885661125183,False
2362,73,7,1,0.6174125671386719,False
2363,73,2,2,0.9884534478187561,True
2364,73,8,8,0.9976296424865723,True
2365,73,9,9,0.9999991655349731,True
2366,73,4,2,0.8508346080780029,False
2367,73,9,2,0.8802316784858704,False
2368,74,5,5,0.9960604310035706,True
2369,74,0,3,0.30812570452690125,False
2370,74,6,5,0.9415988326072693,False
2371,74,2,2,0.8025864362716675,True
2372,74,6,6,0.7872979044914246,True
2373,74,9,9,1.0,True
2374,74,5,5,0.9937322735786438,True
2375,74,1,1,0.7648137211799622,True
2376,74,3,3,0.8487801551818848,True
2377,74,1,3,0.5896815061569214,False
2378,74,0,0,0.9922056794166565,True
2379,74,8,8,0.7039659023284912,True
2380,74,8,8,0.9997038245201111,True
2381,74,0,0,0.9458163380622864,True
2382,74,4,2,0.45794445276260376,False
2383,74,3,3,0.9965887069702148,True
2384,74,7,1,0.7691996693611145,False
2385,74,1,1,0.9814754724502563,True
2386,74,2,2,0.9994152784347534,True
2387,74,1,1,0.9971275925636292,True
2388,74,0,0,0.9843267798423767,True
2389,74,7,7,0.9359183311462402,True
2390,74,9,9,0.8836854696273804,True
2391,74,5,5,0.85260409116745,True
2392,74,4,1,0.46004313230514526,False
2393,74,5,5,0.9445528388023376,True
2394,74,1,1,0.9060797691345215,True
2395,74,5,5,0.6477267146110535,True
2396,74,7,1,0.7723811268806458,False
2397,74,9,9,0.876839816570282,True
2398,74,3,3,0.7568244934082031,True
2399,74,4,4,0.7234523296356201,True
2400,75,9,9,0.9986838698387146,True
2401,75,2,3,0.960448682308197,False
2402,75,5,5,0.9994381070137024,True
2403,75,9,9,0.9996942281723022,True
2404,75,8,8,0.9994044303894043,True
2405,75,7,7,0.7885087132453918,True
2406,75,6,6,0.5328179001808167,True
2407,75,0,0,0.9965741634368896,True
2408,75,1,1,0.9995073080062866,True
2409,75,0,0,0.993039608001709,True
2410,75,3,3,0.6347741484642029,True
2411,75,4,3,0.42993274331092834,False
2412,75,3,3,0.9316577315330505,True
2413,75,3,3,0.8664436936378479,True
2414,75,6,2,0.9637514352798462,False
2415,75,7,9,0.9520640969276428,False
2416,75,0,0,0.9977455735206604,True
2417,75,2,2,0.9784416556358337,True
2418,75,3,0,0.5308554768562317,False
2419,75,2,8,0.6280410289764404,False
2420,75,1,1,0.849891185760498,True
2421,75,3,3,0.4634734094142914,True
2422,75,8,8,0.9494690299034119,True
2423,75,3,0,0.7448391318321228,False
2424,75,9,9,0.6122122406959534,True
2425,75,0,0,0.9071841835975647,True
2426,75,1,1,0.9999039173126221,True
2427,75,5,3,0.529797375202179,False
2428,75,3,3,0.9930450320243835,True
2429,75,0,0,0.8059234619140625,True
2430,75,7,9,0.8078199028968811,False
2431,75,6,1,0.6925798058509827,False
2432,76,0,0,0.9976416826248169,True
2433,76,1,1,0.9947507977485657,True
2434,76,5,3,0.49406254291534424,False
2435,76,3,0,0.9846019744873047,False
2436,76,8,8,0.9999502897262573,True
2437,76,5,5,0.9976837635040283,True
2438,76,4,8,0.46299564838409424,False
2439,76,4,4,0.9679372906684875,True
2440,76,8,8,0.9999927282333374,True
2441,76,7,7,0.810100793838501,True
2442,76,8,8,0.9996139407157898,True
2443,76,3,3,0.9657567143440247,True
2444,76,9,9,0.9996803998947144,True
2445,76,9,9,0.9985429048538208,True
2446,76,0,0,0.9933090209960938,True
2447,76,4,3,0.9567694067955017,False
2448,76,2,2,0.9854772686958313,True
2449,76,7,7,0.5177065134048462,True
2450,76,9,9,0.9996199607849121,True
2451,76,7,7,0.924062192440033,True
2452,76,3,3,0.9818630814552307,True
2453,76,8,8,0.9988619089126587,True
2454,76,2,2,0.9981587529182434,True
2455,76,9,9,0.9947875738143921,True
2456,76,4,3,0.8552350401878357,False
2457,76,0,0,0.9924805164337158,True
2458,76,0,0,0.9893445372581482,True
2459,76,1,1,0.976516842842102,True
2460,76,6,2,0.5509510636329651,False
2461,76,1,1,0.9910298585891724,True
2462,76,6,2,0.5030114650726318,False
2463,76,9,9,0.9868437647819519,True
2464,77,0,0,0.9968944787979126,True
2465,77,0,0,0.9907065033912659,True
2466,77,9,9,0.9999898672103882,True
2467,77,7,7,0.48990705609321594,True
2468,77,4,4,0.8081889152526855,True
2469,77,3,3,0.8735067248344421,True
2470,77,3,8,0.6179854869842529,False
2471,77,5,5,0.6654067635536194,True
2472,77,2,1,0.9312865138053894,False
2473,77,0,0,0.9997021555900574,True
2474,77,9,9,0.9997366070747375,True
2475,77,8,8,0.9999123811721802,True
2476,77,8,8,0.9588323831558228,True
2477,77,1,1,0.8087792992591858,True
2478,77,0,0,0.9867820143699646,True
2479,77,4,4,0.4770529568195343,True
2480,77,8,8,0.999470055103302,True
2481,77,4,9,0.26435965299606323,False
2482,77,6,0,0.6468760371208191,False
2483,77,5,5,0.9258681535720825,True
2484,77,1,1,0.6952766180038452,True
2485,77,8,8,0.999782145023346,True
2486,77,1,8,0.5301393270492554,False
2487,77,4,9,0.36429154872894287,False
2488,77,0,0,0.9993009567260742,True
2489,77,3,3,0.9917531609535217,True
2490,77,9,9,0.9998453855514526,True
2491,77,6,0,0.3401171565055847,False
2492,77,6,3,0.5313785076141357,False
2493,77,4,3,0.955779492855072,False
2494,77,1,1,0.8987340927124023,True
2495,77,9,9,0.9015769958496094,True
2496,78,8,8,0.9887067079544067,True
2497,78,9,9,1.0,True
2498,78,8,8,0.9928324222564697,True
2499,78,3,3,0.9500626921653748,True
2500,78,2,2,0.9745203852653503,True
2501,78,4,3,0.9441246390342712,False
2502,78,8,8,0.9997219443321228,True
2503,78,7,9,0.7768034934997559,False
2504,78,5,5,0.9990124702453613,True
2505,78,7,9,0.511772096157074,False
2506,78,4,4,0.7676520347595215,True
2507,78,7,7,0.9991335272789001,True
2508,78,0,8,0.6604419350624084,False
2509,78,2,2,0.8247178196907043,True
2510,78,8,8,0.9997768998146057,True
2511,78,5,5,0.9974144697189331,True
2512,78,5,5,0.9788638949394226,True
2513,78,3,3,0.9035694599151611,True
2514,78,8,8,0.9994457364082336,True
2515,78,7,1,0.6204301118850708,False
2516,78,4,2,0.9183339476585388,False
2517,78,2,2,0.9980078339576721,True
2518,78,1,1,0.9805094003677368,True
2519,78,3,3,0.995185911655426,True
2520,78,9,9,0.9966872334480286,True
2521,78,1,3,0.9747732281684875,False
2522,78,7,1,0.9633510112762451,False
2523,78,9,9,0.9999722242355347,True
2524,78,2,2,0.859869658946991,True
2525,78,6,2,0.9381837844848633,False
2526,78,0,0,0.9779988527297974,True
2527,78,0,0,0.8535945415496826,True
2528,79,5,5,0.9865748286247253,True
2529,79,7,7,0.9153005480766296,True
2530,79,6,3,0.7677318453788757,False
2531,79,2,2,0.8091276288032532,True
2532,79,4,3,0.7550929188728333,False
2533,79,7,7,0.7084019184112549,True
2534,79,7,9,0.5212649703025818,False
2535,79,4,4,0.8798406720161438,True
2536,79,1,2,0.7296120524406433,False
2537,79,7,0,0.3081432282924652,False
2538,79,3,3,0.9324542284011841,True
2539,79,3,1,0.6951698660850525,False
2540,79,6,6,0.3739735186100006,True
2541,79,9,9,0.974085807800293,True
2542,79,4,3,0.46264180541038513,False
2543,79,5,5,0.9989105463027954,True
2544,79,8,8,0.999935507774353,True
2545,79,6,1,0.3202117681503296,False
2546,79,9,9,0.997470498085022,True
2547,79,7,7,0.8833150267601013,True
2548,79,3,3,0.9948491454124451,True
2549,79,6,2,0.6151437759399414,False
2550,79,7,7,0.7967692613601685,True
2551,79,8,8,0.9999943971633911,True
2552,79,9,9,0.9999845027923584,True
2553,79,2,3,0.8877729177474976,False
2554,79,2,2,0.9972755312919617,True
2555,79,7,7,0.8448048233985901,True
2556,79,1,1,0.9184579253196716,True
2557,79,7,2,0.3282865583896637,False
2558,79,0,3,0.9683856964111328,False
2559,79,0,0,0.8646929860115051,True
2560,80,8,8,0.999971866607666,True
2561,80,6,6,0.33035656809806824,True
2562,80,0,0,0.7662687301635742,True
2563,80,6,3,0.9741086959838867,False
2564,80,1,1,0.7799521088600159,True
2565,80,3,3,0.8299928903579712,True
2566,80,8,8,0.9689390063285828,True
2567,80,3,3,0.5469436049461365,True
2568,80,9,9,0.9992747902870178,True
2569,80,9,2,0.7045383453369141,False
2570,80,9,9,0.9296290278434753,True
2571,80,9,9,0.9871107339859009,True
2572,80,1,1,0.5720196962356567,True
2573,80,6,3,0.8006913661956787,False
2574,80,4,2,0.4467126727104187,False
2575,80,0,8,0.629532516002655,False
2576,80,4,4,0.39016735553741455,True
2577,80,3,3,0.9851808547973633,True
2578,80,8,8,0.9964619278907776,True
2579,80,7,1,0.9916737675666809,False
2580,80,9,9,0.9982348680496216,True
2581,80,4,3,0.8100554943084717,False
2582,80,7,7,0.9183069467544556,True
2583,80,8,8,0.9972113966941833,True
2584,80,9,9,0.9999676942825317,True
2585,80,8,8,0.999854564666748,True
2586,80,4,2,0.7096334099769592,False
2587,80,8,8,0.9998801946640015,True
2588,80,2,2,0.9952582716941833,True
2589,80,2,7,0.6887774467468262,False
2590,80,3,3,0.9079492688179016,True
2591,80,3,3,0.9989244341850281,True
2592,81,7,7,0.5792291760444641,True
2593,81,1,1,0.9996994733810425,True
2594,81,4,9,0.35919952392578125,False
2595,81,2,2,0.9937067627906799,True
2596,81,6,0,0.4221568703651428,False
2597,81,0,0,0.9566461443901062,True
2598,81,4,4,0.7334596514701843,True
2599,81,1,1,0.8944311738014221,True
2600,81,6,6,0.9081625938415527,True
2601,81,7,1,0.5345339179039001,False
2602,81,4,3,0.6170807480812073,False
2603,81,1,1,0.978264331817627,True
2604,81,9,9,0.99897301197052,True
2605,81,0,0,0.9984866380691528,True
2606,81,6,3,0.9109468460083008,False
2607,81,3,3,0.9970494508743286,True
2608,81,9,9,0.9997676014900208,True
2609,81,6,5,0.7279207110404968,False
2610,81,7,7,0.7112727761268616,True
2611,81,6,2,0.8383369445800781,False
2612,81,3,8,0.3675701916217804,False
2613,81,7,1,0.5380430221557617,False
2614,81,6,3,0.8247300982475281,False
2615,81,7,1,0.814591109752655,False
2616,81,0,0,0.995796799659729,True
2617,81,9,9,0.9998871088027954,True
2618,81,5,2,0.6458157300949097,False
2619,81,1,1,0.8247336745262146,True
2620,81,2,2,0.9697451591491699,True
2621,81,4,3,0.9520840644836426,False
2622,81,5,5,0.9992839694023132,True
2623,81,6,5,0.5934747457504272,False
2624,82,9,9,0.9951948523521423,True
2625,82,4,3,0.9777345061302185,False
2626,82,9,9,0.5912156105041504,True
2627,82,9,9,0.9999840259552002,True
2628,82,9,9,0.9966822266578674,True
2629,82,8,8,0.9924060702323914,True
2630,82,7,7,0.36801522970199585,True
2631,82,3,2,0.939704418182373,False
2632,82,1,1,0.9523276090621948,True
2633,82,2,2,0.999546229839325,True
2634,82,0,0,0.8533369898796082,True
2635,82,4,4,0.7092419266700745,True
2636,82,5,5,0.8027039766311646,True
2637,82,0,0,0.5306602120399475,True
2638,82,5,0,0.9728928208351135,False
2639,82,6,2,0.36877840757369995,False
2640,82,7,7,0.8021634221076965,True
2641,82,5,5,0.8000051379203796,True
2642,82,2,2,0.9908595681190491,True
2643,82,1,1,0.9268011450767517,True
2644,82,0,0,0.9918495416641235,True
2645,82,7,7,0.6548969745635986,True
2646,82,0,6,0.44507548213005066,False
2647,82,7,7,0.9452393651008606,True
2648,82,8,8,0.9868124127388,True
2649,82,0,0,0.9784883260726929,True
2650,82,7,7,0.9974794983863831,True
2651,82,9,9,0.9994569420814514,True
2652,82,0,0,0.9890860319137573,True
2653,82,2,2,0.872794508934021,True
2654,82,3,3,0.7111306190490723,True
2655,82,0,0,0.9997099041938782,True
2656,83,4,3,0.8273300528526306,False
2657,83,0,0,0.5574843287467957,True
2658,83,3,3,0.9927334785461426,True
2659,83,4,9,0.48986300826072693,False
2660,83,1,1,0.9990184307098389,True
2661,83,7,7,0.8900234699249268,True
2662,83,7,2,0.47810912132263184,False
2663,83,1,1,0.9958588480949402,True
2664,83,4,4,0.9788885712623596,True
2665,83,8,8,0.884247899055481,True
2666,83,3,3,0.6898151636123657,True
2667,83,7,9,0.7973134517669678,False
2668,83,8,8,0.9998183846473694,True
2669,83,0,3,0.8919063210487366,False
2670,83,7,7,0.9996871948242188,True
2671,83,4,3,0.4689314663410187,False
2672,83,1,1,0.9882112145423889,True
2673,83,3,3,0.9021112322807312,True
2674,83,9,9,0.9996970891952515,True
2675,83,2,2,0.9418814182281494,True
2676,83,0,0,0.9127196073532104,True
2677,83,0,0,0.9993153810501099,True
2678,83,4,3,0.9673271775245667,False
2679,83,6,8,0.5576227307319641,False
2680,83,8,8,0.9963396787643433,True
2681,83,2,2,0.9445868134498596,True
2682,83,1,2,0.8921858668327332,False
2683,83,1,1,0.9512709975242615,True
2684,83,6,2,0.9827606678009033,False
2685,83,8,8,0.999876856803894,True
2686,83,9,9,0.9999878406524658,True
2687,83,0,3,0.7140926718711853,False
2688,84,9,9,0.9998277425765991,True
2689,84,0,0,0.9430755376815796,True
2690,84,5,3,0.9672332406044006,False
2691,84,2,2,0.663392186164856,True
2692,84,7,7,0.9920935034751892,True
2693,84,2,2,0.974932074546814,True
2694,84,3,3,0.8628770112991333,True
2695,84,2,2,0.9587600827217102,True
2696,84,0,5,0.5354669690132141,False
2697,84,9,9,0.999998927116394,True
2698,84,1,1,0.9570837020874023,True
2699,84,2,2,0.9138398766517639,True
2700,84,0,0,0.9871053695678711,True
2701,84,5,3,0.9912676215171814,False
2702,84,9,9,0.9989921450614929,True
2703,84,6,6,0.6732913851737976,True
2704,84,0,0,0.9467704892158508,True
2705,84,9,9,0.9999947547912598,True
2706,84,6,7,0.41283875703811646,False
2707,84,4,2,0.8466899991035461,False
2708,84,3,3,0.9199714660644531,True
2709,84,8,8,0.9963990449905396,True
2710,84,9,9,0.9836186766624451,True
2711,84,1,1,0.9986893534660339,True
2712,84,5,5,0.9913073182106018,True
2713,84,3,3,0.9151758551597595,True
2714,84,8,8,0.5702393651008606,True
2715,84,4,2,0.9057392477989197,False
2716,84,1,1,0.9907928109169006,True
2717,84,6,4,0.3849124312400818,False
2718,84,1,1,0.9860351085662842,True
2719,84,7,1,0.925273597240448,False
2720,85,1,1,0.9630216360092163,True
2721,85,6,3,0.6850359439849854,False
2722,85,8,8,0.9993163347244263,True
2723,85,5,5,0.6240004897117615,True
2724,85,2,2,0.9911754131317139,True
2725,85,8,8,0.9933640956878662,True
2726,85,0,0,0.9896977543830872,True
2727,85,6,6,0.6578958630561829,True
2728,85,2,2,0.9325301051139832,True
2729,85,7,7,0.984370231628418,True
2730,85,4,4,0.6858652234077454,True
2731,85,5,5,0.9969094395637512,True
2732,85,7,7,0.6662601232528687,True
2733,85,3,4,0.44431427121162415,False
2734,85,1,2,0.7471052408218384,False
2735,85,1,1,0.9745525121688843,True
2736,85,1,1,0.9604029655456543,True
2737,85,5,3,0.6529653668403625,False
2738,85,7,1,0.5354642868041992,False
2739,85,0,0,0.9718992114067078,True
2740,85,3,3,0.9900407195091248,True
2741,85,9,9,0.9999984502792358,True
2742,85,1,1,0.9712998867034912,True
2743,85,2,2,0.9909414649009705,True
2744,85,8,8,0.9998893737792969,True
2745,85,7,9,0.637229859828949,False
2746,85,4,4,0.7099484801292419,True
2747,85,7,9,0.7124863862991333,False
2748,85,2,2,0.888460636138916,True
2749,85,4,4,0.6966575980186462,True
2750,85,9,9,0.9958447813987732,True
2751,85,8,8,0.9980985522270203,True
2752,86,9,9,0.9985703229904175,True
2753,86,8,8,0.992087185382843,True
2754,86,1,1,0.8127139806747437,True
2755,86,6,2,0.8220644593238831,False
2756,86,8,8,0.9993854761123657,True
2757,86,9,9,0.9812337756156921,True
2758,86,1,1,0.8591882586479187,True
2759,86,0,0,0.9914205074310303,True
2760,86,8,8,0.992119550704956,True
2761,86,6,3,0.5628121495246887,False
2762,86,6,2,0.817625105381012,False
2763,86,0,0,0.9991863369941711,True
2764,86,3,2,0.5498095154762268,False
2765,86,2,2,0.6008967757225037,True
2766,86,1,1,0.9399019479751587,True
2767,86,1,1,0.9942249655723572,True
2768,86,9,9,0.9912448525428772,True
2769,86,8,8,0.9999878406524658,True
2770,86,5,5,0.9925556778907776,True
2771,86,4,9,0.48397746682167053,False
2772,86,9,9,0.951942503452301,True
2773,86,0,0,0.9872776865959167,True
2774,86,2,2,0.4083857238292694,True
2775,86,7,1,0.47102755308151245,False
2776,86,6,0,0.5676408410072327,False
2777,86,5,5,0.8468100428581238,True
2778,86,9,9,0.9988025426864624,True
2779,86,7,7,0.936896026134491,True
2780,86,7,7,0.9998093247413635,True
2781,86,8,8,0.999086856842041,True
2782,86,5,9,0.3825305700302124,False
2783,86,0,0,0.8628811836242676,True
2784,87,7,1,0.7351513504981995,False
2785,87,0,0,0.5876588821411133,True
2786,87,0,0,0.9993452429771423,True
2787,87,9,9,0.880660355091095,True
2788,87,7,7,0.9996727705001831,True
2789,87,5,5,0.9949328303337097,True
2790,87,0,0,0.9642613530158997,True
2791,87,3,3,0.7182343006134033,True
2792,87,9,9,0.9996752738952637,True
2793,87,7,1,0.7588969469070435,False
2794,87,1,1,0.6681512594223022,True
2795,87,9,9,0.9999996423721313,True
2796,87,4,3,0.5022770762443542,False
2797,87,2,2,0.9995033740997314,True
2798,87,3,3,0.6817954182624817,True
2799,87,7,7,0.36022236943244934,True
2800,87,1,1,0.8402233719825745,True
2801,87,1,1,0.9085754156112671,True
2802,87,2,2,0.9928697943687439,True
2803,87,1,1,0.925209105014801,True
2804,87,2,2,0.9931909441947937,True
2805,87,8,8,0.9994171857833862,True
2806,87,1,1,0.990978479385376,True
2807,87,3,3,0.6189029216766357,True
2808,87,2,2,0.7328007817268372,True
2809,87,4,3,0.4498513340950012,False
2810,87,1,1,0.9965929388999939,True
2811,87,2,2,0.9158087968826294,True
2812,87,4,3,0.8795332312583923,False
2813,87,2,2,0.9966128468513489,True
2814,87,1,2,0.8241366744041443,False
2815,87,7,7,0.9887789487838745,True
2816,88,9,9,0.9990816116333008,True
2817,88,0,0,0.9820688366889954,True
2818,88,1,1,0.6601713299751282,True
2819,88,4,4,0.43042346835136414,True
2820,88,0,0,0.9898507595062256,True
2821,88,9,9,0.9999946355819702,True
2822,88,4,4,0.6975184679031372,True
2823,88,5,5,0.9903113842010498,True
2824,88,3,2,0.615145742893219,False
2825,88,2,2,0.9591012001037598,True
2826,88,9,9,0.9999806880950928,True
2827,88,2,1,0.4776666462421417,False
2828,88,2,2,0.9972332119941711,True
2829,88,5,5,0.995271623134613,True
2830,88,5,5,0.996039867401123,True
2831,88,4,7,0.5498961210250854,False
2832,88,9,9,0.999183714389801,True
2833,88,2,2,0.7314149141311646,True
2834,88,0,0,0.5888116955757141,True
2835,88,4,3,0.6730431914329529,False
2836,88,5,5,0.9988871216773987,True
2837,88,1,1,0.9878109097480774,True
2838,88,5,5,0.9484111070632935,True
2839,88,0,0,0.7394537925720215,True
2840,88,1,1,0.9911236763000488,True
2841,88,0,0,0.9840822219848633,True
2842,88,3,8,0.8007360696792603,False
2843,88,3,3,0.9781067967414856,True
2844,88,5,5,0.9837850332260132,True
2845,88,1,1,0.9964587092399597,True
2846,88,3,3,0.992323637008667,True
2847,88,5,3,0.4255710542201996,False
2848,89,1,1,0.899976909160614,True
2849,89,2,2,0.43150201439857483,True
2850,89,6,2,0.8248714208602905,False
2851,89,8,8,0.9999830722808838,True
2852,89,2,2,0.94049072265625,True
2853,89,4,3,0.9587543606758118,False
2854,89,7,7,0.9923761487007141,True
2855,89,6,4,0.7545162439346313,False
2856,89,8,8,0.9998599290847778,True
2857,89,9,9,0.9998016953468323,True
2858,89,6,4,0.6030702590942383,False
2859,89,3,3,0.8470878005027771,True
2860,89,8,8,0.9973944425582886,True
2861,89,2,2,0.9426499605178833,True
2862,89,3,2,0.9068650603294373,False
2863,89,5,5,0.5973749756813049,True
2864,89,6,2,0.9993287324905396,False
2865,89,5,5,0.9984003901481628,True
2866,89,9,9,0.9981562495231628,True
2867,89,4,4,0.33812573552131653,True
2868,89,2,2,0.8071044087409973,True
2869,89,4,4,0.5894020795822144,True
2870,89,9,9,0.9986087679862976,True
2871,89,8,8,0.8837543725967407,True
2872,89,6,0,0.9723811745643616,False
2873,89,0,0,0.9967108964920044,True
2874,89,9,9,0.999320387840271,True
2875,89,8,8,0.9997184872627258,True
2876,89,1,5,0.9068711400032043,False
2877,89,7,1,0.9348414540290833,False
2878,89,9,2,0.7708083391189575,False
2879,89,3,3,0.9953226447105408,True
2880,90,0,0,0.49412307143211365,True
2881,90,6,5,0.2828715443611145,False
2882,90,7,7,0.6307763457298279,True
2883,90,2,1,0.7337778210639954,False
2884,90,9,9,0.999660849571228,True
2885,90,9,9,0.976296067237854,True
2886,90,2,3,0.5382132530212402,False
2887,90,3,0,0.6989251375198364,False
2888,90,2,2,0.9875596165657043,True
2889,90,2,2,0.9256439805030823,True
2890,90,6,6,0.9848120212554932,True
2891,90,9,9,0.9999340772628784,True
2892,90,3,8,0.4743068516254425,False
2893,90,8,8,0.861473798751831,True
2894,90,9,9,0.9994725584983826,True
2895,90,3,3,0.9790431261062622,True
2896,90,2,8,0.5597906708717346,False
2897,90,0,0,0.9418060183525085,True
2898,90,5,5,0.9999270439147949,True
2899,90,5,5,0.9998235106468201,True
2900,90,8,8,0.5809898972511292,True
2901,90,8,8,0.983460009098053,True
2902,90,4,3,0.8518929481506348,False
2903,90,1,2,0.8165982961654663,False
2904,90,8,8,0.9797660708427429,True
2905,90,5,5,0.9080896377563477,True
2906,90,8,8,0.9848021864891052,True
2907,90,0,0,0.9740827679634094,True
2908,90,7,1,0.9637176394462585,False
2909,90,1,2,0.9918398857116699,False
2910,90,1,3,0.4709584414958954,False
2911,90,4,4,0.9576281309127808,True
2912,91,7,1,0.540663480758667,False
2913,91,2,2,0.9893562197685242,True
2914,91,1,1,0.9991106390953064,True
2915,91,4,3,0.9390829205513,False
2916,91,2,2,0.9991614818572998,True
2917,91,4,3,0.9400649070739746,False
2918,91,2,2,0.5645408630371094,True
2919,91,5,5,0.9974080920219421,True
2920,91,3,3,0.40320342779159546,True
2921,91,1,1,0.9672915935516357,True
2922,91,5,5,0.9192004799842834,True
2923,91,6,3,0.7524408102035522,False
2924,91,8,8,0.986474335193634,True
2925,91,5,5,0.9078090786933899,True
2926,91,6,2,0.9931665062904358,False
2927,91,9,9,0.9997822642326355,True
2928,91,8,8,0.9997552037239075,True
2929,91,2,1,0.9637856483459473,False
2930,91,1,1,0.6863024234771729,True
2931,91,6,2,0.422563761472702,False
2932,91,2,2,0.9799211621284485,True
2933,91,5,5,0.9899064898490906,True
2934,91,9,9,0.9989089965820312,True
2935,91,9,9,0.9999417066574097,True
2936,91,3,3,0.8297303915023804,True
2937,91,7,7,0.6806804537773132,True
2938,91,3,3,0.9615265727043152,True
2939,91,7,1,0.49023178219795227,False
2940,91,5,3,0.6177582740783691,False
2941,91,2,2,0.9934053421020508,True
2942,91,1,1,0.986236035823822,True
2943,91,0,0,0.9989847540855408,True
2944,92,8,3,0.6428213119506836,False
2945,92,4,4,0.9748361110687256,True
2946,92,4,3,0.9005616307258606,False
2947,92,4,3,0.9200574159622192,False
2948,92,7,9,0.4521927535533905,False
2949,92,3,2,0.7279812097549438,False
2950,92,1,1,0.9388784170150757,True
2951,92,9,9,0.9972665309906006,True
2952,92,4,3,0.2170843482017517,False
2953,92,0,0,0.8518878817558289,True
2954,92,9,9,0.9992081522941589,True
2955,92,1,1,0.9283758401870728,True
2956,92,6,2,0.7063354253768921,False
2957,92,6,0,0.9337126612663269,False
2958,92,7,2,0.8899401426315308,False
2959,92,1,1,0.9338788390159607,True
2960,92,0,2,0.42243170738220215,False
2961,92,9,9,0.9997180104255676,True
2962,92,4,3,0.4594027101993561,False
2963,92,5,5,0.9828354716300964,True
2964,92,7,7,0.6427556872367859,True
2965,92,0,0,0.8276270627975464,True
2966,92,9,9,0.9998658895492554,True
2967,92,6,3,0.9168785214424133,False
2968,92,9,9,0.9940453767776489,True
2969,92,2,2,0.9990870952606201,True
2970,92,1,8,0.5545563697814941,False
2971,92,2,2,0.9881894588470459,True
2972,92,0,0,0.9446516036987305,True
2973,92,0,0,0.9876014590263367,True
2974,92,0,0,0.9659923315048218,True
2975,92,9,9,0.9999765157699585,True
2976,93,1,1,0.9978910088539124,True
2977,93,9,9,0.9977371692657471,True
2978,93,0,0,0.9987329840660095,True
2979,93,2,2,0.9914742708206177,True
2980,93,0,5,0.7482564449310303,False
2981,93,2,2,0.9996801614761353,True
2982,93,3,3,0.9892926216125488,True
2983,93,0,0,0.992906928062439,True
2984,93,6,5,0.8673686981201172,False
2985,93,1,1,0.9850039482116699,True
2986,93,4,3,0.9232539534568787,False
2987,93,7,7,0.849144458770752,True
2988,93,4,2,0.971126914024353,False
2989,93,3,3,0.445345014333725,True
2990,93,7,7,0.4760240912437439,True
2991,93,0,0,0.6273350119590759,True
2992,93,3,3,0.8665924668312073,True
2993,93,4,3,0.9330441355705261,False
2994,93,0,0,0.9993727803230286,True
2995,93,6,2,0.9710058569908142,False
2996,93,0,0,0.7715113759040833,True
2997,93,0,0,0.9967139959335327,True
2998,93,3,3,0.9710838794708252,True
2999,93,9,9,0.9950540065765381,True
3000,93,5,5,0.9997695088386536,True
3001,93,0,0,0.990180253982544,True
3002,93,6,3,0.7994599938392639,False
3003,93,3,3,0.9834111332893372,True
3004,93,2,2,0.9562408924102783,True
3005,93,7,7,0.9824991226196289,True
3006,93,1,2,0.8971869349479675,False
3007,93,0,0,0.9926015734672546,True
3008,94,7,3,0.9248138070106506,False
3009,94,1,1,0.9311037659645081,True
3010,94,6,5,0.8329479694366455,False
3011,94,9,9,0.998777449131012,True
3012,94,5,5,0.9691118597984314,True
3013,94,1,1,0.9726415276527405,True
3014,94,5,2,0.9851500391960144,False
3015,94,9,0,0.8720971941947937,False
3016,94,7,7,0.9968876242637634,True
3017,94,1,1,0.9546631574630737,True
3018,94,8,8,0.9998469352722168,True
3019,94,8,8,0.9999092817306519,True
3020,94,9,9,0.9883499145507812,True
3021,94,9,9,0.998310923576355,True
3022,94,9,9,0.9962242841720581,True
3023,94,3,2,0.6692308783531189,False
3024,94,6,0,0.4891260266304016,False
3025,94,9,9,0.9999868869781494,True
3026,94,7,2,0.41379696130752563,False
3027,94,2,2,0.7792338132858276,True
3028,94,1,1,0.999826967716217,True
3029,94,9,9,0.9985637068748474,True
3030,94,7,1,0.7909597158432007,False
3031,94,2,2,0.9607689380645752,True
3032,94,2,3,0.7674062848091125,False
3033,94,8,8,0.9991521835327148,True
3034,94,2,2,0.7358407974243164,True
3035,94,7,3,0.6252822279930115,False
3036,94,1,1,0.9850490689277649,True
3037,94,3,3,0.7112439274787903,True
3038,94,8,8,0.9886504411697388,True
3039,94,7,7,0.5242244005203247,True
3040,95,2,2,0.9523956179618835,True
3041,95,5,5,0.9951499104499817,True
3042,95,9,9,0.9994200468063354,True
3043,95,7,9,0.7894003391265869,False
3044,95,5,5,0.9640980958938599,True
3045,95,7,7,0.8291431069374084,True
3046,95,2,2,0.9842348694801331,True
3047,95,9,9,0.9975370168685913,True
3048,95,5,3,0.9172974228858948,False
3049,95,9,9,0.9996960163116455,True
3050,95,3,8,0.5484659671783447,False
3051,95,0,3,0.7479748129844666,False
3052,95,7,1,0.6251068115234375,False
3053,95,8,8,0.9997302889823914,True
3054,95,7,1,0.7876626253128052,False
3055,95,5,5,0.4292422831058502,True
3056,95,2,3,0.6496269702911377,False
3057,95,0,0,0.9988245368003845,True
3058,95,6,2,0.8186355233192444,False
3059,95,1,1,0.9968168139457703,True
3060,95,6,6,0.8478154540061951,True
3061,95,3,3,0.9283575415611267,True
3062,95,5,5,0.9982869029045105,True
3063,95,2,2,0.6926127672195435,True
3064,95,4,4,0.8284528851509094,True
3065,95,5,5,0.9944263696670532,True
3066,95,9,9,0.9099280834197998,True
3067,95,6,0,0.5114634037017822,False
3068,95,3,3,0.6026204824447632,True
3069,95,8,8,0.9999966621398926,True
3070,95,2,2,0.9857178926467896,True
3071,95,8,8,0.9907727241516113,True
3072,96,9,9,0.9994563460350037,True
3073,96,0,0,0.9148896932601929,True
3074,96,0,0,0.99261873960495,True
3075,96,1,1,0.7757581472396851,True
3076,96,9,9,0.9320281147956848,True
3077,96,5,5,0.9013203382492065,True
3078,96,5,5,0.9938702583312988,True
3079,96,9,9,0.9998745918273926,True
3080,96,1,1,0.9402545690536499,True
3081,96,7,1,0.5491800904273987,False
3082,96,9,9,0.9998304843902588,True
3083,96,4,8,0.7489991784095764,False
3084,96,2,2,0.9895933866500854,True
3085,96,3,3,0.9897464513778687,True
3086,96,0,0,0.9953084588050842,True
3087,96,8,8,0.9971559047698975,True
3088,96,0,0,0.6961956024169922,True
3089,96,8,8,0.9988942742347717,True
3090,96,1,1,0.9902948141098022,True
3091,96,2,2,0.987838864326477,True
3092,96,4,2,0.5013896822929382,False
3093,96,4,2,0.7227402329444885,False
3094,96,1,1,0.9986724853515625,True
3095,96,5,5,0.9304906725883484,True
3096,96,9,9,1.0,True
3097,96,2,2,0.9763814806938171,True
3098,96,8,8,0.9424232244491577,True
3099,96,2,1,0.5609789490699768,False
3100,96,2,2,0.9720755815505981,True
3101,96,6,0,0.5383664965629578,False
3102,96,5,5,0.9909160733222961,True
3103,96,7,1,0.7433817982673645,False
3104,97,7,7,0.9264926314353943,True
3105,97,1,1,0.9634220004081726,True
3106,97,2,2,0.9725817441940308,True
3107,97,9,9,0.9974403381347656,True
3108,97,1,1,0.9902016520500183,True
3109,97,2,2,0.9526549577713013,True
3110,97,5,5,0.9872546792030334,True
3111,97,3,3,0.7784140706062317,True
3112,97,5,5,0.9779096841812134,True
3113,97,0,0,0.9993327260017395,True
3114,97,8,8,0.9918124675750732,True
3115,97,7,7,0.5535329580307007,True
3116,97,9,9,0.9458926320075989,True
3117,97,2,2,0.6696606278419495,True
3118,97,1,1,0.9939355254173279,True
3119,97,0,0,0.979051947593689,True
3120,97,1,1,0.9532320499420166,True
3121,97,6,3,0.9411978125572205,False
3122,97,9,9,0.9993844032287598,True
3123,97,0,0,0.9892309308052063,True
3124,97,5,5,0.9836191534996033,True
3125,97,3,3,0.5343283414840698,True
3126,97,9,9,0.9338260293006897,True
3127,97,6,0,0.9710214734077454,False
3128,97,7,1,0.918328046798706,False
3129,97,2,2,0.9995881915092468,True
3130,97,7,1,0.6850650906562805,False
3131,97,2,2,0.5421862602233887,True
3132,97,7,9,0.8081209063529968,False
3133,97,4,3,0.8178566098213196,False
3134,97,2,2,0.9902217388153076,True
3135,97,3,3,0.9673008322715759,True
3136,98,6,0,0.9109070897102356,False
3137,98,7,1,0.8954609036445618,False
3138,98,9,9,0.9999325275421143,True
3139,98,7,7,0.9777171611785889,True
3140,98,2,2,0.8594203591346741,True
3141,98,5,5,0.9817546010017395,True
3142,98,6,5,0.3511379063129425,False
3143,98,8,8,0.998969316482544,True
3144,98,3,3,0.9907212257385254,True
3145,98,0,0,0.9915388226509094,True
3146,98,9,9,0.950694739818573,True
3147,98,2,2,0.8565787076950073,True
3148,98,2,2,0.9686704874038696,True
3149,98,3,3,0.9974738955497742,True
3150,98,7,1,0.8569634556770325,False
3151,98,5,5,0.9999212026596069,True
3152,98,7,1,0.8892465829849243,False
3153,98,3,3,0.4900199770927429,True
3154,98,5,5,0.9996433258056641,True
3155,98,5,5,0.9830387830734253,True
3156,98,9,9,0.9999983310699463,True
3157,98,3,3,0.9808962345123291,True
3158,98,8,8,0.9991446733474731,True
3159,98,2,3,0.5645362734794617,False
3160,98,6,4,0.9540736675262451,False
3161,98,3,3,0.8928927779197693,True
3162,98,5,5,0.9985381364822388,True
3163,98,9,9,0.999841570854187,True
3164,98,9,9,0.999612033367157,True
3165,98,3,8,0.45467522740364075,False
3166,98,4,4,0.6092230677604675,True
3167,98,5,5,0.9855138063430786,True
3168,99,1,1,0.9637823104858398,True
3169,99,7,1,0.9189792275428772,False
3170,99,1,1,0.5348579287528992,True
3171,99,4,4,0.6658955812454224,True
3172,99,8,8,0.9985155463218689,True
3173,99,9,9,0.9899929165840149,True
3174,99,7,1,0.9200677275657654,False
3175,99,2,2,0.9325339198112488,True
3176,99,1,2,0.8714739680290222,False
3177,99,8,8,0.9904510378837585,True
3178,99,9,9,0.9567733407020569,True
3179,99,2,2,0.6138049960136414,True
3180,99,7,7,0.9417921900749207,True
3181,99,0,0,0.9979487061500549,True
3182,99,4,3,0.9431577324867249,False
3183,99,4,4,0.5835465788841248,True
3184,99,3,8,0.6400531530380249,False
3185,99,2,2,0.5318204760551453,True
3186,99,5,5,0.9495438933372498,True
3187,99,6,9,0.5579395890235901,False
3188,99,8,8,0.9994984865188599,True
3189,99,0,0,0.9951679706573486,True
3190,99,4,4,0.3695630431175232,True
3191,99,2,3,0.46204107999801636,False
3192,99,4,3,0.9193207621574402,False
3193,99,6,0,0.42689627408981323,False
3194,99,3,3,0.9963403940200806,True
3195,99,0,0,0.9403732419013977,True
3196,99,8,8,0.9997300505638123,True
3197,99,8,8,0.9861751794815063,True
3198,99,2,2,0.9963723421096802,True
3199,99,3,2,0.9923263788223267,False
3200,100,2,2,0.9978177547454834,True
3201,100,1,1,0.8939319252967834,True
3202,100,1,1,0.8534895181655884,True
3203,100,9,9,0.9999994039535522,True
3204,100,0,0,0.9801836609840393,True
3205,100,4,4,0.6483556628227234,True
3206,100,0,0,0.8141783475875854,True
3207,100,8,9,0.863070011138916,False
3208,100,3,8,0.6931211352348328,False
3209,100,5,5,0.9224335551261902,True
3210,100,1,3,0.977465033531189,False
3211,100,5,5,0.7523882985115051,True
3212,100,7,7,0.6013853549957275,True
3213,100,1,2,0.6162352561950684,False
3214,100,9,9,0.9974148273468018,True
3215,100,6,2,0.9562852382659912,False
3216,100,4,3,0.866188645362854,False
3217,100,2,2,0.6354312896728516,True
3218,100,3,3,0.9168059825897217,True
3219,100,0,0,0.6323303580284119,True
3220,100,5,5,0.989954948425293,True
3221,100,3,3,0.9319899082183838,True
3222,100,7,7,0.9211358428001404,True
3223,100,8,8,0.999910831451416,True
3224,100,2,2,0.9915050864219666,True
3225,100,3,2,0.7951353788375854,False
3226,100,9,9,0.9999208450317383,True
3227,100,7,7,0.8618412613868713,True
3228,100,5,5,0.6690020561218262,True
3229,100,7,3,0.8426892161369324,False
3230,100,3,3,0.557367205619812,True
3231,100,6,4,0.9671168327331543,False
3232,101,3,3,0.9887251257896423,True
3233,101,7,7,0.7440138459205627,True
3234,101,9,9,0.9979605674743652,True
3235,101,8,8,0.998789370059967,True
3236,101,7,9,0.4417840540409088,False
3237,101,9,9,0.9933748841285706,True
3238,101,5,0,0.6476267576217651,False
3239,101,4,3,0.9170345067977905,False
3240,101,6,6,0.4292081892490387,True
3241,101,0,0,0.9918146729469299,True
3242,101,2,2,0.943235456943512,True
3243,101,2,2,0.9376706480979919,True
3244,101,1,1,0.9936222434043884,True
3245,101,6,6,0.7954954504966736,True
3246,101,3,3,0.9900239109992981,True
3247,101,6,4,0.9819095134735107,False
3248,101,7,1,0.541496217250824,False
3249,101,2,2,0.6755220890045166,True
3250,101,4,4,0.5713851451873779,True
3251,101,6,3,0.9135250449180603,False
3252,101,7,7,0.8766628503799438,True
3253,101,7,7,0.9819105267524719,True
3254,101,8,8,0.9998366832733154,True
3255,101,7,7,0.9957776069641113,True
3256,101,4,4,0.40610164403915405,True
3257,101,9,9,0.9989452958106995,True
3258,101,9,2,0.6999655961990356,False
3259,101,4,3,0.9448909759521484,False
3260,101,7,1,0.43431317806243896,False
3261,101,0,0,0.9854132533073425,True
3262,101,3,0,0.6803997755050659,False
3263,101,1,1,0.3856343626976013,True
3264,102,2,2,0.9843230843544006,True
3265,102,6,5,0.38924646377563477,False
3266,102,0,0,0.9862253665924072,True
3267,102,1,1,0.9911565780639648,True
3268,102,2,2,0.6844960451126099,True
3269,102,9,9,0.9991733431816101,True
3270,102,6,2,0.8382956981658936,False
3271,102,0,0,0.9972346425056458,True
3272,102,9,9,0.9989511966705322,True
3273,102,7,1,0.9594653248786926,False
3274,102,8,8,0.9973547458648682,True
3275,102,9,9,0.9881954193115234,True
3276,102,6,6,0.7392683625221252,True
3277,102,8,8,0.9987679123878479,True
3278,102,6,5,0.5641375184059143,False
3279,102,8,8,0.9998522996902466,True
3280,102,6,4,0.6366418600082397,False
3281,102,5,5,0.9970893263816833,True
3282,102,4,2,0.46509453654289246,False
3283,102,9,9,0.9729877710342407,True
3284,102,1,1,0.9981437921524048,True
3285,102,2,2,0.8350523114204407,True
3286,102,7,1,0.5027338862419128,False
3287,102,8,8,0.9996997117996216,True
3288,102,0,0,0.981186032295227,True
3289,102,2,2,0.9841843843460083,True
3290,102,7,3,0.7328402400016785,False
3291,102,2,2,0.9655587077140808,True
3292,102,4,3,0.33457785844802856,False
3293,102,2,2,0.9045988321304321,True
3294,102,9,9,0.9997536540031433,True
3295,102,1,1,0.9982630610466003,True
3296,103,2,2,0.6434373259544373,True
3297,103,6,2,0.8778529167175293,False
3298,103,8,8,0.9993547797203064,True
3299,103,7,1,0.6167470216751099,False
3300,103,0,0,0.9606812596321106,True
3301,103,3,3,0.9554651975631714,True
3302,103,3,3,0.8041757941246033,True
3303,103,3,3,0.5954073071479797,True
3304,103,6,5,0.7785053253173828,False
3305,103,1,1,0.9733052849769592,True
3306,103,5,5,0.9989640712738037,True
3307,103,7,1,0.9812195897102356,False
3308,103,0,0,0.9877834916114807,True
3309,103,9,9,0.7086787223815918,True
3310,103,3,3,0.9657455682754517,True
3311,103,8,8,0.987063467502594,True
3312,103,0,0,0.8394149541854858,True
3313,103,6,3,0.4197973310947418,False
3314,103,7,7,0.9462564587593079,True
3315,103,5,5,0.9976035952568054,True
3316,103,0,0,0.9847106337547302,True
3317,103,3,3,0.9808753728866577,True
3318,103,8,8,0.9998817443847656,True
3319,103,1,1,0.9981753826141357,True
3320,103,2,2,0.7465676665306091,True
3321,103,5,3,0.9187048077583313,False
3322,103,7,9,0.721657931804657,False
3323,103,7,2,0.3070526421070099,False
3324,103,3,3,0.6607999801635742,True
3325,103,3,8,0.6901410818099976,False
3326,103,0,0,0.9673022031784058,True
3327,103,3,9,0.3555358052253723,False
3328,104,7,7,0.4878939092159271,True
3329,104,9,2,0.5778329372406006,False
3330,104,7,9,0.3841523230075836,False
3331,104,8,8,0.9987969398498535,True
3332,104,2,2,0.9908406734466553,True
3333,104,8,8,0.9999920129776001,True
3334,104,4,3,0.46790990233421326,False
3335,104,5,5,0.8646332025527954,True
3336,104,3,3,0.9943559765815735,True
3337,104,8,8,0.9936233162879944,True
3338,104,5,5,0.9894694089889526,True
3339,104,0,0,0.9809935092926025,True
3340,104,0,0,0.579680860042572,True
3341,104,0,0,0.9989615678787231,True
3342,104,2,5,0.474540114402771,False
3343,104,7,1,0.617027997970581,False
3344,104,9,9,0.9974647760391235,True
3345,104,2,2,0.9736560583114624,True
3346,104,4,9,0.8704136610031128,False
3347,104,6,0,0.7476909756660461,False
3348,104,8,8,0.9960171580314636,True
3349,104,6,8,0.3704507052898407,False
3350,104,0,0,0.9986732006072998,True
3351,104,5,3,0.6140612959861755,False
3352,104,3,3,0.844218373298645,True
3353,104,5,2,0.7128026485443115,False
3354,104,9,9,0.9999016523361206,True
3355,104,9,9,0.9999945163726807,True
3356,104,7,1,0.6932440996170044,False
3357,104,3,3,0.9142075181007385,True
3358,104,8,8,0.9967718720436096,True
3359,104,0,0,0.7094576358795166,True
3360,105,7,7,0.5097542405128479,True
3361,105,8,8,0.9996185302734375,True
3362,105,1,1,0.9987021684646606,True
3363,105,1,1,0.7058905363082886,True
3364,105,9,9,0.9063622951507568,True
3365,105,2,2,0.9774766564369202,True
3366,105,9,9,0.9925304055213928,True
3367,105,7,9,0.724976658821106,False
3368,105,5,5,0.8843376636505127,True
3369,105,4,9,0.3794938623905182,False
3370,105,2,2,0.7572816014289856,True
3371,105,9,9,0.9996961355209351,True
3372,105,1,1,0.9811135530471802,True
3373,105,0,0,0.9972585439682007,True
3374,105,6,3,0.9739605188369751,False
3375,105,0,0,0.998824417591095,True
3376,105,0,0,0.9989755153656006,True
3377,105,1,1,0.8901579976081848,True
3378,105,1,1,0.9852737784385681,True
3379,105,3,3,0.9125002026557922,True
3380,105,5,5,0.9857742786407471,True
3381,105,1,1,0.9074895977973938,True
3382,105,6,2,0.98223477602005,False
3383,105,7,9,0.8701979517936707,False
3384,105,5,5,0.9990253448486328,True
3385,105,5,5,0.9443246722221375,True
3386,105,5,5,0.4419609606266022,True
3387,105,2,2,0.9907407760620117,True
3388,105,3,2,0.7878619432449341,False
3389,105,2,2,0.9314634203910828,True
3390,105,6,6,0.7630998492240906,True
3391,105,4,4,0.3409319519996643,True
3392,106,1,1,0.966970682144165,True
3393,106,2,3,0.9540150165557861,False
3394,106,9,2,0.9524421095848083,False
3395,106,8,8,0.9997203946113586,True
3396,106,4,4,0.8138135671615601,True
3397,106,9,9,0.9995161294937134,True
3398,106,5,5,0.987109899520874,True
3399,106,5,5,0.725483775138855,True
3400,106,0,0,0.8033408522605896,True
3401,106,3,3,0.9422568082809448,True
3402,106,6,2,0.9342087507247925,False
3403,106,0,0,0.9536890387535095,True
3404,106,7,7,0.9833778142929077,True
3405,106,7,1,0.8141871690750122,False
3406,106,0,0,0.9987232089042664,True
3407,106,3,3,0.9186171889305115,True
3408,106,4,4,0.8297168016433716,True
3409,106,8,8,0.4233289957046509,True
3410,106,1,1,0.9908583760261536,True
3411,106,0,0,0.9988179802894592,True
3412,106,3,3,0.9522912502288818,True
3413,106,7,1,0.775123119354248,False
3414,106,4,4,0.7784339189529419,True
3415,106,5,5,0.7463610172271729,True
3416,106,3,3,0.9859306812286377,True
3417,106,5,5,0.99964439868927,True
3418,106,7,1,0.7861120700836182,False
3419,106,6,3,0.5670421123504639,False
3420,106,2,2,0.9824262857437134,True
3421,106,9,9,0.9953290224075317,True
3422,106,0,0,0.9621681571006775,True
3423,106,0,0,0.5107441544532776,True
3424,107,6,3,0.980320930480957,False
3425,107,3,1,0.6308472752571106,False
3426,107,7,1,0.5573794841766357,False
3427,107,9,9,0.7983357310295105,True
3428,107,2,2,0.9771241545677185,True
3429,107,1,1,0.9908283948898315,True
3430,107,0,0,0.8648852109909058,True
3431,107,4,1,0.5379453301429749,False
3432,107,6,2,0.8821401596069336,False
3433,107,5,5,0.6626509428024292,True
3434,107,9,9,0.9992713332176208,True
3435,107,1,1,0.9781865477561951,True
3436,107,6,1,0.9130749106407166,False
3437,107,0,0,0.8683196902275085,True
3438,107,0,3,0.6220808625221252,False
3439,107,9,9,0.9982125759124756,True
3440,107,3,3,0.8068469166755676,True
3441,107,3,3,0.9961507320404053,True
3442,107,8,8,0.9996612071990967,True
3443,107,2,2,0.9880751967430115,True
3444,107,1,1,0.776110827922821,True
3445,107,5,5,0.921118438243866,True
3446,107,9,9,0.8360840678215027,True
3447,107,5,5,0.9993522763252258,True
3448,107,0,0,0.998772919178009,True
3449,107,0,0,0.9992734789848328,True
3450,107,5,5,0.9932501316070557,True
3451,107,0,0,0.9949092268943787,True
3452,107,1,1,0.9471333026885986,True
3453,107,1,1,0.757162868976593,True
3454,107,3,8,0.4626571536064148,False
3455,107,7,3,0.31915920972824097,False
3456,108,9,9,0.9982598423957825,True
3457,108,7,7,0.4075317084789276,True
3458,108,9,9,0.7467148303985596,True
3459,108,6,0,0.704865038394928,False
3460,108,4,2,0.7149975895881653,False
3461,108,4,3,0.5717419981956482,False
3462,108,9,9,0.999987006187439,True
3463,108,2,2,0.9942334294319153,True
3464,108,4,4,0.9507763981819153,True
3465,108,2,3,0.5805376172065735,False
3466,108,5,4,0.3595310151576996,False
3467,108,7,7,0.661270022392273,True
3468,108,6,5,0.5432813763618469,False
3469,108,6,6,0.7676963210105896,True
3470,108,9,9,0.9973868727684021,True
3471,108,7,1,0.8110570311546326,False
3472,108,4,7,0.5519834160804749,False
3473,108,4,2,0.4272524416446686,False
3474,108,1,1,0.999024510383606,True
3475,108,3,3,0.5836732387542725,True
3476,108,9,9,0.9996200799942017,True
3477,108,8,8,0.9970692992210388,True
3478,108,0,0,0.999519944190979,True
3479,108,6,2,0.8760499358177185,False
3480,108,2,3,0.9273698925971985,False
3481,108,9,9,0.9918941855430603,True
3482,108,2,2,0.980242908000946,True
3483,108,3,3,0.9380216002464294,True
3484,108,0,0,0.9968600273132324,True
3485,108,0,0,0.998134970664978,True
3486,108,0,0,0.9961535334587097,True
3487,108,8,8,0.9999802112579346,True
3488,109,4,3,0.6749619245529175,False
3489,109,2,2,0.9993657469749451,True
3490,109,0,9,0.8139978647232056,False
3491,109,6,0,0.6471121311187744,False
3492,109,3,3,0.9895097017288208,True
3493,109,0,0,0.8884086608886719,True
3494,109,5,5,0.9997537732124329,True
3495,109,2,1,0.6090858578681946,False
3496,109,0,0,0.9927341938018799,True
3497,109,4,3,0.9086970090866089,False
3498,109,3,0,0.9731123447418213,False
3499,109,5,5,0.7868576645851135,True
3500,109,3,2,0.6686853170394897,False
3501,109,9,9,0.9992597699165344,True
3502,109,6,3,0.9934453964233398,False
3503,109,7,3,0.4408051669597626,False
3504,109,6,6,0.7337931394577026,True
3505,109,6,3,0.4727528989315033,False
3506,109,4,8,0.3010178208351135,False
3507,109,3,3,0.9861415028572083,True
3508,109,7,2,0.31012746691703796,False
3509,109,8,8,0.9956904053688049,True
3510,109,6,0,0.4125306308269501,False
3511,109,3,5,0.9882742166519165,False
3512,109,9,9,0.9999960660934448,True
3513,109,4,2,0.727128267288208,False
3514,109,8,8,0.9755662083625793,True
3515,109,9,9,0.9997003078460693,True
3516,109,7,1,0.6406940221786499,False
3517,109,7,1,0.6787347197532654,False
3518,109,1,1,0.8851359486579895,True
3519,109,0,0,0.7815893888473511,True
3520,110,9,9,0.9999392032623291,True
3521,110,8,8,0.9982632994651794,True
3522,110,3,3,0.9960387945175171,True
3523,110,2,1,0.9045276045799255,False
3524,110,5,5,0.9789385795593262,True
3525,110,3,3,0.8343811631202698,True
3526,110,0,0,0.9979631900787354,True
3527,110,9,9,0.9998577833175659,True
3528,110,0,8,0.9895803332328796,False
3529,110,6,6,0.4959549605846405,True
3530,110,9,9,0.8383619785308838,True
3531,110,1,1,0.9860070943832397,True
3532,110,6,2,0.795928955078125,False
3533,110,3,2,0.9941978454589844,False
3534,110,7,7,0.8869047164916992,True
3535,110,2,2,0.9864648580551147,True
3536,110,5,3,0.6247041821479797,False
3537,110,1,1,0.961967408657074,True
3538,110,5,5,0.9657639265060425,True
3539,110,8,8,0.9944007992744446,True
3540,110,7,1,0.7639596462249756,False
3541,110,3,8,0.5960971117019653,False
3542,110,6,9,0.35940685868263245,False
3543,110,2,2,0.45007482171058655,True
3544,110,9,9,0.9998072981834412,True
3545,110,2,2,0.9853466749191284,True
3546,110,3,8,0.38322997093200684,False
3547,110,2,2,0.9315533638000488,True
3548,110,4,1,0.569930374622345,False
3549,110,8,8,0.9979164004325867,True
3550,110,3,3,0.8582280874252319,True
3551,110,6,2,0.4595414698123932,False
3552,111,3,3,0.9966332316398621,True
3553,111,1,1,0.9268962740898132,True
3554,111,4,4,0.7447649240493774,True
3555,111,4,3,0.5351935625076294,False
3556,111,7,9,0.6211234927177429,False
3557,111,3,3,0.9829024076461792,True
3558,111,0,0,0.9959386587142944,True
3559,111,9,9,0.9992309808731079,True
3560,111,1,2,0.8001154661178589,False
3561,111,7,3,0.8231735825538635,False
3562,111,9,9,0.9953179359436035,True
3563,111,3,3,0.8378527760505676,True
3564,111,3,3,0.996917724609375,True
3565,111,4,2,0.9756735563278198,False
3566,111,0,0,0.9920167922973633,True
3567,111,6,0,0.5190091729164124,False
3568,111,8,8,0.7664772868156433,True
3569,111,9,9,0.9991182684898376,True
3570,111,8,8,0.995465099811554,True
3571,111,9,9,0.9109035134315491,True
3572,111,8,8,0.9772681593894958,True
3573,111,7,7,0.7941661477088928,True
3574,111,8,8,0.9993509650230408,True
3575,111,2,2,0.9899761080741882,True
3576,111,6,3,0.8382883071899414,False
3577,111,8,8,0.9998093247413635,True
3578,111,5,5,0.551430881023407,True
3579,111,0,0,0.9886811971664429,True
3580,111,0,0,0.7680460214614868,True
3581,111,2,1,0.5234703421592712,False
3582,111,5,5,0.6233741641044617,True
3583,111,9,9,0.9979375600814819,True
3584,112,1,1,0.5728277564048767,True
3585,112,4,4,0.6071714162826538,True
3586,112,7,7,0.6667618751525879,True
3587,112,9,9,0.9879794120788574,True
3588,112,6,2,0.9931063055992126,False
3589,112,7,9,0.3476526439189911,False
3590,112,1,1,0.976643979549408,True
3591,112,3,2,0.6509662866592407,False
3592,112,6,6,0.6720871925354004,True
3593,112,4,3,0.47108349204063416,False
3594,112,9,9,0.9940528273582458,True
3595,112,1,1,0.9907712936401367,True
3596,112,2,2,0.566371500492096,True
3597,112,7,7,0.9999871253967285,True
3598,112,6,6,0.5699681639671326,True
3599,112,1,1,0.9998513460159302,True
3600,112,7,7,0.960458517074585,True
3601,112,6,6,0.5781961679458618,True
3602,112,7,9,0.48284581303596497,False
3603,112,1,2,0.731839120388031,False
3604,112,6,2,0.9348865747451782,False
3605,112,5,5,0.9976345300674438,True
3606,112,8,8,0.9843055009841919,True
3607,112,2,2,0.9938806295394897,True
3608,112,7,7,0.976466178894043,True
3609,112,2,2,0.8814182281494141,True
3610,112,7,7,0.8379238247871399,True
3611,112,5,5,0.7771536111831665,True
3612,112,3,3,0.8713157176971436,True
3613,112,7,1,0.47781363129615784,False
3614,112,3,3,0.9784598350524902,True
3615,112,6,3,0.9034454822540283,False
3616,113,7,9,0.8209060430526733,False
3617,113,7,7,0.5876399874687195,True
3618,113,3,2,0.6278508901596069,False
3619,113,8,8,0.9936095476150513,True
3620,113,7,7,0.9633927941322327,True
3621,113,0,0,0.986716628074646,True
3622,113,3,3,0.7430422902107239,True
3623,113,6,5,0.6357905268669128,False
3624,113,7,7,0.925123393535614,True
3625,113,3,5,0.8710006475448608,False
3626,113,2,2,0.9741911292076111,True
3627,113,4,4,0.9692520499229431,True
3628,113,9,9,0.9990519881248474,True
3629,113,0,0,0.8078771829605103,True
3630,113,7,7,0.6252012848854065,True
3631,113,7,1,0.7824072241783142,False
3632,113,7,2,0.6748135089874268,False
3633,113,8,8,0.9994204044342041,True
3634,113,9,9,0.9996976852416992,True
3635,113,7,7,0.9997578263282776,True
3636,113,0,8,0.9813884496688843,False
3637,113,0,0,0.9980217218399048,True
3638,113,8,8,0.9936954379081726,True
3639,113,6,6,0.4673998951911926,True
3640,113,9,9,0.9974840879440308,True
3641,113,3,3,0.8707149624824524,True
3642,113,2,2,0.863929271697998,True
3643,113,7,1,0.8057092428207397,False
3644,113,4,9,0.5045856237411499,False
3645,113,9,9,0.9991434812545776,True
3646,113,7,2,0.7212321758270264,False
3647,113,0,0,0.9815317392349243,True
3648,114,8,8,0.9999783039093018,True
3649,114,6,3,0.8723785281181335,False
3650,114,1,1,0.8329915404319763,True
3651,114,6,3,0.8245571255683899,False
3652,114,0,4,0.8212260603904724,False
3653,114,1,1,0.9940773248672485,True
3654,114,4,4,0.7377107739448547,True
3655,114,5,5,0.9499107599258423,True
3656,114,4,2,0.8156976103782654,False
3657,114,8,8,0.9986116886138916,True
3658,114,7,7,0.9999604225158691,True
3659,114,6,6,0.9438841342926025,True
3660,114,4,4,0.6483102440834045,True
3661,114,6,2,0.8619168996810913,False
3662,114,7,7,0.9857208728790283,True
3663,114,9,9,0.9981153011322021,True
3664,114,5,5,0.8120326995849609,True
3665,114,3,3,0.5879238247871399,True
3666,114,9,9,0.9977606534957886,True
3667,114,8,8,0.9997685551643372,True
3668,114,1,2,0.7433703541755676,False
3669,114,1,8,0.7754360437393188,False
3670,114,1,1,0.7577774524688721,True
3671,114,3,8,0.6249765157699585,False
3672,114,2,2,0.9765610694885254,True
3673,114,9,9,0.9996534585952759,True
3674,114,8,8,0.9961633682250977,True
3675,114,8,8,0.9980529546737671,True
3676,114,9,9,0.5771514177322388,True
3677,114,6,3,0.8323990702629089,False
3678,114,1,1,0.9667043685913086,True
3679,114,6,5,0.8472090363502502,False
3680,115,4,4,0.8739638328552246,True
3681,115,7,7,0.6888713240623474,True
3682,115,2,2,0.9938998222351074,True
3683,115,6,6,0.9960160851478577,True
3684,115,2,2,0.9629075527191162,True
3685,115,4,4,0.9449780583381653,True
3686,115,2,2,0.9985395669937134,True
3687,115,0,0,0.998119056224823,True
3688,115,3,3,0.9552465081214905,True
3689,115,9,9,0.999701201915741,True
3690,115,9,9,0.9997861981391907,True
3691,115,1,1,0.9029442071914673,True
3692,115,9,9,0.9992291927337646,True
3693,115,9,9,0.9999210834503174,True
3694,115,3,3,0.9308961033821106,True
3695,115,6,4,0.46539923548698425,False
3696,115,9,9,0.997597873210907,True
3697,115,9,9,0.8641237020492554,True
3698,115,3,3,0.7609095573425293,True
3699,115,5,3,0.4934101998806,False
3700,115,9,9,0.9996311664581299,True
3701,115,8,8,0.9999831914901733,True
3702,115,2,2,0.9959878325462341,True
3703,115,2,2,0.9568547606468201,True
3704,115,2,2,0.59157395362854,True
3705,115,2,2,0.9799023866653442,True
3706,115,7,7,0.7801458239555359,True
3707,115,7,7,0.9999825954437256,True
3708,115,6,2,0.7649057507514954,False
3709,115,1,1,0.9569189548492432,True
3710,115,9,9,0.9983385801315308,True
3711,115,1,1,0.9243084788322449,True
3712,116,4,3,0.44530975818634033,False
3713,116,3,8,0.577343761920929,False
3714,116,5,0,0.9993994235992432,False
3715,116,0,0,0.9985736608505249,True
3716,116,3,3,0.957427442073822,True
3717,116,1,1,0.9476562738418579,True
3718,116,9,9,0.9964056015014648,True
3719,116,4,4,0.6933054327964783,True
3720,116,5,5,0.998178243637085,True
3721,116,3,3,0.6514521241188049,True
3722,116,6,2,0.6685961484909058,False
3723,116,9,9,0.980307936668396,True
3724,116,0,0,0.992164134979248,True
3725,116,7,7,0.9999885559082031,True
3726,116,8,8,0.9991158843040466,True
3727,116,6,4,0.39491137862205505,False
3728,116,6,6,0.818820595741272,True
3729,116,3,5,0.4723471701145172,False
3730,116,3,3,0.9524874091148376,True
3731,116,2,2,0.9013698101043701,True
3732,116,4,8,0.4307495653629303,False
3733,116,1,1,0.9914090037345886,True
3734,116,7,7,0.7810585498809814,True
3735,116,9,9,0.9995738863945007,True
3736,116,4,3,0.5858249664306641,False
3737,116,5,5,0.9386934041976929,True
3738,116,9,9,0.9999536275863647,True
3739,116,9,9,0.9879035353660583,True
3740,116,1,1,0.9947203397750854,True
3741,116,6,2,0.45881715416908264,False
3742,116,3,3,0.7523857951164246,True
3743,116,5,5,0.9934232234954834,True
3744,117,1,1,0.8854408264160156,True
3745,117,7,7,0.6296572685241699,True
3746,117,7,7,0.5678263902664185,True
3747,117,0,0,0.37069419026374817,True
3748,117,7,7,0.5649616122245789,True
3749,117,4,4,0.9936113953590393,True
3750,117,5,3,0.5337656736373901,False
3751,117,7,7,0.6938431262969971,True
3752,117,6,2,0.933912456035614,False
3753,117,1,1,0.9945076107978821,True
3754,117,6,2,0.9697699546813965,False
3755,117,0,0,0.9913459420204163,True
3756,117,2,2,0.9924339056015015,True
3757,117,3,5,0.608264684677124,False
3758,117,8,8,0.8928870558738708,True
3759,117,9,9,0.6688565611839294,True
3760,117,2,2,0.9627628922462463,True
3761,117,8,0,0.9472734928131104,False
3762,117,1,1,0.9703361988067627,True
3763,117,0,0,0.971580982208252,True
3764,117,9,9,0.9281877279281616,True
3765,117,5,5,0.9990552067756653,True
3766,117,7,7,0.9850428104400635,True
3767,117,4,4,0.4652082324028015,True
3768,117,1,7,0.6240999102592468,False
3769,117,6,2,0.9899290204048157,False
3770,117,0,0,0.9893802404403687,True
3771,117,3,3,0.9673570394515991,True
3772,117,1,1,0.9181113243103027,True
3773,117,4,2,0.6023023128509521,False
3774,117,2,2,0.9749186038970947,True
3775,117,7,1,0.8324896097183228,False
3776,118,0,0,0.9991176724433899,True
3777,118,6,1,0.5135951638221741,False
3778,118,9,9,0.9873049855232239,True
3779,118,0,0,0.9889310002326965,True
3780,118,1,2,0.6818786263465881,False
3781,118,3,0,0.9263927936553955,False
3782,118,3,3,0.7468075156211853,True
3783,118,0,0,0.7794390320777893,True
3784,118,4,4,0.8647230267524719,True
3785,118,9,9,0.9999679327011108,True
3786,118,8,8,0.927788257598877,True
3787,118,2,2,0.9382320642471313,True
3788,118,1,1,0.7066540122032166,True
3789,118,2,2,0.9990203380584717,True
3790,118,4,9,0.43959325551986694,False
3791,118,2,2,0.9864924550056458,True
3792,118,0,0,0.9991629123687744,True
3793,118,0,0,0.9988256096839905,True
3794,118,8,3,0.9960727691650391,False
3795,118,9,9,0.9906944036483765,True
3796,118,0,0,0.9970148801803589,True
3797,118,9,9,0.987893283367157,True
3798,118,2,2,0.9961907863616943,True
3799,118,8,3,0.5733779072761536,False
3800,118,0,0,0.9659517407417297,True
3801,118,9,9,1.0,True
3802,118,1,8,0.7543545961380005,False
3803,118,5,3,0.7293382883071899,False
3804,118,9,9,0.9995392560958862,True
3805,118,2,2,0.924308180809021,True
3806,118,8,8,0.9995459914207458,True
3807,118,7,7,0.5247153043746948,True
3808,119,4,3,0.5538063049316406,False
3809,119,2,2,0.6429793834686279,True
3810,119,3,3,0.8185861110687256,True
3811,119,2,2,0.9405989050865173,True
3812,119,7,7,0.6081872582435608,True
3813,119,6,0,0.5229533314704895,False
3814,119,5,5,0.999666690826416,True
3815,119,9,9,0.9632383584976196,True
3816,119,1,1,0.9895153045654297,True
3817,119,4,9,0.5440533757209778,False
3818,119,4,4,0.4470686912536621,True
3819,119,6,5,0.402472585439682,False
3820,119,4,3,0.692173421382904,False
3821,119,0,0,0.9994920492172241,True
3822,119,6,5,0.4542372226715088,False
3823,119,4,4,0.94368577003479,True
3824,119,4,9,0.5987576842308044,False
3825,119,1,1,0.9730992317199707,True
3826,119,0,0,0.9961865544319153,True
3827,119,3,3,0.892478883266449,True
3828,119,9,9,0.9997794032096863,True
3829,119,5,5,0.5610085129737854,True
3830,119,1,1,0.6521012783050537,True
3831,119,5,5,0.994429886341095,True
3832,119,4,2,0.4917805790901184,False
3833,119,4,4,0.3806906044483185,True
3834,119,3,3,0.9140166640281677,True
3835,119,3,3,0.7652825713157654,True
3836,119,6,3,0.6368312835693359,False
3837,119,1,1,0.9557715654373169,True
3838,119,2,2,0.9186549782752991,True
3839,119,0,3,0.5334262847900391,False
3840,120,0,3,0.9374309182167053,False
3841,120,9,9,0.519359827041626,True
3842,120,2,2,0.9975720047950745,True
3843,120,0,0,0.9619278311729431,True
3844,120,5,5,0.9881343245506287,True
3845,120,1,1,0.9410262107849121,True
3846,120,3,3,0.8270946145057678,True
3847,120,6,6,0.5437336564064026,True
3848,120,6,2,0.9477543830871582,False
3849,120,8,8,0.9999364614486694,True
3850,120,2,2,0.93129962682724,True
3851,120,1,1,0.9992509484291077,True
3852,120,7,9,0.36177918314933777,False
3853,120,4,3,0.7662164568901062,False
3854,120,3,3,0.7899209856987,True
3855,120,5,5,0.9969087243080139,True
3856,120,1,1,0.9999159574508667,True
3857,120,3,3,0.6130469441413879,True
3858,120,6,5,0.9482430815696716,False
3859,120,9,9,0.9997163414955139,True
3860,120,5,5,0.9208483695983887,True
3861,120,9,9,0.9960885047912598,True
3862,120,6,4,0.893221914768219,False
3863,120,3,3,0.9816663861274719,True
3864,120,9,9,1.0,True
3865,120,4,3,0.4662278890609741,False
3866,120,2,2,0.9128909707069397,True
3867,120,0,0,0.9994667172431946,True
3868,120,6,0,0.689950168132782,False
3869,120,0,0,0.8589513897895813,True
3870,120,4,2,0.9208976626396179,False
3871,120,0,0,0.9987460374832153,True
3872,121,9,9,0.9999254941940308,True
3873,121,4,4,0.9141706228256226,True
3874,121,8,8,0.9997501969337463,True
3875,121,0,0,0.9946193695068359,True
3876,121,4,4,0.8098134994506836,True
3877,121,7,1,0.7748042941093445,False
3878,121,8,8,0.9998592138290405,True
3879,121,2,2,0.9866482615470886,True
3880,121,4,4,0.7603655457496643,True
3881,121,8,8,0.9998639822006226,True
3882,121,9,9,0.950283944606781,True
3883,121,3,3,0.42012786865234375,True
3884,121,6,2,0.39614102244377136,False
3885,121,6,5,0.7722734808921814,False
3886,121,6,2,0.41597291827201843,False
3887,121,0,0,0.9821739196777344,True
3888,121,4,3,0.3309902250766754,False
3889,121,9,9,0.9868326187133789,True
3890,121,7,7,0.9999614953994751,True
3891,121,3,8,0.9818741083145142,False
3892,121,7,7,0.6939332485198975,True
3893,121,1,1,0.97853022813797,True
3894,121,4,3,0.3576004207134247,False
3895,121,9,9,0.9966716766357422,True
3896,121,1,2,0.5264108180999756,False
3897,121,0,8,0.4290156066417694,False
3898,121,5,5,0.9955316781997681,True
3899,121,9,9,0.9999796152114868,True
3900,121,9,9,0.987687885761261,True
3901,121,7,7,0.8176779747009277,True
3902,121,4,3,0.8029400706291199,False
3903,121,7,7,0.9996575117111206,True
3904,122,9,9,0.9996992349624634,True
3905,122,8,8,0.9561157822608948,True
3906,122,6,2,0.9919713735580444,False
3907,122,0,0,0.9768881797790527,True
3908,122,0,0,0.9933384656906128,True
3909,122,0,0,0.5747600197792053,True
3910,122,5,5,0.9981080293655396,True
3911,122,1,1,0.9512739777565002,True
3912,122,9,9,0.9992376565933228,True
3913,122,1,1,0.9957075119018555,True
3914,122,2,3,0.8774288892745972,False
3915,122,2,2,0.997798502445221,True
3916,122,8,8,0.9989039897918701,True
3917,122,8,8,0.9999765157699585,True
3918,122,8,8,0.9997239708900452,True
3919,122,8,8,0.8963317275047302,True
3920,122,2,2,0.9702466726303101,True
3921,122,3,3,0.8226262927055359,True
3922,122,0,0,0.9974009990692139,True
3923,122,2,2,0.9761315584182739,True
3924,122,9,9,0.998955249786377,True
3925,122,4,4,0.6242070198059082,True
3926,122,9,9,0.9972930550575256,True
3927,122,9,9,0.9993170499801636,True
3928,122,4,4,0.7426261901855469,True
3929,122,4,4,0.38318127393722534,True
3930,122,4,3,0.3524963855743408,False
3931,122,4,4,0.9925808906555176,True
3932,122,3,3,0.9393182396888733,True
3933,122,9,9,0.9984721541404724,True
3934,122,6,2,0.9811483025550842,False
3935,122,1,1,0.9237813353538513,True
3936,123,8,8,0.9999990463256836,True
3937,123,5,5,0.998290479183197,True
3938,123,6,2,0.853087306022644,False
3939,123,0,0,0.9963706731796265,True
3940,123,1,1,0.710945725440979,True
3941,123,2,2,0.9884329438209534,True
3942,123,9,9,0.998672604560852,True
3943,123,9,9,0.9997183680534363,True
3944,123,4,3,0.42762771248817444,False
3945,123,4,5,0.32807615399360657,False
3946,123,2,2,0.9958743453025818,True
3947,123,3,2,0.5675660967826843,False
3948,123,8,8,0.9993451237678528,True
3949,123,3,3,0.9960830211639404,True
3950,123,7,0,0.23879460990428925,False
3951,123,3,3,0.6969050765037537,True
3952,123,6,3,0.5505037903785706,False
3953,123,2,2,0.9997692704200745,True
3954,123,7,1,0.552375853061676,False
3955,123,3,3,0.8602061867713928,True
3956,123,1,2,0.858205258846283,False
3957,123,6,2,0.5171746015548706,False
3958,123,3,5,0.5829793214797974,False
3959,123,4,3,0.8218353390693665,False
3960,123,5,5,0.9907822012901306,True
3961,123,9,9,0.9999735355377197,True
3962,123,4,4,0.898240327835083,True
3963,123,3,0,0.8886486887931824,False
3964,123,9,9,0.99009108543396,True
3965,123,3,3,0.716454267501831,True
3966,123,6,6,0.5441597700119019,True
3967,123,3,8,0.9092287421226501,False
3968,124,0,0,0.9837601184844971,True
3969,124,2,2,0.9931427240371704,True
3970,124,1,1,0.8756893277168274,True
3971,124,1,2,0.8171186447143555,False
3972,124,0,0,0.9977818131446838,True
3973,124,4,2,0.6103971600532532,False
3974,124,0,0,0.9882297515869141,True
3975,124,1,1,0.8168022632598877,True
3976,124,8,8,0.9996241331100464,True
3977,124,6,6,0.4852130115032196,True
3978,124,3,3,0.8376652002334595,True
3979,124,9,9,0.548531711101532,True
3980,124,7,1,0.9274722337722778,False
3981,124,9,9,0.9952515363693237,True
3982,124,1,2,0.6567964553833008,False
3983,124,0,0,0.9993993043899536,True
3984,124,2,2,0.9219421744346619,True
3985,124,4,3,0.5728952884674072,False
3986,124,9,2,0.8930040597915649,False
3987,124,2,2,0.999407172203064,True
3988,124,3,8,0.7030138373374939,False
3989,124,7,7,0.6305641531944275,True
3990,124,2,2,0.9294687509536743,True
3991,124,8,8,0.9402254819869995,True
3992,124,9,9,0.9949166774749756,True
3993,124,9,9,0.893967866897583,True
3994,124,9,9,0.9995504021644592,True
3995,124,8,8,0.9999617338180542,True
3996,124,4,3,0.7227393984794617,False
3997,124,9,9,0.9932680726051331,True
3998,124,0,0,0.9841337203979492,True
3999,124,5,5,0.9951543807983398,True
4000,125,1,1,0.99519944190979,True
4001,125,6,5,0.513767659664154,False
4002,125,8,8,0.9999288320541382,True
4003,125,5,5,0.5645506381988525,True
4004,125,9,9,0.70021653175354,True
4005,125,0,0,0.9852523803710938,True
4006,125,5,5,0.9310480356216431,True
4007,125,7,7,0.6923271417617798,True
4008,125,2,2,0.9941925406455994,True
4009,125,0,0,0.9975689053535461,True
4010,125,8,8,0.9981974959373474,True
4011,125,4,3,0.7057283520698547,False
4012,125,6,5,0.40325602889060974,False
4013,125,2,2,0.9729026556015015,True
4014,125,2,2,0.551733672618866,True
4015,125,4,4,0.35399413108825684,True
4016,125,5,5,0.9890539646148682,True
4017,125,7,1,0.6492686867713928,False
4018,125,7,1,0.8850679993629456,False
4019,125,8,8,0.9777887463569641,True
4020,125,5,5,0.9984857439994812,True
4021,125,2,2,0.9954915642738342,True
4022,125,8,8,0.9951756000518799,True
4023,125,3,9,0.3760486841201782,False
4024,125,1,1,0.8430963754653931,True
4025,125,7,1,0.4740774929523468,False
4026,125,4,4,0.8505291938781738,True
4027,125,0,0,0.9890240430831909,True
4028,125,8,8,0.9999792575836182,True
4029,125,2,2,0.6005645394325256,True
4030,125,4,3,0.9885674715042114,False
4031,125,5,5,0.9998513460159302,True
4032,126,6,2,0.4341636896133423,False
4033,126,2,2,0.6570217609405518,True
4034,126,8,8,0.9676629304885864,True
4035,126,5,3,0.5971513390541077,False
4036,126,7,7,0.5841090679168701,True
4037,126,5,5,0.9533682465553284,True
4038,126,8,8,0.9442973732948303,True
4039,126,9,9,0.9810785055160522,True
4040,126,1,1,0.7853492498397827,True
4041,126,4,3,0.8201150298118591,False
4042,126,6,5,0.638268768787384,False
4043,126,1,1,0.9889149069786072,True
4044,126,3,3,0.906837522983551,True
4045,126,9,9,0.9988656044006348,True
4046,126,9,9,0.9992749094963074,True
4047,126,9,9,0.9997820258140564,True
4048,126,9,9,0.9985951781272888,True
4049,126,3,2,0.9815745949745178,False
4050,126,1,1,0.8473050594329834,True
4051,126,2,2,0.9930545687675476,True
4052,126,7,7,0.8109166622161865,True
4053,126,6,4,0.5919299721717834,False
4054,126,3,8,0.6901541948318481,False
4055,126,8,8,0.9981209635734558,True
4056,126,5,5,0.9970716238021851,True
4057,126,3,8,0.5111191272735596,False
4058,126,2,2,0.999387264251709,True
4059,126,3,3,0.5897708535194397,True
4060,126,4,4,0.8732020854949951,True
4061,126,3,3,0.9788468480110168,True
4062,126,0,0,0.8303207159042358,True
4063,126,7,7,0.9644911885261536,True
4064,127,8,8,0.9972295165061951,True
4065,127,9,9,0.9991635084152222,True
4066,127,4,3,0.6945793628692627,False
4067,127,8,8,0.9994490742683411,True
4068,127,2,2,0.49900972843170166,True
4069,127,4,4,0.9935591816902161,True
4070,127,6,3,0.8988776206970215,False
4071,127,2,2,0.9947102069854736,True
4072,127,1,1,0.9595301747322083,True
4073,127,1,3,0.7486035823822021,False
4074,127,7,9,0.3764670789241791,False
4075,127,4,9,0.8215065598487854,False
4076,127,6,8,0.31367334723472595,False
4077,127,9,9,0.7459992170333862,True
4078,127,0,0,0.9985291957855225,True
4079,127,0,0,0.9995915293693542,True
4080,127,9,9,0.8492627143859863,True
4081,127,9,9,0.9999957084655762,True
4082,127,4,4,0.7414872646331787,True
4083,127,8,8,0.9993293285369873,True
4084,127,5,5,0.9959375858306885,True
4085,127,7,7,0.9998962879180908,True
4086,127,8,8,0.9891372323036194,True
4087,127,4,4,0.9075819849967957,True
4088,127,3,3,0.9967464208602905,True
4089,127,0,0,0.9418551325798035,True
4090,127,4,4,0.7933043241500854,True
4091,127,2,2,0.9901975393295288,True
4092,127,9,9,0.9997214674949646,True
4093,127,0,0,0.9752099514007568,True
4094,127,9,9,0.8875792026519775,True
4095,127,1,1,0.9968611001968384,True
4096,128,5,5,0.794646143913269,True
4097,128,6,4,0.8958168625831604,False
4098,128,2,8,0.8580858707427979,False
4099,128,3,3,0.9130010604858398,True
4100,128,5,5,0.9829759001731873,True
4101,128,4,8,0.6971666216850281,False
4102,128,2,2,0.5170131325721741,True
4103,128,9,9,0.999974250793457,True
4104,128,2,2,0.9740299582481384,True
4105,128,2,2,0.96164870262146,True
4106,128,9,9,0.9940633177757263,True
4107,128,8,8,0.8848843574523926,True
4108,128,5,5,0.9882651567459106,True
4109,128,7,9,0.5588882565498352,False
4110,128,4,4,0.7757218480110168,True
4111,128,4,2,0.9845368266105652,False
4112,128,5,5,0.8632944226264954,True
4113,128,1,1,0.9706289172172546,True
4114,128,1,1,0.9988020658493042,True
4115,128,5,5,0.43717747926712036,True
4116,128,2,9,0.8838198184967041,False
4117,128,5,5,0.9981386661529541,True
4118,128,3,3,0.8983108401298523,True
4119,128,1,1,0.8770501017570496,True
4120,128,7,1,0.7291974425315857,False
4121,128,2,2,0.9245663285255432,True
4122,128,7,1,0.7628283500671387,False
4123,128,0,0,0.9982432126998901,True
4124,128,3,2,0.9049044251441956,False
4125,128,8,8,0.8064689636230469,True
4126,128,4,4,0.7859345078468323,True
4127,128,6,1,0.2339259833097458,False
4128,129,2,2,0.8757385015487671,True
4129,129,2,2,0.9866800904273987,True
4130,129,0,0,0.998611569404602,True
4131,129,0,0,0.9985093474388123,True
4132,129,4,4,0.4426708519458771,True
4133,129,8,8,0.9996638298034668,True
4134,129,8,8,0.9916360378265381,True
4135,129,9,9,0.9996587038040161,True
4136,129,8,8,0.9918860197067261,True
4137,129,5,5,0.9985966086387634,True
4138,129,6,2,0.9748793840408325,False
4139,129,0,0,0.9944760203361511,True
4140,129,9,9,0.9988803267478943,True
4141,129,6,5,0.9204869866371155,False
4142,129,5,3,0.9874637126922607,False
4143,129,4,4,0.7546927332878113,True
4144,129,4,3,0.9749155044555664,False
4145,129,6,2,0.9761601686477661,False
4146,129,7,7,0.4669390022754669,True
4147,129,1,1,0.8638124465942383,True
4148,129,6,2,0.7895280718803406,False
4149,129,6,2,0.6675040125846863,False
4150,129,1,7,0.5740149617195129,False
4151,129,7,1,0.8358225226402283,False
4152,129,8,8,0.9991298317909241,True
4153,129,6,3,0.9894441962242126,False
4154,129,3,3,0.9538582563400269,True
4155,129,3,3,0.37836846709251404,True
4156,129,7,3,0.5448896288871765,False
4157,129,2,2,0.9991021156311035,True
4158,129,3,3,0.4482613205909729,True
4159,129,6,5,0.37490585446357727,False
4160,130,7,7,0.9168794751167297,True
4161,130,8,8,0.9999325275421143,True
4162,130,6,3,0.953203022480011,False
4163,130,7,3,0.5989518165588379,False
4164,130,1,1,0.7535936832427979,True
4165,130,3,3,0.9828945398330688,True
4166,130,3,2,0.8245327472686768,False
4167,130,4,7,0.40715643763542175,False
4168,130,6,3,0.7487976551055908,False
4169,130,1,1,0.9034104943275452,True
4170,130,9,9,0.9999535083770752,True
4171,130,3,0,0.972146213054657,False
4172,130,6,2,0.8385363817214966,False
4173,130,7,7,0.8782935738563538,True
4174,130,6,3,0.9542747735977173,False
4175,130,8,8,0.9937161803245544,True
4176,130,2,2,0.9866915941238403,True
4177,130,0,0,0.926580548286438,True
4178,130,7,1,0.42964452505111694,False
4179,130,3,3,0.9707390069961548,True
4180,130,9,9,0.9988961219787598,True
4181,130,3,0,0.8478909134864807,False
4182,130,3,3,0.8450546264648438,True
4183,130,8,3,0.44651082158088684,False
4184,130,6,3,0.8314262628555298,False
4185,130,4,2,0.7605212330818176,False
4186,130,4,4,0.3513186275959015,True
4187,130,9,9,0.9616712331771851,True
4188,130,0,5,0.5549656748771667,False
4189,130,5,5,0.9987408518791199,True
4190,130,3,5,0.7723539471626282,False
4191,130,2,2,0.9777548909187317,True
4192,131,0,0,0.9971700310707092,True
4193,131,2,2,0.9267143607139587,True
4194,131,3,3,0.9958668947219849,True
4195,131,3,3,0.8043692111968994,True
4196,131,8,8,0.998080849647522,True
4197,131,2,2,0.9959980249404907,True
4198,131,2,2,0.6307346820831299,True
4199,131,7,7,0.9935178756713867,True
4200,131,4,3,0.4903293251991272,False
4201,131,3,3,0.9912558794021606,True
4202,131,2,2,0.9989233613014221,True
4203,131,3,2,0.39091330766677856,False
4204,131,2,2,0.9866737127304077,True
4205,131,0,0,0.9544116854667664,True
4206,131,3,0,0.878627359867096,False
4207,131,3,5,0.4487290382385254,False
4208,131,2,2,0.9985563158988953,True
4209,131,0,0,0.6651501059532166,True
4210,131,8,8,0.8840788006782532,True
4211,131,3,3,0.990948498249054,True
4212,131,4,4,0.6612849831581116,True
4213,131,8,8,0.9659952521324158,True
4214,131,4,2,0.7290862202644348,False
4215,131,8,8,0.9988952875137329,True
4216,131,1,1,0.9845256209373474,True
4217,131,4,3,0.3270289897918701,False
4218,131,1,1,0.9958804845809937,True
4219,131,6,2,0.677977442741394,False
4220,131,2,2,0.9615215063095093,True
4221,131,1,1,0.9981936812400818,True
4222,131,7,1,0.4708014130592346,False
4223,131,9,9,1.0,True
4224,132,2,2,0.9138359427452087,True
4225,132,2,2,0.9825289249420166,True
4226,132,9,9,0.9999924898147583,True
4227,132,2,2,0.9800810813903809,True
4228,132,8,8,0.9987961053848267,True
4229,132,7,9,0.4738515317440033,False
4230,132,0,0,0.7688502073287964,True
4231,132,2,2,0.9616758227348328,True
4232,132,2,3,0.9133172631263733,False
4233,132,0,0,0.999060332775116,True
4234,132,5,5,0.9775378108024597,True
4235,132,7,1,0.7721297144889832,False
4236,132,2,2,0.6739811897277832,True
4237,132,1,1,0.8036247491836548,True
4238,132,9,9,0.5941523909568787,True
4239,132,3,3,0.9786200523376465,True
4240,132,4,3,0.392611026763916,False
4241,132,0,0,0.9971080422401428,True
4242,132,8,8,0.9997398257255554,True
4243,132,0,0,0.8599202632904053,True
4244,132,2,2,0.878089427947998,True
4245,132,8,8,0.9981805086135864,True
4246,132,6,6,0.8539810180664062,True
4247,132,0,0,0.9989175796508789,True
4248,132,7,1,0.5454227328300476,False
4249,132,1,1,0.8203801512718201,True
4250,132,9,9,0.999242901802063,True
4251,132,8,8,0.8870617151260376,True
4252,132,0,0,0.6415781378746033,True
4253,132,0,0,0.9582527875900269,True
4254,132,8,8,0.9998218417167664,True
4255,132,7,7,0.9685560464859009,True
4256,133,2,2,0.9947606921195984,True
4257,133,6,2,0.8613506555557251,False
4258,133,8,8,0.9953314661979675,True
4259,133,3,0,0.9767335653305054,False
4260,133,2,2,0.9755545258522034,True
4261,133,2,2,0.6528103947639465,True
4262,133,6,6,0.7019211649894714,True
4263,133,6,2,0.9393829703330994,False
4264,133,3,3,0.8030041456222534,True
4265,133,9,9,0.99977046251297,True
4266,133,1,2,0.5629833340644836,False
4267,133,1,1,0.9971824884414673,True
4268,133,0,0,0.7997441291809082,True
4269,133,6,9,0.44324979186058044,False
4270,133,5,5,0.9814502000808716,True
4271,133,2,2,0.9991379976272583,True
4272,133,8,8,0.9996392726898193,True
4273,133,7,9,0.713833212852478,False
4274,133,8,8,0.9912821054458618,True
4275,133,2,2,0.7514541149139404,True
4276,133,2,2,0.83171147108078,True
4277,133,5,5,0.9998931884765625,True
4278,133,3,3,0.9930654764175415,True
4279,133,2,2,0.9269055128097534,True
4280,133,0,0,0.5915676355361938,True
4281,133,7,9,0.542111873626709,False
4282,133,5,5,0.8605724573135376,True
4283,133,7,7,0.995593249797821,True
4284,133,3,8,0.7835450172424316,False
4285,133,8,8,0.9999423027038574,True
4286,133,6,5,0.32439684867858887,False
4287,133,2,2,0.9407006502151489,True
4288,134,7,1,0.9627984762191772,False
4289,134,4,5,0.2974003255367279,False
4290,134,2,2,0.9873355031013489,True
4291,134,4,7,0.30828994512557983,False
4292,134,7,7,0.9598921537399292,True
4293,134,9,9,0.9424616694450378,True
4294,134,6,3,0.9949216246604919,False
4295,134,1,8,0.6071311235427856,False
4296,134,9,9,0.9996774196624756,True
4297,134,9,9,0.9987720847129822,True
4298,134,2,3,0.8340296745300293,False
4299,134,9,9,0.9996839761734009,True
4300,134,1,1,0.9997264742851257,True
4301,134,0,0,0.9965248703956604,True
4302,134,8,8,0.9906499981880188,True
4303,134,6,6,0.32374778389930725,True
4304,134,5,5,0.4220649302005768,True
4305,134,8,8,0.9572975635528564,True
4306,134,9,9,0.9999455213546753,True
4307,134,2,2,0.9717956185340881,True
4308,134,3,3,0.9720887541770935,True
4309,134,6,5,0.2965227961540222,False
4310,134,4,9,0.7782178521156311,False
4311,134,7,1,0.3029385507106781,False
4312,134,4,3,0.6466385722160339,False
4313,134,0,0,0.8742495179176331,True
4314,134,8,8,0.9998843669891357,True
4315,134,8,8,0.9994250535964966,True
4316,134,9,9,0.9953182339668274,True
4317,134,4,2,0.8635633587837219,False
4318,134,1,1,0.9525171518325806,True
4319,134,1,1,0.9673365354537964,True
4320,135,0,0,0.9926373958587646,True
4321,135,3,3,0.973780632019043,True
4322,135,0,0,0.999458372592926,True
4323,135,2,2,0.998206615447998,True
4324,135,9,9,0.9940921664237976,True
4325,135,4,3,0.5020676255226135,False
4326,135,9,9,0.9952762126922607,True
4327,135,0,0,0.962674617767334,True
4328,135,8,8,0.9997397065162659,True
4329,135,0,0,0.9927030801773071,True
4330,135,9,9,0.9999101161956787,True
4331,135,5,3,0.8892232179641724,False
4332,135,8,8,0.9869517087936401,True
4333,135,6,3,0.9882655143737793,False
4334,135,6,1,0.9846641421318054,False
4335,135,0,0,0.9976959824562073,True
4336,135,8,8,0.99321049451828,True
4337,135,2,2,0.9995613694190979,True
4338,135,4,4,0.6377644538879395,True
4339,135,1,2,0.7573885917663574,False
4340,135,0,5,0.8914716243743896,False
4341,135,3,3,0.7629468441009521,True
4342,135,0,0,0.6370667815208435,True
4343,135,3,3,0.9981020092964172,True
4344,135,2,2,0.9966728687286377,True
4345,135,6,6,0.6092813611030579,True
4346,135,3,3,0.9605889320373535,True
4347,135,6,0,0.9840834736824036,False
4348,135,5,5,0.9993981122970581,True
4349,135,1,3,0.6576477885246277,False
4350,135,1,1,0.7884550094604492,True
4351,135,4,2,0.5991162061691284,False
4352,136,9,9,0.9991372227668762,True
4353,136,8,8,0.9997245669364929,True
4354,136,0,0,0.9981533885002136,True
4355,136,1,1,0.9979156851768494,True
4356,136,8,8,0.9917435050010681,True
4357,136,3,3,0.9940347075462341,True
4358,136,8,9,0.8957169651985168,False
4359,136,9,9,0.9558353424072266,True
4360,136,1,1,0.9995421171188354,True
4361,136,7,7,0.9451788663864136,True
4362,136,7,3,0.8221049308776855,False
4363,136,7,7,0.48283475637435913,True
4364,136,1,1,0.9557580351829529,True
4365,136,5,5,0.9994592070579529,True
4366,136,1,1,0.9858713746070862,True
4367,136,1,1,0.9023154377937317,True
4368,136,1,1,0.5319413542747498,True
4369,136,8,8,0.9998101592063904,True
4370,136,6,0,0.7541971206665039,False
4371,136,8,8,0.9435490965843201,True
4372,136,2,2,0.9503520131111145,True
4373,136,0,0,0.9859442710876465,True
4374,136,6,3,0.49464893341064453,False
4375,136,0,0,0.3148362338542938,True
4376,136,8,8,0.9999644756317139,True
4377,136,0,0,0.9966273903846741,True
4378,136,2,8,0.46702688932418823,False
4379,136,2,2,0.9897079467773438,True
4380,136,1,1,0.9921191930770874,True
4381,136,8,8,0.9999470710754395,True
4382,136,6,5,0.47018709778785706,False
4383,136,0,0,0.944374144077301,True
4384,137,0,0,0.6492891907691956,True
4385,137,6,3,0.5105214715003967,False
4386,137,7,1,0.7369670867919922,False
4387,137,7,7,0.8137221336364746,True
4388,137,1,1,0.8249825835227966,True
4389,137,6,2,0.8600562810897827,False
4390,137,7,2,0.30316516757011414,False
4391,137,7,3,0.4663386642932892,False
4392,137,6,5,0.2959939241409302,False
4393,137,7,7,0.8019779920578003,True
4394,137,7,3,0.7485240697860718,False
4395,137,4,3,0.7871432900428772,False
4396,137,7,7,0.8769192695617676,True
4397,137,7,9,0.5566232800483704,False
4398,137,1,1,0.5220023989677429,True
4399,137,1,5,0.48146677017211914,False
4400,137,3,3,0.9936890602111816,True
4401,137,0,0,0.9209864735603333,True
4402,137,9,9,0.9988276362419128,True
4403,137,7,7,0.9968093037605286,True
4404,137,6,2,0.750620424747467,False
4405,137,8,8,0.9660747647285461,True
4406,137,3,2,0.8129485249519348,False
4407,137,2,2,0.9996204376220703,True
4408,137,2,2,0.9521445631980896,True
4409,137,5,9,0.7587589025497437,False
4410,137,9,9,0.7502396702766418,True
4411,137,8,8,0.9837784767150879,True
4412,137,1,2,0.6083820462226868,False
4413,137,4,4,0.42488282918930054,True
4414,137,4,9,0.24845443665981293,False
4415,137,1,1,0.9757014513015747,True
4416,138,9,9,0.9999716281890869,True
4417,138,0,0,0.9493946433067322,True
4418,138,6,2,0.5949697494506836,False
4419,138,4,4,0.4733227491378784,True
4420,138,3,3,0.7037741541862488,True
4421,138,0,0,0.9741669297218323,True
4422,138,8,8,0.9962607026100159,True
4423,138,2,2,0.797065019607544,True
4424,138,2,2,0.7765905857086182,True
4425,138,3,2,0.7373204231262207,False
4426,138,1,1,0.9901924133300781,True
4427,138,3,5,0.9119030237197876,False
4428,138,2,2,0.4923776686191559,True
4429,138,7,7,0.9987090826034546,True
4430,138,9,9,0.6679509282112122,True
4431,138,4,4,0.3367759883403778,True
4432,138,3,3,0.9968991279602051,True
4433,138,9,9,0.9985209107398987,True
4434,138,9,9,0.9543914198875427,True
4435,138,1,1,0.8599305748939514,True
4436,138,7,3,0.7744235992431641,False
4437,138,8,8,0.9988491535186768,True
4438,138,7,7,0.38302165269851685,True
4439,138,9,9,0.9975367784500122,True
4440,138,0,0,0.9799029231071472,True
4441,138,8,8,0.9991711378097534,True
4442,138,8,8,0.9991620779037476,True
4443,138,6,4,0.49717170000076294,False
4444,138,3,3,0.9885315895080566,True
4445,138,6,3,0.5894935131072998,False
4446,138,9,9,0.9979842901229858,True
4447,138,0,0,0.832592785358429,True
4448,139,7,7,0.9996613264083862,True
4449,139,4,4,0.38787445425987244,True
4450,139,1,3,0.4351426064968109,False
4451,139,2,2,0.992605447769165,True
4452,139,3,0,0.709771454334259,False
4453,139,0,0,0.9986492991447449,True
4454,139,2,2,0.9965882301330566,True
4455,139,4,2,0.5352368354797363,False
4456,139,7,1,0.6840623617172241,False
4457,139,0,0,0.9998918771743774,True
4458,139,5,5,0.6141838431358337,True
4459,139,1,1,0.8548256158828735,True
4460,139,8,8,0.9995598196983337,True
4461,139,1,1,0.9988057613372803,True
4462,139,9,9,0.9997197985649109,True
4463,139,0,3,0.42341136932373047,False
4464,139,4,4,0.5343148708343506,True
4465,139,0,0,0.9995482563972473,True
4466,139,8,8,0.9974600672721863,True
4467,139,5,3,0.5548301935195923,False
4468,139,9,9,0.9999943971633911,True
4469,139,4,2,0.4608071446418762,False
4470,139,1,3,0.902601420879364,False
4471,139,2,2,0.9991618394851685,True
4472,139,7,7,0.5372893810272217,True
4473,139,5,5,0.9857736229896545,True
4474,139,5,5,0.944313645362854,True
4475,139,7,7,0.6273819804191589,True
4476,139,0,0,0.995834469795227,True
4477,139,0,0,0.9882211089134216,True
4478,139,7,7,0.8925274014472961,True
4479,139,6,3,0.250824511051178,False
4480,140,1,1,0.9839720726013184,True
4481,140,2,2,0.9743329286575317,True
4482,140,6,0,0.8944854736328125,False
4483,140,1,1,0.9041827321052551,True
4484,140,1,1,0.9777917265892029,True
4485,140,4,9,0.3783237040042877,False
4486,140,9,9,0.9999985694885254,True
4487,140,7,7,0.6952366232872009,True
4488,140,2,1,0.8414151072502136,False
4489,140,8,8,0.9994922876358032,True
4490,140,0,0,0.9962642788887024,True
4491,140,2,8,0.9826368689537048,False
4492,140,7,7,0.9708638191223145,True
4493,140,1,1,0.9246305227279663,True
4494,140,9,9,0.9997453093528748,True
4495,140,5,9,0.9507384896278381,False
4496,140,9,9,0.9882922768592834,True
4497,140,8,8,0.9999878406524658,True
4498,140,3,3,0.9469334483146667,True
4499,140,4,2,0.9903516173362732,False
4500,140,2,2,0.8940750360488892,True
4501,140,1,1,0.9947198629379272,True
4502,140,8,8,0.9382367730140686,True
4503,140,1,8,0.8632221221923828,False
4504,140,5,5,0.8801173567771912,True
4505,140,7,1,0.9914194345474243,False
4506,140,9,9,0.9999828338623047,True
4507,140,0,3,0.9143475294113159,False
4508,140,5,5,0.9920816421508789,True
4509,140,1,1,0.5653239488601685,True
4510,140,5,5,0.9809196591377258,True
4511,140,4,3,0.9837194085121155,False
4512,141,6,1,0.48411136865615845,False
4513,141,9,9,1.0,True
4514,141,4,4,0.7253378033638,True
4515,141,9,9,0.9999994039535522,True
4516,141,1,1,0.9687312245368958,True
4517,141,3,3,0.9881693124771118,True
4518,141,4,9,0.7384619116783142,False
4519,141,7,7,0.5314664244651794,True
4520,141,3,2,0.5201687812805176,False
4521,141,0,0,0.9955629110336304,True
4522,141,6,8,0.35603389143943787,False
4523,141,6,0,0.5917023420333862,False
4524,141,5,5,0.9532966017723083,True
4525,141,7,1,0.8572009801864624,False
4526,141,2,2,0.9986139535903931,True
4527,141,3,3,0.9791608452796936,True
4528,141,7,1,0.4480261206626892,False
4529,141,7,7,0.9266460537910461,True
4530,141,9,9,0.9991258978843689,True
4531,141,6,2,0.9684209823608398,False
4532,141,2,2,0.8522135615348816,True
4533,141,4,4,0.8990302085876465,True
4534,141,4,3,0.7409814596176147,False
4535,141,1,1,0.9538093209266663,True
4536,141,2,5,0.7080457210540771,False
4537,141,9,9,0.9966592788696289,True
4538,141,5,5,0.7141762375831604,True
4539,141,3,3,0.9963335990905762,True
4540,141,7,1,0.6923723816871643,False
4541,141,5,5,0.9985197186470032,True
4542,141,2,2,0.9776548147201538,True
4543,141,5,5,0.8838714957237244,True
4544,142,5,5,0.9983478784561157,True
4545,142,3,8,0.7223052382469177,False
4546,142,9,9,0.9975787997245789,True
4547,142,8,8,0.9788854718208313,True
4548,142,8,8,0.9251151084899902,True
4549,142,1,1,0.7855241894721985,True
4550,142,6,5,0.580442488193512,False
4551,142,8,8,0.9999097585678101,True
4552,142,2,2,0.8574038147926331,True
4553,142,4,4,0.6448492407798767,True
4554,142,8,8,0.981902003288269,True
4555,142,0,0,0.9990712404251099,True
4556,142,7,7,0.7269605398178101,True
4557,142,2,2,0.9998781681060791,True
4558,142,2,2,0.9913504123687744,True
4559,142,9,9,0.9985163807868958,True
4560,142,4,4,0.7486617565155029,True
4561,142,6,2,0.9324674606323242,False
4562,142,9,9,0.9985717535018921,True
4563,142,9,9,0.9994713664054871,True
4564,142,0,0,0.9995996356010437,True
4565,142,7,7,0.9690420031547546,True
4566,142,6,8,0.385614275932312,False
4567,142,5,5,0.8303514122962952,True
4568,142,6,5,0.3331451714038849,False
4569,142,4,3,0.4498539865016937,False
4570,142,6,3,0.6329855918884277,False
4571,142,0,0,0.8667329549789429,True
4572,142,9,9,0.9978399276733398,True
4573,142,3,8,0.8713665008544922,False
4574,142,6,5,0.4202095866203308,False
4575,142,0,0,0.996589183807373,True
4576,143,8,8,0.9996662139892578,True
4577,143,8,8,0.9920139908790588,True
4578,143,7,7,0.8645972013473511,True
4579,143,2,2,0.9828349351882935,True
4580,143,6,8,0.996276319026947,False
4581,143,3,3,0.9984356760978699,True
4582,143,7,2,0.259015291929245,False
4583,143,4,3,0.8906412720680237,False
4584,143,8,3,0.7853826284408569,False
4585,143,5,5,0.5149968862533569,True
4586,143,1,1,0.9258346557617188,True
4587,143,8,8,0.7394418716430664,True
4588,143,9,9,0.9979875087738037,True
4589,143,4,3,0.9426506757736206,False
4590,143,6,2,0.981674075126648,False
4591,143,4,3,0.5004066824913025,False
4592,143,8,8,0.9817827343940735,True
4593,143,0,0,0.9947997331619263,True
4594,143,8,8,0.9952911138534546,True
4595,143,8,8,0.9871046543121338,True
4596,143,9,9,0.973389208316803,True
4597,143,1,1,0.9650103449821472,True
4598,143,5,5,0.8268937468528748,True
4599,143,9,9,0.9520086646080017,True
4600,143,6,2,0.8512503504753113,False
4601,143,8,8,0.9996726512908936,True
4602,143,2,2,0.9955583810806274,True
4603,143,9,9,0.9997051358222961,True
4604,143,2,2,0.9890790581703186,True
4605,143,8,8,0.9998266100883484,True
4606,143,8,8,0.998677670955658,True
4607,143,5,0,0.5174259543418884,False
4608,144,7,9,0.6526557207107544,False
4609,144,7,7,0.5081130266189575,True
4610,144,1,1,0.8870883584022522,True
4611,144,5,5,0.9995505213737488,True
4612,144,0,0,0.9904588460922241,True
4613,144,5,5,0.9728997349739075,True
4614,144,9,9,0.9993758797645569,True
4615,144,2,2,0.7127437591552734,True
4616,144,4,4,0.45936793088912964,True
4617,144,6,6,0.9811660647392273,True
4618,144,3,8,0.919988214969635,False
4619,144,4,3,0.6985282897949219,False
4620,144,0,8,0.7308525443077087,False
4621,144,4,4,0.5703004598617554,True
4622,144,0,3,0.9194023013114929,False
4623,144,8,8,0.9992066025733948,True
4624,144,0,0,0.999605119228363,True
4625,144,5,5,0.9837244749069214,True
4626,144,7,1,0.9783583879470825,False
4627,144,5,5,0.9611141085624695,True
4628,144,5,5,0.9665520787239075,True
4629,144,7,9,0.31917181611061096,False
4630,144,3,3,0.8422580361366272,True
4631,144,9,9,0.9998522996902466,True
4632,144,5,5,0.6340302228927612,True
4633,144,6,3,0.9891676902770996,False
4634,144,2,2,0.9995180368423462,True
4635,144,6,0,0.9951614737510681,False
4636,144,4,3,0.4858381748199463,False
4637,144,9,9,0.9994877576828003,True
4638,144,6,5,0.22825931012630463,False
4639,144,2,1,0.985697865486145,False
4640,145,4,3,0.884524941444397,False
4641,145,3,3,0.9926665425300598,True
4642,145,1,1,0.9489078521728516,True
4643,145,3,3,0.9723871350288391,True
4644,145,2,2,0.9971259236335754,True
4645,145,5,2,0.6820191740989685,False
4646,145,0,0,0.9891605973243713,True
4647,145,2,2,0.990206778049469,True
4648,145,2,2,0.9986230134963989,True
4649,145,8,8,0.5735938549041748,True
4650,145,9,9,0.9994714856147766,True
4651,145,8,0,0.6624301671981812,False
4652,145,9,9,0.9985929131507874,True
4653,145,4,3,0.6338080763816833,False
4654,145,6,3,0.965994656085968,False
4655,145,9,9,0.999772846698761,True
4656,145,0,0,0.9999325275421143,True
4657,145,7,1,0.5376669764518738,False
4658,145,6,6,0.35028254985809326,True
4659,145,6,0,0.9385215640068054,False
4660,145,5,5,0.9961394667625427,True
4661,145,6,2,0.8581075668334961,False
4662,145,5,3,0.7420234084129333,False
4663,145,2,2,0.8046935200691223,True
4664,145,1,1,0.7655364274978638,True
4665,145,1,2,0.9939782619476318,False
4666,145,6,6,0.8935791850090027,True
4667,145,3,0,0.6026568412780762,False
4668,145,9,9,0.9992555975914001,True
4669,145,3,3,0.7563470005989075,True
4670,145,4,4,0.9419903755187988,True
4671,145,2,2,0.9586158990859985,True
4672,146,0,0,0.9995179176330566,True
4673,146,9,9,0.9876264929771423,True
4674,146,2,2,0.9287575483322144,True
4675,146,1,1,0.9615293741226196,True
4676,146,4,3,0.7829374074935913,False
4677,146,3,2,0.6308150291442871,False
4678,146,5,5,0.9783333539962769,True
4679,146,9,9,0.9634235501289368,True
4680,146,0,8,0.7347654104232788,False
4681,146,9,9,0.9999992847442627,True
4682,146,6,3,0.28579041361808777,False
4683,146,8,8,0.9999381303787231,True
4684,146,3,2,0.9706997871398926,False
4685,146,9,9,0.994268536567688,True
4686,146,3,3,0.985102653503418,True
4687,146,6,4,0.3461928367614746,False
4688,146,3,2,0.52196204662323,False
4689,146,8,8,0.9999430179595947,True
4690,146,2,2,0.7674124836921692,True
4691,146,4,1,0.717164158821106,False
4692,146,8,8,0.9997155070304871,True
4693,146,4,2,0.7886608839035034,False
4694,146,1,2,0.9722280502319336,False
4695,146,5,3,0.7912420630455017,False
4696,146,3,0,0.48246437311172485,False
4697,146,1,1,0.8802264332771301,True
4698,146,2,2,0.8774228096008301,True
4699,146,5,5,0.9665201306343079,True
4700,146,4,3,0.8660631775856018,False
4701,146,9,9,0.9998176693916321,True
4702,146,8,8,0.999030590057373,True
4703,146,1,1,0.9982428550720215,True
4704,147,5,3,0.942911684513092,False
4705,147,2,2,0.9958802461624146,True
4706,147,8,8,0.555184543132782,True
4707,147,2,2,0.9743728637695312,True
4708,147,1,1,0.990924596786499,True
4709,147,2,2,0.9993247985839844,True
4710,147,1,1,0.9818587899208069,True
4711,147,3,3,0.9983774423599243,True
4712,147,0,0,0.9958556294441223,True
4713,147,0,0,0.7250893712043762,True
4714,147,9,9,0.6400553584098816,True
4715,147,8,8,0.9371236562728882,True
4716,147,6,2,0.990708589553833,False
4717,147,2,2,0.9946897029876709,True
4718,147,2,2,0.7862434387207031,True
4719,147,7,2,0.8124204277992249,False
4720,147,4,3,0.9266170859336853,False
4721,147,7,1,0.8209204077720642,False
4722,147,1,1,0.9787014722824097,True
4723,147,3,2,0.630699634552002,False
4724,147,7,7,0.9999873638153076,True
4725,147,4,2,0.43399950861930847,False
4726,147,0,0,0.9861251711845398,True
4727,147,6,2,0.5545451045036316,False
4728,147,1,1,0.9628785848617554,True
4729,147,9,9,0.9954687356948853,True
4730,147,8,8,0.9984546899795532,True
4731,147,8,8,0.9251765608787537,True
4732,147,8,8,0.999855637550354,True
4733,147,4,3,0.9804758429527283,False
4734,147,1,1,0.5435750484466553,True
4735,147,0,0,0.9999328851699829,True
4736,148,2,2,0.9990769624710083,True
4737,148,3,3,0.9158453941345215,True
4738,148,9,9,0.9997957348823547,True
4739,148,1,1,0.9297826886177063,True
4740,148,9,9,0.9918087124824524,True
4741,148,0,0,0.9895977973937988,True
4742,148,3,3,0.8476142883300781,True
4743,148,4,3,0.8817716240882874,False
4744,148,6,0,0.7171908617019653,False
4745,148,9,9,0.9976562261581421,True
4746,148,9,9,0.9999138116836548,True
4747,148,7,1,0.3920876681804657,False
4748,148,8,8,0.9972856044769287,True
4749,148,2,2,0.980890154838562,True
4750,148,7,7,0.9989792108535767,True
4751,148,2,3,0.6701120734214783,False
4752,148,7,9,0.5027467012405396,False
4753,148,8,8,0.9997120499610901,True
4754,148,3,3,0.9905885457992554,True
4755,148,1,1,0.9774532914161682,True
4756,148,6,5,0.3240874707698822,False
4757,148,1,1,0.9876991510391235,True
4758,148,7,7,0.35860908031463623,True
4759,148,1,1,0.997305154800415,True
4760,148,4,9,0.3437763750553131,False
4761,148,9,9,0.9998906850814819,True
4762,148,6,6,0.5384845733642578,True
4763,148,2,2,0.854330837726593,True
4764,148,7,7,0.9688577651977539,True
4765,148,6,9,0.6407901048660278,False
4766,148,2,2,0.994465172290802,True
4767,148,3,3,0.9691641330718994,True
4768,149,5,3,0.7650195956230164,False
4769,149,2,2,0.7842137813568115,True
4770,149,6,4,0.6932904720306396,False
4771,149,6,0,0.9140325784683228,False
4772,149,1,1,0.9975218176841736,True
4773,149,6,6,0.9186863899230957,True
4774,149,1,1,0.9961217045783997,True
4775,149,5,5,0.969464898109436,True
4776,149,9,9,0.9995703101158142,True
4777,149,6,6,0.9778261184692383,True
4778,149,7,7,0.9122776985168457,True
4779,149,8,8,0.9999223947525024,True
4780,149,7,7,0.4665156304836273,True
4781,149,1,1,0.9982786178588867,True
4782,149,9,9,0.9979718327522278,True
4783,149,8,8,0.9956167936325073,True
4784,149,4,2,0.4943050146102905,False
4785,149,1,1,0.5179671049118042,True
4786,149,4,4,0.3510797619819641,True
4787,149,7,7,0.9906759262084961,True
4788,149,7,3,0.49674102663993835,False
4789,149,1,1,0.9635881185531616,True
4790,149,2,9,0.4829097092151642,False
4791,149,0,0,0.892887532711029,True
4792,149,4,3,0.9846292734146118,False
4793,149,9,9,0.9990924596786499,True
4794,149,4,3,0.9833692908287048,False
4795,149,9,9,0.9973545074462891,True
4796,149,9,9,0.626437783241272,True
4797,149,1,1,0.6000558137893677,True
4798,149,1,9,0.5703022480010986,False
4799,149,9,9,0.9996504783630371,True
4800,150,2,2,0.9962397813796997,True
4801,150,2,2,0.6805729269981384,True
4802,150,5,5,0.9938849806785583,True
4803,150,0,8,0.5917752385139465,False
4804,150,1,1,0.9961444139480591,True
4805,150,5,5,0.9972779154777527,True
4806,150,4,9,0.8117937445640564,False
4807,150,2,2,0.9360403418540955,True
4808,150,0,0,0.807610809803009,True
4809,150,1,1,0.9989942908287048,True
4810,150,8,8,0.9999165534973145,True
4811,150,2,5,0.7331247925758362,False
4812,150,4,3,0.4760914146900177,False
4813,150,0,0,0.9390563368797302,True
4814,150,4,3,0.4632820785045624,False
4815,150,1,1,0.9508797526359558,True
4816,150,4,2,0.4226360023021698,False
4817,150,0,0,0.9956455826759338,True
4818,150,4,3,0.7322663068771362,False
4819,150,3,3,0.91485595703125,True
4820,150,6,2,0.8989859819412231,False
4821,150,7,9,0.615493655204773,False
4822,150,0,5,0.539131760597229,False
4823,150,7,9,0.43228089809417725,False
4824,150,2,2,0.6570237874984741,True
4825,150,3,3,0.778883159160614,True
4826,150,0,0,0.6273059844970703,True
4827,150,3,3,0.7843196988105774,True
4828,150,1,2,0.6694400906562805,False
4829,150,4,2,0.38308894634246826,False
4830,150,5,5,0.9814234375953674,True
4831,150,1,1,0.997089684009552,True
4832,151,6,4,0.9099595546722412,False
4833,151,8,8,0.9999700784683228,True
4834,151,9,9,0.9996961355209351,True
4835,151,0,0,0.8717249035835266,True
4836,151,0,8,0.9823170900344849,False
4837,151,7,7,0.42765066027641296,True
4838,151,2,2,0.8736856579780579,True
4839,151,7,7,0.6287309527397156,True
4840,151,4,9,0.3478379547595978,False
4841,151,5,5,0.9897229671478271,True
4842,151,6,4,0.6995669007301331,False
4843,151,8,8,0.9998953342437744,True
4844,151,7,7,0.5795686841011047,True
4845,151,0,0,0.9863476753234863,True
4846,151,0,0,0.35997745394706726,True
4847,151,3,3,0.9980756044387817,True
4848,151,8,8,0.9996744394302368,True
4849,151,6,2,0.9864882826805115,False
4850,151,0,0,0.998603880405426,True
4851,151,8,8,0.999692440032959,True
4852,151,2,2,0.9629248976707458,True
4853,151,9,9,1.0,True
4854,151,6,5,0.5637266039848328,False
4855,151,8,8,0.9987132549285889,True
4856,151,3,5,0.5779361724853516,False
4857,151,0,0,0.9945769309997559,True
4858,151,1,1,0.9931796789169312,True
4859,151,9,9,0.9971542358398438,True
4860,151,2,2,0.9985612034797668,True
4861,151,1,8,0.42324498295783997,False
4862,151,1,2,0.6137968301773071,False
4863,151,3,3,0.5008043050765991,True
4864,152,2,2,0.9798822999000549,True
4865,152,3,3,0.8372141122817993,True
4866,152,4,4,0.9199213981628418,True
4867,152,1,1,0.5384979248046875,True
4868,152,4,4,0.5369176864624023,True
4869,152,7,1,0.9028697609901428,False
4870,152,7,9,0.49909743666648865,False
4871,152,3,3,0.9425739049911499,True
4872,152,8,8,0.9058441519737244,True
4873,152,7,9,0.5509147047996521,False
4874,152,6,0,0.5583866238594055,False
4875,152,1,1,0.9128748774528503,True
4876,152,7,7,0.871310293674469,True
4877,152,7,1,0.8215268850326538,False
4878,152,7,7,0.9828853607177734,True
4879,152,3,3,0.8623456358909607,True
4880,152,9,9,0.9933531284332275,True
4881,152,9,9,0.9989235997200012,True
4882,152,5,5,0.5084103941917419,True
4883,152,9,9,0.9993451237678528,True
4884,152,9,9,0.9981685876846313,True
4885,152,6,0,0.9946439266204834,False
4886,152,5,5,0.9974966645240784,True
4887,152,0,0,0.9880812168121338,True
4888,152,5,5,0.9586543440818787,True
4889,152,8,8,0.9944796562194824,True
4890,152,2,2,0.9929577112197876,True
4891,152,6,6,0.9556030035018921,True
4892,152,4,2,0.48892879486083984,False
4893,152,7,3,0.4983639121055603,False
4894,152,0,0,0.9941821694374084,True
4895,152,5,5,0.8977570533752441,True
4896,153,1,1,0.8674524426460266,True
4897,153,3,3,0.9949223399162292,True
4898,153,0,0,0.995745837688446,True
4899,153,1,1,0.8816044330596924,True
4900,153,6,2,0.9584676027297974,False
4901,153,3,3,0.8171382546424866,True
4902,153,8,8,0.9952830672264099,True
4903,153,2,2,0.9995063543319702,True
4904,153,9,9,0.6326024532318115,True
4905,153,5,5,0.9564717411994934,True
4906,153,2,9,0.6849209070205688,False
4907,153,4,4,0.9262527227401733,True
4908,153,0,3,0.7118971943855286,False
4909,153,2,2,0.9995300769805908,True
4910,153,1,1,0.7937729954719543,True
4911,153,3,3,0.9972923398017883,True
4912,153,4,3,0.5486925840377808,False
4913,153,3,3,0.997445821762085,True
4914,153,0,0,0.926470935344696,True
4915,153,7,1,0.370197594165802,False
4916,153,7,1,0.8447272777557373,False
4917,153,6,0,0.9560377597808838,False
4918,153,9,9,0.9999340772628784,True
4919,153,1,5,0.9895221590995789,False
4920,153,5,5,0.8719804286956787,True
4921,153,5,5,0.9967803955078125,True
4922,153,9,9,0.871775209903717,True
4923,153,6,3,0.6833733916282654,False
4924,153,0,0,0.9861591458320618,True
4925,153,6,2,0.8421175479888916,False
4926,153,1,1,0.9733918309211731,True
4927,153,0,0,0.5194812417030334,True
4928,154,7,7,0.7131286859512329,True
4929,154,8,8,0.9999517202377319,True
4930,154,1,1,0.9948717951774597,True
4931,154,4,3,0.41411080956459045,False
4932,154,1,1,0.6822020411491394,True
4933,154,8,8,0.9999761581420898,True
4934,154,6,5,0.595097541809082,False
4935,154,9,9,0.9999947547912598,True
4936,154,1,1,0.9679323434829712,True
4937,154,7,7,0.635237455368042,True
4938,154,6,0,0.6316853761672974,False
4939,154,0,0,0.9982662796974182,True
4940,154,1,1,0.983974039554596,True
4941,154,5,0,0.9931312203407288,False
4942,154,7,3,0.9742480516433716,False
4943,154,4,3,0.9519639015197754,False
4944,154,9,9,0.9999794960021973,True
4945,154,9,9,0.9971629977226257,True
4946,154,1,2,0.6882351040840149,False
4947,154,9,9,0.9994871616363525,True
4948,154,4,9,0.580153226852417,False
4949,154,6,6,0.38133877515792847,True
4950,154,0,0,0.9976196885108948,True
4951,154,8,8,0.9999443292617798,True
4952,154,9,9,0.9997672438621521,True
4953,154,9,9,0.998087465763092,True
4954,154,4,3,0.9272361397743225,False
4955,154,6,9,0.5347654223442078,False
4956,154,4,9,0.993043065071106,False
4957,154,8,8,0.999853253364563,True
4958,154,3,3,0.8414429426193237,True
4959,154,0,0,0.996394693851471,True
4960,155,4,3,0.485616534948349,False
4961,155,6,0,0.8876320719718933,False
4962,155,8,9,0.5679504871368408,False
4963,155,1,1,0.9719569683074951,True
4964,155,7,7,0.702396810054779,True
4965,155,5,0,0.9934341907501221,False
4966,155,1,1,0.9947651624679565,True
4967,155,5,5,0.9723700284957886,True
4968,155,9,9,0.999085545539856,True
4969,155,7,1,0.9913621544837952,False
4970,155,2,2,0.774466335773468,True
4971,155,5,3,0.42511194944381714,False
4972,155,1,1,0.9990715980529785,True
4973,155,8,8,0.9866668581962585,True
4974,155,9,2,0.8398072719573975,False
4975,155,5,5,0.9901525378227234,True
4976,155,1,1,0.7308180928230286,True
4977,155,4,4,0.9933803081512451,True
4978,155,6,0,0.632238507270813,False
4979,155,2,2,0.994125485420227,True
4980,155,5,5,0.9982796907424927,True
4981,155,6,8,0.5789240002632141,False
4982,155,5,5,0.9887403845787048,True
4983,155,4,2,0.3997179865837097,False
4984,155,2,2,0.9014127850532532,True
4985,155,1,1,0.9880557060241699,True
4986,155,1,1,0.9877209067344666,True
4987,155,3,3,0.9928134083747864,True
4988,155,2,2,0.5977014899253845,True
4989,155,9,9,0.9911160469055176,True
4990,155,1,1,0.566953182220459,True
4991,155,5,5,0.9886355400085449,True
4992,156,8,8,0.9995644688606262,True
4993,156,7,7,0.9934694766998291,True
4994,156,7,1,0.6534483432769775,False
4995,156,1,1,0.9849833846092224,True
4996,156,4,3,0.9599499702453613,False
4997,156,4,4,0.7113136053085327,True
4998,156,6,6,0.46155110001564026,True
4999,156,2,2,0.7841001749038696,True
5000,156,1,1,0.7649465203285217,True
5001,156,9,9,0.999997615814209,True
5002,156,2,2,0.999498724937439,True
5003,156,9,9,0.8293502330780029,True
5004,156,1,1,0.9858635067939758,True
5005,156,6,6,0.3984529972076416,True
5006,156,7,7,0.8311667442321777,True
5007,156,9,9,0.9989966750144958,True
5008,156,5,5,0.9976810216903687,True
5009,156,1,1,0.9961597919464111,True
5010,156,7,1,0.4328397214412689,False
5011,156,6,3,0.858091413974762,False
5012,156,1,3,0.7379470467567444,False
5013,156,2,2,0.9795283079147339,True
5014,156,9,9,0.9992995262145996,True
5015,156,8,8,0.706163763999939,True
5016,156,6,3,0.5075162649154663,False
5017,156,6,2,0.9029421806335449,False
5018,156,4,3,0.7688592672348022,False
5019,156,1,1,0.9716233015060425,True
5020,156,4,4,0.8365082144737244,True
5021,156,5,5,0.8995277285575867,True
5022,156,8,8,0.9997122883796692,True
5023,156,5,5,0.8695417046546936,True
5024,157,1,1,0.9963944554328918,True
5025,157,7,7,0.8152677416801453,True
5026,157,0,0,0.8989874124526978,True
5027,157,7,7,0.7320545315742493,True
5028,157,2,3,0.4448554813861847,False
5029,157,2,2,0.7773183584213257,True
5030,157,0,0,0.996025800704956,True
5031,157,2,2,0.9804907441139221,True
5032,157,1,1,0.9970096349716187,True
5033,157,7,7,0.9927229285240173,True
5034,157,8,8,0.9998297691345215,True
5035,157,7,7,0.8025422096252441,True
5036,157,4,3,0.5689373016357422,False
5037,157,1,1,0.922707736492157,True
5038,157,2,2,0.98570317029953,True
5039,157,2,2,0.9904407262802124,True
5040,157,6,2,0.6074106693267822,False
5041,157,1,8,0.7638817429542542,False
5042,157,4,2,0.4990522861480713,False
5043,157,5,5,0.904229462146759,True
5044,157,9,9,0.9985359907150269,True
5045,157,5,5,0.9537427425384521,True
5046,157,1,1,0.9943821430206299,True
5047,157,8,8,0.9563210010528564,True
5048,157,0,0,0.7442290782928467,True
5049,157,1,1,0.9585741758346558,True
5050,157,0,0,0.9940692186355591,True
5051,157,1,1,0.9955412745475769,True
5052,157,1,1,0.9806369543075562,True
5053,157,4,4,0.9066831469535828,True
5054,157,7,7,0.5638827681541443,True
5055,157,8,8,0.9868254065513611,True
5056,158,8,8,0.998696506023407,True
5057,158,6,0,0.5024083256721497,False
5058,158,0,0,0.966731071472168,True
5059,158,8,8,0.9999284744262695,True
5060,158,7,7,0.9034263491630554,True
5061,158,6,2,0.8957911729812622,False
5062,158,7,1,0.6513686180114746,False
5063,158,0,0,0.8581688404083252,True
5064,158,2,3,0.43405744433403015,False
5065,158,6,2,0.9087516069412231,False
5066,158,4,3,0.38450148701667786,False
5067,158,1,1,0.9465864300727844,True
5068,158,2,2,0.9913169145584106,True
5069,158,2,2,0.9983899593353271,True
5070,158,9,9,0.9989595413208008,True
5071,158,1,1,0.9655043482780457,True
5072,158,2,2,0.9926283359527588,True
5073,158,8,8,0.7741678357124329,True
5074,158,8,8,0.9999971389770508,True
5075,158,9,9,0.9980838298797607,True
5076,158,9,9,0.9971567392349243,True
5077,158,6,5,0.6567469835281372,False
5078,158,7,7,0.6351014971733093,True
5079,158,7,7,0.7419220209121704,True
5080,158,1,1,0.9906991124153137,True
5081,158,1,3,0.7631718516349792,False
5082,158,0,0,0.6582889556884766,True
5083,158,1,1,0.944074273109436,True
5084,158,4,8,0.5362955331802368,False
5085,158,9,9,0.9998291730880737,True
5086,158,1,1,0.9945390820503235,True
5087,158,5,5,0.7766814231872559,True
5088,159,5,5,0.986866295337677,True
5089,159,5,5,0.9951438903808594,True
5090,159,4,3,0.7536457180976868,False
5091,159,0,0,0.9965941309928894,True
5092,159,7,1,0.502293050289154,False
5093,159,7,1,0.7660665512084961,False
5094,159,9,9,0.9991390705108643,True
5095,159,7,7,0.9231316447257996,True
5096,159,6,5,0.5876266360282898,False
5097,159,1,1,0.8661983609199524,True
5098,159,1,1,0.7385865449905396,True
5099,159,7,2,0.587555468082428,False
5100,159,0,0,0.7744172811508179,True
5101,159,2,2,0.9557893872261047,True
5102,159,7,7,0.9954206347465515,True
5103,159,4,4,0.8069558143615723,True
5104,159,5,0,0.9006385803222656,False
5105,159,2,2,0.838770866394043,True
5106,159,4,3,0.4949088990688324,False
5107,159,2,2,0.9825100302696228,True
5108,159,1,1,0.9438852071762085,True
5109,159,4,9,0.7059868574142456,False
5110,159,3,8,0.9001706838607788,False
5111,159,1,1,0.9905712604522705,True
5112,159,4,3,0.23403511941432953,False
5113,159,0,3,0.5783751606941223,False
5114,159,6,0,0.8727717399597168,False
5115,159,0,8,0.9679533243179321,False
5116,159,2,2,0.9577986001968384,True
5117,159,5,5,0.5393782258033752,True
5118,159,0,0,0.9997761845588684,True
5119,159,2,2,0.5391089916229248,True
5120,160,3,0,0.6148934364318848,False
5121,160,9,9,0.9987521171569824,True
5122,160,4,3,0.5687877535820007,False
5123,160,8,8,0.9999533891677856,True
5124,160,5,5,0.5793920159339905,True
5125,160,6,4,0.49666526913642883,False
5126,160,4,3,0.9203212857246399,False
5127,160,2,2,0.8889937400817871,True
5128,160,7,1,0.9109348058700562,False
5129,160,3,0,0.7490809559822083,False
5130,160,1,8,0.8009231686592102,False
5131,160,0,0,0.9802066087722778,True
5132,160,1,1,0.9933215975761414,True
5133,160,0,0,0.9988376498222351,True
5134,160,0,0,0.945404589176178,True
5135,160,7,7,0.9996201992034912,True
5136,160,3,2,0.581229031085968,False
5137,160,0,0,0.9833855032920837,True
5138,160,6,2,0.9322049021720886,False
5139,160,0,0,0.9944201111793518,True
5140,160,2,2,0.9979029893875122,True
5141,160,5,3,0.9553146958351135,False
5142,160,0,0,0.6451555490493774,True
5143,160,3,3,0.586675763130188,True
5144,160,7,7,0.6744247674942017,True
5145,160,7,2,0.620144248008728,False
5146,160,3,8,0.7934864163398743,False
5147,160,0,0,0.8589829802513123,True
5148,160,0,0,0.9848207831382751,True
5149,160,2,2,0.9977337121963501,True
5150,160,2,2,0.9920226335525513,True
5151,160,6,0,0.772983729839325,False
5152,161,7,9,0.8277370929718018,False
5153,161,4,3,0.8336145281791687,False
5154,161,3,3,0.9348366260528564,True
5155,161,1,1,0.8200740218162537,True
5156,161,2,2,0.9931829571723938,True
5157,161,0,0,0.9967801570892334,True
5158,161,4,3,0.968410074710846,False
5159,161,2,2,0.9839161038398743,True
5160,161,2,2,0.8530360460281372,True
5161,161,6,0,0.3804626762866974,False
5162,161,0,3,0.3751966655254364,False
5163,161,3,3,0.8639612197875977,True
5164,161,8,8,0.992038369178772,True
5165,161,7,7,0.7839721441268921,True
5166,161,8,3,0.9195458889007568,False
5167,161,7,7,0.6491961479187012,True
5168,161,7,1,0.8059435486793518,False
5169,161,0,0,0.9910010695457458,True
5170,161,4,4,0.9175534844398499,True
5171,161,7,7,0.44317758083343506,True
5172,161,1,1,0.8153694272041321,True
5173,161,2,2,0.9873771071434021,True
5174,161,8,8,0.9935418367385864,True
5175,161,5,5,0.8024696111679077,True
5176,161,4,4,0.7266948223114014,True
5177,161,7,7,0.9987611770629883,True
5178,161,7,7,0.9997112154960632,True
5179,161,5,5,0.9981796741485596,True
5180,161,9,9,0.9938230514526367,True
5181,161,7,1,0.9202402234077454,False
5182,161,4,3,0.43286001682281494,False
5183,161,8,8,0.9958764314651489,True
5184,162,8,8,0.7815264463424683,True
5185,162,1,1,0.9382126331329346,True
5186,162,3,3,0.9343569278717041,True
5187,162,8,8,0.9857186675071716,True
5188,162,0,0,0.9810425043106079,True
5189,162,0,0,0.9392848014831543,True
5190,162,6,2,0.3553489148616791,False
5191,162,6,4,0.5583239793777466,False
5192,162,1,1,0.8225699663162231,True
5193,162,8,8,0.9997865557670593,True
5194,162,0,0,0.9974798560142517,True
5195,162,4,4,0.9505231380462646,True
5196,162,6,5,0.9586787819862366,False
5197,162,6,2,0.954855740070343,False
5198,162,6,2,0.8242216110229492,False
5199,162,4,2,0.5302258729934692,False
5200,162,2,2,0.9947676658630371,True
5201,162,8,8,0.9991074204444885,True
5202,162,1,1,0.9587011337280273,True
5203,162,1,1,0.5456273555755615,True
5204,162,0,5,0.8002800941467285,False
5205,162,6,0,0.44793835282325745,False
5206,162,5,3,0.7520914077758789,False
5207,162,3,5,0.500054121017456,False
5208,162,8,8,0.9965651631355286,True
5209,162,3,0,0.883388876914978,False
5210,162,9,9,0.9820642471313477,True
5211,162,9,9,0.9941943287849426,True
5212,162,8,8,0.9991123080253601,True
5213,162,0,0,0.7029609680175781,True
5214,162,0,0,0.9278756380081177,True
5215,162,2,2,0.9536361694335938,True
5216,163,7,9,0.7269601821899414,False
5217,163,3,3,0.9886301755905151,True
5218,163,9,9,0.9994357228279114,True
5219,163,0,0,0.9989393353462219,True
5220,163,4,4,0.9396387338638306,True
5221,163,2,9,0.7326585650444031,False
5222,163,1,2,0.7976646423339844,False
5223,163,0,0,0.9988018274307251,True
5224,163,0,9,0.42865392565727234,False
5225,163,9,9,0.9978790283203125,True
5226,163,4,2,0.4403667151927948,False
5227,163,1,1,0.998604953289032,True
5228,163,0,8,0.6041007041931152,False
5229,163,7,1,0.42700687050819397,False
5230,163,3,3,0.9712194800376892,True
5231,163,8,8,0.9668631553649902,True
5232,163,8,8,0.9369698762893677,True
5233,163,8,8,0.9999337196350098,True
5234,163,1,1,0.9594621062278748,True
5235,163,1,1,0.9985228180885315,True
5236,163,2,2,0.9416589736938477,True
5237,163,1,1,0.9968215227127075,True
5238,163,2,2,0.8194748759269714,True
5239,163,4,7,0.3130102753639221,False
5240,163,0,0,0.9982519745826721,True
5241,163,4,9,0.3955114185810089,False
5242,163,3,3,0.9489654898643494,True
5243,163,0,0,0.9856142401695251,True
5244,163,8,8,0.9971911311149597,True
5245,163,4,2,0.9775949120521545,False
5246,163,6,0,0.848422110080719,False
5247,163,4,9,0.5046908855438232,False
5248,164,1,3,0.43766725063323975,False
5249,164,7,1,0.5333313345909119,False
5250,164,9,9,0.999407172203064,True
5251,164,7,7,0.9705991744995117,True
5252,164,5,5,0.7743423581123352,True
5253,164,5,5,0.98982834815979,True
5254,164,8,8,0.9993181228637695,True
5255,164,3,3,0.9833981990814209,True
5256,164,7,3,0.5995651483535767,False
5257,164,2,2,0.9229553937911987,True
5258,164,2,2,0.4847235381603241,True
5259,164,2,2,0.9356561303138733,True
5260,164,2,2,0.7427513599395752,True
5261,164,1,1,0.8146384358406067,True
5262,164,1,1,0.5990933179855347,True
5263,164,9,9,0.999976634979248,True
5264,164,4,4,0.8123831152915955,True
5265,164,5,5,0.9869197607040405,True
5266,164,5,5,0.8432052731513977,True
5267,164,8,8,0.9996774196624756,True
5268,164,0,0,0.8539652824401855,True
5269,164,4,8,0.7985267639160156,False
5270,164,2,2,0.8999490737915039,True
5271,164,6,4,0.6174346208572388,False
5272,164,6,0,0.561909019947052,False
5273,164,7,9,0.32940781116485596,False
5274,164,8,8,0.9981375932693481,True
5275,164,9,8,0.9211791157722473,False
5276,164,8,8,0.9959484934806824,True
5277,164,1,1,0.9865031242370605,True
5278,164,2,3,0.7528672218322754,False
5279,164,0,0,0.3525463044643402,True
5280,165,3,3,0.9509397149085999,True
5281,165,7,1,0.7138507962226868,False
5282,165,1,2,0.9502888321876526,False
5283,165,2,2,0.8565416932106018,True
5284,165,0,0,0.6155540347099304,True
5285,165,2,2,0.9682826399803162,True
5286,165,8,8,0.9999269247055054,True
5287,165,2,2,0.9737721681594849,True
5288,165,5,8,0.6074573993682861,False
5289,165,7,7,0.7392809391021729,True
5290,165,9,9,0.9860958456993103,True
5291,165,1,1,0.9970325231552124,True
5292,165,3,3,0.654043436050415,True
5293,165,1,1,0.9982271790504456,True
5294,165,8,8,0.9271187782287598,True
5295,165,2,2,0.9960147142410278,True
5296,165,2,2,0.975690484046936,True
5297,165,6,0,0.9162722229957581,False
5298,165,9,9,0.9999812841415405,True
5299,165,7,7,0.8378198742866516,True
5300,165,2,1,0.5978280901908875,False
5301,165,2,2,0.9914940595626831,True
5302,165,4,4,0.9372931718826294,True
5303,165,7,7,0.8053306937217712,True
5304,165,9,9,0.999705970287323,True
5305,165,8,8,0.9974036812782288,True
5306,165,2,2,0.9952800273895264,True
5307,165,9,9,0.9871847033500671,True
5308,165,8,8,0.9560547471046448,True
5309,165,7,3,0.4925761818885803,False
5310,165,9,9,0.9872122406959534,True
5311,165,6,3,0.613377034664154,False
5312,166,6,5,0.632498025894165,False
5313,166,5,5,0.9634527564048767,True
5314,166,0,0,0.9347515106201172,True
5315,166,6,6,0.9202683568000793,True
5316,166,6,6,0.7486236095428467,True
5317,166,7,7,0.9163737297058105,True
5318,166,0,0,0.9998457431793213,True
5319,166,0,0,0.9993568062782288,True
5320,166,0,0,0.9994557499885559,True
5321,166,2,5,0.8403223156929016,False
5322,166,4,3,0.9460247755050659,False
5323,166,9,9,0.9889892935752869,True
5324,166,5,5,0.8079453110694885,True
5325,166,0,0,0.9965733289718628,True
5326,166,8,8,0.9409868717193604,True
5327,166,1,1,0.9588850140571594,True
5328,166,6,2,0.70772784948349,False
5329,166,8,8,0.994929850101471,True
5330,166,5,0,0.9685347080230713,False
5331,166,6,6,0.3374582529067993,True
5332,166,6,3,0.8007290959358215,False
5333,166,3,3,0.8354117274284363,True
5334,166,6,0,0.4807368516921997,False
5335,166,4,4,0.99752277135849,True
5336,166,8,8,0.9952097535133362,True
5337,166,5,5,0.9549197554588318,True
5338,166,5,2,0.8749480247497559,False
5339,166,9,9,0.9980441331863403,True
5340,166,8,8,0.9999444484710693,True
5341,166,9,9,0.9999659061431885,True
5342,166,7,9,0.3607635200023651,False
5343,166,5,0,0.7260952591896057,False
5344,167,9,9,0.9999995231628418,True
5345,167,9,9,0.9990488886833191,True
5346,167,0,0,0.9507391452789307,True
5347,167,6,6,0.7792484760284424,True
5348,167,1,1,0.9623672366142273,True
5349,167,4,2,0.4077124297618866,False
5350,167,6,6,0.9132583737373352,True
5351,167,2,2,0.9246784448623657,True
5352,167,3,3,0.4840525686740875,True
5353,167,1,1,0.9776395559310913,True
5354,167,7,9,0.5085492730140686,False
5355,167,6,9,0.3702707588672638,False
5356,167,9,9,0.9999988079071045,True
5357,167,3,3,0.7941859364509583,True
5358,167,7,7,0.8182790279388428,True
5359,167,3,2,0.9215219616889954,False
5360,167,1,1,0.670963704586029,True
5361,167,2,2,0.986716628074646,True
5362,167,7,9,0.6268934607505798,False
5363,167,7,3,0.6274518370628357,False
5364,167,7,7,0.9062325954437256,True
5365,167,6,3,0.9757807850837708,False
5366,167,2,2,0.9815461039543152,True
5367,167,8,3,0.8451412320137024,False
5368,167,1,1,0.974664032459259,True
5369,167,8,8,0.9974355101585388,True
5370,167,7,7,0.8538163900375366,True
5371,167,8,8,0.9998317956924438,True
5372,167,0,0,0.9883100986480713,True
5373,167,3,0,0.6099447011947632,False
5374,167,3,8,0.48846325278282166,False
5375,167,0,0,0.9987472295761108,True
5376,168,4,8,0.24122871458530426,False
5377,168,5,5,0.9384806156158447,True
5378,168,4,3,0.6818704009056091,False
5379,168,5,5,0.9865864515304565,True
5380,168,9,9,0.9903302192687988,True
5381,168,0,0,0.9917237162590027,True
5382,168,3,3,0.9967369437217712,True
5383,168,9,9,0.9999908208847046,True
5384,168,2,2,0.5619192123413086,True
5385,168,7,1,0.6148005723953247,False
5386,168,0,8,0.6298770308494568,False
5387,168,2,2,0.8362075686454773,True
5388,168,7,2,0.7615203261375427,False
5389,168,9,9,0.9975458979606628,True
5390,168,8,8,0.997022807598114,True
5391,168,4,4,0.48323869705200195,True
5392,168,3,3,0.6849834322929382,True
5393,168,9,9,0.9990053772926331,True
5394,168,7,1,0.4086533188819885,False
5395,168,3,3,0.9367710947990417,True
5396,168,4,3,0.8145930767059326,False
5397,168,1,1,0.9022333025932312,True
5398,168,1,1,0.9811825156211853,True
5399,168,0,0,0.7071090340614319,True
