sample_index,path,true_label,true_class,predicted_label,predicted_class,confidence,correct,dim1,dim2
0,C:\Users\DELL Precision 5550\Documents\GitHub\Terrasight-Eurosat-RGB-vs-Multispectral\data\raw\rgb\AnnualCrop\AnnualCrop_2035.jpg,0,AnnualCrop,0,AnnualCrop,0.9994254112243652,True,37.44122,1.3226018
1,C:\Users\DELL Precision 5550\Documents\GitHub\Terrasight-Eurosat-RGB-vs-Multispectral\data\raw\rgb\Industrial\Industrial_926.jpg,4,Industrial,4,Industrial,0.998448371887207,True,-0.014687432,-60.64057
2,C:\Users\DELL Precision 5550\Documents\GitHub\Terrasight-Eurosat-RGB-vs-Multispectral\data\raw\rgb\AnnualCrop\AnnualCrop_705.jpg,0,AnnualCrop,0,AnnualCrop,0.9983653426170349,True,34.7605,1.5753326
3,C:\Users\DELL Precision 5550\Documents\GitHub\Terrasight-Eurosat-RGB-vs-Multispectral\data\raw\rgb\Forest\Forest_2954.jpg,1,Forest,1,Forest,0.9999885559082031,True,-51.89758,13.796355
4,C:\Users\DELL Precision 5550\Documents\GitHub\Terrasight-Eurosat-RGB-vs-Multispectral\data\raw\rgb\Industrial\Industrial_70.jpg,4,Industrial,4,Industrial,0.9999568462371826,True,5.1691966,-56.42682
5,C:\Users\DELL Precision 5550\Documents\GitHub\Terrasight-Eurosat-RGB-vs-Multispectral\data\raw\rgb\PermanentCrop\PermanentCrop_1176.jpg,6,PermanentCrop,6,PermanentCrop,0.9999992847442627,True,9.186747,-24.501318
6,C:\Users\DELL Precision 5550\Documents\GitHub\Terrasight-Eurosat-RGB-vs-Multispectral\data\raw\rgb\HerbaceousVegetation\HerbaceousVegetation_2302.jpg,2,HerbaceousVegetation,2,HerbaceousVegetation,0.9998749494552612,True,-13.157779,-10.27667
7,C:\Users\DELL Precision 5550\Documents\GitHub\Terrasight-Eurosat-RGB-vs-Multispectral\data\raw\rgb\Pasture\Pasture_683.jpg,5,Pasture,5,Pasture,0.9947314262390137,True,-1.0546441,14.460352
8,C:\Users\DELL Precision 5550\Documents\GitHub\Terrasight-Eurosat-RGB-vs-Multispectral\data\raw\rgb\PermanentCrop\PermanentCrop_580.jpg,6,PermanentCrop,5,Pasture,0.48258328437805176,False,21.445942,0.8986351
9,C:\Users\DELL Precision 5550\Documents\GitHub\Terrasight-Eurosat-RGB-vs-Multispectral\data\raw\rgb\Pasture\Pasture_1171.jpg,5,Pasture,5,Pasture,0.9983454942703247,True,4.0027657,14.364327
10,C:\Users\DELL Precision 5550\Documents\GitHub\Terrasight-Eurosat-RGB-vs-Multispectral\data\raw\rgb\HerbaceousVegetation\HerbaceousVegetation_1929.jpg,2,HerbaceousVegetation,2,HerbaceousVegetation,0.9999898672103882,True,-23.399244,-5.902149
11,C:\Users\DELL Precision 5550\Documents\GitHub\Terrasight-Eurosat-RGB-vs-Multispectral\data\raw\rgb\SeaLake\SeaLake_1146.jpg,9,SeaLake,9,SeaLake,0.9999994039535522,True,-1.2247984,67.63287
12,C:\Users\DELL Precision 5550\Documents\GitHub\Terrasight-Eurosat-RGB-vs-Multispectral\data\raw\rgb\Highway\Highway_1805.jpg,3,Highway,3,Highway,0.9993388056755066,True,35.832737,-31.95562
13,C:\Users\DELL Precision 5550\Documents\GitHub\Terrasight-Eurosat-RGB-vs-Multispectral\data\raw\rgb\Forest\Forest_947.jpg,1,Forest,1,Forest,0.9999792575836182,True,-43.28072,29.95756
14,C:\Users\DELL Precision 5550\Documents\GitHub\Terrasight-Eurosat-RGB-vs-Multispectral\data\raw\rgb\Highway\Highway_2329.jpg,3,Highway,3,Highway,0.9999294281005859,True,44.508343,-22.397936
15,C:\Users\DELL Precision 5550\Documents\GitHub\Terrasight-Eurosat-RGB-vs-Multispectral\data\raw\rgb\SeaLake\SeaLake_2057.jpg,9,SeaLake,9,SeaLake,0.9997952580451965,True,-0.43937978,62.58558
16,C:\Users\DELL Precision 5550\Documents\GitHub\Terrasight-Eurosat-RGB-vs-Multispectral\data\raw\rgb\AnnualCrop\AnnualCrop_1674.jpg,0,AnnualCrop,0,AnnualCrop,0.9999872446060181,True,49.60478,6.6753197
17,C:\Users\DELL Precision 5550\Documents\GitHub\Terrasight-Eurosat-RGB-vs-Multispectral\data\raw\rgb\SeaLake\SeaLake_1387.jpg,9,SeaLake,9,SeaLake,0.9999765157699585,True,0.6211685,64.35472
18,C:\Users\DELL Precision 5550\Documents\GitHub\Terrasight-Eurosat-RGB-vs-Multispectral\data\raw\rgb\Forest\Forest_1109.jpg,1,Forest,1,Forest,0.8271496891975403,True,-39.016876,25.104176
19,C:\Users\DELL Precision 5550\Documents\GitHub\Terrasight-Eurosat-RGB-vs-Multispectral\data\raw\rgb\AnnualCrop\AnnualCrop_799.jpg,0,AnnualCrop,0,AnnualCrop,0.8892436623573303,True,26.85061,11.076504
20,C:\Users\DELL Precision 5550\Documents\GitHub\Terrasight-Eurosat-RGB-vs-Multispectral\data\raw\rgb\AnnualCrop\AnnualCrop_2030.jpg,0,AnnualCrop,0,AnnualCrop,0.9960193037986755,True,28.782646,8.9284725
21,C:\Users\DELL Precision 5550\Documents\GitHub\Terrasight-Eurosat-RGB-vs-Multispectral\data\raw\rgb\SeaLake\SeaLake_2697.jpg,9,SeaLake,9,SeaLake,0.9999995231628418,True,-1.1990293,67.56926
22,C:\Users\DELL Precision 5550\Documents\GitHub\Terrasight-Eurosat-RGB-vs-Multispectral\data\raw\rgb\AnnualCrop\AnnualCrop_922.jpg,0,AnnualCrop,0,AnnualCrop,0.9999831914901733,True,51.69925,11.795064
23,C:\Users\DELL Precision 5550\Documents\GitHub\Terrasight-Eurosat-RGB-vs-Multispectral\data\raw\rgb\HerbaceousVegetation\HerbaceousVegetation_2337.jpg,2,HerbaceousVegetation,2,HerbaceousVegetation,0.9705572724342346,True,-6.4316235,-12.222708
24,C:\Users\DELL Precision 5550\Documents\GitHub\Terrasight-Eurosat-RGB-vs-Multispectral\data\raw\rgb\Pasture\Pasture_18.jpg,5,Pasture,5,Pasture,0.9994361996650696,True,3.7623641,16.862349
25,C:\Users\DELL Precision 5550\Documents\GitHub\Terrasight-Eurosat-RGB-vs-Multispectral\data\raw\rgb\Industrial\Industrial_1837.jpg,4,Industrial,4,Industrial,0.9880177974700928,True,-4.772902,-48.11646
26,C:\Users\DELL Precision 5550\Documents\GitHub\Terrasight-Eurosat-RGB-vs-Multispectral\data\raw\rgb\SeaLake\SeaLake_376.jpg,9,SeaLake,9,SeaLake,0.999961256980896,True,-7.154213,64.7733
27,C:\Users\DELL Precision 5550\Documents\GitHub\Terrasight-Eurosat-RGB-vs-Multispectral\data\raw\rgb\Residential\Residential_1129.jpg,7,Residential,7,Residential,0.9999737739562988,True,-48.760975,-37.788708
28,C:\Users\DELL Precision 5550\Documents\GitHub\Terrasight-Eurosat-RGB-vs-Multispectral\data\raw\rgb\HerbaceousVegetation\HerbaceousVegetation_2853.jpg,2,HerbaceousVegetation,2,HerbaceousVegetation,0.9985432624816895,True,-13.513703,-13.333721
29,C:\Users\DELL Precision 5550\Documents\GitHub\Terrasight-Eurosat-RGB-vs-Multispectral\data\raw\rgb\PermanentCrop\PermanentCrop_1680.jpg,6,PermanentCrop,6,PermanentCrop,0.7347877621650696,True,0.170442,-17.361013
30,C:\Users\DELL Precision 5550\Documents\GitHub\Terrasight-Eurosat-RGB-vs-Multispectral\data\raw\rgb\Residential\Residential_2920.jpg,7,Residential,7,Residential,0.9081352353096008,True,-25.572605,-34.700054
31,C:\Users\DELL Precision 5550\Documents\GitHub\Terrasight-Eurosat-RGB-vs-Multispectral\data\raw\rgb\SeaLake\SeaLake_859.jpg,9,SeaLake,9,SeaLake,0.985610842704773,True,-5.7225175,42.823944
32,C:\Users\DELL Precision 5550\Documents\GitHub\Terrasight-Eurosat-RGB-vs-Multispectral\data\raw\rgb\PermanentCrop\PermanentCrop_2348.jpg,6,PermanentCrop,6,PermanentCrop,0.9997290968894958,True,15.064924,-15.358223
33,C:\Users\DELL Precision 5550\Documents\GitHub\Terrasight-Eurosat-RGB-vs-Multispectral\data\raw\rgb\PermanentCrop\PermanentCrop_1643.jpg,6,PermanentCrop,2,HerbaceousVegetation,0.9426368474960327,False,2.3172414,-7.2442303
34,C:\Users\DELL Precision 5550\Documents\GitHub\Terrasight-Eurosat-RGB-vs-Multispectral\data\raw\rgb\Forest\Forest_2229.jpg,1,Forest,1,Forest,0.9999337196350098,True,-47.820866,13.615663
35,C:\Users\DELL Precision 5550\Documents\GitHub\Terrasight-Eurosat-RGB-vs-Multispectral\data\raw\rgb\River\River_555.jpg,8,River,8,River,0.9999489784240723,True,26.980188,26.453356
36,C:\Users\DELL Precision 5550\Documents\GitHub\Terrasight-Eurosat-RGB-vs-Multispectral\data\raw\rgb\Highway\Highway_1344.jpg,3,Highway,3,Highway,0.9937199354171753,True,40.136757,-30.343283
37,C:\Users\DELL Precision 5550\Documents\GitHub\Terrasight-Eurosat-RGB-vs-Multispectral\data\raw\rgb\Industrial\Industrial_1198.jpg,4,Industrial,4,Industrial,0.9997462630271912,True,2.904092,-64.66215
38,C:\Users\DELL Precision 5550\Documents\GitHub\Terrasight-Eurosat-RGB-vs-Multispectral\data\raw\rgb\Pasture\Pasture_1196.jpg,5,Pasture,0,AnnualCrop,0.4585709869861603,False,9.179694,10.031364
39,C:\Users\DELL Precision 5550\Documents\GitHub\Terrasight-Eurosat-RGB-vs-Multispectral\data\raw\rgb\Industrial\Industrial_2004.jpg,4,Industrial,4,Industrial,0.9984630346298218,True,-0.1894138,-50.90857
40,C:\Users\DELL Precision 5550\Documents\GitHub\Terrasight-Eurosat-RGB-vs-Multispectral\data\raw\rgb\HerbaceousVegetation\HerbaceousVegetation_2584.jpg,2,HerbaceousVegetation,2,HerbaceousVegetation,0.9927155375480652,True,-14.67973,0.767747
41,C:\Users\DELL Precision 5550\Documents\GitHub\Terrasight-Eurosat-RGB-vs-Multispectral\data\raw\rgb\Forest\Forest_2101.jpg,1,Forest,1,Forest,0.9996448755264282,True,-42.90738,23.319298
42,C:\Users\DELL Precision 5550\Documents\GitHub\Terrasight-Eurosat-RGB-vs-Multispectral\data\raw\rgb\AnnualCrop\AnnualCrop_565.jpg,0,AnnualCrop,0,AnnualCrop,0.9999966621398926,True,51.012627,5.956623
43,C:\Users\DELL Precision 5550\Documents\GitHub\Terrasight-Eurosat-RGB-vs-Multispectral\data\raw\rgb\AnnualCrop\AnnualCrop_2984.jpg,0,AnnualCrop,0,AnnualCrop,0.9983657002449036,True,35.229332,0.97322285
44,C:\Users\DELL Precision 5550\Documents\GitHub\Terrasight-Eurosat-RGB-vs-Multispectral\data\raw\rgb\Highway\Highway_1130.jpg,3,Highway,3,Highway,0.9772257208824158,True,31.861763,-31.48882
45,C:\Users\DELL Precision 5550\Documents\GitHub\Terrasight-Eurosat-RGB-vs-Multispectral\data\raw\rgb\HerbaceousVegetation\HerbaceousVegetation_2698.jpg,2,HerbaceousVegetation,2,HerbaceousVegetation,0.9938620328903198,True,-8.168071,-10.189908
46,C:\Users\DELL Precision 5550\Documents\GitHub\Terrasight-Eurosat-RGB-vs-Multispectral\data\raw\rgb\Forest\Forest_1045.jpg,1,Forest,1,Forest,0.9999988079071045,True,-49.718143,18.02127
47,C:\Users\DELL Precision 5550\Documents\GitHub\Terrasight-Eurosat-RGB-vs-Multispectral\data\raw\rgb\SeaLake\SeaLake_2979.jpg,9,SeaLake,9,SeaLake,0.9998904466629028,True,1.5866132,45.152084
48,C:\Users\DELL Precision 5550\Documents\GitHub\Terrasight-Eurosat-RGB-vs-Multispectral\data\raw\rgb\Highway\Highway_491.jpg,3,Highway,3,Highway,0.997083842754364,True,41.657734,-23.31605
49,C:\Users\DELL Precision 5550\Documents\GitHub\Terrasight-Eurosat-RGB-vs-Multispectral\data\raw\rgb\HerbaceousVegetation\HerbaceousVegetation_832.jpg,2,HerbaceousVegetation,2,HerbaceousVegetation,0.9991554021835327,True,-19.663774,2.5013227
50,C:\Users\DELL Precision 5550\Documents\GitHub\Terrasight-Eurosat-RGB-vs-Multispectral\data\raw\rgb\Forest\Forest_1.jpg,1,Forest,1,Forest,0.9998494386672974,True,-39.63551,18.006176
51,C:\Users\DELL Precision 5550\Documents\GitHub\Terrasight-Eurosat-RGB-vs-Multispectral\data\raw\rgb\River\River_651.jpg,8,River,8,River,0.3275427520275116,True,25.513685,13.224605
52,C:\Users\DELL Precision 5550\Documents\GitHub\Terrasight-Eurosat-RGB-vs-Multispectral\data\raw\rgb\AnnualCrop\AnnualCrop_2833.jpg,0,AnnualCrop,0,AnnualCrop,0.9999629259109497,True,57.084896,4.0095263
53,C:\Users\DELL Precision 5550\Documents\GitHub\Terrasight-Eurosat-RGB-vs-Multispectral\data\raw\rgb\Residential\Residential_478.jpg,7,Residential,4,Industrial,0.6489571928977966,False,-29.835705,-42.264656
54,C:\Users\DELL Precision 5550\Documents\GitHub\Terrasight-Eurosat-RGB-vs-Multispectral\data\raw\rgb\HerbaceousVegetation\HerbaceousVegetation_773.jpg,2,HerbaceousVegetation,2,HerbaceousVegetation,0.6890020966529846,True,-0.8986022,-11.53963
55,C:\Users\DELL Precision 5550\Documents\GitHub\Terrasight-Eurosat-RGB-vs-Multispectral\data\raw\rgb\AnnualCrop\AnnualCrop_2516.jpg,0,AnnualCrop,0,AnnualCrop,0.9999655485153198,True,48.269966,3.5002663
56,C:\Users\DELL Precision 5550\Documents\GitHub\Terrasight-Eurosat-RGB-vs-Multispectral\data\raw\rgb\HerbaceousVegetation\HerbaceousVegetation_396.jpg,2,HerbaceousVegetation,2,HerbaceousVegetation,0.9994980096817017,True,-12.584081,2.0609767
57,C:\Users\DELL Precision 5550\Documents\GitHub\Terrasight-Eurosat-RGB-vs-Multispectral\data\raw\rgb\AnnualCrop\AnnualCrop_2533.jpg,0,AnnualCrop,0,AnnualCrop,0.7097261548042297,True,30.770962,2.1931503
58,C:\Users\DELL Precision 5550\Documents\GitHub\Terrasight-Eurosat-RGB-vs-Multispectral\data\raw\rgb\AnnualCrop\AnnualCrop_978.jpg,0,AnnualCrop,0,AnnualCrop,0.9894774556159973,True,28.556358,2.350255
59,C:\Users\DELL Precision 5550\Documents\GitHub\Terrasight-Eurosat-RGB-vs-Multispectral\data\raw\rgb\AnnualCrop\AnnualCrop_2711.jpg,0,AnnualCrop,0,AnnualCrop,0.936809241771698,True,28.981983,6.9870567
60,C:\Users\DELL Precision 5550\Documents\GitHub\Terrasight-Eurosat-RGB-vs-Multispectral\data\raw\rgb\PermanentCrop\PermanentCrop_1131.jpg,6,PermanentCrop,6,PermanentCrop,0.9922924041748047,True,4.69657,-13.085865
61,C:\Users\DELL Precision 5550\Documents\GitHub\Terrasight-Eurosat-RGB-vs-Multispectral\data\raw\rgb\Industrial\Industrial_1196.jpg,4,Industrial,4,Industrial,0.8219112753868103,True,2.171897,-47.061188
62,C:\Users\DELL Precision 5550\Documents\GitHub\Terrasight-Eurosat-RGB-vs-Multispectral\data\raw\rgb\River\River_606.jpg,8,River,3,Highway,0.6095776557922363,False,32.48722,-23.020332
63,C:\Users\DELL Precision 5550\Documents\GitHub\Terrasight-Eurosat-RGB-vs-Multispectral\data\raw\rgb\PermanentCrop\PermanentCrop_417.jpg,6,PermanentCrop,2,HerbaceousVegetation,0.5436569452285767,False,2.6949937,-12.752655
64,C:\Users\DELL Precision 5550\Documents\GitHub\Terrasight-Eurosat-RGB-vs-Multispectral\data\raw\rgb\Industrial\Industrial_1540.jpg,4,Industrial,4,Industrial,0.9923973679542542,True,-1.9948012,-49.07763
65,C:\Users\DELL Precision 5550\Documents\GitHub\Terrasight-Eurosat-RGB-vs-Multispectral\data\raw\rgb\Forest\Forest_573.jpg,1,Forest,1,Forest,0.9997765421867371,True,-50.35617,19.688025
66,C:\Users\DELL Precision 5550\Documents\GitHub\Terrasight-Eurosat-RGB-vs-Multispectral\data\raw\rgb\SeaLake\SeaLake_336.jpg,9,SeaLake,9,SeaLake,0.9999366998672485,True,-2.1282809,41.79453
67,C:\Users\DELL Precision 5550\Documents\GitHub\Terrasight-Eurosat-RGB-vs-Multispectral\data\raw\rgb\River\River_1798.jpg,8,River,8,River,0.9999985694885254,True,27.182043,32.29897
68,C:\Users\DELL Precision 5550\Documents\GitHub\Terrasight-Eurosat-RGB-vs-Multispectral\data\raw\rgb\SeaLake\SeaLake_2426.jpg,9,SeaLake,9,SeaLake,0.999723494052887,True,-11.922183,59.088486
69,C:\Users\DELL Precision 5550\Documents\GitHub\Terrasight-Eurosat-RGB-vs-Multispectral\data\raw\rgb\Forest\Forest_88.jpg,1,Forest,1,Forest,0.9999983310699463,True,-51.791416,20.772768
70,C:\Users\DELL Precision 5550\Documents\GitHub\Terrasight-Eurosat-RGB-vs-Multispectral\data\raw\rgb\Forest\Forest_1323.jpg,1,Forest,1,Forest,0.9999785423278809,True,-47.580982,20.966022
71,C:\Users\DELL Precision 5550\Documents\GitHub\Terrasight-Eurosat-RGB-vs-Multispectral\data\raw\rgb\SeaLake\SeaLake_1936.jpg,9,SeaLake,9,SeaLake,0.9999579191207886,True,-4.132088,64.83472
72,C:\Users\DELL Precision 5550\Documents\GitHub\Terrasight-Eurosat-RGB-vs-Multispectral\data\raw\rgb\Residential\Residential_397.jpg,7,Residential,7,Residential,0.9999737739562988,True,-41.81213,-29.85655
73,C:\Users\DELL Precision 5550\Documents\GitHub\Terrasight-Eurosat-RGB-vs-Multispectral\data\raw\rgb\Residential\Residential_1747.jpg,7,Residential,7,Residential,0.8247037529945374,True,-24.388235,-34.75755
74,C:\Users\DELL Precision 5550\Documents\GitHub\Terrasight-Eurosat-RGB-vs-Multispectral\data\raw\rgb\Pasture\Pasture_1033.jpg,5,Pasture,5,Pasture,0.9983543157577515,True,-3.8781197,17.3859
75,C:\Users\DELL Precision 5550\Documents\GitHub\Terrasight-Eurosat-RGB-vs-Multispectral\data\raw\rgb\Highway\Highway_1062.jpg,3,Highway,3,Highway,0.9999996423721313,True,51.871582,-33.275658
76,C:\Users\DELL Precision 5550\Documents\GitHub\Terrasight-Eurosat-RGB-vs-Multispectral\data\raw\rgb\Pasture\Pasture_547.jpg,5,Pasture,5,Pasture,0.9999904632568359,True,-5.093438,22.589836
77,C:\Users\DELL Precision 5550\Documents\GitHub\Terrasight-Eurosat-RGB-vs-Multispectral\data\raw\rgb\SeaLake\SeaLake_1902.jpg,9,SeaLake,9,SeaLake,0.9999995231628418,True,-1.1235512,67.43774
78,C:\Users\DELL Precision 5550\Documents\GitHub\Terrasight-Eurosat-RGB-vs-Multispectral\data\raw\rgb\Residential\Residential_1071.jpg,7,Residential,7,Residential,0.9981780052185059,True,-29.164875,-32.86561
79,C:\Users\DELL Precision 5550\Documents\GitHub\Terrasight-Eurosat-RGB-vs-Multispectral\data\raw\rgb\PermanentCrop\PermanentCrop_542.jpg,6,PermanentCrop,6,PermanentCrop,0.9672626852989197,True,16.769669,-13.971004
80,C:\Users\DELL Precision 5550\Documents\GitHub\Terrasight-Eurosat-RGB-vs-Multispectral\data\raw\rgb\SeaLake\SeaLake_1554.jpg,9,SeaLake,9,SeaLake,0.9996953010559082,True,1.0603186,47.58525
81,C:\Users\DELL Precision 5550\Documents\GitHub\Terrasight-Eurosat-RGB-vs-Multispectral\data\raw\rgb\Residential\Residential_27.jpg,7,Residential,7,Residential,0.9973249435424805,True,-32.20983,-37.486847
82,C:\Users\DELL Precision 5550\Documents\GitHub\Terrasight-Eurosat-RGB-vs-Multispectral\data\raw\rgb\SeaLake\SeaLake_630.jpg,9,SeaLake,9,SeaLake,0.9986090064048767,True,-14.847569,56.484596
83,C:\Users\DELL Precision 5550\Documents\GitHub\Terrasight-Eurosat-RGB-vs-Multispectral\data\raw\rgb\AnnualCrop\AnnualCrop_618.jpg,0,AnnualCrop,0,AnnualCrop,0.9999983310699463,True,47.300785,7.0912366
84,C:\Users\DELL Precision 5550\Documents\GitHub\Terrasight-Eurosat-RGB-vs-Multispectral\data\raw\rgb\HerbaceousVegetation\HerbaceousVegetation_290.jpg,2,HerbaceousVegetation,2,HerbaceousVegetation,0.971344530582428,True,-3.9029274,-10.948129
85,C:\Users\DELL Precision 5550\Documents\GitHub\Terrasight-Eurosat-RGB-vs-Multispectral\data\raw\rgb\River\River_550.jpg,8,River,8,River,0.9993301630020142,True,21.693796,27.586391
86,C:\Users\DELL Precision 5550\Documents\GitHub\Terrasight-Eurosat-RGB-vs-Multispectral\data\raw\rgb\HerbaceousVegetation\HerbaceousVegetation_2626.jpg,2,HerbaceousVegetation,2,HerbaceousVegetation,0.9999982118606567,True,-21.424078,-9.367099
87,C:\Users\DELL Precision 5550\Documents\GitHub\Terrasight-Eurosat-RGB-vs-Multispectral\data\raw\rgb\Highway\Highway_2174.jpg,3,Highway,3,Highway,0.9458616971969604,True,36.37811,-28.039867
88,C:\Users\DELL Precision 5550\Documents\GitHub\Terrasight-Eurosat-RGB-vs-Multispectral\data\raw\rgb\Residential\Residential_669.jpg,7,Residential,7,Residential,0.9998213648796082,True,-42.092384,-36.241226
89,C:\Users\DELL Precision 5550\Documents\GitHub\Terrasight-Eurosat-RGB-vs-Multispectral\data\raw\rgb\HerbaceousVegetation\HerbaceousVegetation_450.jpg,2,HerbaceousVegetation,2,HerbaceousVegetation,0.9999953508377075,True,-16.621572,-4.3356233
90,C:\Users\DELL Precision 5550\Documents\GitHub\Terrasight-Eurosat-RGB-vs-Multispectral\data\raw\rgb\SeaLake\SeaLake_2880.jpg,9,SeaLake,9,SeaLake,0.9999984502792358,True,0.4309466,67.59128
91,C:\Users\DELL Precision 5550\Documents\GitHub\Terrasight-Eurosat-RGB-vs-Multispectral\data\raw\rgb\Residential\Residential_2641.jpg,7,Residential,7,Residential,0.9999978542327881,True,-47.149628,-32.27278
92,C:\Users\DELL Precision 5550\Documents\GitHub\Terrasight-Eurosat-RGB-vs-Multispectral\data\raw\rgb\HerbaceousVegetation\HerbaceousVegetation_330.jpg,2,HerbaceousVegetation,2,HerbaceousVegetation,0.9999790191650391,True,-16.19466,-4.3321533
93,C:\Users\DELL Precision 5550\Documents\GitHub\Terrasight-Eurosat-RGB-vs-Multispectral\data\raw\rgb\AnnualCrop\AnnualCrop_1411.jpg,0,AnnualCrop,0,AnnualCrop,1.0,True,61.224113,7.3710213
94,C:\Users\DELL Precision 5550\Documents\GitHub\Terrasight-Eurosat-RGB-vs-Multispectral\data\raw\rgb\SeaLake\SeaLake_1301.jpg,9,SeaLake,9,SeaLake,0.9998435974121094,True,1.5356711,47.85953
95,C:\Users\DELL Precision 5550\Documents\GitHub\Terrasight-Eurosat-RGB-vs-Multispectral\data\raw\rgb\PermanentCrop\PermanentCrop_1221.jpg,6,PermanentCrop,6,PermanentCrop,0.8545190691947937,True,9.592603,-6.3981886
96,C:\Users\DELL Precision 5550\Documents\GitHub\Terrasight-Eurosat-RGB-vs-Multispectral\data\raw\rgb\River\River_840.jpg,8,River,8,River,0.9999369382858276,True,21.95794,28.094143
97,C:\Users\DELL Precision 5550\Documents\GitHub\Terrasight-Eurosat-RGB-vs-Multispectral\data\raw\rgb\Industrial\Industrial_283.jpg,4,Industrial,4,Industrial,0.9832513332366943,True,-3.9768064,-48.42388
98,C:\Users\DELL Precision 5550\Documents\GitHub\Terrasight-Eurosat-RGB-vs-Multispectral\data\raw\rgb\River\River_542.jpg,8,River,8,River,0.985650360584259,True,18.309563,20.719572
99,C:\Users\DELL Precision 5550\Documents\GitHub\Terrasight-Eurosat-RGB-vs-Multispectral\data\raw\rgb\HerbaceousVegetation\HerbaceousVegetation_2820.jpg,2,HerbaceousVegetation,2,HerbaceousVegetation,0.9998028874397278,True,-22.29026,3.7938838
100,C:\Users\DELL Precision 5550\Documents\GitHub\Terrasight-Eurosat-RGB-vs-Multispectral\data\raw\rgb\Pasture\Pasture_1481.jpg,5,Pasture,2,HerbaceousVegetation,0.9059150815010071,False,-1.1155709,4.7228155
101,C:\Users\DELL Precision 5550\Documents\GitHub\Terrasight-Eurosat-RGB-vs-Multispectral\data\raw\rgb\River\River_1117.jpg,8,River,8,River,0.9997811913490295,True,28.032784,29.582005
102,C:\Users\DELL Precision 5550\Documents\GitHub\Terrasight-Eurosat-RGB-vs-Multispectral\data\raw\rgb\PermanentCrop\PermanentCrop_813.jpg,6,PermanentCrop,2,HerbaceousVegetation,0.43569067120552063,False,6.1193604,-6.683429
103,C:\Users\DELL Precision 5550\Documents\GitHub\Terrasight-Eurosat-RGB-vs-Multispectral\data\raw\rgb\Residential\Residential_730.jpg,7,Residential,7,Residential,0.9999985694885254,True,-48.150814,-32.275063
104,C:\Users\DELL Precision 5550\Documents\GitHub\Terrasight-Eurosat-RGB-vs-Multispectral\data\raw\rgb\HerbaceousVegetation\HerbaceousVegetation_363.jpg,2,HerbaceousVegetation,2,HerbaceousVegetation,0.9997202754020691,True,-14.793222,-12.485333
105,C:\Users\DELL Precision 5550\Documents\GitHub\Terrasight-Eurosat-RGB-vs-Multispectral\data\raw\rgb\Industrial\Industrial_2331.jpg,4,Industrial,4,Industrial,0.9976492524147034,True,-4.2185407,-54.785534
106,C:\Users\DELL Precision 5550\Documents\GitHub\Terrasight-Eurosat-RGB-vs-Multispectral\data\raw\rgb\SeaLake\SeaLake_47.jpg,9,SeaLake,9,SeaLake,0.999968409538269,True,-6.8190985,64.45761
107,C:\Users\DELL Precision 5550\Documents\GitHub\Terrasight-Eurosat-RGB-vs-Multispectral\data\raw\rgb\Residential\Residential_2368.jpg,7,Residential,7,Residential,0.9984760880470276,True,-38.84631,-29.291307
108,C:\Users\DELL Precision 5550\Documents\GitHub\Terrasight-Eurosat-RGB-vs-Multispectral\data\raw\rgb\Forest\Forest_397.jpg,1,Forest,1,Forest,0.9999585151672363,True,-51.56793,18.786636
109,C:\Users\DELL Precision 5550\Documents\GitHub\Terrasight-Eurosat-RGB-vs-Multispectral\data\raw\rgb\SeaLake\SeaLake_1996.jpg,9,SeaLake,9,SeaLake,0.9999721050262451,True,-3.7787135,64.85687
110,C:\Users\DELL Precision 5550\Documents\GitHub\Terrasight-Eurosat-RGB-vs-Multispectral\data\raw\rgb\SeaLake\SeaLake_303.jpg,9,SeaLake,9,SeaLake,0.9951736330986023,True,-7.308285,50.10716
111,C:\Users\DELL Precision 5550\Documents\GitHub\Terrasight-Eurosat-RGB-vs-Multispectral\data\raw\rgb\PermanentCrop\PermanentCrop_1321.jpg,6,PermanentCrop,6,PermanentCrop,0.9998008608818054,True,9.215663,-15.95939
112,C:\Users\DELL Precision 5550\Documents\GitHub\Terrasight-Eurosat-RGB-vs-Multispectral\data\raw\rgb\PermanentCrop\PermanentCrop_2366.jpg,6,PermanentCrop,6,PermanentCrop,0.9976720213890076,True,5.3927183,-16.189697
113,C:\Users\DELL Precision 5550\Documents\GitHub\Terrasight-Eurosat-RGB-vs-Multispectral\data\raw\rgb\Industrial\Industrial_1754.jpg,4,Industrial,4,Industrial,0.9989209175109863,True,-2.1226492,-58.135822
114,C:\Users\DELL Precision 5550\Documents\GitHub\Terrasight-Eurosat-RGB-vs-Multispectral\data\raw\rgb\PermanentCrop\PermanentCrop_428.jpg,6,PermanentCrop,6,PermanentCrop,0.9986292123794556,True,16.286287,-16.24629
115,C:\Users\DELL Precision 5550\Documents\GitHub\Terrasight-Eurosat-RGB-vs-Multispectral\data\raw\rgb\SeaLake\SeaLake_251.jpg,9,SeaLake,9,SeaLake,0.9998326301574707,True,-10.057891,62.186123
116,C:\Users\DELL Precision 5550\Documents\GitHub\Terrasight-Eurosat-RGB-vs-Multispectral\data\raw\rgb\Forest\Forest_1003.jpg,1,Forest,1,Forest,1.0,True,-54.079147,10.710242
117,C:\Users\DELL Precision 5550\Documents\GitHub\Terrasight-Eurosat-RGB-vs-Multispectral\data\raw\rgb\HerbaceousVegetation\HerbaceousVegetation_1595.jpg,2,HerbaceousVegetation,2,HerbaceousVegetation,0.9998953342437744,True,-23.077774,-4.279356
118,C:\Users\DELL Precision 5550\Documents\GitHub\Terrasight-Eurosat-RGB-vs-Multispectral\data\raw\rgb\Highway\Highway_1891.jpg,3,Highway,3,Highway,0.9999221563339233,True,36.355114,-35.822758
119,C:\Users\DELL Precision 5550\Documents\GitHub\Terrasight-Eurosat-RGB-vs-Multispectral\data\raw\rgb\HerbaceousVegetation\HerbaceousVegetation_305.jpg,2,HerbaceousVegetation,2,HerbaceousVegetation,0.9999896287918091,True,-22.942965,-3.281883
120,C:\Users\DELL Precision 5550\Documents\GitHub\Terrasight-Eurosat-RGB-vs-Multispectral\data\raw\rgb\SeaLake\SeaLake_2515.jpg,9,SeaLake,9,SeaLake,0.9998050332069397,True,-7.220624,59.886208
121,C:\Users\DELL Precision 5550\Documents\GitHub\Terrasight-Eurosat-RGB-vs-Multispectral\data\raw\rgb\Forest\Forest_2967.jpg,1,Forest,1,Forest,0.9999691247940063,True,-46.353653,19.564518
122,C:\Users\DELL Precision 5550\Documents\GitHub\Terrasight-Eurosat-RGB-vs-Multispectral\data\raw\rgb\AnnualCrop\AnnualCrop_369.jpg,0,AnnualCrop,0,AnnualCrop,0.995682954788208,True,33.835213,2.3747666
123,C:\Users\DELL Precision 5550\Documents\GitHub\Terrasight-Eurosat-RGB-vs-Multispectral\data\raw\rgb\AnnualCrop\AnnualCrop_2076.jpg,0,AnnualCrop,0,AnnualCrop,0.9999376535415649,True,44.442417,11.213499
124,C:\Users\DELL Precision 5550\Documents\GitHub\Terrasight-Eurosat-RGB-vs-Multispectral\data\raw\rgb\PermanentCrop\PermanentCrop_1387.jpg,6,PermanentCrop,6,PermanentCrop,0.9923310279846191,True,9.369544,-9.311486
125,C:\Users\DELL Precision 5550\Documents\GitHub\Terrasight-Eurosat-RGB-vs-Multispectral\data\raw\rgb\AnnualCrop\AnnualCrop_1485.jpg,0,AnnualCrop,0,AnnualCrop,0.6808586120605469,True,26.041807,-0.8140156
126,C:\Users\DELL Precision 5550\Documents\GitHub\Terrasight-Eurosat-RGB-vs-Multispectral\data\raw\rgb\AnnualCrop\AnnualCrop_525.jpg,0,AnnualCrop,0,AnnualCrop,0.9999709129333496,True,44.875942,4.471469
127,C:\Users\DELL Precision 5550\Documents\GitHub\Terrasight-Eurosat-RGB-vs-Multispectral\data\raw\rgb\River\River_1279.jpg,8,River,8,River,0.9999115467071533,True,23.183033,26.566553
128,C:\Users\DELL Precision 5550\Documents\GitHub\Terrasight-Eurosat-RGB-vs-Multispectral\data\raw\rgb\Forest\Forest_579.jpg,1,Forest,1,Forest,0.9999998807907104,True,-54.10503,10.440566
129,C:\Users\DELL Precision 5550\Documents\GitHub\Terrasight-Eurosat-RGB-vs-Multispectral\data\raw\rgb\River\River_1023.jpg,8,River,8,River,0.9588230848312378,True,22.344362,19.475357
130,C:\Users\DELL Precision 5550\Documents\GitHub\Terrasight-Eurosat-RGB-vs-Multispectral\data\raw\rgb\Forest\Forest_1071.jpg,1,Forest,1,Forest,0.9995138645172119,True,-51.590458,17.975082
131,C:\Users\DELL Precision 5550\Documents\GitHub\Terrasight-Eurosat-RGB-vs-Multispectral\data\raw\rgb\Forest\Forest_2550.jpg,1,Forest,1,Forest,0.9995410442352295,True,-37.321915,20.283594
132,C:\Users\DELL Precision 5550\Documents\GitHub\Terrasight-Eurosat-RGB-vs-Multispectral\data\raw\rgb\SeaLake\SeaLake_2823.jpg,9,SeaLake,9,SeaLake,0.9960719347000122,True,-7.232718,50.222412
133,C:\Users\DELL Precision 5550\Documents\GitHub\Terrasight-Eurosat-RGB-vs-Multispectral\data\raw\rgb\AnnualCrop\AnnualCrop_1795.jpg,0,AnnualCrop,0,AnnualCrop,0.9994582533836365,True,45.480335,10.692162
134,C:\Users\DELL Precision 5550\Documents\GitHub\Terrasight-Eurosat-RGB-vs-Multispectral\data\raw\rgb\Industrial\Industrial_111.jpg,4,Industrial,4,Industrial,0.9975213408470154,True,-2.5052397,-50.025356
135,C:\Users\DELL Precision 5550\Documents\GitHub\Terrasight-Eurosat-RGB-vs-Multispectral\data\raw\rgb\PermanentCrop\PermanentCrop_1870.jpg,6,PermanentCrop,6,PermanentCrop,0.8564798831939697,True,16.53832,-9.2546625
136,C:\Users\DELL Precision 5550\Documents\GitHub\Terrasight-Eurosat-RGB-vs-Multispectral\data\raw\rgb\SeaLake\SeaLake_1110.jpg,9,SeaLake,9,SeaLake,0.9989954829216003,True,-5.4484553,51.41516
137,C:\Users\DELL Precision 5550\Documents\GitHub\Terrasight-Eurosat-RGB-vs-Multispectral\data\raw\rgb\AnnualCrop\AnnualCrop_2024.jpg,0,AnnualCrop,0,AnnualCrop,0.9492970705032349,True,34.629868,5.8428617
138,C:\Users\DELL Precision 5550\Documents\GitHub\Terrasight-Eurosat-RGB-vs-Multispectral\data\raw\rgb\River\River_1005.jpg,8,River,8,River,0.9999940395355225,True,27.987514,35.516422
139,C:\Users\DELL Precision 5550\Documents\GitHub\Terrasight-Eurosat-RGB-vs-Multispectral\data\raw\rgb\Highway\Highway_454.jpg,3,Highway,3,Highway,0.999974250793457,True,47.012802,-32.166943
140,C:\Users\DELL Precision 5550\Documents\GitHub\Terrasight-Eurosat-RGB-vs-Multispectral\data\raw\rgb\Forest\Forest_2261.jpg,1,Forest,1,Forest,0.9988400340080261,True,-37.962666,15.944257
141,C:\Users\DELL Precision 5550\Documents\GitHub\Terrasight-Eurosat-RGB-vs-Multispectral\data\raw\rgb\PermanentCrop\PermanentCrop_86.jpg,6,PermanentCrop,6,PermanentCrop,0.9999996423721313,True,9.398068,-24.008978
142,C:\Users\DELL Precision 5550\Documents\GitHub\Terrasight-Eurosat-RGB-vs-Multispectral\data\raw\rgb\River\River_140.jpg,8,River,8,River,0.9186925888061523,True,24.010595,16.117435
143,C:\Users\DELL Precision 5550\Documents\GitHub\Terrasight-Eurosat-RGB-vs-Multispectral\data\raw\rgb\Industrial\Industrial_173.jpg,4,Industrial,4,Industrial,0.999009370803833,True,-1.870517,-51.89764
144,C:\Users\DELL Precision 5550\Documents\GitHub\Terrasight-Eurosat-RGB-vs-Multispectral\data\raw\rgb\Forest\Forest_2705.jpg,1,Forest,1,Forest,0.9464784264564514,True,-36.82048,27.834515
145,C:\Users\DELL Precision 5550\Documents\GitHub\Terrasight-Eurosat-RGB-vs-Multispectral\data\raw\rgb\River\River_1331.jpg,8,River,8,River,0.9964391589164734,True,27.51239,22.990347
146,C:\Users\DELL Precision 5550\Documents\GitHub\Terrasight-Eurosat-RGB-vs-Multispectral\data\raw\rgb\Industrial\Industrial_625.jpg,4,Industrial,4,Industrial,0.9980046153068542,True,-1.544078,-56.234413
147,C:\Users\DELL Precision 5550\Documents\GitHub\Terrasight-Eurosat-RGB-vs-Multispectral\data\raw\rgb\Pasture\Pasture_458.jpg,5,Pasture,5,Pasture,0.9938925504684448,True,2.8738594,12.119323
148,C:\Users\DELL Precision 5550\Documents\GitHub\Terrasight-Eurosat-RGB-vs-Multispectral\data\raw\rgb\PermanentCrop\PermanentCrop_293.jpg,6,PermanentCrop,6,PermanentCrop,0.988521933555603,True,13.135974,-8.800833
149,C:\Users\DELL Precision 5550\Documents\GitHub\Terrasight-Eurosat-RGB-vs-Multispectral\data\raw\rgb\AnnualCrop\AnnualCrop_2580.jpg,0,AnnualCrop,0,AnnualCrop,0.9974810481071472,True,33.538788,7.5916843
150,C:\Users\DELL Precision 5550\Documents\GitHub\Terrasight-Eurosat-RGB-vs-Multispectral\data\raw\rgb\HerbaceousVegetation\HerbaceousVegetation_2855.jpg,2,HerbaceousVegetation,2,HerbaceousVegetation,0.9999361038208008,True,-20.49802,-4.1696773
151,C:\Users\DELL Precision 5550\Documents\GitHub\Terrasight-Eurosat-RGB-vs-Multispectral\data\raw\rgb\Highway\Highway_383.jpg,3,Highway,3,Highway,0.9824464321136475,True,41.088715,-31.251213
152,C:\Users\DELL Precision 5550\Documents\GitHub\Terrasight-Eurosat-RGB-vs-Multispectral\data\raw\rgb\SeaLake\SeaLake_2738.jpg,9,SeaLake,9,SeaLake,0.9997780919075012,True,-9.096928,62.385544
153,C:\Users\DELL Precision 5550\Documents\GitHub\Terrasight-Eurosat-RGB-vs-Multispectral\data\raw\rgb\HerbaceousVegetation\HerbaceousVegetation_2131.jpg,2,HerbaceousVegetation,2,HerbaceousVegetation,1.0,True,-23.499363,-11.645996
154,C:\Users\DELL Precision 5550\Documents\GitHub\Terrasight-Eurosat-RGB-vs-Multispectral\data\raw\rgb\SeaLake\SeaLake_821.jpg,9,SeaLake,9,SeaLake,0.9997820258140564,True,-13.789137,60.687416
155,C:\Users\DELL Precision 5550\Documents\GitHub\Terrasight-Eurosat-RGB-vs-Multispectral\data\raw\rgb\AnnualCrop\AnnualCrop_2522.jpg,0,AnnualCrop,0,AnnualCrop,0.9997976422309875,True,38.90739,5.127279
156,C:\Users\DELL Precision 5550\Documents\GitHub\Terrasight-Eurosat-RGB-vs-Multispectral\data\raw\rgb\SeaLake\SeaLake_872.jpg,9,SeaLake,9,SeaLake,0.9957463145256042,True,-1.8199683,51.570484
157,C:\Users\DELL Precision 5550\Documents\GitHub\Terrasight-Eurosat-RGB-vs-Multispectral\data\raw\rgb\Residential\Residential_2378.jpg,7,Residential,7,Residential,0.9999099969863892,True,-36.976585,-27.006475
158,C:\Users\DELL Precision 5550\Documents\GitHub\Terrasight-Eurosat-RGB-vs-Multispectral\data\raw\rgb\SeaLake\SeaLake_1888.jpg,9,SeaLake,9,SeaLake,0.9995263814926147,True,-0.28017306,46.55199
159,C:\Users\DELL Precision 5550\Documents\GitHub\Terrasight-Eurosat-RGB-vs-Multispectral\data\raw\rgb\River\River_2047.jpg,8,River,8,River,0.9999221563339233,True,22.581768,32.219242
160,C:\Users\DELL Precision 5550\Documents\GitHub\Terrasight-Eurosat-RGB-vs-Multispectral\data\raw\rgb\HerbaceousVegetation\HerbaceousVegetation_2682.jpg,2,HerbaceousVegetation,2,HerbaceousVegetation,0.9999797344207764,True,-19.269255,-1.2002387
161,C:\Users\DELL Precision 5550\Documents\GitHub\Terrasight-Eurosat-RGB-vs-Multispectral\data\raw\rgb\Industrial\Industrial_615.jpg,4,Industrial,4,Industrial,0.9985015392303467,True,1.8423275,-63.776157
162,C:\Users\DELL Precision 5550\Documents\GitHub\Terrasight-Eurosat-RGB-vs-Multispectral\data\raw\rgb\Residential\Residential_2971.jpg,7,Residential,7,Residential,0.9999997615814209,True,-46.049084,-28.86687
163,C:\Users\DELL Precision 5550\Documents\GitHub\Terrasight-Eurosat-RGB-vs-Multispectral\data\raw\rgb\AnnualCrop\AnnualCrop_8.jpg,0,AnnualCrop,0,AnnualCrop,0.9999208450317383,True,40.176517,10.753835
164,C:\Users\DELL Precision 5550\Documents\GitHub\Terrasight-Eurosat-RGB-vs-Multispectral\data\raw\rgb\AnnualCrop\AnnualCrop_241.jpg,0,AnnualCrop,0,AnnualCrop,0.9999822378158569,True,54.784073,3.7543802
165,C:\Users\DELL Precision 5550\Documents\GitHub\Terrasight-Eurosat-RGB-vs-Multispectral\data\raw\rgb\HerbaceousVegetation\HerbaceousVegetation_435.jpg,2,HerbaceousVegetation,2,HerbaceousVegetation,0.9103443026542664,True,-11.673307,-6.1233644
166,C:\Users\DELL Precision 5550\Documents\GitHub\Terrasight-Eurosat-RGB-vs-Multispectral\data\raw\rgb\PermanentCrop\PermanentCrop_1810.jpg,6,PermanentCrop,6,PermanentCrop,0.9999560117721558,True,12.762508,-18.653858
167,C:\Users\DELL Precision 5550\Documents\GitHub\Terrasight-Eurosat-RGB-vs-Multispectral\data\raw\rgb\PermanentCrop\PermanentCrop_26.jpg,6,PermanentCrop,6,PermanentCrop,0.6970260143280029,True,7.17547,-9.36764
168,C:\Users\DELL Precision 5550\Documents\GitHub\Terrasight-Eurosat-RGB-vs-Multispectral\data\raw\rgb\Pasture\Pasture_456.jpg,5,Pasture,5,Pasture,0.9964536428451538,True,1.0650927,11.167466
169,C:\Users\DELL Precision 5550\Documents\GitHub\Terrasight-Eurosat-RGB-vs-Multispectral\data\raw\rgb\PermanentCrop\PermanentCrop_493.jpg,6,PermanentCrop,6,PermanentCrop,0.9998183846473694,True,12.819166,-15.053468
170,C:\Users\DELL Precision 5550\Documents\GitHub\Terrasight-Eurosat-RGB-vs-Multispectral\data\raw\rgb\SeaLake\SeaLake_130.jpg,9,SeaLake,9,SeaLake,0.9997808337211609,True,-7.4811373,59.779293
171,C:\Users\DELL Precision 5550\Documents\GitHub\Terrasight-Eurosat-RGB-vs-Multispectral\data\raw\rgb\Highway\Highway_2242.jpg,3,Highway,3,Highway,0.9998334646224976,True,44.614723,-22.977684
172,C:\Users\DELL Precision 5550\Documents\GitHub\Terrasight-Eurosat-RGB-vs-Multispectral\data\raw\rgb\Residential\Residential_1378.jpg,7,Residential,7,Residential,0.9969165325164795,True,-34.63372,-39.002823
173,C:\Users\DELL Precision 5550\Documents\GitHub\Terrasight-Eurosat-RGB-vs-Multispectral\data\raw\rgb\River\River_1031.jpg,8,River,8,River,0.9997692704200745,True,20.522898,25.022966
174,C:\Users\DELL Precision 5550\Documents\GitHub\Terrasight-Eurosat-RGB-vs-Multispectral\data\raw\rgb\SeaLake\SeaLake_2383.jpg,9,SeaLake,9,SeaLake,0.9995912909507751,True,-3.115787,53.193554
175,C:\Users\DELL Precision 5550\Documents\GitHub\Terrasight-Eurosat-RGB-vs-Multispectral\data\raw\rgb\AnnualCrop\AnnualCrop_379.jpg,0,AnnualCrop,0,AnnualCrop,0.9999983310699463,True,57.71877,5.243488
176,C:\Users\DELL Precision 5550\Documents\GitHub\Terrasight-Eurosat-RGB-vs-Multispectral\data\raw\rgb\Industrial\Industrial_2335.jpg,4,Industrial,4,Industrial,0.9275497794151306,True,5.1089225,-48.123188
177,C:\Users\DELL Precision 5550\Documents\GitHub\Terrasight-Eurosat-RGB-vs-Multispectral\data\raw\rgb\HerbaceousVegetation\HerbaceousVegetation_1631.jpg,2,HerbaceousVegetation,2,HerbaceousVegetation,0.9996957778930664,True,-20.516312,2.9626853
178,C:\Users\DELL Precision 5550\Documents\GitHub\Terrasight-Eurosat-RGB-vs-Multispectral\data\raw\rgb\Industrial\Industrial_737.jpg,4,Industrial,4,Industrial,0.9906020164489746,True,-4.39207,-44.30551
179,C:\Users\DELL Precision 5550\Documents\GitHub\Terrasight-Eurosat-RGB-vs-Multispectral\data\raw\rgb\AnnualCrop\AnnualCrop_1862.jpg,0,AnnualCrop,0,AnnualCrop,0.9982538819313049,True,41.68214,7.178017
180,C:\Users\DELL Precision 5550\Documents\GitHub\Terrasight-Eurosat-RGB-vs-Multispectral\data\raw\rgb\River\River_2150.jpg,8,River,8,River,0.999518871307373,True,23.035105,34.050823
181,C:\Users\DELL Precision 5550\Documents\GitHub\Terrasight-Eurosat-RGB-vs-Multispectral\data\raw\rgb\Pasture\Pasture_1098.jpg,5,Pasture,5,Pasture,0.9993607401847839,True,2.4010477,16.561413
182,C:\Users\DELL Precision 5550\Documents\GitHub\Terrasight-Eurosat-RGB-vs-Multispectral\data\raw\rgb\SeaLake\SeaLake_1143.jpg,9,SeaLake,9,SeaLake,0.999447762966156,True,-7.364494,58.49576
183,C:\Users\DELL Precision 5550\Documents\GitHub\Terrasight-Eurosat-RGB-vs-Multispectral\data\raw\rgb\HerbaceousVegetation\HerbaceousVegetation_871.jpg,2,HerbaceousVegetation,2,HerbaceousVegetation,0.9180680513381958,True,-1.6393259,-11.398351
184,C:\Users\DELL Precision 5550\Documents\GitHub\Terrasight-Eurosat-RGB-vs-Multispectral\data\raw\rgb\HerbaceousVegetation\HerbaceousVegetation_1757.jpg,2,HerbaceousVegetation,2,HerbaceousVegetation,0.9979357719421387,True,-13.612504,2.8451567
185,C:\Users\DELL Precision 5550\Documents\GitHub\Terrasight-Eurosat-RGB-vs-Multispectral\data\raw\rgb\River\River_1742.jpg,8,River,8,River,0.9999951124191284,True,33.214878,35.932526
186,C:\Users\DELL Precision 5550\Documents\GitHub\Terrasight-Eurosat-RGB-vs-Multispectral\data\raw\rgb\Forest\Forest_1927.jpg,1,Forest,1,Forest,0.99788898229599,True,-38.28335,23.907177
187,C:\Users\DELL Precision 5550\Documents\GitHub\Terrasight-Eurosat-RGB-vs-Multispectral\data\raw\rgb\River\River_1530.jpg,8,River,8,River,0.9987993240356445,True,22.503857,23.341105
188,C:\Users\DELL Precision 5550\Documents\GitHub\Terrasight-Eurosat-RGB-vs-Multispectral\data\raw\rgb\Residential\Residential_2287.jpg,7,Residential,7,Residential,0.99921715259552,True,-33.005634,-31.966532
189,C:\Users\DELL Precision 5550\Documents\GitHub\Terrasight-Eurosat-RGB-vs-Multispectral\data\raw\rgb\River\River_335.jpg,8,River,8,River,0.9966048002243042,True,25.12246,22.077871
190,C:\Users\DELL Precision 5550\Documents\GitHub\Terrasight-Eurosat-RGB-vs-Multispectral\data\raw\rgb\Forest\Forest_1748.jpg,1,Forest,1,Forest,0.99996018409729,True,-46.663258,14.572547
191,C:\Users\DELL Precision 5550\Documents\GitHub\Terrasight-Eurosat-RGB-vs-Multispectral\data\raw\rgb\SeaLake\SeaLake_975.jpg,9,SeaLake,9,SeaLake,0.9995918869972229,True,-5.070044,53.371887
192,C:\Users\DELL Precision 5550\Documents\GitHub\Terrasight-Eurosat-RGB-vs-Multispectral\data\raw\rgb\HerbaceousVegetation\HerbaceousVegetation_856.jpg,2,HerbaceousVegetation,2,HerbaceousVegetation,0.9999997615814209,True,-17.953196,-8.621348
193,C:\Users\DELL Precision 5550\Documents\GitHub\Terrasight-Eurosat-RGB-vs-Multispectral\data\raw\rgb\Residential\Residential_648.jpg,7,Residential,7,Residential,0.9987429976463318,True,-29.920168,-30.973515
194,C:\Users\DELL Precision 5550\Documents\GitHub\Terrasight-Eurosat-RGB-vs-Multispectral\data\raw\rgb\Highway\Highway_2267.jpg,3,Highway,3,Highway,0.9999610185623169,True,45.44553,-36.428085
195,C:\Users\DELL Precision 5550\Documents\GitHub\Terrasight-Eurosat-RGB-vs-Multispectral\data\raw\rgb\Industrial\Industrial_1229.jpg,4,Industrial,4,Industrial,0.9994310736656189,True,0.31813028,-58.73734
196,C:\Users\DELL Precision 5550\Documents\GitHub\Terrasight-Eurosat-RGB-vs-Multispectral\data\raw\rgb\Residential\Residential_1259.jpg,7,Residential,7,Residential,0.9438874125480652,True,-24.678593,-33.738922
197,C:\Users\DELL Precision 5550\Documents\GitHub\Terrasight-Eurosat-RGB-vs-Multispectral\data\raw\rgb\Forest\Forest_194.jpg,1,Forest,1,Forest,0.9999932050704956,True,-41.274307,15.407402
198,C:\Users\DELL Precision 5550\Documents\GitHub\Terrasight-Eurosat-RGB-vs-Multispectral\data\raw\rgb\HerbaceousVegetation\HerbaceousVegetation_198.jpg,2,HerbaceousVegetation,2,HerbaceousVegetation,0.9999152421951294,True,-19.477098,2.5312376
199,C:\Users\DELL Precision 5550\Documents\GitHub\Terrasight-Eurosat-RGB-vs-Multispectral\data\raw\rgb\River\River_227.jpg,8,River,8,River,0.9999880790710449,True,23.619385,32.775814
200,C:\Users\DELL Precision 5550\Documents\GitHub\Terrasight-Eurosat-RGB-vs-Multispectral\data\raw\rgb\SeaLake\SeaLake_1877.jpg,9,SeaLake,9,SeaLake,0.9988653659820557,True,-13.150854,57.064014
201,C:\Users\DELL Precision 5550\Documents\GitHub\Terrasight-Eurosat-RGB-vs-Multispectral\data\raw\rgb\River\River_1446.jpg,8,River,8,River,0.9988522529602051,True,28.509605,24.005003
202,C:\Users\DELL Precision 5550\Documents\GitHub\Terrasight-Eurosat-RGB-vs-Multispectral\data\raw\rgb\Pasture\Pasture_58.jpg,5,Pasture,5,Pasture,0.9927594661712646,True,2.4056058,9.089705
203,C:\Users\DELL Precision 5550\Documents\GitHub\Terrasight-Eurosat-RGB-vs-Multispectral\data\raw\rgb\AnnualCrop\AnnualCrop_1458.jpg,0,AnnualCrop,0,AnnualCrop,0.9985619187355042,True,39.039566,6.5828667
204,C:\Users\DELL Precision 5550\Documents\GitHub\Terrasight-Eurosat-RGB-vs-Multispectral\data\raw\rgb\River\River_2160.jpg,8,River,8,River,0.9964625239372253,True,18.731089,22.659454
205,C:\Users\DELL Precision 5550\Documents\GitHub\Terrasight-Eurosat-RGB-vs-Multispectral\data\raw\rgb\HerbaceousVegetation\HerbaceousVegetation_1882.jpg,2,HerbaceousVegetation,2,HerbaceousVegetation,0.9999033212661743,True,-15.575153,-13.049411
206,C:\Users\DELL Precision 5550\Documents\GitHub\Terrasight-Eurosat-RGB-vs-Multispectral\data\raw\rgb\AnnualCrop\AnnualCrop_1580.jpg,0,AnnualCrop,0,AnnualCrop,0.9999997615814209,True,57.91424,6.142392
207,C:\Users\DELL Precision 5550\Documents\GitHub\Terrasight-Eurosat-RGB-vs-Multispectral\data\raw\rgb\Residential\Residential_2099.jpg,7,Residential,7,Residential,0.999996542930603,True,-47.419136,-31.98422
208,C:\Users\DELL Precision 5550\Documents\GitHub\Terrasight-Eurosat-RGB-vs-Multispectral\data\raw\rgb\HerbaceousVegetation\HerbaceousVegetation_2842.jpg,2,HerbaceousVegetation,2,HerbaceousVegetation,0.999904990196228,True,-17.384933,3.0704935
209,C:\Users\DELL Precision 5550\Documents\GitHub\Terrasight-Eurosat-RGB-vs-Multispectral\data\raw\rgb\Forest\Forest_950.jpg,1,Forest,1,Forest,0.9994459748268127,True,-40.35224,19.894768
210,C:\Users\DELL Precision 5550\Documents\GitHub\Terrasight-Eurosat-RGB-vs-Multispectral\data\raw\rgb\Highway\Highway_1667.jpg,3,Highway,3,Highway,0.9998553991317749,True,45.16156,-32.86882
211,C:\Users\DELL Precision 5550\Documents\GitHub\Terrasight-Eurosat-RGB-vs-Multispectral\data\raw\rgb\SeaLake\SeaLake_2179.jpg,9,SeaLake,9,SeaLake,0.9999125003814697,True,-12.275554,62.926723
212,C:\Users\DELL Precision 5550\Documents\GitHub\Terrasight-Eurosat-RGB-vs-Multispectral\data\raw\rgb\River\River_235.jpg,8,River,8,River,0.9999990463256836,True,27.670921,33.026146
213,C:\Users\DELL Precision 5550\Documents\GitHub\Terrasight-Eurosat-RGB-vs-Multispectral\data\raw\rgb\Residential\Residential_38.jpg,7,Residential,7,Residential,0.9972057938575745,True,-38.914967,-38.135166
214,C:\Users\DELL Precision 5550\Documents\GitHub\Terrasight-Eurosat-RGB-vs-Multispectral\data\raw\rgb\AnnualCrop\AnnualCrop_1953.jpg,0,AnnualCrop,0,AnnualCrop,0.998190701007843,True,34.107666,3.7936406
215,C:\Users\DELL Precision 5550\Documents\GitHub\Terrasight-Eurosat-RGB-vs-Multispectral\data\raw\rgb\HerbaceousVegetation\HerbaceousVegetation_4.jpg,2,HerbaceousVegetation,2,HerbaceousVegetation,0.9991940855979919,True,-17.86862,1.6661687
216,C:\Users\DELL Precision 5550\Documents\GitHub\Terrasight-Eurosat-RGB-vs-Multispectral\data\raw\rgb\Industrial\Industrial_1232.jpg,4,Industrial,4,Industrial,0.9995675683021545,True,-2.2440097,-57.81017
217,C:\Users\DELL Precision 5550\Documents\GitHub\Terrasight-Eurosat-RGB-vs-Multispectral\data\raw\rgb\Forest\Forest_2172.jpg,1,Forest,1,Forest,0.9908769726753235,True,-36.159863,20.277103
218,C:\Users\DELL Precision 5550\Documents\GitHub\Terrasight-Eurosat-RGB-vs-Multispectral\data\raw\rgb\Pasture\Pasture_647.jpg,5,Pasture,5,Pasture,0.9498811960220337,True,6.696412,9.840121
219,C:\Users\DELL Precision 5550\Documents\GitHub\Terrasight-Eurosat-RGB-vs-Multispectral\data\raw\rgb\SeaLake\SeaLake_1427.jpg,9,SeaLake,9,SeaLake,0.9999325275421143,True,-2.368938,61.943108
220,C:\Users\DELL Precision 5550\Documents\GitHub\Terrasight-Eurosat-RGB-vs-Multispectral\data\raw\rgb\River\River_1585.jpg,8,River,8,River,0.999817430973053,True,23.624102,30.921919
221,C:\Users\DELL Precision 5550\Documents\GitHub\Terrasight-Eurosat-RGB-vs-Multispectral\data\raw\rgb\PermanentCrop\PermanentCrop_1749.jpg,6,PermanentCrop,6,PermanentCrop,0.999977707862854,True,11.695024,-21.572664
222,C:\Users\DELL Precision 5550\Documents\GitHub\Terrasight-Eurosat-RGB-vs-Multispectral\data\raw\rgb\PermanentCrop\PermanentCrop_1508.jpg,6,PermanentCrop,6,PermanentCrop,0.9998973608016968,True,12.759848,-15.109511
223,C:\Users\DELL Precision 5550\Documents\GitHub\Terrasight-Eurosat-RGB-vs-Multispectral\data\raw\rgb\Highway\Highway_1970.jpg,3,Highway,3,Highway,0.9992766976356506,True,37.508816,-26.729353
224,C:\Users\DELL Precision 5550\Documents\GitHub\Terrasight-Eurosat-RGB-vs-Multispectral\data\raw\rgb\Residential\Residential_2027.jpg,7,Residential,7,Residential,0.9999998807907104,True,-45.826057,-29.372236
225,C:\Users\DELL Precision 5550\Documents\GitHub\Terrasight-Eurosat-RGB-vs-Multispectral\data\raw\rgb\Highway\Highway_298.jpg,3,Highway,3,Highway,0.9993599057197571,True,43.737293,-27.010263
226,C:\Users\DELL Precision 5550\Documents\GitHub\Terrasight-Eurosat-RGB-vs-Multispectral\data\raw\rgb\Pasture\Pasture_541.jpg,5,Pasture,5,Pasture,1.0,True,-8.489059,25.924412
227,C:\Users\DELL Precision 5550\Documents\GitHub\Terrasight-Eurosat-RGB-vs-Multispectral\data\raw\rgb\AnnualCrop\AnnualCrop_2497.jpg,0,AnnualCrop,0,AnnualCrop,0.9999140501022339,True,46.90504,3.577313
228,C:\Users\DELL Precision 5550\Documents\GitHub\Terrasight-Eurosat-RGB-vs-Multispectral\data\raw\rgb\Forest\Forest_2741.jpg,1,Forest,1,Forest,0.9999774694442749,True,-46.49702,19.37514
229,C:\Users\DELL Precision 5550\Documents\GitHub\Terrasight-Eurosat-RGB-vs-Multispectral\data\raw\rgb\Industrial\Industrial_63.jpg,4,Industrial,4,Industrial,0.9942761063575745,True,-0.5065166,-61.95856
230,C:\Users\DELL Precision 5550\Documents\GitHub\Terrasight-Eurosat-RGB-vs-Multispectral\data\raw\rgb\HerbaceousVegetation\HerbaceousVegetation_2921.jpg,2,HerbaceousVegetation,2,HerbaceousVegetation,0.9999994039535522,True,-26.218424,-5.3524866
231,C:\Users\DELL Precision 5550\Documents\GitHub\Terrasight-Eurosat-RGB-vs-Multispectral\data\raw\rgb\SeaLake\SeaLake_626.jpg,9,SeaLake,9,SeaLake,0.8733528256416321,True,-11.401078,48.872463
232,C:\Users\DELL Precision 5550\Documents\GitHub\Terrasight-Eurosat-RGB-vs-Multispectral\data\raw\rgb\HerbaceousVegetation\HerbaceousVegetation_1936.jpg,2,HerbaceousVegetation,2,HerbaceousVegetation,0.9999951124191284,True,-15.366094,-9.039211
233,C:\Users\DELL Precision 5550\Documents\GitHub\Terrasight-Eurosat-RGB-vs-Multispectral\data\raw\rgb\PermanentCrop\PermanentCrop_1769.jpg,6,PermanentCrop,6,PermanentCrop,0.9989941716194153,True,7.629873,-14.655658
234,C:\Users\DELL Precision 5550\Documents\GitHub\Terrasight-Eurosat-RGB-vs-Multispectral\data\raw\rgb\Pasture\Pasture_1205.jpg,5,Pasture,5,Pasture,0.9999216794967651,True,-6.602196,21.841087
235,C:\Users\DELL Precision 5550\Documents\GitHub\Terrasight-Eurosat-RGB-vs-Multispectral\data\raw\rgb\Forest\Forest_1736.jpg,1,Forest,1,Forest,0.9949709177017212,True,-38.670544,21.086704
236,C:\Users\DELL Precision 5550\Documents\GitHub\Terrasight-Eurosat-RGB-vs-Multispectral\data\raw\rgb\SeaLake\SeaLake_2789.jpg,9,SeaLake,9,SeaLake,0.9998555183410645,True,-3.076479,60.868626
237,C:\Users\DELL Precision 5550\Documents\GitHub\Terrasight-Eurosat-RGB-vs-Multispectral\data\raw\rgb\Forest\Forest_2085.jpg,1,Forest,1,Forest,0.9995105266571045,True,-42.357822,29.889908
238,C:\Users\DELL Precision 5550\Documents\GitHub\Terrasight-Eurosat-RGB-vs-Multispectral\data\raw\rgb\Forest\Forest_263.jpg,1,Forest,1,Forest,0.9976484179496765,True,-41.191624,27.36285
239,C:\Users\DELL Precision 5550\Documents\GitHub\Terrasight-Eurosat-RGB-vs-Multispectral\data\raw\rgb\Highway\Highway_2101.jpg,3,Highway,3,Highway,0.9993526339530945,True,45.717884,-28.36311
240,C:\Users\DELL Precision 5550\Documents\GitHub\Terrasight-Eurosat-RGB-vs-Multispectral\data\raw\rgb\Industrial\Industrial_1079.jpg,4,Industrial,4,Industrial,0.997104823589325,True,-2.1582692,-58.868404
241,C:\Users\DELL Precision 5550\Documents\GitHub\Terrasight-Eurosat-RGB-vs-Multispectral\data\raw\rgb\Pasture\Pasture_719.jpg,5,Pasture,5,Pasture,0.9971451163291931,True,1.4550434,12.371846
242,C:\Users\DELL Precision 5550\Documents\GitHub\Terrasight-Eurosat-RGB-vs-Multispectral\data\raw\rgb\Industrial\Industrial_1472.jpg,4,Industrial,3,Highway,0.9650980234146118,False,33.806915,-29.094313
243,C:\Users\DELL Precision 5550\Documents\GitHub\Terrasight-Eurosat-RGB-vs-Multispectral\data\raw\rgb\PermanentCrop\PermanentCrop_2257.jpg,6,PermanentCrop,6,PermanentCrop,0.985082745552063,True,15.6693535,-10.308232
244,C:\Users\DELL Precision 5550\Documents\GitHub\Terrasight-Eurosat-RGB-vs-Multispectral\data\raw\rgb\Forest\Forest_1136.jpg,1,Forest,1,Forest,0.999985933303833,True,-52.21419,12.892169
245,C:\Users\DELL Precision 5550\Documents\GitHub\Terrasight-Eurosat-RGB-vs-Multispectral\data\raw\rgb\SeaLake\SeaLake_412.jpg,9,SeaLake,9,SeaLake,0.9999480247497559,True,4.635036,48.710735
246,C:\Users\DELL Precision 5550\Documents\GitHub\Terrasight-Eurosat-RGB-vs-Multispectral\data\raw\rgb\River\River_1890.jpg,8,River,8,River,0.9895338416099548,True,19.118265,21.250612
247,C:\Users\DELL Precision 5550\Documents\GitHub\Terrasight-Eurosat-RGB-vs-Multispectral\data\raw\rgb\HerbaceousVegetation\HerbaceousVegetation_2349.jpg,2,HerbaceousVegetation,2,HerbaceousVegetation,0.9999997615814209,True,-25.101706,-3.2943528
248,C:\Users\DELL Precision 5550\Documents\GitHub\Terrasight-Eurosat-RGB-vs-Multispectral\data\raw\rgb\HerbaceousVegetation\HerbaceousVegetation_1611.jpg,2,HerbaceousVegetation,2,HerbaceousVegetation,0.9999899864196777,True,-21.018414,-5.6154656
249,C:\Users\DELL Precision 5550\Documents\GitHub\Terrasight-Eurosat-RGB-vs-Multispectral\data\raw\rgb\Highway\Highway_1586.jpg,3,Highway,3,Highway,0.9022464156150818,True,31.250439,-30.80554
250,C:\Users\DELL Precision 5550\Documents\GitHub\Terrasight-Eurosat-RGB-vs-Multispectral\data\raw\rgb\HerbaceousVegetation\HerbaceousVegetation_738.jpg,2,HerbaceousVegetation,2,HerbaceousVegetation,0.9997087121009827,True,-20.718328,3.6297987
251,C:\Users\DELL Precision 5550\Documents\GitHub\Terrasight-Eurosat-RGB-vs-Multispectral\data\raw\rgb\Residential\Residential_1403.jpg,7,Residential,7,Residential,0.9380776286125183,True,-33.412037,-41.389816
252,C:\Users\DELL Precision 5550\Documents\GitHub\Terrasight-Eurosat-RGB-vs-Multispectral\data\raw\rgb\PermanentCrop\PermanentCrop_1060.jpg,6,PermanentCrop,6,PermanentCrop,0.9320992231369019,True,9.333661,-6.6903687
253,C:\Users\DELL Precision 5550\Documents\GitHub\Terrasight-Eurosat-RGB-vs-Multispectral\data\raw\rgb\SeaLake\SeaLake_283.jpg,9,SeaLake,9,SeaLake,0.9998452663421631,True,-3.102812,54.46695
254,C:\Users\DELL Precision 5550\Documents\GitHub\Terrasight-Eurosat-RGB-vs-Multispectral\data\raw\rgb\PermanentCrop\PermanentCrop_1774.jpg,6,PermanentCrop,6,PermanentCrop,0.9038166403770447,True,1.7844831,-19.067797
255,C:\Users\DELL Precision 5550\Documents\GitHub\Terrasight-Eurosat-RGB-vs-Multispectral\data\raw\rgb\Forest\Forest_2364.jpg,1,Forest,1,Forest,1.0,True,-56.133533,16.23168
256,C:\Users\DELL Precision 5550\Documents\GitHub\Terrasight-Eurosat-RGB-vs-Multispectral\data\raw\rgb\Highway\Highway_93.jpg,3,Highway,3,Highway,0.9971331357955933,True,33.304024,-32.708324
257,C:\Users\DELL Precision 5550\Documents\GitHub\Terrasight-Eurosat-RGB-vs-Multispectral\data\raw\rgb\Forest\Forest_508.jpg,1,Forest,1,Forest,0.9801772832870483,True,-36.8212,26.11089
258,C:\Users\DELL Precision 5550\Documents\GitHub\Terrasight-Eurosat-RGB-vs-Multispectral\data\raw\rgb\Highway\Highway_1922.jpg,3,Highway,3,Highway,0.999881386756897,True,40.15199,-36.390667
259,C:\Users\DELL Precision 5550\Documents\GitHub\Terrasight-Eurosat-RGB-vs-Multispectral\data\raw\rgb\HerbaceousVegetation\HerbaceousVegetation_172.jpg,2,HerbaceousVegetation,2,HerbaceousVegetation,1.0,True,-25.194921,-9.018658
260,C:\Users\DELL Precision 5550\Documents\GitHub\Terrasight-Eurosat-RGB-vs-Multispectral\data\raw\rgb\Highway\Highway_880.jpg,3,Highway,3,Highway,0.9993911981582642,True,36.50888,-33.93285
261,C:\Users\DELL Precision 5550\Documents\GitHub\Terrasight-Eurosat-RGB-vs-Multispectral\data\raw\rgb\River\River_1366.jpg,8,River,3,Highway,0.6829118132591248,False,34.00767,-25.532265
262,C:\Users\DELL Precision 5550\Documents\GitHub\Terrasight-Eurosat-RGB-vs-Multispectral\data\raw\rgb\SeaLake\SeaLake_54.jpg,9,SeaLake,9,SeaLake,0.9999749660491943,True,-6.990595,65.21265
263,C:\Users\DELL Precision 5550\Documents\GitHub\Terrasight-Eurosat-RGB-vs-Multispectral\data\raw\rgb\Highway\Highway_655.jpg,3,Highway,3,Highway,0.9992712140083313,True,43.691807,-25.494026
264,C:\Users\DELL Precision 5550\Documents\GitHub\Terrasight-Eurosat-RGB-vs-Multispectral\data\raw\rgb\HerbaceousVegetation\HerbaceousVegetation_1920.jpg,2,HerbaceousVegetation,2,HerbaceousVegetation,0.9999922513961792,True,-23.012774,-6.1028204
265,C:\Users\DELL Precision 5550\Documents\GitHub\Terrasight-Eurosat-RGB-vs-Multispectral\data\raw\rgb\Industrial\Industrial_322.jpg,4,Industrial,4,Industrial,0.9990555644035339,True,-2.757427,-57.812572
266,C:\Users\DELL Precision 5550\Documents\GitHub\Terrasight-Eurosat-RGB-vs-Multispectral\data\raw\rgb\Forest\Forest_860.jpg,1,Forest,1,Forest,0.999994158744812,True,-51.90514,13.779113
267,C:\Users\DELL Precision 5550\Documents\GitHub\Terrasight-Eurosat-RGB-vs-Multispectral\data\raw\rgb\Forest\Forest_2285.jpg,1,Forest,1,Forest,0.9999768733978271,True,-43.324154,29.893229
268,C:\Users\DELL Precision 5550\Documents\GitHub\Terrasight-Eurosat-RGB-vs-Multispectral\data\raw\rgb\Forest\Forest_1376.jpg,1,Forest,1,Forest,0.9999958276748657,True,-51.08538,12.323155
269,C:\Users\DELL Precision 5550\Documents\GitHub\Terrasight-Eurosat-RGB-vs-Multispectral\data\raw\rgb\Residential\Residential_1903.jpg,7,Residential,7,Residential,0.9999998807907104,True,-50.315186,-33.644707
270,C:\Users\DELL Precision 5550\Documents\GitHub\Terrasight-Eurosat-RGB-vs-Multispectral\data\raw\rgb\HerbaceousVegetation\HerbaceousVegetation_432.jpg,2,HerbaceousVegetation,2,HerbaceousVegetation,0.9987142086029053,True,-20.201097,3.536138
271,C:\Users\DELL Precision 5550\Documents\GitHub\Terrasight-Eurosat-RGB-vs-Multispectral\data\raw\rgb\Industrial\Industrial_1336.jpg,4,Industrial,4,Industrial,0.9998431205749512,True,4.452424,-56.734997
272,C:\Users\DELL Precision 5550\Documents\GitHub\Terrasight-Eurosat-RGB-vs-Multispectral\data\raw\rgb\Residential\Residential_2192.jpg,7,Residential,7,Residential,0.6928315758705139,True,-33.735554,-41.996628
273,C:\Users\DELL Precision 5550\Documents\GitHub\Terrasight-Eurosat-RGB-vs-Multispectral\data\raw\rgb\HerbaceousVegetation\HerbaceousVegetation_2143.jpg,2,HerbaceousVegetation,2,HerbaceousVegetation,0.9350923895835876,True,0.23840225,-6.6268153
274,C:\Users\DELL Precision 5550\Documents\GitHub\Terrasight-Eurosat-RGB-vs-Multispectral\data\raw\rgb\HerbaceousVegetation\HerbaceousVegetation_2996.jpg,2,HerbaceousVegetation,2,HerbaceousVegetation,0.9971174001693726,True,-15.954736,1.5663022
275,C:\Users\DELL Precision 5550\Documents\GitHub\Terrasight-Eurosat-RGB-vs-Multispectral\data\raw\rgb\Forest\Forest_2734.jpg,1,Forest,1,Forest,0.9999938011169434,True,-52.920597,12.486275
276,C:\Users\DELL Precision 5550\Documents\GitHub\Terrasight-Eurosat-RGB-vs-Multispectral\data\raw\rgb\HerbaceousVegetation\HerbaceousVegetation_757.jpg,2,HerbaceousVegetation,2,HerbaceousVegetation,0.9998475313186646,True,-13.8083725,2.4390335
277,C:\Users\DELL Precision 5550\Documents\GitHub\Terrasight-Eurosat-RGB-vs-Multispectral\data\raw\rgb\Forest\Forest_172.jpg,1,Forest,1,Forest,0.9998854398727417,True,-44.119335,22.604946
278,C:\Users\DELL Precision 5550\Documents\GitHub\Terrasight-Eurosat-RGB-vs-Multispectral\data\raw\rgb\Forest\Forest_2244.jpg,1,Forest,1,Forest,0.9999985694885254,True,-56.585632,12.912289
279,C:\Users\DELL Precision 5550\Documents\GitHub\Terrasight-Eurosat-RGB-vs-Multispectral\data\raw\rgb\River\River_266.jpg,8,River,8,River,0.9582369923591614,True,23.324032,17.358381
280,C:\Users\DELL Precision 5550\Documents\GitHub\Terrasight-Eurosat-RGB-vs-Multispectral\data\raw\rgb\PermanentCrop\PermanentCrop_930.jpg,6,PermanentCrop,6,PermanentCrop,0.9999970197677612,True,12.510044,-21.726547
281,C:\Users\DELL Precision 5550\Documents\GitHub\Terrasight-Eurosat-RGB-vs-Multispectral\data\raw\rgb\Pasture\Pasture_265.jpg,5,Pasture,5,Pasture,0.9977893829345703,True,5.255826,15.647091
282,C:\Users\DELL Precision 5550\Documents\GitHub\Terrasight-Eurosat-RGB-vs-Multispectral\data\raw\rgb\Residential\Residential_2418.jpg,7,Residential,7,Residential,0.9991418123245239,True,-44.546867,-38.818947
283,C:\Users\DELL Precision 5550\Documents\GitHub\Terrasight-Eurosat-RGB-vs-Multispectral\data\raw\rgb\SeaLake\SeaLake_2531.jpg,9,SeaLake,9,SeaLake,0.9991666078567505,True,-4.680613,47.61836
284,C:\Users\DELL Precision 5550\Documents\GitHub\Terrasight-Eurosat-RGB-vs-Multispectral\data\raw\rgb\Highway\Highway_706.jpg,3,Highway,3,Highway,0.9933111667633057,True,32.993843,-29.456724
285,C:\Users\DELL Precision 5550\Documents\GitHub\Terrasight-Eurosat-RGB-vs-Multispectral\data\raw\rgb\Residential\Residential_593.jpg,7,Residential,7,Residential,0.9999696016311646,True,-45.47734,-36.265034
286,C:\Users\DELL Precision 5550\Documents\GitHub\Terrasight-Eurosat-RGB-vs-Multispectral\data\raw\rgb\Forest\Forest_589.jpg,1,Forest,1,Forest,0.9763601422309875,True,-37.87916,26.17466
287,C:\Users\DELL Precision 5550\Documents\GitHub\Terrasight-Eurosat-RGB-vs-Multispectral\data\raw\rgb\AnnualCrop\AnnualCrop_802.jpg,0,AnnualCrop,0,AnnualCrop,0.9998611211776733,True,41.57399,5.8148065
288,C:\Users\DELL Precision 5550\Documents\GitHub\Terrasight-Eurosat-RGB-vs-Multispectral\data\raw\rgb\AnnualCrop\AnnualCrop_294.jpg,0,AnnualCrop,0,AnnualCrop,0.9677900671958923,True,28.566536,7.021385
289,C:\Users\DELL Precision 5550\Documents\GitHub\Terrasight-Eurosat-RGB-vs-Multispectral\data\raw\rgb\Residential\Residential_1701.jpg,7,Residential,7,Residential,0.9999533891677856,True,-41.466583,-35.80793
290,C:\Users\DELL Precision 5550\Documents\GitHub\Terrasight-Eurosat-RGB-vs-Multispectral\data\raw\rgb\Residential\Residential_1167.jpg,7,Residential,7,Residential,0.999998927116394,True,-46.6611,-31.848984
291,C:\Users\DELL Precision 5550\Documents\GitHub\Terrasight-Eurosat-RGB-vs-Multispectral\data\raw\rgb\Residential\Residential_1282.jpg,7,Residential,7,Residential,0.9996908903121948,True,-34.647728,-33.90029
292,C:\Users\DELL Precision 5550\Documents\GitHub\Terrasight-Eurosat-RGB-vs-Multispectral\data\raw\rgb\AnnualCrop\AnnualCrop_2470.jpg,0,AnnualCrop,0,AnnualCrop,0.9999576807022095,True,40.901134,4.6909785
293,C:\Users\DELL Precision 5550\Documents\GitHub\Terrasight-Eurosat-RGB-vs-Multispectral\data\raw\rgb\Residential\Residential_2532.jpg,7,Residential,7,Residential,0.9998927116394043,True,-41.385155,-26.87851
294,C:\Users\DELL Precision 5550\Documents\GitHub\Terrasight-Eurosat-RGB-vs-Multispectral\data\raw\rgb\HerbaceousVegetation\HerbaceousVegetation_2745.jpg,2,HerbaceousVegetation,2,HerbaceousVegetation,0.9995669722557068,True,-13.442226,-13.175267
295,C:\Users\DELL Precision 5550\Documents\GitHub\Terrasight-Eurosat-RGB-vs-Multispectral\data\raw\rgb\PermanentCrop\PermanentCrop_1162.jpg,6,PermanentCrop,6,PermanentCrop,0.9995208978652954,True,12.430048,-17.674196
296,C:\Users\DELL Precision 5550\Documents\GitHub\Terrasight-Eurosat-RGB-vs-Multispectral\data\raw\rgb\Highway\Highway_680.jpg,3,Highway,3,Highway,0.999390721321106,True,42.27846,-26.752737
297,C:\Users\DELL Precision 5550\Documents\GitHub\Terrasight-Eurosat-RGB-vs-Multispectral\data\raw\rgb\Forest\Forest_2025.jpg,1,Forest,1,Forest,0.9998918771743774,True,-47.910423,12.506697
298,C:\Users\DELL Precision 5550\Documents\GitHub\Terrasight-Eurosat-RGB-vs-Multispectral\data\raw\rgb\PermanentCrop\PermanentCrop_400.jpg,6,PermanentCrop,4,Industrial,0.9868104457855225,False,7.785617,-52.552708
299,C:\Users\DELL Precision 5550\Documents\GitHub\Terrasight-Eurosat-RGB-vs-Multispectral\data\raw\rgb\HerbaceousVegetation\HerbaceousVegetation_1970.jpg,2,HerbaceousVegetation,2,HerbaceousVegetation,0.9999929666519165,True,-20.528486,-10.404976
300,C:\Users\DELL Precision 5550\Documents\GitHub\Terrasight-Eurosat-RGB-vs-Multispectral\data\raw\rgb\Forest\Forest_843.jpg,1,Forest,1,Forest,0.9798671007156372,True,-38.790604,24.12906
301,C:\Users\DELL Precision 5550\Documents\GitHub\Terrasight-Eurosat-RGB-vs-Multispectral\data\raw\rgb\HerbaceousVegetation\HerbaceousVegetation_593.jpg,2,HerbaceousVegetation,2,HerbaceousVegetation,0.9999986886978149,True,-25.54611,-1.6003718
302,C:\Users\DELL Precision 5550\Documents\GitHub\Terrasight-Eurosat-RGB-vs-Multispectral\data\raw\rgb\Industrial\Industrial_1349.jpg,4,Industrial,4,Industrial,0.9858210682868958,True,-1.6779958,-48.35874
303,C:\Users\DELL Precision 5550\Documents\GitHub\Terrasight-Eurosat-RGB-vs-Multispectral\data\raw\rgb\River\River_479.jpg,8,River,8,River,0.9617425203323364,True,29.202637,19.347
304,C:\Users\DELL Precision 5550\Documents\GitHub\Terrasight-Eurosat-RGB-vs-Multispectral\data\raw\rgb\Forest\Forest_1034.jpg,1,Forest,1,Forest,0.9998401403427124,True,-42.678143,27.683098
305,C:\Users\DELL Precision 5550\Documents\GitHub\Terrasight-Eurosat-RGB-vs-Multispectral\data\raw\rgb\Industrial\Industrial_2398.jpg,4,Industrial,4,Industrial,0.9999423027038574,True,3.1232538,-62.54526
306,C:\Users\DELL Precision 5550\Documents\GitHub\Terrasight-Eurosat-RGB-vs-Multispectral\data\raw\rgb\River\River_2488.jpg,8,River,8,River,0.8715093731880188,True,26.325819,13.243667
307,C:\Users\DELL Precision 5550\Documents\GitHub\Terrasight-Eurosat-RGB-vs-Multispectral\data\raw\rgb\HerbaceousVegetation\HerbaceousVegetation_659.jpg,2,HerbaceousVegetation,2,HerbaceousVegetation,0.9991094470024109,True,-3.8659768,-2.3989942
308,C:\Users\DELL Precision 5550\Documents\GitHub\Terrasight-Eurosat-RGB-vs-Multispectral\data\raw\rgb\Industrial\Industrial_215.jpg,4,Industrial,4,Industrial,0.9955058097839355,True,-4.095573,-47.19004
309,C:\Users\DELL Precision 5550\Documents\GitHub\Terrasight-Eurosat-RGB-vs-Multispectral\data\raw\rgb\Residential\Residential_2097.jpg,7,Residential,7,Residential,0.9999911785125732,True,-47.93027,-33.683754
310,C:\Users\DELL Precision 5550\Documents\GitHub\Terrasight-Eurosat-RGB-vs-Multispectral\data\raw\rgb\Pasture\Pasture_250.jpg,5,Pasture,5,Pasture,0.9266437292098999,True,2.9056535,7.0639668
311,C:\Users\DELL Precision 5550\Documents\GitHub\Terrasight-Eurosat-RGB-vs-Multispectral\data\raw\rgb\PermanentCrop\PermanentCrop_1235.jpg,6,PermanentCrop,6,PermanentCrop,0.987798273563385,True,2.976896,-19.58363
312,C:\Users\DELL Precision 5550\Documents\GitHub\Terrasight-Eurosat-RGB-vs-Multispectral\data\raw\rgb\Highway\Highway_2126.jpg,3,Highway,3,Highway,0.9989618062973022,True,45.072056,-25.682503
313,C:\Users\DELL Precision 5550\Documents\GitHub\Terrasight-Eurosat-RGB-vs-Multispectral\data\raw\rgb\Forest\Forest_259.jpg,1,Forest,1,Forest,0.9996969699859619,True,-40.221355,26.85232
314,C:\Users\DELL Precision 5550\Documents\GitHub\Terrasight-Eurosat-RGB-vs-Multispectral\data\raw\rgb\Industrial\Industrial_1920.jpg,4,Industrial,4,Industrial,0.9927614331245422,True,-4.456155,-46.855022
315,C:\Users\DELL Precision 5550\Documents\GitHub\Terrasight-Eurosat-RGB-vs-Multispectral\data\raw\rgb\AnnualCrop\AnnualCrop_2163.jpg,0,AnnualCrop,0,AnnualCrop,0.9986308217048645,True,40.608345,-1.9857105
316,C:\Users\DELL Precision 5550\Documents\GitHub\Terrasight-Eurosat-RGB-vs-Multispectral\data\raw\rgb\Highway\Highway_1239.jpg,3,Highway,3,Highway,0.9998067021369934,True,37.966404,-27.313221
317,C:\Users\DELL Precision 5550\Documents\GitHub\Terrasight-Eurosat-RGB-vs-Multispectral\data\raw\rgb\PermanentCrop\PermanentCrop_2176.jpg,6,PermanentCrop,0,AnnualCrop,0.597038209438324,False,27.374054,0.13273507
318,C:\Users\DELL Precision 5550\Documents\GitHub\Terrasight-Eurosat-RGB-vs-Multispectral\data\raw\rgb\AnnualCrop\AnnualCrop_2613.jpg,0,AnnualCrop,0,AnnualCrop,0.9999959468841553,True,56.93373,5.7527046
319,C:\Users\DELL Precision 5550\Documents\GitHub\Terrasight-Eurosat-RGB-vs-Multispectral\data\raw\rgb\Pasture\Pasture_486.jpg,5,Pasture,5,Pasture,0.9999974966049194,True,-7.499957,24.832487
320,C:\Users\DELL Precision 5550\Documents\GitHub\Terrasight-Eurosat-RGB-vs-Multispectral\data\raw\rgb\HerbaceousVegetation\HerbaceousVegetation_2718.jpg,2,HerbaceousVegetation,2,HerbaceousVegetation,0.999915361404419,True,-21.353857,-5.5063415
321,C:\Users\DELL Precision 5550\Documents\GitHub\Terrasight-Eurosat-RGB-vs-Multispectral\data\raw\rgb\Highway\Highway_976.jpg,3,Highway,3,Highway,0.9999994039535522,True,53.19099,-31.748632
322,C:\Users\DELL Precision 5550\Documents\GitHub\Terrasight-Eurosat-RGB-vs-Multispectral\data\raw\rgb\River\River_380.jpg,8,River,8,River,0.9999686479568481,True,22.041098,27.93914
323,C:\Users\DELL Precision 5550\Documents\GitHub\Terrasight-Eurosat-RGB-vs-Multispectral\data\raw\rgb\SeaLake\SeaLake_728.jpg,9,SeaLake,9,SeaLake,0.9999891519546509,True,-1.8369749,65.67028
324,C:\Users\DELL Precision 5550\Documents\GitHub\Terrasight-Eurosat-RGB-vs-Multispectral\data\raw\rgb\River\River_362.jpg,8,River,8,River,0.999992847442627,True,29.423773,36.75586
325,C:\Users\DELL Precision 5550\Documents\GitHub\Terrasight-Eurosat-RGB-vs-Multispectral\data\raw\rgb\PermanentCrop\PermanentCrop_1795.jpg,6,PermanentCrop,6,PermanentCrop,0.9048587679862976,True,3.1634746,-9.392524
326,C:\Users\DELL Precision 5550\Documents\GitHub\Terrasight-Eurosat-RGB-vs-Multispectral\data\raw\rgb\River\River_2152.jpg,8,River,8,River,0.9999998807907104,True,28.062635,39.43808
327,C:\Users\DELL Precision 5550\Documents\GitHub\Terrasight-Eurosat-RGB-vs-Multispectral\data\raw\rgb\AnnualCrop\AnnualCrop_2963.jpg,0,AnnualCrop,0,AnnualCrop,0.9954379200935364,True,33.13138,3.9285386
328,C:\Users\DELL Precision 5550\Documents\GitHub\Terrasight-Eurosat-RGB-vs-Multispectral\data\raw\rgb\Industrial\Industrial_900.jpg,4,Industrial,4,Industrial,0.998532772064209,True,0.115991786,-58.58562
329,C:\Users\DELL Precision 5550\Documents\GitHub\Terrasight-Eurosat-RGB-vs-Multispectral\data\raw\rgb\Residential\Residential_1592.jpg,7,Residential,7,Residential,0.9999997615814209,True,-50.097298,-32.72888
330,C:\Users\DELL Precision 5550\Documents\GitHub\Terrasight-Eurosat-RGB-vs-Multispectral\data\raw\rgb\Industrial\Industrial_543.jpg,4,Industrial,4,Industrial,0.9974058270454407,True,-3.0359151,-57.29338
331,C:\Users\DELL Precision 5550\Documents\GitHub\Terrasight-Eurosat-RGB-vs-Multispectral\data\raw\rgb\PermanentCrop\PermanentCrop_2428.jpg,6,PermanentCrop,6,PermanentCrop,0.9991880059242249,True,12.540433,-14.640515
332,C:\Users\DELL Precision 5550\Documents\GitHub\Terrasight-Eurosat-RGB-vs-Multispectral\data\raw\rgb\AnnualCrop\AnnualCrop_483.jpg,0,AnnualCrop,0,AnnualCrop,0.999666690826416,True,41.33046,5.912524
333,C:\Users\DELL Precision 5550\Documents\GitHub\Terrasight-Eurosat-RGB-vs-Multispectral\data\raw\rgb\SeaLake\SeaLake_1351.jpg,9,SeaLake,9,SeaLake,0.9988294243812561,True,-4.18476,44.93878
334,C:\Users\DELL Precision 5550\Documents\GitHub\Terrasight-Eurosat-RGB-vs-Multispectral\data\raw\rgb\Industrial\Industrial_1218.jpg,4,Industrial,4,Industrial,0.9858887791633606,True,-0.19234724,-55.199787
335,C:\Users\DELL Precision 5550\Documents\GitHub\Terrasight-Eurosat-RGB-vs-Multispectral\data\raw\rgb\Forest\Forest_2538.jpg,1,Forest,1,Forest,0.9999959468841553,True,-52.15234,24.534464
336,C:\Users\DELL Precision 5550\Documents\GitHub\Terrasight-Eurosat-RGB-vs-Multispectral\data\raw\rgb\Industrial\Industrial_1551.jpg,4,Industrial,4,Industrial,0.9973884224891663,True,-2.1471813,-58.43767
337,C:\Users\DELL Precision 5550\Documents\GitHub\Terrasight-Eurosat-RGB-vs-Multispectral\data\raw\rgb\Forest\Forest_2941.jpg,1,Forest,1,Forest,0.999929666519165,True,-41.44897,17.64207
338,C:\Users\DELL Precision 5550\Documents\GitHub\Terrasight-Eurosat-RGB-vs-Multispectral\data\raw\rgb\Pasture\Pasture_419.jpg,5,Pasture,5,Pasture,0.8946019411087036,True,-1.0298891,8.051136
339,C:\Users\DELL Precision 5550\Documents\GitHub\Terrasight-Eurosat-RGB-vs-Multispectral\data\raw\rgb\SeaLake\SeaLake_1368.jpg,9,SeaLake,9,SeaLake,0.9999945163726807,True,4.290517,45.092285
340,C:\Users\DELL Precision 5550\Documents\GitHub\Terrasight-Eurosat-RGB-vs-Multispectral\data\raw\rgb\Forest\Forest_997.jpg,1,Forest,1,Forest,0.9999985694885254,True,-49.473938,21.963884
341,C:\Users\DELL Precision 5550\Documents\GitHub\Terrasight-Eurosat-RGB-vs-Multispectral\data\raw\rgb\Highway\Highway_1381.jpg,3,Highway,3,Highway,0.9951124787330627,True,37.267258,-28.987495
342,C:\Users\DELL Precision 5550\Documents\GitHub\Terrasight-Eurosat-RGB-vs-Multispectral\data\raw\rgb\Forest\Forest_352.jpg,1,Forest,1,Forest,0.9999587535858154,True,-46.58476,21.300356
343,C:\Users\DELL Precision 5550\Documents\GitHub\Terrasight-Eurosat-RGB-vs-Multispectral\data\raw\rgb\SeaLake\SeaLake_1870.jpg,9,SeaLake,9,SeaLake,0.9999822378158569,True,-3.1503856,64.86753
344,C:\Users\DELL Precision 5550\Documents\GitHub\Terrasight-Eurosat-RGB-vs-Multispectral\data\raw\rgb\PermanentCrop\PermanentCrop_254.jpg,6,PermanentCrop,6,PermanentCrop,0.9999237060546875,True,13.885734,-20.112076
345,C:\Users\DELL Precision 5550\Documents\GitHub\Terrasight-Eurosat-RGB-vs-Multispectral\data\raw\rgb\Highway\Highway_1618.jpg,3,Highway,3,Highway,0.9996761083602905,True,35.029705,-35.869488
346,C:\Users\DELL Precision 5550\Documents\GitHub\Terrasight-Eurosat-RGB-vs-Multispectral\data\raw\rgb\AnnualCrop\AnnualCrop_1973.jpg,0,AnnualCrop,0,AnnualCrop,0.9342970848083496,True,27.412682,1.9365448
347,C:\Users\DELL Precision 5550\Documents\GitHub\Terrasight-Eurosat-RGB-vs-Multispectral\data\raw\rgb\PermanentCrop\PermanentCrop_288.jpg,6,PermanentCrop,6,PermanentCrop,0.9999774694442749,True,7.921355,-21.765789
348,C:\Users\DELL Precision 5550\Documents\GitHub\Terrasight-Eurosat-RGB-vs-Multispectral\data\raw\rgb\Residential\Residential_1735.jpg,7,Residential,7,Residential,0.9992903470993042,True,-48.09371,-36.326763
349,C:\Users\DELL Precision 5550\Documents\GitHub\Terrasight-Eurosat-RGB-vs-Multispectral\data\raw\rgb\Industrial\Industrial_510.jpg,4,Industrial,4,Industrial,0.9960939288139343,True,-0.19112739,-49.00881
350,C:\Users\DELL Precision 5550\Documents\GitHub\Terrasight-Eurosat-RGB-vs-Multispectral\data\raw\rgb\Pasture\Pasture_1836.jpg,5,Pasture,5,Pasture,0.9999920129776001,True,-7.4761696,22.216877
351,C:\Users\DELL Precision 5550\Documents\GitHub\Terrasight-Eurosat-RGB-vs-Multispectral\data\raw\rgb\AnnualCrop\AnnualCrop_2525.jpg,0,AnnualCrop,0,AnnualCrop,1.0,True,57.853424,9.261939
352,C:\Users\DELL Precision 5550\Documents\GitHub\Terrasight-Eurosat-RGB-vs-Multispectral\data\raw\rgb\Highway\Highway_670.jpg,3,Highway,3,Highway,0.9989757537841797,True,37.32795,-29.306898
353,C:\Users\DELL Precision 5550\Documents\GitHub\Terrasight-Eurosat-RGB-vs-Multispectral\data\raw\rgb\Pasture\Pasture_1612.jpg,5,Pasture,5,Pasture,0.9998562335968018,True,-5.1649594,21.039139
354,C:\Users\DELL Precision 5550\Documents\GitHub\Terrasight-Eurosat-RGB-vs-Multispectral\data\raw\rgb\River\River_1318.jpg,8,River,8,River,0.9117929339408875,True,26.619722,19.594563
355,C:\Users\DELL Precision 5550\Documents\GitHub\Terrasight-Eurosat-RGB-vs-Multispectral\data\raw\rgb\Pasture\Pasture_1009.jpg,5,Pasture,5,Pasture,0.9933919310569763,True,0.5035892,10.766679
356,C:\Users\DELL Precision 5550\Documents\GitHub\Terrasight-Eurosat-RGB-vs-Multispectral\data\raw\rgb\Residential\Residential_2410.jpg,7,Residential,7,Residential,0.9923001527786255,True,-31.234694,-37.61796
357,C:\Users\DELL Precision 5550\Documents\GitHub\Terrasight-Eurosat-RGB-vs-Multispectral\data\raw\rgb\AnnualCrop\AnnualCrop_938.jpg,0,AnnualCrop,0,AnnualCrop,0.9998959302902222,True,38.85635,8.650877
358,C:\Users\DELL Precision 5550\Documents\GitHub\Terrasight-Eurosat-RGB-vs-Multispectral\data\raw\rgb\Forest\Forest_853.jpg,1,Forest,1,Forest,0.8284412622451782,True,-34.129257,17.950401
359,C:\Users\DELL Precision 5550\Documents\GitHub\Terrasight-Eurosat-RGB-vs-Multispectral\data\raw\rgb\SeaLake\SeaLake_689.jpg,9,SeaLake,9,SeaLake,0.999819815158844,True,-3.2330465,54.358406
360,C:\Users\DELL Precision 5550\Documents\GitHub\Terrasight-Eurosat-RGB-vs-Multispectral\data\raw\rgb\PermanentCrop\PermanentCrop_1339.jpg,6,PermanentCrop,2,HerbaceousVegetation,0.6112757325172424,False,3.47731,-7.5097613
361,C:\Users\DELL Precision 5550\Documents\GitHub\Terrasight-Eurosat-RGB-vs-Multispectral\data\raw\rgb\SeaLake\SeaLake_2848.jpg,9,SeaLake,9,SeaLake,0.9997557997703552,True,-13.927943,60.20592
362,C:\Users\DELL Precision 5550\Documents\GitHub\Terrasight-Eurosat-RGB-vs-Multispectral\data\raw\rgb\Forest\Forest_1120.jpg,1,Forest,1,Forest,0.9703697562217712,True,-38.88942,25.849009
363,C:\Users\DELL Precision 5550\Documents\GitHub\Terrasight-Eurosat-RGB-vs-Multispectral\data\raw\rgb\Highway\Highway_2078.jpg,3,Highway,2,HerbaceousVegetation,0.819794774055481,False,30.351854,-26.419456
364,C:\Users\DELL Precision 5550\Documents\GitHub\Terrasight-Eurosat-RGB-vs-Multispectral\data\raw\rgb\Industrial\Industrial_1104.jpg,4,Industrial,4,Industrial,0.9998503923416138,True,3.8220735,-63.911247
365,C:\Users\DELL Precision 5550\Documents\GitHub\Terrasight-Eurosat-RGB-vs-Multispectral\data\raw\rgb\HerbaceousVegetation\HerbaceousVegetation_827.jpg,2,HerbaceousVegetation,2,HerbaceousVegetation,0.9993228912353516,True,-8.568293,-9.436266
366,C:\Users\DELL Precision 5550\Documents\GitHub\Terrasight-Eurosat-RGB-vs-Multispectral\data\raw\rgb\Residential\Residential_135.jpg,7,Residential,7,Residential,0.9999892711639404,True,-49.93947,-34.88622
367,C:\Users\DELL Precision 5550\Documents\GitHub\Terrasight-Eurosat-RGB-vs-Multispectral\data\raw\rgb\River\River_2340.jpg,8,River,8,River,0.9997411370277405,True,28.467821,24.50991
368,C:\Users\DELL Precision 5550\Documents\GitHub\Terrasight-Eurosat-RGB-vs-Multispectral\data\raw\rgb\Industrial\Industrial_760.jpg,4,Industrial,4,Industrial,0.9958040118217468,True,0.5467957,-48.802452
369,C:\Users\DELL Precision 5550\Documents\GitHub\Terrasight-Eurosat-RGB-vs-Multispectral\data\raw\rgb\AnnualCrop\AnnualCrop_2369.jpg,0,AnnualCrop,0,AnnualCrop,0.9996507167816162,True,43.55562,4.219737
370,C:\Users\DELL Precision 5550\Documents\GitHub\Terrasight-Eurosat-RGB-vs-Multispectral\data\raw\rgb\PermanentCrop\PermanentCrop_2324.jpg,6,PermanentCrop,6,PermanentCrop,0.9761255383491516,True,10.593621,-11.483349
371,C:\Users\DELL Precision 5550\Documents\GitHub\Terrasight-Eurosat-RGB-vs-Multispectral\data\raw\rgb\PermanentCrop\PermanentCrop_1568.jpg,6,PermanentCrop,6,PermanentCrop,0.9999885559082031,True,9.11495,-21.91649
372,C:\Users\DELL Precision 5550\Documents\GitHub\Terrasight-Eurosat-RGB-vs-Multispectral\data\raw\rgb\Residential\Residential_2800.jpg,7,Residential,7,Residential,0.9768150448799133,True,-25.61807,-33.146896
373,C:\Users\DELL Precision 5550\Documents\GitHub\Terrasight-Eurosat-RGB-vs-Multispectral\data\raw\rgb\Pasture\Pasture_1062.jpg,5,Pasture,5,Pasture,0.5921416282653809,True,30.215216,-23.437572
374,C:\Users\DELL Precision 5550\Documents\GitHub\Terrasight-Eurosat-RGB-vs-Multispectral\data\raw\rgb\Forest\Forest_1146.jpg,1,Forest,1,Forest,0.9999971389770508,True,-49.93422,15.307299
375,C:\Users\DELL Precision 5550\Documents\GitHub\Terrasight-Eurosat-RGB-vs-Multispectral\data\raw\rgb\Residential\Residential_2028.jpg,7,Residential,7,Residential,0.84490966796875,True,-34.413483,-41.89414
376,C:\Users\DELL Precision 5550\Documents\GitHub\Terrasight-Eurosat-RGB-vs-Multispectral\data\raw\rgb\Residential\Residential_2862.jpg,7,Residential,7,Residential,0.9968409538269043,True,-45.971897,-40.326645
377,C:\Users\DELL Precision 5550\Documents\GitHub\Terrasight-Eurosat-RGB-vs-Multispectral\data\raw\rgb\River\River_191.jpg,8,River,8,River,0.9999912977218628,True,29.233007,37.103893
378,C:\Users\DELL Precision 5550\Documents\GitHub\Terrasight-Eurosat-RGB-vs-Multispectral\data\raw\rgb\River\River_418.jpg,8,River,8,River,0.9257586002349854,True,23.364506,18.737404
379,C:\Users\DELL Precision 5550\Documents\GitHub\Terrasight-Eurosat-RGB-vs-Multispectral\data\raw\rgb\Forest\Forest_576.jpg,1,Forest,1,Forest,0.9874982237815857,True,-41.50802,24.290138
380,C:\Users\DELL Precision 5550\Documents\GitHub\Terrasight-Eurosat-RGB-vs-Multispectral\data\raw\rgb\Forest\Forest_1363.jpg,1,Forest,1,Forest,1.0,True,-57.12481,15.888091
381,C:\Users\DELL Precision 5550\Documents\GitHub\Terrasight-Eurosat-RGB-vs-Multispectral\data\raw\rgb\Highway\Highway_1557.jpg,3,Highway,3,Highway,0.9989945292472839,True,44.2067,-27.685322
382,C:\Users\DELL Precision 5550\Documents\GitHub\Terrasight-Eurosat-RGB-vs-Multispectral\data\raw\rgb\Industrial\Industrial_1165.jpg,4,Industrial,4,Industrial,0.9951139092445374,True,4.0391216,-49.901394
383,C:\Users\DELL Precision 5550\Documents\GitHub\Terrasight-Eurosat-RGB-vs-Multispectral\data\raw\rgb\River\River_1675.jpg,8,River,8,River,0.9999990463256836,True,31.734768,36.85912
384,C:\Users\DELL Precision 5550\Documents\GitHub\Terrasight-Eurosat-RGB-vs-Multispectral\data\raw\rgb\HerbaceousVegetation\HerbaceousVegetation_2827.jpg,2,HerbaceousVegetation,2,HerbaceousVegetation,0.9954949617385864,True,-11.3073435,-5.450477
385,C:\Users\DELL Precision 5550\Documents\GitHub\Terrasight-Eurosat-RGB-vs-Multispectral\data\raw\rgb\PermanentCrop\PermanentCrop_194.jpg,6,PermanentCrop,8,River,0.6580430865287781,False,22.668308,4.397036
386,C:\Users\DELL Precision 5550\Documents\GitHub\Terrasight-Eurosat-RGB-vs-Multispectral\data\raw\rgb\PermanentCrop\PermanentCrop_224.jpg,6,PermanentCrop,6,PermanentCrop,0.9999998807907104,True,10.253049,-24.806038
387,C:\Users\DELL Precision 5550\Documents\GitHub\Terrasight-Eurosat-RGB-vs-Multispectral\data\raw\rgb\AnnualCrop\AnnualCrop_2761.jpg,0,AnnualCrop,0,AnnualCrop,0.9953204989433289,True,43.320267,-1.094961
388,C:\Users\DELL Precision 5550\Documents\GitHub\Terrasight-Eurosat-RGB-vs-Multispectral\data\raw\rgb\AnnualCrop\AnnualCrop_2273.jpg,0,AnnualCrop,0,AnnualCrop,0.9461023807525635,True,28.47061,5.576483
389,C:\Users\DELL Precision 5550\Documents\GitHub\Terrasight-Eurosat-RGB-vs-Multispectral\data\raw\rgb\PermanentCrop\PermanentCrop_1175.jpg,6,PermanentCrop,6,PermanentCrop,0.9736348390579224,True,14.402975,-8.4433975
390,C:\Users\DELL Precision 5550\Documents\GitHub\Terrasight-Eurosat-RGB-vs-Multispectral\data\raw\rgb\SeaLake\SeaLake_1336.jpg,9,SeaLake,9,SeaLake,0.9978407621383667,True,-6.640946,50.929638
391,C:\Users\DELL Precision 5550\Documents\GitHub\Terrasight-Eurosat-RGB-vs-Multispectral\data\raw\rgb\Forest\Forest_2425.jpg,1,Forest,1,Forest,0.9997091889381409,True,-44.46965,11.451953
392,C:\Users\DELL Precision 5550\Documents\GitHub\Terrasight-Eurosat-RGB-vs-Multispectral\data\raw\rgb\Industrial\Industrial_2323.jpg,4,Industrial,4,Industrial,0.9994014501571655,True,4.608744,-51.32205
393,C:\Users\DELL Precision 5550\Documents\GitHub\Terrasight-Eurosat-RGB-vs-Multispectral\data\raw\rgb\AnnualCrop\AnnualCrop_2708.jpg,0,AnnualCrop,0,AnnualCrop,0.9824798107147217,True,28.939575,6.4209075
394,C:\Users\DELL Precision 5550\Documents\GitHub\Terrasight-Eurosat-RGB-vs-Multispectral\data\raw\rgb\Industrial\Industrial_1603.jpg,4,Industrial,4,Industrial,0.8254976272583008,True,-5.923873,-51.8947
395,C:\Users\DELL Precision 5550\Documents\GitHub\Terrasight-Eurosat-RGB-vs-Multispectral\data\raw\rgb\AnnualCrop\AnnualCrop_1359.jpg,0,AnnualCrop,0,AnnualCrop,0.9926186203956604,True,34.168007,5.1039596
396,C:\Users\DELL Precision 5550\Documents\GitHub\Terrasight-Eurosat-RGB-vs-Multispectral\data\raw\rgb\AnnualCrop\AnnualCrop_1768.jpg,0,AnnualCrop,0,AnnualCrop,0.9989486336708069,True,36.29665,5.611718
397,C:\Users\DELL Precision 5550\Documents\GitHub\Terrasight-Eurosat-RGB-vs-Multispectral\data\raw\rgb\Forest\Forest_1122.jpg,1,Forest,1,Forest,0.9999985694885254,True,-52.92376,14.432992
398,C:\Users\DELL Precision 5550\Documents\GitHub\Terrasight-Eurosat-RGB-vs-Multispectral\data\raw\rgb\HerbaceousVegetation\HerbaceousVegetation_2647.jpg,2,HerbaceousVegetation,2,HerbaceousVegetation,0.9999493360519409,True,-16.65352,-1.6995789
399,C:\Users\DELL Precision 5550\Documents\GitHub\Terrasight-Eurosat-RGB-vs-Multispectral\data\raw\rgb\SeaLake\SeaLake_450.jpg,9,SeaLake,9,SeaLake,0.6866320967674255,True,-11.582081,49.159843
400,C:\Users\DELL Precision 5550\Documents\GitHub\Terrasight-Eurosat-RGB-vs-Multispectral\data\raw\rgb\PermanentCrop\PermanentCrop_904.jpg,6,PermanentCrop,6,PermanentCrop,0.9997419714927673,True,13.647816,-20.031239
401,C:\Users\DELL Precision 5550\Documents\GitHub\Terrasight-Eurosat-RGB-vs-Multispectral\data\raw\rgb\Forest\Forest_2646.jpg,1,Forest,1,Forest,0.9999297857284546,True,-41.622944,16.846989
402,C:\Users\DELL Precision 5550\Documents\GitHub\Terrasight-Eurosat-RGB-vs-Multispectral\data\raw\rgb\Industrial\Industrial_2017.jpg,4,Industrial,4,Industrial,0.9931961297988892,True,-3.9896579,-48.392117
403,C:\Users\DELL Precision 5550\Documents\GitHub\Terrasight-Eurosat-RGB-vs-Multispectral\data\raw\rgb\SeaLake\SeaLake_1423.jpg,9,SeaLake,9,SeaLake,0.9998555183410645,True,-13.657626,61.850365
404,C:\Users\DELL Precision 5550\Documents\GitHub\Terrasight-Eurosat-RGB-vs-Multispectral\data\raw\rgb\HerbaceousVegetation\HerbaceousVegetation_813.jpg,2,HerbaceousVegetation,2,HerbaceousVegetation,0.958461344242096,True,1.5161024,-5.344436
405,C:\Users\DELL Precision 5550\Documents\GitHub\Terrasight-Eurosat-RGB-vs-Multispectral\data\raw\rgb\Residential\Residential_1093.jpg,7,Residential,7,Residential,0.9939867258071899,True,-32.477097,-36.96051
406,C:\Users\DELL Precision 5550\Documents\GitHub\Terrasight-Eurosat-RGB-vs-Multispectral\data\raw\rgb\Pasture\Pasture_528.jpg,5,Pasture,5,Pasture,0.9162368178367615,True,4.125314,9.323292
407,C:\Users\DELL Precision 5550\Documents\GitHub\Terrasight-Eurosat-RGB-vs-Multispectral\data\raw\rgb\Residential\Residential_386.jpg,7,Residential,3,Highway,0.6613181829452515,False,33.727764,-28.27316
408,C:\Users\DELL Precision 5550\Documents\GitHub\Terrasight-Eurosat-RGB-vs-Multispectral\data\raw\rgb\HerbaceousVegetation\HerbaceousVegetation_1264.jpg,2,HerbaceousVegetation,2,HerbaceousVegetation,0.9998689889907837,True,-18.119524,-13.837022
409,C:\Users\DELL Precision 5550\Documents\GitHub\Terrasight-Eurosat-RGB-vs-Multispectral\data\raw\rgb\Residential\Residential_2130.jpg,7,Residential,7,Residential,0.9950039982795715,True,-34.715393,-38.13088
410,C:\Users\DELL Precision 5550\Documents\GitHub\Terrasight-Eurosat-RGB-vs-Multispectral\data\raw\rgb\Industrial\Industrial_1299.jpg,4,Industrial,4,Industrial,0.9963228702545166,True,-3.7247295,-53.53215
411,C:\Users\DELL Precision 5550\Documents\GitHub\Terrasight-Eurosat-RGB-vs-Multispectral\data\raw\rgb\AnnualCrop\AnnualCrop_82.jpg,0,AnnualCrop,0,AnnualCrop,0.9991687536239624,True,40.135227,-0.29449996
412,C:\Users\DELL Precision 5550\Documents\GitHub\Terrasight-Eurosat-RGB-vs-Multispectral\data\raw\rgb\Pasture\Pasture_983.jpg,5,Pasture,5,Pasture,0.9997681975364685,True,1.8574255,15.479108
413,C:\Users\DELL Precision 5550\Documents\GitHub\Terrasight-Eurosat-RGB-vs-Multispectral\data\raw\rgb\AnnualCrop\AnnualCrop_2165.jpg,0,AnnualCrop,0,AnnualCrop,0.997945249080658,True,37.075836,5.704151
414,C:\Users\DELL Precision 5550\Documents\GitHub\Terrasight-Eurosat-RGB-vs-Multispectral\data\raw\rgb\Forest\Forest_645.jpg,1,Forest,1,Forest,0.9999991655349731,True,-53.00825,14.128346
415,C:\Users\DELL Precision 5550\Documents\GitHub\Terrasight-Eurosat-RGB-vs-Multispectral\data\raw\rgb\Industrial\Industrial_507.jpg,4,Industrial,4,Industrial,0.9816082119941711,True,-7.124282,-51.4997
416,C:\Users\DELL Precision 5550\Documents\GitHub\Terrasight-Eurosat-RGB-vs-Multispectral\data\raw\rgb\AnnualCrop\AnnualCrop_2515.jpg,0,AnnualCrop,0,AnnualCrop,0.9999996423721313,True,60.135605,6.677061
417,C:\Users\DELL Precision 5550\Documents\GitHub\Terrasight-Eurosat-RGB-vs-Multispectral\data\raw\rgb\Industrial\Industrial_559.jpg,4,Industrial,4,Industrial,0.9994317889213562,True,7.433998,-52.442516
418,C:\Users\DELL Precision 5550\Documents\GitHub\Terrasight-Eurosat-RGB-vs-Multispectral\data\raw\rgb\AnnualCrop\AnnualCrop_2227.jpg,0,AnnualCrop,0,AnnualCrop,0.9999849796295166,True,48.007103,6.519509
419,C:\Users\DELL Precision 5550\Documents\GitHub\Terrasight-Eurosat-RGB-vs-Multispectral\data\raw\rgb\Industrial\Industrial_1556.jpg,4,Industrial,4,Industrial,0.9995348453521729,True,0.4605106,-61.064835
420,C:\Users\DELL Precision 5550\Documents\GitHub\Terrasight-Eurosat-RGB-vs-Multispectral\data\raw\rgb\HerbaceousVegetation\HerbaceousVegetation_1504.jpg,2,HerbaceousVegetation,2,HerbaceousVegetation,0.9999997615814209,True,-17.388498,-9.767006
421,C:\Users\DELL Precision 5550\Documents\GitHub\Terrasight-Eurosat-RGB-vs-Multispectral\data\raw\rgb\AnnualCrop\AnnualCrop_2436.jpg,0,AnnualCrop,0,AnnualCrop,0.9998792409896851,True,48.234512,1.3765205
422,C:\Users\DELL Precision 5550\Documents\GitHub\Terrasight-Eurosat-RGB-vs-Multispectral\data\raw\rgb\Pasture\Pasture_750.jpg,5,Pasture,5,Pasture,0.9779856204986572,True,-3.0490665,14.981274
423,C:\Users\DELL Precision 5550\Documents\GitHub\Terrasight-Eurosat-RGB-vs-Multispectral\data\raw\rgb\River\River_758.jpg,8,River,8,River,0.9968260526657104,True,19.734217,24.897963
424,C:\Users\DELL Precision 5550\Documents\GitHub\Terrasight-Eurosat-RGB-vs-Multispectral\data\raw\rgb\SeaLake\SeaLake_166.jpg,9,SeaLake,9,SeaLake,0.9998290538787842,True,-13.053073,61.28114
425,C:\Users\DELL Precision 5550\Documents\GitHub\Terrasight-Eurosat-RGB-vs-Multispectral\data\raw\rgb\HerbaceousVegetation\HerbaceousVegetation_2632.jpg,2,HerbaceousVegetation,2,HerbaceousVegetation,0.9975526928901672,True,-14.623187,3.546969
426,C:\Users\DELL Precision 5550\Documents\GitHub\Terrasight-Eurosat-RGB-vs-Multispectral\data\raw\rgb\AnnualCrop\AnnualCrop_2217.jpg,0,AnnualCrop,0,AnnualCrop,0.9999464750289917,True,46.31732,9.676366
427,C:\Users\DELL Precision 5550\Documents\GitHub\Terrasight-Eurosat-RGB-vs-Multispectral\data\raw\rgb\SeaLake\SeaLake_36.jpg,9,SeaLake,9,SeaLake,0.9202263951301575,True,-9.627783,50.36202
428,C:\Users\DELL Precision 5550\Documents\GitHub\Terrasight-Eurosat-RGB-vs-Multispectral\data\raw\rgb\HerbaceousVegetation\HerbaceousVegetation_1991.jpg,2,HerbaceousVegetation,2,HerbaceousVegetation,0.990105926990509,True,-7.1307387,-10.926633
429,C:\Users\DELL Precision 5550\Documents\GitHub\Terrasight-Eurosat-RGB-vs-Multispectral\data\raw\rgb\Highway\Highway_1030.jpg,3,Highway,3,Highway,0.9988862872123718,True,42.702087,-23.422966
430,C:\Users\DELL Precision 5550\Documents\GitHub\Terrasight-Eurosat-RGB-vs-Multispectral\data\raw\rgb\Forest\Forest_946.jpg,1,Forest,1,Forest,0.9999467134475708,True,-40.814575,16.427986
431,C:\Users\DELL Precision 5550\Documents\GitHub\Terrasight-Eurosat-RGB-vs-Multispectral\data\raw\rgb\Forest\Forest_429.jpg,1,Forest,1,Forest,0.9999997615814209,True,-54.464138,17.96555
432,C:\Users\DELL Precision 5550\Documents\GitHub\Terrasight-Eurosat-RGB-vs-Multispectral\data\raw\rgb\HerbaceousVegetation\HerbaceousVegetation_1022.jpg,2,HerbaceousVegetation,5,Pasture,0.6673803329467773,False,0.2185767,5.776225
433,C:\Users\DELL Precision 5550\Documents\GitHub\Terrasight-Eurosat-RGB-vs-Multispectral\data\raw\rgb\SeaLake\SeaLake_1386.jpg,9,SeaLake,9,SeaLake,0.8089187741279602,True,-8.318945,44.502373
434,C:\Users\DELL Precision 5550\Documents\GitHub\Terrasight-Eurosat-RGB-vs-Multispectral\data\raw\rgb\Forest\Forest_948.jpg,1,Forest,1,Forest,0.9994186162948608,True,-38.937275,16.433702
435,C:\Users\DELL Precision 5550\Documents\GitHub\Terrasight-Eurosat-RGB-vs-Multispectral\data\raw\rgb\SeaLake\SeaLake_177.jpg,9,SeaLake,9,SeaLake,0.9985093474388123,True,-6.3444796,53.7708
436,C:\Users\DELL Precision 5550\Documents\GitHub\Terrasight-Eurosat-RGB-vs-Multispectral\data\raw\rgb\Pasture\Pasture_219.jpg,5,Pasture,5,Pasture,0.9684594869613647,True,1.4250332,9.225842
437,C:\Users\DELL Precision 5550\Documents\GitHub\Terrasight-Eurosat-RGB-vs-Multispectral\data\raw\rgb\Industrial\Industrial_2445.jpg,4,Industrial,4,Industrial,0.9859641790390015,True,-0.82155657,-48.666126
438,C:\Users\DELL Precision 5550\Documents\GitHub\Terrasight-Eurosat-RGB-vs-Multispectral\data\raw\rgb\HerbaceousVegetation\HerbaceousVegetation_2573.jpg,2,HerbaceousVegetation,2,HerbaceousVegetation,0.9964507818222046,True,-5.5816717,-6.2121167
439,C:\Users\DELL Precision 5550\Documents\GitHub\Terrasight-Eurosat-RGB-vs-Multispectral\data\raw\rgb\Pasture\Pasture_1437.jpg,5,Pasture,5,Pasture,0.9932026863098145,True,1.8802792,9.554587
440,C:\Users\DELL Precision 5550\Documents\GitHub\Terrasight-Eurosat-RGB-vs-Multispectral\data\raw\rgb\PermanentCrop\PermanentCrop_2070.jpg,6,PermanentCrop,6,PermanentCrop,0.8813394904136658,True,11.087629,-9.730849
441,C:\Users\DELL Precision 5550\Documents\GitHub\Terrasight-Eurosat-RGB-vs-Multispectral\data\raw\rgb\AnnualCrop\AnnualCrop_1640.jpg,0,AnnualCrop,0,AnnualCrop,0.9999951124191284,True,47.010628,8.513317
442,C:\Users\DELL Precision 5550\Documents\GitHub\Terrasight-Eurosat-RGB-vs-Multispectral\data\raw\rgb\Pasture\Pasture_650.jpg,5,Pasture,5,Pasture,0.9936158657073975,True,1.8628759,12.463591
443,C:\Users\DELL Precision 5550\Documents\GitHub\Terrasight-Eurosat-RGB-vs-Multispectral\data\raw\rgb\Industrial\Industrial_1849.jpg,4,Industrial,4,Industrial,0.9994105100631714,True,0.6713974,-60.87983
444,C:\Users\DELL Precision 5550\Documents\GitHub\Terrasight-Eurosat-RGB-vs-Multispectral\data\raw\rgb\SeaLake\SeaLake_21.jpg,9,SeaLake,9,SeaLake,0.9995235204696655,True,-6.602482,58.765476
445,C:\Users\DELL Precision 5550\Documents\GitHub\Terrasight-Eurosat-RGB-vs-Multispectral\data\raw\rgb\AnnualCrop\AnnualCrop_1879.jpg,0,AnnualCrop,0,AnnualCrop,0.9978038668632507,True,32.390423,5.3398724
446,C:\Users\DELL Precision 5550\Documents\GitHub\Terrasight-Eurosat-RGB-vs-Multispectral\data\raw\rgb\PermanentCrop\PermanentCrop_1495.jpg,6,PermanentCrop,3,Highway,0.7572908997535706,False,32.309845,-24.864454
447,C:\Users\DELL Precision 5550\Documents\GitHub\Terrasight-Eurosat-RGB-vs-Multispectral\data\raw\rgb\Forest\Forest_884.jpg,1,Forest,1,Forest,0.9999260902404785,True,-57.62431,14.9351425
448,C:\Users\DELL Precision 5550\Documents\GitHub\Terrasight-Eurosat-RGB-vs-Multispectral\data\raw\rgb\Pasture\Pasture_1105.jpg,5,Pasture,5,Pasture,0.9999978542327881,True,-5.874502,23.344553
449,C:\Users\DELL Precision 5550\Documents\GitHub\Terrasight-Eurosat-RGB-vs-Multispectral\data\raw\rgb\SeaLake\SeaLake_2710.jpg,9,SeaLake,9,SeaLake,0.9999054670333862,True,-10.999126,63.218826
450,C:\Users\DELL Precision 5550\Documents\GitHub\Terrasight-Eurosat-RGB-vs-Multispectral\data\raw\rgb\Pasture\Pasture_989.jpg,5,Pasture,5,Pasture,0.9989160299301147,True,-2.7259321,15.90565
451,C:\Users\DELL Precision 5550\Documents\GitHub\Terrasight-Eurosat-RGB-vs-Multispectral\data\raw\rgb\SeaLake\SeaLake_1070.jpg,9,SeaLake,9,SeaLake,0.9999071359634399,True,-12.419289,62.825947
452,C:\Users\DELL Precision 5550\Documents\GitHub\Terrasight-Eurosat-RGB-vs-Multispectral\data\raw\rgb\SeaLake\SeaLake_2910.jpg,9,SeaLake,9,SeaLake,0.9990206956863403,True,-4.827802,43.22074
453,C:\Users\DELL Precision 5550\Documents\GitHub\Terrasight-Eurosat-RGB-vs-Multispectral\data\raw\rgb\HerbaceousVegetation\HerbaceousVegetation_2085.jpg,2,HerbaceousVegetation,2,HerbaceousVegetation,0.9999781847000122,True,-14.6287155,-8.918758
454,C:\Users\DELL Precision 5550\Documents\GitHub\Terrasight-Eurosat-RGB-vs-Multispectral\data\raw\rgb\Highway\Highway_269.jpg,3,Highway,3,Highway,0.9987139701843262,True,44.39997,-32.80889
455,C:\Users\DELL Precision 5550\Documents\GitHub\Terrasight-Eurosat-RGB-vs-Multispectral\data\raw\rgb\SeaLake\SeaLake_2286.jpg,9,SeaLake,9,SeaLake,0.9954989552497864,True,-9.003457,48.855297
456,C:\Users\DELL Precision 5550\Documents\GitHub\Terrasight-Eurosat-RGB-vs-Multispectral\data\raw\rgb\Pasture\Pasture_1782.jpg,5,Pasture,5,Pasture,0.8788676261901855,True,4.4770975,7.8002186
457,C:\Users\DELL Precision 5550\Documents\GitHub\Terrasight-Eurosat-RGB-vs-Multispectral\data\raw\rgb\Forest\Forest_1890.jpg,1,Forest,1,Forest,0.9999918937683105,True,-47.654964,17.101835
458,C:\Users\DELL Precision 5550\Documents\GitHub\Terrasight-Eurosat-RGB-vs-Multispectral\data\raw\rgb\SeaLake\SeaLake_211.jpg,9,SeaLake,9,SeaLake,0.9983678460121155,True,-4.911438,45.66007
459,C:\Users\DELL Precision 5550\Documents\GitHub\Terrasight-Eurosat-RGB-vs-Multispectral\data\raw\rgb\River\River_2352.jpg,8,River,8,River,0.9999898672103882,True,25.983221,34.901333
460,C:\Users\DELL Precision 5550\Documents\GitHub\Terrasight-Eurosat-RGB-vs-Multispectral\data\raw\rgb\AnnualCrop\AnnualCrop_1179.jpg,0,AnnualCrop,0,AnnualCrop,0.999671459197998,True,36.89569,-0.6226624
461,C:\Users\DELL Precision 5550\Documents\GitHub\Terrasight-Eurosat-RGB-vs-Multispectral\data\raw\rgb\Residential\Residential_134.jpg,7,Residential,7,Residential,0.9920122027397156,True,-28.632086,-31.830406
462,C:\Users\DELL Precision 5550\Documents\GitHub\Terrasight-Eurosat-RGB-vs-Multispectral\data\raw\rgb\Highway\Highway_1784.jpg,3,Highway,3,Highway,0.9999110698699951,True,48.300568,-28.379162
463,C:\Users\DELL Precision 5550\Documents\GitHub\Terrasight-Eurosat-RGB-vs-Multispectral\data\raw\rgb\Pasture\Pasture_1329.jpg,5,Pasture,5,Pasture,0.9999253749847412,True,-0.6455565,20.583513
464,C:\Users\DELL Precision 5550\Documents\GitHub\Terrasight-Eurosat-RGB-vs-Multispectral\data\raw\rgb\River\River_673.jpg,8,River,8,River,0.9660873413085938,True,27.30765,21.290443
465,C:\Users\DELL Precision 5550\Documents\GitHub\Terrasight-Eurosat-RGB-vs-Multispectral\data\raw\rgb\SeaLake\SeaLake_2587.jpg,9,SeaLake,9,SeaLake,0.9996440410614014,True,-10.512557,53.839638
466,C:\Users\DELL Precision 5550\Documents\GitHub\Terrasight-Eurosat-RGB-vs-Multispectral\data\raw\rgb\SeaLake\SeaLake_2103.jpg,9,SeaLake,9,SeaLake,0.9999792575836182,True,5.1098175,48.34361
467,C:\Users\DELL Precision 5550\Documents\GitHub\Terrasight-Eurosat-RGB-vs-Multispectral\data\raw\rgb\Residential\Residential_2515.jpg,7,Residential,7,Residential,0.9952680468559265,True,-30.629738,-35.713203
468,C:\Users\DELL Precision 5550\Documents\GitHub\Terrasight-Eurosat-RGB-vs-Multispectral\data\raw\rgb\SeaLake\SeaLake_1672.jpg,9,SeaLake,9,SeaLake,0.9993088245391846,True,-4.6886325,52.25622
469,C:\Users\DELL Precision 5550\Documents\GitHub\Terrasight-Eurosat-RGB-vs-Multispectral\data\raw\rgb\HerbaceousVegetation\HerbaceousVegetation_10.jpg,2,HerbaceousVegetation,2,HerbaceousVegetation,0.9998576641082764,True,-13.113192,-9.520378
470,C:\Users\DELL Precision 5550\Documents\GitHub\Terrasight-Eurosat-RGB-vs-Multispectral\data\raw\rgb\Forest\Forest_1320.jpg,1,Forest,1,Forest,0.9999804496765137,True,-51.950947,23.182587
471,C:\Users\DELL Precision 5550\Documents\GitHub\Terrasight-Eurosat-RGB-vs-Multispectral\data\raw\rgb\Residential\Residential_494.jpg,7,Residential,7,Residential,0.9999794960021973,True,-38.75313,-32.77009
472,C:\Users\DELL Precision 5550\Documents\GitHub\Terrasight-Eurosat-RGB-vs-Multispectral\data\raw\rgb\PermanentCrop\PermanentCrop_768.jpg,6,PermanentCrop,6,PermanentCrop,0.9984413981437683,True,11.062913,-13.58784
473,C:\Users\DELL Precision 5550\Documents\GitHub\Terrasight-Eurosat-RGB-vs-Multispectral\data\raw\rgb\Industrial\Industrial_1567.jpg,4,Industrial,4,Industrial,0.9950240254402161,True,-0.86567944,-58.886852
474,C:\Users\DELL Precision 5550\Documents\GitHub\Terrasight-Eurosat-RGB-vs-Multispectral\data\raw\rgb\HerbaceousVegetation\HerbaceousVegetation_1107.jpg,2,HerbaceousVegetation,2,HerbaceousVegetation,0.9933846592903137,True,-6.838486,-10.07673
475,C:\Users\DELL Precision 5550\Documents\GitHub\Terrasight-Eurosat-RGB-vs-Multispectral\data\raw\rgb\HerbaceousVegetation\HerbaceousVegetation_2582.jpg,2,HerbaceousVegetation,2,HerbaceousVegetation,0.9997867941856384,True,-16.97996,2.818455
476,C:\Users\DELL Precision 5550\Documents\GitHub\Terrasight-Eurosat-RGB-vs-Multispectral\data\raw\rgb\Residential\Residential_2313.jpg,7,Residential,7,Residential,0.9983766078948975,True,-34.196712,-30.29473
477,C:\Users\DELL Precision 5550\Documents\GitHub\Terrasight-Eurosat-RGB-vs-Multispectral\data\raw\rgb\Industrial\Industrial_2405.jpg,4,Industrial,4,Industrial,0.9738554954528809,True,4.236832,-47.28002
478,C:\Users\DELL Precision 5550\Documents\GitHub\Terrasight-Eurosat-RGB-vs-Multispectral\data\raw\rgb\Residential\Residential_2087.jpg,7,Residential,7,Residential,0.9969417452812195,True,-31.60151,-36.34157
479,C:\Users\DELL Precision 5550\Documents\GitHub\Terrasight-Eurosat-RGB-vs-Multispectral\data\raw\rgb\HerbaceousVegetation\HerbaceousVegetation_1646.jpg,2,HerbaceousVegetation,2,HerbaceousVegetation,0.9999997615814209,True,-23.065365,-9.600814
480,C:\Users\DELL Precision 5550\Documents\GitHub\Terrasight-Eurosat-RGB-vs-Multispectral\data\raw\rgb\HerbaceousVegetation\HerbaceousVegetation_873.jpg,2,HerbaceousVegetation,2,HerbaceousVegetation,0.9999985694885254,True,-15.886939,-8.523729
481,C:\Users\DELL Precision 5550\Documents\GitHub\Terrasight-Eurosat-RGB-vs-Multispectral\data\raw\rgb\HerbaceousVegetation\HerbaceousVegetation_2372.jpg,2,HerbaceousVegetation,2,HerbaceousVegetation,0.9999949932098389,True,-23.067593,-4.257728
482,C:\Users\DELL Precision 5550\Documents\GitHub\Terrasight-Eurosat-RGB-vs-Multispectral\data\raw\rgb\SeaLake\SeaLake_300.jpg,9,SeaLake,9,SeaLake,0.988329291343689,True,-6.357851,54.55619
483,C:\Users\DELL Precision 5550\Documents\GitHub\Terrasight-Eurosat-RGB-vs-Multispectral\data\raw\rgb\AnnualCrop\AnnualCrop_1209.jpg,0,AnnualCrop,0,AnnualCrop,0.9999809265136719,True,51.77364,3.7220266
484,C:\Users\DELL Precision 5550\Documents\GitHub\Terrasight-Eurosat-RGB-vs-Multispectral\data\raw\rgb\Highway\Highway_565.jpg,3,Highway,3,Highway,0.9993963241577148,True,42.784775,-33.572163
485,C:\Users\DELL Precision 5550\Documents\GitHub\Terrasight-Eurosat-RGB-vs-Multispectral\data\raw\rgb\Forest\Forest_590.jpg,1,Forest,1,Forest,0.9920271039009094,True,-37.167957,21.84435
486,C:\Users\DELL Precision 5550\Documents\GitHub\Terrasight-Eurosat-RGB-vs-Multispectral\data\raw\rgb\Residential\Residential_2187.jpg,7,Residential,7,Residential,0.9667403697967529,True,-44.873104,-40.756344
487,C:\Users\DELL Precision 5550\Documents\GitHub\Terrasight-Eurosat-RGB-vs-Multispectral\data\raw\rgb\PermanentCrop\PermanentCrop_205.jpg,6,PermanentCrop,6,PermanentCrop,0.9825763702392578,True,2.5491505,-19.39761
488,C:\Users\DELL Precision 5550\Documents\GitHub\Terrasight-Eurosat-RGB-vs-Multispectral\data\raw\rgb\Forest\Forest_375.jpg,1,Forest,1,Forest,0.9851211309432983,True,-39.79219,24.683891
489,C:\Users\DELL Precision 5550\Documents\GitHub\Terrasight-Eurosat-RGB-vs-Multispectral\data\raw\rgb\PermanentCrop\PermanentCrop_267.jpg,6,PermanentCrop,6,PermanentCrop,0.5746268033981323,True,25.868181,-0.84005916
490,C:\Users\DELL Precision 5550\Documents\GitHub\Terrasight-Eurosat-RGB-vs-Multispectral\data\raw\rgb\SeaLake\SeaLake_124.jpg,9,SeaLake,9,SeaLake,0.9997324347496033,True,3.279924,48.9226
491,C:\Users\DELL Precision 5550\Documents\GitHub\Terrasight-Eurosat-RGB-vs-Multispectral\data\raw\rgb\Residential\Residential_66.jpg,7,Residential,7,Residential,0.9257850646972656,True,-26.963669,-36.16022
492,C:\Users\DELL Precision 5550\Documents\GitHub\Terrasight-Eurosat-RGB-vs-Multispectral\data\raw\rgb\HerbaceousVegetation\HerbaceousVegetation_1820.jpg,2,HerbaceousVegetation,2,HerbaceousVegetation,0.9998438358306885,True,-16.732712,-0.20392223
493,C:\Users\DELL Precision 5550\Documents\GitHub\Terrasight-Eurosat-RGB-vs-Multispectral\data\raw\rgb\HerbaceousVegetation\HerbaceousVegetation_2912.jpg,2,HerbaceousVegetation,2,HerbaceousVegetation,0.9999998807907104,True,-26.979532,-5.372115
494,C:\Users\DELL Precision 5550\Documents\GitHub\Terrasight-Eurosat-RGB-vs-Multispectral\data\raw\rgb\Forest\Forest_377.jpg,1,Forest,1,Forest,1.0,True,-56.88283,10.697324
495,C:\Users\DELL Precision 5550\Documents\GitHub\Terrasight-Eurosat-RGB-vs-Multispectral\data\raw\rgb\Forest\Forest_1154.jpg,1,Forest,1,Forest,0.9998358488082886,True,-34.739895,25.949732
496,C:\Users\DELL Precision 5550\Documents\GitHub\Terrasight-Eurosat-RGB-vs-Multispectral\data\raw\rgb\River\River_1303.jpg,8,River,8,River,0.998766303062439,True,20.172516,24.919716
497,C:\Users\DELL Precision 5550\Documents\GitHub\Terrasight-Eurosat-RGB-vs-Multispectral\data\raw\rgb\Residential\Residential_1153.jpg,7,Residential,7,Residential,0.8893493413925171,True,-27.175966,-31.14246
498,C:\Users\DELL Precision 5550\Documents\GitHub\Terrasight-Eurosat-RGB-vs-Multispectral\data\raw\rgb\Forest\Forest_730.jpg,1,Forest,1,Forest,0.9999468326568604,True,-45.94455,14.508697
499,C:\Users\DELL Precision 5550\Documents\GitHub\Terrasight-Eurosat-RGB-vs-Multispectral\data\raw\rgb\AnnualCrop\AnnualCrop_2643.jpg,0,AnnualCrop,0,AnnualCrop,0.9999992847442627,True,58.95268,9.350824
500,C:\Users\DELL Precision 5550\Documents\GitHub\Terrasight-Eurosat-RGB-vs-Multispectral\data\raw\rgb\AnnualCrop\AnnualCrop_2329.jpg,0,AnnualCrop,0,AnnualCrop,0.9994126558303833,True,40.152115,-0.6333822
501,C:\Users\DELL Precision 5550\Documents\GitHub\Terrasight-Eurosat-RGB-vs-Multispectral\data\raw\rgb\PermanentCrop\PermanentCrop_2230.jpg,6,PermanentCrop,0,AnnualCrop,0.8619145750999451,False,27.903913,0.092496455
502,C:\Users\DELL Precision 5550\Documents\GitHub\Terrasight-Eurosat-RGB-vs-Multispectral\data\raw\rgb\Residential\Residential_136.jpg,7,Residential,7,Residential,0.7199575901031494,True,-23.444736,-34.853123
503,C:\Users\DELL Precision 5550\Documents\GitHub\Terrasight-Eurosat-RGB-vs-Multispectral\data\raw\rgb\SeaLake\SeaLake_1997.jpg,9,SeaLake,9,SeaLake,0.9996656179428101,True,-1.9551815,46.67839
504,C:\Users\DELL Precision 5550\Documents\GitHub\Terrasight-Eurosat-RGB-vs-Multispectral\data\raw\rgb\Residential\Residential_743.jpg,7,Residential,7,Residential,0.9562907218933105,True,-37.72029,-40.98537
505,C:\Users\DELL Precision 5550\Documents\GitHub\Terrasight-Eurosat-RGB-vs-Multispectral\data\raw\rgb\Residential\Residential_2183.jpg,7,Residential,7,Residential,0.9973593354225159,True,-46.118126,-37.839226
506,C:\Users\DELL Precision 5550\Documents\GitHub\Terrasight-Eurosat-RGB-vs-Multispectral\data\raw\rgb\Pasture\Pasture_165.jpg,5,Pasture,5,Pasture,0.9999880790710449,True,-6.348023,21.653797
507,C:\Users\DELL Precision 5550\Documents\GitHub\Terrasight-Eurosat-RGB-vs-Multispectral\data\raw\rgb\PermanentCrop\PermanentCrop_195.jpg,6,PermanentCrop,6,PermanentCrop,0.8861457109451294,True,11.082356,-8.288791
508,C:\Users\DELL Precision 5550\Documents\GitHub\Terrasight-Eurosat-RGB-vs-Multispectral\data\raw\rgb\Forest\Forest_2341.jpg,1,Forest,1,Forest,0.9999990463256836,True,-42.28372,13.100403
509,C:\Users\DELL Precision 5550\Documents\GitHub\Terrasight-Eurosat-RGB-vs-Multispectral\data\raw\rgb\Industrial\Industrial_1927.jpg,4,Industrial,4,Industrial,0.9993539452552795,True,3.8885164,-55.6152
510,C:\Users\DELL Precision 5550\Documents\GitHub\Terrasight-Eurosat-RGB-vs-Multispectral\data\raw\rgb\Forest\Forest_698.jpg,1,Forest,1,Forest,0.997000515460968,True,-45.712624,9.757469
511,C:\Users\DELL Precision 5550\Documents\GitHub\Terrasight-Eurosat-RGB-vs-Multispectral\data\raw\rgb\SeaLake\SeaLake_884.jpg,9,SeaLake,9,SeaLake,0.9983336329460144,True,-10.075364,53.316086
512,C:\Users\DELL Precision 5550\Documents\GitHub\Terrasight-Eurosat-RGB-vs-Multispectral\data\raw\rgb\Pasture\Pasture_772.jpg,5,Pasture,5,Pasture,0.6737759113311768,True,3.6671922,8.836654
513,C:\Users\DELL Precision 5550\Documents\GitHub\Terrasight-Eurosat-RGB-vs-Multispectral\data\raw\rgb\Residential\Residential_1736.jpg,7,Residential,7,Residential,0.9994309544563293,True,-34.38808,-31.018198
514,C:\Users\DELL Precision 5550\Documents\GitHub\Terrasight-Eurosat-RGB-vs-Multispectral\data\raw\rgb\Industrial\Industrial_971.jpg,4,Industrial,4,Industrial,0.9749441742897034,True,-0.20894548,-47.788345
515,C:\Users\DELL Precision 5550\Documents\GitHub\Terrasight-Eurosat-RGB-vs-Multispectral\data\raw\rgb\Highway\Highway_777.jpg,3,Highway,3,Highway,0.9997830986976624,True,38.008987,-35.269505
516,C:\Users\DELL Precision 5550\Documents\GitHub\Terrasight-Eurosat-RGB-vs-Multispectral\data\raw\rgb\Industrial\Industrial_942.jpg,4,Industrial,4,Industrial,0.9805794358253479,True,-6.516065,-47.424965
517,C:\Users\DELL Precision 5550\Documents\GitHub\Terrasight-Eurosat-RGB-vs-Multispectral\data\raw\rgb\HerbaceousVegetation\HerbaceousVegetation_1021.jpg,2,HerbaceousVegetation,2,HerbaceousVegetation,0.9999982118606567,True,-25.553658,-1.2804642
518,C:\Users\DELL Precision 5550\Documents\GitHub\Terrasight-Eurosat-RGB-vs-Multispectral\data\raw\rgb\River\River_451.jpg,8,River,8,River,0.9996883869171143,True,24.909172,24.890455
519,C:\Users\DELL Precision 5550\Documents\GitHub\Terrasight-Eurosat-RGB-vs-Multispectral\data\raw\rgb\Highway\Highway_1176.jpg,3,Highway,3,Highway,0.9978488683700562,True,42.1441,-27.248062
520,C:\Users\DELL Precision 5550\Documents\GitHub\Terrasight-Eurosat-RGB-vs-Multispectral\data\raw\rgb\HerbaceousVegetation\HerbaceousVegetation_852.jpg,2,HerbaceousVegetation,2,HerbaceousVegetation,0.991486132144928,True,-12.093015,2.8026898
521,C:\Users\DELL Precision 5550\Documents\GitHub\Terrasight-Eurosat-RGB-vs-Multispectral\data\raw\rgb\AnnualCrop\AnnualCrop_1697.jpg,0,AnnualCrop,0,AnnualCrop,0.9949677586555481,True,34.59385,1.0302179
522,C:\Users\DELL Precision 5550\Documents\GitHub\Terrasight-Eurosat-RGB-vs-Multispectral\data\raw\rgb\River\River_2436.jpg,8,River,8,River,0.9998738765716553,True,29.620726,29.198359
523,C:\Users\DELL Precision 5550\Documents\GitHub\Terrasight-Eurosat-RGB-vs-Multispectral\data\raw\rgb\River\River_2177.jpg,8,River,9,SeaLake,0.7442969679832458,False,24.881863,12.727702
524,C:\Users\DELL Precision 5550\Documents\GitHub\Terrasight-Eurosat-RGB-vs-Multispectral\data\raw\rgb\SeaLake\SeaLake_2931.jpg,9,SeaLake,9,SeaLake,0.9997640252113342,True,-14.4794235,60.544827
525,C:\Users\DELL Precision 5550\Documents\GitHub\Terrasight-Eurosat-RGB-vs-Multispectral\data\raw\rgb\SeaLake\SeaLake_2739.jpg,9,SeaLake,9,SeaLake,0.9936805963516235,True,-11.088826,47.359524
526,C:\Users\DELL Precision 5550\Documents\GitHub\Terrasight-Eurosat-RGB-vs-Multispectral\data\raw\rgb\AnnualCrop\AnnualCrop_247.jpg,0,AnnualCrop,0,AnnualCrop,0.9961387515068054,True,32.561222,2.8614151
527,C:\Users\DELL Precision 5550\Documents\GitHub\Terrasight-Eurosat-RGB-vs-Multispectral\data\raw\rgb\Forest\Forest_2618.jpg,1,Forest,1,Forest,0.9995006322860718,True,-45.182552,14.427964
528,C:\Users\DELL Precision 5550\Documents\GitHub\Terrasight-Eurosat-RGB-vs-Multispectral\data\raw\rgb\Residential\Residential_696.jpg,7,Residential,7,Residential,0.9956521391868591,True,-29.954174,-34.963425
529,C:\Users\DELL Precision 5550\Documents\GitHub\Terrasight-Eurosat-RGB-vs-Multispectral\data\raw\rgb\Residential\Residential_1833.jpg,7,Residential,7,Residential,0.9989845156669617,True,-43.467537,-40.487003
530,C:\Users\DELL Precision 5550\Documents\GitHub\Terrasight-Eurosat-RGB-vs-Multispectral\data\raw\rgb\Forest\Forest_815.jpg,1,Forest,1,Forest,0.9959748387336731,True,-33.8433,25.883642
531,C:\Users\DELL Precision 5550\Documents\GitHub\Terrasight-Eurosat-RGB-vs-Multispectral\data\raw\rgb\HerbaceousVegetation\HerbaceousVegetation_1525.jpg,2,HerbaceousVegetation,2,HerbaceousVegetation,0.9999996423721313,True,-21.342552,-9.208894
532,C:\Users\DELL Precision 5550\Documents\GitHub\Terrasight-Eurosat-RGB-vs-Multispectral\data\raw\rgb\Pasture\Pasture_891.jpg,5,Pasture,5,Pasture,0.9999991655349731,True,-0.34507462,22.284874
533,C:\Users\DELL Precision 5550\Documents\GitHub\Terrasight-Eurosat-RGB-vs-Multispectral\data\raw\rgb\AnnualCrop\AnnualCrop_867.jpg,0,AnnualCrop,0,AnnualCrop,0.9998795986175537,True,39.787678,4.600401
534,C:\Users\DELL Precision 5550\Documents\GitHub\Terrasight-Eurosat-RGB-vs-Multispectral\data\raw\rgb\Forest\Forest_2508.jpg,1,Forest,1,Forest,0.9999047517776489,True,-32.352848,22.714357
535,C:\Users\DELL Precision 5550\Documents\GitHub\Terrasight-Eurosat-RGB-vs-Multispectral\data\raw\rgb\Residential\Residential_2300.jpg,7,Residential,7,Residential,0.9952669143676758,True,-34.893734,-30.490963
536,C:\Users\DELL Precision 5550\Documents\GitHub\Terrasight-Eurosat-RGB-vs-Multispectral\data\raw\rgb\AnnualCrop\AnnualCrop_502.jpg,0,AnnualCrop,0,AnnualCrop,1.0,True,57.386402,7.5477824
537,C:\Users\DELL Precision 5550\Documents\GitHub\Terrasight-Eurosat-RGB-vs-Multispectral\data\raw\rgb\Industrial\Industrial_1215.jpg,4,Industrial,4,Industrial,0.9988678693771362,True,-1.3233752,-59.259003
538,C:\Users\DELL Precision 5550\Documents\GitHub\Terrasight-Eurosat-RGB-vs-Multispectral\data\raw\rgb\Pasture\Pasture_1294.jpg,5,Pasture,5,Pasture,0.9997648596763611,True,0.3751847,19.037853
539,C:\Users\DELL Precision 5550\Documents\GitHub\Terrasight-Eurosat-RGB-vs-Multispectral\data\raw\rgb\HerbaceousVegetation\HerbaceousVegetation_1168.jpg,2,HerbaceousVegetation,2,HerbaceousVegetation,0.9998968839645386,True,-19.614973,-2.334294
540,C:\Users\DELL Precision 5550\Documents\GitHub\Terrasight-Eurosat-RGB-vs-Multispectral\data\raw\rgb\Residential\Residential_2835.jpg,7,Residential,7,Residential,1.0,True,-49.42448,-31.264345
541,C:\Users\DELL Precision 5550\Documents\GitHub\Terrasight-Eurosat-RGB-vs-Multispectral\data\raw\rgb\Residential\Residential_723.jpg,7,Residential,7,Residential,0.9274677038192749,True,-24.823078,-35.34334
542,C:\Users\DELL Precision 5550\Documents\GitHub\Terrasight-Eurosat-RGB-vs-Multispectral\data\raw\rgb\SeaLake\SeaLake_1438.jpg,9,SeaLake,9,SeaLake,0.9998763799667358,True,-2.0710347,43.40676
543,C:\Users\DELL Precision 5550\Documents\GitHub\Terrasight-Eurosat-RGB-vs-Multispectral\data\raw\rgb\Forest\Forest_2257.jpg,1,Forest,1,Forest,0.999997615814209,True,-53.64599,14.960511
544,C:\Users\DELL Precision 5550\Documents\GitHub\Terrasight-Eurosat-RGB-vs-Multispectral\data\raw\rgb\AnnualCrop\AnnualCrop_1215.jpg,0,AnnualCrop,0,AnnualCrop,0.9999926090240479,True,50.747894,5.9962425
545,C:\Users\DELL Precision 5550\Documents\GitHub\Terrasight-Eurosat-RGB-vs-Multispectral\data\raw\rgb\Industrial\Industrial_531.jpg,4,Industrial,4,Industrial,0.9862815737724304,True,-5.3485227,-47.706852
546,C:\Users\DELL Precision 5550\Documents\GitHub\Terrasight-Eurosat-RGB-vs-Multispectral\data\raw\rgb\Pasture\Pasture_264.jpg,5,Pasture,5,Pasture,0.9957584738731384,True,7.966334,18.455364
547,C:\Users\DELL Precision 5550\Documents\GitHub\Terrasight-Eurosat-RGB-vs-Multispectral\data\raw\rgb\Forest\Forest_1652.jpg,1,Forest,1,Forest,0.9999600648880005,True,-45.18039,10.290951
548,C:\Users\DELL Precision 5550\Documents\GitHub\Terrasight-Eurosat-RGB-vs-Multispectral\data\raw\rgb\Forest\Forest_430.jpg,1,Forest,1,Forest,0.9676445126533508,True,-35.126053,20.392542
549,C:\Users\DELL Precision 5550\Documents\GitHub\Terrasight-Eurosat-RGB-vs-Multispectral\data\raw\rgb\HerbaceousVegetation\HerbaceousVegetation_2061.jpg,2,HerbaceousVegetation,2,HerbaceousVegetation,0.9999474287033081,True,-21.596922,3.5676806
550,C:\Users\DELL Precision 5550\Documents\GitHub\Terrasight-Eurosat-RGB-vs-Multispectral\data\raw\rgb\Forest\Forest_627.jpg,1,Forest,1,Forest,0.996769905090332,True,-35.56745,16.132973
551,C:\Users\DELL Precision 5550\Documents\GitHub\Terrasight-Eurosat-RGB-vs-Multispectral\data\raw\rgb\HerbaceousVegetation\HerbaceousVegetation_399.jpg,2,HerbaceousVegetation,2,HerbaceousVegetation,0.9999799728393555,True,-20.415882,-1.1362664
552,C:\Users\DELL Precision 5550\Documents\GitHub\Terrasight-Eurosat-RGB-vs-Multispectral\data\raw\rgb\Industrial\Industrial_549.jpg,4,Industrial,6,PermanentCrop,0.5123851299285889,False,-24.002464,-39.96853
553,C:\Users\DELL Precision 5550\Documents\GitHub\Terrasight-Eurosat-RGB-vs-Multispectral\data\raw\rgb\SeaLake\SeaLake_69.jpg,9,SeaLake,9,SeaLake,0.9996057152748108,True,-1.4144795,45.558548
554,C:\Users\DELL Precision 5550\Documents\GitHub\Terrasight-Eurosat-RGB-vs-Multispectral\data\raw\rgb\PermanentCrop\PermanentCrop_2073.jpg,6,PermanentCrop,6,PermanentCrop,0.9997510313987732,True,7.872258,-16.083557
555,C:\Users\DELL Precision 5550\Documents\GitHub\Terrasight-Eurosat-RGB-vs-Multispectral\data\raw\rgb\SeaLake\SeaLake_590.jpg,9,SeaLake,9,SeaLake,0.9998268485069275,True,-13.895114,61.28069
556,C:\Users\DELL Precision 5550\Documents\GitHub\Terrasight-Eurosat-RGB-vs-Multispectral\data\raw\rgb\AnnualCrop\AnnualCrop_2341.jpg,0,AnnualCrop,0,AnnualCrop,0.9999361038208008,True,48.629635,2.8677368
557,C:\Users\DELL Precision 5550\Documents\GitHub\Terrasight-Eurosat-RGB-vs-Multispectral\data\raw\rgb\Residential\Residential_2129.jpg,7,Residential,7,Residential,0.9999998807907104,True,-46.892937,-29.788334
558,C:\Users\DELL Precision 5550\Documents\GitHub\Terrasight-Eurosat-RGB-vs-Multispectral\data\raw\rgb\River\River_342.jpg,8,River,8,River,0.9969679713249207,True,27.839733,23.09503
559,C:\Users\DELL Precision 5550\Documents\GitHub\Terrasight-Eurosat-RGB-vs-Multispectral\data\raw\rgb\River\River_1712.jpg,8,River,8,River,0.9996399879455566,True,24.143124,24.53332
560,C:\Users\DELL Precision 5550\Documents\GitHub\Terrasight-Eurosat-RGB-vs-Multispectral\data\raw\rgb\Residential\Residential_839.jpg,7,Residential,7,Residential,0.9957483410835266,True,-35.646496,-37.17322
561,C:\Users\DELL Precision 5550\Documents\GitHub\Terrasight-Eurosat-RGB-vs-Multispectral\data\raw\rgb\AnnualCrop\AnnualCrop_390.jpg,0,AnnualCrop,0,AnnualCrop,0.9541738629341125,True,27.862625,1.5586752
562,C:\Users\DELL Precision 5550\Documents\GitHub\Terrasight-Eurosat-RGB-vs-Multispectral\data\raw\rgb\SeaLake\SeaLake_2631.jpg,9,SeaLake,9,SeaLake,0.9894247055053711,True,-7.711041,50.44098
563,C:\Users\DELL Precision 5550\Documents\GitHub\Terrasight-Eurosat-RGB-vs-Multispectral\data\raw\rgb\SeaLake\SeaLake_2974.jpg,9,SeaLake,9,SeaLake,0.9995926022529602,True,-7.4532323,58.835686
564,C:\Users\DELL Precision 5550\Documents\GitHub\Terrasight-Eurosat-RGB-vs-Multispectral\data\raw\rgb\River\River_1553.jpg,8,River,8,River,0.9999938011169434,True,26.325375,35.3617
565,C:\Users\DELL Precision 5550\Documents\GitHub\Terrasight-Eurosat-RGB-vs-Multispectral\data\raw\rgb\Forest\Forest_2316.jpg,1,Forest,1,Forest,0.9999834299087524,True,-48.27877,17.886341
566,C:\Users\DELL Precision 5550\Documents\GitHub\Terrasight-Eurosat-RGB-vs-Multispectral\data\raw\rgb\PermanentCrop\PermanentCrop_1704.jpg,6,PermanentCrop,6,PermanentCrop,0.9999902248382568,True,12.987766,-24.324287
567,C:\Users\DELL Precision 5550\Documents\GitHub\Terrasight-Eurosat-RGB-vs-Multispectral\data\raw\rgb\River\River_2121.jpg,8,River,8,River,0.9998059868812561,True,23.409914,24.825668
568,C:\Users\DELL Precision 5550\Documents\GitHub\Terrasight-Eurosat-RGB-vs-Multispectral\data\raw\rgb\Industrial\Industrial_1969.jpg,4,Industrial,4,Industrial,0.9993696808815002,True,3.6775215,-51.584236
569,C:\Users\DELL Precision 5550\Documents\GitHub\Terrasight-Eurosat-RGB-vs-Multispectral\data\raw\rgb\Forest\Forest_2909.jpg,1,Forest,1,Forest,0.9907263517379761,True,-34.60051,17.63935
570,C:\Users\DELL Precision 5550\Documents\GitHub\Terrasight-Eurosat-RGB-vs-Multispectral\data\raw\rgb\PermanentCrop\PermanentCrop_742.jpg,6,PermanentCrop,6,PermanentCrop,0.9944676160812378,True,11.159,-13.626412
571,C:\Users\DELL Precision 5550\Documents\GitHub\Terrasight-Eurosat-RGB-vs-Multispectral\data\raw\rgb\HerbaceousVegetation\HerbaceousVegetation_857.jpg,2,HerbaceousVegetation,2,HerbaceousVegetation,0.9999997615814209,True,-22.69451,-9.901397
572,C:\Users\DELL Precision 5550\Documents\GitHub\Terrasight-Eurosat-RGB-vs-Multispectral\data\raw\rgb\SeaLake\SeaLake_2019.jpg,9,SeaLake,9,SeaLake,0.9999890327453613,True,-3.449402,66.6952
573,C:\Users\DELL Precision 5550\Documents\GitHub\Terrasight-Eurosat-RGB-vs-Multispectral\data\raw\rgb\Highway\Highway_849.jpg,3,Highway,3,Highway,0.9998738765716553,True,38.86393,-30.905766
574,C:\Users\DELL Precision 5550\Documents\GitHub\Terrasight-Eurosat-RGB-vs-Multispectral\data\raw\rgb\Industrial\Industrial_1630.jpg,4,Industrial,4,Industrial,0.9995372295379639,True,7.1395187,-52.246548
575,C:\Users\DELL Precision 5550\Documents\GitHub\Terrasight-Eurosat-RGB-vs-Multispectral\data\raw\rgb\Forest\Forest_221.jpg,1,Forest,1,Forest,0.9998553991317749,True,-35.856583,23.738537
576,C:\Users\DELL Precision 5550\Documents\GitHub\Terrasight-Eurosat-RGB-vs-Multispectral\data\raw\rgb\HerbaceousVegetation\HerbaceousVegetation_2004.jpg,2,HerbaceousVegetation,2,HerbaceousVegetation,0.9999985694885254,True,-24.378897,-3.3217611
577,C:\Users\DELL Precision 5550\Documents\GitHub\Terrasight-Eurosat-RGB-vs-Multispectral\data\raw\rgb\HerbaceousVegetation\HerbaceousVegetation_1545.jpg,2,HerbaceousVegetation,2,HerbaceousVegetation,0.9985657334327698,True,-13.787742,4.09777
578,C:\Users\DELL Precision 5550\Documents\GitHub\Terrasight-Eurosat-RGB-vs-Multispectral\data\raw\rgb\River\River_2345.jpg,8,River,8,River,0.807283878326416,True,23.756428,16.46757
579,C:\Users\DELL Precision 5550\Documents\GitHub\Terrasight-Eurosat-RGB-vs-Multispectral\data\raw\rgb\AnnualCrop\AnnualCrop_81.jpg,0,AnnualCrop,0,AnnualCrop,0.972087562084198,True,29.267988,7.4153867
580,C:\Users\DELL Precision 5550\Documents\GitHub\Terrasight-Eurosat-RGB-vs-Multispectral\data\raw\rgb\Forest\Forest_799.jpg,1,Forest,1,Forest,0.9999961853027344,True,-51.420357,24.579762
581,C:\Users\DELL Precision 5550\Documents\GitHub\Terrasight-Eurosat-RGB-vs-Multispectral\data\raw\rgb\River\River_2273.jpg,8,River,8,River,0.9983507394790649,True,22.641708,34.00304
582,C:\Users\DELL Precision 5550\Documents\GitHub\Terrasight-Eurosat-RGB-vs-Multispectral\data\raw\rgb\River\River_647.jpg,8,River,8,River,0.9999998807907104,True,30.667727,40.1707
583,C:\Users\DELL Precision 5550\Documents\GitHub\Terrasight-Eurosat-RGB-vs-Multispectral\data\raw\rgb\Pasture\Pasture_710.jpg,5,Pasture,5,Pasture,0.9999992847442627,True,0.14625837,23.317898
584,C:\Users\DELL Precision 5550\Documents\GitHub\Terrasight-Eurosat-RGB-vs-Multispectral\data\raw\rgb\Pasture\Pasture_1149.jpg,5,Pasture,5,Pasture,0.9996650218963623,True,-2.1577039,18.94143
585,C:\Users\DELL Precision 5550\Documents\GitHub\Terrasight-Eurosat-RGB-vs-Multispectral\data\raw\rgb\Pasture\Pasture_1582.jpg,5,Pasture,5,Pasture,0.9785159826278687,True,7.031028,14.44018
586,C:\Users\DELL Precision 5550\Documents\GitHub\Terrasight-Eurosat-RGB-vs-Multispectral\data\raw\rgb\SeaLake\SeaLake_490.jpg,9,SeaLake,9,SeaLake,0.9998472929000854,True,-11.972177,61.627586
587,C:\Users\DELL Precision 5550\Documents\GitHub\Terrasight-Eurosat-RGB-vs-Multispectral\data\raw\rgb\Industrial\Industrial_1501.jpg,4,Industrial,4,Industrial,0.9987793564796448,True,-0.28709355,-61.87507
588,C:\Users\DELL Precision 5550\Documents\GitHub\Terrasight-Eurosat-RGB-vs-Multispectral\data\raw\rgb\Highway\Highway_822.jpg,3,Highway,3,Highway,1.0,True,52.61327,-33.876183
589,C:\Users\DELL Precision 5550\Documents\GitHub\Terrasight-Eurosat-RGB-vs-Multispectral\data\raw\rgb\Forest\Forest_692.jpg,1,Forest,1,Forest,0.9989103078842163,True,-43.03644,25.657568
590,C:\Users\DELL Precision 5550\Documents\GitHub\Terrasight-Eurosat-RGB-vs-Multispectral\data\raw\rgb\PermanentCrop\PermanentCrop_1229.jpg,6,PermanentCrop,6,PermanentCrop,0.999984622001648,True,7.019992,-23.141735
591,C:\Users\DELL Precision 5550\Documents\GitHub\Terrasight-Eurosat-RGB-vs-Multispectral\data\raw\rgb\River\River_167.jpg,8,River,8,River,0.9997794032096863,True,23.019686,33.79522
592,C:\Users\DELL Precision 5550\Documents\GitHub\Terrasight-Eurosat-RGB-vs-Multispectral\data\raw\rgb\River\River_602.jpg,8,River,8,River,0.9999674558639526,True,29.43699,26.27569
593,C:\Users\DELL Precision 5550\Documents\GitHub\Terrasight-Eurosat-RGB-vs-Multispectral\data\raw\rgb\Residential\Residential_2738.jpg,7,Residential,7,Residential,0.9995890259742737,True,-41.54636,-26.020128
594,C:\Users\DELL Precision 5550\Documents\GitHub\Terrasight-Eurosat-RGB-vs-Multispectral\data\raw\rgb\Residential\Residential_2942.jpg,7,Residential,7,Residential,0.9986200332641602,True,-45.248188,-39.917603
595,C:\Users\DELL Precision 5550\Documents\GitHub\Terrasight-Eurosat-RGB-vs-Multispectral\data\raw\rgb\Pasture\Pasture_1713.jpg,5,Pasture,5,Pasture,0.9956745505332947,True,5.1713314,12.84431
596,C:\Users\DELL Precision 5550\Documents\GitHub\Terrasight-Eurosat-RGB-vs-Multispectral\data\raw\rgb\AnnualCrop\AnnualCrop_1032.jpg,0,AnnualCrop,0,AnnualCrop,0.9988791346549988,True,46.244793,-0.36547685
597,C:\Users\DELL Precision 5550\Documents\GitHub\Terrasight-Eurosat-RGB-vs-Multispectral\data\raw\rgb\Pasture\Pasture_1954.jpg,5,Pasture,5,Pasture,0.9999731779098511,True,-1.7061304,20.024708
598,C:\Users\DELL Precision 5550\Documents\GitHub\Terrasight-Eurosat-RGB-vs-Multispectral\data\raw\rgb\Forest\Forest_537.jpg,1,Forest,1,Forest,0.9999555349349976,True,-43.536716,27.629002
599,C:\Users\DELL Precision 5550\Documents\GitHub\Terrasight-Eurosat-RGB-vs-Multispectral\data\raw\rgb\HerbaceousVegetation\HerbaceousVegetation_294.jpg,2,HerbaceousVegetation,6,PermanentCrop,0.9975054860115051,False,4.199036,-20.39945
600,C:\Users\DELL Precision 5550\Documents\GitHub\Terrasight-Eurosat-RGB-vs-Multispectral\data\raw\rgb\River\River_297.jpg,8,River,8,River,0.9999985694885254,True,28.69578,33.112896
601,C:\Users\DELL Precision 5550\Documents\GitHub\Terrasight-Eurosat-RGB-vs-Multispectral\data\raw\rgb\SeaLake\SeaLake_2673.jpg,9,SeaLake,9,SeaLake,0.9998279809951782,True,-13.952665,61.292267
602,C:\Users\DELL Precision 5550\Documents\GitHub\Terrasight-Eurosat-RGB-vs-Multispectral\data\raw\rgb\Residential\Residential_1077.jpg,7,Residential,7,Residential,0.9880731701850891,True,-40.450844,-26.52836
603,C:\Users\DELL Precision 5550\Documents\GitHub\Terrasight-Eurosat-RGB-vs-Multispectral\data\raw\rgb\Forest\Forest_1814.jpg,1,Forest,1,Forest,0.9999990463256836,True,-56.370564,12.988265
604,C:\Users\DELL Precision 5550\Documents\GitHub\Terrasight-Eurosat-RGB-vs-Multispectral\data\raw\rgb\SeaLake\SeaLake_1538.jpg,9,SeaLake,9,SeaLake,0.9890882968902588,True,-9.671507,50.112495
605,C:\Users\DELL Precision 5550\Documents\GitHub\Terrasight-Eurosat-RGB-vs-Multispectral\data\raw\rgb\PermanentCrop\PermanentCrop_2291.jpg,6,PermanentCrop,6,PermanentCrop,0.9472469687461853,True,17.165642,-17.841364
606,C:\Users\DELL Precision 5550\Documents\GitHub\Terrasight-Eurosat-RGB-vs-Multispectral\data\raw\rgb\HerbaceousVegetation\HerbaceousVegetation_620.jpg,2,HerbaceousVegetation,2,HerbaceousVegetation,0.9998148083686829,True,-22.006662,3.0209756
607,C:\Users\DELL Precision 5550\Documents\GitHub\Terrasight-Eurosat-RGB-vs-Multispectral\data\raw\rgb\AnnualCrop\AnnualCrop_1858.jpg,0,AnnualCrop,0,AnnualCrop,0.9999998807907104,True,56.8943,9.258379
608,C:\Users\DELL Precision 5550\Documents\GitHub\Terrasight-Eurosat-RGB-vs-Multispectral\data\raw\rgb\Pasture\Pasture_886.jpg,5,Pasture,5,Pasture,0.9998465776443481,True,0.5768562,16.31263
609,C:\Users\DELL Precision 5550\Documents\GitHub\Terrasight-Eurosat-RGB-vs-Multispectral\data\raw\rgb\HerbaceousVegetation\HerbaceousVegetation_245.jpg,2,HerbaceousVegetation,2,HerbaceousVegetation,0.9999953508377075,True,-17.864252,-5.94217
610,C:\Users\DELL Precision 5550\Documents\GitHub\Terrasight-Eurosat-RGB-vs-Multispectral\data\raw\rgb\PermanentCrop\PermanentCrop_1843.jpg,6,PermanentCrop,6,PermanentCrop,0.9400236010551453,True,1.1433978,-15.688242
611,C:\Users\DELL Precision 5550\Documents\GitHub\Terrasight-Eurosat-RGB-vs-Multispectral\data\raw\rgb\Residential\Residential_630.jpg,7,Residential,7,Residential,0.9997742772102356,True,-41.027176,-35.43372
612,C:\Users\DELL Precision 5550\Documents\GitHub\Terrasight-Eurosat-RGB-vs-Multispectral\data\raw\rgb\AnnualCrop\AnnualCrop_2385.jpg,0,AnnualCrop,0,AnnualCrop,0.8833762407302856,True,18.569675,-7.704837
613,C:\Users\DELL Precision 5550\Documents\GitHub\Terrasight-Eurosat-RGB-vs-Multispectral\data\raw\rgb\River\River_867.jpg,8,River,8,River,0.9988524913787842,True,27.785418,23.43253
614,C:\Users\DELL Precision 5550\Documents\GitHub\Terrasight-Eurosat-RGB-vs-Multispectral\data\raw\rgb\HerbaceousVegetation\HerbaceousVegetation_2786.jpg,2,HerbaceousVegetation,6,PermanentCrop,0.5284604430198669,False,-0.21761125,-12.0862
615,C:\Users\DELL Precision 5550\Documents\GitHub\Terrasight-Eurosat-RGB-vs-Multispectral\data\raw\rgb\PermanentCrop\PermanentCrop_292.jpg,6,PermanentCrop,6,PermanentCrop,0.8711385726928711,True,17.184309,-15.75001
616,C:\Users\DELL Precision 5550\Documents\GitHub\Terrasight-Eurosat-RGB-vs-Multispectral\data\raw\rgb\Residential\Residential_886.jpg,7,Residential,7,Residential,0.9998125433921814,True,-39.398575,-28.020824
617,C:\Users\DELL Precision 5550\Documents\GitHub\Terrasight-Eurosat-RGB-vs-Multispectral\data\raw\rgb\Forest\Forest_2407.jpg,1,Forest,1,Forest,0.9999970197677612,True,-56.278763,13.21507
618,C:\Users\DELL Precision 5550\Documents\GitHub\Terrasight-Eurosat-RGB-vs-Multispectral\data\raw\rgb\HerbaceousVegetation\HerbaceousVegetation_1508.jpg,2,HerbaceousVegetation,2,HerbaceousVegetation,0.9999349117279053,True,-22.780333,4.227222
619,C:\Users\DELL Precision 5550\Documents\GitHub\Terrasight-Eurosat-RGB-vs-Multispectral\data\raw\rgb\River\River_2306.jpg,8,River,8,River,0.9999990463256836,True,29.683567,37.11017
620,C:\Users\DELL Precision 5550\Documents\GitHub\Terrasight-Eurosat-RGB-vs-Multispectral\data\raw\rgb\Residential\Residential_76.jpg,7,Residential,7,Residential,0.999761164188385,True,-42.587044,-37.447323
621,C:\Users\DELL Precision 5550\Documents\GitHub\Terrasight-Eurosat-RGB-vs-Multispectral\data\raw\rgb\AnnualCrop\AnnualCrop_1788.jpg,0,AnnualCrop,0,AnnualCrop,0.997164785861969,True,40.608093,-1.045954
622,C:\Users\DELL Precision 5550\Documents\GitHub\Terrasight-Eurosat-RGB-vs-Multispectral\data\raw\rgb\Forest\Forest_1255.jpg,1,Forest,1,Forest,0.9999926090240479,True,-48.73529,19.641476
623,C:\Users\DELL Precision 5550\Documents\GitHub\Terrasight-Eurosat-RGB-vs-Multispectral\data\raw\rgb\SeaLake\SeaLake_2435.jpg,9,SeaLake,9,SeaLake,0.9918506741523743,True,-5.3893485,42.30754
624,C:\Users\DELL Precision 5550\Documents\GitHub\Terrasight-Eurosat-RGB-vs-Multispectral\data\raw\rgb\PermanentCrop\PermanentCrop_300.jpg,6,PermanentCrop,6,PermanentCrop,0.9901843070983887,True,3.4630783,-18.082355
625,C:\Users\DELL Precision 5550\Documents\GitHub\Terrasight-Eurosat-RGB-vs-Multispectral\data\raw\rgb\AnnualCrop\AnnualCrop_1631.jpg,0,AnnualCrop,0,AnnualCrop,0.9999812841415405,True,44.39733,5.276698
626,C:\Users\DELL Precision 5550\Documents\GitHub\Terrasight-Eurosat-RGB-vs-Multispectral\data\raw\rgb\Highway\Highway_2429.jpg,3,Highway,3,Highway,0.9999997615814209,True,53.00295,-31.7452
627,C:\Users\DELL Precision 5550\Documents\GitHub\Terrasight-Eurosat-RGB-vs-Multispectral\data\raw\rgb\SeaLake\SeaLake_2772.jpg,9,SeaLake,9,SeaLake,0.9962661862373352,True,-6.8908815,51.189747
628,C:\Users\DELL Precision 5550\Documents\GitHub\Terrasight-Eurosat-RGB-vs-Multispectral\data\raw\rgb\AnnualCrop\AnnualCrop_1665.jpg,0,AnnualCrop,0,AnnualCrop,0.9994367957115173,True,38.092285,6.8914175
629,C:\Users\DELL Precision 5550\Documents\GitHub\Terrasight-Eurosat-RGB-vs-Multispectral\data\raw\rgb\Industrial\Industrial_2227.jpg,4,Industrial,4,Industrial,0.9986698627471924,True,-2.2740297,-53.27155
630,C:\Users\DELL Precision 5550\Documents\GitHub\Terrasight-Eurosat-RGB-vs-Multispectral\data\raw\rgb\Highway\Highway_2014.jpg,3,Highway,3,Highway,0.9999932050704956,True,44.818474,-36.694935
631,C:\Users\DELL Precision 5550\Documents\GitHub\Terrasight-Eurosat-RGB-vs-Multispectral\data\raw\rgb\Forest\Forest_546.jpg,1,Forest,1,Forest,0.9999934434890747,True,-52.394585,12.042373
632,C:\Users\DELL Precision 5550\Documents\GitHub\Terrasight-Eurosat-RGB-vs-Multispectral\data\raw\rgb\HerbaceousVegetation\HerbaceousVegetation_1965.jpg,2,HerbaceousVegetation,2,HerbaceousVegetation,0.9999692440032959,True,-13.571521,-10.191712
633,C:\Users\DELL Precision 5550\Documents\GitHub\Terrasight-Eurosat-RGB-vs-Multispectral\data\raw\rgb\Highway\Highway_1984.jpg,3,Highway,3,Highway,0.9978708028793335,True,36.59058,-25.686014
634,C:\Users\DELL Precision 5550\Documents\GitHub\Terrasight-Eurosat-RGB-vs-Multispectral\data\raw\rgb\Forest\Forest_2294.jpg,1,Forest,1,Forest,0.9977568984031677,True,-36.744564,26.164879
635,C:\Users\DELL Precision 5550\Documents\GitHub\Terrasight-Eurosat-RGB-vs-Multispectral\data\raw\rgb\Highway\Highway_2196.jpg,3,Highway,3,Highway,0.9999936819076538,True,51.25591,-33.055927
636,C:\Users\DELL Precision 5550\Documents\GitHub\Terrasight-Eurosat-RGB-vs-Multispectral\data\raw\rgb\SeaLake\SeaLake_2571.jpg,9,SeaLake,9,SeaLake,0.9999082088470459,True,-3.3618126,61.276287
637,C:\Users\DELL Precision 5550\Documents\GitHub\Terrasight-Eurosat-RGB-vs-Multispectral\data\raw\rgb\AnnualCrop\AnnualCrop_118.jpg,0,AnnualCrop,0,AnnualCrop,0.9271668791770935,True,26.989286,10.361835
638,C:\Users\DELL Precision 5550\Documents\GitHub\Terrasight-Eurosat-RGB-vs-Multispectral\data\raw\rgb\PermanentCrop\PermanentCrop_1514.jpg,6,PermanentCrop,6,PermanentCrop,0.9993891716003418,True,7.8804374,-15.505055
639,C:\Users\DELL Precision 5550\Documents\GitHub\Terrasight-Eurosat-RGB-vs-Multispectral\data\raw\rgb\Forest\Forest_2536.jpg,1,Forest,1,Forest,0.9999521970748901,True,-46.843014,10.713331
640,C:\Users\DELL Precision 5550\Documents\GitHub\Terrasight-Eurosat-RGB-vs-Multispectral\data\raw\rgb\Pasture\Pasture_1557.jpg,5,Pasture,5,Pasture,0.999924898147583,True,-6.0832253,21.109016
641,C:\Users\DELL Precision 5550\Documents\GitHub\Terrasight-Eurosat-RGB-vs-Multispectral\data\raw\rgb\Pasture\Pasture_1940.jpg,5,Pasture,5,Pasture,0.9999749660491943,True,0.8450631,23.58829
642,C:\Users\DELL Precision 5550\Documents\GitHub\Terrasight-Eurosat-RGB-vs-Multispectral\data\raw\rgb\Forest\Forest_2060.jpg,1,Forest,1,Forest,0.9994418025016785,True,-40.167072,23.124966
643,C:\Users\DELL Precision 5550\Documents\GitHub\Terrasight-Eurosat-RGB-vs-Multispectral\data\raw\rgb\Highway\Highway_894.jpg,3,Highway,3,Highway,0.9996283054351807,True,41.698574,-35.010124
644,C:\Users\DELL Precision 5550\Documents\GitHub\Terrasight-Eurosat-RGB-vs-Multispectral\data\raw\rgb\Forest\Forest_2458.jpg,1,Forest,1,Forest,0.999967098236084,True,-47.58944,16.074707
645,C:\Users\DELL Precision 5550\Documents\GitHub\Terrasight-Eurosat-RGB-vs-Multispectral\data\raw\rgb\Highway\Highway_65.jpg,3,Highway,3,Highway,0.9996705055236816,True,44.85931,-25.464437
646,C:\Users\DELL Precision 5550\Documents\GitHub\Terrasight-Eurosat-RGB-vs-Multispectral\data\raw\rgb\HerbaceousVegetation\HerbaceousVegetation_2561.jpg,2,HerbaceousVegetation,2,HerbaceousVegetation,0.9999706745147705,True,-15.945348,-13.090069
647,C:\Users\DELL Precision 5550\Documents\GitHub\Terrasight-Eurosat-RGB-vs-Multispectral\data\raw\rgb\AnnualCrop\AnnualCrop_1515.jpg,0,AnnualCrop,0,AnnualCrop,0.9954830408096313,True,39.42054,-2.5144339
648,C:\Users\DELL Precision 5550\Documents\GitHub\Terrasight-Eurosat-RGB-vs-Multispectral\data\raw\rgb\River\River_2475.jpg,8,River,8,River,0.9999936819076538,True,29.77389,36.787647
649,C:\Users\DELL Precision 5550\Documents\GitHub\Terrasight-Eurosat-RGB-vs-Multispectral\data\raw\rgb\Residential\Residential_1344.jpg,7,Residential,7,Residential,0.9019953608512878,True,-25.345692,-37.477535
650,C:\Users\DELL Precision 5550\Documents\GitHub\Terrasight-Eurosat-RGB-vs-Multispectral\data\raw\rgb\Residential\Residential_2426.jpg,7,Residential,7,Residential,0.6659592986106873,True,-25.765299,-36.48414
651,C:\Users\DELL Precision 5550\Documents\GitHub\Terrasight-Eurosat-RGB-vs-Multispectral\data\raw\rgb\HerbaceousVegetation\HerbaceousVegetation_1048.jpg,2,HerbaceousVegetation,2,HerbaceousVegetation,0.9984550476074219,True,-6.183519,-6.525504
652,C:\Users\DELL Precision 5550\Documents\GitHub\Terrasight-Eurosat-RGB-vs-Multispectral\data\raw\rgb\AnnualCrop\AnnualCrop_425.jpg,0,AnnualCrop,0,AnnualCrop,0.9999966621398926,True,51.89412,8.365323
653,C:\Users\DELL Precision 5550\Documents\GitHub\Terrasight-Eurosat-RGB-vs-Multispectral\data\raw\rgb\Residential\Residential_2165.jpg,7,Residential,7,Residential,0.9994864463806152,True,-39.95721,-27.604156
654,C:\Users\DELL Precision 5550\Documents\GitHub\Terrasight-Eurosat-RGB-vs-Multispectral\data\raw\rgb\River\River_1335.jpg,8,River,8,River,0.9999998807907104,True,32.184906,37.9819
655,C:\Users\DELL Precision 5550\Documents\GitHub\Terrasight-Eurosat-RGB-vs-Multispectral\data\raw\rgb\HerbaceousVegetation\HerbaceousVegetation_2670.jpg,2,HerbaceousVegetation,2,HerbaceousVegetation,1.0,True,-24.208675,-10.954141
656,C:\Users\DELL Precision 5550\Documents\GitHub\Terrasight-Eurosat-RGB-vs-Multispectral\data\raw\rgb\HerbaceousVegetation\HerbaceousVegetation_2098.jpg,2,HerbaceousVegetation,2,HerbaceousVegetation,0.9999997615814209,True,-26.285965,-5.464918
657,C:\Users\DELL Precision 5550\Documents\GitHub\Terrasight-Eurosat-RGB-vs-Multispectral\data\raw\rgb\River\River_858.jpg,8,River,8,River,0.9993300437927246,True,22.632954,26.327068
658,C:\Users\DELL Precision 5550\Documents\GitHub\Terrasight-Eurosat-RGB-vs-Multispectral\data\raw\rgb\Pasture\Pasture_380.jpg,5,Pasture,5,Pasture,0.9994809031486511,True,3.60303,15.27617
659,C:\Users\DELL Precision 5550\Documents\GitHub\Terrasight-Eurosat-RGB-vs-Multispectral\data\raw\rgb\Industrial\Industrial_1020.jpg,4,Industrial,4,Industrial,0.8781948089599609,True,5.0269294,-47.927444
660,C:\Users\DELL Precision 5550\Documents\GitHub\Terrasight-Eurosat-RGB-vs-Multispectral\data\raw\rgb\PermanentCrop\PermanentCrop_489.jpg,6,PermanentCrop,6,PermanentCrop,0.9972233772277832,True,15.67644,-18.628767
661,C:\Users\DELL Precision 5550\Documents\GitHub\Terrasight-Eurosat-RGB-vs-Multispectral\data\raw\rgb\Industrial\Industrial_1853.jpg,4,Industrial,4,Industrial,0.9999988079071045,True,6.769744,-63.184994
662,C:\Users\DELL Precision 5550\Documents\GitHub\Terrasight-Eurosat-RGB-vs-Multispectral\data\raw\rgb\HerbaceousVegetation\HerbaceousVegetation_722.jpg,2,HerbaceousVegetation,2,HerbaceousVegetation,0.999996542930603,True,-19.918709,-11.416861
663,C:\Users\DELL Precision 5550\Documents\GitHub\Terrasight-Eurosat-RGB-vs-Multispectral\data\raw\rgb\Residential\Residential_885.jpg,7,Residential,7,Residential,0.9785919785499573,True,-41.247036,-41.673145
664,C:\Users\DELL Precision 5550\Documents\GitHub\Terrasight-Eurosat-RGB-vs-Multispectral\data\raw\rgb\Industrial\Industrial_306.jpg,4,Industrial,4,Industrial,0.9999972581863403,True,7.823299,-63.20913
665,C:\Users\DELL Precision 5550\Documents\GitHub\Terrasight-Eurosat-RGB-vs-Multispectral\data\raw\rgb\Industrial\Industrial_1021.jpg,4,Industrial,4,Industrial,0.9999086856842041,True,9.025275,-56.76267
666,C:\Users\DELL Precision 5550\Documents\GitHub\Terrasight-Eurosat-RGB-vs-Multispectral\data\raw\rgb\PermanentCrop\PermanentCrop_2215.jpg,6,PermanentCrop,6,PermanentCrop,0.5237036943435669,True,3.2409828,-10.350926
667,C:\Users\DELL Precision 5550\Documents\GitHub\Terrasight-Eurosat-RGB-vs-Multispectral\data\raw\rgb\PermanentCrop\PermanentCrop_1899.jpg,6,PermanentCrop,2,HerbaceousVegetation,0.9422884583473206,False,2.628096,-6.3007584
668,C:\Users\DELL Precision 5550\Documents\GitHub\Terrasight-Eurosat-RGB-vs-Multispectral\data\raw\rgb\PermanentCrop\PermanentCrop_1303.jpg,6,PermanentCrop,2,HerbaceousVegetation,0.9074857831001282,False,2.9124084,-7.156669
669,C:\Users\DELL Precision 5550\Documents\GitHub\Terrasight-Eurosat-RGB-vs-Multispectral\data\raw\rgb\SeaLake\SeaLake_2832.jpg,9,SeaLake,9,SeaLake,0.9983805418014526,True,-2.833231,57.654984
670,C:\Users\DELL Precision 5550\Documents\GitHub\Terrasight-Eurosat-RGB-vs-Multispectral\data\raw\rgb\Highway\Highway_389.jpg,3,Highway,3,Highway,0.7621413469314575,True,43.739388,-32.314793
671,C:\Users\DELL Precision 5550\Documents\GitHub\Terrasight-Eurosat-RGB-vs-Multispectral\data\raw\rgb\Residential\Residential_964.jpg,7,Residential,7,Residential,0.9919571876525879,True,-30.254456,-33.210392
672,C:\Users\DELL Precision 5550\Documents\GitHub\Terrasight-Eurosat-RGB-vs-Multispectral\data\raw\rgb\Residential\Residential_619.jpg,7,Residential,7,Residential,0.9715713262557983,True,-35.14382,-40.321045
673,C:\Users\DELL Precision 5550\Documents\GitHub\Terrasight-Eurosat-RGB-vs-Multispectral\data\raw\rgb\SeaLake\SeaLake_2864.jpg,9,SeaLake,9,SeaLake,0.9997081160545349,True,-12.56323,59.200214
674,C:\Users\DELL Precision 5550\Documents\GitHub\Terrasight-Eurosat-RGB-vs-Multispectral\data\raw\rgb\Forest\Forest_620.jpg,1,Forest,1,Forest,0.9673805832862854,True,-38.619144,28.50218
675,C:\Users\DELL Precision 5550\Documents\GitHub\Terrasight-Eurosat-RGB-vs-Multispectral\data\raw\rgb\Highway\Highway_2375.jpg,3,Highway,3,Highway,0.9999963045120239,True,51.93061,-33.493855
676,C:\Users\DELL Precision 5550\Documents\GitHub\Terrasight-Eurosat-RGB-vs-Multispectral\data\raw\rgb\Residential\Residential_1234.jpg,7,Residential,7,Residential,0.9999843835830688,True,-43.34844,-33.550064
677,C:\Users\DELL Precision 5550\Documents\GitHub\Terrasight-Eurosat-RGB-vs-Multispectral\data\raw\rgb\HerbaceousVegetation\HerbaceousVegetation_1242.jpg,2,HerbaceousVegetation,2,HerbaceousVegetation,0.9986458420753479,True,-13.2552595,-13.794588
678,C:\Users\DELL Precision 5550\Documents\GitHub\Terrasight-Eurosat-RGB-vs-Multispectral\data\raw\rgb\Pasture\Pasture_1108.jpg,5,Pasture,5,Pasture,0.9998038411140442,True,4.168308,17.96389
679,C:\Users\DELL Precision 5550\Documents\GitHub\Terrasight-Eurosat-RGB-vs-Multispectral\data\raw\rgb\Forest\Forest_2756.jpg,1,Forest,1,Forest,0.9999998807907104,True,-57.007698,12.473352
680,C:\Users\DELL Precision 5550\Documents\GitHub\Terrasight-Eurosat-RGB-vs-Multispectral\data\raw\rgb\HerbaceousVegetation\HerbaceousVegetation_2669.jpg,2,HerbaceousVegetation,2,HerbaceousVegetation,0.9932996034622192,True,-1.6662798,1.659942
681,C:\Users\DELL Precision 5550\Documents\GitHub\Terrasight-Eurosat-RGB-vs-Multispectral\data\raw\rgb\HerbaceousVegetation\HerbaceousVegetation_2067.jpg,2,HerbaceousVegetation,2,HerbaceousVegetation,0.9974000453948975,True,-6.3223,-4.3372045
682,C:\Users\DELL Precision 5550\Documents\GitHub\Terrasight-Eurosat-RGB-vs-Multispectral\data\raw\rgb\Forest\Forest_54.jpg,1,Forest,1,Forest,0.9998181462287903,True,-40.21929,16.826736
683,C:\Users\DELL Precision 5550\Documents\GitHub\Terrasight-Eurosat-RGB-vs-Multispectral\data\raw\rgb\Forest\Forest_1449.jpg,1,Forest,1,Forest,0.9999427795410156,True,-44.986374,15.564007
684,C:\Users\DELL Precision 5550\Documents\GitHub\Terrasight-Eurosat-RGB-vs-Multispectral\data\raw\rgb\PermanentCrop\PermanentCrop_1130.jpg,6,PermanentCrop,6,PermanentCrop,0.9797894954681396,True,3.4016001,-17.488739
685,C:\Users\DELL Precision 5550\Documents\GitHub\Terrasight-Eurosat-RGB-vs-Multispectral\data\raw\rgb\Residential\Residential_1489.jpg,7,Residential,7,Residential,0.9996016621589661,True,-44.87525,-38.1859
686,C:\Users\DELL Precision 5550\Documents\GitHub\Terrasight-Eurosat-RGB-vs-Multispectral\data\raw\rgb\River\River_951.jpg,8,River,8,River,1.0,True,28.04627,39.55833
687,C:\Users\DELL Precision 5550\Documents\GitHub\Terrasight-Eurosat-RGB-vs-Multispectral\data\raw\rgb\HerbaceousVegetation\HerbaceousVegetation_1332.jpg,2,HerbaceousVegetation,2,HerbaceousVegetation,0.9999986886978149,True,-25.064985,-3.8652198
688,C:\Users\DELL Precision 5550\Documents\GitHub\Terrasight-Eurosat-RGB-vs-Multispectral\data\raw\rgb\Industrial\Industrial_1288.jpg,4,Industrial,4,Industrial,0.9984562397003174,True,-3.4067903,-59.59302
689,C:\Users\DELL Precision 5550\Documents\GitHub\Terrasight-Eurosat-RGB-vs-Multispectral\data\raw\rgb\Residential\Residential_2086.jpg,7,Residential,7,Residential,0.9999808073043823,True,-42.153805,-30.295513
690,C:\Users\DELL Precision 5550\Documents\GitHub\Terrasight-Eurosat-RGB-vs-Multispectral\data\raw\rgb\HerbaceousVegetation\HerbaceousVegetation_1151.jpg,2,HerbaceousVegetation,2,HerbaceousVegetation,0.9744583368301392,True,-5.4431796,-11.742707
691,C:\Users\DELL Precision 5550\Documents\GitHub\Terrasight-Eurosat-RGB-vs-Multispectral\data\raw\rgb\River\River_621.jpg,8,River,8,River,0.9110000729560852,True,18.707464,20.599499
692,C:\Users\DELL Precision 5550\Documents\GitHub\Terrasight-Eurosat-RGB-vs-Multispectral\data\raw\rgb\HerbaceousVegetation\HerbaceousVegetation_203.jpg,2,HerbaceousVegetation,2,HerbaceousVegetation,0.999998927116394,True,-24.420782,-9.053996
693,C:\Users\DELL Precision 5550\Documents\GitHub\Terrasight-Eurosat-RGB-vs-Multispectral\data\raw\rgb\Forest\Forest_2916.jpg,1,Forest,1,Forest,0.9999980926513672,True,-52.245304,22.530472
694,C:\Users\DELL Precision 5550\Documents\GitHub\Terrasight-Eurosat-RGB-vs-Multispectral\data\raw\rgb\Forest\Forest_2149.jpg,1,Forest,1,Forest,0.9999996423721313,True,-56.072353,16.490837
695,C:\Users\DELL Precision 5550\Documents\GitHub\Terrasight-Eurosat-RGB-vs-Multispectral\data\raw\rgb\Forest\Forest_2428.jpg,1,Forest,1,Forest,0.9998917579650879,True,-51.33549,17.45445
696,C:\Users\DELL Precision 5550\Documents\GitHub\Terrasight-Eurosat-RGB-vs-Multispectral\data\raw\rgb\Residential\Residential_2815.jpg,7,Residential,7,Residential,0.9995142221450806,True,-34.038437,-31.138844
697,C:\Users\DELL Precision 5550\Documents\GitHub\Terrasight-Eurosat-RGB-vs-Multispectral\data\raw\rgb\Forest\Forest_170.jpg,1,Forest,1,Forest,0.9996740818023682,True,-40.64077,25.704975
698,C:\Users\DELL Precision 5550\Documents\GitHub\Terrasight-Eurosat-RGB-vs-Multispectral\data\raw\rgb\Industrial\Industrial_2440.jpg,4,Industrial,4,Industrial,1.0,True,7.13725,-64.725044
699,C:\Users\DELL Precision 5550\Documents\GitHub\Terrasight-Eurosat-RGB-vs-Multispectral\data\raw\rgb\SeaLake\SeaLake_1032.jpg,9,SeaLake,9,SeaLake,0.9998134970664978,True,4.401523,49.23009
700,C:\Users\DELL Precision 5550\Documents\GitHub\Terrasight-Eurosat-RGB-vs-Multispectral\data\raw\rgb\AnnualCrop\AnnualCrop_242.jpg,0,AnnualCrop,0,AnnualCrop,0.986117422580719,True,45.45941,-0.9945913
701,C:\Users\DELL Precision 5550\Documents\GitHub\Terrasight-Eurosat-RGB-vs-Multispectral\data\raw\rgb\Pasture\Pasture_1011.jpg,5,Pasture,5,Pasture,0.9995527863502502,True,0.10114288,18.550833
702,C:\Users\DELL Precision 5550\Documents\GitHub\Terrasight-Eurosat-RGB-vs-Multispectral\data\raw\rgb\River\River_2036.jpg,8,River,8,River,0.9999995231628418,True,32.363216,37.343372
703,C:\Users\DELL Precision 5550\Documents\GitHub\Terrasight-Eurosat-RGB-vs-Multispectral\data\raw\rgb\Pasture\Pasture_1283.jpg,5,Pasture,5,Pasture,0.9999929666519165,True,-7.371088,25.204296
704,C:\Users\DELL Precision 5550\Documents\GitHub\Terrasight-Eurosat-RGB-vs-Multispectral\data\raw\rgb\Residential\Residential_1262.jpg,7,Residential,7,Residential,0.9999961853027344,True,-43.51921,-28.060091
705,C:\Users\DELL Precision 5550\Documents\GitHub\Terrasight-Eurosat-RGB-vs-Multispectral\data\raw\rgb\HerbaceousVegetation\HerbaceousVegetation_2049.jpg,2,HerbaceousVegetation,2,HerbaceousVegetation,0.9999681711196899,True,-20.949654,-3.2019975
706,C:\Users\DELL Precision 5550\Documents\GitHub\Terrasight-Eurosat-RGB-vs-Multispectral\data\raw\rgb\Highway\Highway_895.jpg,3,Highway,3,Highway,0.99928218126297,True,46.60435,-24.030436
707,C:\Users\DELL Precision 5550\Documents\GitHub\Terrasight-Eurosat-RGB-vs-Multispectral\data\raw\rgb\AnnualCrop\AnnualCrop_675.jpg,0,AnnualCrop,0,AnnualCrop,0.9999969005584717,True,52.972286,7.3793015
708,C:\Users\DELL Precision 5550\Documents\GitHub\Terrasight-Eurosat-RGB-vs-Multispectral\data\raw\rgb\Residential\Residential_851.jpg,7,Residential,7,Residential,0.9999319314956665,True,-50.021652,-35.656925
709,C:\Users\DELL Precision 5550\Documents\GitHub\Terrasight-Eurosat-RGB-vs-Multispectral\data\raw\rgb\Highway\Highway_2208.jpg,3,Highway,3,Highway,0.9979604482650757,True,36.00157,-30.499023
710,C:\Users\DELL Precision 5550\Documents\GitHub\Terrasight-Eurosat-RGB-vs-Multispectral\data\raw\rgb\Industrial\Industrial_1412.jpg,4,Industrial,4,Industrial,0.9998273849487305,True,3.3894985,-59.670902
711,C:\Users\DELL Precision 5550\Documents\GitHub\Terrasight-Eurosat-RGB-vs-Multispectral\data\raw\rgb\Highway\Highway_1125.jpg,3,Highway,3,Highway,0.9908561706542969,True,47.57016,-22.775227
712,C:\Users\DELL Precision 5550\Documents\GitHub\Terrasight-Eurosat-RGB-vs-Multispectral\data\raw\rgb\PermanentCrop\PermanentCrop_1798.jpg,6,PermanentCrop,6,PermanentCrop,0.7527645826339722,True,2.2040558,-11.290828
713,C:\Users\DELL Precision 5550\Documents\GitHub\Terrasight-Eurosat-RGB-vs-Multispectral\data\raw\rgb\Pasture\Pasture_732.jpg,5,Pasture,5,Pasture,0.996886670589447,True,-0.0442266,11.383702
714,C:\Users\DELL Precision 5550\Documents\GitHub\Terrasight-Eurosat-RGB-vs-Multispectral\data\raw\rgb\Forest\Forest_564.jpg,1,Forest,1,Forest,0.9918823838233948,True,-32.867874,24.431713
715,C:\Users\DELL Precision 5550\Documents\GitHub\Terrasight-Eurosat-RGB-vs-Multispectral\data\raw\rgb\Highway\Highway_2168.jpg,3,Highway,3,Highway,0.9997275471687317,True,44.368805,-28.543642
716,C:\Users\DELL Precision 5550\Documents\GitHub\Terrasight-Eurosat-RGB-vs-Multispectral\data\raw\rgb\Forest\Forest_454.jpg,1,Forest,1,Forest,0.9997072815895081,True,-45.43198,12.588067
717,C:\Users\DELL Precision 5550\Documents\GitHub\Terrasight-Eurosat-RGB-vs-Multispectral\data\raw\rgb\PermanentCrop\PermanentCrop_380.jpg,6,PermanentCrop,6,PermanentCrop,0.8495513796806335,True,2.8415596,-11.736727
718,C:\Users\DELL Precision 5550\Documents\GitHub\Terrasight-Eurosat-RGB-vs-Multispectral\data\raw\rgb\SeaLake\SeaLake_2845.jpg,9,SeaLake,9,SeaLake,0.9906362891197205,True,-5.932627,54.60115
719,C:\Users\DELL Precision 5550\Documents\GitHub\Terrasight-Eurosat-RGB-vs-Multispectral\data\raw\rgb\HerbaceousVegetation\HerbaceousVegetation_1244.jpg,2,HerbaceousVegetation,2,HerbaceousVegetation,0.9997568726539612,True,-16.514423,-0.2569484
720,C:\Users\DELL Precision 5550\Documents\GitHub\Terrasight-Eurosat-RGB-vs-Multispectral\data\raw\rgb\HerbaceousVegetation\HerbaceousVegetation_1130.jpg,2,HerbaceousVegetation,2,HerbaceousVegetation,0.9995263814926147,True,-12.975235,-9.314997
721,C:\Users\DELL Precision 5550\Documents\GitHub\Terrasight-Eurosat-RGB-vs-Multispectral\data\raw\rgb\Forest\Forest_1335.jpg,1,Forest,1,Forest,0.9999967813491821,True,-52.77572,16.425909
722,C:\Users\DELL Precision 5550\Documents\GitHub\Terrasight-Eurosat-RGB-vs-Multispectral\data\raw\rgb\Industrial\Industrial_150.jpg,4,Industrial,4,Industrial,0.9626309871673584,True,3.9699728,-48.026497
723,C:\Users\DELL Precision 5550\Documents\GitHub\Terrasight-Eurosat-RGB-vs-Multispectral\data\raw\rgb\AnnualCrop\AnnualCrop_2366.jpg,0,AnnualCrop,0,AnnualCrop,0.9997954964637756,True,38.16008,8.402577
724,C:\Users\DELL Precision 5550\Documents\GitHub\Terrasight-Eurosat-RGB-vs-Multispectral\data\raw\rgb\Industrial\Industrial_753.jpg,4,Industrial,4,Industrial,0.9997033476829529,True,2.8494043,-56.771152
725,C:\Users\DELL Precision 5550\Documents\GitHub\Terrasight-Eurosat-RGB-vs-Multispectral\data\raw\rgb\SeaLake\SeaLake_140.jpg,9,SeaLake,9,SeaLake,0.9998416900634766,True,-0.0452197,46.073307
726,C:\Users\DELL Precision 5550\Documents\GitHub\Terrasight-Eurosat-RGB-vs-Multispectral\data\raw\rgb\AnnualCrop\AnnualCrop_2298.jpg,0,AnnualCrop,0,AnnualCrop,0.9997127652168274,True,38.76451,1.8347598
727,C:\Users\DELL Precision 5550\Documents\GitHub\Terrasight-Eurosat-RGB-vs-Multispectral\data\raw\rgb\HerbaceousVegetation\HerbaceousVegetation_2541.jpg,2,HerbaceousVegetation,2,HerbaceousVegetation,0.9769442677497864,True,-13.160607,4.299715
728,C:\Users\DELL Precision 5550\Documents\GitHub\Terrasight-Eurosat-RGB-vs-Multispectral\data\raw\rgb\SeaLake\SeaLake_965.jpg,9,SeaLake,9,SeaLake,0.9999384880065918,True,-3.4487302,40.487843
729,C:\Users\DELL Precision 5550\Documents\GitHub\Terrasight-Eurosat-RGB-vs-Multispectral\data\raw\rgb\Industrial\Industrial_471.jpg,4,Industrial,4,Industrial,0.9969909191131592,True,-3.22571,-59.909676
730,C:\Users\DELL Precision 5550\Documents\GitHub\Terrasight-Eurosat-RGB-vs-Multispectral\data\raw\rgb\Industrial\Industrial_1296.jpg,4,Industrial,4,Industrial,0.9998884201049805,True,3.229704,-61.0282
731,C:\Users\DELL Precision 5550\Documents\GitHub\Terrasight-Eurosat-RGB-vs-Multispectral\data\raw\rgb\PermanentCrop\PermanentCrop_797.jpg,6,PermanentCrop,6,PermanentCrop,0.9412455558776855,True,17.074785,-15.08389
732,C:\Users\DELL Precision 5550\Documents\GitHub\Terrasight-Eurosat-RGB-vs-Multispectral\data\raw\rgb\AnnualCrop\AnnualCrop_1425.jpg,0,AnnualCrop,0,AnnualCrop,0.9999995231628418,True,54.055557,9.365248
733,C:\Users\DELL Precision 5550\Documents\GitHub\Terrasight-Eurosat-RGB-vs-Multispectral\data\raw\rgb\River\River_162.jpg,8,River,8,River,0.9996498823165894,True,26.107815,23.946228
734,C:\Users\DELL Precision 5550\Documents\GitHub\Terrasight-Eurosat-RGB-vs-Multispectral\data\raw\rgb\HerbaceousVegetation\HerbaceousVegetation_2664.jpg,2,HerbaceousVegetation,2,HerbaceousVegetation,0.9861191511154175,True,-21.642155,-34.48911
735,C:\Users\DELL Precision 5550\Documents\GitHub\Terrasight-Eurosat-RGB-vs-Multispectral\data\raw\rgb\Highway\Highway_2066.jpg,3,Highway,3,Highway,0.9992015957832336,True,38.523792,-24.44364
736,C:\Users\DELL Precision 5550\Documents\GitHub\Terrasight-Eurosat-RGB-vs-Multispectral\data\raw\rgb\Residential\Residential_1558.jpg,7,Residential,7,Residential,0.9946331977844238,True,-33.506798,-38.77245
737,C:\Users\DELL Precision 5550\Documents\GitHub\Terrasight-Eurosat-RGB-vs-Multispectral\data\raw\rgb\AnnualCrop\AnnualCrop_328.jpg,0,AnnualCrop,0,AnnualCrop,0.9999717473983765,True,48.985806,3.0011284
738,C:\Users\DELL Precision 5550\Documents\GitHub\Terrasight-Eurosat-RGB-vs-Multispectral\data\raw\rgb\HerbaceousVegetation\HerbaceousVegetation_1889.jpg,2,HerbaceousVegetation,2,HerbaceousVegetation,0.9980177879333496,True,-17.89154,1.8037299
739,C:\Users\DELL Precision 5550\Documents\GitHub\Terrasight-Eurosat-RGB-vs-Multispectral\data\raw\rgb\Highway\Highway_1066.jpg,3,Highway,3,Highway,0.9999927282333374,True,50.95349,-29.168146
740,C:\Users\DELL Precision 5550\Documents\GitHub\Terrasight-Eurosat-RGB-vs-Multispectral\data\raw\rgb\Industrial\Industrial_196.jpg,4,Industrial,4,Industrial,0.9983333945274353,True,-0.5128077,-57.908024
741,C:\Users\DELL Precision 5550\Documents\GitHub\Terrasight-Eurosat-RGB-vs-Multispectral\data\raw\rgb\Forest\Forest_2628.jpg,1,Forest,1,Forest,0.9999198913574219,True,-42.832706,19.040518
742,C:\Users\DELL Precision 5550\Documents\GitHub\Terrasight-Eurosat-RGB-vs-Multispectral\data\raw\rgb\AnnualCrop\AnnualCrop_941.jpg,0,AnnualCrop,0,AnnualCrop,0.9971565008163452,True,37.84911,3.3852363
743,C:\Users\DELL Precision 5550\Documents\GitHub\Terrasight-Eurosat-RGB-vs-Multispectral\data\raw\rgb\Highway\Highway_1064.jpg,3,Highway,3,Highway,0.9971657395362854,True,48.30932,-23.824408
744,C:\Users\DELL Precision 5550\Documents\GitHub\Terrasight-Eurosat-RGB-vs-Multispectral\data\raw\rgb\PermanentCrop\PermanentCrop_1336.jpg,6,PermanentCrop,6,PermanentCrop,0.9985246062278748,True,14.600073,-13.324739
745,C:\Users\DELL Precision 5550\Documents\GitHub\Terrasight-Eurosat-RGB-vs-Multispectral\data\raw\rgb\River\River_2393.jpg,8,River,8,River,0.9986914992332458,True,18.464895,23.476091
746,C:\Users\DELL Precision 5550\Documents\GitHub\Terrasight-Eurosat-RGB-vs-Multispectral\data\raw\rgb\SeaLake\SeaLake_2481.jpg,9,SeaLake,9,SeaLake,0.9944891929626465,True,-5.719809,44.932655
747,C:\Users\DELL Precision 5550\Documents\GitHub\Terrasight-Eurosat-RGB-vs-Multispectral\data\raw\rgb\Industrial\Industrial_959.jpg,4,Industrial,4,Industrial,0.9855276346206665,True,-6.003289,-50.239937
748,C:\Users\DELL Precision 5550\Documents\GitHub\Terrasight-Eurosat-RGB-vs-Multispectral\data\raw\rgb\River\River_1795.jpg,8,River,3,Highway,0.9784932732582092,False,32.257027,-28.621922
749,C:\Users\DELL Precision 5550\Documents\GitHub\Terrasight-Eurosat-RGB-vs-Multispectral\data\raw\rgb\SeaLake\SeaLake_2372.jpg,9,SeaLake,9,SeaLake,0.9964256882667542,True,-4.599828,50.54421
750,C:\Users\DELL Precision 5550\Documents\GitHub\Terrasight-Eurosat-RGB-vs-Multispectral\data\raw\rgb\AnnualCrop\AnnualCrop_2160.jpg,0,AnnualCrop,0,AnnualCrop,1.0,True,62.307877,7.801992
751,C:\Users\DELL Precision 5550\Documents\GitHub\Terrasight-Eurosat-RGB-vs-Multispectral\data\raw\rgb\Residential\Residential_2096.jpg,7,Residential,7,Residential,0.9998924732208252,True,-43.181915,-34.759945
752,C:\Users\DELL Precision 5550\Documents\GitHub\Terrasight-Eurosat-RGB-vs-Multispectral\data\raw\rgb\Residential\Residential_892.jpg,7,Residential,7,Residential,0.999006450176239,True,-48.05921,-37.6678
753,C:\Users\DELL Precision 5550\Documents\GitHub\Terrasight-Eurosat-RGB-vs-Multispectral\data\raw\rgb\Forest\Forest_1346.jpg,1,Forest,1,Forest,0.9983152151107788,True,-38.88512,19.561323
754,C:\Users\DELL Precision 5550\Documents\GitHub\Terrasight-Eurosat-RGB-vs-Multispectral\data\raw\rgb\AnnualCrop\AnnualCrop_336.jpg,0,AnnualCrop,0,AnnualCrop,0.9998607635498047,True,45.205803,10.729827
755,C:\Users\DELL Precision 5550\Documents\GitHub\Terrasight-Eurosat-RGB-vs-Multispectral\data\raw\rgb\Pasture\Pasture_784.jpg,5,Pasture,5,Pasture,0.9988507032394409,True,3.8061867,15.993268
756,C:\Users\DELL Precision 5550\Documents\GitHub\Terrasight-Eurosat-RGB-vs-Multispectral\data\raw\rgb\Pasture\Pasture_735.jpg,5,Pasture,5,Pasture,0.9930880665779114,True,5.096524,13.9580345
757,C:\Users\DELL Precision 5550\Documents\GitHub\Terrasight-Eurosat-RGB-vs-Multispectral\data\raw\rgb\Forest\Forest_716.jpg,1,Forest,1,Forest,0.9166924953460693,True,-40.01397,29.587269
758,C:\Users\DELL Precision 5550\Documents\GitHub\Terrasight-Eurosat-RGB-vs-Multispectral\data\raw\rgb\River\River_186.jpg,8,River,8,River,1.0,True,29.751112,39.78901
759,C:\Users\DELL Precision 5550\Documents\GitHub\Terrasight-Eurosat-RGB-vs-Multispectral\data\raw\rgb\Industrial\Industrial_558.jpg,4,Industrial,4,Industrial,0.9966300129890442,True,-0.19634417,-55.497635
760,C:\Users\DELL Precision 5550\Documents\GitHub\Terrasight-Eurosat-RGB-vs-Multispectral\data\raw\rgb\Industrial\Industrial_298.jpg,4,Industrial,4,Industrial,0.9999864101409912,True,5.364465,-63.610256
761,C:\Users\DELL Precision 5550\Documents\GitHub\Terrasight-Eurosat-RGB-vs-Multispectral\data\raw\rgb\HerbaceousVegetation\HerbaceousVegetation_1707.jpg,2,HerbaceousVegetation,6,PermanentCrop,0.9807555079460144,False,3.4558895,-16.454796
762,C:\Users\DELL Precision 5550\Documents\GitHub\Terrasight-Eurosat-RGB-vs-Multispectral\data\raw\rgb\Highway\Highway_2246.jpg,3,Highway,3,Highway,0.9999852180480957,True,47.48047,-31.635412
763,C:\Users\DELL Precision 5550\Documents\GitHub\Terrasight-Eurosat-RGB-vs-Multispectral\data\raw\rgb\PermanentCrop\PermanentCrop_1468.jpg,6,PermanentCrop,6,PermanentCrop,0.9999995231628418,True,10.965631,-23.98416
764,C:\Users\DELL Precision 5550\Documents\GitHub\Terrasight-Eurosat-RGB-vs-Multispectral\data\raw\rgb\Forest\Forest_1944.jpg,1,Forest,1,Forest,0.9999825954437256,True,-48.32142,20.307405
765,C:\Users\DELL Precision 5550\Documents\GitHub\Terrasight-Eurosat-RGB-vs-Multispectral\data\raw\rgb\Industrial\Industrial_1931.jpg,4,Industrial,4,Industrial,0.9736509919166565,True,-7.1760664,-49.656025
766,C:\Users\DELL Precision 5550\Documents\GitHub\Terrasight-Eurosat-RGB-vs-Multispectral\data\raw\rgb\SeaLake\SeaLake_1476.jpg,9,SeaLake,9,SeaLake,0.9997641444206238,True,-7.3382006,59.517456
767,C:\Users\DELL Precision 5550\Documents\GitHub\Terrasight-Eurosat-RGB-vs-Multispectral\data\raw\rgb\AnnualCrop\AnnualCrop_839.jpg,0,AnnualCrop,0,AnnualCrop,0.9998428821563721,True,52.51217,10.297353
768,C:\Users\DELL Precision 5550\Documents\GitHub\Terrasight-Eurosat-RGB-vs-Multispectral\data\raw\rgb\Forest\Forest_2998.jpg,1,Forest,1,Forest,0.9539116024971008,True,-39.836708,22.105509
769,C:\Users\DELL Precision 5550\Documents\GitHub\Terrasight-Eurosat-RGB-vs-Multispectral\data\raw\rgb\SeaLake\SeaLake_1669.jpg,9,SeaLake,9,SeaLake,0.9997445940971375,True,-2.953792,50.40851
770,C:\Users\DELL Precision 5550\Documents\GitHub\Terrasight-Eurosat-RGB-vs-Multispectral\data\raw\rgb\SeaLake\SeaLake_2562.jpg,9,SeaLake,9,SeaLake,0.9987146854400635,True,-0.33552796,44.402245
771,C:\Users\DELL Precision 5550\Documents\GitHub\Terrasight-Eurosat-RGB-vs-Multispectral\data\raw\rgb\HerbaceousVegetation\HerbaceousVegetation_1101.jpg,2,HerbaceousVegetation,2,HerbaceousVegetation,0.5749906301498413,True,-0.6973318,-12.129866
772,C:\Users\DELL Precision 5550\Documents\GitHub\Terrasight-Eurosat-RGB-vs-Multispectral\data\raw\rgb\Pasture\Pasture_1270.jpg,5,Pasture,5,Pasture,0.999997615814209,True,-6.5120854,24.082214
773,C:\Users\DELL Precision 5550\Documents\GitHub\Terrasight-Eurosat-RGB-vs-Multispectral\data\raw\rgb\Forest\Forest_2865.jpg,1,Forest,1,Forest,0.9999992847442627,True,-54.091404,20.599112
774,C:\Users\DELL Precision 5550\Documents\GitHub\Terrasight-Eurosat-RGB-vs-Multispectral\data\raw\rgb\PermanentCrop\PermanentCrop_1937.jpg,6,PermanentCrop,6,PermanentCrop,0.9999951124191284,True,7.961548,-23.200811
775,C:\Users\DELL Precision 5550\Documents\GitHub\Terrasight-Eurosat-RGB-vs-Multispectral\data\raw\rgb\AnnualCrop\AnnualCrop_1166.jpg,0,AnnualCrop,0,AnnualCrop,0.9507702589035034,True,27.418886,2.7413077
776,C:\Users\DELL Precision 5550\Documents\GitHub\Terrasight-Eurosat-RGB-vs-Multispectral\data\raw\rgb\AnnualCrop\AnnualCrop_2362.jpg,0,AnnualCrop,0,AnnualCrop,1.0,True,62.002216,8.850135
777,C:\Users\DELL Precision 5550\Documents\GitHub\Terrasight-Eurosat-RGB-vs-Multispectral\data\raw\rgb\HerbaceousVegetation\HerbaceousVegetation_2693.jpg,2,HerbaceousVegetation,2,HerbaceousVegetation,0.9998934268951416,True,-19.778954,-0.43676805
778,C:\Users\DELL Precision 5550\Documents\GitHub\Terrasight-Eurosat-RGB-vs-Multispectral\data\raw\rgb\River\River_1351.jpg,8,River,8,River,0.9999995231628418,True,32.621403,37.51257
779,C:\Users\DELL Precision 5550\Documents\GitHub\Terrasight-Eurosat-RGB-vs-Multispectral\data\raw\rgb\River\River_1962.jpg,8,River,2,HerbaceousVegetation,0.5083440542221069,False,20.150005,19.259356
780,C:\Users\DELL Precision 5550\Documents\GitHub\Terrasight-Eurosat-RGB-vs-Multispectral\data\raw\rgb\Pasture\Pasture_562.jpg,5,Pasture,5,Pasture,0.9999645948410034,True,-6.9798045,22.709253
781,C:\Users\DELL Precision 5550\Documents\GitHub\Terrasight-Eurosat-RGB-vs-Multispectral\data\raw\rgb\Industrial\Industrial_379.jpg,4,Industrial,4,Industrial,0.9996024966239929,True,6.9756556,-55.557594
782,C:\Users\DELL Precision 5550\Documents\GitHub\Terrasight-Eurosat-RGB-vs-Multispectral\data\raw\rgb\Residential\Residential_438.jpg,7,Residential,7,Residential,0.9993670582771301,True,-35.02808,-37.021545
783,C:\Users\DELL Precision 5550\Documents\GitHub\Terrasight-Eurosat-RGB-vs-Multispectral\data\raw\rgb\SeaLake\SeaLake_1832.jpg,9,SeaLake,9,SeaLake,0.9997555613517761,True,-3.5987976,43.109413
784,C:\Users\DELL Precision 5550\Documents\GitHub\Terrasight-Eurosat-RGB-vs-Multispectral\data\raw\rgb\HerbaceousVegetation\HerbaceousVegetation_2469.jpg,2,HerbaceousVegetation,2,HerbaceousVegetation,0.9547052979469299,True,-0.4532357,-7.763295
785,C:\Users\DELL Precision 5550\Documents\GitHub\Terrasight-Eurosat-RGB-vs-Multispectral\data\raw\rgb\SeaLake\SeaLake_2246.jpg,9,SeaLake,9,SeaLake,0.9996610879898071,True,-1.0628887,44.090054
786,C:\Users\DELL Precision 5550\Documents\GitHub\Terrasight-Eurosat-RGB-vs-Multispectral\data\raw\rgb\Industrial\Industrial_2015.jpg,4,Industrial,4,Industrial,0.9999970197677612,True,8.501106,-62.706413
787,C:\Users\DELL Precision 5550\Documents\GitHub\Terrasight-Eurosat-RGB-vs-Multispectral\data\raw\rgb\Forest\Forest_2019.jpg,1,Forest,1,Forest,0.9999992847442627,True,-51.544815,15.3677435
788,C:\Users\DELL Precision 5550\Documents\GitHub\Terrasight-Eurosat-RGB-vs-Multispectral\data\raw\rgb\Pasture\Pasture_130.jpg,5,Pasture,5,Pasture,0.9905975461006165,True,8.217791,18.278719
789,C:\Users\DELL Precision 5550\Documents\GitHub\Terrasight-Eurosat-RGB-vs-Multispectral\data\raw\rgb\PermanentCrop\PermanentCrop_1827.jpg,6,PermanentCrop,6,PermanentCrop,0.9996277093887329,True,12.542471,-13.295267
790,C:\Users\DELL Precision 5550\Documents\GitHub\Terrasight-Eurosat-RGB-vs-Multispectral\data\raw\rgb\AnnualCrop\AnnualCrop_2087.jpg,0,AnnualCrop,0,AnnualCrop,0.9994961023330688,True,38.30777,4.5233145
791,C:\Users\DELL Precision 5550\Documents\GitHub\Terrasight-Eurosat-RGB-vs-Multispectral\data\raw\rgb\AnnualCrop\AnnualCrop_159.jpg,0,AnnualCrop,0,AnnualCrop,0.6398388743400574,True,18.615074,-7.870003
792,C:\Users\DELL Precision 5550\Documents\GitHub\Terrasight-Eurosat-RGB-vs-Multispectral\data\raw\rgb\Industrial\Industrial_2128.jpg,4,Industrial,4,Industrial,0.9984776377677917,True,4.8969584,-50.644703
793,C:\Users\DELL Precision 5550\Documents\GitHub\Terrasight-Eurosat-RGB-vs-Multispectral\data\raw\rgb\Pasture\Pasture_113.jpg,5,Pasture,8,River,0.5305606722831726,False,8.995105,18.131094
794,C:\Users\DELL Precision 5550\Documents\GitHub\Terrasight-Eurosat-RGB-vs-Multispectral\data\raw\rgb\Highway\Highway_380.jpg,3,Highway,3,Highway,0.9998273849487305,True,47.45363,-29.397385
795,C:\Users\DELL Precision 5550\Documents\GitHub\Terrasight-Eurosat-RGB-vs-Multispectral\data\raw\rgb\Residential\Residential_1636.jpg,7,Residential,7,Residential,0.9998249411582947,True,-42.389156,-32.15455
796,C:\Users\DELL Precision 5550\Documents\GitHub\Terrasight-Eurosat-RGB-vs-Multispectral\data\raw\rgb\Industrial\Industrial_366.jpg,4,Industrial,4,Industrial,0.793087363243103,True,-1.0254596,-47.433296
797,C:\Users\DELL Precision 5550\Documents\GitHub\Terrasight-Eurosat-RGB-vs-Multispectral\data\raw\rgb\Pasture\Pasture_1843.jpg,5,Pasture,5,Pasture,0.9995656609535217,True,2.9009817,16.896177
798,C:\Users\DELL Precision 5550\Documents\GitHub\Terrasight-Eurosat-RGB-vs-Multispectral\data\raw\rgb\Forest\Forest_350.jpg,1,Forest,1,Forest,0.9999613761901855,True,-47.591522,14.833905
799,C:\Users\DELL Precision 5550\Documents\GitHub\Terrasight-Eurosat-RGB-vs-Multispectral\data\raw\rgb\AnnualCrop\AnnualCrop_1470.jpg,0,AnnualCrop,6,PermanentCrop,0.8730711340904236,False,16.450861,-9.080322
800,C:\Users\DELL Precision 5550\Documents\GitHub\Terrasight-Eurosat-RGB-vs-Multispectral\data\raw\rgb\Highway\Highway_1509.jpg,3,Highway,3,Highway,0.9978407621383667,True,40.051514,-24.195934
801,C:\Users\DELL Precision 5550\Documents\GitHub\Terrasight-Eurosat-RGB-vs-Multispectral\data\raw\rgb\Highway\Highway_806.jpg,3,Highway,3,Highway,0.8509261608123779,True,32.15364,-23.863966
802,C:\Users\DELL Precision 5550\Documents\GitHub\Terrasight-Eurosat-RGB-vs-Multispectral\data\raw\rgb\HerbaceousVegetation\HerbaceousVegetation_1186.jpg,2,HerbaceousVegetation,2,HerbaceousVegetation,0.994140088558197,True,-12.448204,-14.233819
803,C:\Users\DELL Precision 5550\Documents\GitHub\Terrasight-Eurosat-RGB-vs-Multispectral\data\raw\rgb\Highway\Highway_1523.jpg,3,Highway,3,Highway,0.999128520488739,True,43.72246,-30.938236
804,C:\Users\DELL Precision 5550\Documents\GitHub\Terrasight-Eurosat-RGB-vs-Multispectral\data\raw\rgb\HerbaceousVegetation\HerbaceousVegetation_1627.jpg,2,HerbaceousVegetation,2,HerbaceousVegetation,0.9999805688858032,True,-24.063267,2.9780853
805,C:\Users\DELL Precision 5550\Documents\GitHub\Terrasight-Eurosat-RGB-vs-Multispectral\data\raw\rgb\Forest\Forest_1631.jpg,1,Forest,1,Forest,0.999988317489624,True,-49.848347,13.248568
806,C:\Users\DELL Precision 5550\Documents\GitHub\Terrasight-Eurosat-RGB-vs-Multispectral\data\raw\rgb\Pasture\Pasture_821.jpg,5,Pasture,2,HerbaceousVegetation,0.6263512969017029,False,-2.0418265,8.645722
807,C:\Users\DELL Precision 5550\Documents\GitHub\Terrasight-Eurosat-RGB-vs-Multispectral\data\raw\rgb\Highway\Highway_582.jpg,3,Highway,3,Highway,0.7755578756332397,True,32.536873,-23.04933
808,C:\Users\DELL Precision 5550\Documents\GitHub\Terrasight-Eurosat-RGB-vs-Multispectral\data\raw\rgb\AnnualCrop\AnnualCrop_658.jpg,0,AnnualCrop,0,AnnualCrop,0.999819815158844,True,38.697273,8.747659
809,C:\Users\DELL Precision 5550\Documents\GitHub\Terrasight-Eurosat-RGB-vs-Multispectral\data\raw\rgb\PermanentCrop\PermanentCrop_1254.jpg,6,PermanentCrop,6,PermanentCrop,0.8988657593727112,True,9.500794,-6.4743237
810,C:\Users\DELL Precision 5550\Documents\GitHub\Terrasight-Eurosat-RGB-vs-Multispectral\data\raw\rgb\River\River_438.jpg,8,River,8,River,0.9999533891677856,True,25.224676,27.485794
811,C:\Users\DELL Precision 5550\Documents\GitHub\Terrasight-Eurosat-RGB-vs-Multispectral\data\raw\rgb\Forest\Forest_1519.jpg,1,Forest,1,Forest,0.9872261881828308,True,-37.074696,16.345253
812,C:\Users\DELL Precision 5550\Documents\GitHub\Terrasight-Eurosat-RGB-vs-Multispectral\data\raw\rgb\Residential\Residential_1891.jpg,7,Residential,7,Residential,0.9998453855514526,True,-41.989452,-33.955296
813,C:\Users\DELL Precision 5550\Documents\GitHub\Terrasight-Eurosat-RGB-vs-Multispectral\data\raw\rgb\AnnualCrop\AnnualCrop_2995.jpg,0,AnnualCrop,0,AnnualCrop,0.9897072315216064,True,43.080246,-1.1523376
814,C:\Users\DELL Precision 5550\Documents\GitHub\Terrasight-Eurosat-RGB-vs-Multispectral\data\raw\rgb\Highway\Highway_2394.jpg,3,Highway,3,Highway,0.9998076558113098,True,42.99325,-34.16198
815,C:\Users\DELL Precision 5550\Documents\GitHub\Terrasight-Eurosat-RGB-vs-Multispectral\data\raw\rgb\Highway\Highway_51.jpg,3,Highway,3,Highway,0.9993027448654175,True,42.79065,-26.771029
816,C:\Users\DELL Precision 5550\Documents\GitHub\Terrasight-Eurosat-RGB-vs-Multispectral\data\raw\rgb\HerbaceousVegetation\HerbaceousVegetation_439.jpg,2,HerbaceousVegetation,2,HerbaceousVegetation,1.0,True,-27.050293,-6.576593
817,C:\Users\DELL Precision 5550\Documents\GitHub\Terrasight-Eurosat-RGB-vs-Multispectral\data\raw\rgb\Residential\Residential_1297.jpg,7,Residential,7,Residential,0.9768865704536438,True,-28.338394,-30.240232
818,C:\Users\DELL Precision 5550\Documents\GitHub\Terrasight-Eurosat-RGB-vs-Multispectral\data\raw\rgb\Forest\Forest_2799.jpg,1,Forest,1,Forest,0.9997798800468445,True,-46.366257,9.994489
819,C:\Users\DELL Precision 5550\Documents\GitHub\Terrasight-Eurosat-RGB-vs-Multispectral\data\raw\rgb\PermanentCrop\PermanentCrop_1118.jpg,6,PermanentCrop,6,PermanentCrop,0.9995860457420349,True,15.0487585,-15.42822
820,C:\Users\DELL Precision 5550\Documents\GitHub\Terrasight-Eurosat-RGB-vs-Multispectral\data\raw\rgb\Highway\Highway_2354.jpg,3,Highway,3,Highway,0.9999432563781738,True,43.939526,-36.81705
821,C:\Users\DELL Precision 5550\Documents\GitHub\Terrasight-Eurosat-RGB-vs-Multispectral\data\raw\rgb\AnnualCrop\AnnualCrop_363.jpg,0,AnnualCrop,0,AnnualCrop,0.9998300075531006,True,54.616474,3.3916116
822,C:\Users\DELL Precision 5550\Documents\GitHub\Terrasight-Eurosat-RGB-vs-Multispectral\data\raw\rgb\SeaLake\SeaLake_558.jpg,9,SeaLake,9,SeaLake,0.9997684359550476,True,-14.406999,60.67222
823,C:\Users\DELL Precision 5550\Documents\GitHub\Terrasight-Eurosat-RGB-vs-Multispectral\data\raw\rgb\Residential\Residential_2673.jpg,7,Residential,7,Residential,0.9999963045120239,True,-43.704254,-33.515038
824,C:\Users\DELL Precision 5550\Documents\GitHub\Terrasight-Eurosat-RGB-vs-Multispectral\data\raw\rgb\Residential\Residential_555.jpg,7,Residential,7,Residential,0.9846887588500977,True,-28.83238,-34.713707
825,C:\Users\DELL Precision 5550\Documents\GitHub\Terrasight-Eurosat-RGB-vs-Multispectral\data\raw\rgb\HerbaceousVegetation\HerbaceousVegetation_2192.jpg,2,HerbaceousVegetation,2,HerbaceousVegetation,0.9999607801437378,True,-22.421196,-6.0370774
826,C:\Users\DELL Precision 5550\Documents\GitHub\Terrasight-Eurosat-RGB-vs-Multispectral\data\raw\rgb\HerbaceousVegetation\HerbaceousVegetation_2723.jpg,2,HerbaceousVegetation,2,HerbaceousVegetation,0.9998363256454468,True,-21.384972,0.9736923
827,C:\Users\DELL Precision 5550\Documents\GitHub\Terrasight-Eurosat-RGB-vs-Multispectral\data\raw\rgb\SeaLake\SeaLake_2392.jpg,9,SeaLake,9,SeaLake,0.9542062282562256,True,-11.6611,48.43791
828,C:\Users\DELL Precision 5550\Documents\GitHub\Terrasight-Eurosat-RGB-vs-Multispectral\data\raw\rgb\Highway\Highway_1110.jpg,3,Highway,3,Highway,0.9969102740287781,True,36.077065,-23.529358
829,C:\Users\DELL Precision 5550\Documents\GitHub\Terrasight-Eurosat-RGB-vs-Multispectral\data\raw\rgb\PermanentCrop\PermanentCrop_1132.jpg,6,PermanentCrop,6,PermanentCrop,0.9998247027397156,True,15.620758,-17.214619
830,C:\Users\DELL Precision 5550\Documents\GitHub\Terrasight-Eurosat-RGB-vs-Multispectral\data\raw\rgb\SeaLake\SeaLake_161.jpg,9,SeaLake,9,SeaLake,0.9999222755432129,True,-3.036888,42.452927
831,C:\Users\DELL Precision 5550\Documents\GitHub\Terrasight-Eurosat-RGB-vs-Multispectral\data\raw\rgb\Industrial\Industrial_100.jpg,4,Industrial,4,Industrial,0.994753360748291,True,0.93318,-49.866314
832,C:\Users\DELL Precision 5550\Documents\GitHub\Terrasight-Eurosat-RGB-vs-Multispectral\data\raw\rgb\Forest\Forest_2181.jpg,1,Forest,1,Forest,1.0,True,-55.133205,9.877741
833,C:\Users\DELL Precision 5550\Documents\GitHub\Terrasight-Eurosat-RGB-vs-Multispectral\data\raw\rgb\River\River_1261.jpg,8,River,8,River,1.0,True,32.46207,38.82229
834,C:\Users\DELL Precision 5550\Documents\GitHub\Terrasight-Eurosat-RGB-vs-Multispectral\data\raw\rgb\Highway\Highway_605.jpg,3,Highway,3,Highway,0.9795035123825073,True,40.55337,-32.15082
835,C:\Users\DELL Precision 5550\Documents\GitHub\Terrasight-Eurosat-RGB-vs-Multispectral\data\raw\rgb\Forest\Forest_2687.jpg,1,Forest,1,Forest,0.9999897480010986,True,-41.573334,13.309871
836,C:\Users\DELL Precision 5550\Documents\GitHub\Terrasight-Eurosat-RGB-vs-Multispectral\data\raw\rgb\Highway\Highway_1067.jpg,3,Highway,3,Highway,0.9938284754753113,True,34.1639,-31.4353
837,C:\Users\DELL Precision 5550\Documents\GitHub\Terrasight-Eurosat-RGB-vs-Multispectral\data\raw\rgb\HerbaceousVegetation\HerbaceousVegetation_416.jpg,2,HerbaceousVegetation,2,HerbaceousVegetation,0.9999946355819702,True,-16.651287,-5.9574103
838,C:\Users\DELL Precision 5550\Documents\GitHub\Terrasight-Eurosat-RGB-vs-Multispectral\data\raw\rgb\Forest\Forest_1799.jpg,1,Forest,1,Forest,0.991043210029602,True,-37.22537,15.988862
839,C:\Users\DELL Precision 5550\Documents\GitHub\Terrasight-Eurosat-RGB-vs-Multispectral\data\raw\rgb\PermanentCrop\PermanentCrop_759.jpg,6,PermanentCrop,6,PermanentCrop,0.9999525547027588,True,11.819025,-19.851501
840,C:\Users\DELL Precision 5550\Documents\GitHub\Terrasight-Eurosat-RGB-vs-Multispectral\data\raw\rgb\HerbaceousVegetation\HerbaceousVegetation_924.jpg,2,HerbaceousVegetation,2,HerbaceousVegetation,0.9999632835388184,True,-22.20341,4.309732
841,C:\Users\DELL Precision 5550\Documents\GitHub\Terrasight-Eurosat-RGB-vs-Multispectral\data\raw\rgb\AnnualCrop\AnnualCrop_1912.jpg,0,AnnualCrop,0,AnnualCrop,0.999972939491272,True,49.81486,9.113526
842,C:\Users\DELL Precision 5550\Documents\GitHub\Terrasight-Eurosat-RGB-vs-Multispectral\data\raw\rgb\Highway\Highway_1971.jpg,3,Highway,3,Highway,0.994470477104187,True,42.05878,-32.425007
843,C:\Users\DELL Precision 5550\Documents\GitHub\Terrasight-Eurosat-RGB-vs-Multispectral\data\raw\rgb\River\River_2368.jpg,8,River,1,Forest,0.4750957489013672,False,16.649334,24.746357
844,C:\Users\DELL Precision 5550\Documents\GitHub\Terrasight-Eurosat-RGB-vs-Multispectral\data\raw\rgb\Highway\Highway_2448.jpg,3,Highway,3,Highway,0.998593270778656,True,34.653664,-35.93352
845,C:\Users\DELL Precision 5550\Documents\GitHub\Terrasight-Eurosat-RGB-vs-Multispectral\data\raw\rgb\Pasture\Pasture_494.jpg,5,Pasture,5,Pasture,0.999982476234436,True,-1.0979102,20.531164
846,C:\Users\DELL Precision 5550\Documents\GitHub\Terrasight-Eurosat-RGB-vs-Multispectral\data\raw\rgb\Pasture\Pasture_1679.jpg,5,Pasture,5,Pasture,0.9929186701774597,True,1.0852607,10.783158
847,C:\Users\DELL Precision 5550\Documents\GitHub\Terrasight-Eurosat-RGB-vs-Multispectral\data\raw\rgb\Industrial\Industrial_1514.jpg,4,Industrial,4,Industrial,0.9998443126678467,True,4.0102105,-55.63054
848,C:\Users\DELL Precision 5550\Documents\GitHub\Terrasight-Eurosat-RGB-vs-Multispectral\data\raw\rgb\AnnualCrop\AnnualCrop_1015.jpg,0,AnnualCrop,0,AnnualCrop,0.9999445676803589,True,47.994522,2.8803945
849,C:\Users\DELL Precision 5550\Documents\GitHub\Terrasight-Eurosat-RGB-vs-Multispectral\data\raw\rgb\PermanentCrop\PermanentCrop_164.jpg,6,PermanentCrop,6,PermanentCrop,0.9998922348022461,True,6.1150155,-22.62879
850,C:\Users\DELL Precision 5550\Documents\GitHub\Terrasight-Eurosat-RGB-vs-Multispectral\data\raw\rgb\River\River_650.jpg,8,River,8,River,0.999996542930603,True,28.636145,37.469635
851,C:\Users\DELL Precision 5550\Documents\GitHub\Terrasight-Eurosat-RGB-vs-Multispectral\data\raw\rgb\Pasture\Pasture_1157.jpg,5,Pasture,2,HerbaceousVegetation,0.7314398884773254,False,-0.067763954,4.9103427
852,C:\Users\DELL Precision 5550\Documents\GitHub\Terrasight-Eurosat-RGB-vs-Multispectral\data\raw\rgb\SeaLake\SeaLake_1350.jpg,9,SeaLake,9,SeaLake,0.999818742275238,True,-10.180305,61.493954
853,C:\Users\DELL Precision 5550\Documents\GitHub\Terrasight-Eurosat-RGB-vs-Multispectral\data\raw\rgb\Industrial\Industrial_1937.jpg,4,Industrial,4,Industrial,0.9979467988014221,True,-3.2145932,-53.382393
854,C:\Users\DELL Precision 5550\Documents\GitHub\Terrasight-Eurosat-RGB-vs-Multispectral\data\raw\rgb\River\River_276.jpg,8,River,8,River,1.0,True,30.616098,40.389442
855,C:\Users\DELL Precision 5550\Documents\GitHub\Terrasight-Eurosat-RGB-vs-Multispectral\data\raw\rgb\Highway\Highway_1663.jpg,3,Highway,3,Highway,0.9999790191650391,True,49.694897,-32.226345
856,C:\Users\DELL Precision 5550\Documents\GitHub\Terrasight-Eurosat-RGB-vs-Multispectral\data\raw\rgb\River\River_1019.jpg,8,River,8,River,0.9946469664573669,True,23.89083,22.813469
857,C:\Users\DELL Precision 5550\Documents\GitHub\Terrasight-Eurosat-RGB-vs-Multispectral\data\raw\rgb\River\River_341.jpg,8,River,8,River,0.9998571872711182,True,26.725521,29.664625
858,C:\Users\DELL Precision 5550\Documents\GitHub\Terrasight-Eurosat-RGB-vs-Multispectral\data\raw\rgb\PermanentCrop\PermanentCrop_2273.jpg,6,PermanentCrop,6,PermanentCrop,0.9805958271026611,True,1.602978,-15.284059
859,C:\Users\DELL Precision 5550\Documents\GitHub\Terrasight-Eurosat-RGB-vs-Multispectral\data\raw\rgb\Industrial\Industrial_1580.jpg,4,Industrial,4,Industrial,0.9997506737709045,True,3.297702,-59.826637
860,C:\Users\DELL Precision 5550\Documents\GitHub\Terrasight-Eurosat-RGB-vs-Multispectral\data\raw\rgb\AnnualCrop\AnnualCrop_539.jpg,0,AnnualCrop,0,AnnualCrop,0.9999767541885376,True,46.436726,6.109821
861,C:\Users\DELL Precision 5550\Documents\GitHub\Terrasight-Eurosat-RGB-vs-Multispectral\data\raw\rgb\Residential\Residential_1664.jpg,7,Residential,7,Residential,0.9999808073043823,True,-47.482723,-34.76328
862,C:\Users\DELL Precision 5550\Documents\GitHub\Terrasight-Eurosat-RGB-vs-Multispectral\data\raw\rgb\SeaLake\SeaLake_1529.jpg,9,SeaLake,9,SeaLake,0.999639630317688,True,-3.4494712,48.644413
863,C:\Users\DELL Precision 5550\Documents\GitHub\Terrasight-Eurosat-RGB-vs-Multispectral\data\raw\rgb\HerbaceousVegetation\HerbaceousVegetation_629.jpg,2,HerbaceousVegetation,2,HerbaceousVegetation,0.9996103644371033,True,-21.408667,1.2010453
864,C:\Users\DELL Precision 5550\Documents\GitHub\Terrasight-Eurosat-RGB-vs-Multispectral\data\raw\rgb\PermanentCrop\PermanentCrop_2147.jpg,6,PermanentCrop,6,PermanentCrop,0.9998760223388672,True,6.666919,-21.029211
865,C:\Users\DELL Precision 5550\Documents\GitHub\Terrasight-Eurosat-RGB-vs-Multispectral\data\raw\rgb\HerbaceousVegetation\HerbaceousVegetation_1155.jpg,2,HerbaceousVegetation,2,HerbaceousVegetation,0.9999899864196777,True,-21.622183,-2.8074424
866,C:\Users\DELL Precision 5550\Documents\GitHub\Terrasight-Eurosat-RGB-vs-Multispectral\data\raw\rgb\Forest\Forest_1609.jpg,1,Forest,1,Forest,0.9320665001869202,True,-34.465286,21.530819
867,C:\Users\DELL Precision 5550\Documents\GitHub\Terrasight-Eurosat-RGB-vs-Multispectral\data\raw\rgb\River\River_1995.jpg,8,River,8,River,0.999954342842102,True,27.758608,34.66401
868,C:\Users\DELL Precision 5550\Documents\GitHub\Terrasight-Eurosat-RGB-vs-Multispectral\data\raw\rgb\Residential\Residential_1822.jpg,7,Residential,7,Residential,0.9978429079055786,True,-32.245476,-37.012417
869,C:\Users\DELL Precision 5550\Documents\GitHub\Terrasight-Eurosat-RGB-vs-Multispectral\data\raw\rgb\AnnualCrop\AnnualCrop_1576.jpg,0,AnnualCrop,0,AnnualCrop,0.9921765923500061,True,35.49987,6.258025
870,C:\Users\DELL Precision 5550\Documents\GitHub\Terrasight-Eurosat-RGB-vs-Multispectral\data\raw\rgb\Industrial\Industrial_1295.jpg,4,Industrial,4,Industrial,0.999649167060852,True,4.00381,-64.118675
871,C:\Users\DELL Precision 5550\Documents\GitHub\Terrasight-Eurosat-RGB-vs-Multispectral\data\raw\rgb\PermanentCrop\PermanentCrop_198.jpg,6,PermanentCrop,6,PermanentCrop,0.9891592860221863,True,10.648042,-9.152362
872,C:\Users\DELL Precision 5550\Documents\GitHub\Terrasight-Eurosat-RGB-vs-Multispectral\data\raw\rgb\Residential\Residential_1830.jpg,7,Residential,7,Residential,0.9093186259269714,True,-32.953022,-41.238693
873,C:\Users\DELL Precision 5550\Documents\GitHub\Terrasight-Eurosat-RGB-vs-Multispectral\data\raw\rgb\HerbaceousVegetation\HerbaceousVegetation_190.jpg,2,HerbaceousVegetation,2,HerbaceousVegetation,0.9944002032279968,True,-3.5148368,-9.552146
874,C:\Users\DELL Precision 5550\Documents\GitHub\Terrasight-Eurosat-RGB-vs-Multispectral\data\raw\rgb\AnnualCrop\AnnualCrop_1881.jpg,0,AnnualCrop,0,AnnualCrop,0.9999635219573975,True,45.2944,10.651872
875,C:\Users\DELL Precision 5550\Documents\GitHub\Terrasight-Eurosat-RGB-vs-Multispectral\data\raw\rgb\SeaLake\SeaLake_2609.jpg,9,SeaLake,9,SeaLake,0.9998559951782227,True,-13.135046,61.780033
876,C:\Users\DELL Precision 5550\Documents\GitHub\Terrasight-Eurosat-RGB-vs-Multispectral\data\raw\rgb\River\River_29.jpg,8,River,8,River,0.999974250793457,True,23.002653,28.051485
877,C:\Users\DELL Precision 5550\Documents\GitHub\Terrasight-Eurosat-RGB-vs-Multispectral\data\raw\rgb\Forest\Forest_254.jpg,1,Forest,1,Forest,0.9999799728393555,True,-40.960587,13.660061
878,C:\Users\DELL Precision 5550\Documents\GitHub\Terrasight-Eurosat-RGB-vs-Multispectral\data\raw\rgb\SeaLake\SeaLake_2520.jpg,9,SeaLake,9,SeaLake,0.999775230884552,True,-3.7273593,59.90895
879,C:\Users\DELL Precision 5550\Documents\GitHub\Terrasight-Eurosat-RGB-vs-Multispectral\data\raw\rgb\Pasture\Pasture_1018.jpg,5,Pasture,5,Pasture,0.9853707551956177,True,3.8973973,11.337243
880,C:\Users\DELL Precision 5550\Documents\GitHub\Terrasight-Eurosat-RGB-vs-Multispectral\data\raw\rgb\HerbaceousVegetation\HerbaceousVegetation_2136.jpg,2,HerbaceousVegetation,2,HerbaceousVegetation,0.9999994039535522,True,-17.457754,-5.5374722
881,C:\Users\DELL Precision 5550\Documents\GitHub\Terrasight-Eurosat-RGB-vs-Multispectral\data\raw\rgb\PermanentCrop\PermanentCrop_1275.jpg,6,PermanentCrop,6,PermanentCrop,0.9952682852745056,True,14.359933,-19.468695
882,C:\Users\DELL Precision 5550\Documents\GitHub\Terrasight-Eurosat-RGB-vs-Multispectral\data\raw\rgb\Industrial\Industrial_2119.jpg,4,Industrial,4,Industrial,0.9992213249206543,True,-3.9227154,-60.866425
883,C:\Users\DELL Precision 5550\Documents\GitHub\Terrasight-Eurosat-RGB-vs-Multispectral\data\raw\rgb\River\River_531.jpg,8,River,8,River,0.8096432685852051,True,28.221142,18.775394
884,C:\Users\DELL Precision 5550\Documents\GitHub\Terrasight-Eurosat-RGB-vs-Multispectral\data\raw\rgb\PermanentCrop\PermanentCrop_2235.jpg,6,PermanentCrop,6,PermanentCrop,0.6110438704490662,True,-0.65744364,-13.002503
885,C:\Users\DELL Precision 5550\Documents\GitHub\Terrasight-Eurosat-RGB-vs-Multispectral\data\raw\rgb\Residential\Residential_70.jpg,7,Residential,7,Residential,0.9793586134910583,True,-25.123857,-33.810093
886,C:\Users\DELL Precision 5550\Documents\GitHub\Terrasight-Eurosat-RGB-vs-Multispectral\data\raw\rgb\Highway\Highway_780.jpg,3,Highway,3,Highway,0.9999992847442627,True,52.63089,-32.573242
887,C:\Users\DELL Precision 5550\Documents\GitHub\Terrasight-Eurosat-RGB-vs-Multispectral\data\raw\rgb\Residential\Residential_1229.jpg,7,Residential,7,Residential,0.9977735877037048,True,-39.95799,-38.38821
888,C:\Users\DELL Precision 5550\Documents\GitHub\Terrasight-Eurosat-RGB-vs-Multispectral\data\raw\rgb\SeaLake\SeaLake_1620.jpg,9,SeaLake,9,SeaLake,0.9932352900505066,True,-7.7054524,50.76935
889,C:\Users\DELL Precision 5550\Documents\GitHub\Terrasight-Eurosat-RGB-vs-Multispectral\data\raw\rgb\AnnualCrop\AnnualCrop_127.jpg,0,AnnualCrop,0,AnnualCrop,0.773635983467102,True,34.441868,9.967111
890,C:\Users\DELL Precision 5550\Documents\GitHub\Terrasight-Eurosat-RGB-vs-Multispectral\data\raw\rgb\Forest\Forest_333.jpg,1,Forest,1,Forest,0.9990350008010864,True,-43.069126,16.255917
891,C:\Users\DELL Precision 5550\Documents\GitHub\Terrasight-Eurosat-RGB-vs-Multispectral\data\raw\rgb\Highway\Highway_1212.jpg,3,Highway,3,Highway,0.9998637437820435,True,38.90694,-26.664663
892,C:\Users\DELL Precision 5550\Documents\GitHub\Terrasight-Eurosat-RGB-vs-Multispectral\data\raw\rgb\PermanentCrop\PermanentCrop_913.jpg,6,PermanentCrop,6,PermanentCrop,0.9968072175979614,True,7.0722256,-11.878481
893,C:\Users\DELL Precision 5550\Documents\GitHub\Terrasight-Eurosat-RGB-vs-Multispectral\data\raw\rgb\Highway\Highway_1267.jpg,3,Highway,3,Highway,0.9835557341575623,True,40.496323,-31.561287
894,C:\Users\DELL Precision 5550\Documents\GitHub\Terrasight-Eurosat-RGB-vs-Multispectral\data\raw\rgb\HerbaceousVegetation\HerbaceousVegetation_1600.jpg,2,HerbaceousVegetation,2,HerbaceousVegetation,0.9999979734420776,True,-20.063936,-8.406999
895,C:\Users\DELL Precision 5550\Documents\GitHub\Terrasight-Eurosat-RGB-vs-Multispectral\data\raw\rgb\Pasture\Pasture_1869.jpg,5,Pasture,2,HerbaceousVegetation,0.7159234285354614,False,1.5463337,6.287563
896,C:\Users\DELL Precision 5550\Documents\GitHub\Terrasight-Eurosat-RGB-vs-Multispectral\data\raw\rgb\Highway\Highway_987.jpg,3,Highway,3,Highway,0.9060007929801941,True,30.57413,-28.720581
897,C:\Users\DELL Precision 5550\Documents\GitHub\Terrasight-Eurosat-RGB-vs-Multispectral\data\raw\rgb\AnnualCrop\AnnualCrop_1658.jpg,0,AnnualCrop,0,AnnualCrop,0.9999992847442627,True,53.02378,5.2953024
898,C:\Users\DELL Precision 5550\Documents\GitHub\Terrasight-Eurosat-RGB-vs-Multispectral\data\raw\rgb\SeaLake\SeaLake_2760.jpg,9,SeaLake,9,SeaLake,0.9992015957832336,True,-9.845091,44.148018
899,C:\Users\DELL Precision 5550\Documents\GitHub\Terrasight-Eurosat-RGB-vs-Multispectral\data\raw\rgb\Highway\Highway_1117.jpg,3,Highway,3,Highway,0.999600350856781,True,48.14008,-29.948812
900,C:\Users\DELL Precision 5550\Documents\GitHub\Terrasight-Eurosat-RGB-vs-Multispectral\data\raw\rgb\AnnualCrop\AnnualCrop_2169.jpg,0,AnnualCrop,0,AnnualCrop,0.9883095026016235,True,31.598038,4.3875127
901,C:\Users\DELL Precision 5550\Documents\GitHub\Terrasight-Eurosat-RGB-vs-Multispectral\data\raw\rgb\Highway\Highway_183.jpg,3,Highway,3,Highway,0.9999986886978149,True,50.656593,-32.502277
902,C:\Users\DELL Precision 5550\Documents\GitHub\Terrasight-Eurosat-RGB-vs-Multispectral\data\raw\rgb\River\River_1723.jpg,8,River,8,River,0.9999443292617798,True,29.785904,31.787525
903,C:\Users\DELL Precision 5550\Documents\GitHub\Terrasight-Eurosat-RGB-vs-Multispectral\data\raw\rgb\River\River_1108.jpg,8,River,8,River,0.9999812841415405,True,30.564117,36.06807
904,C:\Users\DELL Precision 5550\Documents\GitHub\Terrasight-Eurosat-RGB-vs-Multispectral\data\raw\rgb\Industrial\Industrial_1456.jpg,4,Industrial,4,Industrial,0.9992188215255737,True,1.2998428,-59.58823
905,C:\Users\DELL Precision 5550\Documents\GitHub\Terrasight-Eurosat-RGB-vs-Multispectral\data\raw\rgb\Highway\Highway_784.jpg,3,Highway,3,Highway,0.9980443716049194,True,41.717506,-27.194635
906,C:\Users\DELL Precision 5550\Documents\GitHub\Terrasight-Eurosat-RGB-vs-Multispectral\data\raw\rgb\Forest\Forest_1988.jpg,1,Forest,1,Forest,0.999021053314209,True,-34.407448,25.949615
907,C:\Users\DELL Precision 5550\Documents\GitHub\Terrasight-Eurosat-RGB-vs-Multispectral\data\raw\rgb\Industrial\Industrial_2169.jpg,4,Industrial,4,Industrial,0.9884248971939087,True,-3.0801256,-47.475735
908,C:\Users\DELL Precision 5550\Documents\GitHub\Terrasight-Eurosat-RGB-vs-Multispectral\data\raw\rgb\Pasture\Pasture_1823.jpg,5,Pasture,2,HerbaceousVegetation,0.5706203579902649,False,-0.2924412,7.1281724
909,C:\Users\DELL Precision 5550\Documents\GitHub\Terrasight-Eurosat-RGB-vs-Multispectral\data\raw\rgb\AnnualCrop\AnnualCrop_1985.jpg,0,AnnualCrop,0,AnnualCrop,0.9731582999229431,True,34.255844,9.316529
910,C:\Users\DELL Precision 5550\Documents\GitHub\Terrasight-Eurosat-RGB-vs-Multispectral\data\raw\rgb\SeaLake\SeaLake_216.jpg,9,SeaLake,9,SeaLake,0.9997300505638123,True,-14.464449,60.02659
911,C:\Users\DELL Precision 5550\Documents\GitHub\Terrasight-Eurosat-RGB-vs-Multispectral\data\raw\rgb\Highway\Highway_2176.jpg,3,Highway,3,Highway,0.8663448095321655,True,42.35205,-20.792822
912,C:\Users\DELL Precision 5550\Documents\GitHub\Terrasight-Eurosat-RGB-vs-Multispectral\data\raw\rgb\Highway\Highway_1610.jpg,3,Highway,3,Highway,0.9998928308486938,True,43.069355,-35.462036
913,C:\Users\DELL Precision 5550\Documents\GitHub\Terrasight-Eurosat-RGB-vs-Multispectral\data\raw\rgb\PermanentCrop\PermanentCrop_1161.jpg,6,PermanentCrop,6,PermanentCrop,0.9999713897705078,True,12.788638,-15.548169
914,C:\Users\DELL Precision 5550\Documents\GitHub\Terrasight-Eurosat-RGB-vs-Multispectral\data\raw\rgb\Highway\Highway_267.jpg,3,Highway,3,Highway,0.998188316822052,True,43.77314,-23.881414
915,C:\Users\DELL Precision 5550\Documents\GitHub\Terrasight-Eurosat-RGB-vs-Multispectral\data\raw\rgb\Forest\Forest_11.jpg,1,Forest,1,Forest,0.9985610842704773,True,-38.27146,20.182684
916,C:\Users\DELL Precision 5550\Documents\GitHub\Terrasight-Eurosat-RGB-vs-Multispectral\data\raw\rgb\River\River_238.jpg,8,River,8,River,0.9999896287918091,True,33.851578,35.74238
917,C:\Users\DELL Precision 5550\Documents\GitHub\Terrasight-Eurosat-RGB-vs-Multispectral\data\raw\rgb\SeaLake\SeaLake_2117.jpg,9,SeaLake,9,SeaLake,0.9999364614486694,True,-11.943472,64.40159
918,C:\Users\DELL Precision 5550\Documents\GitHub\Terrasight-Eurosat-RGB-vs-Multispectral\data\raw\rgb\AnnualCrop\AnnualCrop_1959.jpg,0,AnnualCrop,0,AnnualCrop,0.9978047013282776,True,43.795895,12.200806
919,C:\Users\DELL Precision 5550\Documents\GitHub\Terrasight-Eurosat-RGB-vs-Multispectral\data\raw\rgb\PermanentCrop\PermanentCrop_1901.jpg,6,PermanentCrop,6,PermanentCrop,0.5336682200431824,True,6.890202,-9.584711
920,C:\Users\DELL Precision 5550\Documents\GitHub\Terrasight-Eurosat-RGB-vs-Multispectral\data\raw\rgb\River\River_51.jpg,8,River,0,AnnualCrop,0.3862296938896179,False,25.802422,12.029156
921,C:\Users\DELL Precision 5550\Documents\GitHub\Terrasight-Eurosat-RGB-vs-Multispectral\data\raw\rgb\Highway\Highway_59.jpg,3,Highway,3,Highway,0.98248690366745,True,43.19016,-21.180548
922,C:\Users\DELL Precision 5550\Documents\GitHub\Terrasight-Eurosat-RGB-vs-Multispectral\data\raw\rgb\Residential\Residential_2363.jpg,7,Residential,7,Residential,0.9898119568824768,True,-45.277836,-40.267395
923,C:\Users\DELL Precision 5550\Documents\GitHub\Terrasight-Eurosat-RGB-vs-Multispectral\data\raw\rgb\Industrial\Industrial_1359.jpg,4,Industrial,4,Industrial,0.8314502239227295,True,-6.858094,-45.140343
924,C:\Users\DELL Precision 5550\Documents\GitHub\Terrasight-Eurosat-RGB-vs-Multispectral\data\raw\rgb\HerbaceousVegetation\HerbaceousVegetation_733.jpg,2,HerbaceousVegetation,2,HerbaceousVegetation,0.9999953508377075,True,-15.461597,-10.064118
925,C:\Users\DELL Precision 5550\Documents\GitHub\Terrasight-Eurosat-RGB-vs-Multispectral\data\raw\rgb\River\River_6.jpg,8,River,8,River,0.9965606331825256,True,18.534418,23.254076
926,C:\Users\DELL Precision 5550\Documents\GitHub\Terrasight-Eurosat-RGB-vs-Multispectral\data\raw\rgb\Industrial\Industrial_187.jpg,4,Industrial,4,Industrial,0.9995964169502258,True,5.1055326,-51.799606
927,C:\Users\DELL Precision 5550\Documents\GitHub\Terrasight-Eurosat-RGB-vs-Multispectral\data\raw\rgb\SeaLake\SeaLake_817.jpg,9,SeaLake,9,SeaLake,0.9995235204696655,True,-4.170289,41.243797
928,C:\Users\DELL Precision 5550\Documents\GitHub\Terrasight-Eurosat-RGB-vs-Multispectral\data\raw\rgb\Pasture\Pasture_1898.jpg,5,Pasture,5,Pasture,0.9998911619186401,True,-1.5977108,18.6595
929,C:\Users\DELL Precision 5550\Documents\GitHub\Terrasight-Eurosat-RGB-vs-Multispectral\data\raw\rgb\Highway\Highway_1641.jpg,3,Highway,3,Highway,0.9897739291191101,True,39.382523,-32.90679
930,C:\Users\DELL Precision 5550\Documents\GitHub\Terrasight-Eurosat-RGB-vs-Multispectral\data\raw\rgb\SeaLake\SeaLake_1953.jpg,9,SeaLake,9,SeaLake,0.9999485015869141,True,-2.1857867,62.397537
931,C:\Users\DELL Precision 5550\Documents\GitHub\Terrasight-Eurosat-RGB-vs-Multispectral\data\raw\rgb\Industrial\Industrial_1051.jpg,4,Industrial,4,Industrial,0.9933363199234009,True,-4.4236755,-45.45633
932,C:\Users\DELL Precision 5550\Documents\GitHub\Terrasight-Eurosat-RGB-vs-Multispectral\data\raw\rgb\Highway\Highway_1708.jpg,3,Highway,3,Highway,0.9989227652549744,True,37.60373,-35.25908
933,C:\Users\DELL Precision 5550\Documents\GitHub\Terrasight-Eurosat-RGB-vs-Multispectral\data\raw\rgb\PermanentCrop\PermanentCrop_838.jpg,6,PermanentCrop,6,PermanentCrop,0.9990319013595581,True,16.352596,-17.036785
934,C:\Users\DELL Precision 5550\Documents\GitHub\Terrasight-Eurosat-RGB-vs-Multispectral\data\raw\rgb\PermanentCrop\PermanentCrop_1140.jpg,6,PermanentCrop,6,PermanentCrop,0.9941540360450745,True,16.471355,-17.09458
935,C:\Users\DELL Precision 5550\Documents\GitHub\Terrasight-Eurosat-RGB-vs-Multispectral\data\raw\rgb\PermanentCrop\PermanentCrop_2326.jpg,6,PermanentCrop,2,HerbaceousVegetation,0.5074418783187866,False,-0.63611853,-16.81086
936,C:\Users\DELL Precision 5550\Documents\GitHub\Terrasight-Eurosat-RGB-vs-Multispectral\data\raw\rgb\AnnualCrop\AnnualCrop_2374.jpg,0,AnnualCrop,0,AnnualCrop,1.0,True,60.020977,8.955882
937,C:\Users\DELL Precision 5550\Documents\GitHub\Terrasight-Eurosat-RGB-vs-Multispectral\data\raw\rgb\Residential\Residential_575.jpg,7,Residential,7,Residential,0.9999098777770996,True,-39.949448,-28.755404
938,C:\Users\DELL Precision 5550\Documents\GitHub\Terrasight-Eurosat-RGB-vs-Multispectral\data\raw\rgb\Highway\Highway_113.jpg,3,Highway,3,Highway,0.9956998825073242,True,36.44225,-25.597265
939,C:\Users\DELL Precision 5550\Documents\GitHub\Terrasight-Eurosat-RGB-vs-Multispectral\data\raw\rgb\HerbaceousVegetation\HerbaceousVegetation_550.jpg,2,HerbaceousVegetation,2,HerbaceousVegetation,0.9967453479766846,True,-15.534644,-0.24245179
940,C:\Users\DELL Precision 5550\Documents\GitHub\Terrasight-Eurosat-RGB-vs-Multispectral\data\raw\rgb\SeaLake\SeaLake_2530.jpg,9,SeaLake,9,SeaLake,0.997189462184906,True,-5.9506416,47.2195
941,C:\Users\DELL Precision 5550\Documents\GitHub\Terrasight-Eurosat-RGB-vs-Multispectral\data\raw\rgb\AnnualCrop\AnnualCrop_1494.jpg,0,AnnualCrop,0,AnnualCrop,0.9998461008071899,True,42.836136,3.8862479
942,C:\Users\DELL Precision 5550\Documents\GitHub\Terrasight-Eurosat-RGB-vs-Multispectral\data\raw\rgb\SeaLake\SeaLake_2100.jpg,9,SeaLake,9,SeaLake,0.9998757839202881,True,-9.222542,64.282005
943,C:\Users\DELL Precision 5550\Documents\GitHub\Terrasight-Eurosat-RGB-vs-Multispectral\data\raw\rgb\Industrial\Industrial_709.jpg,4,Industrial,4,Industrial,0.9899080991744995,True,-3.5998178,-52.482204
944,C:\Users\DELL Precision 5550\Documents\GitHub\Terrasight-Eurosat-RGB-vs-Multispectral\data\raw\rgb\Forest\Forest_2376.jpg,1,Forest,1,Forest,0.9937071204185486,True,-39.80123,25.068993
945,C:\Users\DELL Precision 5550\Documents\GitHub\Terrasight-Eurosat-RGB-vs-Multispectral\data\raw\rgb\Forest\Forest_1017.jpg,1,Forest,1,Forest,0.9999955892562866,True,-50.63264,16.035698
946,C:\Users\DELL Precision 5550\Documents\GitHub\Terrasight-Eurosat-RGB-vs-Multispectral\data\raw\rgb\Residential\Residential_1806.jpg,7,Residential,7,Residential,0.9998571872711182,True,-39.043064,-35.557312
947,C:\Users\DELL Precision 5550\Documents\GitHub\Terrasight-Eurosat-RGB-vs-Multispectral\data\raw\rgb\HerbaceousVegetation\HerbaceousVegetation_935.jpg,2,HerbaceousVegetation,2,HerbaceousVegetation,0.999893069267273,True,-15.313415,-2.4556777
948,C:\Users\DELL Precision 5550\Documents\GitHub\Terrasight-Eurosat-RGB-vs-Multispectral\data\raw\rgb\Highway\Highway_431.jpg,3,Highway,3,Highway,0.9999849796295166,True,44.0026,-36.372948
949,C:\Users\DELL Precision 5550\Documents\GitHub\Terrasight-Eurosat-RGB-vs-Multispectral\data\raw\rgb\Residential\Residential_311.jpg,7,Residential,7,Residential,0.9999817609786987,True,-43.32491,-27.653992
950,C:\Users\DELL Precision 5550\Documents\GitHub\Terrasight-Eurosat-RGB-vs-Multispectral\data\raw\rgb\Residential\Residential_921.jpg,7,Residential,7,Residential,0.999968409538269,True,-41.226284,-29.990356
951,C:\Users\DELL Precision 5550\Documents\GitHub\Terrasight-Eurosat-RGB-vs-Multispectral\data\raw\rgb\PermanentCrop\PermanentCrop_1231.jpg,6,PermanentCrop,6,PermanentCrop,0.9959666728973389,True,16.937803,-17.275106
952,C:\Users\DELL Precision 5550\Documents\GitHub\Terrasight-Eurosat-RGB-vs-Multispectral\data\raw\rgb\Highway\Highway_1735.jpg,3,Highway,3,Highway,0.998997151851654,True,41.39108,-25.08584
953,C:\Users\DELL Precision 5550\Documents\GitHub\Terrasight-Eurosat-RGB-vs-Multispectral\data\raw\rgb\Industrial\Industrial_2219.jpg,4,Industrial,4,Industrial,0.9927138686180115,True,-5.062142,-44.854923
954,C:\Users\DELL Precision 5550\Documents\GitHub\Terrasight-Eurosat-RGB-vs-Multispectral\data\raw\rgb\Forest\Forest_2752.jpg,1,Forest,1,Forest,0.9999947547912598,True,-49.564774,16.857658
955,C:\Users\DELL Precision 5550\Documents\GitHub\Terrasight-Eurosat-RGB-vs-Multispectral\data\raw\rgb\HerbaceousVegetation\HerbaceousVegetation_561.jpg,2,HerbaceousVegetation,2,HerbaceousVegetation,0.9999982118606567,True,-16.142502,-6.5522323
956,C:\Users\DELL Precision 5550\Documents\GitHub\Terrasight-Eurosat-RGB-vs-Multispectral\data\raw\rgb\HerbaceousVegetation\HerbaceousVegetation_1127.jpg,2,HerbaceousVegetation,2,HerbaceousVegetation,0.9999275207519531,True,-23.140211,-5.555566
957,C:\Users\DELL Precision 5550\Documents\GitHub\Terrasight-Eurosat-RGB-vs-Multispectral\data\raw\rgb\SeaLake\SeaLake_591.jpg,9,SeaLake,9,SeaLake,0.9994558691978455,True,-7.796887,58.54531
958,C:\Users\DELL Precision 5550\Documents\GitHub\Terrasight-Eurosat-RGB-vs-Multispectral\data\raw\rgb\Highway\Highway_2499.jpg,3,Highway,0,AnnualCrop,0.7414892315864563,False,44.014206,-17.7763
959,C:\Users\DELL Precision 5550\Documents\GitHub\Terrasight-Eurosat-RGB-vs-Multispectral\data\raw\rgb\River\River_1762.jpg,8,River,8,River,0.9999980926513672,True,31.491837,37.886276
960,C:\Users\DELL Precision 5550\Documents\GitHub\Terrasight-Eurosat-RGB-vs-Multispectral\data\raw\rgb\AnnualCrop\AnnualCrop_1859.jpg,0,AnnualCrop,0,AnnualCrop,0.9896536469459534,True,33.837982,3.8669298
961,C:\Users\DELL Precision 5550\Documents\GitHub\Terrasight-Eurosat-RGB-vs-Multispectral\data\raw\rgb\Residential\Residential_2479.jpg,7,Residential,7,Residential,0.8824983835220337,True,-25.126148,-35.722347
962,C:\Users\DELL Precision 5550\Documents\GitHub\Terrasight-Eurosat-RGB-vs-Multispectral\data\raw\rgb\Industrial\Industrial_1228.jpg,4,Industrial,4,Industrial,0.9998175501823425,True,4.0312586,-63.50348
963,C:\Users\DELL Precision 5550\Documents\GitHub\Terrasight-Eurosat-RGB-vs-Multispectral\data\raw\rgb\AnnualCrop\AnnualCrop_1732.jpg,0,AnnualCrop,0,AnnualCrop,0.998650848865509,True,35.827564,5.4888444
964,C:\Users\DELL Precision 5550\Documents\GitHub\Terrasight-Eurosat-RGB-vs-Multispectral\data\raw\rgb\PermanentCrop\PermanentCrop_702.jpg,6,PermanentCrop,6,PermanentCrop,0.9885426759719849,True,5.692871,-12.941793
965,C:\Users\DELL Precision 5550\Documents\GitHub\Terrasight-Eurosat-RGB-vs-Multispectral\data\raw\rgb\HerbaceousVegetation\HerbaceousVegetation_547.jpg,2,HerbaceousVegetation,2,HerbaceousVegetation,0.9998810291290283,True,-18.287794,-13.8539
966,C:\Users\DELL Precision 5550\Documents\GitHub\Terrasight-Eurosat-RGB-vs-Multispectral\data\raw\rgb\PermanentCrop\PermanentCrop_287.jpg,6,PermanentCrop,6,PermanentCrop,1.0,True,10.173673,-25.223288
967,C:\Users\DELL Precision 5550\Documents\GitHub\Terrasight-Eurosat-RGB-vs-Multispectral\data\raw\rgb\Highway\Highway_2149.jpg,3,Highway,3,Highway,0.9992190599441528,True,43.655327,-27.28728
968,C:\Users\DELL Precision 5550\Documents\GitHub\Terrasight-Eurosat-RGB-vs-Multispectral\data\raw\rgb\HerbaceousVegetation\HerbaceousVegetation_642.jpg,2,HerbaceousVegetation,2,HerbaceousVegetation,0.9996009469032288,True,-14.007427,-6.371541
969,C:\Users\DELL Precision 5550\Documents\GitHub\Terrasight-Eurosat-RGB-vs-Multispectral\data\raw\rgb\AnnualCrop\AnnualCrop_2293.jpg,0,AnnualCrop,0,AnnualCrop,1.0,True,60.77608,8.654032
970,C:\Users\DELL Precision 5550\Documents\GitHub\Terrasight-Eurosat-RGB-vs-Multispectral\data\raw\rgb\Industrial\Industrial_702.jpg,4,Industrial,4,Industrial,0.9198218584060669,True,-0.47995168,-46.789722
971,C:\Users\DELL Precision 5550\Documents\GitHub\Terrasight-Eurosat-RGB-vs-Multispectral\data\raw\rgb\PermanentCrop\PermanentCrop_1589.jpg,6,PermanentCrop,6,PermanentCrop,0.9165256023406982,True,15.9188,-8.934539
972,C:\Users\DELL Precision 5550\Documents\GitHub\Terrasight-Eurosat-RGB-vs-Multispectral\data\raw\rgb\Industrial\Industrial_2193.jpg,4,Industrial,4,Industrial,0.9955177903175354,True,-4.7003546,-55.698788
973,C:\Users\DELL Precision 5550\Documents\GitHub\Terrasight-Eurosat-RGB-vs-Multispectral\data\raw\rgb\Forest\Forest_2754.jpg,1,Forest,1,Forest,0.9997839331626892,True,-43.868004,25.901722
974,C:\Users\DELL Precision 5550\Documents\GitHub\Terrasight-Eurosat-RGB-vs-Multispectral\data\raw\rgb\PermanentCrop\PermanentCrop_986.jpg,6,PermanentCrop,6,PermanentCrop,0.9999997615814209,True,11.015852,-24.311516
975,C:\Users\DELL Precision 5550\Documents\GitHub\Terrasight-Eurosat-RGB-vs-Multispectral\data\raw\rgb\PermanentCrop\PermanentCrop_1478.jpg,6,PermanentCrop,6,PermanentCrop,0.9998121857643127,True,13.84677,-16.120554
976,C:\Users\DELL Precision 5550\Documents\GitHub\Terrasight-Eurosat-RGB-vs-Multispectral\data\raw\rgb\Residential\Residential_2462.jpg,7,Residential,7,Residential,0.9652942419052124,True,-36.000153,-40.460716
977,C:\Users\DELL Precision 5550\Documents\GitHub\Terrasight-Eurosat-RGB-vs-Multispectral\data\raw\rgb\Pasture\Pasture_614.jpg,5,Pasture,5,Pasture,0.9999834299087524,True,-6.414595,22.728777
978,C:\Users\DELL Precision 5550\Documents\GitHub\Terrasight-Eurosat-RGB-vs-Multispectral\data\raw\rgb\Forest\Forest_2180.jpg,1,Forest,1,Forest,0.9271767139434814,True,-37.240353,28.168716
979,C:\Users\DELL Precision 5550\Documents\GitHub\Terrasight-Eurosat-RGB-vs-Multispectral\data\raw\rgb\SeaLake\SeaLake_2990.jpg,9,SeaLake,9,SeaLake,0.9995973706245422,True,-13.079189,58.60435
980,C:\Users\DELL Precision 5550\Documents\GitHub\Terrasight-Eurosat-RGB-vs-Multispectral\data\raw\rgb\Highway\Highway_1476.jpg,3,Highway,3,Highway,0.9992963075637817,True,37.78383,-29.400167
981,C:\Users\DELL Precision 5550\Documents\GitHub\Terrasight-Eurosat-RGB-vs-Multispectral\data\raw\rgb\Industrial\Industrial_1425.jpg,4,Industrial,4,Industrial,0.9999960660934448,True,8.864884,-59.39415
982,C:\Users\DELL Precision 5550\Documents\GitHub\Terrasight-Eurosat-RGB-vs-Multispectral\data\raw\rgb\Pasture\Pasture_1320.jpg,5,Pasture,2,HerbaceousVegetation,0.985755205154419,False,-12.928395,4.245067
983,C:\Users\DELL Precision 5550\Documents\GitHub\Terrasight-Eurosat-RGB-vs-Multispectral\data\raw\rgb\PermanentCrop\PermanentCrop_1272.jpg,6,PermanentCrop,6,PermanentCrop,0.995927631855011,True,10.728573,-9.194788
984,C:\Users\DELL Precision 5550\Documents\GitHub\Terrasight-Eurosat-RGB-vs-Multispectral\data\raw\rgb\Residential\Residential_2118.jpg,7,Residential,7,Residential,0.9984275102615356,True,-43.654312,-39.764706
985,C:\Users\DELL Precision 5550\Documents\GitHub\Terrasight-Eurosat-RGB-vs-Multispectral\data\raw\rgb\SeaLake\SeaLake_2873.jpg,9,SeaLake,9,SeaLake,0.9996615648269653,True,-3.7641068,40.80284
986,C:\Users\DELL Precision 5550\Documents\GitHub\Terrasight-Eurosat-RGB-vs-Multispectral\data\raw\rgb\AnnualCrop\AnnualCrop_2633.jpg,0,AnnualCrop,0,AnnualCrop,0.9952999353408813,True,31.028336,4.0044947
987,C:\Users\DELL Precision 5550\Documents\GitHub\Terrasight-Eurosat-RGB-vs-Multispectral\data\raw\rgb\PermanentCrop\PermanentCrop_2123.jpg,6,PermanentCrop,6,PermanentCrop,0.9990187883377075,True,4.589608,-20.969666
988,C:\Users\DELL Precision 5550\Documents\GitHub\Terrasight-Eurosat-RGB-vs-Multispectral\data\raw\rgb\AnnualCrop\AnnualCrop_2971.jpg,0,AnnualCrop,0,AnnualCrop,0.9996931552886963,True,40.974415,5.9691133
989,C:\Users\DELL Precision 5550\Documents\GitHub\Terrasight-Eurosat-RGB-vs-Multispectral\data\raw\rgb\Industrial\Industrial_1830.jpg,4,Industrial,6,PermanentCrop,0.7491690516471863,False,11.230329,-11.082534
990,C:\Users\DELL Precision 5550\Documents\GitHub\Terrasight-Eurosat-RGB-vs-Multispectral\data\raw\rgb\Residential\Residential_764.jpg,7,Residential,7,Residential,0.8712044358253479,True,-34.687553,-40.99297
991,C:\Users\DELL Precision 5550\Documents\GitHub\Terrasight-Eurosat-RGB-vs-Multispectral\data\raw\rgb\Forest\Forest_315.jpg,1,Forest,1,Forest,0.999998927116394,True,-54.059883,14.186617
992,C:\Users\DELL Precision 5550\Documents\GitHub\Terrasight-Eurosat-RGB-vs-Multispectral\data\raw\rgb\Forest\Forest_941.jpg,1,Forest,1,Forest,0.9999946355819702,True,-52.126225,23.088581
993,C:\Users\DELL Precision 5550\Documents\GitHub\Terrasight-Eurosat-RGB-vs-Multispectral\data\raw\rgb\Residential\Residential_2558.jpg,7,Residential,7,Residential,0.9642879366874695,True,-31.574615,-39.33134
994,C:\Users\DELL Precision 5550\Documents\GitHub\Terrasight-Eurosat-RGB-vs-Multispectral\data\raw\rgb\Pasture\Pasture_460.jpg,5,Pasture,5,Pasture,0.8734452128410339,True,6.8048954,11.840869
995,C:\Users\DELL Precision 5550\Documents\GitHub\Terrasight-Eurosat-RGB-vs-Multispectral\data\raw\rgb\Forest\Forest_1159.jpg,1,Forest,1,Forest,0.9999977350234985,True,-55.39507,14.0002985
996,C:\Users\DELL Precision 5550\Documents\GitHub\Terrasight-Eurosat-RGB-vs-Multispectral\data\raw\rgb\Residential\Residential_725.jpg,7,Residential,7,Residential,0.9946087598800659,True,-36.616215,-38.575165
997,C:\Users\DELL Precision 5550\Documents\GitHub\Terrasight-Eurosat-RGB-vs-Multispectral\data\raw\rgb\Highway\Highway_1218.jpg,3,Highway,3,Highway,0.9979058504104614,True,41.246803,-29.885767
998,C:\Users\DELL Precision 5550\Documents\GitHub\Terrasight-Eurosat-RGB-vs-Multispectral\data\raw\rgb\AnnualCrop\AnnualCrop_568.jpg,0,AnnualCrop,0,AnnualCrop,0.999980092048645,True,49.35506,4.4766827
999,C:\Users\DELL Precision 5550\Documents\GitHub\Terrasight-Eurosat-RGB-vs-Multispectral\data\raw\rgb\Forest\Forest_2465.jpg,1,Forest,1,Forest,0.9999988079071045,True,-51.67599,14.553771
1000,C:\Users\DELL Precision 5550\Documents\GitHub\Terrasight-Eurosat-RGB-vs-Multispectral\data\raw\rgb\Residential\Residential_1773.jpg,7,Residential,7,Residential,0.6591071486473083,True,-26.738289,-30.595642
1001,C:\Users\DELL Precision 5550\Documents\GitHub\Terrasight-Eurosat-RGB-vs-Multispectral\data\raw\rgb\SeaLake\SeaLake_2946.jpg,9,SeaLake,9,SeaLake,0.9997617602348328,True,-3.739301,40.84069
1002,C:\Users\DELL Precision 5550\Documents\GitHub\Terrasight-Eurosat-RGB-vs-Multispectral\data\raw\rgb\Highway\Highway_156.jpg,3,Highway,3,Highway,0.9982380867004395,True,35.846626,-30.083992
1003,C:\Users\DELL Precision 5550\Documents\GitHub\Terrasight-Eurosat-RGB-vs-Multispectral\data\raw\rgb\PermanentCrop\PermanentCrop_2007.jpg,6,PermanentCrop,6,PermanentCrop,0.59491366147995,True,1.6774985,-11.114264
1004,C:\Users\DELL Precision 5550\Documents\GitHub\Terrasight-Eurosat-RGB-vs-Multispectral\data\raw\rgb\Highway\Highway_281.jpg,3,Highway,0,AnnualCrop,0.8309731483459473,False,44.062984,-18.005152
1005,C:\Users\DELL Precision 5550\Documents\GitHub\Terrasight-Eurosat-RGB-vs-Multispectral\data\raw\rgb\Highway\Highway_1163.jpg,3,Highway,3,Highway,0.9995536208152771,True,45.128513,-23.543621
1006,C:\Users\DELL Precision 5550\Documents\GitHub\Terrasight-Eurosat-RGB-vs-Multispectral\data\raw\rgb\AnnualCrop\AnnualCrop_600.jpg,0,AnnualCrop,0,AnnualCrop,0.9999996423721313,True,58.657837,9.917393
1007,C:\Users\DELL Precision 5550\Documents\GitHub\Terrasight-Eurosat-RGB-vs-Multispectral\data\raw\rgb\HerbaceousVegetation\HerbaceousVegetation_919.jpg,2,HerbaceousVegetation,2,HerbaceousVegetation,0.9985283613204956,True,-4.2239285,-2.1749651
1008,C:\Users\DELL Precision 5550\Documents\GitHub\Terrasight-Eurosat-RGB-vs-Multispectral\data\raw\rgb\Highway\Highway_536.jpg,3,Highway,3,Highway,0.7644488215446472,True,30.343975,-30.853964
1009,C:\Users\DELL Precision 5550\Documents\GitHub\Terrasight-Eurosat-RGB-vs-Multispectral\data\raw\rgb\HerbaceousVegetation\HerbaceousVegetation_931.jpg,2,HerbaceousVegetation,2,HerbaceousVegetation,0.9998892545700073,True,-12.774718,-9.986529
1010,C:\Users\DELL Precision 5550\Documents\GitHub\Terrasight-Eurosat-RGB-vs-Multispectral\data\raw\rgb\AnnualCrop\AnnualCrop_1686.jpg,0,AnnualCrop,0,AnnualCrop,0.9998819828033447,True,41.870155,10.536693
1011,C:\Users\DELL Precision 5550\Documents\GitHub\Terrasight-Eurosat-RGB-vs-Multispectral\data\raw\rgb\HerbaceousVegetation\HerbaceousVegetation_1981.jpg,2,HerbaceousVegetation,2,HerbaceousVegetation,0.9989062547683716,True,-4.145456,-9.098663
1012,C:\Users\DELL Precision 5550\Documents\GitHub\Terrasight-Eurosat-RGB-vs-Multispectral\data\raw\rgb\Industrial\Industrial_973.jpg,4,Industrial,4,Industrial,0.9989135265350342,True,0.0027521707,-56.576958
1013,C:\Users\DELL Precision 5550\Documents\GitHub\Terrasight-Eurosat-RGB-vs-Multispectral\data\raw\rgb\Pasture\Pasture_1865.jpg,5,Pasture,5,Pasture,0.9815152287483215,True,0.5599042,9.566951
1014,C:\Users\DELL Precision 5550\Documents\GitHub\Terrasight-Eurosat-RGB-vs-Multispectral\data\raw\rgb\Highway\Highway_652.jpg,3,Highway,3,Highway,0.9940863847732544,True,35.65168,-34.297855
1015,C:\Users\DELL Precision 5550\Documents\GitHub\Terrasight-Eurosat-RGB-vs-Multispectral\data\raw\rgb\Residential\Residential_49.jpg,7,Residential,7,Residential,0.7477490901947021,True,-26.21322,-36.98622
1016,C:\Users\DELL Precision 5550\Documents\GitHub\Terrasight-Eurosat-RGB-vs-Multispectral\data\raw\rgb\AnnualCrop\AnnualCrop_2510.jpg,0,AnnualCrop,0,AnnualCrop,0.998090922832489,True,34.121624,3.9524395
1017,C:\Users\DELL Precision 5550\Documents\GitHub\Terrasight-Eurosat-RGB-vs-Multispectral\data\raw\rgb\AnnualCrop\AnnualCrop_1361.jpg,0,AnnualCrop,0,AnnualCrop,0.9999880790710449,True,46.121162,6.6878934
1018,C:\Users\DELL Precision 5550\Documents\GitHub\Terrasight-Eurosat-RGB-vs-Multispectral\data\raw\rgb\Residential\Residential_2909.jpg,7,Residential,7,Residential,0.9989991784095764,True,-36.989063,-36.132458
1019,C:\Users\DELL Precision 5550\Documents\GitHub\Terrasight-Eurosat-RGB-vs-Multispectral\data\raw\rgb\AnnualCrop\AnnualCrop_1445.jpg,0,AnnualCrop,0,AnnualCrop,0.9982957243919373,True,31.163818,0.00075201056
1020,C:\Users\DELL Precision 5550\Documents\GitHub\Terrasight-Eurosat-RGB-vs-Multispectral\data\raw\rgb\HerbaceousVegetation\HerbaceousVegetation_1415.jpg,2,HerbaceousVegetation,2,HerbaceousVegetation,0.99959796667099,True,-11.373646,-10.086381
1021,C:\Users\DELL Precision 5550\Documents\GitHub\Terrasight-Eurosat-RGB-vs-Multispectral\data\raw\rgb\HerbaceousVegetation\HerbaceousVegetation_2942.jpg,2,HerbaceousVegetation,2,HerbaceousVegetation,0.9978978633880615,True,-16.854889,-14.7136965
1022,C:\Users\DELL Precision 5550\Documents\GitHub\Terrasight-Eurosat-RGB-vs-Multispectral\data\raw\rgb\Forest\Forest_2882.jpg,1,Forest,1,Forest,0.9999916553497314,True,-50.436295,23.760195
1023,C:\Users\DELL Precision 5550\Documents\GitHub\Terrasight-Eurosat-RGB-vs-Multispectral\data\raw\rgb\River\River_1870.jpg,8,River,8,River,0.9999293088912964,True,25.864433,26.947456
1024,C:\Users\DELL Precision 5550\Documents\GitHub\Terrasight-Eurosat-RGB-vs-Multispectral\data\raw\rgb\Pasture\Pasture_1057.jpg,5,Pasture,5,Pasture,0.9264837503433228,True,2.2200363,7.1763463
1025,C:\Users\DELL Precision 5550\Documents\GitHub\Terrasight-Eurosat-RGB-vs-Multispectral\data\raw\rgb\PermanentCrop\PermanentCrop_1442.jpg,6,PermanentCrop,6,PermanentCrop,0.9999475479125977,True,14.464767,-20.564144
1026,C:\Users\DELL Precision 5550\Documents\GitHub\Terrasight-Eurosat-RGB-vs-Multispectral\data\raw\rgb\Highway\Highway_1543.jpg,3,Highway,3,Highway,0.9938795566558838,True,36.162163,-28.797962
1027,C:\Users\DELL Precision 5550\Documents\GitHub\Terrasight-Eurosat-RGB-vs-Multispectral\data\raw\rgb\Residential\Residential_215.jpg,7,Residential,7,Residential,0.9999996423721313,True,-47.57188,-30.749712
1028,C:\Users\DELL Precision 5550\Documents\GitHub\Terrasight-Eurosat-RGB-vs-Multispectral\data\raw\rgb\Highway\Highway_637.jpg,3,Highway,3,Highway,0.9999980926513672,True,52.466125,-31.515196
1029,C:\Users\DELL Precision 5550\Documents\GitHub\Terrasight-Eurosat-RGB-vs-Multispectral\data\raw\rgb\HerbaceousVegetation\HerbaceousVegetation_2479.jpg,2,HerbaceousVegetation,2,HerbaceousVegetation,0.9994630217552185,True,-20.219273,0.6878394
1030,C:\Users\DELL Precision 5550\Documents\GitHub\Terrasight-Eurosat-RGB-vs-Multispectral\data\raw\rgb\Residential\Residential_997.jpg,7,Residential,7,Residential,0.9959366321563721,True,-37.79464,-37.933544
1031,C:\Users\DELL Precision 5550\Documents\GitHub\Terrasight-Eurosat-RGB-vs-Multispectral\data\raw\rgb\PermanentCrop\PermanentCrop_847.jpg,6,PermanentCrop,6,PermanentCrop,0.9999641180038452,True,12.770582,-15.3365135
1032,C:\Users\DELL Precision 5550\Documents\GitHub\Terrasight-Eurosat-RGB-vs-Multispectral\data\raw\rgb\HerbaceousVegetation\HerbaceousVegetation_1774.jpg,2,HerbaceousVegetation,2,HerbaceousVegetation,0.9637950658798218,True,-10.74986,-4.6419883
1033,C:\Users\DELL Precision 5550\Documents\GitHub\Terrasight-Eurosat-RGB-vs-Multispectral\data\raw\rgb\Forest\Forest_2258.jpg,1,Forest,1,Forest,0.9999582767486572,True,-40.720695,15.0013895
1034,C:\Users\DELL Precision 5550\Documents\GitHub\Terrasight-Eurosat-RGB-vs-Multispectral\data\raw\rgb\Pasture\Pasture_587.jpg,5,Pasture,5,Pasture,0.9999998807907104,True,-8.327856,25.15737
1035,C:\Users\DELL Precision 5550\Documents\GitHub\Terrasight-Eurosat-RGB-vs-Multispectral\data\raw\rgb\Residential\Residential_1980.jpg,7,Residential,7,Residential,0.999883770942688,True,-47.174854,-36.03396
1036,C:\Users\DELL Precision 5550\Documents\GitHub\Terrasight-Eurosat-RGB-vs-Multispectral\data\raw\rgb\PermanentCrop\PermanentCrop_88.jpg,6,PermanentCrop,6,PermanentCrop,0.5574383735656738,True,27.78271,-1.108395
1037,C:\Users\DELL Precision 5550\Documents\GitHub\Terrasight-Eurosat-RGB-vs-Multispectral\data\raw\rgb\SeaLake\SeaLake_2411.jpg,9,SeaLake,9,SeaLake,0.9998136162757874,True,1.6201471,47.18924
1038,C:\Users\DELL Precision 5550\Documents\GitHub\Terrasight-Eurosat-RGB-vs-Multispectral\data\raw\rgb\Forest\Forest_2395.jpg,1,Forest,1,Forest,0.9999982118606567,True,-51.222183,12.769865
1039,C:\Users\DELL Precision 5550\Documents\GitHub\Terrasight-Eurosat-RGB-vs-Multispectral\data\raw\rgb\Residential\Residential_1086.jpg,7,Residential,7,Residential,0.9983248114585876,True,-30.477432,-32.488796
1040,C:\Users\DELL Precision 5550\Documents\GitHub\Terrasight-Eurosat-RGB-vs-Multispectral\data\raw\rgb\River\River_1515.jpg,8,River,8,River,0.987375020980835,True,28.990171,19.38788
1041,C:\Users\DELL Precision 5550\Documents\GitHub\Terrasight-Eurosat-RGB-vs-Multispectral\data\raw\rgb\Residential\Residential_1714.jpg,7,Residential,7,Residential,0.9983830451965332,True,-34.57094,-34.718197
1042,C:\Users\DELL Precision 5550\Documents\GitHub\Terrasight-Eurosat-RGB-vs-Multispectral\data\raw\rgb\SeaLake\SeaLake_2576.jpg,9,SeaLake,9,SeaLake,0.9997722506523132,True,1.5840224,49.149567
1043,C:\Users\DELL Precision 5550\Documents\GitHub\Terrasight-Eurosat-RGB-vs-Multispectral\data\raw\rgb\Residential\Residential_2209.jpg,7,Residential,7,Residential,0.9984361529350281,True,-35.103855,-30.78435
1044,C:\Users\DELL Precision 5550\Documents\GitHub\Terrasight-Eurosat-RGB-vs-Multispectral\data\raw\rgb\AnnualCrop\AnnualCrop_2862.jpg,0,AnnualCrop,0,AnnualCrop,1.0,True,57.439903,9.226826
1045,C:\Users\DELL Precision 5550\Documents\GitHub\Terrasight-Eurosat-RGB-vs-Multispectral\data\raw\rgb\PermanentCrop\PermanentCrop_1593.jpg,6,PermanentCrop,6,PermanentCrop,0.9968037605285645,True,3.844724,-20.203281
1046,C:\Users\DELL Precision 5550\Documents\GitHub\Terrasight-Eurosat-RGB-vs-Multispectral\data\raw\rgb\Highway\Highway_2163.jpg,3,Highway,3,Highway,0.9630333781242371,True,34.20091,-28.161629
1047,C:\Users\DELL Precision 5550\Documents\GitHub\Terrasight-Eurosat-RGB-vs-Multispectral\data\raw\rgb\River\River_1535.jpg,8,River,8,River,0.6082723736763,True,25.003288,13.041142
1048,C:\Users\DELL Precision 5550\Documents\GitHub\Terrasight-Eurosat-RGB-vs-Multispectral\data\raw\rgb\Industrial\Industrial_1212.jpg,4,Industrial,4,Industrial,0.8983428478240967,True,1.1324321,-57.810276
1049,C:\Users\DELL Precision 5550\Documents\GitHub\Terrasight-Eurosat-RGB-vs-Multispectral\data\raw\rgb\Residential\Residential_897.jpg,7,Residential,7,Residential,0.9999991655349731,True,-44.406063,-28.404888
1050,C:\Users\DELL Precision 5550\Documents\GitHub\Terrasight-Eurosat-RGB-vs-Multispectral\data\raw\rgb\Residential\Residential_1691.jpg,7,Residential,7,Residential,0.9986959099769592,True,-32.82257,-30.213972
1051,C:\Users\DELL Precision 5550\Documents\GitHub\Terrasight-Eurosat-RGB-vs-Multispectral\data\raw\rgb\AnnualCrop\AnnualCrop_760.jpg,0,AnnualCrop,0,AnnualCrop,0.9993714690208435,True,35.551907,7.3615737
1052,C:\Users\DELL Precision 5550\Documents\GitHub\Terrasight-Eurosat-RGB-vs-Multispectral\data\raw\rgb\Residential\Residential_1595.jpg,7,Residential,7,Residential,0.9999872446060181,True,-47.694042,-32.73381
1053,C:\Users\DELL Precision 5550\Documents\GitHub\Terrasight-Eurosat-RGB-vs-Multispectral\data\raw\rgb\Industrial\Industrial_2232.jpg,4,Industrial,4,Industrial,0.9913625121116638,True,-3.9003346,-53.39658
1054,C:\Users\DELL Precision 5550\Documents\GitHub\Terrasight-Eurosat-RGB-vs-Multispectral\data\raw\rgb\River\River_1354.jpg,8,River,8,River,0.9998431205749512,True,25.521841,26.962809
1055,C:\Users\DELL Precision 5550\Documents\GitHub\Terrasight-Eurosat-RGB-vs-Multispectral\data\raw\rgb\PermanentCrop\PermanentCrop_1143.jpg,6,PermanentCrop,6,PermanentCrop,0.8690462708473206,True,4.1084123,-8.307614
1056,C:\Users\DELL Precision 5550\Documents\GitHub\Terrasight-Eurosat-RGB-vs-Multispectral\data\raw\rgb\HerbaceousVegetation\HerbaceousVegetation_334.jpg,2,HerbaceousVegetation,2,HerbaceousVegetation,0.9998931884765625,True,-23.115498,4.3543067
1057,C:\Users\DELL Precision 5550\Documents\GitHub\Terrasight-Eurosat-RGB-vs-Multispectral\data\raw\rgb\PermanentCrop\PermanentCrop_152.jpg,6,PermanentCrop,6,PermanentCrop,0.9956360459327698,True,4.9824934,-13.648474
1058,C:\Users\DELL Precision 5550\Documents\GitHub\Terrasight-Eurosat-RGB-vs-Multispectral\data\raw\rgb\PermanentCrop\PermanentCrop_40.jpg,6,PermanentCrop,6,PermanentCrop,0.9999687671661377,True,7.827888,-21.46865
1059,C:\Users\DELL Precision 5550\Documents\GitHub\Terrasight-Eurosat-RGB-vs-Multispectral\data\raw\rgb\Forest\Forest_1898.jpg,1,Forest,1,Forest,0.9999905824661255,True,-48.49724,14.871666
1060,C:\Users\DELL Precision 5550\Documents\GitHub\Terrasight-Eurosat-RGB-vs-Multispectral\data\raw\rgb\Residential\Residential_1795.jpg,7,Residential,2,HerbaceousVegetation,0.9753511548042297,False,-22.540552,-34.48843
1061,C:\Users\DELL Precision 5550\Documents\GitHub\Terrasight-Eurosat-RGB-vs-Multispectral\data\raw\rgb\AnnualCrop\AnnualCrop_2392.jpg,0,AnnualCrop,5,Pasture,0.6080195903778076,False,27.173294,6.260528
1062,C:\Users\DELL Precision 5550\Documents\GitHub\Terrasight-Eurosat-RGB-vs-Multispectral\data\raw\rgb\Residential\Residential_1631.jpg,7,Residential,7,Residential,0.9998461008071899,True,-41.969173,-33.954716
1063,C:\Users\DELL Precision 5550\Documents\GitHub\Terrasight-Eurosat-RGB-vs-Multispectral\data\raw\rgb\HerbaceousVegetation\HerbaceousVegetation_338.jpg,2,HerbaceousVegetation,2,HerbaceousVegetation,0.9979833364486694,True,-3.7214732,-2.2757552
1064,C:\Users\DELL Precision 5550\Documents\GitHub\Terrasight-Eurosat-RGB-vs-Multispectral\data\raw\rgb\SeaLake\SeaLake_501.jpg,9,SeaLake,9,SeaLake,0.9999977350234985,True,-0.49434176,66.021774
1065,C:\Users\DELL Precision 5550\Documents\GitHub\Terrasight-Eurosat-RGB-vs-Multispectral\data\raw\rgb\SeaLake\SeaLake_844.jpg,9,SeaLake,9,SeaLake,0.9999722242355347,True,2.8030186,46.145897
1066,C:\Users\DELL Precision 5550\Documents\GitHub\Terrasight-Eurosat-RGB-vs-Multispectral\data\raw\rgb\Industrial\Industrial_1953.jpg,4,Industrial,4,Industrial,0.9998807907104492,True,3.3846908,-63.915154
1067,C:\Users\DELL Precision 5550\Documents\GitHub\Terrasight-Eurosat-RGB-vs-Multispectral\data\raw\rgb\Pasture\Pasture_579.jpg,5,Pasture,5,Pasture,0.9846466779708862,True,5.7817736,12.947411
1068,C:\Users\DELL Precision 5550\Documents\GitHub\Terrasight-Eurosat-RGB-vs-Multispectral\data\raw\rgb\Forest\Forest_2717.jpg,1,Forest,1,Forest,0.9998786449432373,True,-43.760075,11.00259
1069,C:\Users\DELL Precision 5550\Documents\GitHub\Terrasight-Eurosat-RGB-vs-Multispectral\data\raw\rgb\PermanentCrop\PermanentCrop_1455.jpg,6,PermanentCrop,4,Industrial,0.47827059030532837,False,-2.1616678,-43.24615
1070,C:\Users\DELL Precision 5550\Documents\GitHub\Terrasight-Eurosat-RGB-vs-Multispectral\data\raw\rgb\HerbaceousVegetation\HerbaceousVegetation_1878.jpg,2,HerbaceousVegetation,2,HerbaceousVegetation,0.9999372959136963,True,-8.09509,-5.367824
1071,C:\Users\DELL Precision 5550\Documents\GitHub\Terrasight-Eurosat-RGB-vs-Multispectral\data\raw\rgb\River\River_2012.jpg,8,River,8,River,0.9997296929359436,True,19.012077,24.763882
1072,C:\Users\DELL Precision 5550\Documents\GitHub\Terrasight-Eurosat-RGB-vs-Multispectral\data\raw\rgb\Industrial\Industrial_26.jpg,4,Industrial,4,Industrial,0.999998927116394,True,7.7542915,-63.415207
1073,C:\Users\DELL Precision 5550\Documents\GitHub\Terrasight-Eurosat-RGB-vs-Multispectral\data\raw\rgb\AnnualCrop\AnnualCrop_1234.jpg,0,AnnualCrop,0,AnnualCrop,0.9934551119804382,True,40.654697,-1.3400569
1074,C:\Users\DELL Precision 5550\Documents\GitHub\Terrasight-Eurosat-RGB-vs-Multispectral\data\raw\rgb\PermanentCrop\PermanentCrop_410.jpg,6,PermanentCrop,0,AnnualCrop,0.7614583373069763,False,18.573586,-7.8098173
1075,C:\Users\DELL Precision 5550\Documents\GitHub\Terrasight-Eurosat-RGB-vs-Multispectral\data\raw\rgb\SeaLake\SeaLake_2712.jpg,9,SeaLake,9,SeaLake,0.9971463084220886,True,-6.8510876,51.70654
1076,C:\Users\DELL Precision 5550\Documents\GitHub\Terrasight-Eurosat-RGB-vs-Multispectral\data\raw\rgb\AnnualCrop\AnnualCrop_2898.jpg,0,AnnualCrop,0,AnnualCrop,0.9882434606552124,True,36.520573,8.04617
1077,C:\Users\DELL Precision 5550\Documents\GitHub\Terrasight-Eurosat-RGB-vs-Multispectral\data\raw\rgb\Highway\Highway_945.jpg,3,Highway,3,Highway,0.9996151924133301,True,37.27194,-31.753513
1078,C:\Users\DELL Precision 5550\Documents\GitHub\Terrasight-Eurosat-RGB-vs-Multispectral\data\raw\rgb\Industrial\Industrial_1967.jpg,4,Industrial,4,Industrial,0.998319685459137,True,-2.632642,-59.61401
1079,C:\Users\DELL Precision 5550\Documents\GitHub\Terrasight-Eurosat-RGB-vs-Multispectral\data\raw\rgb\SeaLake\SeaLake_1995.jpg,9,SeaLake,9,SeaLake,0.9986429810523987,True,-9.113826,43.662647
1080,C:\Users\DELL Precision 5550\Documents\GitHub\Terrasight-Eurosat-RGB-vs-Multispectral\data\raw\rgb\AnnualCrop\AnnualCrop_2229.jpg,0,AnnualCrop,0,AnnualCrop,0.9999979734420776,True,52.545906,5.1536536
1081,C:\Users\DELL Precision 5550\Documents\GitHub\Terrasight-Eurosat-RGB-vs-Multispectral\data\raw\rgb\SeaLake\SeaLake_1730.jpg,9,SeaLake,9,SeaLake,0.9999154806137085,True,-9.837323,63.316692
1082,C:\Users\DELL Precision 5550\Documents\GitHub\Terrasight-Eurosat-RGB-vs-Multispectral\data\raw\rgb\PermanentCrop\PermanentCrop_675.jpg,6,PermanentCrop,6,PermanentCrop,0.9883226752281189,True,14.877638,-10.365922
1083,C:\Users\DELL Precision 5550\Documents\GitHub\Terrasight-Eurosat-RGB-vs-Multispectral\data\raw\rgb\PermanentCrop\PermanentCrop_1700.jpg,6,PermanentCrop,6,PermanentCrop,0.9961940050125122,True,4.4801846,-17.186266
1084,C:\Users\DELL Precision 5550\Documents\GitHub\Terrasight-Eurosat-RGB-vs-Multispectral\data\raw\rgb\HerbaceousVegetation\HerbaceousVegetation_904.jpg,2,HerbaceousVegetation,2,HerbaceousVegetation,0.9961389899253845,True,-12.021427,-13.914537
1085,C:\Users\DELL Precision 5550\Documents\GitHub\Terrasight-Eurosat-RGB-vs-Multispectral\data\raw\rgb\PermanentCrop\PermanentCrop_888.jpg,6,PermanentCrop,6,PermanentCrop,0.9368767738342285,True,15.632847,-9.864436
1086,C:\Users\DELL Precision 5550\Documents\GitHub\Terrasight-Eurosat-RGB-vs-Multispectral\data\raw\rgb\AnnualCrop\AnnualCrop_1716.jpg,0,AnnualCrop,0,AnnualCrop,0.9997335076332092,True,37.56849,0.05532646
1087,C:\Users\DELL Precision 5550\Documents\GitHub\Terrasight-Eurosat-RGB-vs-Multispectral\data\raw\rgb\HerbaceousVegetation\HerbaceousVegetation_2307.jpg,2,HerbaceousVegetation,2,HerbaceousVegetation,0.9997655749320984,True,-7.450921,-6.204545
1088,C:\Users\DELL Precision 5550\Documents\GitHub\Terrasight-Eurosat-RGB-vs-Multispectral\data\raw\rgb\Industrial\Industrial_1485.jpg,4,Industrial,4,Industrial,0.9968644976615906,True,-1.1991274,-49.892677
1089,C:\Users\DELL Precision 5550\Documents\GitHub\Terrasight-Eurosat-RGB-vs-Multispectral\data\raw\rgb\Forest\Forest_2489.jpg,1,Forest,1,Forest,0.9575130343437195,True,-34.352066,20.551687
1090,C:\Users\DELL Precision 5550\Documents\GitHub\Terrasight-Eurosat-RGB-vs-Multispectral\data\raw\rgb\Pasture\Pasture_1735.jpg,5,Pasture,5,Pasture,0.99985671043396,True,-5.7339697,20.633816
1091,C:\Users\DELL Precision 5550\Documents\GitHub\Terrasight-Eurosat-RGB-vs-Multispectral\data\raw\rgb\Forest\Forest_1143.jpg,1,Forest,1,Forest,0.9999663829803467,True,-52.53525,24.32742
1092,C:\Users\DELL Precision 5550\Documents\GitHub\Terrasight-Eurosat-RGB-vs-Multispectral\data\raw\rgb\PermanentCrop\PermanentCrop_534.jpg,6,PermanentCrop,6,PermanentCrop,0.9979368448257446,True,13.451304,-11.800008
1093,C:\Users\DELL Precision 5550\Documents\GitHub\Terrasight-Eurosat-RGB-vs-Multispectral\data\raw\rgb\HerbaceousVegetation\HerbaceousVegetation_2014.jpg,2,HerbaceousVegetation,2,HerbaceousVegetation,0.9999947547912598,True,-17.490198,-4.0414624
1094,C:\Users\DELL Precision 5550\Documents\GitHub\Terrasight-Eurosat-RGB-vs-Multispectral\data\raw\rgb\Residential\Residential_1622.jpg,7,Residential,7,Residential,0.9999934434890747,True,-48.96702,-37.896183
1095,C:\Users\DELL Precision 5550\Documents\GitHub\Terrasight-Eurosat-RGB-vs-Multispectral\data\raw\rgb\River\River_391.jpg,8,River,8,River,0.9091147184371948,True,16.829065,25.457436
1096,C:\Users\DELL Precision 5550\Documents\GitHub\Terrasight-Eurosat-RGB-vs-Multispectral\data\raw\rgb\AnnualCrop\AnnualCrop_1180.jpg,0,AnnualCrop,0,AnnualCrop,0.9994804263114929,True,35.807514,1.6837195
1097,C:\Users\DELL Precision 5550\Documents\GitHub\Terrasight-Eurosat-RGB-vs-Multispectral\data\raw\rgb\SeaLake\SeaLake_1321.jpg,9,SeaLake,9,SeaLake,0.9999918937683105,True,4.483806,46.557125
1098,C:\Users\DELL Precision 5550\Documents\GitHub\Terrasight-Eurosat-RGB-vs-Multispectral\data\raw\rgb\Highway\Highway_1312.jpg,3,Highway,3,Highway,0.9997523427009583,True,47.200977,-24.280655
1099,C:\Users\DELL Precision 5550\Documents\GitHub\Terrasight-Eurosat-RGB-vs-Multispectral\data\raw\rgb\HerbaceousVegetation\HerbaceousVegetation_1236.jpg,2,HerbaceousVegetation,2,HerbaceousVegetation,0.9999996423721313,True,-25.381617,-3.4888427
1100,C:\Users\DELL Precision 5550\Documents\GitHub\Terrasight-Eurosat-RGB-vs-Multispectral\data\raw\rgb\PermanentCrop\PermanentCrop_2226.jpg,6,PermanentCrop,6,PermanentCrop,0.9999964237213135,True,9.444879,-22.491268
1101,C:\Users\DELL Precision 5550\Documents\GitHub\Terrasight-Eurosat-RGB-vs-Multispectral\data\raw\rgb\AnnualCrop\AnnualCrop_2656.jpg,0,AnnualCrop,0,AnnualCrop,0.9974230527877808,True,34.990337,4.9975724
1102,C:\Users\DELL Precision 5550\Documents\GitHub\Terrasight-Eurosat-RGB-vs-Multispectral\data\raw\rgb\River\River_865.jpg,8,River,8,River,0.9999946355819702,True,26.160763,34.89177
1103,C:\Users\DELL Precision 5550\Documents\GitHub\Terrasight-Eurosat-RGB-vs-Multispectral\data\raw\rgb\Forest\Forest_1878.jpg,1,Forest,1,Forest,0.9996073842048645,True,-40.56836,28.175272
1104,C:\Users\DELL Precision 5550\Documents\GitHub\Terrasight-Eurosat-RGB-vs-Multispectral\data\raw\rgb\SeaLake\SeaLake_1035.jpg,9,SeaLake,9,SeaLake,0.9999964237213135,True,-2.3551633,66.74658
1105,C:\Users\DELL Precision 5550\Documents\GitHub\Terrasight-Eurosat-RGB-vs-Multispectral\data\raw\rgb\HerbaceousVegetation\HerbaceousVegetation_2170.jpg,2,HerbaceousVegetation,2,HerbaceousVegetation,0.9997946619987488,True,-4.3006597,-1.6530671
1106,C:\Users\DELL Precision 5550\Documents\GitHub\Terrasight-Eurosat-RGB-vs-Multispectral\data\raw\rgb\HerbaceousVegetation\HerbaceousVegetation_882.jpg,2,HerbaceousVegetation,2,HerbaceousVegetation,0.9999977350234985,True,-18.789349,-9.414419
1107,C:\Users\DELL Precision 5550\Documents\GitHub\Terrasight-Eurosat-RGB-vs-Multispectral\data\raw\rgb\Residential\Residential_2667.jpg,7,Residential,7,Residential,0.9998582601547241,True,-34.006744,-33.32928
1108,C:\Users\DELL Precision 5550\Documents\GitHub\Terrasight-Eurosat-RGB-vs-Multispectral\data\raw\rgb\AnnualCrop\AnnualCrop_2890.jpg,0,AnnualCrop,0,AnnualCrop,0.9999052286148071,True,42.490013,4.3975534
1109,C:\Users\DELL Precision 5550\Documents\GitHub\Terrasight-Eurosat-RGB-vs-Multispectral\data\raw\rgb\Pasture\Pasture_1743.jpg,5,Pasture,5,Pasture,0.9999948740005493,True,0.6160967,21.890953
1110,C:\Users\DELL Precision 5550\Documents\GitHub\Terrasight-Eurosat-RGB-vs-Multispectral\data\raw\rgb\SeaLake\SeaLake_2767.jpg,9,SeaLake,9,SeaLake,0.9996638298034668,True,-1.911194,46.869717
1111,C:\Users\DELL Precision 5550\Documents\GitHub\Terrasight-Eurosat-RGB-vs-Multispectral\data\raw\rgb\HerbaceousVegetation\HerbaceousVegetation_222.jpg,2,HerbaceousVegetation,2,HerbaceousVegetation,1.0,True,-24.785568,-10.048451
1112,C:\Users\DELL Precision 5550\Documents\GitHub\Terrasight-Eurosat-RGB-vs-Multispectral\data\raw\rgb\HerbaceousVegetation\HerbaceousVegetation_453.jpg,2,HerbaceousVegetation,2,HerbaceousVegetation,0.9999887943267822,True,-16.4174,-12.916598
1113,C:\Users\DELL Precision 5550\Documents\GitHub\Terrasight-Eurosat-RGB-vs-Multispectral\data\raw\rgb\Industrial\Industrial_1631.jpg,4,Industrial,3,Highway,0.8418129682540894,False,31.565554,-33.35775
1114,C:\Users\DELL Precision 5550\Documents\GitHub\Terrasight-Eurosat-RGB-vs-Multispectral\data\raw\rgb\Residential\Residential_1932.jpg,7,Residential,7,Residential,0.9886504411697388,True,-41.05037,-26.235672
1115,C:\Users\DELL Precision 5550\Documents\GitHub\Terrasight-Eurosat-RGB-vs-Multispectral\data\raw\rgb\Forest\Forest_1504.jpg,1,Forest,1,Forest,0.9999994039535522,True,-56.859562,13.741029
1116,C:\Users\DELL Precision 5550\Documents\GitHub\Terrasight-Eurosat-RGB-vs-Multispectral\data\raw\rgb\SeaLake\SeaLake_2275.jpg,9,SeaLake,9,SeaLake,0.9140159487724304,True,-11.042742,49.60297
1117,C:\Users\DELL Precision 5550\Documents\GitHub\Terrasight-Eurosat-RGB-vs-Multispectral\data\raw\rgb\Residential\Residential_2132.jpg,7,Residential,7,Residential,0.9999872446060181,True,-43.36712,-33.474976
1118,C:\Users\DELL Precision 5550\Documents\GitHub\Terrasight-Eurosat-RGB-vs-Multispectral\data\raw\rgb\HerbaceousVegetation\HerbaceousVegetation_166.jpg,2,HerbaceousVegetation,2,HerbaceousVegetation,0.9998605251312256,True,-14.557967,-13.23625
1119,C:\Users\DELL Precision 5550\Documents\GitHub\Terrasight-Eurosat-RGB-vs-Multispectral\data\raw\rgb\River\River_1191.jpg,8,River,8,River,0.9159287810325623,True,24.108635,16.616169
1120,C:\Users\DELL Precision 5550\Documents\GitHub\Terrasight-Eurosat-RGB-vs-Multispectral\data\raw\rgb\Residential\Residential_943.jpg,7,Residential,7,Residential,0.8887297511100769,True,-34.852272,-40.80859
1121,C:\Users\DELL Precision 5550\Documents\GitHub\Terrasight-Eurosat-RGB-vs-Multispectral\data\raw\rgb\Residential\Residential_54.jpg,7,Residential,7,Residential,0.521217405796051,True,-34.100163,-42.16725
1122,C:\Users\DELL Precision 5550\Documents\GitHub\Terrasight-Eurosat-RGB-vs-Multispectral\data\raw\rgb\Highway\Highway_2263.jpg,3,Highway,3,Highway,0.9994508624076843,True,41.405773,-32.799564
1123,C:\Users\DELL Precision 5550\Documents\GitHub\Terrasight-Eurosat-RGB-vs-Multispectral\data\raw\rgb\Highway\Highway_2447.jpg,3,Highway,3,Highway,0.999848484992981,True,49.80924,-27.207947
1124,C:\Users\DELL Precision 5550\Documents\GitHub\Terrasight-Eurosat-RGB-vs-Multispectral\data\raw\rgb\Residential\Residential_430.jpg,7,Residential,7,Residential,0.9924951791763306,True,-25.371048,-32.994087
1125,C:\Users\DELL Precision 5550\Documents\GitHub\Terrasight-Eurosat-RGB-vs-Multispectral\data\raw\rgb\HerbaceousVegetation\HerbaceousVegetation_2870.jpg,2,HerbaceousVegetation,2,HerbaceousVegetation,0.9996129870414734,True,-5.744521,-4.3366246
1126,C:\Users\DELL Precision 5550\Documents\GitHub\Terrasight-Eurosat-RGB-vs-Multispectral\data\raw\rgb\Pasture\Pasture_1909.jpg,5,Pasture,5,Pasture,0.643425464630127,True,-1.8234891,7.2028227
1127,C:\Users\DELL Precision 5550\Documents\GitHub\Terrasight-Eurosat-RGB-vs-Multispectral\data\raw\rgb\HerbaceousVegetation\HerbaceousVegetation_2854.jpg,2,HerbaceousVegetation,2,HerbaceousVegetation,0.9997920393943787,True,-18.060993,0.23925005
1128,C:\Users\DELL Precision 5550\Documents\GitHub\Terrasight-Eurosat-RGB-vs-Multispectral\data\raw\rgb\Forest\Forest_56.jpg,1,Forest,1,Forest,0.99998939037323,True,-48.0931,23.435225
1129,C:\Users\DELL Precision 5550\Documents\GitHub\Terrasight-Eurosat-RGB-vs-Multispectral\data\raw\rgb\Highway\Highway_1748.jpg,3,Highway,3,Highway,0.7583165168762207,True,32.540062,-24.245155
1130,C:\Users\DELL Precision 5550\Documents\GitHub\Terrasight-Eurosat-RGB-vs-Multispectral\data\raw\rgb\Highway\Highway_1565.jpg,3,Highway,3,Highway,0.999913215637207,True,39.53777,-36.250175
1131,C:\Users\DELL Precision 5550\Documents\GitHub\Terrasight-Eurosat-RGB-vs-Multispectral\data\raw\rgb\HerbaceousVegetation\HerbaceousVegetation_627.jpg,2,HerbaceousVegetation,2,HerbaceousVegetation,0.9988923668861389,True,-14.745989,0.079632536
1132,C:\Users\DELL Precision 5550\Documents\GitHub\Terrasight-Eurosat-RGB-vs-Multispectral\data\raw\rgb\PermanentCrop\PermanentCrop_2234.jpg,6,PermanentCrop,6,PermanentCrop,0.9689606428146362,True,14.89992,-8.846814
1133,C:\Users\DELL Precision 5550\Documents\GitHub\Terrasight-Eurosat-RGB-vs-Multispectral\data\raw\rgb\HerbaceousVegetation\HerbaceousVegetation_2604.jpg,2,HerbaceousVegetation,2,HerbaceousVegetation,0.9990052580833435,True,-18.576036,0.99899894
1134,C:\Users\DELL Precision 5550\Documents\GitHub\Terrasight-Eurosat-RGB-vs-Multispectral\data\raw\rgb\AnnualCrop\AnnualCrop_1200.jpg,0,AnnualCrop,0,AnnualCrop,0.9345729351043701,True,42.239273,12.736305
1135,C:\Users\DELL Precision 5550\Documents\GitHub\Terrasight-Eurosat-RGB-vs-Multispectral\data\raw\rgb\AnnualCrop\AnnualCrop_423.jpg,0,AnnualCrop,0,AnnualCrop,0.9990957975387573,True,39.863094,2.6282318
1136,C:\Users\DELL Precision 5550\Documents\GitHub\Terrasight-Eurosat-RGB-vs-Multispectral\data\raw\rgb\Industrial\Industrial_780.jpg,4,Industrial,4,Industrial,0.9999071359634399,True,3.1752892,-62.363804
1137,C:\Users\DELL Precision 5550\Documents\GitHub\Terrasight-Eurosat-RGB-vs-Multispectral\data\raw\rgb\River\River_183.jpg,8,River,8,River,0.9999966621398926,True,28.89578,36.62497
1138,C:\Users\DELL Precision 5550\Documents\GitHub\Terrasight-Eurosat-RGB-vs-Multispectral\data\raw\rgb\Pasture\Pasture_77.jpg,5,Pasture,5,Pasture,0.9891825318336487,True,3.101845,11.990611
1139,C:\Users\DELL Precision 5550\Documents\GitHub\Terrasight-Eurosat-RGB-vs-Multispectral\data\raw\rgb\Forest\Forest_31.jpg,1,Forest,1,Forest,0.9999850988388062,True,-46.936172,20.433504
1140,C:\Users\DELL Precision 5550\Documents\GitHub\Terrasight-Eurosat-RGB-vs-Multispectral\data\raw\rgb\Residential\Residential_275.jpg,7,Residential,7,Residential,0.9983853101730347,True,-42.45961,-38.09908
1141,C:\Users\DELL Precision 5550\Documents\GitHub\Terrasight-Eurosat-RGB-vs-Multispectral\data\raw\rgb\River\River_1729.jpg,8,River,8,River,0.9995701909065247,True,24.475727,24.366314
1142,C:\Users\DELL Precision 5550\Documents\GitHub\Terrasight-Eurosat-RGB-vs-Multispectral\data\raw\rgb\Highway\Highway_1093.jpg,3,Highway,3,Highway,0.9995988011360168,True,47.114807,-30.360012
1143,C:\Users\DELL Precision 5550\Documents\GitHub\Terrasight-Eurosat-RGB-vs-Multispectral\data\raw\rgb\Highway\Highway_848.jpg,3,Highway,3,Highway,0.958807110786438,True,38.87687,-21.528276
1144,C:\Users\DELL Precision 5550\Documents\GitHub\Terrasight-Eurosat-RGB-vs-Multispectral\data\raw\rgb\Residential\Residential_1972.jpg,7,Residential,7,Residential,0.9883253574371338,True,-39.08641,-39.203648
1145,C:\Users\DELL Precision 5550\Documents\GitHub\Terrasight-Eurosat-RGB-vs-Multispectral\data\raw\rgb\SeaLake\SeaLake_2266.jpg,9,SeaLake,9,SeaLake,0.9999250173568726,True,-9.616304,64.674324
1146,C:\Users\DELL Precision 5550\Documents\GitHub\Terrasight-Eurosat-RGB-vs-Multispectral\data\raw\rgb\SeaLake\SeaLake_1424.jpg,9,SeaLake,9,SeaLake,0.9999693632125854,True,-0.97616655,63.943207
1147,C:\Users\DELL Precision 5550\Documents\GitHub\Terrasight-Eurosat-RGB-vs-Multispectral\data\raw\rgb\AnnualCrop\AnnualCrop_2704.jpg,0,AnnualCrop,0,AnnualCrop,0.9999984502792358,True,51.50092,10.973115
1148,C:\Users\DELL Precision 5550\Documents\GitHub\Terrasight-Eurosat-RGB-vs-Multispectral\data\raw\rgb\Highway\Highway_1812.jpg,3,Highway,3,Highway,0.9999074935913086,True,40.768456,-35.064995
1149,C:\Users\DELL Precision 5550\Documents\GitHub\Terrasight-Eurosat-RGB-vs-Multispectral\data\raw\rgb\Residential\Residential_1652.jpg,7,Residential,7,Residential,0.9938976168632507,True,-43.34777,-40.321026
1150,C:\Users\DELL Precision 5550\Documents\GitHub\Terrasight-Eurosat-RGB-vs-Multispectral\data\raw\rgb\HerbaceousVegetation\HerbaceousVegetation_959.jpg,2,HerbaceousVegetation,2,HerbaceousVegetation,0.9885929822921753,True,-4.5898705,-11.007719
1151,C:\Users\DELL Precision 5550\Documents\GitHub\Terrasight-Eurosat-RGB-vs-Multispectral\data\raw\rgb\Forest\Forest_868.jpg,1,Forest,1,Forest,0.9999973773956299,True,-53.349644,9.642192
1152,C:\Users\DELL Precision 5550\Documents\GitHub\Terrasight-Eurosat-RGB-vs-Multispectral\data\raw\rgb\River\River_141.jpg,8,River,8,River,0.9970945119857788,True,22.580252,30.269516
1153,C:\Users\DELL Precision 5550\Documents\GitHub\Terrasight-Eurosat-RGB-vs-Multispectral\data\raw\rgb\Residential\Residential_2990.jpg,7,Residential,7,Residential,0.9999979734420776,True,-48.073166,-32.533905
1154,C:\Users\DELL Precision 5550\Documents\GitHub\Terrasight-Eurosat-RGB-vs-Multispectral\data\raw\rgb\Industrial\Industrial_1375.jpg,4,Industrial,4,Industrial,0.9994807839393616,True,0.11974897,-52.205517
1155,C:\Users\DELL Precision 5550\Documents\GitHub\Terrasight-Eurosat-RGB-vs-Multispectral\data\raw\rgb\HerbaceousVegetation\HerbaceousVegetation_971.jpg,2,HerbaceousVegetation,2,HerbaceousVegetation,0.9999998807907104,True,-22.839836,-9.865437
1156,C:\Users\DELL Precision 5550\Documents\GitHub\Terrasight-Eurosat-RGB-vs-Multispectral\data\raw\rgb\SeaLake\SeaLake_1804.jpg,9,SeaLake,9,SeaLake,0.9999418258666992,True,2.353772,46.471077
1157,C:\Users\DELL Precision 5550\Documents\GitHub\Terrasight-Eurosat-RGB-vs-Multispectral\data\raw\rgb\Forest\Forest_746.jpg,1,Forest,1,Forest,0.9999929666519165,True,-53.11325,12.863539
1158,C:\Users\DELL Precision 5550\Documents\GitHub\Terrasight-Eurosat-RGB-vs-Multispectral\data\raw\rgb\River\River_1941.jpg,8,River,8,River,0.9999947547912598,True,25.98588,34.620342
1159,C:\Users\DELL Precision 5550\Documents\GitHub\Terrasight-Eurosat-RGB-vs-Multispectral\data\raw\rgb\Residential\Residential_1994.jpg,7,Residential,7,Residential,0.9997609257698059,True,-40.77577,-36.45277
1160,C:\Users\DELL Precision 5550\Documents\GitHub\Terrasight-Eurosat-RGB-vs-Multispectral\data\raw\rgb\HerbaceousVegetation\HerbaceousVegetation_2657.jpg,2,HerbaceousVegetation,2,HerbaceousVegetation,0.9998654127120972,True,-17.9287,2.6107433
1161,C:\Users\DELL Precision 5550\Documents\GitHub\Terrasight-Eurosat-RGB-vs-Multispectral\data\raw\rgb\Industrial\Industrial_1086.jpg,4,Industrial,4,Industrial,0.9999758005142212,True,4.9247923,-55.15611
1162,C:\Users\DELL Precision 5550\Documents\GitHub\Terrasight-Eurosat-RGB-vs-Multispectral\data\raw\rgb\SeaLake\SeaLake_518.jpg,9,SeaLake,9,SeaLake,0.9995669722557068,True,-12.691695,58.530197
1163,C:\Users\DELL Precision 5550\Documents\GitHub\Terrasight-Eurosat-RGB-vs-Multispectral\data\raw\rgb\AnnualCrop\AnnualCrop_971.jpg,0,AnnualCrop,2,HerbaceousVegetation,0.9644947052001953,False,-12.758702,4.1930513
1164,C:\Users\DELL Precision 5550\Documents\GitHub\Terrasight-Eurosat-RGB-vs-Multispectral\data\raw\rgb\Residential\Residential_2494.jpg,7,Residential,7,Residential,0.8074002265930176,True,-32.380013,-28.259115
1165,C:\Users\DELL Precision 5550\Documents\GitHub\Terrasight-Eurosat-RGB-vs-Multispectral\data\raw\rgb\SeaLake\SeaLake_1622.jpg,9,SeaLake,9,SeaLake,0.9820258021354675,True,-7.2292404,46.566135
1166,C:\Users\DELL Precision 5550\Documents\GitHub\Terrasight-Eurosat-RGB-vs-Multispectral\data\raw\rgb\HerbaceousVegetation\HerbaceousVegetation_1419.jpg,2,HerbaceousVegetation,2,HerbaceousVegetation,0.9970906972885132,True,-8.899725,-1.0348645
1167,C:\Users\DELL Precision 5550\Documents\GitHub\Terrasight-Eurosat-RGB-vs-Multispectral\data\raw\rgb\HerbaceousVegetation\HerbaceousVegetation_1987.jpg,2,HerbaceousVegetation,2,HerbaceousVegetation,0.9998641014099121,True,-20.267216,1.6986128
1168,C:\Users\DELL Precision 5550\Documents\GitHub\Terrasight-Eurosat-RGB-vs-Multispectral\data\raw\rgb\Pasture\Pasture_890.jpg,5,Pasture,5,Pasture,0.5054629445075989,True,-1.4996405,7.778227
1169,C:\Users\DELL Precision 5550\Documents\GitHub\Terrasight-Eurosat-RGB-vs-Multispectral\data\raw\rgb\Highway\Highway_1654.jpg,3,Highway,3,Highway,0.7469449639320374,True,32.024906,-27.802252
1170,C:\Users\DELL Precision 5550\Documents\GitHub\Terrasight-Eurosat-RGB-vs-Multispectral\data\raw\rgb\Highway\Highway_223.jpg,3,Highway,3,Highway,0.9851604700088501,True,36.497284,-25.034344
1171,C:\Users\DELL Precision 5550\Documents\GitHub\Terrasight-Eurosat-RGB-vs-Multispectral\data\raw\rgb\Forest\Forest_1357.jpg,1,Forest,1,Forest,0.6147955060005188,True,-34.395084,20.239502
1172,C:\Users\DELL Precision 5550\Documents\GitHub\Terrasight-Eurosat-RGB-vs-Multispectral\data\raw\rgb\Highway\Highway_127.jpg,3,Highway,3,Highway,0.9881843328475952,True,42.66033,-21.520496
1173,C:\Users\DELL Precision 5550\Documents\GitHub\Terrasight-Eurosat-RGB-vs-Multispectral\data\raw\rgb\Forest\Forest_1238.jpg,1,Forest,1,Forest,1.0,True,-56.69931,10.139943
1174,C:\Users\DELL Precision 5550\Documents\GitHub\Terrasight-Eurosat-RGB-vs-Multispectral\data\raw\rgb\HerbaceousVegetation\HerbaceousVegetation_1869.jpg,2,HerbaceousVegetation,2,HerbaceousVegetation,0.9999799728393555,True,-15.015191,-11.683752
1175,C:\Users\DELL Precision 5550\Documents\GitHub\Terrasight-Eurosat-RGB-vs-Multispectral\data\raw\rgb\PermanentCrop\PermanentCrop_2211.jpg,6,PermanentCrop,2,HerbaceousVegetation,0.9568997621536255,False,2.864293,-6.9470816
1176,C:\Users\DELL Precision 5550\Documents\GitHub\Terrasight-Eurosat-RGB-vs-Multispectral\data\raw\rgb\Pasture\Pasture_1228.jpg,5,Pasture,5,Pasture,0.9628667831420898,True,8.577332,10.730391
1177,C:\Users\DELL Precision 5550\Documents\GitHub\Terrasight-Eurosat-RGB-vs-Multispectral\data\raw\rgb\River\River_1602.jpg,8,River,8,River,0.999715268611908,True,24.508308,24.08758
1178,C:\Users\DELL Precision 5550\Documents\GitHub\Terrasight-Eurosat-RGB-vs-Multispectral\data\raw\rgb\Residential\Residential_2044.jpg,7,Residential,7,Residential,0.9999682903289795,True,-46.75072,-34.720642
1179,C:\Users\DELL Precision 5550\Documents\GitHub\Terrasight-Eurosat-RGB-vs-Multispectral\data\raw\rgb\PermanentCrop\PermanentCrop_2461.jpg,6,PermanentCrop,6,PermanentCrop,0.9907987117767334,True,7.682549,-10.856858
1180,C:\Users\DELL Precision 5550\Documents\GitHub\Terrasight-Eurosat-RGB-vs-Multispectral\data\raw\rgb\Highway\Highway_1241.jpg,3,Highway,3,Highway,0.9999902248382568,True,50.792458,-31.345078
1181,C:\Users\DELL Precision 5550\Documents\GitHub\Terrasight-Eurosat-RGB-vs-Multispectral\data\raw\rgb\Industrial\Industrial_498.jpg,4,Industrial,4,Industrial,0.9851418733596802,True,-6.9900503,-50.36404
1182,C:\Users\DELL Precision 5550\Documents\GitHub\Terrasight-Eurosat-RGB-vs-Multispectral\data\raw\rgb\Residential\Residential_2402.jpg,7,Residential,7,Residential,0.9990917444229126,True,-36.989563,-35.775696
1183,C:\Users\DELL Precision 5550\Documents\GitHub\Terrasight-Eurosat-RGB-vs-Multispectral\data\raw\rgb\Residential\Residential_2433.jpg,7,Residential,7,Residential,0.9801581501960754,True,-32.56828,-34.54685
1184,C:\Users\DELL Precision 5550\Documents\GitHub\Terrasight-Eurosat-RGB-vs-Multispectral\data\raw\rgb\HerbaceousVegetation\HerbaceousVegetation_1537.jpg,2,HerbaceousVegetation,2,HerbaceousVegetation,0.9999850988388062,True,-22.638775,-0.56760776
1185,C:\Users\DELL Precision 5550\Documents\GitHub\Terrasight-Eurosat-RGB-vs-Multispectral\data\raw\rgb\Pasture\Pasture_1527.jpg,5,Pasture,5,Pasture,0.9999998807907104,True,-8.334874,25.28907
1186,C:\Users\DELL Precision 5550\Documents\GitHub\Terrasight-Eurosat-RGB-vs-Multispectral\data\raw\rgb\Forest\Forest_2313.jpg,1,Forest,1,Forest,0.9997649788856506,True,-43.624992,26.296366
1187,C:\Users\DELL Precision 5550\Documents\GitHub\Terrasight-Eurosat-RGB-vs-Multispectral\data\raw\rgb\Pasture\Pasture_429.jpg,5,Pasture,5,Pasture,0.9958055019378662,True,3.0173652,13.008773
1188,C:\Users\DELL Precision 5550\Documents\GitHub\Terrasight-Eurosat-RGB-vs-Multispectral\data\raw\rgb\HerbaceousVegetation\HerbaceousVegetation_1649.jpg,2,HerbaceousVegetation,2,HerbaceousVegetation,0.9998034834861755,True,-14.938937,-6.080066
1189,C:\Users\DELL Precision 5550\Documents\GitHub\Terrasight-Eurosat-RGB-vs-Multispectral\data\raw\rgb\Forest\Forest_817.jpg,1,Forest,1,Forest,0.9954721927642822,True,-41.180428,24.283974
1190,C:\Users\DELL Precision 5550\Documents\GitHub\Terrasight-Eurosat-RGB-vs-Multispectral\data\raw\rgb\AnnualCrop\AnnualCrop_218.jpg,0,AnnualCrop,0,AnnualCrop,0.9910764694213867,True,31.731213,3.4637325
1191,C:\Users\DELL Precision 5550\Documents\GitHub\Terrasight-Eurosat-RGB-vs-Multispectral\data\raw\rgb\Highway\Highway_100.jpg,3,Highway,3,Highway,0.9956614375114441,True,35.32416,-24.199379
1192,C:\Users\DELL Precision 5550\Documents\GitHub\Terrasight-Eurosat-RGB-vs-Multispectral\data\raw\rgb\Industrial\Industrial_2406.jpg,4,Industrial,4,Industrial,0.9998887777328491,True,7.1269107,-59.048447
1193,C:\Users\DELL Precision 5550\Documents\GitHub\Terrasight-Eurosat-RGB-vs-Multispectral\data\raw\rgb\SeaLake\SeaLake_446.jpg,9,SeaLake,9,SeaLake,0.9944939017295837,True,-7.37488,50.708656
1194,C:\Users\DELL Precision 5550\Documents\GitHub\Terrasight-Eurosat-RGB-vs-Multispectral\data\raw\rgb\Highway\Highway_914.jpg,3,Highway,3,Highway,0.988864541053772,True,35.410908,-28.205929
1195,C:\Users\DELL Precision 5550\Documents\GitHub\Terrasight-Eurosat-RGB-vs-Multispectral\data\raw\rgb\PermanentCrop\PermanentCrop_643.jpg,6,PermanentCrop,6,PermanentCrop,0.9886288642883301,True,14.814592,-10.379385
1196,C:\Users\DELL Precision 5550\Documents\GitHub\Terrasight-Eurosat-RGB-vs-Multispectral\data\raw\rgb\Forest\Forest_2656.jpg,1,Forest,1,Forest,0.9999067783355713,True,-32.963726,23.164108
1197,C:\Users\DELL Precision 5550\Documents\GitHub\Terrasight-Eurosat-RGB-vs-Multispectral\data\raw\rgb\Pasture\Pasture_1838.jpg,5,Pasture,5,Pasture,0.9999876022338867,True,-0.41324762,20.984806
1198,C:\Users\DELL Precision 5550\Documents\GitHub\Terrasight-Eurosat-RGB-vs-Multispectral\data\raw\rgb\Forest\Forest_1342.jpg,1,Forest,1,Forest,0.9999996423721313,True,-55.15119,12.558546
1199,C:\Users\DELL Precision 5550\Documents\GitHub\Terrasight-Eurosat-RGB-vs-Multispectral\data\raw\rgb\Industrial\Industrial_1315.jpg,4,Industrial,4,Industrial,0.9998635053634644,True,5.3101845,-58.048477
1200,C:\Users\DELL Precision 5550\Documents\GitHub\Terrasight-Eurosat-RGB-vs-Multispectral\data\raw\rgb\Industrial\Industrial_174.jpg,4,Industrial,4,Industrial,0.9966069459915161,True,-5.4423313,-53.228695
1201,C:\Users\DELL Precision 5550\Documents\GitHub\Terrasight-Eurosat-RGB-vs-Multispectral\data\raw\rgb\Residential\Residential_453.jpg,7,Residential,7,Residential,0.981002688407898,True,-26.686354,-34.773857
1202,C:\Users\DELL Precision 5550\Documents\GitHub\Terrasight-Eurosat-RGB-vs-Multispectral\data\raw\rgb\AnnualCrop\AnnualCrop_1127.jpg,0,AnnualCrop,0,AnnualCrop,0.9999991655349731,True,58.054195,5.749871
1203,C:\Users\DELL Precision 5550\Documents\GitHub\Terrasight-Eurosat-RGB-vs-Multispectral\data\raw\rgb\SeaLake\SeaLake_2989.jpg,9,SeaLake,9,SeaLake,0.9998511075973511,True,-12.072383,61.622242
1204,C:\Users\DELL Precision 5550\Documents\GitHub\Terrasight-Eurosat-RGB-vs-Multispectral\data\raw\rgb\Pasture\Pasture_106.jpg,5,Pasture,5,Pasture,0.9998025298118591,True,2.9959524,16.497583
1205,C:\Users\DELL Precision 5550\Documents\GitHub\Terrasight-Eurosat-RGB-vs-Multispectral\data\raw\rgb\River\River_2256.jpg,8,River,8,River,0.9945161938667297,True,25.435308,20.22131
1206,C:\Users\DELL Precision 5550\Documents\GitHub\Terrasight-Eurosat-RGB-vs-Multispectral\data\raw\rgb\SeaLake\SeaLake_533.jpg,9,SeaLake,9,SeaLake,0.9995774626731873,True,-0.006909988,46.99785
1207,C:\Users\DELL Precision 5550\Documents\GitHub\Terrasight-Eurosat-RGB-vs-Multispectral\data\raw\rgb\Forest\Forest_1116.jpg,1,Forest,1,Forest,0.9999353885650635,True,-42.932526,17.354805
1208,C:\Users\DELL Precision 5550\Documents\GitHub\Terrasight-Eurosat-RGB-vs-Multispectral\data\raw\rgb\HerbaceousVegetation\HerbaceousVegetation_335.jpg,2,HerbaceousVegetation,2,HerbaceousVegetation,0.99345463514328,True,-6.8797326,-8.144264
1209,C:\Users\DELL Precision 5550\Documents\GitHub\Terrasight-Eurosat-RGB-vs-Multispectral\data\raw\rgb\HerbaceousVegetation\HerbaceousVegetation_181.jpg,2,HerbaceousVegetation,2,HerbaceousVegetation,0.9999924898147583,True,-22.673834,-2.4234354
1210,C:\Users\DELL Precision 5550\Documents\GitHub\Terrasight-Eurosat-RGB-vs-Multispectral\data\raw\rgb\AnnualCrop\AnnualCrop_1236.jpg,0,AnnualCrop,0,AnnualCrop,0.9998070597648621,True,39.03218,5.139745
1211,C:\Users\DELL Precision 5550\Documents\GitHub\Terrasight-Eurosat-RGB-vs-Multispectral\data\raw\rgb\Forest\Forest_1391.jpg,1,Forest,1,Forest,0.9994509816169739,True,-43.3982,22.367998
1212,C:\Users\DELL Precision 5550\Documents\GitHub\Terrasight-Eurosat-RGB-vs-Multispectral\data\raw\rgb\Highway\Highway_1988.jpg,3,Highway,3,Highway,0.9984837174415588,True,46.26245,-27.976889
1213,C:\Users\DELL Precision 5550\Documents\GitHub\Terrasight-Eurosat-RGB-vs-Multispectral\data\raw\rgb\Forest\Forest_2492.jpg,1,Forest,1,Forest,0.9999957084655762,True,-52.02475,21.854298
1214,C:\Users\DELL Precision 5550\Documents\GitHub\Terrasight-Eurosat-RGB-vs-Multispectral\data\raw\rgb\AnnualCrop\AnnualCrop_758.jpg,0,AnnualCrop,0,AnnualCrop,0.9985735416412354,True,37.402798,9.363042
1215,C:\Users\DELL Precision 5550\Documents\GitHub\Terrasight-Eurosat-RGB-vs-Multispectral\data\raw\rgb\Pasture\Pasture_1278.jpg,5,Pasture,5,Pasture,0.9997766613960266,True,2.7859426,18.67673
1216,C:\Users\DELL Precision 5550\Documents\GitHub\Terrasight-Eurosat-RGB-vs-Multispectral\data\raw\rgb\River\River_107.jpg,8,River,8,River,0.999997615814209,True,30.669151,36.22499
1217,C:\Users\DELL Precision 5550\Documents\GitHub\Terrasight-Eurosat-RGB-vs-Multispectral\data\raw\rgb\SeaLake\SeaLake_1752.jpg,9,SeaLake,9,SeaLake,0.9989781379699707,True,-2.7296433,57.83872
1218,C:\Users\DELL Precision 5550\Documents\GitHub\Terrasight-Eurosat-RGB-vs-Multispectral\data\raw\rgb\Highway\Highway_2428.jpg,3,Highway,3,Highway,0.9984037280082703,True,35.241974,-34.36924
1219,C:\Users\DELL Precision 5550\Documents\GitHub\Terrasight-Eurosat-RGB-vs-Multispectral\data\raw\rgb\HerbaceousVegetation\HerbaceousVegetation_1559.jpg,2,HerbaceousVegetation,2,HerbaceousVegetation,0.9999991655349731,True,-20.709396,-10.536707
1220,C:\Users\DELL Precision 5550\Documents\GitHub\Terrasight-Eurosat-RGB-vs-Multispectral\data\raw\rgb\SeaLake\SeaLake_1495.jpg,9,SeaLake,9,SeaLake,0.9971566200256348,True,-6.116162,48.85515
1221,C:\Users\DELL Precision 5550\Documents\GitHub\Terrasight-Eurosat-RGB-vs-Multispectral\data\raw\rgb\AnnualCrop\AnnualCrop_1782.jpg,0,AnnualCrop,0,AnnualCrop,0.9960867166519165,True,36.988537,3.896219
1222,C:\Users\DELL Precision 5550\Documents\GitHub\Terrasight-Eurosat-RGB-vs-Multispectral\data\raw\rgb\Highway\Highway_488.jpg,3,Highway,3,Highway,0.998115062713623,True,43.449444,-33.631516
1223,C:\Users\DELL Precision 5550\Documents\GitHub\Terrasight-Eurosat-RGB-vs-Multispectral\data\raw\rgb\SeaLake\SeaLake_1619.jpg,9,SeaLake,9,SeaLake,0.9995284080505371,True,-15.016489,57.226894
1224,C:\Users\DELL Precision 5550\Documents\GitHub\Terrasight-Eurosat-RGB-vs-Multispectral\data\raw\rgb\HerbaceousVegetation\HerbaceousVegetation_148.jpg,2,HerbaceousVegetation,2,HerbaceousVegetation,0.9999996423721313,True,-22.879824,-9.380871
1225,C:\Users\DELL Precision 5550\Documents\GitHub\Terrasight-Eurosat-RGB-vs-Multispectral\data\raw\rgb\HerbaceousVegetation\HerbaceousVegetation_2206.jpg,2,HerbaceousVegetation,6,PermanentCrop,0.5328126549720764,False,0.6449867,-16.142097
1226,C:\Users\DELL Precision 5550\Documents\GitHub\Terrasight-Eurosat-RGB-vs-Multispectral\data\raw\rgb\River\River_1969.jpg,8,River,8,River,0.9999747276306152,True,29.7124,37.51086
1227,C:\Users\DELL Precision 5550\Documents\GitHub\Terrasight-Eurosat-RGB-vs-Multispectral\data\raw\rgb\HerbaceousVegetation\HerbaceousVegetation_2289.jpg,2,HerbaceousVegetation,2,HerbaceousVegetation,0.9978485107421875,True,-4.956231,-2.420928
1228,C:\Users\DELL Precision 5550\Documents\GitHub\Terrasight-Eurosat-RGB-vs-Multispectral\data\raw\rgb\Residential\Residential_114.jpg,7,Residential,7,Residential,0.9881502389907837,True,-36.32092,-38.20279
1229,C:\Users\DELL Precision 5550\Documents\GitHub\Terrasight-Eurosat-RGB-vs-Multispectral\data\raw\rgb\AnnualCrop\AnnualCrop_1043.jpg,0,AnnualCrop,0,AnnualCrop,0.99689120054245,True,36.15068,0.10448601
1230,C:\Users\DELL Precision 5550\Documents\GitHub\Terrasight-Eurosat-RGB-vs-Multispectral\data\raw\rgb\HerbaceousVegetation\HerbaceousVegetation_1635.jpg,2,HerbaceousVegetation,2,HerbaceousVegetation,0.9999080896377563,True,-20.941166,-5.2628903
1231,C:\Users\DELL Precision 5550\Documents\GitHub\Terrasight-Eurosat-RGB-vs-Multispectral\data\raw\rgb\AnnualCrop\AnnualCrop_912.jpg,0,AnnualCrop,0,AnnualCrop,0.9999902248382568,True,52.90356,7.3651824
1232,C:\Users\DELL Precision 5550\Documents\GitHub\Terrasight-Eurosat-RGB-vs-Multispectral\data\raw\rgb\HerbaceousVegetation\HerbaceousVegetation_1063.jpg,2,HerbaceousVegetation,2,HerbaceousVegetation,0.9999960660934448,True,-16.884132,-4.3548503
1233,C:\Users\DELL Precision 5550\Documents\GitHub\Terrasight-Eurosat-RGB-vs-Multispectral\data\raw\rgb\AnnualCrop\AnnualCrop_2015.jpg,0,AnnualCrop,0,AnnualCrop,0.9999995231628418,True,51.80135,11.835583
1234,C:\Users\DELL Precision 5550\Documents\GitHub\Terrasight-Eurosat-RGB-vs-Multispectral\data\raw\rgb\AnnualCrop\AnnualCrop_1112.jpg,0,AnnualCrop,0,AnnualCrop,0.9999465942382812,True,43.72675,2.929676
1235,C:\Users\DELL Precision 5550\Documents\GitHub\Terrasight-Eurosat-RGB-vs-Multispectral\data\raw\rgb\HerbaceousVegetation\HerbaceousVegetation_2368.jpg,2,HerbaceousVegetation,2,HerbaceousVegetation,0.9997208714485168,True,-21.189348,5.2881293
1236,C:\Users\DELL Precision 5550\Documents\GitHub\Terrasight-Eurosat-RGB-vs-Multispectral\data\raw\rgb\River\River_1212.jpg,8,River,8,River,0.9994720816612244,True,25.381134,30.524965
1237,C:\Users\DELL Precision 5550\Documents\GitHub\Terrasight-Eurosat-RGB-vs-Multispectral\data\raw\rgb\Residential\Residential_1435.jpg,7,Residential,7,Residential,0.44015970826148987,True,-24.805277,-40.007046
1238,C:\Users\DELL Precision 5550\Documents\GitHub\Terrasight-Eurosat-RGB-vs-Multispectral\data\raw\rgb\Residential\Residential_415.jpg,7,Residential,7,Residential,0.9991610050201416,True,-37.390156,-30.539284
1239,C:\Users\DELL Precision 5550\Documents\GitHub\Terrasight-Eurosat-RGB-vs-Multispectral\data\raw\rgb\PermanentCrop\PermanentCrop_822.jpg,6,PermanentCrop,6,PermanentCrop,0.9965201616287231,True,4.4731255,-17.446524
1240,C:\Users\DELL Precision 5550\Documents\GitHub\Terrasight-Eurosat-RGB-vs-Multispectral\data\raw\rgb\Forest\Forest_1771.jpg,1,Forest,1,Forest,0.9955149292945862,True,-41.883923,29.15837
1241,C:\Users\DELL Precision 5550\Documents\GitHub\Terrasight-Eurosat-RGB-vs-Multispectral\data\raw\rgb\Pasture\Pasture_1625.jpg,5,Pasture,5,Pasture,0.9999966621398926,True,-7.3785834,23.575949
1242,C:\Users\DELL Precision 5550\Documents\GitHub\Terrasight-Eurosat-RGB-vs-Multispectral\data\raw\rgb\Pasture\Pasture_1645.jpg,5,Pasture,5,Pasture,0.9971247315406799,True,0.20854983,18.957811
1243,C:\Users\DELL Precision 5550\Documents\GitHub\Terrasight-Eurosat-RGB-vs-Multispectral\data\raw\rgb\HerbaceousVegetation\HerbaceousVegetation_1993.jpg,2,HerbaceousVegetation,2,HerbaceousVegetation,0.9998056292533875,True,-18.396406,3.3107293
1244,C:\Users\DELL Precision 5550\Documents\GitHub\Terrasight-Eurosat-RGB-vs-Multispectral\data\raw\rgb\Highway\Highway_2279.jpg,3,Highway,3,Highway,0.9908191561698914,True,32.821762,-31.192917
1245,C:\Users\DELL Precision 5550\Documents\GitHub\Terrasight-Eurosat-RGB-vs-Multispectral\data\raw\rgb\Forest\Forest_24.jpg,1,Forest,1,Forest,0.9999997615814209,True,-54.442543,21.759209
1246,C:\Users\DELL Precision 5550\Documents\GitHub\Terrasight-Eurosat-RGB-vs-Multispectral\data\raw\rgb\Residential\Residential_2312.jpg,7,Residential,7,Residential,0.9999902248382568,True,-45.02065,-33.763714
1247,C:\Users\DELL Precision 5550\Documents\GitHub\Terrasight-Eurosat-RGB-vs-Multispectral\data\raw\rgb\PermanentCrop\PermanentCrop_726.jpg,6,PermanentCrop,6,PermanentCrop,0.9813312292098999,True,12.916571,-8.101632
1248,C:\Users\DELL Precision 5550\Documents\GitHub\Terrasight-Eurosat-RGB-vs-Multispectral\data\raw\rgb\HerbaceousVegetation\HerbaceousVegetation_2054.jpg,2,HerbaceousVegetation,2,HerbaceousVegetation,0.9772103428840637,True,-7.5061955,-10.068306
1249,C:\Users\DELL Precision 5550\Documents\GitHub\Terrasight-Eurosat-RGB-vs-Multispectral\data\raw\rgb\HerbaceousVegetation\HerbaceousVegetation_1730.jpg,2,HerbaceousVegetation,2,HerbaceousVegetation,0.9999978542327881,True,-20.59103,-8.267702
1250,C:\Users\DELL Precision 5550\Documents\GitHub\Terrasight-Eurosat-RGB-vs-Multispectral\data\raw\rgb\Industrial\Industrial_1098.jpg,4,Industrial,4,Industrial,0.9999874830245972,True,5.4963436,-64.07728
1251,C:\Users\DELL Precision 5550\Documents\GitHub\Terrasight-Eurosat-RGB-vs-Multispectral\data\raw\rgb\SeaLake\SeaLake_862.jpg,9,SeaLake,9,SeaLake,0.9974345564842224,True,-5.0048995,55.206375
1252,C:\Users\DELL Precision 5550\Documents\GitHub\Terrasight-Eurosat-RGB-vs-Multispectral\data\raw\rgb\HerbaceousVegetation\HerbaceousVegetation_2213.jpg,2,HerbaceousVegetation,2,HerbaceousVegetation,0.9999983310699463,True,-24.755657,1.9415268
1253,C:\Users\DELL Precision 5550\Documents\GitHub\Terrasight-Eurosat-RGB-vs-Multispectral\data\raw\rgb\AnnualCrop\AnnualCrop_1695.jpg,0,AnnualCrop,0,AnnualCrop,0.9999986886978149,True,57.26868,5.0512214
1254,C:\Users\DELL Precision 5550\Documents\GitHub\Terrasight-Eurosat-RGB-vs-Multispectral\data\raw\rgb\Highway\Highway_2080.jpg,3,Highway,3,Highway,0.999800980091095,True,46.970963,-29.277567
1255,C:\Users\DELL Precision 5550\Documents\GitHub\Terrasight-Eurosat-RGB-vs-Multispectral\data\raw\rgb\Industrial\Industrial_2372.jpg,4,Industrial,4,Industrial,0.9977864027023315,True,-3.8118775,-55.20882
1256,C:\Users\DELL Precision 5550\Documents\GitHub\Terrasight-Eurosat-RGB-vs-Multispectral\data\raw\rgb\Highway\Highway_1765.jpg,3,Highway,3,Highway,0.9999366998672485,True,43.641624,-37.159576
1257,C:\Users\DELL Precision 5550\Documents\GitHub\Terrasight-Eurosat-RGB-vs-Multispectral\data\raw\rgb\Residential\Residential_2463.jpg,7,Residential,7,Residential,0.9997101426124573,True,-31.072443,-30.77435
1258,C:\Users\DELL Precision 5550\Documents\GitHub\Terrasight-Eurosat-RGB-vs-Multispectral\data\raw\rgb\Forest\Forest_1564.jpg,1,Forest,1,Forest,0.9996684789657593,True,-41.291977,29.50842
1259,C:\Users\DELL Precision 5550\Documents\GitHub\Terrasight-Eurosat-RGB-vs-Multispectral\data\raw\rgb\AnnualCrop\AnnualCrop_1972.jpg,0,AnnualCrop,0,AnnualCrop,0.9999791383743286,True,49.22711,3.030256
1260,C:\Users\DELL Precision 5550\Documents\GitHub\Terrasight-Eurosat-RGB-vs-Multispectral\data\raw\rgb\Highway\Highway_323.jpg,3,Highway,3,Highway,0.9956299066543579,True,35.849392,-27.188694
1261,C:\Users\DELL Precision 5550\Documents\GitHub\Terrasight-Eurosat-RGB-vs-Multispectral\data\raw\rgb\PermanentCrop\PermanentCrop_320.jpg,6,PermanentCrop,6,PermanentCrop,0.9345738887786865,True,3.8834028,-10.921712
1262,C:\Users\DELL Precision 5550\Documents\GitHub\Terrasight-Eurosat-RGB-vs-Multispectral\data\raw\rgb\HerbaceousVegetation\HerbaceousVegetation_94.jpg,2,HerbaceousVegetation,2,HerbaceousVegetation,1.0,True,-20.79378,-11.044811
1263,C:\Users\DELL Precision 5550\Documents\GitHub\Terrasight-Eurosat-RGB-vs-Multispectral\data\raw\rgb\Forest\Forest_497.jpg,1,Forest,1,Forest,0.9978169202804565,True,-38.753014,23.957258
1264,C:\Users\DELL Precision 5550\Documents\GitHub\Terrasight-Eurosat-RGB-vs-Multispectral\data\raw\rgb\Industrial\Industrial_723.jpg,4,Industrial,4,Industrial,0.999974250793457,True,8.157818,-57.352802
1265,C:\Users\DELL Precision 5550\Documents\GitHub\Terrasight-Eurosat-RGB-vs-Multispectral\data\raw\rgb\Highway\Highway_2159.jpg,3,Highway,3,Highway,0.9923999309539795,True,42.210926,-28.423862
1266,C:\Users\DELL Precision 5550\Documents\GitHub\Terrasight-Eurosat-RGB-vs-Multispectral\data\raw\rgb\HerbaceousVegetation\HerbaceousVegetation_2790.jpg,2,HerbaceousVegetation,2,HerbaceousVegetation,0.999823272228241,True,-14.861283,-1.3140973
1267,C:\Users\DELL Precision 5550\Documents\GitHub\Terrasight-Eurosat-RGB-vs-Multispectral\data\raw\rgb\Industrial\Industrial_362.jpg,4,Industrial,4,Industrial,0.9984027743339539,True,-1.3323231,-60.63166
1268,C:\Users\DELL Precision 5550\Documents\GitHub\Terrasight-Eurosat-RGB-vs-Multispectral\data\raw\rgb\AnnualCrop\AnnualCrop_572.jpg,0,AnnualCrop,0,AnnualCrop,0.9999946355819702,True,53.081684,4.6679273
1269,C:\Users\DELL Precision 5550\Documents\GitHub\Terrasight-Eurosat-RGB-vs-Multispectral\data\raw\rgb\Residential\Residential_675.jpg,7,Residential,7,Residential,0.9767821431159973,True,-30.781616,-37.602375
1270,C:\Users\DELL Precision 5550\Documents\GitHub\Terrasight-Eurosat-RGB-vs-Multispectral\data\raw\rgb\Highway\Highway_1387.jpg,3,Highway,3,Highway,0.994255006313324,True,42.727844,-28.453981
1271,C:\Users\DELL Precision 5550\Documents\GitHub\Terrasight-Eurosat-RGB-vs-Multispectral\data\raw\rgb\Pasture\Pasture_1470.jpg,5,Pasture,5,Pasture,0.9487894177436829,True,-0.039117005,8.968994
1272,C:\Users\DELL Precision 5550\Documents\GitHub\Terrasight-Eurosat-RGB-vs-Multispectral\data\raw\rgb\Highway\Highway_425.jpg,3,Highway,3,Highway,0.9999533891677856,True,41.36497,-34.06473
1273,C:\Users\DELL Precision 5550\Documents\GitHub\Terrasight-Eurosat-RGB-vs-Multispectral\data\raw\rgb\River\River_869.jpg,8,River,8,River,0.9999711513519287,True,23.968391,35.348763
1274,C:\Users\DELL Precision 5550\Documents\GitHub\Terrasight-Eurosat-RGB-vs-Multispectral\data\raw\rgb\Forest\Forest_1059.jpg,1,Forest,1,Forest,0.9989967942237854,True,-41.556324,22.47161
1275,C:\Users\DELL Precision 5550\Documents\GitHub\Terrasight-Eurosat-RGB-vs-Multispectral\data\raw\rgb\River\River_1431.jpg,8,River,8,River,0.9999687671661377,True,26.216759,28.063515
1276,C:\Users\DELL Precision 5550\Documents\GitHub\Terrasight-Eurosat-RGB-vs-Multispectral\data\raw\rgb\PermanentCrop\PermanentCrop_1304.jpg,6,PermanentCrop,6,PermanentCrop,0.9850507974624634,True,9.704533,-9.285208
1277,C:\Users\DELL Precision 5550\Documents\GitHub\Terrasight-Eurosat-RGB-vs-Multispectral\data\raw\rgb\River\River_1311.jpg,8,River,8,River,0.9999881982803345,True,27.334234,31.894318
1278,C:\Users\DELL Precision 5550\Documents\GitHub\Terrasight-Eurosat-RGB-vs-Multispectral\data\raw\rgb\HerbaceousVegetation\HerbaceousVegetation_1548.jpg,2,HerbaceousVegetation,2,HerbaceousVegetation,0.9999990463256836,True,-17.644085,-9.800868
1279,C:\Users\DELL Precision 5550\Documents\GitHub\Terrasight-Eurosat-RGB-vs-Multispectral\data\raw\rgb\Forest\Forest_2427.jpg,1,Forest,1,Forest,1.0,True,-55.277897,10.071267
1280,C:\Users\DELL Precision 5550\Documents\GitHub\Terrasight-Eurosat-RGB-vs-Multispectral\data\raw\rgb\River\River_786.jpg,8,River,8,River,0.827528715133667,True,29.209196,18.747412
1281,C:\Users\DELL Precision 5550\Documents\GitHub\Terrasight-Eurosat-RGB-vs-Multispectral\data\raw\rgb\Industrial\Industrial_828.jpg,4,Industrial,4,Industrial,0.9167928695678711,True,4.6679697,-47.431717
1282,C:\Users\DELL Precision 5550\Documents\GitHub\Terrasight-Eurosat-RGB-vs-Multispectral\data\raw\rgb\Pasture\Pasture_1309.jpg,5,Pasture,5,Pasture,0.6721371412277222,True,-0.51924676,6.1774673
1283,C:\Users\DELL Precision 5550\Documents\GitHub\Terrasight-Eurosat-RGB-vs-Multispectral\data\raw\rgb\HerbaceousVegetation\HerbaceousVegetation_1430.jpg,2,HerbaceousVegetation,2,HerbaceousVegetation,0.9998094439506531,True,-20.437227,-0.5676057
1284,C:\Users\DELL Precision 5550\Documents\GitHub\Terrasight-Eurosat-RGB-vs-Multispectral\data\raw\rgb\AnnualCrop\AnnualCrop_229.jpg,0,AnnualCrop,0,AnnualCrop,0.9991821646690369,True,37.370747,1.1119063
1285,C:\Users\DELL Precision 5550\Documents\GitHub\Terrasight-Eurosat-RGB-vs-Multispectral\data\raw\rgb\Residential\Residential_1723.jpg,7,Residential,7,Residential,0.9952487349510193,True,-27.679617,-34.346806
1286,C:\Users\DELL Precision 5550\Documents\GitHub\Terrasight-Eurosat-RGB-vs-Multispectral\data\raw\rgb\Industrial\Industrial_864.jpg,4,Industrial,4,Industrial,0.9994805455207825,True,-1.0880458,-58.30699
1287,C:\Users\DELL Precision 5550\Documents\GitHub\Terrasight-Eurosat-RGB-vs-Multispectral\data\raw\rgb\Forest\Forest_2240.jpg,1,Forest,1,Forest,0.9999990463256836,True,-55.245365,19.541298
1288,C:\Users\DELL Precision 5550\Documents\GitHub\Terrasight-Eurosat-RGB-vs-Multispectral\data\raw\rgb\HerbaceousVegetation\HerbaceousVegetation_1827.jpg,2,HerbaceousVegetation,2,HerbaceousVegetation,0.999966025352478,True,-21.44906,2.2868235
1289,C:\Users\DELL Precision 5550\Documents\GitHub\Terrasight-Eurosat-RGB-vs-Multispectral\data\raw\rgb\PermanentCrop\PermanentCrop_805.jpg,6,PermanentCrop,6,PermanentCrop,0.9890884160995483,True,2.919635,-19.28968
1290,C:\Users\DELL Precision 5550\Documents\GitHub\Terrasight-Eurosat-RGB-vs-Multispectral\data\raw\rgb\Residential\Residential_289.jpg,7,Residential,7,Residential,0.9896107912063599,True,-25.84406,-32.782207
1291,C:\Users\DELL Precision 5550\Documents\GitHub\Terrasight-Eurosat-RGB-vs-Multispectral\data\raw\rgb\Residential\Residential_2638.jpg,7,Residential,7,Residential,0.963615894317627,True,-28.293917,-31.17604
1292,C:\Users\DELL Precision 5550\Documents\GitHub\Terrasight-Eurosat-RGB-vs-Multispectral\data\raw\rgb\HerbaceousVegetation\HerbaceousVegetation_2785.jpg,2,HerbaceousVegetation,6,PermanentCrop,0.5370567440986633,False,0.18946698,-13.341771
1293,C:\Users\DELL Precision 5550\Documents\GitHub\Terrasight-Eurosat-RGB-vs-Multispectral\data\raw\rgb\AnnualCrop\AnnualCrop_879.jpg,0,AnnualCrop,8,River,0.5825150609016418,False,26.357998,11.544507
1294,C:\Users\DELL Precision 5550\Documents\GitHub\Terrasight-Eurosat-RGB-vs-Multispectral\data\raw\rgb\Residential\Residential_37.jpg,7,Residential,7,Residential,0.9955482482910156,True,-45.00248,-39.972836
1295,C:\Users\DELL Precision 5550\Documents\GitHub\Terrasight-Eurosat-RGB-vs-Multispectral\data\raw\rgb\SeaLake\SeaLake_1237.jpg,9,SeaLake,9,SeaLake,0.9997501969337463,True,3.76203,49.094
1296,C:\Users\DELL Precision 5550\Documents\GitHub\Terrasight-Eurosat-RGB-vs-Multispectral\data\raw\rgb\Industrial\Industrial_235.jpg,4,Industrial,4,Industrial,0.9449602961540222,True,-5.394122,-59.37016
1297,C:\Users\DELL Precision 5550\Documents\GitHub\Terrasight-Eurosat-RGB-vs-Multispectral\data\raw\rgb\HerbaceousVegetation\HerbaceousVegetation_441.jpg,2,HerbaceousVegetation,2,HerbaceousVegetation,0.9998425245285034,True,-20.358433,0.8313066
1298,C:\Users\DELL Precision 5550\Documents\GitHub\Terrasight-Eurosat-RGB-vs-Multispectral\data\raw\rgb\Highway\Highway_1489.jpg,3,Highway,3,Highway,0.9991142153739929,True,41.702824,-26.946056
1299,C:\Users\DELL Precision 5550\Documents\GitHub\Terrasight-Eurosat-RGB-vs-Multispectral\data\raw\rgb\HerbaceousVegetation\HerbaceousVegetation_1754.jpg,2,HerbaceousVegetation,2,HerbaceousVegetation,0.9998975992202759,True,-21.252699,3.1892347
1300,C:\Users\DELL Precision 5550\Documents\GitHub\Terrasight-Eurosat-RGB-vs-Multispectral\data\raw\rgb\River\River_172.jpg,8,River,8,River,0.9999966621398926,True,29.99785,35.395588
1301,C:\Users\DELL Precision 5550\Documents\GitHub\Terrasight-Eurosat-RGB-vs-Multispectral\data\raw\rgb\HerbaceousVegetation\HerbaceousVegetation_2228.jpg,2,HerbaceousVegetation,2,HerbaceousVegetation,0.9999516010284424,True,-16.829733,-3.6120572
1302,C:\Users\DELL Precision 5550\Documents\GitHub\Terrasight-Eurosat-RGB-vs-Multispectral\data\raw\rgb\SeaLake\SeaLake_608.jpg,9,SeaLake,9,SeaLake,0.9998400211334229,True,-9.963309,62.014057
1303,C:\Users\DELL Precision 5550\Documents\GitHub\Terrasight-Eurosat-RGB-vs-Multispectral\data\raw\rgb\HerbaceousVegetation\HerbaceousVegetation_86.jpg,2,HerbaceousVegetation,2,HerbaceousVegetation,0.9999539852142334,True,-14.3146515,-8.241871
1304,C:\Users\DELL Precision 5550\Documents\GitHub\Terrasight-Eurosat-RGB-vs-Multispectral\data\raw\rgb\Pasture\Pasture_1653.jpg,5,Pasture,5,Pasture,0.5498167276382446,True,1.1950203,7.277517
1305,C:\Users\DELL Precision 5550\Documents\GitHub\Terrasight-Eurosat-RGB-vs-Multispectral\data\raw\rgb\Forest\Forest_2748.jpg,1,Forest,1,Forest,0.9999958276748657,True,-49.869236,13.755209
1306,C:\Users\DELL Precision 5550\Documents\GitHub\Terrasight-Eurosat-RGB-vs-Multispectral\data\raw\rgb\HerbaceousVegetation\HerbaceousVegetation_1262.jpg,2,HerbaceousVegetation,2,HerbaceousVegetation,0.997073769569397,True,-6.4095216,-5.3357196
1307,C:\Users\DELL Precision 5550\Documents\GitHub\Terrasight-Eurosat-RGB-vs-Multispectral\data\raw\rgb\AnnualCrop\AnnualCrop_2193.jpg,0,AnnualCrop,0,AnnualCrop,0.7231594920158386,True,43.821186,-17.373749
1308,C:\Users\DELL Precision 5550\Documents\GitHub\Terrasight-Eurosat-RGB-vs-Multispectral\data\raw\rgb\SeaLake\SeaLake_1638.jpg,9,SeaLake,9,SeaLake,0.9997145533561707,True,-12.164273,59.028404
1309,C:\Users\DELL Precision 5550\Documents\GitHub\Terrasight-Eurosat-RGB-vs-Multispectral\data\raw\rgb\River\River_1572.jpg,8,River,8,River,0.9999988079071045,True,27.501497,39.00312
1310,C:\Users\DELL Precision 5550\Documents\GitHub\Terrasight-Eurosat-RGB-vs-Multispectral\data\raw\rgb\River\River_765.jpg,8,River,8,River,0.8703691363334656,True,23.452803,19.921837
1311,C:\Users\DELL Precision 5550\Documents\GitHub\Terrasight-Eurosat-RGB-vs-Multispectral\data\raw\rgb\Pasture\Pasture_962.jpg,5,Pasture,5,Pasture,0.9999986886978149,True,-7.453419,22.839771
1312,C:\Users\DELL Precision 5550\Documents\GitHub\Terrasight-Eurosat-RGB-vs-Multispectral\data\raw\rgb\Forest\Forest_15.jpg,1,Forest,1,Forest,0.993682861328125,True,-36.977356,20.744184
1313,C:\Users\DELL Precision 5550\Documents\GitHub\Terrasight-Eurosat-RGB-vs-Multispectral\data\raw\rgb\Residential\Residential_61.jpg,7,Residential,7,Residential,0.9990988969802856,True,-30.675694,-31.439682
1314,C:\Users\DELL Precision 5550\Documents\GitHub\Terrasight-Eurosat-RGB-vs-Multispectral\data\raw\rgb\SeaLake\SeaLake_2347.jpg,9,SeaLake,9,SeaLake,0.9999961853027344,True,-1.571945,66.14734
1315,C:\Users\DELL Precision 5550\Documents\GitHub\Terrasight-Eurosat-RGB-vs-Multispectral\data\raw\rgb\River\River_2181.jpg,8,River,3,Highway,0.9970676302909851,False,39.86488,-22.924974
1316,C:\Users\DELL Precision 5550\Documents\GitHub\Terrasight-Eurosat-RGB-vs-Multispectral\data\raw\rgb\Forest\Forest_1361.jpg,1,Forest,1,Forest,0.999715268611908,True,-42.727993,28.17128
1317,C:\Users\DELL Precision 5550\Documents\GitHub\Terrasight-Eurosat-RGB-vs-Multispectral\data\raw\rgb\PermanentCrop\PermanentCrop_377.jpg,6,PermanentCrop,6,PermanentCrop,0.9994608759880066,True,5.6350465,-20.6033
1318,C:\Users\DELL Precision 5550\Documents\GitHub\Terrasight-Eurosat-RGB-vs-Multispectral\data\raw\rgb\PermanentCrop\PermanentCrop_2023.jpg,6,PermanentCrop,6,PermanentCrop,0.8840584754943848,True,1.4459987,-18.549206
1319,C:\Users\DELL Precision 5550\Documents\GitHub\Terrasight-Eurosat-RGB-vs-Multispectral\data\raw\rgb\Residential\Residential_88.jpg,7,Residential,4,Industrial,0.7235459685325623,False,-25.604673,-39.29561
1320,C:\Users\DELL Precision 5550\Documents\GitHub\Terrasight-Eurosat-RGB-vs-Multispectral\data\raw\rgb\HerbaceousVegetation\HerbaceousVegetation_1052.jpg,2,HerbaceousVegetation,2,HerbaceousVegetation,0.9963576197624207,True,-6.4611726,-11.967137
1321,C:\Users\DELL Precision 5550\Documents\GitHub\Terrasight-Eurosat-RGB-vs-Multispectral\data\raw\rgb\SeaLake\SeaLake_2004.jpg,9,SeaLake,9,SeaLake,0.9997891783714294,True,1.665584,48.309696
1322,C:\Users\DELL Precision 5550\Documents\GitHub\Terrasight-Eurosat-RGB-vs-Multispectral\data\raw\rgb\Highway\Highway_2238.jpg,3,Highway,3,Highway,0.9995294809341431,True,52.12682,-27.297537
1323,C:\Users\DELL Precision 5550\Documents\GitHub\Terrasight-Eurosat-RGB-vs-Multispectral\data\raw\rgb\Residential\Residential_1413.jpg,7,Residential,7,Residential,0.9999996423721313,True,-46.2681,-28.919128
1324,C:\Users\DELL Precision 5550\Documents\GitHub\Terrasight-Eurosat-RGB-vs-Multispectral\data\raw\rgb\HerbaceousVegetation\HerbaceousVegetation_225.jpg,2,HerbaceousVegetation,2,HerbaceousVegetation,0.9951887130737305,True,-4.6658006,-2.407039
1325,C:\Users\DELL Precision 5550\Documents\GitHub\Terrasight-Eurosat-RGB-vs-Multispectral\data\raw\rgb\Forest\Forest_329.jpg,1,Forest,1,Forest,0.9993797540664673,True,-43.632263,23.067963
1326,C:\Users\DELL Precision 5550\Documents\GitHub\Terrasight-Eurosat-RGB-vs-Multispectral\data\raw\rgb\AnnualCrop\AnnualCrop_1749.jpg,0,AnnualCrop,0,AnnualCrop,0.9402430653572083,True,27.37693,1.9718426
1327,C:\Users\DELL Precision 5550\Documents\GitHub\Terrasight-Eurosat-RGB-vs-Multispectral\data\raw\rgb\Forest\Forest_532.jpg,1,Forest,1,Forest,0.9998635053634644,True,-42.071774,17.441864
1328,C:\Users\DELL Precision 5550\Documents\GitHub\Terrasight-Eurosat-RGB-vs-Multispectral\data\raw\rgb\AnnualCrop\AnnualCrop_2535.jpg,0,AnnualCrop,0,AnnualCrop,0.9836894869804382,True,30.442469,0.3537415
1329,C:\Users\DELL Precision 5550\Documents\GitHub\Terrasight-Eurosat-RGB-vs-Multispectral\data\raw\rgb\Highway\Highway_1149.jpg,3,Highway,3,Highway,0.9999773502349854,True,45.074238,-36.420795
1330,C:\Users\DELL Precision 5550\Documents\GitHub\Terrasight-Eurosat-RGB-vs-Multispectral\data\raw\rgb\SeaLake\SeaLake_2431.jpg,9,SeaLake,9,SeaLake,0.9907222986221313,True,-8.806673,43.44658
1331,C:\Users\DELL Precision 5550\Documents\GitHub\Terrasight-Eurosat-RGB-vs-Multispectral\data\raw\rgb\HerbaceousVegetation\HerbaceousVegetation_867.jpg,2,HerbaceousVegetation,2,HerbaceousVegetation,0.9999926090240479,True,-23.626259,1.9443285
1332,C:\Users\DELL Precision 5550\Documents\GitHub\Terrasight-Eurosat-RGB-vs-Multispectral\data\raw\rgb\AnnualCrop\AnnualCrop_1839.jpg,0,AnnualCrop,0,AnnualCrop,0.9999940395355225,True,54.41902,4.084228
1333,C:\Users\DELL Precision 5550\Documents\GitHub\Terrasight-Eurosat-RGB-vs-Multispectral\data\raw\rgb\SeaLake\SeaLake_2525.jpg,9,SeaLake,9,SeaLake,0.9998094439506531,True,-13.361008,60.89659
1334,C:\Users\DELL Precision 5550\Documents\GitHub\Terrasight-Eurosat-RGB-vs-Multispectral\data\raw\rgb\SeaLake\SeaLake_2817.jpg,9,SeaLake,9,SeaLake,0.9998527765274048,True,-15.287086,61.960392
1335,C:\Users\DELL Precision 5550\Documents\GitHub\Terrasight-Eurosat-RGB-vs-Multispectral\data\raw\rgb\SeaLake\SeaLake_507.jpg,9,SeaLake,9,SeaLake,0.9998408555984497,True,-7.271779,61.004745
1336,C:\Users\DELL Precision 5550\Documents\GitHub\Terrasight-Eurosat-RGB-vs-Multispectral\data\raw\rgb\AnnualCrop\AnnualCrop_859.jpg,0,AnnualCrop,0,AnnualCrop,0.999996542930603,True,51.667427,7.719815
1337,C:\Users\DELL Precision 5550\Documents\GitHub\Terrasight-Eurosat-RGB-vs-Multispectral\data\raw\rgb\PermanentCrop\PermanentCrop_1956.jpg,6,PermanentCrop,6,PermanentCrop,0.9999983310699463,True,12.438785,-23.137669
1338,C:\Users\DELL Precision 5550\Documents\GitHub\Terrasight-Eurosat-RGB-vs-Multispectral\data\raw\rgb\Forest\Forest_1567.jpg,1,Forest,1,Forest,0.9999867677688599,True,-46.900715,14.553434
1339,C:\Users\DELL Precision 5550\Documents\GitHub\Terrasight-Eurosat-RGB-vs-Multispectral\data\raw\rgb\HerbaceousVegetation\HerbaceousVegetation_402.jpg,2,HerbaceousVegetation,2,HerbaceousVegetation,0.9999595880508423,True,-15.863472,-11.677898
1340,C:\Users\DELL Precision 5550\Documents\GitHub\Terrasight-Eurosat-RGB-vs-Multispectral\data\raw\rgb\Residential\Residential_1896.jpg,7,Residential,7,Residential,0.7130816578865051,True,-27.349277,-31.652279
1341,C:\Users\DELL Precision 5550\Documents\GitHub\Terrasight-Eurosat-RGB-vs-Multispectral\data\raw\rgb\SeaLake\SeaLake_1372.jpg,9,SeaLake,9,SeaLake,0.9991921782493591,True,-2.088741,52.594288
1342,C:\Users\DELL Precision 5550\Documents\GitHub\Terrasight-Eurosat-RGB-vs-Multispectral\data\raw\rgb\River\River_2356.jpg,8,River,8,River,0.9999996423721313,True,30.631126,37.21403
1343,C:\Users\DELL Precision 5550\Documents\GitHub\Terrasight-Eurosat-RGB-vs-Multispectral\data\raw\rgb\Industrial\Industrial_1346.jpg,4,Industrial,4,Industrial,0.9998277425765991,True,3.0067148,-61.00112
1344,C:\Users\DELL Precision 5550\Documents\GitHub\Terrasight-Eurosat-RGB-vs-Multispectral\data\raw\rgb\SeaLake\SeaLake_1732.jpg,9,SeaLake,9,SeaLake,0.9992026686668396,True,-3.4924397,49.631386
1345,C:\Users\DELL Precision 5550\Documents\GitHub\Terrasight-Eurosat-RGB-vs-Multispectral\data\raw\rgb\Highway\Highway_1928.jpg,3,Highway,3,Highway,0.9988889098167419,True,42.53237,-27.033655
1346,C:\Users\DELL Precision 5550\Documents\GitHub\Terrasight-Eurosat-RGB-vs-Multispectral\data\raw\rgb\Forest\Forest_1817.jpg,1,Forest,1,Forest,0.9986956715583801,True,-34.09526,25.494314
1347,C:\Users\DELL Precision 5550\Documents\GitHub\Terrasight-Eurosat-RGB-vs-Multispectral\data\raw\rgb\SeaLake\SeaLake_2059.jpg,9,SeaLake,9,SeaLake,0.9999017715454102,True,-9.974967,63.24234
1348,C:\Users\DELL Precision 5550\Documents\GitHub\Terrasight-Eurosat-RGB-vs-Multispectral\data\raw\rgb\River\River_1469.jpg,8,River,8,River,0.995995283126831,True,28.450377,23.461067
1349,C:\Users\DELL Precision 5550\Documents\GitHub\Terrasight-Eurosat-RGB-vs-Multispectral\data\raw\rgb\Forest\Forest_132.jpg,1,Forest,1,Forest,0.9997579455375671,True,-39.410477,17.148092
1350,C:\Users\DELL Precision 5550\Documents\GitHub\Terrasight-Eurosat-RGB-vs-Multispectral\data\raw\rgb\AnnualCrop\AnnualCrop_1001.jpg,0,AnnualCrop,0,AnnualCrop,0.9999690055847168,True,47.18657,4.6084185
1351,C:\Users\DELL Precision 5550\Documents\GitHub\Terrasight-Eurosat-RGB-vs-Multispectral\data\raw\rgb\SeaLake\SeaLake_2805.jpg,9,SeaLake,9,SeaLake,0.9999097585678101,True,-11.194409,63.14868
1352,C:\Users\DELL Precision 5550\Documents\GitHub\Terrasight-Eurosat-RGB-vs-Multispectral\data\raw\rgb\HerbaceousVegetation\HerbaceousVegetation_1763.jpg,2,HerbaceousVegetation,2,HerbaceousVegetation,0.9999809265136719,True,-23.64347,-5.8616714
1353,C:\Users\DELL Precision 5550\Documents\GitHub\Terrasight-Eurosat-RGB-vs-Multispectral\data\raw\rgb\River\River_823.jpg,8,River,8,River,0.9998024106025696,True,26.230684,26.10128
1354,C:\Users\DELL Precision 5550\Documents\GitHub\Terrasight-Eurosat-RGB-vs-Multispectral\data\raw\rgb\PermanentCrop\PermanentCrop_2110.jpg,6,PermanentCrop,2,HerbaceousVegetation,0.9121423959732056,False,-0.2606247,-7.5021033
1355,C:\Users\DELL Precision 5550\Documents\GitHub\Terrasight-Eurosat-RGB-vs-Multispectral\data\raw\rgb\Industrial\Industrial_513.jpg,4,Industrial,4,Industrial,0.9989789724349976,True,-2.0737185,-52.394558
1356,C:\Users\DELL Precision 5550\Documents\GitHub\Terrasight-Eurosat-RGB-vs-Multispectral\data\raw\rgb\River\River_117.jpg,8,River,8,River,0.9999285936355591,True,22.551619,27.485037
1357,C:\Users\DELL Precision 5550\Documents\GitHub\Terrasight-Eurosat-RGB-vs-Multispectral\data\raw\rgb\Highway\Highway_1789.jpg,3,Highway,3,Highway,0.9979662895202637,True,35.56471,-29.507103
1358,C:\Users\DELL Precision 5550\Documents\GitHub\Terrasight-Eurosat-RGB-vs-Multispectral\data\raw\rgb\Residential\Residential_264.jpg,7,Residential,2,HerbaceousVegetation,0.9718292951583862,False,-39.17846,-25.58879
1359,C:\Users\DELL Precision 5550\Documents\GitHub\Terrasight-Eurosat-RGB-vs-Multispectral\data\raw\rgb\Residential\Residential_2582.jpg,7,Residential,7,Residential,0.9986207485198975,True,-38.14616,-27.63507
1360,C:\Users\DELL Precision 5550\Documents\GitHub\Terrasight-Eurosat-RGB-vs-Multispectral\data\raw\rgb\Residential\Residential_233.jpg,7,Residential,7,Residential,0.9999741315841675,True,-38.82323,-32.58225
1361,C:\Users\DELL Precision 5550\Documents\GitHub\Terrasight-Eurosat-RGB-vs-Multispectral\data\raw\rgb\Pasture\Pasture_1753.jpg,5,Pasture,5,Pasture,0.9962840676307678,True,3.878812,11.650647
1362,C:\Users\DELL Precision 5550\Documents\GitHub\Terrasight-Eurosat-RGB-vs-Multispectral\data\raw\rgb\Forest\Forest_2805.jpg,1,Forest,1,Forest,0.9999996423721313,True,-53.32921,14.105941
1363,C:\Users\DELL Precision 5550\Documents\GitHub\Terrasight-Eurosat-RGB-vs-Multispectral\data\raw\rgb\Pasture\Pasture_924.jpg,5,Pasture,5,Pasture,0.8663575053215027,True,6.486073,11.932547
1364,C:\Users\DELL Precision 5550\Documents\GitHub\Terrasight-Eurosat-RGB-vs-Multispectral\data\raw\rgb\SeaLake\SeaLake_1708.jpg,9,SeaLake,9,SeaLake,0.9914019703865051,True,-5.1279335,55.81741
1365,C:\Users\DELL Precision 5550\Documents\GitHub\Terrasight-Eurosat-RGB-vs-Multispectral\data\raw\rgb\PermanentCrop\PermanentCrop_2233.jpg,6,PermanentCrop,6,PermanentCrop,0.9999380111694336,True,11.84979,-19.800064
1366,C:\Users\DELL Precision 5550\Documents\GitHub\Terrasight-Eurosat-RGB-vs-Multispectral\data\raw\rgb\Forest\Forest_1706.jpg,1,Forest,1,Forest,0.9999783039093018,True,-41.06032,14.25403
1367,C:\Users\DELL Precision 5550\Documents\GitHub\Terrasight-Eurosat-RGB-vs-Multispectral\data\raw\rgb\Industrial\Industrial_451.jpg,4,Industrial,4,Industrial,0.9999462366104126,True,5.251646,-53.60451
1368,C:\Users\DELL Precision 5550\Documents\GitHub\Terrasight-Eurosat-RGB-vs-Multispectral\data\raw\rgb\River\River_1367.jpg,8,River,8,River,0.9999759197235107,True,26.47691,27.559416
1369,C:\Users\DELL Precision 5550\Documents\GitHub\Terrasight-Eurosat-RGB-vs-Multispectral\data\raw\rgb\HerbaceousVegetation\HerbaceousVegetation_617.jpg,2,HerbaceousVegetation,2,HerbaceousVegetation,0.9942944645881653,True,-7.821482,-10.553396
1370,C:\Users\DELL Precision 5550\Documents\GitHub\Terrasight-Eurosat-RGB-vs-Multispectral\data\raw\rgb\HerbaceousVegetation\HerbaceousVegetation_365.jpg,2,HerbaceousVegetation,2,HerbaceousVegetation,0.9999990463256836,True,-17.331501,-10.047627
1371,C:\Users\DELL Precision 5550\Documents\GitHub\Terrasight-Eurosat-RGB-vs-Multispectral\data\raw\rgb\Highway\Highway_1711.jpg,3,Highway,3,Highway,0.9950231313705444,True,35.036354,-33.23298
1372,C:\Users\DELL Precision 5550\Documents\GitHub\Terrasight-Eurosat-RGB-vs-Multispectral\data\raw\rgb\Industrial\Industrial_1507.jpg,4,Industrial,4,Industrial,0.9996557235717773,True,3.4672732,-57.937195
1373,C:\Users\DELL Precision 5550\Documents\GitHub\Terrasight-Eurosat-RGB-vs-Multispectral\data\raw\rgb\Pasture\Pasture_1786.jpg,5,Pasture,5,Pasture,0.9959205389022827,True,4.837103,14.303738
1374,C:\Users\DELL Precision 5550\Documents\GitHub\Terrasight-Eurosat-RGB-vs-Multispectral\data\raw\rgb\Forest\Forest_1541.jpg,1,Forest,1,Forest,0.9997051358222961,True,-38.781387,19.195953
1375,C:\Users\DELL Precision 5550\Documents\GitHub\Terrasight-Eurosat-RGB-vs-Multispectral\data\raw\rgb\Pasture\Pasture_1076.jpg,5,Pasture,5,Pasture,0.9999767541885376,True,0.6487519,20.962149
1376,C:\Users\DELL Precision 5550\Documents\GitHub\Terrasight-Eurosat-RGB-vs-Multispectral\data\raw\rgb\AnnualCrop\AnnualCrop_926.jpg,0,AnnualCrop,0,AnnualCrop,0.9999978542327881,True,48.42824,7.1216974
1377,C:\Users\DELL Precision 5550\Documents\GitHub\Terrasight-Eurosat-RGB-vs-Multispectral\data\raw\rgb\Pasture\Pasture_997.jpg,5,Pasture,5,Pasture,0.9997689127922058,True,3.0715942,17.496214
1378,C:\Users\DELL Precision 5550\Documents\GitHub\Terrasight-Eurosat-RGB-vs-Multispectral\data\raw\rgb\River\River_1786.jpg,8,River,8,River,0.9999551773071289,True,24.794582,31.056974
1379,C:\Users\DELL Precision 5550\Documents\GitHub\Terrasight-Eurosat-RGB-vs-Multispectral\data\raw\rgb\Pasture\Pasture_892.jpg,5,Pasture,5,Pasture,0.7886703014373779,True,4.4187617,9.333006
1380,C:\Users\DELL Precision 5550\Documents\GitHub\Terrasight-Eurosat-RGB-vs-Multispectral\data\raw\rgb\Forest\Forest_607.jpg,1,Forest,1,Forest,1.0,True,-55.77799,11.527915
1381,C:\Users\DELL Precision 5550\Documents\GitHub\Terrasight-Eurosat-RGB-vs-Multispectral\data\raw\rgb\PermanentCrop\PermanentCrop_404.jpg,6,PermanentCrop,6,PermanentCrop,0.9987276196479797,True,15.167165,-18.630558
1382,C:\Users\DELL Precision 5550\Documents\GitHub\Terrasight-Eurosat-RGB-vs-Multispectral\data\raw\rgb\AnnualCrop\AnnualCrop_2102.jpg,0,AnnualCrop,0,AnnualCrop,0.9999061822891235,True,57.066505,4.183753
1383,C:\Users\DELL Precision 5550\Documents\GitHub\Terrasight-Eurosat-RGB-vs-Multispectral\data\raw\rgb\HerbaceousVegetation\HerbaceousVegetation_1532.jpg,2,HerbaceousVegetation,2,HerbaceousVegetation,0.9999361038208008,True,-14.624725,-6.6841745
1384,C:\Users\DELL Precision 5550\Documents\GitHub\Terrasight-Eurosat-RGB-vs-Multispectral\data\raw\rgb\Pasture\Pasture_1646.jpg,5,Pasture,5,Pasture,0.9999722242355347,True,-1.3502208,19.635387
1385,C:\Users\DELL Precision 5550\Documents\GitHub\Terrasight-Eurosat-RGB-vs-Multispectral\data\raw\rgb\Residential\Residential_2019.jpg,7,Residential,7,Residential,0.7709776759147644,True,-32.34929,-28.453535
1386,C:\Users\DELL Precision 5550\Documents\GitHub\Terrasight-Eurosat-RGB-vs-Multispectral\data\raw\rgb\Industrial\Industrial_2153.jpg,4,Industrial,4,Industrial,0.9998899698257446,True,3.830253,-57.8683
1387,C:\Users\DELL Precision 5550\Documents\GitHub\Terrasight-Eurosat-RGB-vs-Multispectral\data\raw\rgb\SeaLake\SeaLake_1174.jpg,9,SeaLake,9,SeaLake,0.9999926090240479,True,-5.5971837,66.00669
1388,C:\Users\DELL Precision 5550\Documents\GitHub\Terrasight-Eurosat-RGB-vs-Multispectral\data\raw\rgb\SeaLake\SeaLake_677.jpg,9,SeaLake,9,SeaLake,0.9832634329795837,True,-12.167728,49.48426
1389,C:\Users\DELL Precision 5550\Documents\GitHub\Terrasight-Eurosat-RGB-vs-Multispectral\data\raw\rgb\River\River_1070.jpg,8,River,8,River,0.9998871088027954,True,24.033918,25.821007
1390,C:\Users\DELL Precision 5550\Documents\GitHub\Terrasight-Eurosat-RGB-vs-Multispectral\data\raw\rgb\SeaLake\SeaLake_833.jpg,9,SeaLake,9,SeaLake,0.9992403984069824,True,-4.0016274,45.33359
1391,C:\Users\DELL Precision 5550\Documents\GitHub\Terrasight-Eurosat-RGB-vs-Multispectral\data\raw\rgb\Highway\Highway_715.jpg,3,Highway,3,Highway,0.9994879961013794,True,49.867153,-30.340004
1392,C:\Users\DELL Precision 5550\Documents\GitHub\Terrasight-Eurosat-RGB-vs-Multispectral\data\raw\rgb\SeaLake\SeaLake_903.jpg,9,SeaLake,9,SeaLake,0.9994787573814392,True,-12.580639,58.269897
1393,C:\Users\DELL Precision 5550\Documents\GitHub\Terrasight-Eurosat-RGB-vs-Multispectral\data\raw\rgb\Forest\Forest_3.jpg,1,Forest,1,Forest,0.9999773502349854,True,-43.852287,27.60266
1394,C:\Users\DELL Precision 5550\Documents\GitHub\Terrasight-Eurosat-RGB-vs-Multispectral\data\raw\rgb\Pasture\Pasture_789.jpg,5,Pasture,0,AnnualCrop,0.946902871131897,False,30.613174,7.471384
1395,C:\Users\DELL Precision 5550\Documents\GitHub\Terrasight-Eurosat-RGB-vs-Multispectral\data\raw\rgb\AnnualCrop\AnnualCrop_624.jpg,0,AnnualCrop,0,AnnualCrop,0.9999992847442627,True,57.93629,6.2611103
1396,C:\Users\DELL Precision 5550\Documents\GitHub\Terrasight-Eurosat-RGB-vs-Multispectral\data\raw\rgb\HerbaceousVegetation\HerbaceousVegetation_2755.jpg,2,HerbaceousVegetation,2,HerbaceousVegetation,0.9999885559082031,True,-24.146591,3.701601
1397,C:\Users\DELL Precision 5550\Documents\GitHub\Terrasight-Eurosat-RGB-vs-Multispectral\data\raw\rgb\Pasture\Pasture_783.jpg,5,Pasture,9,SeaLake,0.6567804217338562,False,-7.7572556,45.78414
1398,C:\Users\DELL Precision 5550\Documents\GitHub\Terrasight-Eurosat-RGB-vs-Multispectral\data\raw\rgb\River\River_273.jpg,8,River,8,River,0.9956360459327698,True,25.7412,20.262411
1399,C:\Users\DELL Precision 5550\Documents\GitHub\Terrasight-Eurosat-RGB-vs-Multispectral\data\raw\rgb\Industrial\Industrial_2382.jpg,4,Industrial,4,Industrial,0.9996556043624878,True,-1.2455602,-59.743137
1400,C:\Users\DELL Precision 5550\Documents\GitHub\Terrasight-Eurosat-RGB-vs-Multispectral\data\raw\rgb\Highway\Highway_1373.jpg,3,Highway,3,Highway,0.9984143972396851,True,36.341183,-23.239178
1401,C:\Users\DELL Precision 5550\Documents\GitHub\Terrasight-Eurosat-RGB-vs-Multispectral\data\raw\rgb\Forest\Forest_84.jpg,1,Forest,1,Forest,0.9999009370803833,True,-44.04747,27.324003
1402,C:\Users\DELL Precision 5550\Documents\GitHub\Terrasight-Eurosat-RGB-vs-Multispectral\data\raw\rgb\SeaLake\SeaLake_2294.jpg,9,SeaLake,9,SeaLake,0.9942421317100525,True,-11.040055,47.04958
1403,C:\Users\DELL Precision 5550\Documents\GitHub\Terrasight-Eurosat-RGB-vs-Multispectral\data\raw\rgb\River\River_2476.jpg,8,River,8,River,1.0,True,33.377388,38.980114
1404,C:\Users\DELL Precision 5550\Documents\GitHub\Terrasight-Eurosat-RGB-vs-Multispectral\data\raw\rgb\Forest\Forest_1976.jpg,1,Forest,1,Forest,0.9999947547912598,True,-53.30423,15.592323
1405,C:\Users\DELL Precision 5550\Documents\GitHub\Terrasight-Eurosat-RGB-vs-Multispectral\data\raw\rgb\Industrial\Industrial_2144.jpg,4,Industrial,4,Industrial,0.8401281237602234,True,-1.3659096,-45.022064
1406,C:\Users\DELL Precision 5550\Documents\GitHub\Terrasight-Eurosat-RGB-vs-Multispectral\data\raw\rgb\Forest\Forest_2272.jpg,1,Forest,1,Forest,0.9997155070304871,True,-43.258007,23.424038
1407,C:\Users\DELL Precision 5550\Documents\GitHub\Terrasight-Eurosat-RGB-vs-Multispectral\data\raw\rgb\PermanentCrop\PermanentCrop_1061.jpg,6,PermanentCrop,6,PermanentCrop,0.8435007929801941,True,6.7927866,-7.248715
1408,C:\Users\DELL Precision 5550\Documents\GitHub\Terrasight-Eurosat-RGB-vs-Multispectral\data\raw\rgb\PermanentCrop\PermanentCrop_1169.jpg,6,PermanentCrop,6,PermanentCrop,0.9995643496513367,True,14.572313,-17.911678
1409,C:\Users\DELL Precision 5550\Documents\GitHub\Terrasight-Eurosat-RGB-vs-Multispectral\data\raw\rgb\Residential\Residential_2919.jpg,7,Residential,7,Residential,0.999695897102356,True,-33.616432,-31.612026
1410,C:\Users\DELL Precision 5550\Documents\GitHub\Terrasight-Eurosat-RGB-vs-Multispectral\data\raw\rgb\River\River_1376.jpg,8,River,8,River,0.993439257144928,True,25.24122,19.862894
1411,C:\Users\DELL Precision 5550\Documents\GitHub\Terrasight-Eurosat-RGB-vs-Multispectral\data\raw\rgb\Forest\Forest_2102.jpg,1,Forest,1,Forest,0.9999071359634399,True,-44.401806,16.436153
1412,C:\Users\DELL Precision 5550\Documents\GitHub\Terrasight-Eurosat-RGB-vs-Multispectral\data\raw\rgb\Forest\Forest_2017.jpg,1,Forest,1,Forest,0.9999854564666748,True,-43.659523,10.9269285
1413,C:\Users\DELL Precision 5550\Documents\GitHub\Terrasight-Eurosat-RGB-vs-Multispectral\data\raw\rgb\Forest\Forest_2210.jpg,1,Forest,1,Forest,0.999998927116394,True,-51.328,16.055702
1414,C:\Users\DELL Precision 5550\Documents\GitHub\Terrasight-Eurosat-RGB-vs-Multispectral\data\raw\rgb\Residential\Residential_2178.jpg,7,Residential,7,Residential,0.9981650710105896,True,-37.694588,-36.61895
1415,C:\Users\DELL Precision 5550\Documents\GitHub\Terrasight-Eurosat-RGB-vs-Multispectral\data\raw\rgb\Pasture\Pasture_1529.jpg,5,Pasture,5,Pasture,0.9903726577758789,True,1.5396961,10.336386
1416,C:\Users\DELL Precision 5550\Documents\GitHub\Terrasight-Eurosat-RGB-vs-Multispectral\data\raw\rgb\Highway\Highway_591.jpg,3,Highway,3,Highway,0.9997381567955017,True,36.760735,-33.358604
1417,C:\Users\DELL Precision 5550\Documents\GitHub\Terrasight-Eurosat-RGB-vs-Multispectral\data\raw\rgb\SeaLake\SeaLake_1001.jpg,9,SeaLake,9,SeaLake,0.9993116855621338,True,-13.1491995,58.00262
1418,C:\Users\DELL Precision 5550\Documents\GitHub\Terrasight-Eurosat-RGB-vs-Multispectral\data\raw\rgb\SeaLake\SeaLake_1173.jpg,9,SeaLake,9,SeaLake,0.9994344115257263,True,-14.215214,58.484875
1419,C:\Users\DELL Precision 5550\Documents\GitHub\Terrasight-Eurosat-RGB-vs-Multispectral\data\raw\rgb\PermanentCrop\PermanentCrop_864.jpg,6,PermanentCrop,6,PermanentCrop,0.9599149227142334,True,15.1782,-9.098261
1420,C:\Users\DELL Precision 5550\Documents\GitHub\Terrasight-Eurosat-RGB-vs-Multispectral\data\raw\rgb\Forest\Forest_1101.jpg,1,Forest,1,Forest,0.9894764423370361,True,-35.21633,17.188267
1421,C:\Users\DELL Precision 5550\Documents\GitHub\Terrasight-Eurosat-RGB-vs-Multispectral\data\raw\rgb\HerbaceousVegetation\HerbaceousVegetation_637.jpg,2,HerbaceousVegetation,6,PermanentCrop,0.6182838082313538,False,2.4886103,-9.746283
1422,C:\Users\DELL Precision 5550\Documents\GitHub\Terrasight-Eurosat-RGB-vs-Multispectral\data\raw\rgb\Highway\Highway_2069.jpg,3,Highway,3,Highway,0.9998397827148438,True,44.587124,-30.78564
1423,C:\Users\DELL Precision 5550\Documents\GitHub\Terrasight-Eurosat-RGB-vs-Multispectral\data\raw\rgb\SeaLake\SeaLake_1581.jpg,9,SeaLake,9,SeaLake,0.9998165965080261,True,-13.596592,61.02968
1424,C:\Users\DELL Precision 5550\Documents\GitHub\Terrasight-Eurosat-RGB-vs-Multispectral\data\raw\rgb\Industrial\Industrial_1206.jpg,4,Industrial,4,Industrial,0.9997093081474304,True,4.2650185,-60.188053
1425,C:\Users\DELL Precision 5550\Documents\GitHub\Terrasight-Eurosat-RGB-vs-Multispectral\data\raw\rgb\SeaLake\SeaLake_157.jpg,9,SeaLake,9,SeaLake,0.9998795986175537,True,1.9127274,47.199207
1426,C:\Users\DELL Precision 5550\Documents\GitHub\Terrasight-Eurosat-RGB-vs-Multispectral\data\raw\rgb\Forest\Forest_2238.jpg,1,Forest,1,Forest,0.991938054561615,True,-37.79499,26.583141
1427,C:\Users\DELL Precision 5550\Documents\GitHub\Terrasight-Eurosat-RGB-vs-Multispectral\data\raw\rgb\River\River_1000.jpg,8,River,1,Forest,0.6661735773086548,False,-13.646898,46.837822
1428,C:\Users\DELL Precision 5550\Documents\GitHub\Terrasight-Eurosat-RGB-vs-Multispectral\data\raw\rgb\Residential\Residential_30.jpg,7,Residential,7,Residential,0.9956875443458557,True,-29.709919,-30.699846
1429,C:\Users\DELL Precision 5550\Documents\GitHub\Terrasight-Eurosat-RGB-vs-Multispectral\data\raw\rgb\Residential\Residential_2104.jpg,7,Residential,7,Residential,0.9966713786125183,True,-48.933697,-36.405113
1430,C:\Users\DELL Precision 5550\Documents\GitHub\Terrasight-Eurosat-RGB-vs-Multispectral\data\raw\rgb\Pasture\Pasture_341.jpg,5,Pasture,5,Pasture,0.9995891451835632,True,2.1940954,14.173093
1431,C:\Users\DELL Precision 5550\Documents\GitHub\Terrasight-Eurosat-RGB-vs-Multispectral\data\raw\rgb\River\River_662.jpg,8,River,8,River,0.9999023675918579,True,22.175123,32.597218
1432,C:\Users\DELL Precision 5550\Documents\GitHub\Terrasight-Eurosat-RGB-vs-Multispectral\data\raw\rgb\Industrial\Industrial_2036.jpg,4,Industrial,4,Industrial,0.9976949095726013,True,-1.7166767,-49.932148
1433,C:\Users\DELL Precision 5550\Documents\GitHub\Terrasight-Eurosat-RGB-vs-Multispectral\data\raw\rgb\AnnualCrop\AnnualCrop_1100.jpg,0,AnnualCrop,0,AnnualCrop,0.9791198372840881,True,30.033304,8.512222
1434,C:\Users\DELL Precision 5550\Documents\GitHub\Terrasight-Eurosat-RGB-vs-Multispectral\data\raw\rgb\Forest\Forest_2241.jpg,1,Forest,1,Forest,0.9999485015869141,True,-43.06002,29.75274
1435,C:\Users\DELL Precision 5550\Documents\GitHub\Terrasight-Eurosat-RGB-vs-Multispectral\data\raw\rgb\Forest\Forest_1999.jpg,1,Forest,1,Forest,0.9990394711494446,True,-42.150826,29.021482
1436,C:\Users\DELL Precision 5550\Documents\GitHub\Terrasight-Eurosat-RGB-vs-Multispectral\data\raw\rgb\PermanentCrop\PermanentCrop_2459.jpg,6,PermanentCrop,6,PermanentCrop,0.3930363953113556,True,21.634485,0.98654
1437,C:\Users\DELL Precision 5550\Documents\GitHub\Terrasight-Eurosat-RGB-vs-Multispectral\data\raw\rgb\AnnualCrop\AnnualCrop_454.jpg,0,AnnualCrop,0,AnnualCrop,0.9843736886978149,True,29.715942,4.3801374
1438,C:\Users\DELL Precision 5550\Documents\GitHub\Terrasight-Eurosat-RGB-vs-Multispectral\data\raw\rgb\Industrial\Industrial_461.jpg,4,Industrial,4,Industrial,0.8822714686393738,True,-4.7224894,-50.7484
1439,C:\Users\DELL Precision 5550\Documents\GitHub\Terrasight-Eurosat-RGB-vs-Multispectral\data\raw\rgb\Highway\Highway_245.jpg,3,Highway,3,Highway,0.9993284940719604,True,45.652008,-32.161522
1440,C:\Users\DELL Precision 5550\Documents\GitHub\Terrasight-Eurosat-RGB-vs-Multispectral\data\raw\rgb\AnnualCrop\AnnualCrop_1575.jpg,0,AnnualCrop,0,AnnualCrop,0.9932721257209778,True,45.58055,-0.9127206
1441,C:\Users\DELL Precision 5550\Documents\GitHub\Terrasight-Eurosat-RGB-vs-Multispectral\data\raw\rgb\AnnualCrop\AnnualCrop_1627.jpg,0,AnnualCrop,0,AnnualCrop,0.9958105087280273,True,36.932606,5.4156575
1442,C:\Users\DELL Precision 5550\Documents\GitHub\Terrasight-Eurosat-RGB-vs-Multispectral\data\raw\rgb\Industrial\Industrial_1241.jpg,4,Industrial,4,Industrial,0.9927145838737488,True,1.5849797,-51.149136
1443,C:\Users\DELL Precision 5550\Documents\GitHub\Terrasight-Eurosat-RGB-vs-Multispectral\data\raw\rgb\HerbaceousVegetation\HerbaceousVegetation_2069.jpg,2,HerbaceousVegetation,2,HerbaceousVegetation,0.9999984502792358,True,-26.26109,-3.219081
1444,C:\Users\DELL Precision 5550\Documents\GitHub\Terrasight-Eurosat-RGB-vs-Multispectral\data\raw\rgb\SeaLake\SeaLake_796.jpg,9,SeaLake,9,SeaLake,0.9997963309288025,True,-15.121687,62.182354
1445,C:\Users\DELL Precision 5550\Documents\GitHub\Terrasight-Eurosat-RGB-vs-Multispectral\data\raw\rgb\Industrial\Industrial_2279.jpg,4,Industrial,4,Industrial,0.9999711513519287,True,5.83422,-57.44448
1446,C:\Users\DELL Precision 5550\Documents\GitHub\Terrasight-Eurosat-RGB-vs-Multispectral\data\raw\rgb\Forest\Forest_1067.jpg,1,Forest,1,Forest,0.9999997615814209,True,-54.747025,9.677422
1447,C:\Users\DELL Precision 5550\Documents\GitHub\Terrasight-Eurosat-RGB-vs-Multispectral\data\raw\rgb\PermanentCrop\PermanentCrop_568.jpg,6,PermanentCrop,6,PermanentCrop,0.9970628619194031,True,10.799354,-18.802704
1448,C:\Users\DELL Precision 5550\Documents\GitHub\Terrasight-Eurosat-RGB-vs-Multispectral\data\raw\rgb\Residential\Residential_773.jpg,7,Residential,7,Residential,0.99915611743927,True,-39.51906,-37.118256
1449,C:\Users\DELL Precision 5550\Documents\GitHub\Terrasight-Eurosat-RGB-vs-Multispectral\data\raw\rgb\River\River_2185.jpg,8,River,8,River,0.9999983310699463,True,28.388315,31.812292
1450,C:\Users\DELL Precision 5550\Documents\GitHub\Terrasight-Eurosat-RGB-vs-Multispectral\data\raw\rgb\PermanentCrop\PermanentCrop_1640.jpg,6,PermanentCrop,6,PermanentCrop,0.9999300241470337,True,13.956976,-16.645863
1451,C:\Users\DELL Precision 5550\Documents\GitHub\Terrasight-Eurosat-RGB-vs-Multispectral\data\raw\rgb\Forest\Forest_2934.jpg,1,Forest,1,Forest,0.9999881982803345,True,-47.559525,20.045317
1452,C:\Users\DELL Precision 5550\Documents\GitHub\Terrasight-Eurosat-RGB-vs-Multispectral\data\raw\rgb\Industrial\Industrial_1544.jpg,4,Industrial,4,Industrial,0.9999353885650635,True,6.304982,-59.18011
1453,C:\Users\DELL Precision 5550\Documents\GitHub\Terrasight-Eurosat-RGB-vs-Multispectral\data\raw\rgb\HerbaceousVegetation\HerbaceousVegetation_1265.jpg,2,HerbaceousVegetation,2,HerbaceousVegetation,0.9883424639701843,True,-7.823565,-9.82643
1454,C:\Users\DELL Precision 5550\Documents\GitHub\Terrasight-Eurosat-RGB-vs-Multispectral\data\raw\rgb\Pasture\Pasture_1932.jpg,5,Pasture,5,Pasture,0.9479840993881226,True,-0.7990938,9.943708
1455,C:\Users\DELL Precision 5550\Documents\GitHub\Terrasight-Eurosat-RGB-vs-Multispectral\data\raw\rgb\Industrial\Industrial_1951.jpg,4,Industrial,4,Industrial,0.9993093013763428,True,-1.5078243,-52.088943
1456,C:\Users\DELL Precision 5550\Documents\GitHub\Terrasight-Eurosat-RGB-vs-Multispectral\data\raw\rgb\Forest\Forest_277.jpg,1,Forest,1,Forest,0.9999991655349731,True,-55.019043,14.59888
1457,C:\Users\DELL Precision 5550\Documents\GitHub\Terrasight-Eurosat-RGB-vs-Multispectral\data\raw\rgb\River\River_292.jpg,8,River,8,River,0.9827386736869812,True,25.01996,19.347845
1458,C:\Users\DELL Precision 5550\Documents\GitHub\Terrasight-Eurosat-RGB-vs-Multispectral\data\raw\rgb\Highway\Highway_406.jpg,3,Highway,3,Highway,0.9987192153930664,True,37.73865,-25.085901
1459,C:\Users\DELL Precision 5550\Documents\GitHub\Terrasight-Eurosat-RGB-vs-Multispectral\data\raw\rgb\Highway\Highway_832.jpg,3,Highway,3,Highway,0.9990460276603699,True,44.15677,-25.948555
1460,C:\Users\DELL Precision 5550\Documents\GitHub\Terrasight-Eurosat-RGB-vs-Multispectral\data\raw\rgb\River\River_228.jpg,8,River,0,AnnualCrop,0.5516040325164795,False,26.752998,12.787188
1461,C:\Users\DELL Precision 5550\Documents\GitHub\Terrasight-Eurosat-RGB-vs-Multispectral\data\raw\rgb\Highway\Highway_2211.jpg,3,Highway,3,Highway,0.9875097274780273,True,46.875484,-22.480577
1462,C:\Users\DELL Precision 5550\Documents\GitHub\Terrasight-Eurosat-RGB-vs-Multispectral\data\raw\rgb\River\River_1606.jpg,8,River,8,River,0.7509512901306152,True,26.795015,17.397633
1463,C:\Users\DELL Precision 5550\Documents\GitHub\Terrasight-Eurosat-RGB-vs-Multispectral\data\raw\rgb\SeaLake\SeaLake_2241.jpg,9,SeaLake,9,SeaLake,0.9996379613876343,True,-13.260053,58.804863
1464,C:\Users\DELL Precision 5550\Documents\GitHub\Terrasight-Eurosat-RGB-vs-Multispectral\data\raw\rgb\Forest\Forest_1452.jpg,1,Forest,1,Forest,0.9999485015869141,True,-46.59235,14.864936
1465,C:\Users\DELL Precision 5550\Documents\GitHub\Terrasight-Eurosat-RGB-vs-Multispectral\data\raw\rgb\SeaLake\SeaLake_1007.jpg,9,SeaLake,9,SeaLake,0.9999816417694092,True,3.6181066,44.198666
1466,C:\Users\DELL Precision 5550\Documents\GitHub\Terrasight-Eurosat-RGB-vs-Multispectral\data\raw\rgb\Pasture\Pasture_631.jpg,5,Pasture,5,Pasture,0.9983927607536316,True,1.8142666,12.986804
1467,C:\Users\DELL Precision 5550\Documents\GitHub\Terrasight-Eurosat-RGB-vs-Multispectral\data\raw\rgb\River\River_1710.jpg,8,River,8,River,0.9999948740005493,True,33.31923,35.73329
1468,C:\Users\DELL Precision 5550\Documents\GitHub\Terrasight-Eurosat-RGB-vs-Multispectral\data\raw\rgb\Pasture\Pasture_940.jpg,5,Pasture,5,Pasture,0.9914960861206055,True,5.46235,15.298674
1469,C:\Users\DELL Precision 5550\Documents\GitHub\Terrasight-Eurosat-RGB-vs-Multispectral\data\raw\rgb\Highway\Highway_1019.jpg,3,Highway,3,Highway,0.9937888979911804,True,32.38776,-29.086702
1470,C:\Users\DELL Precision 5550\Documents\GitHub\Terrasight-Eurosat-RGB-vs-Multispectral\data\raw\rgb\Residential\Residential_119.jpg,7,Residential,7,Residential,0.9937936067581177,True,-26.046303,-32.884148
1471,C:\Users\DELL Precision 5550\Documents\GitHub\Terrasight-Eurosat-RGB-vs-Multispectral\data\raw\rgb\PermanentCrop\PermanentCrop_550.jpg,6,PermanentCrop,6,PermanentCrop,0.9999051094055176,True,13.091824,-17.504875
1472,C:\Users\DELL Precision 5550\Documents\GitHub\Terrasight-Eurosat-RGB-vs-Multispectral\data\raw\rgb\Pasture\Pasture_923.jpg,5,Pasture,5,Pasture,0.9870190620422363,True,6.4852724,9.734198
1473,C:\Users\DELL Precision 5550\Documents\GitHub\Terrasight-Eurosat-RGB-vs-Multispectral\data\raw\rgb\PermanentCrop\PermanentCrop_1933.jpg,6,PermanentCrop,6,PermanentCrop,0.9999316930770874,True,12.740083,-18.704935
1474,C:\Users\DELL Precision 5550\Documents\GitHub\Terrasight-Eurosat-RGB-vs-Multispectral\data\raw\rgb\HerbaceousVegetation\HerbaceousVegetation_468.jpg,2,HerbaceousVegetation,2,HerbaceousVegetation,0.9999996423721313,True,-17.094324,-7.607865
1475,C:\Users\DELL Precision 5550\Documents\GitHub\Terrasight-Eurosat-RGB-vs-Multispectral\data\raw\rgb\Forest\Forest_928.jpg,1,Forest,1,Forest,0.9995705485343933,True,-39.08758,17.159292
1476,C:\Users\DELL Precision 5550\Documents\GitHub\Terrasight-Eurosat-RGB-vs-Multispectral\data\raw\rgb\SeaLake\SeaLake_563.jpg,9,SeaLake,9,SeaLake,0.9999611377716064,True,-3.6515348,63.919285
1477,C:\Users\DELL Precision 5550\Documents\GitHub\Terrasight-Eurosat-RGB-vs-Multispectral\data\raw\rgb\HerbaceousVegetation\HerbaceousVegetation_369.jpg,2,HerbaceousVegetation,2,HerbaceousVegetation,0.9770653247833252,True,-11.690197,-14.123631
1478,C:\Users\DELL Precision 5550\Documents\GitHub\Terrasight-Eurosat-RGB-vs-Multispectral\data\raw\rgb\Industrial\Industrial_1828.jpg,4,Industrial,4,Industrial,0.999885082244873,True,7.1236367,-58.39138
1479,C:\Users\DELL Precision 5550\Documents\GitHub\Terrasight-Eurosat-RGB-vs-Multispectral\data\raw\rgb\River\River_2255.jpg,8,River,8,River,0.9996830224990845,True,24.87592,29.570393
1480,C:\Users\DELL Precision 5550\Documents\GitHub\Terrasight-Eurosat-RGB-vs-Multispectral\data\raw\rgb\AnnualCrop\AnnualCrop_311.jpg,0,AnnualCrop,0,AnnualCrop,0.9981080293655396,True,46.213905,-0.44670522
1481,C:\Users\DELL Precision 5550\Documents\GitHub\Terrasight-Eurosat-RGB-vs-Multispectral\data\raw\rgb\PermanentCrop\PermanentCrop_265.jpg,6,PermanentCrop,6,PermanentCrop,0.9969522953033447,True,8.852635,-12.073475
1482,C:\Users\DELL Precision 5550\Documents\GitHub\Terrasight-Eurosat-RGB-vs-Multispectral\data\raw\rgb\Industrial\Industrial_683.jpg,4,Industrial,4,Industrial,0.9999057054519653,True,4.535862,-64.26731
1483,C:\Users\DELL Precision 5550\Documents\GitHub\Terrasight-Eurosat-RGB-vs-Multispectral\data\raw\rgb\PermanentCrop\PermanentCrop_1883.jpg,6,PermanentCrop,6,PermanentCrop,0.9999990463256836,True,8.942753,-24.238974
1484,C:\Users\DELL Precision 5550\Documents\GitHub\Terrasight-Eurosat-RGB-vs-Multispectral\data\raw\rgb\Pasture\Pasture_57.jpg,5,Pasture,5,Pasture,0.9999998807907104,True,-7.8081336,25.06309
1485,C:\Users\DELL Precision 5550\Documents\GitHub\Terrasight-Eurosat-RGB-vs-Multispectral\data\raw\rgb\PermanentCrop\PermanentCrop_842.jpg,6,PermanentCrop,6,PermanentCrop,0.9781668186187744,True,9.220158,-11.442035
1486,C:\Users\DELL Precision 5550\Documents\GitHub\Terrasight-Eurosat-RGB-vs-Multispectral\data\raw\rgb\SeaLake\SeaLake_1192.jpg,9,SeaLake,9,SeaLake,0.9901542067527771,True,-6.9062324,46.1376
1487,C:\Users\DELL Precision 5550\Documents\GitHub\Terrasight-Eurosat-RGB-vs-Multispectral\data\raw\rgb\Forest\Forest_2415.jpg,1,Forest,1,Forest,0.9999995231628418,True,-56.592648,13.190755
1488,C:\Users\DELL Precision 5550\Documents\GitHub\Terrasight-Eurosat-RGB-vs-Multispectral\data\raw\rgb\Pasture\Pasture_488.jpg,5,Pasture,5,Pasture,0.998837411403656,True,-0.6566945,12.066327
1489,C:\Users\DELL Precision 5550\Documents\GitHub\Terrasight-Eurosat-RGB-vs-Multispectral\data\raw\rgb\Residential\Residential_157.jpg,7,Residential,7,Residential,0.9386125206947327,True,-27.364187,-38.3846
1490,C:\Users\DELL Precision 5550\Documents\GitHub\Terrasight-Eurosat-RGB-vs-Multispectral\data\raw\rgb\Industrial\Industrial_1386.jpg,4,Industrial,3,Highway,0.8393428325653076,False,31.43084,-33.44428
1491,C:\Users\DELL Precision 5550\Documents\GitHub\Terrasight-Eurosat-RGB-vs-Multispectral\data\raw\rgb\River\River_598.jpg,8,River,8,River,0.9631181359291077,True,24.879196,13.663905
1492,C:\Users\DELL Precision 5550\Documents\GitHub\Terrasight-Eurosat-RGB-vs-Multispectral\data\raw\rgb\River\River_1104.jpg,8,River,8,River,0.9999721050262451,True,32.70087,35.2774
1493,C:\Users\DELL Precision 5550\Documents\GitHub\Terrasight-Eurosat-RGB-vs-Multispectral\data\raw\rgb\SeaLake\SeaLake_1642.jpg,9,SeaLake,9,SeaLake,0.9999680519104004,True,-1.4443837,63.67682
1494,C:\Users\DELL Precision 5550\Documents\GitHub\Terrasight-Eurosat-RGB-vs-Multispectral\data\raw\rgb\Residential\Residential_2859.jpg,7,Residential,7,Residential,0.9987145662307739,True,-43.816902,-38.45107
1495,C:\Users\DELL Precision 5550\Documents\GitHub\Terrasight-Eurosat-RGB-vs-Multispectral\data\raw\rgb\PermanentCrop\PermanentCrop_1561.jpg,6,PermanentCrop,6,PermanentCrop,0.9999805688858032,True,12.585196,-21.690428
1496,C:\Users\DELL Precision 5550\Documents\GitHub\Terrasight-Eurosat-RGB-vs-Multispectral\data\raw\rgb\Highway\Highway_2453.jpg,3,Highway,3,Highway,0.9991436004638672,True,37.70292,-29.6201
1497,C:\Users\DELL Precision 5550\Documents\GitHub\Terrasight-Eurosat-RGB-vs-Multispectral\data\raw\rgb\AnnualCrop\AnnualCrop_1079.jpg,0,AnnualCrop,0,AnnualCrop,0.8617827296257019,True,31.902868,1.9569355
1498,C:\Users\DELL Precision 5550\Documents\GitHub\Terrasight-Eurosat-RGB-vs-Multispectral\data\raw\rgb\PermanentCrop\PermanentCrop_2412.jpg,6,PermanentCrop,6,PermanentCrop,0.9999778270721436,True,9.546559,-21.405773
1499,C:\Users\DELL Precision 5550\Documents\GitHub\Terrasight-Eurosat-RGB-vs-Multispectral\data\raw\rgb\AnnualCrop\AnnualCrop_1108.jpg,0,AnnualCrop,0,AnnualCrop,0.9999974966049194,True,52.350796,8.3078165
1500,C:\Users\DELL Precision 5550\Documents\GitHub\Terrasight-Eurosat-RGB-vs-Multispectral\data\raw\rgb\Forest\Forest_1431.jpg,1,Forest,1,Forest,0.9972186088562012,True,-37.42616,25.096813
1501,C:\Users\DELL Precision 5550\Documents\GitHub\Terrasight-Eurosat-RGB-vs-Multispectral\data\raw\rgb\AnnualCrop\AnnualCrop_1501.jpg,0,AnnualCrop,0,AnnualCrop,0.5862940549850464,True,27.563368,0.36029726
1502,C:\Users\DELL Precision 5550\Documents\GitHub\Terrasight-Eurosat-RGB-vs-Multispectral\data\raw\rgb\Highway\Highway_280.jpg,3,Highway,3,Highway,0.9988299012184143,True,40.004486,-24.758116
1503,C:\Users\DELL Precision 5550\Documents\GitHub\Terrasight-Eurosat-RGB-vs-Multispectral\data\raw\rgb\HerbaceousVegetation\HerbaceousVegetation_2269.jpg,2,HerbaceousVegetation,2,HerbaceousVegetation,0.9585216045379639,True,-3.5395792,-10.800659
1504,C:\Users\DELL Precision 5550\Documents\GitHub\Terrasight-Eurosat-RGB-vs-Multispectral\data\raw\rgb\Pasture\Pasture_1835.jpg,5,Pasture,5,Pasture,0.9974365830421448,True,5.4924965,16.204247
1505,C:\Users\DELL Precision 5550\Documents\GitHub\Terrasight-Eurosat-RGB-vs-Multispectral\data\raw\rgb\Highway\Highway_436.jpg,3,Highway,3,Highway,0.995236337184906,True,34.84294,-33.311653
1506,C:\Users\DELL Precision 5550\Documents\GitHub\Terrasight-Eurosat-RGB-vs-Multispectral\data\raw\rgb\Industrial\Industrial_71.jpg,4,Industrial,4,Industrial,0.9972742199897766,True,-3.5090826,-52.177326
1507,C:\Users\DELL Precision 5550\Documents\GitHub\Terrasight-Eurosat-RGB-vs-Multispectral\data\raw\rgb\Residential\Residential_774.jpg,7,Residential,7,Residential,0.9407537579536438,True,-24.873737,-34.348656
1508,C:\Users\DELL Precision 5550\Documents\GitHub\Terrasight-Eurosat-RGB-vs-Multispectral\data\raw\rgb\HerbaceousVegetation\HerbaceousVegetation_196.jpg,2,HerbaceousVegetation,2,HerbaceousVegetation,0.9999997615814209,True,-20.497036,-8.85256
1509,C:\Users\DELL Precision 5550\Documents\GitHub\Terrasight-Eurosat-RGB-vs-Multispectral\data\raw\rgb\AnnualCrop\AnnualCrop_1896.jpg,0,AnnualCrop,0,AnnualCrop,0.999394416809082,True,36.743423,-0.51768595
1510,C:\Users\DELL Precision 5550\Documents\GitHub\Terrasight-Eurosat-RGB-vs-Multispectral\data\raw\rgb\AnnualCrop\AnnualCrop_2509.jpg,0,AnnualCrop,0,AnnualCrop,0.9991053938865662,True,33.45302,7.903282
1511,C:\Users\DELL Precision 5550\Documents\GitHub\Terrasight-Eurosat-RGB-vs-Multispectral\data\raw\rgb\Forest\Forest_2831.jpg,1,Forest,1,Forest,0.9999213218688965,True,-44.05555,11.750644
1512,C:\Users\DELL Precision 5550\Documents\GitHub\Terrasight-Eurosat-RGB-vs-Multispectral\data\raw\rgb\SeaLake\SeaLake_2851.jpg,9,SeaLake,9,SeaLake,0.9971224665641785,True,-6.7757955,51.61261
1513,C:\Users\DELL Precision 5550\Documents\GitHub\Terrasight-Eurosat-RGB-vs-Multispectral\data\raw\rgb\Residential\Residential_1581.jpg,7,Residential,7,Residential,0.9998140931129456,True,-47.40868,-36.139656
1514,C:\Users\DELL Precision 5550\Documents\GitHub\Terrasight-Eurosat-RGB-vs-Multispectral\data\raw\rgb\Forest\Forest_2862.jpg,1,Forest,1,Forest,0.9999805688858032,True,-47.74978,14.507711
1515,C:\Users\DELL Precision 5550\Documents\GitHub\Terrasight-Eurosat-RGB-vs-Multispectral\data\raw\rgb\Forest\Forest_1754.jpg,1,Forest,1,Forest,0.9990965127944946,True,-36.094513,26.992367
1516,C:\Users\DELL Precision 5550\Documents\GitHub\Terrasight-Eurosat-RGB-vs-Multispectral\data\raw\rgb\Residential\Residential_1912.jpg,7,Residential,7,Residential,0.8710248470306396,True,-38.49419,-40.670235
1517,C:\Users\DELL Precision 5550\Documents\GitHub\Terrasight-Eurosat-RGB-vs-Multispectral\data\raw\rgb\SeaLake\SeaLake_2453.jpg,9,SeaLake,9,SeaLake,0.9998565912246704,True,-9.249881,64.4296
1518,C:\Users\DELL Precision 5550\Documents\GitHub\Terrasight-Eurosat-RGB-vs-Multispectral\data\raw\rgb\Pasture\Pasture_1096.jpg,5,Pasture,5,Pasture,0.9764358401298523,True,0.4983084,9.796312
1519,C:\Users\DELL Precision 5550\Documents\GitHub\Terrasight-Eurosat-RGB-vs-Multispectral\data\raw\rgb\Residential\Residential_2123.jpg,7,Residential,7,Residential,0.9987872242927551,True,-43.65203,-38.17432
1520,C:\Users\DELL Precision 5550\Documents\GitHub\Terrasight-Eurosat-RGB-vs-Multispectral\data\raw\rgb\Forest\Forest_706.jpg,1,Forest,1,Forest,0.9999997615814209,True,-57.69576,12.229575
1521,C:\Users\DELL Precision 5550\Documents\GitHub\Terrasight-Eurosat-RGB-vs-Multispectral\data\raw\rgb\HerbaceousVegetation\HerbaceousVegetation_2962.jpg,2,HerbaceousVegetation,2,HerbaceousVegetation,0.9999960660934448,True,-21.991444,-7.4751062
1522,C:\Users\DELL Precision 5550\Documents\GitHub\Terrasight-Eurosat-RGB-vs-Multispectral\data\raw\rgb\HerbaceousVegetation\HerbaceousVegetation_2579.jpg,2,HerbaceousVegetation,2,HerbaceousVegetation,0.9999992847442627,True,-21.148989,-10.083371
1523,C:\Users\DELL Precision 5550\Documents\GitHub\Terrasight-Eurosat-RGB-vs-Multispectral\data\raw\rgb\River\River_2120.jpg,8,River,8,River,0.7685083746910095,True,16.876568,24.155758
1524,C:\Users\DELL Precision 5550\Documents\GitHub\Terrasight-Eurosat-RGB-vs-Multispectral\data\raw\rgb\HerbaceousVegetation\HerbaceousVegetation_447.jpg,2,HerbaceousVegetation,2,HerbaceousVegetation,0.9999984502792358,True,-24.07107,-3.4487593
1525,C:\Users\DELL Precision 5550\Documents\GitHub\Terrasight-Eurosat-RGB-vs-Multispectral\data\raw\rgb\Industrial\Industrial_643.jpg,4,Industrial,4,Industrial,0.9778810739517212,True,-1.6439152,-62.73238
1526,C:\Users\DELL Precision 5550\Documents\GitHub\Terrasight-Eurosat-RGB-vs-Multispectral\data\raw\rgb\River\River_1326.jpg,8,River,8,River,0.9924212098121643,True,22.34903,21.364967
1527,C:\Users\DELL Precision 5550\Documents\GitHub\Terrasight-Eurosat-RGB-vs-Multispectral\data\raw\rgb\Residential\Residential_1402.jpg,7,Residential,7,Residential,0.9977658987045288,True,-31.066034,-36.151
1528,C:\Users\DELL Precision 5550\Documents\GitHub\Terrasight-Eurosat-RGB-vs-Multispectral\data\raw\rgb\PermanentCrop\PermanentCrop_1195.jpg,6,PermanentCrop,6,PermanentCrop,0.9970917701721191,True,13.236324,-8.86286
1529,C:\Users\DELL Precision 5550\Documents\GitHub\Terrasight-Eurosat-RGB-vs-Multispectral\data\raw\rgb\Industrial\Industrial_148.jpg,4,Industrial,4,Industrial,0.9999358654022217,True,6.2639413,-59.913902
1530,C:\Users\DELL Precision 5550\Documents\GitHub\Terrasight-Eurosat-RGB-vs-Multispectral\data\raw\rgb\Residential\Residential_1593.jpg,7,Residential,7,Residential,0.9999864101409912,True,-36.913246,-25.991947
1531,C:\Users\DELL Precision 5550\Documents\GitHub\Terrasight-Eurosat-RGB-vs-Multispectral\data\raw\rgb\Industrial\Industrial_867.jpg,4,Industrial,4,Industrial,0.9810361862182617,True,-3.698471,-44.326405
1532,C:\Users\DELL Precision 5550\Documents\GitHub\Terrasight-Eurosat-RGB-vs-Multispectral\data\raw\rgb\River\River_22.jpg,8,River,8,River,0.993901252746582,True,22.155214,22.266201
1533,C:\Users\DELL Precision 5550\Documents\GitHub\Terrasight-Eurosat-RGB-vs-Multispectral\data\raw\rgb\Industrial\Industrial_11.jpg,4,Industrial,4,Industrial,0.9993343949317932,True,-2.3902364,-61.016598
1534,C:\Users\DELL Precision 5550\Documents\GitHub\Terrasight-Eurosat-RGB-vs-Multispectral\data\raw\rgb\Highway\Highway_423.jpg,3,Highway,3,Highway,0.9991105198860168,True,34.826004,-34.37448
1535,C:\Users\DELL Precision 5550\Documents\GitHub\Terrasight-Eurosat-RGB-vs-Multispectral\data\raw\rgb\AnnualCrop\AnnualCrop_2601.jpg,0,AnnualCrop,0,AnnualCrop,0.9999251365661621,True,46.613617,2.1817667
1536,C:\Users\DELL Precision 5550\Documents\GitHub\Terrasight-Eurosat-RGB-vs-Multispectral\data\raw\rgb\HerbaceousVegetation\HerbaceousVegetation_1398.jpg,2,HerbaceousVegetation,2,HerbaceousVegetation,0.9998483657836914,True,-4.4010663,-1.5972395
1537,C:\Users\DELL Precision 5550\Documents\GitHub\Terrasight-Eurosat-RGB-vs-Multispectral\data\raw\rgb\SeaLake\SeaLake_125.jpg,9,SeaLake,9,SeaLake,0.9997755885124207,True,-2.3867855,59.487637
1538,C:\Users\DELL Precision 5550\Documents\GitHub\Terrasight-Eurosat-RGB-vs-Multispectral\data\raw\rgb\Forest\Forest_2464.jpg,1,Forest,1,Forest,0.9991336464881897,True,-41.24868,27.724709
1539,C:\Users\DELL Precision 5550\Documents\GitHub\Terrasight-Eurosat-RGB-vs-Multispectral\data\raw\rgb\AnnualCrop\AnnualCrop_2038.jpg,0,AnnualCrop,0,AnnualCrop,0.998770534992218,True,35.939438,5.260504
1540,C:\Users\DELL Precision 5550\Documents\GitHub\Terrasight-Eurosat-RGB-vs-Multispectral\data\raw\rgb\Forest\Forest_1581.jpg,1,Forest,1,Forest,0.9998695850372314,True,-40.832767,25.69513
1541,C:\Users\DELL Precision 5550\Documents\GitHub\Terrasight-Eurosat-RGB-vs-Multispectral\data\raw\rgb\Forest\Forest_2969.jpg,1,Forest,1,Forest,0.9998317956924438,True,-44.339504,22.409472
1542,C:\Users\DELL Precision 5550\Documents\GitHub\Terrasight-Eurosat-RGB-vs-Multispectral\data\raw\rgb\Highway\Highway_571.jpg,3,Highway,3,Highway,0.9998351335525513,True,39.464542,-36.360065
1543,C:\Users\DELL Precision 5550\Documents\GitHub\Terrasight-Eurosat-RGB-vs-Multispectral\data\raw\rgb\AnnualCrop\AnnualCrop_2866.jpg,0,AnnualCrop,0,AnnualCrop,0.9990737438201904,True,39.14141,2.754545
1544,C:\Users\DELL Precision 5550\Documents\GitHub\Terrasight-Eurosat-RGB-vs-Multispectral\data\raw\rgb\Highway\Highway_1340.jpg,3,Highway,3,Highway,0.9950954914093018,True,34.12484,-34.464176
1545,C:\Users\DELL Precision 5550\Documents\GitHub\Terrasight-Eurosat-RGB-vs-Multispectral\data\raw\rgb\Residential\Residential_292.jpg,7,Residential,7,Residential,0.9996060729026794,True,-36.22306,-31.978123
1546,C:\Users\DELL Precision 5550\Documents\GitHub\Terrasight-Eurosat-RGB-vs-Multispectral\data\raw\rgb\Pasture\Pasture_300.jpg,5,Pasture,5,Pasture,0.9852750301361084,True,-0.52129596,14.033469
1547,C:\Users\DELL Precision 5550\Documents\GitHub\Terrasight-Eurosat-RGB-vs-Multispectral\data\raw\rgb\Highway\Highway_2381.jpg,3,Highway,3,Highway,0.9992794394493103,True,44.27204,-26.132029
1548,C:\Users\DELL Precision 5550\Documents\GitHub\Terrasight-Eurosat-RGB-vs-Multispectral\data\raw\rgb\SeaLake\SeaLake_221.jpg,9,SeaLake,9,SeaLake,0.9995817542076111,True,-1.5072103,43.632088
1549,C:\Users\DELL Precision 5550\Documents\GitHub\Terrasight-Eurosat-RGB-vs-Multispectral\data\raw\rgb\Residential\Residential_1857.jpg,7,Residential,7,Residential,0.6837232708930969,True,-27.572569,-31.651943
1550,C:\Users\DELL Precision 5550\Documents\GitHub\Terrasight-Eurosat-RGB-vs-Multispectral\data\raw\rgb\River\River_1404.jpg,8,River,8,River,1.0,True,29.417093,39.01136
1551,C:\Users\DELL Precision 5550\Documents\GitHub\Terrasight-Eurosat-RGB-vs-Multispectral\data\raw\rgb\Residential\Residential_2520.jpg,7,Residential,7,Residential,0.9949354529380798,True,-29.106691,-30.710627
1552,C:\Users\DELL Precision 5550\Documents\GitHub\Terrasight-Eurosat-RGB-vs-Multispectral\data\raw\rgb\Highway\Highway_2200.jpg,3,Highway,3,Highway,0.9985969662666321,True,42.84159,-23.158312
1553,C:\Users\DELL Precision 5550\Documents\GitHub\Terrasight-Eurosat-RGB-vs-Multispectral\data\raw\rgb\River\River_2247.jpg,8,River,8,River,0.782507061958313,True,22.533121,17.403336
1554,C:\Users\DELL Precision 5550\Documents\GitHub\Terrasight-Eurosat-RGB-vs-Multispectral\data\raw\rgb\Industrial\Industrial_2316.jpg,4,Industrial,4,Industrial,0.9871236085891724,True,-0.1349676,-48.09721
1555,C:\Users\DELL Precision 5550\Documents\GitHub\Terrasight-Eurosat-RGB-vs-Multispectral\data\raw\rgb\SeaLake\SeaLake_791.jpg,9,SeaLake,9,SeaLake,0.9989239573478699,True,-3.6348774,45.211323
1556,C:\Users\DELL Precision 5550\Documents\GitHub\Terrasight-Eurosat-RGB-vs-Multispectral\data\raw\rgb\AnnualCrop\AnnualCrop_270.jpg,0,AnnualCrop,0,AnnualCrop,0.9998743534088135,True,41.6525,10.565905
1557,C:\Users\DELL Precision 5550\Documents\GitHub\Terrasight-Eurosat-RGB-vs-Multispectral\data\raw\rgb\SeaLake\SeaLake_1648.jpg,9,SeaLake,9,SeaLake,0.9998358488082886,True,-3.1087735,60.185535
1558,C:\Users\DELL Precision 5550\Documents\GitHub\Terrasight-Eurosat-RGB-vs-Multispectral\data\raw\rgb\Industrial\Industrial_832.jpg,4,Industrial,4,Industrial,0.9992731213569641,True,4.1977024,-50.73856
1559,C:\Users\DELL Precision 5550\Documents\GitHub\Terrasight-Eurosat-RGB-vs-Multispectral\data\raw\rgb\AnnualCrop\AnnualCrop_1254.jpg,0,AnnualCrop,0,AnnualCrop,0.9999991655349731,True,59.028034,5.8333254
1560,C:\Users\DELL Precision 5550\Documents\GitHub\Terrasight-Eurosat-RGB-vs-Multispectral\data\raw\rgb\PermanentCrop\PermanentCrop_2199.jpg,6,PermanentCrop,6,PermanentCrop,0.984066367149353,True,5.3664417,-9.783514
1561,C:\Users\DELL Precision 5550\Documents\GitHub\Terrasight-Eurosat-RGB-vs-Multispectral\data\raw\rgb\Residential\Residential_1227.jpg,7,Residential,7,Residential,0.9968814849853516,True,-33.873955,-38.110207
1562,C:\Users\DELL Precision 5550\Documents\GitHub\Terrasight-Eurosat-RGB-vs-Multispectral\data\raw\rgb\Highway\Highway_2418.jpg,3,Highway,3,Highway,0.9999648332595825,True,50.29055,-31.391523
1563,C:\Users\DELL Precision 5550\Documents\GitHub\Terrasight-Eurosat-RGB-vs-Multispectral\data\raw\rgb\PermanentCrop\PermanentCrop_555.jpg,6,PermanentCrop,6,PermanentCrop,0.9995837807655334,True,15.599207,-17.369938
1564,C:\Users\DELL Precision 5550\Documents\GitHub\Terrasight-Eurosat-RGB-vs-Multispectral\data\raw\rgb\AnnualCrop\AnnualCrop_1895.jpg,0,AnnualCrop,0,AnnualCrop,0.9934885501861572,True,35.57593,7.307205
1565,C:\Users\DELL Precision 5550\Documents\GitHub\Terrasight-Eurosat-RGB-vs-Multispectral\data\raw\rgb\Forest\Forest_747.jpg,1,Forest,1,Forest,0.9999569654464722,True,-48.375362,13.976809
1566,C:\Users\DELL Precision 5550\Documents\GitHub\Terrasight-Eurosat-RGB-vs-Multispectral\data\raw\rgb\SeaLake\SeaLake_2027.jpg,9,SeaLake,9,SeaLake,0.9997147917747498,True,1.3509063,47.95458
1567,C:\Users\DELL Precision 5550\Documents\GitHub\Terrasight-Eurosat-RGB-vs-Multispectral\data\raw\rgb\Highway\Highway_911.jpg,3,Highway,3,Highway,0.9912645816802979,True,42.47428,-21.925758
1568,C:\Users\DELL Precision 5550\Documents\GitHub\Terrasight-Eurosat-RGB-vs-Multispectral\data\raw\rgb\Highway\Highway_92.jpg,3,Highway,3,Highway,0.9984000325202942,True,36.04542,-34.812428
1569,C:\Users\DELL Precision 5550\Documents\GitHub\Terrasight-Eurosat-RGB-vs-Multispectral\data\raw\rgb\Residential\Residential_1016.jpg,7,Residential,7,Residential,0.9319019913673401,True,-26.90628,-38.49652
1570,C:\Users\DELL Precision 5550\Documents\GitHub\Terrasight-Eurosat-RGB-vs-Multispectral\data\raw\rgb\Residential\Residential_975.jpg,7,Residential,7,Residential,0.9514679908752441,True,-28.139984,-33.10311
1571,C:\Users\DELL Precision 5550\Documents\GitHub\Terrasight-Eurosat-RGB-vs-Multispectral\data\raw\rgb\River\River_491.jpg,8,River,8,River,0.999919056892395,True,25.413567,25.675129
1572,C:\Users\DELL Precision 5550\Documents\GitHub\Terrasight-Eurosat-RGB-vs-Multispectral\data\raw\rgb\River\River_1951.jpg,8,River,8,River,0.9999955892562866,True,31.369267,37.49093
1573,C:\Users\DELL Precision 5550\Documents\GitHub\Terrasight-Eurosat-RGB-vs-Multispectral\data\raw\rgb\Highway\Highway_2131.jpg,3,Highway,3,Highway,0.999922513961792,True,51.819214,-28.777163
1574,C:\Users\DELL Precision 5550\Documents\GitHub\Terrasight-Eurosat-RGB-vs-Multispectral\data\raw\rgb\Residential\Residential_306.jpg,7,Residential,7,Residential,0.9805176854133606,True,-36.976192,-40.509674
1575,C:\Users\DELL Precision 5550\Documents\GitHub\Terrasight-Eurosat-RGB-vs-Multispectral\data\raw\rgb\PermanentCrop\PermanentCrop_53.jpg,6,PermanentCrop,6,PermanentCrop,0.9830878376960754,True,3.15657,-18.14742
1576,C:\Users\DELL Precision 5550\Documents\GitHub\Terrasight-Eurosat-RGB-vs-Multispectral\data\raw\rgb\AnnualCrop\AnnualCrop_489.jpg,0,AnnualCrop,0,AnnualCrop,1.0,True,62.1687,8.402719
1577,C:\Users\DELL Precision 5550\Documents\GitHub\Terrasight-Eurosat-RGB-vs-Multispectral\data\raw\rgb\River\River_1187.jpg,8,River,8,River,0.9999209642410278,True,24.877699,29.672585
1578,C:\Users\DELL Precision 5550\Documents\GitHub\Terrasight-Eurosat-RGB-vs-Multispectral\data\raw\rgb\PermanentCrop\PermanentCrop_143.jpg,6,PermanentCrop,6,PermanentCrop,0.9954017400741577,True,8.351181,-11.83461
1579,C:\Users\DELL Precision 5550\Documents\GitHub\Terrasight-Eurosat-RGB-vs-Multispectral\data\raw\rgb\Forest\Forest_1247.jpg,1,Forest,1,Forest,0.9997014403343201,True,-46.443733,10.031943
1580,C:\Users\DELL Precision 5550\Documents\GitHub\Terrasight-Eurosat-RGB-vs-Multispectral\data\raw\rgb\Forest\Forest_433.jpg,1,Forest,1,Forest,0.9999592304229736,True,-32.53143,23.04422
1581,C:\Users\DELL Precision 5550\Documents\GitHub\Terrasight-Eurosat-RGB-vs-Multispectral\data\raw\rgb\Highway\Highway_562.jpg,3,Highway,3,Highway,0.9991194605827332,True,35.07563,-34.6465
1582,C:\Users\DELL Precision 5550\Documents\GitHub\Terrasight-Eurosat-RGB-vs-Multispectral\data\raw\rgb\HerbaceousVegetation\HerbaceousVegetation_2954.jpg,2,HerbaceousVegetation,2,HerbaceousVegetation,0.9998987913131714,True,-16.429415,-14.527392
1583,C:\Users\DELL Precision 5550\Documents\GitHub\Terrasight-Eurosat-RGB-vs-Multispectral\data\raw\rgb\AnnualCrop\AnnualCrop_1969.jpg,0,AnnualCrop,0,AnnualCrop,0.999992847442627,True,48.918377,6.070467
1584,C:\Users\DELL Precision 5550\Documents\GitHub\Terrasight-Eurosat-RGB-vs-Multispectral\data\raw\rgb\HerbaceousVegetation\HerbaceousVegetation_2761.jpg,2,HerbaceousVegetation,2,HerbaceousVegetation,0.9999754428863525,True,-16.653461,-1.8619553
1585,C:\Users\DELL Precision 5550\Documents\GitHub\Terrasight-Eurosat-RGB-vs-Multispectral\data\raw\rgb\HerbaceousVegetation\HerbaceousVegetation_2468.jpg,2,HerbaceousVegetation,2,HerbaceousVegetation,0.9999991655349731,True,-27.169659,-3.5511754
1586,C:\Users\DELL Precision 5550\Documents\GitHub\Terrasight-Eurosat-RGB-vs-Multispectral\data\raw\rgb\Highway\Highway_2177.jpg,3,Highway,3,Highway,0.9998464584350586,True,48.116997,-28.635311
1587,C:\Users\DELL Precision 5550\Documents\GitHub\Terrasight-Eurosat-RGB-vs-Multispectral\data\raw\rgb\AnnualCrop\AnnualCrop_2031.jpg,0,AnnualCrop,0,AnnualCrop,0.9999929666519165,True,51.251755,11.501666
1588,C:\Users\DELL Precision 5550\Documents\GitHub\Terrasight-Eurosat-RGB-vs-Multispectral\data\raw\rgb\PermanentCrop\PermanentCrop_189.jpg,6,PermanentCrop,6,PermanentCrop,0.9999947547912598,True,7.360223,-23.824635
1589,C:\Users\DELL Precision 5550\Documents\GitHub\Terrasight-Eurosat-RGB-vs-Multispectral\data\raw\rgb\AnnualCrop\AnnualCrop_549.jpg,0,AnnualCrop,0,AnnualCrop,0.999943733215332,True,43.272327,3.8939497
1590,C:\Users\DELL Precision 5550\Documents\GitHub\Terrasight-Eurosat-RGB-vs-Multispectral\data\raw\rgb\Highway\Highway_924.jpg,3,Highway,3,Highway,0.9986857771873474,True,39.072113,-25.510769
1591,C:\Users\DELL Precision 5550\Documents\GitHub\Terrasight-Eurosat-RGB-vs-Multispectral\data\raw\rgb\Forest\Forest_1240.jpg,1,Forest,1,Forest,0.9999946355819702,True,-48.21619,17.255144
1592,C:\Users\DELL Precision 5550\Documents\GitHub\Terrasight-Eurosat-RGB-vs-Multispectral\data\raw\rgb\SeaLake\SeaLake_2349.jpg,9,SeaLake,9,SeaLake,0.9997164607048035,True,-3.445361,59.65682
1593,C:\Users\DELL Precision 5550\Documents\GitHub\Terrasight-Eurosat-RGB-vs-Multispectral\data\raw\rgb\Industrial\Industrial_2304.jpg,4,Industrial,4,Industrial,0.998881995677948,True,-0.5580074,-57.73626
1594,C:\Users\DELL Precision 5550\Documents\GitHub\Terrasight-Eurosat-RGB-vs-Multispectral\data\raw\rgb\Highway\Highway_449.jpg,3,Highway,3,Highway,0.9999887943267822,True,45.884144,-33.975918
1595,C:\Users\DELL Precision 5550\Documents\GitHub\Terrasight-Eurosat-RGB-vs-Multispectral\data\raw\rgb\Highway\Highway_1763.jpg,3,Highway,3,Highway,0.9993059635162354,True,39.956055,-33.34453
1596,C:\Users\DELL Precision 5550\Documents\GitHub\Terrasight-Eurosat-RGB-vs-Multispectral\data\raw\rgb\Forest\Forest_1594.jpg,1,Forest,1,Forest,0.9938850998878479,True,-42.408813,23.648615
1597,C:\Users\DELL Precision 5550\Documents\GitHub\Terrasight-Eurosat-RGB-vs-Multispectral\data\raw\rgb\Industrial\Industrial_431.jpg,4,Industrial,4,Industrial,0.8566612601280212,True,-1.846252,-45.9255
1598,C:\Users\DELL Precision 5550\Documents\GitHub\Terrasight-Eurosat-RGB-vs-Multispectral\data\raw\rgb\AnnualCrop\AnnualCrop_1630.jpg,0,AnnualCrop,0,AnnualCrop,0.9853034019470215,True,32.869267,2.7034004
1599,C:\Users\DELL Precision 5550\Documents\GitHub\Terrasight-Eurosat-RGB-vs-Multispectral\data\raw\rgb\Residential\Residential_1993.jpg,7,Residential,7,Residential,0.9994844198226929,True,-34.04945,-31.390978
1600,C:\Users\DELL Precision 5550\Documents\GitHub\Terrasight-Eurosat-RGB-vs-Multispectral\data\raw\rgb\AnnualCrop\AnnualCrop_826.jpg,0,AnnualCrop,0,AnnualCrop,0.8763909935951233,True,28.199179,8.345075
1601,C:\Users\DELL Precision 5550\Documents\GitHub\Terrasight-Eurosat-RGB-vs-Multispectral\data\raw\rgb\HerbaceousVegetation\HerbaceousVegetation_21.jpg,2,HerbaceousVegetation,2,HerbaceousVegetation,0.9996546506881714,True,-12.939351,-12.439944
1602,C:\Users\DELL Precision 5550\Documents\GitHub\Terrasight-Eurosat-RGB-vs-Multispectral\data\raw\rgb\PermanentCrop\PermanentCrop_142.jpg,6,PermanentCrop,6,PermanentCrop,0.9999994039535522,True,12.671135,-24.212746
1603,C:\Users\DELL Precision 5550\Documents\GitHub\Terrasight-Eurosat-RGB-vs-Multispectral\data\raw\rgb\Residential\Residential_1849.jpg,7,Residential,7,Residential,0.9999709129333496,True,-37.148888,-26.347298
1604,C:\Users\DELL Precision 5550\Documents\GitHub\Terrasight-Eurosat-RGB-vs-Multispectral\data\raw\rgb\Forest\Forest_2219.jpg,1,Forest,1,Forest,0.9999852180480957,True,-50.11479,13.095459
1605,C:\Users\DELL Precision 5550\Documents\GitHub\Terrasight-Eurosat-RGB-vs-Multispectral\data\raw\rgb\Forest\Forest_1839.jpg,1,Forest,1,Forest,0.9999998807907104,True,-55.789444,11.241368
1606,C:\Users\DELL Precision 5550\Documents\GitHub\Terrasight-Eurosat-RGB-vs-Multispectral\data\raw\rgb\Residential\Residential_900.jpg,7,Residential,7,Residential,0.9842547178268433,True,-35.74251,-39.92896
1607,C:\Users\DELL Precision 5550\Documents\GitHub\Terrasight-Eurosat-RGB-vs-Multispectral\data\raw\rgb\Residential\Residential_2423.jpg,7,Residential,7,Residential,0.9999988079071045,True,-46.100346,-28.657482
1608,C:\Users\DELL Precision 5550\Documents\GitHub\Terrasight-Eurosat-RGB-vs-Multispectral\data\raw\rgb\SeaLake\SeaLake_1655.jpg,9,SeaLake,9,SeaLake,0.9999861717224121,True,-2.8172998,66.254814
1609,C:\Users\DELL Precision 5550\Documents\GitHub\Terrasight-Eurosat-RGB-vs-Multispectral\data\raw\rgb\Highway\Highway_1036.jpg,3,Highway,3,Highway,0.9997057318687439,True,39.949768,-27.004381
1610,C:\Users\DELL Precision 5550\Documents\GitHub\Terrasight-Eurosat-RGB-vs-Multispectral\data\raw\rgb\Industrial\Industrial_1737.jpg,4,Industrial,4,Industrial,0.9988343119621277,True,-1.0507553,-55.00894
1611,C:\Users\DELL Precision 5550\Documents\GitHub\Terrasight-Eurosat-RGB-vs-Multispectral\data\raw\rgb\AnnualCrop\AnnualCrop_920.jpg,0,AnnualCrop,0,AnnualCrop,0.9992424249649048,True,37.823586,4.9560204
1612,C:\Users\DELL Precision 5550\Documents\GitHub\Terrasight-Eurosat-RGB-vs-Multispectral\data\raw\rgb\HerbaceousVegetation\HerbaceousVegetation_795.jpg,2,HerbaceousVegetation,2,HerbaceousVegetation,0.9999990463256836,True,-16.014708,-9.6043005
1613,C:\Users\DELL Precision 5550\Documents\GitHub\Terrasight-Eurosat-RGB-vs-Multispectral\data\raw\rgb\HerbaceousVegetation\HerbaceousVegetation_676.jpg,2,HerbaceousVegetation,2,HerbaceousVegetation,0.9999912977218628,True,-16.303919,-5.4597178
1614,C:\Users\DELL Precision 5550\Documents\GitHub\Terrasight-Eurosat-RGB-vs-Multispectral\data\raw\rgb\Industrial\Industrial_903.jpg,4,Industrial,4,Industrial,0.9953820109367371,True,-2.9024663,-47.17802
1615,C:\Users\DELL Precision 5550\Documents\GitHub\Terrasight-Eurosat-RGB-vs-Multispectral\data\raw\rgb\Residential\Residential_1023.jpg,7,Residential,7,Residential,0.9998242259025574,True,-42.854454,-25.92443
1616,C:\Users\DELL Precision 5550\Documents\GitHub\Terrasight-Eurosat-RGB-vs-Multispectral\data\raw\rgb\River\River_412.jpg,8,River,8,River,0.9995014667510986,True,21.48845,27.677303
1617,C:\Users\DELL Precision 5550\Documents\GitHub\Terrasight-Eurosat-RGB-vs-Multispectral\data\raw\rgb\SeaLake\SeaLake_635.jpg,9,SeaLake,9,SeaLake,0.9991076588630676,True,-2.7880316,57.84756
1618,C:\Users\DELL Precision 5550\Documents\GitHub\Terrasight-Eurosat-RGB-vs-Multispectral\data\raw\rgb\Forest\Forest_1733.jpg,1,Forest,1,Forest,0.9901118874549866,True,-39.178238,28.609451
1619,C:\Users\DELL Precision 5550\Documents\GitHub\Terrasight-Eurosat-RGB-vs-Multispectral\data\raw\rgb\PermanentCrop\PermanentCrop_1587.jpg,6,PermanentCrop,6,PermanentCrop,0.9996918439865112,True,5.7633724,-20.876593
1620,C:\Users\DELL Precision 5550\Documents\GitHub\Terrasight-Eurosat-RGB-vs-Multispectral\data\raw\rgb\Residential\Residential_1369.jpg,7,Residential,7,Residential,0.9997194409370422,True,-39.50465,-35.827316
1621,C:\Users\DELL Precision 5550\Documents\GitHub\Terrasight-Eurosat-RGB-vs-Multispectral\data\raw\rgb\Forest\Forest_1486.jpg,1,Forest,1,Forest,0.9982503056526184,True,-38.15411,18.97018
1622,C:\Users\DELL Precision 5550\Documents\GitHub\Terrasight-Eurosat-RGB-vs-Multispectral\data\raw\rgb\HerbaceousVegetation\HerbaceousVegetation_105.jpg,2,HerbaceousVegetation,2,HerbaceousVegetation,0.9999098777770996,True,-22.394154,3.336815
1623,C:\Users\DELL Precision 5550\Documents\GitHub\Terrasight-Eurosat-RGB-vs-Multispectral\data\raw\rgb\Industrial\Industrial_1037.jpg,4,Industrial,4,Industrial,0.9973090887069702,True,-3.424473,-54.26984
1624,C:\Users\DELL Precision 5550\Documents\GitHub\Terrasight-Eurosat-RGB-vs-Multispectral\data\raw\rgb\River\River_625.jpg,8,River,8,River,0.9999516010284424,True,23.356575,27.765455
1625,C:\Users\DELL Precision 5550\Documents\GitHub\Terrasight-Eurosat-RGB-vs-Multispectral\data\raw\rgb\Industrial\Industrial_1500.jpg,4,Industrial,4,Industrial,0.9986013770103455,True,-1.5466175,-57.021645
1626,C:\Users\DELL Precision 5550\Documents\GitHub\Terrasight-Eurosat-RGB-vs-Multispectral\data\raw\rgb\Residential\Residential_333.jpg,7,Residential,7,Residential,0.894314169883728,True,-31.571854,-42.23351
1627,C:\Users\DELL Precision 5550\Documents\GitHub\Terrasight-Eurosat-RGB-vs-Multispectral\data\raw\rgb\PermanentCrop\PermanentCrop_898.jpg,6,PermanentCrop,6,PermanentCrop,0.9998683929443359,True,11.1131,-17.819965
1628,C:\Users\DELL Precision 5550\Documents\GitHub\Terrasight-Eurosat-RGB-vs-Multispectral\data\raw\rgb\AnnualCrop\AnnualCrop_2014.jpg,0,AnnualCrop,0,AnnualCrop,0.9937735199928284,True,43.388012,-1.0985343
1629,C:\Users\DELL Precision 5550\Documents\GitHub\Terrasight-Eurosat-RGB-vs-Multispectral\data\raw\rgb\River\River_55.jpg,8,River,8,River,0.999976634979248,True,25.967756,27.316559
1630,C:\Users\DELL Precision 5550\Documents\GitHub\Terrasight-Eurosat-RGB-vs-Multispectral\data\raw\rgb\AnnualCrop\AnnualCrop_113.jpg,0,AnnualCrop,0,AnnualCrop,0.9483633637428284,True,34.3171,9.486873
1631,C:\Users\DELL Precision 5550\Documents\GitHub\Terrasight-Eurosat-RGB-vs-Multispectral\data\raw\rgb\Residential\Residential_1900.jpg,7,Residential,7,Residential,0.991571307182312,True,-35.40209,-37.73816
1632,C:\Users\DELL Precision 5550\Documents\GitHub\Terrasight-Eurosat-RGB-vs-Multispectral\data\raw\rgb\River\River_1150.jpg,8,River,8,River,0.9987308382987976,True,22.124659,24.830679
1633,C:\Users\DELL Precision 5550\Documents\GitHub\Terrasight-Eurosat-RGB-vs-Multispectral\data\raw\rgb\AnnualCrop\AnnualCrop_2855.jpg,0,AnnualCrop,0,AnnualCrop,1.0,True,62.407284,7.7554502
1634,C:\Users\DELL Precision 5550\Documents\GitHub\Terrasight-Eurosat-RGB-vs-Multispectral\data\raw\rgb\Forest\Forest_1268.jpg,1,Forest,1,Forest,0.9995658993721008,True,-41.858326,26.864716
1635,C:\Users\DELL Precision 5550\Documents\GitHub\Terrasight-Eurosat-RGB-vs-Multispectral\data\raw\rgb\HerbaceousVegetation\HerbaceousVegetation_644.jpg,2,HerbaceousVegetation,2,HerbaceousVegetation,0.8954468369483948,True,-18.104622,-14.821486
1636,C:\Users\DELL Precision 5550\Documents\GitHub\Terrasight-Eurosat-RGB-vs-Multispectral\data\raw\rgb\Residential\Residential_1768.jpg,7,Residential,7,Residential,0.85003262758255,True,-25.91364,-36.617516
1637,C:\Users\DELL Precision 5550\Documents\GitHub\Terrasight-Eurosat-RGB-vs-Multispectral\data\raw\rgb\AnnualCrop\AnnualCrop_170.jpg,0,AnnualCrop,0,AnnualCrop,0.9999926090240479,True,55.101448,5.3890142
1638,C:\Users\DELL Precision 5550\Documents\GitHub\Terrasight-Eurosat-RGB-vs-Multispectral\data\raw\rgb\AnnualCrop\AnnualCrop_944.jpg,0,AnnualCrop,0,AnnualCrop,0.9820936322212219,True,43.341923,12.51235
1639,C:\Users\DELL Precision 5550\Documents\GitHub\Terrasight-Eurosat-RGB-vs-Multispectral\data\raw\rgb\Forest\Forest_1568.jpg,1,Forest,1,Forest,0.9932199120521545,True,-33.97324,26.613356
1640,C:\Users\DELL Precision 5550\Documents\GitHub\Terrasight-Eurosat-RGB-vs-Multispectral\data\raw\rgb\SeaLake\SeaLake_2078.jpg,9,SeaLake,9,SeaLake,0.9960274696350098,True,-5.0247464,43.35535
1641,C:\Users\DELL Precision 5550\Documents\GitHub\Terrasight-Eurosat-RGB-vs-Multispectral\data\raw\rgb\SeaLake\SeaLake_747.jpg,9,SeaLake,9,SeaLake,0.9996482133865356,True,-4.609384,59.767086
1642,C:\Users\DELL Precision 5550\Documents\GitHub\Terrasight-Eurosat-RGB-vs-Multispectral\data\raw\rgb\AnnualCrop\AnnualCrop_2701.jpg,0,AnnualCrop,0,AnnualCrop,0.9999973773956299,True,48.268017,6.604158
1643,C:\Users\DELL Precision 5550\Documents\GitHub\Terrasight-Eurosat-RGB-vs-Multispectral\data\raw\rgb\Pasture\Pasture_125.jpg,5,Pasture,5,Pasture,0.9986489415168762,True,-2.8212154,15.935138
1644,C:\Users\DELL Precision 5550\Documents\GitHub\Terrasight-Eurosat-RGB-vs-Multispectral\data\raw\rgb\AnnualCrop\AnnualCrop_1789.jpg,0,AnnualCrop,0,AnnualCrop,0.9997277855873108,True,39.37574,0.6755421
1645,C:\Users\DELL Precision 5550\Documents\GitHub\Terrasight-Eurosat-RGB-vs-Multispectral\data\raw\rgb\Forest\Forest_53.jpg,1,Forest,1,Forest,0.9999905824661255,True,-48.110874,20.471191
1646,C:\Users\DELL Precision 5550\Documents\GitHub\Terrasight-Eurosat-RGB-vs-Multispectral\data\raw\rgb\River\River_2353.jpg,8,River,8,River,0.9994829893112183,True,27.541998,24.911924
1647,C:\Users\DELL Precision 5550\Documents\GitHub\Terrasight-Eurosat-RGB-vs-Multispectral\data\raw\rgb\AnnualCrop\AnnualCrop_23.jpg,0,AnnualCrop,0,AnnualCrop,0.9999836683273315,True,54.830193,6.9455895
1648,C:\Users\DELL Precision 5550\Documents\GitHub\Terrasight-Eurosat-RGB-vs-Multispectral\data\raw\rgb\SeaLake\SeaLake_2267.jpg,9,SeaLake,9,SeaLake,0.9997766613960266,True,-4.590741,60.887844
1649,C:\Users\DELL Precision 5550\Documents\GitHub\Terrasight-Eurosat-RGB-vs-Multispectral\data\raw\rgb\Highway\Highway_1777.jpg,3,Highway,3,Highway,0.5293163657188416,True,42.07393,-20.357975
1650,C:\Users\DELL Precision 5550\Documents\GitHub\Terrasight-Eurosat-RGB-vs-Multispectral\data\raw\rgb\Residential\Residential_1161.jpg,7,Residential,7,Residential,0.8962511420249939,True,-26.86561,-38.75904
1651,C:\Users\DELL Precision 5550\Documents\GitHub\Terrasight-Eurosat-RGB-vs-Multispectral\data\raw\rgb\AnnualCrop\AnnualCrop_1561.jpg,0,AnnualCrop,0,AnnualCrop,0.9998599290847778,True,46.638443,9.735583
1652,C:\Users\DELL Precision 5550\Documents\GitHub\Terrasight-Eurosat-RGB-vs-Multispectral\data\raw\rgb\Residential\Residential_2991.jpg,7,Residential,7,Residential,0.9992683529853821,True,-36.186073,-35.89116
1653,C:\Users\DELL Precision 5550\Documents\GitHub\Terrasight-Eurosat-RGB-vs-Multispectral\data\raw\rgb\SeaLake\SeaLake_327.jpg,9,SeaLake,9,SeaLake,0.999710738658905,True,-3.1198173,45.234085
1654,C:\Users\DELL Precision 5550\Documents\GitHub\Terrasight-Eurosat-RGB-vs-Multispectral\data\raw\rgb\Industrial\Industrial_824.jpg,4,Industrial,4,Industrial,0.992588996887207,True,-7.012746,-51.870514
1655,C:\Users\DELL Precision 5550\Documents\GitHub\Terrasight-Eurosat-RGB-vs-Multispectral\data\raw\rgb\SeaLake\SeaLake_2596.jpg,9,SeaLake,9,SeaLake,0.9999756813049316,True,2.94768,45.97226
1656,C:\Users\DELL Precision 5550\Documents\GitHub\Terrasight-Eurosat-RGB-vs-Multispectral\data\raw\rgb\Highway\Highway_500.jpg,3,Highway,3,Highway,0.999980092048645,True,49.570507,-28.591948
1657,C:\Users\DELL Precision 5550\Documents\GitHub\Terrasight-Eurosat-RGB-vs-Multispectral\data\raw\rgb\Residential\Residential_1261.jpg,7,Residential,7,Residential,0.9949240684509277,True,-41.8582,-39.362995
1658,C:\Users\DELL Precision 5550\Documents\GitHub\Terrasight-Eurosat-RGB-vs-Multispectral\data\raw\rgb\PermanentCrop\PermanentCrop_251.jpg,6,PermanentCrop,6,PermanentCrop,0.5202634334564209,True,1.0609972,-13.875368
1659,C:\Users\DELL Precision 5550\Documents\GitHub\Terrasight-Eurosat-RGB-vs-Multispectral\data\raw\rgb\Residential\Residential_1945.jpg,7,Residential,7,Residential,0.9998119473457336,True,-40.559574,-27.860514
1660,C:\Users\DELL Precision 5550\Documents\GitHub\Terrasight-Eurosat-RGB-vs-Multispectral\data\raw\rgb\Pasture\Pasture_1265.jpg,5,Pasture,5,Pasture,0.9236578345298767,True,0.4957947,7.088068
1661,C:\Users\DELL Precision 5550\Documents\GitHub\Terrasight-Eurosat-RGB-vs-Multispectral\data\raw\rgb\Forest\Forest_1383.jpg,1,Forest,1,Forest,0.993458092212677,True,-33.191765,26.191944
1662,C:\Users\DELL Precision 5550\Documents\GitHub\Terrasight-Eurosat-RGB-vs-Multispectral\data\raw\rgb\River\River_2334.jpg,8,River,8,River,0.9999947547912598,True,26.452856,31.995329
1663,C:\Users\DELL Precision 5550\Documents\GitHub\Terrasight-Eurosat-RGB-vs-Multispectral\data\raw\rgb\SeaLake\SeaLake_1413.jpg,9,SeaLake,9,SeaLake,0.9997867941856384,True,-14.551846,60.75517
1664,C:\Users\DELL Precision 5550\Documents\GitHub\Terrasight-Eurosat-RGB-vs-Multispectral\data\raw\rgb\HerbaceousVegetation\HerbaceousVegetation_2354.jpg,2,HerbaceousVegetation,2,HerbaceousVegetation,0.9934764504432678,True,-12.371247,-14.113969
1665,C:\Users\DELL Precision 5550\Documents\GitHub\Terrasight-Eurosat-RGB-vs-Multispectral\data\raw\rgb\Industrial\Industrial_2093.jpg,4,Industrial,4,Industrial,0.9858489036560059,True,-4.733595,-47.594326
1666,C:\Users\DELL Precision 5550\Documents\GitHub\Terrasight-Eurosat-RGB-vs-Multispectral\data\raw\rgb\SeaLake\SeaLake_1105.jpg,9,SeaLake,9,SeaLake,0.9999600648880005,True,-3.4334137,64.25823
1667,C:\Users\DELL Precision 5550\Documents\GitHub\Terrasight-Eurosat-RGB-vs-Multispectral\data\raw\rgb\Highway\Highway_2108.jpg,3,Highway,3,Highway,0.9999028444290161,True,46.081062,-32.82538
1668,C:\Users\DELL Precision 5550\Documents\GitHub\Terrasight-Eurosat-RGB-vs-Multispectral\data\raw\rgb\SeaLake\SeaLake_60.jpg,9,SeaLake,9,SeaLake,0.9999581575393677,True,-7.73296,64.54468
1669,C:\Users\DELL Precision 5550\Documents\GitHub\Terrasight-Eurosat-RGB-vs-Multispectral\data\raw\rgb\Industrial\Industrial_1852.jpg,4,Industrial,4,Industrial,0.9997521042823792,True,3.0572243,-58.338184
1670,C:\Users\DELL Precision 5550\Documents\GitHub\Terrasight-Eurosat-RGB-vs-Multispectral\data\raw\rgb\River\River_2467.jpg,8,River,8,River,0.9988092184066772,True,22.680746,23.857563
1671,C:\Users\DELL Precision 5550\Documents\GitHub\Terrasight-Eurosat-RGB-vs-Multispectral\data\raw\rgb\Residential\Residential_2814.jpg,7,Residential,7,Residential,0.9999704360961914,True,-47.480385,-32.804447
1672,C:\Users\DELL Precision 5550\Documents\GitHub\Terrasight-Eurosat-RGB-vs-Multispectral\data\raw\rgb\Residential\Residential_1199.jpg,7,Residential,7,Residential,0.9829833507537842,True,-25.412226,-33.49987
1673,C:\Users\DELL Precision 5550\Documents\GitHub\Terrasight-Eurosat-RGB-vs-Multispectral\data\raw\rgb\River\River_1233.jpg,8,River,8,River,0.9999997615814209,True,31.38103,39.308857
1674,C:\Users\DELL Precision 5550\Documents\GitHub\Terrasight-Eurosat-RGB-vs-Multispectral\data\raw\rgb\HerbaceousVegetation\HerbaceousVegetation_146.jpg,2,HerbaceousVegetation,2,HerbaceousVegetation,0.999994158744812,True,-18.934704,-12.280598
1675,C:\Users\DELL Precision 5550\Documents\GitHub\Terrasight-Eurosat-RGB-vs-Multispectral\data\raw\rgb\SeaLake\SeaLake_1663.jpg,9,SeaLake,9,SeaLake,0.9999486207962036,True,2.1586244,45.919464
1676,C:\Users\DELL Precision 5550\Documents\GitHub\Terrasight-Eurosat-RGB-vs-Multispectral\data\raw\rgb\PermanentCrop\PermanentCrop_1794.jpg,6,PermanentCrop,6,PermanentCrop,0.9999680519104004,True,8.659811,-21.012453
1677,C:\Users\DELL Precision 5550\Documents\GitHub\Terrasight-Eurosat-RGB-vs-Multispectral\data\raw\rgb\Pasture\Pasture_1458.jpg,5,Pasture,5,Pasture,0.9974808096885681,True,3.6164787,13.939485
1678,C:\Users\DELL Precision 5550\Documents\GitHub\Terrasight-Eurosat-RGB-vs-Multispectral\data\raw\rgb\HerbaceousVegetation\HerbaceousVegetation_2767.jpg,2,HerbaceousVegetation,2,HerbaceousVegetation,0.9982972741127014,True,-16.495121,1.8356792
1679,C:\Users\DELL Precision 5550\Documents\GitHub\Terrasight-Eurosat-RGB-vs-Multispectral\data\raw\rgb\River\River_461.jpg,8,River,8,River,0.9999656677246094,True,23.818367,34.880707
1680,C:\Users\DELL Precision 5550\Documents\GitHub\Terrasight-Eurosat-RGB-vs-Multispectral\data\raw\rgb\Highway\Highway_374.jpg,3,Highway,3,Highway,0.9994627833366394,True,47.240513,-24.091127
1681,C:\Users\DELL Precision 5550\Documents\GitHub\Terrasight-Eurosat-RGB-vs-Multispectral\data\raw\rgb\River\River_880.jpg,8,River,8,River,0.9774622917175293,True,26.860085,17.566286
1682,C:\Users\DELL Precision 5550\Documents\GitHub\Terrasight-Eurosat-RGB-vs-Multispectral\data\raw\rgb\Industrial\Industrial_1499.jpg,4,Industrial,4,Industrial,0.9999979734420776,True,6.814382,-62.69779
1683,C:\Users\DELL Precision 5550\Documents\GitHub\Terrasight-Eurosat-RGB-vs-Multispectral\data\raw\rgb\Highway\Highway_1690.jpg,3,Highway,3,Highway,0.9952830672264099,True,36.753853,-25.52452
1684,C:\Users\DELL Precision 5550\Documents\GitHub\Terrasight-Eurosat-RGB-vs-Multispectral\data\raw\rgb\River\River_83.jpg,8,River,8,River,0.8974107503890991,True,29.167648,19.11932
1685,C:\Users\DELL Precision 5550\Documents\GitHub\Terrasight-Eurosat-RGB-vs-Multispectral\data\raw\rgb\HerbaceousVegetation\HerbaceousVegetation_2204.jpg,2,HerbaceousVegetation,2,HerbaceousVegetation,0.999769389629364,True,-19.27967,-0.0869193
1686,C:\Users\DELL Precision 5550\Documents\GitHub\Terrasight-Eurosat-RGB-vs-Multispectral\data\raw\rgb\Pasture\Pasture_1747.jpg,5,Pasture,5,Pasture,0.9522629380226135,True,6.109265,13.003209
1687,C:\Users\DELL Precision 5550\Documents\GitHub\Terrasight-Eurosat-RGB-vs-Multispectral\data\raw\rgb\HerbaceousVegetation\HerbaceousVegetation_2732.jpg,2,HerbaceousVegetation,2,HerbaceousVegetation,1.0,True,-27.16167,-5.991724
1688,C:\Users\DELL Precision 5550\Documents\GitHub\Terrasight-Eurosat-RGB-vs-Multispectral\data\raw\rgb\River\River_2111.jpg,8,River,8,River,0.8075641393661499,True,21.70101,18.650906
1689,C:\Users\DELL Precision 5550\Documents\GitHub\Terrasight-Eurosat-RGB-vs-Multispectral\data\raw\rgb\Residential\Residential_1646.jpg,7,Residential,7,Residential,0.9999765157699585,True,-42.731514,-29.092382
1690,C:\Users\DELL Precision 5550\Documents\GitHub\Terrasight-Eurosat-RGB-vs-Multispectral\data\raw\rgb\AnnualCrop\AnnualCrop_53.jpg,0,AnnualCrop,0,AnnualCrop,0.9998103976249695,True,48.117218,1.2546946
1691,C:\Users\DELL Precision 5550\Documents\GitHub\Terrasight-Eurosat-RGB-vs-Multispectral\data\raw\rgb\PermanentCrop\PermanentCrop_638.jpg,6,PermanentCrop,6,PermanentCrop,0.9850634336471558,True,16.887274,-14.961496
1692,C:\Users\DELL Precision 5550\Documents\GitHub\Terrasight-Eurosat-RGB-vs-Multispectral\data\raw\rgb\Residential\Residential_2741.jpg,7,Residential,7,Residential,0.9997333884239197,True,-39.082005,-33.17721
1693,C:\Users\DELL Precision 5550\Documents\GitHub\Terrasight-Eurosat-RGB-vs-Multispectral\data\raw\rgb\AnnualCrop\AnnualCrop_1375.jpg,0,AnnualCrop,0,AnnualCrop,0.9963915944099426,True,43.091263,12.1987095
1694,C:\Users\DELL Precision 5550\Documents\GitHub\Terrasight-Eurosat-RGB-vs-Multispectral\data\raw\rgb\River\River_1349.jpg,8,River,8,River,0.9999880790710449,True,30.242132,32.11726
1695,C:\Users\DELL Precision 5550\Documents\GitHub\Terrasight-Eurosat-RGB-vs-Multispectral\data\raw\rgb\Industrial\Industrial_1814.jpg,4,Industrial,4,Industrial,0.9996968507766724,True,1.9831479,-61.575844
1696,C:\Users\DELL Precision 5550\Documents\GitHub\Terrasight-Eurosat-RGB-vs-Multispectral\data\raw\rgb\Residential\Residential_1859.jpg,7,Residential,7,Residential,0.9729551076889038,True,-28.947464,-40.05423
1697,C:\Users\DELL Precision 5550\Documents\GitHub\Terrasight-Eurosat-RGB-vs-Multispectral\data\raw\rgb\Residential\Residential_1550.jpg,7,Residential,7,Residential,0.9991311430931091,True,-39.147915,-28.174583
1698,C:\Users\DELL Precision 5550\Documents\GitHub\Terrasight-Eurosat-RGB-vs-Multispectral\data\raw\rgb\Highway\Highway_1097.jpg,3,Highway,3,Highway,0.9949106574058533,True,34.424652,-31.880724
1699,C:\Users\DELL Precision 5550\Documents\GitHub\Terrasight-Eurosat-RGB-vs-Multispectral\data\raw\rgb\HerbaceousVegetation\HerbaceousVegetation_1741.jpg,2,HerbaceousVegetation,2,HerbaceousVegetation,0.999948263168335,True,-21.466581,2.1803977
1700,C:\Users\DELL Precision 5550\Documents\GitHub\Terrasight-Eurosat-RGB-vs-Multispectral\data\raw\rgb\River\River_1845.jpg,8,River,8,River,0.9999957084655762,True,28.519796,32.881546
1701,C:\Users\DELL Precision 5550\Documents\GitHub\Terrasight-Eurosat-RGB-vs-Multispectral\data\raw\rgb\Residential\Residential_1732.jpg,7,Residential,7,Residential,0.5973876118659973,True,-25.837736,-38.507412
1702,C:\Users\DELL Precision 5550\Documents\GitHub\Terrasight-Eurosat-RGB-vs-Multispectral\data\raw\rgb\Forest\Forest_473.jpg,1,Forest,1,Forest,0.9998810291290283,True,-33.479053,23.449478
1703,C:\Users\DELL Precision 5550\Documents\GitHub\Terrasight-Eurosat-RGB-vs-Multispectral\data\raw\rgb\SeaLake\SeaLake_1540.jpg,9,SeaLake,9,SeaLake,0.9975818395614624,True,-6.9468927,44.27226
1704,C:\Users\DELL Precision 5550\Documents\GitHub\Terrasight-Eurosat-RGB-vs-Multispectral\data\raw\rgb\Residential\Residential_953.jpg,7,Residential,7,Residential,0.9903256893157959,True,-28.532223,-32.95545
1705,C:\Users\DELL Precision 5550\Documents\GitHub\Terrasight-Eurosat-RGB-vs-Multispectral\data\raw\rgb\AnnualCrop\AnnualCrop_1084.jpg,0,AnnualCrop,0,AnnualCrop,0.9362742304801941,True,29.28462,5.0019894
1706,C:\Users\DELL Precision 5550\Documents\GitHub\Terrasight-Eurosat-RGB-vs-Multispectral\data\raw\rgb\Forest\Forest_2325.jpg,1,Forest,1,Forest,0.9999959468841553,True,-49.25584,14.976221
1707,C:\Users\DELL Precision 5550\Documents\GitHub\Terrasight-Eurosat-RGB-vs-Multispectral\data\raw\rgb\SeaLake\SeaLake_398.jpg,9,SeaLake,9,SeaLake,0.9999173879623413,True,3.9962065,48.582165
1708,C:\Users\DELL Precision 5550\Documents\GitHub\Terrasight-Eurosat-RGB-vs-Multispectral\data\raw\rgb\Industrial\Industrial_20.jpg,4,Industrial,4,Industrial,0.99981290102005,True,5.5338554,-59.113964
1709,C:\Users\DELL Precision 5550\Documents\GitHub\Terrasight-Eurosat-RGB-vs-Multispectral\data\raw\rgb\Industrial\Industrial_2198.jpg,4,Industrial,4,Industrial,0.99810791015625,True,-0.20068868,-51.175255
1710,C:\Users\DELL Precision 5550\Documents\GitHub\Terrasight-Eurosat-RGB-vs-Multispectral\data\raw\rgb\Forest\Forest_874.jpg,1,Forest,1,Forest,0.9999990463256836,True,-56.255825,13.184454
1711,C:\Users\DELL Precision 5550\Documents\GitHub\Terrasight-Eurosat-RGB-vs-Multispectral\data\raw\rgb\AnnualCrop\AnnualCrop_1704.jpg,0,AnnualCrop,0,AnnualCrop,0.8704954981803894,True,22.595543,1.0084897
1712,C:\Users\DELL Precision 5550\Documents\GitHub\Terrasight-Eurosat-RGB-vs-Multispectral\data\raw\rgb\Pasture\Pasture_216.jpg,5,Pasture,5,Pasture,0.9997389912605286,True,0.31933635,16.834806
1713,C:\Users\DELL Precision 5550\Documents\GitHub\Terrasight-Eurosat-RGB-vs-Multispectral\data\raw\rgb\Highway\Highway_1494.jpg,3,Highway,3,Highway,0.9188605546951294,True,31.721096,-31.541323
1714,C:\Users\DELL Precision 5550\Documents\GitHub\Terrasight-Eurosat-RGB-vs-Multispectral\data\raw\rgb\AnnualCrop\AnnualCrop_2363.jpg,0,AnnualCrop,0,AnnualCrop,0.9569317102432251,True,28.496683,1.2486604
1715,C:\Users\DELL Precision 5550\Documents\GitHub\Terrasight-Eurosat-RGB-vs-Multispectral\data\raw\rgb\River\River_67.jpg,8,River,8,River,0.9999959468841553,True,24.673216,34.90215
1716,C:\Users\DELL Precision 5550\Documents\GitHub\Terrasight-Eurosat-RGB-vs-Multispectral\data\raw\rgb\Residential\Residential_893.jpg,7,Residential,7,Residential,0.9850271940231323,True,-44.280552,-40.049053
1717,C:\Users\DELL Precision 5550\Documents\GitHub\Terrasight-Eurosat-RGB-vs-Multispectral\data\raw\rgb\Industrial\Industrial_332.jpg,4,Industrial,4,Industrial,0.9982131719589233,True,0.8927472,-49.095882
1718,C:\Users\DELL Precision 5550\Documents\GitHub\Terrasight-Eurosat-RGB-vs-Multispectral\data\raw\rgb\Highway\Highway_45.jpg,3,Highway,3,Highway,0.9999662637710571,True,49.306454,-26.760159
1719,C:\Users\DELL Precision 5550\Documents\GitHub\Terrasight-Eurosat-RGB-vs-Multispectral\data\raw\rgb\River\River_1912.jpg,8,River,8,River,1.0,True,30.957047,40.39537
1720,C:\Users\DELL Precision 5550\Documents\GitHub\Terrasight-Eurosat-RGB-vs-Multispectral\data\raw\rgb\AnnualCrop\AnnualCrop_5.jpg,0,AnnualCrop,0,AnnualCrop,0.9411419630050659,True,28.446224,8.240236
1721,C:\Users\DELL Precision 5550\Documents\GitHub\Terrasight-Eurosat-RGB-vs-Multispectral\data\raw\rgb\Highway\Highway_2284.jpg,3,Highway,3,Highway,0.9999821186065674,True,51.5336,-30.660398
1722,C:\Users\DELL Precision 5550\Documents\GitHub\Terrasight-Eurosat-RGB-vs-Multispectral\data\raw\rgb\Residential\Residential_1035.jpg,7,Residential,7,Residential,0.9999903440475464,True,-49.111137,-32.693214
1723,C:\Users\DELL Precision 5550\Documents\GitHub\Terrasight-Eurosat-RGB-vs-Multispectral\data\raw\rgb\HerbaceousVegetation\HerbaceousVegetation_2408.jpg,2,HerbaceousVegetation,2,HerbaceousVegetation,0.9998518228530884,True,-7.531331,-6.1541185
1724,C:\Users\DELL Precision 5550\Documents\GitHub\Terrasight-Eurosat-RGB-vs-Multispectral\data\raw\rgb\Industrial\Industrial_536.jpg,4,Industrial,4,Industrial,0.9995875954627991,True,4.1316085,-53.565647
1725,C:\Users\DELL Precision 5550\Documents\GitHub\Terrasight-Eurosat-RGB-vs-Multispectral\data\raw\rgb\Forest\Forest_316.jpg,1,Forest,1,Forest,0.9985525012016296,True,-42.778053,23.485325
1726,C:\Users\DELL Precision 5550\Documents\GitHub\Terrasight-Eurosat-RGB-vs-Multispectral\data\raw\rgb\Residential\Residential_1880.jpg,7,Residential,7,Residential,0.9992480874061584,True,-32.084915,-30.198763
1727,C:\Users\DELL Precision 5550\Documents\GitHub\Terrasight-Eurosat-RGB-vs-Multispectral\data\raw\rgb\Industrial\Industrial_943.jpg,4,Industrial,4,Industrial,0.9995518326759338,True,-1.7190616,-61.110317
1728,C:\Users\DELL Precision 5550\Documents\GitHub\Terrasight-Eurosat-RGB-vs-Multispectral\data\raw\rgb\PermanentCrop\PermanentCrop_2279.jpg,6,PermanentCrop,6,PermanentCrop,0.9995306730270386,True,5.546165,-20.309105
1729,C:\Users\DELL Precision 5550\Documents\GitHub\Terrasight-Eurosat-RGB-vs-Multispectral\data\raw\rgb\AnnualCrop\AnnualCrop_710.jpg,0,AnnualCrop,0,AnnualCrop,0.9999980926513672,True,53.426956,9.479147
1730,C:\Users\DELL Precision 5550\Documents\GitHub\Terrasight-Eurosat-RGB-vs-Multispectral\data\raw\rgb\Forest\Forest_231.jpg,1,Forest,1,Forest,0.9873818755149841,True,-37.40733,26.515278
1731,C:\Users\DELL Precision 5550\Documents\GitHub\Terrasight-Eurosat-RGB-vs-Multispectral\data\raw\rgb\River\River_1521.jpg,8,River,8,River,0.999954342842102,True,29.534359,26.003773
1732,C:\Users\DELL Precision 5550\Documents\GitHub\Terrasight-Eurosat-RGB-vs-Multispectral\data\raw\rgb\AnnualCrop\AnnualCrop_794.jpg,0,AnnualCrop,0,AnnualCrop,0.9941587448120117,True,38.66191,-1.8514489
1733,C:\Users\DELL Precision 5550\Documents\GitHub\Terrasight-Eurosat-RGB-vs-Multispectral\data\raw\rgb\River\River_1476.jpg,8,River,8,River,0.9890600442886353,True,17.267277,25.551973
1734,C:\Users\DELL Precision 5550\Documents\GitHub\Terrasight-Eurosat-RGB-vs-Multispectral\data\raw\rgb\Forest\Forest_2585.jpg,1,Forest,1,Forest,0.9989614486694336,True,-43.090767,16.113302
1735,C:\Users\DELL Precision 5550\Documents\GitHub\Terrasight-Eurosat-RGB-vs-Multispectral\data\raw\rgb\Industrial\Industrial_2256.jpg,4,Industrial,4,Industrial,0.9998290538787842,True,5.5824227,-57.042027
1736,C:\Users\DELL Precision 5550\Documents\GitHub\Terrasight-Eurosat-RGB-vs-Multispectral\data\raw\rgb\Highway\Highway_1014.jpg,3,Highway,3,Highway,0.9971323013305664,True,43.113506,-28.740541
1737,C:\Users\DELL Precision 5550\Documents\GitHub\Terrasight-Eurosat-RGB-vs-Multispectral\data\raw\rgb\PermanentCrop\PermanentCrop_988.jpg,6,PermanentCrop,6,PermanentCrop,0.6836962699890137,True,6.6617227,-7.110955
1738,C:\Users\DELL Precision 5550\Documents\GitHub\Terrasight-Eurosat-RGB-vs-Multispectral\data\raw\rgb\Forest\Forest_1820.jpg,1,Forest,1,Forest,0.999687671661377,True,-46.401936,10.471437
1739,C:\Users\DELL Precision 5550\Documents\GitHub\Terrasight-Eurosat-RGB-vs-Multispectral\data\raw\rgb\HerbaceousVegetation\HerbaceousVegetation_418.jpg,2,HerbaceousVegetation,2,HerbaceousVegetation,0.9999501705169678,True,-21.484869,-1.7974417
1740,C:\Users\DELL Precision 5550\Documents\GitHub\Terrasight-Eurosat-RGB-vs-Multispectral\data\raw\rgb\River\River_210.jpg,8,River,0,AnnualCrop,0.4792431592941284,False,25.573586,10.071263
1741,C:\Users\DELL Precision 5550\Documents\GitHub\Terrasight-Eurosat-RGB-vs-Multispectral\data\raw\rgb\Industrial\Industrial_72.jpg,4,Industrial,4,Industrial,0.9903427362442017,True,3.5608625,-46.628384
1742,C:\Users\DELL Precision 5550\Documents\GitHub\Terrasight-Eurosat-RGB-vs-Multispectral\data\raw\rgb\Residential\Residential_786.jpg,7,Residential,7,Residential,0.9778926968574524,True,-34.45635,-39.744038
1743,C:\Users\DELL Precision 5550\Documents\GitHub\Terrasight-Eurosat-RGB-vs-Multispectral\data\raw\rgb\Residential\Residential_766.jpg,7,Residential,7,Residential,0.9998500347137451,True,-33.451397,-32.447906
1744,C:\Users\DELL Precision 5550\Documents\GitHub\Terrasight-Eurosat-RGB-vs-Multispectral\data\raw\rgb\AnnualCrop\AnnualCrop_2190.jpg,0,AnnualCrop,0,AnnualCrop,0.9999997615814209,True,58.047737,8.403616
1745,C:\Users\DELL Precision 5550\Documents\GitHub\Terrasight-Eurosat-RGB-vs-Multispectral\data\raw\rgb\Industrial\Industrial_1534.jpg,4,Industrial,4,Industrial,0.9982070922851562,True,-2.8255641,-51.444103
1746,C:\Users\DELL Precision 5550\Documents\GitHub\Terrasight-Eurosat-RGB-vs-Multispectral\data\raw\rgb\PermanentCrop\PermanentCrop_1465.jpg,6,PermanentCrop,6,PermanentCrop,0.9971134662628174,True,9.824474,-11.679948
1747,C:\Users\DELL Precision 5550\Documents\GitHub\Terrasight-Eurosat-RGB-vs-Multispectral\data\raw\rgb\AnnualCrop\AnnualCrop_267.jpg,0,AnnualCrop,0,AnnualCrop,0.9948219060897827,True,28.345118,3.20607
1748,C:\Users\DELL Precision 5550\Documents\GitHub\Terrasight-Eurosat-RGB-vs-Multispectral\data\raw\rgb\Highway\Highway_2409.jpg,3,Highway,3,Highway,0.9983417987823486,True,43.183876,-24.805883
1749,C:\Users\DELL Precision 5550\Documents\GitHub\Terrasight-Eurosat-RGB-vs-Multispectral\data\raw\rgb\SeaLake\SeaLake_1583.jpg,9,SeaLake,9,SeaLake,0.9997854828834534,True,-6.6634464,59.65491
1750,C:\Users\DELL Precision 5550\Documents\GitHub\Terrasight-Eurosat-RGB-vs-Multispectral\data\raw\rgb\HerbaceousVegetation\HerbaceousVegetation_163.jpg,2,HerbaceousVegetation,2,HerbaceousVegetation,0.9999716281890869,True,-22.642126,3.2698522
1751,C:\Users\DELL Precision 5550\Documents\GitHub\Terrasight-Eurosat-RGB-vs-Multispectral\data\raw\rgb\Pasture\Pasture_1354.jpg,5,Pasture,5,Pasture,0.992378830909729,True,5.032712,12.044147
1752,C:\Users\DELL Precision 5550\Documents\GitHub\Terrasight-Eurosat-RGB-vs-Multispectral\data\raw\rgb\Industrial\Industrial_288.jpg,4,Industrial,4,Industrial,0.9991052746772766,True,0.87429684,-55.420464
1753,C:\Users\DELL Precision 5550\Documents\GitHub\Terrasight-Eurosat-RGB-vs-Multispectral\data\raw\rgb\Industrial\Industrial_1945.jpg,4,Industrial,4,Industrial,0.9999994039535522,True,7.526541,-64.0148
1754,C:\Users\DELL Precision 5550\Documents\GitHub\Terrasight-Eurosat-RGB-vs-Multispectral\data\raw\rgb\Pasture\Pasture_441.jpg,5,Pasture,5,Pasture,0.9999982118606567,True,-0.6180811,23.025068
1755,C:\Users\DELL Precision 5550\Documents\GitHub\Terrasight-Eurosat-RGB-vs-Multispectral\data\raw\rgb\Highway\Highway_15.jpg,3,Highway,3,Highway,0.9996923208236694,True,50.76504,-26.781372
1756,C:\Users\DELL Precision 5550\Documents\GitHub\Terrasight-Eurosat-RGB-vs-Multispectral\data\raw\rgb\Highway\Highway_2170.jpg,3,Highway,3,Highway,0.9966838955879211,True,36.10389,-26.297922
1757,C:\Users\DELL Precision 5550\Documents\GitHub\Terrasight-Eurosat-RGB-vs-Multispectral\data\raw\rgb\Forest\Forest_1895.jpg,1,Forest,1,Forest,0.999998927116394,True,-51.94762,15.692093
1758,C:\Users\DELL Precision 5550\Documents\GitHub\Terrasight-Eurosat-RGB-vs-Multispectral\data\raw\rgb\PermanentCrop\PermanentCrop_2101.jpg,6,PermanentCrop,6,PermanentCrop,0.9995201826095581,True,5.1975703,-21.564621
1759,C:\Users\DELL Precision 5550\Documents\GitHub\Terrasight-Eurosat-RGB-vs-Multispectral\data\raw\rgb\Pasture\Pasture_1463.jpg,5,Pasture,5,Pasture,0.9984191656112671,True,1.3192371,11.274554
1760,C:\Users\DELL Precision 5550\Documents\GitHub\Terrasight-Eurosat-RGB-vs-Multispectral\data\raw\rgb\Forest\Forest_1167.jpg,1,Forest,1,Forest,0.9962651133537292,True,-37.71146,18.022928
1761,C:\Users\DELL Precision 5550\Documents\GitHub\Terrasight-Eurosat-RGB-vs-Multispectral\data\raw\rgb\Forest\Forest_102.jpg,1,Forest,1,Forest,0.9999994039535522,True,-54.16304,22.540293
1762,C:\Users\DELL Precision 5550\Documents\GitHub\Terrasight-Eurosat-RGB-vs-Multispectral\data\raw\rgb\AnnualCrop\AnnualCrop_890.jpg,0,AnnualCrop,0,AnnualCrop,0.5429393649101257,True,27.567324,6.849089
1763,C:\Users\DELL Precision 5550\Documents\GitHub\Terrasight-Eurosat-RGB-vs-Multispectral\data\raw\rgb\SeaLake\SeaLake_1168.jpg,9,SeaLake,9,SeaLake,0.9983900785446167,True,-3.6674771,46.165497
1764,C:\Users\DELL Precision 5550\Documents\GitHub\Terrasight-Eurosat-RGB-vs-Multispectral\data\raw\rgb\AnnualCrop\AnnualCrop_1301.jpg,0,AnnualCrop,0,AnnualCrop,0.9999667406082153,True,56.578846,3.1990738
1765,C:\Users\DELL Precision 5550\Documents\GitHub\Terrasight-Eurosat-RGB-vs-Multispectral\data\raw\rgb\Residential\Residential_1373.jpg,7,Residential,7,Residential,0.999705970287323,True,-41.291824,-26.899069
1766,C:\Users\DELL Precision 5550\Documents\GitHub\Terrasight-Eurosat-RGB-vs-Multispectral\data\raw\rgb\HerbaceousVegetation\HerbaceousVegetation_2423.jpg,2,HerbaceousVegetation,2,HerbaceousVegetation,0.9999125003814697,True,-16.151665,-1.163756
1767,C:\Users\DELL Precision 5550\Documents\GitHub\Terrasight-Eurosat-RGB-vs-Multispectral\data\raw\rgb\Residential\Residential_2547.jpg,7,Residential,7,Residential,0.9920393228530884,True,-29.104671,-31.527565
1768,C:\Users\DELL Precision 5550\Documents\GitHub\Terrasight-Eurosat-RGB-vs-Multispectral\data\raw\rgb\SeaLake\SeaLake_218.jpg,9,SeaLake,9,SeaLake,0.9999996423721313,True,-1.1642951,67.527985
1769,C:\Users\DELL Precision 5550\Documents\GitHub\Terrasight-Eurosat-RGB-vs-Multispectral\data\raw\rgb\HerbaceousVegetation\HerbaceousVegetation_1139.jpg,2,HerbaceousVegetation,2,HerbaceousVegetation,0.9999974966049194,True,-25.77839,-2.8569188
1770,C:\Users\DELL Precision 5550\Documents\GitHub\Terrasight-Eurosat-RGB-vs-Multispectral\data\raw\rgb\Residential\Residential_335.jpg,7,Residential,7,Residential,0.9990567564964294,True,-30.692966,-32.03251
1771,C:\Users\DELL Precision 5550\Documents\GitHub\Terrasight-Eurosat-RGB-vs-Multispectral\data\raw\rgb\River\River_1033.jpg,8,River,8,River,0.9998418092727661,True,23.609262,26.848772
1772,C:\Users\DELL Precision 5550\Documents\GitHub\Terrasight-Eurosat-RGB-vs-Multispectral\data\raw\rgb\Residential\Residential_1852.jpg,7,Residential,7,Residential,0.9981533885002136,True,-36.281937,-35.289574
1773,C:\Users\DELL Precision 5550\Documents\GitHub\Terrasight-Eurosat-RGB-vs-Multispectral\data\raw\rgb\Pasture\Pasture_591.jpg,5,Pasture,5,Pasture,0.9862252473831177,True,3.2431982,9.302516
1774,C:\Users\DELL Precision 5550\Documents\GitHub\Terrasight-Eurosat-RGB-vs-Multispectral\data\raw\rgb\SeaLake\SeaLake_2886.jpg,9,SeaLake,9,SeaLake,0.9999634027481079,True,2.5645273,46.18041
1775,C:\Users\DELL Precision 5550\Documents\GitHub\Terrasight-Eurosat-RGB-vs-Multispectral\data\raw\rgb\SeaLake\SeaLake_1078.jpg,9,SeaLake,9,SeaLake,0.9998635053634644,True,-12.768278,62.129543
1776,C:\Users\DELL Precision 5550\Documents\GitHub\Terrasight-Eurosat-RGB-vs-Multispectral\data\raw\rgb\River\River_1636.jpg,8,River,8,River,0.999273955821991,True,18.694214,22.371435
1777,C:\Users\DELL Precision 5550\Documents\GitHub\Terrasight-Eurosat-RGB-vs-Multispectral\data\raw\rgb\River\River_1894.jpg,8,River,8,River,0.9998230338096619,True,24.0866,26.666708
1778,C:\Users\DELL Precision 5550\Documents\GitHub\Terrasight-Eurosat-RGB-vs-Multispectral\data\raw\rgb\Forest\Forest_75.jpg,1,Forest,1,Forest,0.9999877214431763,True,-53.180748,16.878326
1779,C:\Users\DELL Precision 5550\Documents\GitHub\Terrasight-Eurosat-RGB-vs-Multispectral\data\raw\rgb\PermanentCrop\PermanentCrop_61.jpg,6,PermanentCrop,6,PermanentCrop,0.978671133518219,True,16.27606,-12.99715
1780,C:\Users\DELL Precision 5550\Documents\GitHub\Terrasight-Eurosat-RGB-vs-Multispectral\data\raw\rgb\Residential\Residential_1727.jpg,7,Residential,7,Residential,0.9999983310699463,True,-48.390648,-33.07421
1781,C:\Users\DELL Precision 5550\Documents\GitHub\Terrasight-Eurosat-RGB-vs-Multispectral\data\raw\rgb\River\River_1965.jpg,8,River,3,Highway,0.8918288350105286,False,45.67378,-20.62738
1782,C:\Users\DELL Precision 5550\Documents\GitHub\Terrasight-Eurosat-RGB-vs-Multispectral\data\raw\rgb\HerbaceousVegetation\HerbaceousVegetation_1473.jpg,2,HerbaceousVegetation,2,HerbaceousVegetation,0.9999983310699463,True,-18.15029,-8.616605
1783,C:\Users\DELL Precision 5550\Documents\GitHub\Terrasight-Eurosat-RGB-vs-Multispectral\data\raw\rgb\Residential\Residential_392.jpg,7,Residential,7,Residential,0.9960992336273193,True,-29.115385,-33.276474
1784,C:\Users\DELL Precision 5550\Documents\GitHub\Terrasight-Eurosat-RGB-vs-Multispectral\data\raw\rgb\Forest\Forest_2477.jpg,1,Forest,1,Forest,0.9999949932098389,True,-53.784966,14.954526
1785,C:\Users\DELL Precision 5550\Documents\GitHub\Terrasight-Eurosat-RGB-vs-Multispectral\data\raw\rgb\SeaLake\SeaLake_2639.jpg,9,SeaLake,9,SeaLake,0.9994227886199951,True,-2.9097295,50.70808
1786,C:\Users\DELL Precision 5550\Documents\GitHub\Terrasight-Eurosat-RGB-vs-Multispectral\data\raw\rgb\Highway\Highway_304.jpg,3,Highway,3,Highway,0.9997429251670837,True,41.22809,-34.370007
1787,C:\Users\DELL Precision 5550\Documents\GitHub\Terrasight-Eurosat-RGB-vs-Multispectral\data\raw\rgb\SeaLake\SeaLake_2256.jpg,9,SeaLake,9,SeaLake,0.9998179078102112,True,-3.087915,42.647842
1788,C:\Users\DELL Precision 5550\Documents\GitHub\Terrasight-Eurosat-RGB-vs-Multispectral\data\raw\rgb\Highway\Highway_1823.jpg,3,Highway,3,Highway,0.9912347793579102,True,45.57173,-21.09655
1789,C:\Users\DELL Precision 5550\Documents\GitHub\Terrasight-Eurosat-RGB-vs-Multispectral\data\raw\rgb\Residential\Residential_2938.jpg,7,Residential,7,Residential,0.9971006512641907,True,-42.033733,-38.709957
1790,C:\Users\DELL Precision 5550\Documents\GitHub\Terrasight-Eurosat-RGB-vs-Multispectral\data\raw\rgb\Forest\Forest_921.jpg,1,Forest,1,Forest,0.9999741315841675,True,-42.27337,11.629197
1791,C:\Users\DELL Precision 5550\Documents\GitHub\Terrasight-Eurosat-RGB-vs-Multispectral\data\raw\rgb\Forest\Forest_2246.jpg,1,Forest,1,Forest,0.9999628067016602,True,-47.05508,15.385277
1792,C:\Users\DELL Precision 5550\Documents\GitHub\Terrasight-Eurosat-RGB-vs-Multispectral\data\raw\rgb\SeaLake\SeaLake_1948.jpg,9,SeaLake,9,SeaLake,0.9795417189598083,True,-8.548828,42.801105
1793,C:\Users\DELL Precision 5550\Documents\GitHub\Terrasight-Eurosat-RGB-vs-Multispectral\data\raw\rgb\AnnualCrop\AnnualCrop_625.jpg,0,AnnualCrop,0,AnnualCrop,1.0,True,58.66088,9.796883
1794,C:\Users\DELL Precision 5550\Documents\GitHub\Terrasight-Eurosat-RGB-vs-Multispectral\data\raw\rgb\River\River_2248.jpg,8,River,8,River,0.9934624433517456,True,25.138783,21.64463
1795,C:\Users\DELL Precision 5550\Documents\GitHub\Terrasight-Eurosat-RGB-vs-Multispectral\data\raw\rgb\Industrial\Industrial_603.jpg,4,Industrial,4,Industrial,0.9738935828208923,True,-7.2673526,-48.443554
1796,C:\Users\DELL Precision 5550\Documents\GitHub\Terrasight-Eurosat-RGB-vs-Multispectral\data\raw\rgb\Residential\Residential_2993.jpg,7,Residential,7,Residential,0.9997910857200623,True,-36.064648,-31.10644
1797,C:\Users\DELL Precision 5550\Documents\GitHub\Terrasight-Eurosat-RGB-vs-Multispectral\data\raw\rgb\Industrial\Industrial_116.jpg,4,Industrial,4,Industrial,0.9877157807350159,True,-3.89587,-43.991783
1798,C:\Users\DELL Precision 5550\Documents\GitHub\Terrasight-Eurosat-RGB-vs-Multispectral\data\raw\rgb\AnnualCrop\AnnualCrop_1591.jpg,0,AnnualCrop,0,AnnualCrop,0.9999979734420776,True,59.08432,5.803922
1799,C:\Users\DELL Precision 5550\Documents\GitHub\Terrasight-Eurosat-RGB-vs-Multispectral\data\raw\rgb\PermanentCrop\PermanentCrop_401.jpg,6,PermanentCrop,6,PermanentCrop,0.9936968684196472,True,6.624632,-12.405954
1800,C:\Users\DELL Precision 5550\Documents\GitHub\Terrasight-Eurosat-RGB-vs-Multispectral\data\raw\rgb\SeaLake\SeaLake_2825.jpg,9,SeaLake,9,SeaLake,0.9981228709220886,True,-4.5045485,56.72648
1801,C:\Users\DELL Precision 5550\Documents\GitHub\Terrasight-Eurosat-RGB-vs-Multispectral\data\raw\rgb\Residential\Residential_1387.jpg,7,Residential,7,Residential,0.9989425539970398,True,-30.008427,-30.951832
1802,C:\Users\DELL Precision 5550\Documents\GitHub\Terrasight-Eurosat-RGB-vs-Multispectral\data\raw\rgb\PermanentCrop\PermanentCrop_1259.jpg,6,PermanentCrop,6,PermanentCrop,0.9972681999206543,True,11.800031,-9.956996
1803,C:\Users\DELL Precision 5550\Documents\GitHub\Terrasight-Eurosat-RGB-vs-Multispectral\data\raw\rgb\Forest\Forest_519.jpg,1,Forest,1,Forest,0.9999990463256836,True,-50.444824,18.543018
1804,C:\Users\DELL Precision 5550\Documents\GitHub\Terrasight-Eurosat-RGB-vs-Multispectral\data\raw\rgb\Pasture\Pasture_12.jpg,5,Pasture,5,Pasture,0.9994457364082336,True,2.0588624,18.503191
1805,C:\Users\DELL Precision 5550\Documents\GitHub\Terrasight-Eurosat-RGB-vs-Multispectral\data\raw\rgb\PermanentCrop\PermanentCrop_520.jpg,6,PermanentCrop,6,PermanentCrop,0.9900445938110352,True,5.37648,-12.763221
1806,C:\Users\DELL Precision 5550\Documents\GitHub\Terrasight-Eurosat-RGB-vs-Multispectral\data\raw\rgb\PermanentCrop\PermanentCrop_2236.jpg,6,PermanentCrop,6,PermanentCrop,0.986486554145813,True,4.3508677,-13.86661
1807,C:\Users\DELL Precision 5550\Documents\GitHub\Terrasight-Eurosat-RGB-vs-Multispectral\data\raw\rgb\River\River_574.jpg,8,River,8,River,0.9955403208732605,True,22.40422,24.481134
1808,C:\Users\DELL Precision 5550\Documents\GitHub\Terrasight-Eurosat-RGB-vs-Multispectral\data\raw\rgb\AnnualCrop\AnnualCrop_1450.jpg,0,AnnualCrop,0,AnnualCrop,0.998683512210846,True,36.82268,8.005246
1809,C:\Users\DELL Precision 5550\Documents\GitHub\Terrasight-Eurosat-RGB-vs-Multispectral\data\raw\rgb\Residential\Residential_2261.jpg,7,Residential,7,Residential,0.9999918937683105,True,-47.006832,-33.178486
1810,C:\Users\DELL Precision 5550\Documents\GitHub\Terrasight-Eurosat-RGB-vs-Multispectral\data\raw\rgb\Highway\Highway_1259.jpg,3,Highway,3,Highway,0.9869347810745239,True,35.065857,-24.760897
1811,C:\Users\DELL Precision 5550\Documents\GitHub\Terrasight-Eurosat-RGB-vs-Multispectral\data\raw\rgb\River\River_1827.jpg,8,River,8,River,0.9961580634117126,True,30.99537,31.02113
1812,C:\Users\DELL Precision 5550\Documents\GitHub\Terrasight-Eurosat-RGB-vs-Multispectral\data\raw\rgb\AnnualCrop\AnnualCrop_1714.jpg,0,AnnualCrop,0,AnnualCrop,1.0,True,57.21512,8.937226
1813,C:\Users\DELL Precision 5550\Documents\GitHub\Terrasight-Eurosat-RGB-vs-Multispectral\data\raw\rgb\PermanentCrop\PermanentCrop_2261.jpg,6,PermanentCrop,6,PermanentCrop,0.9979262351989746,True,7.293452,-12.863565
1814,C:\Users\DELL Precision 5550\Documents\GitHub\Terrasight-Eurosat-RGB-vs-Multispectral\data\raw\rgb\HerbaceousVegetation\HerbaceousVegetation_1599.jpg,2,HerbaceousVegetation,2,HerbaceousVegetation,0.9999891519546509,True,-24.127335,-2.7109153
1815,C:\Users\DELL Precision 5550\Documents\GitHub\Terrasight-Eurosat-RGB-vs-Multispectral\data\raw\rgb\PermanentCrop\PermanentCrop_806.jpg,6,PermanentCrop,6,PermanentCrop,0.8998244404792786,True,3.440209,-13.307998
1816,C:\Users\DELL Precision 5550\Documents\GitHub\Terrasight-Eurosat-RGB-vs-Multispectral\data\raw\rgb\Pasture\Pasture_1365.jpg,5,Pasture,5,Pasture,0.8771723508834839,True,8.522469,11.092986
1817,C:\Users\DELL Precision 5550\Documents\GitHub\Terrasight-Eurosat-RGB-vs-Multispectral\data\raw\rgb\AnnualCrop\AnnualCrop_2373.jpg,0,AnnualCrop,0,AnnualCrop,0.9999986886978149,True,52.54138,5.686203
1818,C:\Users\DELL Precision 5550\Documents\GitHub\Terrasight-Eurosat-RGB-vs-Multispectral\data\raw\rgb\SeaLake\SeaLake_2030.jpg,9,SeaLake,9,SeaLake,0.9999946355819702,True,-1.0296539,65.54306
1819,C:\Users\DELL Precision 5550\Documents\GitHub\Terrasight-Eurosat-RGB-vs-Multispectral\data\raw\rgb\AnnualCrop\AnnualCrop_1087.jpg,0,AnnualCrop,0,AnnualCrop,0.9999669790267944,True,47.55837,9.58483
1820,C:\Users\DELL Precision 5550\Documents\GitHub\Terrasight-Eurosat-RGB-vs-Multispectral\data\raw\rgb\SeaLake\SeaLake_175.jpg,9,SeaLake,9,SeaLake,0.9997544884681702,True,-14.113986,60.25387
1821,C:\Users\DELL Precision 5550\Documents\GitHub\Terrasight-Eurosat-RGB-vs-Multispectral\data\raw\rgb\Forest\Forest_1187.jpg,1,Forest,1,Forest,0.9999488592147827,True,-48.734627,23.258831
1822,C:\Users\DELL Precision 5550\Documents\GitHub\Terrasight-Eurosat-RGB-vs-Multispectral\data\raw\rgb\PermanentCrop\PermanentCrop_1355.jpg,6,PermanentCrop,6,PermanentCrop,0.9996943473815918,True,11.960345,-15.417084
1823,C:\Users\DELL Precision 5550\Documents\GitHub\Terrasight-Eurosat-RGB-vs-Multispectral\data\raw\rgb\Industrial\Industrial_1504.jpg,4,Industrial,4,Industrial,0.9973400235176086,True,4.2373776,-49.792946
1824,C:\Users\DELL Precision 5550\Documents\GitHub\Terrasight-Eurosat-RGB-vs-Multispectral\data\raw\rgb\Pasture\Pasture_81.jpg,5,Pasture,5,Pasture,0.999127209186554,True,-2.031762,17.027502
1825,C:\Users\DELL Precision 5550\Documents\GitHub\Terrasight-Eurosat-RGB-vs-Multispectral\data\raw\rgb\River\River_319.jpg,8,River,8,River,0.999998927116394,True,30.315943,36.13328
1826,C:\Users\DELL Precision 5550\Documents\GitHub\Terrasight-Eurosat-RGB-vs-Multispectral\data\raw\rgb\Residential\Residential_771.jpg,7,Residential,7,Residential,0.9936797618865967,True,-35.239437,-39.354706
1827,C:\Users\DELL Precision 5550\Documents\GitHub\Terrasight-Eurosat-RGB-vs-Multispectral\data\raw\rgb\HerbaceousVegetation\HerbaceousVegetation_1429.jpg,2,HerbaceousVegetation,2,HerbaceousVegetation,0.9999979734420776,True,-15.735224,-7.0854683
1828,C:\Users\DELL Precision 5550\Documents\GitHub\Terrasight-Eurosat-RGB-vs-Multispectral\data\raw\rgb\Residential\Residential_1884.jpg,7,Residential,7,Residential,0.9979972243309021,True,-43.504005,-39.719532
1829,C:\Users\DELL Precision 5550\Documents\GitHub\Terrasight-Eurosat-RGB-vs-Multispectral\data\raw\rgb\Forest\Forest_206.jpg,1,Forest,1,Forest,1.0,True,-55.512894,20.522852
1830,C:\Users\DELL Precision 5550\Documents\GitHub\Terrasight-Eurosat-RGB-vs-Multispectral\data\raw\rgb\Industrial\Industrial_976.jpg,4,Industrial,4,Industrial,0.9846801161766052,True,-5.3928323,-52.10436
1831,C:\Users\DELL Precision 5550\Documents\GitHub\Terrasight-Eurosat-RGB-vs-Multispectral\data\raw\rgb\Highway\Highway_2334.jpg,3,Highway,3,Highway,0.9998623132705688,True,48.042576,-28.190037
1832,C:\Users\DELL Precision 5550\Documents\GitHub\Terrasight-Eurosat-RGB-vs-Multispectral\data\raw\rgb\Forest\Forest_118.jpg,1,Forest,1,Forest,0.9999860525131226,True,-47.463863,15.317743
1833,C:\Users\DELL Precision 5550\Documents\GitHub\Terrasight-Eurosat-RGB-vs-Multispectral\data\raw\rgb\Highway\Highway_164.jpg,3,Highway,3,Highway,0.9997684359550476,True,44.531933,-26.961784
1834,C:\Users\DELL Precision 5550\Documents\GitHub\Terrasight-Eurosat-RGB-vs-Multispectral\data\raw\rgb\Forest\Forest_1750.jpg,1,Forest,1,Forest,0.999714195728302,True,-41.46036,23.142572
1835,C:\Users\DELL Precision 5550\Documents\GitHub\Terrasight-Eurosat-RGB-vs-Multispectral\data\raw\rgb\River\River_1573.jpg,8,River,8,River,0.998497724533081,True,18.440214,21.817045
1836,C:\Users\DELL Precision 5550\Documents\GitHub\Terrasight-Eurosat-RGB-vs-Multispectral\data\raw\rgb\Residential\Residential_989.jpg,7,Residential,7,Residential,0.9918460249900818,True,-42.57729,-40.339386
1837,C:\Users\DELL Precision 5550\Documents\GitHub\Terrasight-Eurosat-RGB-vs-Multispectral\data\raw\rgb\PermanentCrop\PermanentCrop_482.jpg,6,PermanentCrop,6,PermanentCrop,0.8640180826187134,True,1.9506525,-14.363196
1838,C:\Users\DELL Precision 5550\Documents\GitHub\Terrasight-Eurosat-RGB-vs-Multispectral\data\raw\rgb\Highway\Highway_75.jpg,3,Highway,3,Highway,0.9997852444648743,True,44.740543,-28.42544
1839,C:\Users\DELL Precision 5550\Documents\GitHub\Terrasight-Eurosat-RGB-vs-Multispectral\data\raw\rgb\AnnualCrop\AnnualCrop_601.jpg,0,AnnualCrop,0,AnnualCrop,0.9999998807907104,True,57.847466,8.666397
1840,C:\Users\DELL Precision 5550\Documents\GitHub\Terrasight-Eurosat-RGB-vs-Multispectral\data\raw\rgb\Residential\Residential_352.jpg,7,Residential,7,Residential,0.9622555375099182,True,-33.209347,-40.72945
1841,C:\Users\DELL Precision 5550\Documents\GitHub\Terrasight-Eurosat-RGB-vs-Multispectral\data\raw\rgb\Pasture\Pasture_1502.jpg,5,Pasture,5,Pasture,0.9656552076339722,True,6.795691,13.476415
1842,C:\Users\DELL Precision 5550\Documents\GitHub\Terrasight-Eurosat-RGB-vs-Multispectral\data\raw\rgb\SeaLake\SeaLake_168.jpg,9,SeaLake,9,SeaLake,0.9520136117935181,True,-9.458154,50.533775
1843,C:\Users\DELL Precision 5550\Documents\GitHub\Terrasight-Eurosat-RGB-vs-Multispectral\data\raw\rgb\Forest\Forest_2818.jpg,1,Forest,1,Forest,0.999822199344635,True,-39.36508,16.604609
1844,C:\Users\DELL Precision 5550\Documents\GitHub\Terrasight-Eurosat-RGB-vs-Multispectral\data\raw\rgb\Forest\Forest_2339.jpg,1,Forest,1,Forest,0.9672259092330933,True,-38.26037,26.01868
1845,C:\Users\DELL Precision 5550\Documents\GitHub\Terrasight-Eurosat-RGB-vs-Multispectral\data\raw\rgb\SeaLake\SeaLake_156.jpg,9,SeaLake,9,SeaLake,0.9999938011169434,True,-7.5323586,67.26532
1846,C:\Users\DELL Precision 5550\Documents\GitHub\Terrasight-Eurosat-RGB-vs-Multispectral\data\raw\rgb\PermanentCrop\PermanentCrop_2207.jpg,6,PermanentCrop,6,PermanentCrop,0.5778167843818665,True,-0.6536958,-12.660082
1847,C:\Users\DELL Precision 5550\Documents\GitHub\Terrasight-Eurosat-RGB-vs-Multispectral\data\raw\rgb\AnnualCrop\AnnualCrop_2943.jpg,0,AnnualCrop,0,AnnualCrop,1.0,True,61.47666,8.129107
1848,C:\Users\DELL Precision 5550\Documents\GitHub\Terrasight-Eurosat-RGB-vs-Multispectral\data\raw\rgb\Pasture\Pasture_493.jpg,5,Pasture,5,Pasture,0.9999008178710938,True,-6.1233597,22.196417
1849,C:\Users\DELL Precision 5550\Documents\GitHub\Terrasight-Eurosat-RGB-vs-Multispectral\data\raw\rgb\Pasture\Pasture_1385.jpg,5,Pasture,5,Pasture,0.7324565649032593,True,5.2220407,7.9689937
1850,C:\Users\DELL Precision 5550\Documents\GitHub\Terrasight-Eurosat-RGB-vs-Multispectral\data\raw\rgb\AnnualCrop\AnnualCrop_661.jpg,0,AnnualCrop,0,AnnualCrop,0.9997108578681946,True,39.35793,-0.6851653
1851,C:\Users\DELL Precision 5550\Documents\GitHub\Terrasight-Eurosat-RGB-vs-Multispectral\data\raw\rgb\SeaLake\SeaLake_2598.jpg,9,SeaLake,9,SeaLake,0.9999480247497559,True,-7.4199314,64.339584
1852,C:\Users\DELL Precision 5550\Documents\GitHub\Terrasight-Eurosat-RGB-vs-Multispectral\data\raw\rgb\SeaLake\SeaLake_63.jpg,9,SeaLake,9,SeaLake,0.9995682835578918,True,-3.770095,47.24711
1853,C:\Users\DELL Precision 5550\Documents\GitHub\Terrasight-Eurosat-RGB-vs-Multispectral\data\raw\rgb\Forest\Forest_2522.jpg,1,Forest,1,Forest,0.9999730587005615,True,-44.222733,24.700846
1854,C:\Users\DELL Precision 5550\Documents\GitHub\Terrasight-Eurosat-RGB-vs-Multispectral\data\raw\rgb\AnnualCrop\AnnualCrop_1752.jpg,0,AnnualCrop,0,AnnualCrop,0.999984860420227,True,51.0412,8.344094
1855,C:\Users\DELL Precision 5550\Documents\GitHub\Terrasight-Eurosat-RGB-vs-Multispectral\data\raw\rgb\Forest\Forest_2429.jpg,1,Forest,1,Forest,0.9997337460517883,True,-45.029842,12.199537
1856,C:\Users\DELL Precision 5550\Documents\GitHub\Terrasight-Eurosat-RGB-vs-Multispectral\data\raw\rgb\PermanentCrop\PermanentCrop_2474.jpg,6,PermanentCrop,6,PermanentCrop,0.99543297290802,True,10.618925,-9.551535
1857,C:\Users\DELL Precision 5550\Documents\GitHub\Terrasight-Eurosat-RGB-vs-Multispectral\data\raw\rgb\Highway\Highway_865.jpg,3,Highway,3,Highway,0.9991656541824341,True,35.403263,-34.45096
1858,C:\Users\DELL Precision 5550\Documents\GitHub\Terrasight-Eurosat-RGB-vs-Multispectral\data\raw\rgb\River\River_727.jpg,8,River,8,River,1.0,True,29.753689,39.473484
1859,C:\Users\DELL Precision 5550\Documents\GitHub\Terrasight-Eurosat-RGB-vs-Multispectral\data\raw\rgb\AnnualCrop\AnnualCrop_2094.jpg,0,AnnualCrop,0,AnnualCrop,1.0,True,60.5749,7.8506656
1860,C:\Users\DELL Precision 5550\Documents\GitHub\Terrasight-Eurosat-RGB-vs-Multispectral\data\raw\rgb\Highway\Highway_1415.jpg,3,Highway,3,Highway,0.9995934367179871,True,36.62469,-31.665808
1861,C:\Users\DELL Precision 5550\Documents\GitHub\Terrasight-Eurosat-RGB-vs-Multispectral\data\raw\rgb\Forest\Forest_911.jpg,1,Forest,1,Forest,0.9985034465789795,True,-41.674816,27.32833
1862,C:\Users\DELL Precision 5550\Documents\GitHub\Terrasight-Eurosat-RGB-vs-Multispectral\data\raw\rgb\Residential\Residential_1098.jpg,7,Residential,7,Residential,0.9972156286239624,True,-29.23788,-34.297462
1863,C:\Users\DELL Precision 5550\Documents\GitHub\Terrasight-Eurosat-RGB-vs-Multispectral\data\raw\rgb\Highway\Highway_1589.jpg,3,Highway,3,Highway,0.9719901084899902,True,42.781006,-32.072514
1864,C:\Users\DELL Precision 5550\Documents\GitHub\Terrasight-Eurosat-RGB-vs-Multispectral\data\raw\rgb\PermanentCrop\PermanentCrop_1839.jpg,6,PermanentCrop,6,PermanentCrop,0.9918280839920044,True,14.266777,-10.638211
1865,C:\Users\DELL Precision 5550\Documents\GitHub\Terrasight-Eurosat-RGB-vs-Multispectral\data\raw\rgb\Highway\Highway_1553.jpg,3,Highway,3,Highway,0.9993662238121033,True,42.67982,-36.668472
1866,C:\Users\DELL Precision 5550\Documents\GitHub\Terrasight-Eurosat-RGB-vs-Multispectral\data\raw\rgb\PermanentCrop\PermanentCrop_2027.jpg,6,PermanentCrop,6,PermanentCrop,0.9513693451881409,True,15.792043,-9.695797
1867,C:\Users\DELL Precision 5550\Documents\GitHub\Terrasight-Eurosat-RGB-vs-Multispectral\data\raw\rgb\Industrial\Industrial_1961.jpg,4,Industrial,4,Industrial,0.9999932050704956,True,6.300592,-64.547226
1868,C:\Users\DELL Precision 5550\Documents\GitHub\Terrasight-Eurosat-RGB-vs-Multispectral\data\raw\rgb\AnnualCrop\AnnualCrop_1420.jpg,0,AnnualCrop,0,AnnualCrop,0.9947980642318726,True,41.73835,-1.2499145
1869,C:\Users\DELL Precision 5550\Documents\GitHub\Terrasight-Eurosat-RGB-vs-Multispectral\data\raw\rgb\River\River_505.jpg,8,River,8,River,0.9998606443405151,True,23.817305,30.659637
1870,C:\Users\DELL Precision 5550\Documents\GitHub\Terrasight-Eurosat-RGB-vs-Multispectral\data\raw\rgb\Residential\Residential_1341.jpg,7,Residential,7,Residential,0.999991774559021,True,-47.012074,-32.82857
1871,C:\Users\DELL Precision 5550\Documents\GitHub\Terrasight-Eurosat-RGB-vs-Multispectral\data\raw\rgb\HerbaceousVegetation\HerbaceousVegetation_1114.jpg,2,HerbaceousVegetation,2,HerbaceousVegetation,0.99978107213974,True,-15.858369,3.2540596
1872,C:\Users\DELL Precision 5550\Documents\GitHub\Terrasight-Eurosat-RGB-vs-Multispectral\data\raw\rgb\AnnualCrop\AnnualCrop_89.jpg,0,AnnualCrop,0,AnnualCrop,0.9996482133865356,True,40.653313,3.229055
1873,C:\Users\DELL Precision 5550\Documents\GitHub\Terrasight-Eurosat-RGB-vs-Multispectral\data\raw\rgb\PermanentCrop\PermanentCrop_999.jpg,6,PermanentCrop,6,PermanentCrop,0.9402709007263184,True,2.1837046,-16.343655
1874,C:\Users\DELL Precision 5550\Documents\GitHub\Terrasight-Eurosat-RGB-vs-Multispectral\data\raw\rgb\SeaLake\SeaLake_2239.jpg,9,SeaLake,9,SeaLake,0.9997958540916443,True,3.030726,43.81862
1875,C:\Users\DELL Precision 5550\Documents\GitHub\Terrasight-Eurosat-RGB-vs-Multispectral\data\raw\rgb\Residential\Residential_668.jpg,7,Residential,7,Residential,0.9989408850669861,True,-30.733042,-32.96272
1876,C:\Users\DELL Precision 5550\Documents\GitHub\Terrasight-Eurosat-RGB-vs-Multispectral\data\raw\rgb\SeaLake\SeaLake_2174.jpg,9,SeaLake,9,SeaLake,0.9985950589179993,True,-4.1482563,57.07619
1877,C:\Users\DELL Precision 5550\Documents\GitHub\Terrasight-Eurosat-RGB-vs-Multispectral\data\raw\rgb\Residential\Residential_2664.jpg,7,Residential,7,Residential,0.8158823847770691,True,-23.159506,-33.73591
1878,C:\Users\DELL Precision 5550\Documents\GitHub\Terrasight-Eurosat-RGB-vs-Multispectral\data\raw\rgb\Forest\Forest_234.jpg,1,Forest,1,Forest,0.998934805393219,True,-33.336987,24.883963
1879,C:\Users\DELL Precision 5550\Documents\GitHub\Terrasight-Eurosat-RGB-vs-Multispectral\data\raw\rgb\PermanentCrop\PermanentCrop_754.jpg,6,PermanentCrop,2,HerbaceousVegetation,0.8710115551948547,False,-0.7706126,2.874306
1880,C:\Users\DELL Precision 5550\Documents\GitHub\Terrasight-Eurosat-RGB-vs-Multispectral\data\raw\rgb\Industrial\Industrial_1498.jpg,4,Industrial,4,Industrial,0.8776741027832031,True,-6.312897,-53.738285
1881,C:\Users\DELL Precision 5550\Documents\GitHub\Terrasight-Eurosat-RGB-vs-Multispectral\data\raw\rgb\River\River_2013.jpg,8,River,8,River,0.9999996423721313,True,32.102314,37.65921
1882,C:\Users\DELL Precision 5550\Documents\GitHub\Terrasight-Eurosat-RGB-vs-Multispectral\data\raw\rgb\PermanentCrop\PermanentCrop_1333.jpg,6,PermanentCrop,6,PermanentCrop,0.9988023042678833,True,4.5345984,-20.739199
1883,C:\Users\DELL Precision 5550\Documents\GitHub\Terrasight-Eurosat-RGB-vs-Multispectral\data\raw\rgb\PermanentCrop\PermanentCrop_459.jpg,6,PermanentCrop,6,PermanentCrop,0.9999673366546631,True,13.339132,-15.160994
1884,C:\Users\DELL Precision 5550\Documents\GitHub\Terrasight-Eurosat-RGB-vs-Multispectral\data\raw\rgb\Highway\Highway_422.jpg,3,Highway,3,Highway,0.9955556988716125,True,35.080463,-26.689507
1885,C:\Users\DELL Precision 5550\Documents\GitHub\Terrasight-Eurosat-RGB-vs-Multispectral\data\raw\rgb\Industrial\Industrial_2165.jpg,4,Industrial,4,Industrial,0.9810733795166016,True,-5.8132687,-52.569904
1886,C:\Users\DELL Precision 5550\Documents\GitHub\Terrasight-Eurosat-RGB-vs-Multispectral\data\raw\rgb\Industrial\Industrial_1787.jpg,4,Industrial,4,Industrial,0.8940483331680298,True,3.407721,-47.217262
1887,C:\Users\DELL Precision 5550\Documents\GitHub\Terrasight-Eurosat-RGB-vs-Multispectral\data\raw\rgb\Forest\Forest_300.jpg,1,Forest,1,Forest,0.9994449019432068,True,-38.433727,19.585514
1888,C:\Users\DELL Precision 5550\Documents\GitHub\Terrasight-Eurosat-RGB-vs-Multispectral\data\raw\rgb\AnnualCrop\AnnualCrop_1918.jpg,0,AnnualCrop,0,AnnualCrop,0.9999901056289673,True,57.208534,4.9155083
1889,C:\Users\DELL Precision 5550\Documents\GitHub\Terrasight-Eurosat-RGB-vs-Multispectral\data\raw\rgb\Residential\Residential_875.jpg,7,Residential,7,Residential,1.0,True,-48.54155,-30.153563
1890,C:\Users\DELL Precision 5550\Documents\GitHub\Terrasight-Eurosat-RGB-vs-Multispectral\data\raw\rgb\PermanentCrop\PermanentCrop_340.jpg,6,PermanentCrop,6,PermanentCrop,0.7804659605026245,True,1.2022748,-15.220865
1891,C:\Users\DELL Precision 5550\Documents\GitHub\Terrasight-Eurosat-RGB-vs-Multispectral\data\raw\rgb\SeaLake\SeaLake_2856.jpg,9,SeaLake,9,SeaLake,0.9997863173484802,True,-11.191899,59.372986
1892,C:\Users\DELL Precision 5550\Documents\GitHub\Terrasight-Eurosat-RGB-vs-Multispectral\data\raw\rgb\AnnualCrop\AnnualCrop_857.jpg,0,AnnualCrop,0,AnnualCrop,0.9999974966049194,True,52.84588,4.9680414
1893,C:\Users\DELL Precision 5550\Documents\GitHub\Terrasight-Eurosat-RGB-vs-Multispectral\data\raw\rgb\Highway\Highway_1346.jpg,3,Highway,3,Highway,0.9998583793640137,True,37.76254,-33.299713
1894,C:\Users\DELL Precision 5550\Documents\GitHub\Terrasight-Eurosat-RGB-vs-Multispectral\data\raw\rgb\HerbaceousVegetation\HerbaceousVegetation_898.jpg,2,HerbaceousVegetation,2,HerbaceousVegetation,0.9999985694885254,True,-17.834038,-9.322163
1895,C:\Users\DELL Precision 5550\Documents\GitHub\Terrasight-Eurosat-RGB-vs-Multispectral\data\raw\rgb\Industrial\Industrial_1290.jpg,4,Industrial,4,Industrial,0.9985866546630859,True,0.11278045,-56.41026
1896,C:\Users\DELL Precision 5550\Documents\GitHub\Terrasight-Eurosat-RGB-vs-Multispectral\data\raw\rgb\River\River_1975.jpg,8,River,8,River,0.9999992847442627,True,33.44535,37.382996
1897,C:\Users\DELL Precision 5550\Documents\GitHub\Terrasight-Eurosat-RGB-vs-Multispectral\data\raw\rgb\Highway\Highway_2412.jpg,3,Highway,3,Highway,0.998665452003479,True,45.652496,-32.421238
1898,C:\Users\DELL Precision 5550\Documents\GitHub\Terrasight-Eurosat-RGB-vs-Multispectral\data\raw\rgb\AnnualCrop\AnnualCrop_507.jpg,0,AnnualCrop,0,AnnualCrop,0.9881269335746765,True,32.434002,3.0324204
1899,C:\Users\DELL Precision 5550\Documents\GitHub\Terrasight-Eurosat-RGB-vs-Multispectral\data\raw\rgb\AnnualCrop\AnnualCrop_1750.jpg,0,AnnualCrop,0,AnnualCrop,0.9999912977218628,True,51.24999,3.5960407
1900,C:\Users\DELL Precision 5550\Documents\GitHub\Terrasight-Eurosat-RGB-vs-Multispectral\data\raw\rgb\Industrial\Industrial_862.jpg,4,Industrial,4,Industrial,0.998011589050293,True,4.5455647,-49.601757
1901,C:\Users\DELL Precision 5550\Documents\GitHub\Terrasight-Eurosat-RGB-vs-Multispectral\data\raw\rgb\Industrial\Industrial_2457.jpg,4,Industrial,4,Industrial,0.9990479350090027,True,-0.010842871,-51.81555
1902,C:\Users\DELL Precision 5550\Documents\GitHub\Terrasight-Eurosat-RGB-vs-Multispectral\data\raw\rgb\SeaLake\SeaLake_2198.jpg,9,SeaLake,9,SeaLake,0.9985895752906799,True,-4.6647677,56.603184
1903,C:\Users\DELL Precision 5550\Documents\GitHub\Terrasight-Eurosat-RGB-vs-Multispectral\data\raw\rgb\AnnualCrop\AnnualCrop_1184.jpg,0,AnnualCrop,0,AnnualCrop,0.9960060715675354,True,37.55339,4.257301
1904,C:\Users\DELL Precision 5550\Documents\GitHub\Terrasight-Eurosat-RGB-vs-Multispectral\data\raw\rgb\Forest\Forest_2320.jpg,1,Forest,1,Forest,0.9996517896652222,True,-40.377396,19.988539
1905,C:\Users\DELL Precision 5550\Documents\GitHub\Terrasight-Eurosat-RGB-vs-Multispectral\data\raw\rgb\PermanentCrop\PermanentCrop_2011.jpg,6,PermanentCrop,6,PermanentCrop,0.8134745955467224,True,4.7181153,-8.954682
1906,C:\Users\DELL Precision 5550\Documents\GitHub\Terrasight-Eurosat-RGB-vs-Multispectral\data\raw\rgb\Industrial\Industrial_941.jpg,4,Industrial,4,Industrial,0.9970320463180542,True,1.452948,-56.02953
1907,C:\Users\DELL Precision 5550\Documents\GitHub\Terrasight-Eurosat-RGB-vs-Multispectral\data\raw\rgb\Residential\Residential_2286.jpg,7,Residential,7,Residential,0.9913913011550903,True,-37.019264,-40.617615
1908,C:\Users\DELL Precision 5550\Documents\GitHub\Terrasight-Eurosat-RGB-vs-Multispectral\data\raw\rgb\Residential\Residential_160.jpg,7,Residential,7,Residential,0.9964536428451538,True,-32.784363,-36.36325
1909,C:\Users\DELL Precision 5550\Documents\GitHub\Terrasight-Eurosat-RGB-vs-Multispectral\data\raw\rgb\River\River_918.jpg,8,River,8,River,0.9999938011169434,True,29.63942,27.08161
1910,C:\Users\DELL Precision 5550\Documents\GitHub\Terrasight-Eurosat-RGB-vs-Multispectral\data\raw\rgb\HerbaceousVegetation\HerbaceousVegetation_578.jpg,2,HerbaceousVegetation,2,HerbaceousVegetation,0.9926290512084961,True,-4.0048122,-10.494822
1911,C:\Users\DELL Precision 5550\Documents\GitHub\Terrasight-Eurosat-RGB-vs-Multispectral\data\raw\rgb\Industrial\Industrial_859.jpg,4,Industrial,4,Industrial,0.9932582378387451,True,-0.5612853,-49.010002
1912,C:\Users\DELL Precision 5550\Documents\GitHub\Terrasight-Eurosat-RGB-vs-Multispectral\data\raw\rgb\AnnualCrop\AnnualCrop_1437.jpg,0,AnnualCrop,0,AnnualCrop,1.0,True,60.233498,7.1264625
1913,C:\Users\DELL Precision 5550\Documents\GitHub\Terrasight-Eurosat-RGB-vs-Multispectral\data\raw\rgb\AnnualCrop\AnnualCrop_2605.jpg,0,AnnualCrop,0,AnnualCrop,0.9867988228797913,True,30.566065,-0.40262255
1914,C:\Users\DELL Precision 5550\Documents\GitHub\Terrasight-Eurosat-RGB-vs-Multispectral\data\raw\rgb\SeaLake\SeaLake_1288.jpg,9,SeaLake,9,SeaLake,0.9994187355041504,True,-13.253667,58.209404
1915,C:\Users\DELL Precision 5550\Documents\GitHub\Terrasight-Eurosat-RGB-vs-Multispectral\data\raw\rgb\AnnualCrop\AnnualCrop_2843.jpg,0,AnnualCrop,0,AnnualCrop,0.999992847442627,True,57.3204,4.8010974
1916,C:\Users\DELL Precision 5550\Documents\GitHub\Terrasight-Eurosat-RGB-vs-Multispectral\data\raw\rgb\Pasture\Pasture_139.jpg,5,Pasture,5,Pasture,0.9980854988098145,True,2.540339,19.387638
1917,C:\Users\DELL Precision 5550\Documents\GitHub\Terrasight-Eurosat-RGB-vs-Multispectral\data\raw\rgb\HerbaceousVegetation\HerbaceousVegetation_269.jpg,2,HerbaceousVegetation,2,HerbaceousVegetation,0.9999537467956543,True,-16.667118,-1.7783564
1918,C:\Users\DELL Precision 5550\Documents\GitHub\Terrasight-Eurosat-RGB-vs-Multispectral\data\raw\rgb\PermanentCrop\PermanentCrop_2002.jpg,6,PermanentCrop,6,PermanentCrop,0.9999982118606567,True,9.545858,-22.969233
1919,C:\Users\DELL Precision 5550\Documents\GitHub\Terrasight-Eurosat-RGB-vs-Multispectral\data\raw\rgb\AnnualCrop\AnnualCrop_836.jpg,0,AnnualCrop,0,AnnualCrop,0.9964277148246765,True,41.59775,-1.2034768
1920,C:\Users\DELL Precision 5550\Documents\GitHub\Terrasight-Eurosat-RGB-vs-Multispectral\data\raw\rgb\Residential\Residential_1033.jpg,7,Residential,7,Residential,0.9913650751113892,True,-28.440063,-35.189827
1921,C:\Users\DELL Precision 5550\Documents\GitHub\Terrasight-Eurosat-RGB-vs-Multispectral\data\raw\rgb\SeaLake\SeaLake_2621.jpg,9,SeaLake,9,SeaLake,0.9997010231018066,True,-7.5584297,59.274925
1922,C:\Users\DELL Precision 5550\Documents\GitHub\Terrasight-Eurosat-RGB-vs-Multispectral\data\raw\rgb\Highway\Highway_1034.jpg,3,Highway,3,Highway,0.9977871179580688,True,34.426495,-36.531708
1923,C:\Users\DELL Precision 5550\Documents\GitHub\Terrasight-Eurosat-RGB-vs-Multispectral\data\raw\rgb\Industrial\Industrial_931.jpg,4,Industrial,4,Industrial,0.9930163621902466,True,-3.5721939,-50.1086
1924,C:\Users\DELL Precision 5550\Documents\GitHub\Terrasight-Eurosat-RGB-vs-Multispectral\data\raw\rgb\Industrial\Industrial_546.jpg,4,Industrial,4,Industrial,0.9896328449249268,True,-5.2090693,-45.140747
1925,C:\Users\DELL Precision 5550\Documents\GitHub\Terrasight-Eurosat-RGB-vs-Multispectral\data\raw\rgb\Residential\Residential_2496.jpg,7,Residential,4,Industrial,0.9196629524230957,False,-7.189813,-47.43568
1926,C:\Users\DELL Precision 5550\Documents\GitHub\Terrasight-Eurosat-RGB-vs-Multispectral\data\raw\rgb\AnnualCrop\AnnualCrop_1744.jpg,0,AnnualCrop,0,AnnualCrop,0.9986826777458191,True,36.755043,5.7367616
1927,C:\Users\DELL Precision 5550\Documents\GitHub\Terrasight-Eurosat-RGB-vs-Multispectral\data\raw\rgb\AnnualCrop\AnnualCrop_392.jpg,0,AnnualCrop,0,AnnualCrop,0.9999818801879883,True,51.641327,4.814655
1928,C:\Users\DELL Precision 5550\Documents\GitHub\Terrasight-Eurosat-RGB-vs-Multispectral\data\raw\rgb\PermanentCrop\PermanentCrop_303.jpg,6,PermanentCrop,2,HerbaceousVegetation,0.5713063478469849,False,0.56271166,-11.220244
1929,C:\Users\DELL Precision 5550\Documents\GitHub\Terrasight-Eurosat-RGB-vs-Multispectral\data\raw\rgb\River\River_2143.jpg,8,River,8,River,0.9999289512634277,True,23.126657,27.28691
1930,C:\Users\DELL Precision 5550\Documents\GitHub\Terrasight-Eurosat-RGB-vs-Multispectral\data\raw\rgb\PermanentCrop\PermanentCrop_894.jpg,6,PermanentCrop,6,PermanentCrop,0.9999868869781494,True,11.627036,-19.983896
1931,C:\Users\DELL Precision 5550\Documents\GitHub\Terrasight-Eurosat-RGB-vs-Multispectral\data\raw\rgb\Residential\Residential_2141.jpg,7,Residential,7,Residential,0.998082160949707,True,-37.818405,-29.829609
1932,C:\Users\DELL Precision 5550\Documents\GitHub\Terrasight-Eurosat-RGB-vs-Multispectral\data\raw\rgb\SeaLake\SeaLake_2442.jpg,9,SeaLake,9,SeaLake,0.9997676014900208,True,-14.957903,60.628086
1933,C:\Users\DELL Precision 5550\Documents\GitHub\Terrasight-Eurosat-RGB-vs-Multispectral\data\raw\rgb\Highway\Highway_494.jpg,3,Highway,3,Highway,0.9997729659080505,True,38.31068,-33.7881
1934,C:\Users\DELL Precision 5550\Documents\GitHub\Terrasight-Eurosat-RGB-vs-Multispectral\data\raw\rgb\HerbaceousVegetation\HerbaceousVegetation_2304.jpg,2,HerbaceousVegetation,2,HerbaceousVegetation,0.9993501305580139,True,-9.917793,-4.411395
1935,C:\Users\DELL Precision 5550\Documents\GitHub\Terrasight-Eurosat-RGB-vs-Multispectral\data\raw\rgb\SeaLake\SeaLake_213.jpg,9,SeaLake,9,SeaLake,0.9999736547470093,True,2.806424,45.799732
1936,C:\Users\DELL Precision 5550\Documents\GitHub\Terrasight-Eurosat-RGB-vs-Multispectral\data\raw\rgb\Forest\Forest_2110.jpg,1,Forest,1,Forest,0.9999998807907104,True,-55.484055,19.219828
1937,C:\Users\DELL Precision 5550\Documents\GitHub\Terrasight-Eurosat-RGB-vs-Multispectral\data\raw\rgb\HerbaceousVegetation\HerbaceousVegetation_353.jpg,2,HerbaceousVegetation,2,HerbaceousVegetation,0.9977731108665466,True,-21.15051,5.403786
1938,C:\Users\DELL Precision 5550\Documents\GitHub\Terrasight-Eurosat-RGB-vs-Multispectral\data\raw\rgb\Highway\Highway_188.jpg,3,Highway,3,Highway,0.9996604919433594,True,37.298706,-32.145447
1939,C:\Users\DELL Precision 5550\Documents\GitHub\Terrasight-Eurosat-RGB-vs-Multispectral\data\raw\rgb\Industrial\Industrial_2130.jpg,4,Industrial,4,Industrial,0.9901341795921326,True,-6.394793,-50.989227
1940,C:\Users\DELL Precision 5550\Documents\GitHub\Terrasight-Eurosat-RGB-vs-Multispectral\data\raw\rgb\Highway\Highway_1331.jpg,3,Highway,3,Highway,0.9995875954627991,True,46.884895,-28.872824
1941,C:\Users\DELL Precision 5550\Documents\GitHub\Terrasight-Eurosat-RGB-vs-Multispectral\data\raw\rgb\Forest\Forest_299.jpg,1,Forest,1,Forest,0.9999542236328125,True,-42.354305,11.554373
1942,C:\Users\DELL Precision 5550\Documents\GitHub\Terrasight-Eurosat-RGB-vs-Multispectral\data\raw\rgb\SeaLake\SeaLake_699.jpg,9,SeaLake,9,SeaLake,0.9999829530715942,True,-4.8437004,65.26657
1943,C:\Users\DELL Precision 5550\Documents\GitHub\Terrasight-Eurosat-RGB-vs-Multispectral\data\raw\rgb\PermanentCrop\PermanentCrop_1696.jpg,6,PermanentCrop,6,PermanentCrop,0.9994872808456421,True,6.3894134,-17.056469
1944,C:\Users\DELL Precision 5550\Documents\GitHub\Terrasight-Eurosat-RGB-vs-Multispectral\data\raw\rgb\AnnualCrop\AnnualCrop_499.jpg,0,AnnualCrop,0,AnnualCrop,0.7827303409576416,True,28.692015,7.9249163
1945,C:\Users\DELL Precision 5550\Documents\GitHub\Terrasight-Eurosat-RGB-vs-Multispectral\data\raw\rgb\Pasture\Pasture_1710.jpg,5,Pasture,5,Pasture,0.9999079704284668,True,-0.5975762,18.463945
1946,C:\Users\DELL Precision 5550\Documents\GitHub\Terrasight-Eurosat-RGB-vs-Multispectral\data\raw\rgb\River\River_1090.jpg,8,River,8,River,0.9999704360961914,True,29.185951,30.65718
1947,C:\Users\DELL Precision 5550\Documents\GitHub\Terrasight-Eurosat-RGB-vs-Multispectral\data\raw\rgb\AnnualCrop\AnnualCrop_1906.jpg,0,AnnualCrop,0,AnnualCrop,0.9999710321426392,True,48.593277,3.2364206
1948,C:\Users\DELL Precision 5550\Documents\GitHub\Terrasight-Eurosat-RGB-vs-Multispectral\data\raw\rgb\HerbaceousVegetation\HerbaceousVegetation_2244.jpg,2,HerbaceousVegetation,2,HerbaceousVegetation,0.9997015595436096,True,-20.179207,1.8219984
1949,C:\Users\DELL Precision 5550\Documents\GitHub\Terrasight-Eurosat-RGB-vs-Multispectral\data\raw\rgb\Industrial\Industrial_2389.jpg,4,Industrial,4,Industrial,0.965432345867157,True,-2.0918097,-48.53424
1950,C:\Users\DELL Precision 5550\Documents\GitHub\Terrasight-Eurosat-RGB-vs-Multispectral\data\raw\rgb\Industrial\Industrial_631.jpg,4,Industrial,4,Industrial,0.9982314705848694,True,-1.6880132,-54.49029
1951,C:\Users\DELL Precision 5550\Documents\GitHub\Terrasight-Eurosat-RGB-vs-Multispectral\data\raw\rgb\AnnualCrop\AnnualCrop_1482.jpg,0,AnnualCrop,0,AnnualCrop,0.9999967813491821,True,51.480446,11.036363
1952,C:\Users\DELL Precision 5550\Documents\GitHub\Terrasight-Eurosat-RGB-vs-Multispectral\data\raw\rgb\Forest\Forest_52.jpg,1,Forest,1,Forest,0.6531556248664856,True,-38.371838,26.783998
1953,C:\Users\DELL Precision 5550\Documents\GitHub\Terrasight-Eurosat-RGB-vs-Multispectral\data\raw\rgb\SeaLake\SeaLake_2863.jpg,9,SeaLake,9,SeaLake,0.9940274953842163,True,-6.4884152,49.649277
1954,C:\Users\DELL Precision 5550\Documents\GitHub\Terrasight-Eurosat-RGB-vs-Multispectral\data\raw\rgb\Residential\Residential_1665.jpg,7,Residential,7,Residential,0.9708436131477356,True,-40.570404,-41.90335
1955,C:\Users\DELL Precision 5550\Documents\GitHub\Terrasight-Eurosat-RGB-vs-Multispectral\data\raw\rgb\River\River_402.jpg,8,River,8,River,0.9999998807907104,True,30.588263,39.044403
1956,C:\Users\DELL Precision 5550\Documents\GitHub\Terrasight-Eurosat-RGB-vs-Multispectral\data\raw\rgb\AnnualCrop\AnnualCrop_1606.jpg,0,AnnualCrop,0,AnnualCrop,0.9999698400497437,True,44.79138,6.3377194
1957,C:\Users\DELL Precision 5550\Documents\GitHub\Terrasight-Eurosat-RGB-vs-Multispectral\data\raw\rgb\SeaLake\SeaLake_1735.jpg,9,SeaLake,9,SeaLake,0.9734238982200623,True,-7.6323667,46.380276
1958,C:\Users\DELL Precision 5550\Documents\GitHub\Terrasight-Eurosat-RGB-vs-Multispectral\data\raw\rgb\Pasture\Pasture_746.jpg,5,Pasture,5,Pasture,0.999997615814209,True,-6.9684186,23.883724
1959,C:\Users\DELL Precision 5550\Documents\GitHub\Terrasight-Eurosat-RGB-vs-Multispectral\data\raw\rgb\AnnualCrop\AnnualCrop_2920.jpg,0,AnnualCrop,0,AnnualCrop,0.9999974966049194,True,47.641552,6.7337976
1960,C:\Users\DELL Precision 5550\Documents\GitHub\Terrasight-Eurosat-RGB-vs-Multispectral\data\raw\rgb\River\River_1598.jpg,8,River,8,River,0.9983977675437927,True,24.42411,22.674225
1961,C:\Users\DELL Precision 5550\Documents\GitHub\Terrasight-Eurosat-RGB-vs-Multispectral\data\raw\rgb\PermanentCrop\PermanentCrop_1554.jpg,6,PermanentCrop,6,PermanentCrop,0.9955652356147766,True,9.986007,-11.073126
1962,C:\Users\DELL Precision 5550\Documents\GitHub\Terrasight-Eurosat-RGB-vs-Multispectral\data\raw\rgb\SeaLake\SeaLake_2743.jpg,9,SeaLake,9,SeaLake,0.9975327253341675,True,-6.680527,54.320267
1963,C:\Users\DELL Precision 5550\Documents\GitHub\Terrasight-Eurosat-RGB-vs-Multispectral\data\raw\rgb\HerbaceousVegetation\HerbaceousVegetation_1951.jpg,2,HerbaceousVegetation,6,PermanentCrop,0.5024495124816895,False,0.8092475,-17.669329
1964,C:\Users\DELL Precision 5550\Documents\GitHub\Terrasight-Eurosat-RGB-vs-Multispectral\data\raw\rgb\AnnualCrop\AnnualCrop_2482.jpg,0,AnnualCrop,0,AnnualCrop,0.9998770952224731,True,44.449146,4.186266
1965,C:\Users\DELL Precision 5550\Documents\GitHub\Terrasight-Eurosat-RGB-vs-Multispectral\data\raw\rgb\Highway\Highway_149.jpg,3,Highway,3,Highway,0.9828610420227051,True,35.06503,-25.779947
1966,C:\Users\DELL Precision 5550\Documents\GitHub\Terrasight-Eurosat-RGB-vs-Multispectral\data\raw\rgb\PermanentCrop\PermanentCrop_25.jpg,6,PermanentCrop,6,PermanentCrop,0.8346960544586182,True,16.800476,-8.679065
1967,C:\Users\DELL Precision 5550\Documents\GitHub\Terrasight-Eurosat-RGB-vs-Multispectral\data\raw\rgb\Industrial\Industrial_2481.jpg,4,Industrial,4,Industrial,0.9994257688522339,True,-1.825342,-57.46871
1968,C:\Users\DELL Precision 5550\Documents\GitHub\Terrasight-Eurosat-RGB-vs-Multispectral\data\raw\rgb\Residential\Residential_1419.jpg,7,Residential,7,Residential,0.9798946976661682,True,-28.836832,-37.032494
1969,C:\Users\DELL Precision 5550\Documents\GitHub\Terrasight-Eurosat-RGB-vs-Multispectral\data\raw\rgb\AnnualCrop\AnnualCrop_2166.jpg,0,AnnualCrop,0,AnnualCrop,0.9999998807907104,True,59.93925,9.325858
1970,C:\Users\DELL Precision 5550\Documents\GitHub\Terrasight-Eurosat-RGB-vs-Multispectral\data\raw\rgb\Forest\Forest_953.jpg,1,Forest,1,Forest,0.9994600415229797,True,-39.63794,19.681576
1971,C:\Users\DELL Precision 5550\Documents\GitHub\Terrasight-Eurosat-RGB-vs-Multispectral\data\raw\rgb\Highway\Highway_25.jpg,3,Highway,3,Highway,0.998921275138855,True,45.736225,-29.447224
1972,C:\Users\DELL Precision 5550\Documents\GitHub\Terrasight-Eurosat-RGB-vs-Multispectral\data\raw\rgb\SeaLake\SeaLake_2626.jpg,9,SeaLake,9,SeaLake,0.9999037981033325,True,-12.46242,62.750282
1973,C:\Users\DELL Precision 5550\Documents\GitHub\Terrasight-Eurosat-RGB-vs-Multispectral\data\raw\rgb\HerbaceousVegetation\HerbaceousVegetation_674.jpg,2,HerbaceousVegetation,2,HerbaceousVegetation,0.9999926090240479,True,-16.753159,-2.2909415
1974,C:\Users\DELL Precision 5550\Documents\GitHub\Terrasight-Eurosat-RGB-vs-Multispectral\data\raw\rgb\Industrial\Industrial_2423.jpg,4,Industrial,4,Industrial,0.9965689182281494,True,-2.9013271,-51.199966
1975,C:\Users\DELL Precision 5550\Documents\GitHub\Terrasight-Eurosat-RGB-vs-Multispectral\data\raw\rgb\HerbaceousVegetation\HerbaceousVegetation_1375.jpg,2,HerbaceousVegetation,2,HerbaceousVegetation,0.9999977350234985,True,-16.840494,-9.592046
1976,C:\Users\DELL Precision 5550\Documents\GitHub\Terrasight-Eurosat-RGB-vs-Multispectral\data\raw\rgb\River\River_534.jpg,8,River,8,River,0.9994693398475647,True,25.599085,25.177078
1977,C:\Users\DELL Precision 5550\Documents\GitHub\Terrasight-Eurosat-RGB-vs-Multispectral\data\raw\rgb\HerbaceousVegetation\HerbaceousVegetation_1723.jpg,2,HerbaceousVegetation,2,HerbaceousVegetation,0.9998964071273804,True,-20.712921,-6.0436435
1978,C:\Users\DELL Precision 5550\Documents\GitHub\Terrasight-Eurosat-RGB-vs-Multispectral\data\raw\rgb\Pasture\Pasture_1974.jpg,5,Pasture,5,Pasture,0.9995150566101074,True,3.2728658,18.981085
1979,C:\Users\DELL Precision 5550\Documents\GitHub\Terrasight-Eurosat-RGB-vs-Multispectral\data\raw\rgb\Residential\Residential_1355.jpg,7,Residential,7,Residential,0.9889712929725647,True,-33.021114,-39.034435
1980,C:\Users\DELL Precision 5550\Documents\GitHub\Terrasight-Eurosat-RGB-vs-Multispectral\data\raw\rgb\AnnualCrop\AnnualCrop_2349.jpg,0,AnnualCrop,0,AnnualCrop,0.9999971389770508,True,51.48071,11.4995365
1981,C:\Users\DELL Precision 5550\Documents\GitHub\Terrasight-Eurosat-RGB-vs-Multispectral\data\raw\rgb\HerbaceousVegetation\HerbaceousVegetation_1206.jpg,2,HerbaceousVegetation,2,HerbaceousVegetation,0.9999926090240479,True,-15.551581,-10.184068
1982,C:\Users\DELL Precision 5550\Documents\GitHub\Terrasight-Eurosat-RGB-vs-Multispectral\data\raw\rgb\SeaLake\SeaLake_1704.jpg,9,SeaLake,9,SeaLake,0.9996135830879211,True,-2.9084642,44.89835
1983,C:\Users\DELL Precision 5550\Documents\GitHub\Terrasight-Eurosat-RGB-vs-Multispectral\data\raw\rgb\Industrial\Industrial_428.jpg,4,Industrial,4,Industrial,0.9997376799583435,True,1.2496953,-61.379444
1984,C:\Users\DELL Precision 5550\Documents\GitHub\Terrasight-Eurosat-RGB-vs-Multispectral\data\raw\rgb\SeaLake\SeaLake_893.jpg,9,SeaLake,9,SeaLake,0.9997392296791077,True,-7.351794,59.757927
1985,C:\Users\DELL Precision 5550\Documents\GitHub\Terrasight-Eurosat-RGB-vs-Multispectral\data\raw\rgb\HerbaceousVegetation\HerbaceousVegetation_1843.jpg,2,HerbaceousVegetation,2,HerbaceousVegetation,0.999447762966156,True,-19.666576,5.444008
1986,C:\Users\DELL Precision 5550\Documents\GitHub\Terrasight-Eurosat-RGB-vs-Multispectral\data\raw\rgb\Pasture\Pasture_89.jpg,5,Pasture,5,Pasture,0.9810957312583923,True,1.1377883,9.209914
1987,C:\Users\DELL Precision 5550\Documents\GitHub\Terrasight-Eurosat-RGB-vs-Multispectral\data\raw\rgb\PermanentCrop\PermanentCrop_1823.jpg,6,PermanentCrop,6,PermanentCrop,0.911607027053833,True,17.089226,-8.253043
1988,C:\Users\DELL Precision 5550\Documents\GitHub\Terrasight-Eurosat-RGB-vs-Multispectral\data\raw\rgb\PermanentCrop\PermanentCrop_1650.jpg,6,PermanentCrop,6,PermanentCrop,0.9983558058738708,True,6.056705,-16.46602
1989,C:\Users\DELL Precision 5550\Documents\GitHub\Terrasight-Eurosat-RGB-vs-Multispectral\data\raw\rgb\Industrial\Industrial_2195.jpg,4,Industrial,4,Industrial,0.977353572845459,True,-5.4017115,-47.373413
1990,C:\Users\DELL Precision 5550\Documents\GitHub\Terrasight-Eurosat-RGB-vs-Multispectral\data\raw\rgb\Forest\Forest_2695.jpg,1,Forest,1,Forest,0.9989749193191528,True,-38.686424,21.613895
1991,C:\Users\DELL Precision 5550\Documents\GitHub\Terrasight-Eurosat-RGB-vs-Multispectral\data\raw\rgb\Pasture\Pasture_14.jpg,5,Pasture,5,Pasture,0.999987006187439,True,-6.169144,23.68556
1992,C:\Users\DELL Precision 5550\Documents\GitHub\Terrasight-Eurosat-RGB-vs-Multispectral\data\raw\rgb\Pasture\Pasture_955.jpg,5,Pasture,2,HerbaceousVegetation,0.6957067251205444,False,-0.3133134,8.08129
1993,C:\Users\DELL Precision 5550\Documents\GitHub\Terrasight-Eurosat-RGB-vs-Multispectral\data\raw\rgb\River\River_199.jpg,8,River,8,River,0.9999858140945435,True,27.810535,34.042763
1994,C:\Users\DELL Precision 5550\Documents\GitHub\Terrasight-Eurosat-RGB-vs-Multispectral\data\raw\rgb\PermanentCrop\PermanentCrop_636.jpg,6,PermanentCrop,6,PermanentCrop,0.9978272318840027,True,9.854324,-11.783445
1995,C:\Users\DELL Precision 5550\Documents\GitHub\Terrasight-Eurosat-RGB-vs-Multispectral\data\raw\rgb\AnnualCrop\AnnualCrop_79.jpg,0,AnnualCrop,0,AnnualCrop,0.9834873080253601,True,29.38295,7.6550198
1996,C:\Users\DELL Precision 5550\Documents\GitHub\Terrasight-Eurosat-RGB-vs-Multispectral\data\raw\rgb\HerbaceousVegetation\HerbaceousVegetation_1941.jpg,2,HerbaceousVegetation,2,HerbaceousVegetation,0.999995231628418,True,-18.537968,-11.515808
1997,C:\Users\DELL Precision 5550\Documents\GitHub\Terrasight-Eurosat-RGB-vs-Multispectral\data\raw\rgb\Industrial\Industrial_711.jpg,4,Industrial,4,Industrial,0.9692808389663696,True,-6.298118,-51.69005
1998,C:\Users\DELL Precision 5550\Documents\GitHub\Terrasight-Eurosat-RGB-vs-Multispectral\data\raw\rgb\Industrial\Industrial_1650.jpg,4,Industrial,4,Industrial,0.9997941851615906,True,1.783371,-62.27488
1999,C:\Users\DELL Precision 5550\Documents\GitHub\Terrasight-Eurosat-RGB-vs-Multispectral\data\raw\rgb\PermanentCrop\PermanentCrop_1712.jpg,6,PermanentCrop,6,PermanentCrop,0.9999996423721313,True,9.890102,-24.936453
2000,C:\Users\DELL Precision 5550\Documents\GitHub\Terrasight-Eurosat-RGB-vs-Multispectral\data\raw\rgb\Residential\Residential_2273.jpg,7,Residential,7,Residential,0.9999990463256836,True,-46.987392,-31.032856
2001,C:\Users\DELL Precision 5550\Documents\GitHub\Terrasight-Eurosat-RGB-vs-Multispectral\data\raw\rgb\River\River_499.jpg,8,River,8,River,0.9998413324356079,True,23.72149,31.33694
2002,C:\Users\DELL Precision 5550\Documents\GitHub\Terrasight-Eurosat-RGB-vs-Multispectral\data\raw\rgb\Pasture\Pasture_117.jpg,5,Pasture,5,Pasture,0.9999961853027344,True,-1.6151161,21.583572
2003,C:\Users\DELL Precision 5550\Documents\GitHub\Terrasight-Eurosat-RGB-vs-Multispectral\data\raw\rgb\Highway\Highway_618.jpg,3,Highway,3,Highway,0.9978294968605042,True,41.371475,-23.381481
2004,C:\Users\DELL Precision 5550\Documents\GitHub\Terrasight-Eurosat-RGB-vs-Multispectral\data\raw\rgb\AnnualCrop\AnnualCrop_256.jpg,0,AnnualCrop,0,AnnualCrop,0.9993261098861694,True,39.773212,0.33661968
2005,C:\Users\DELL Precision 5550\Documents\GitHub\Terrasight-Eurosat-RGB-vs-Multispectral\data\raw\rgb\River\River_964.jpg,8,River,8,River,0.99901282787323,True,18.301,24.74469
2006,C:\Users\DELL Precision 5550\Documents\GitHub\Terrasight-Eurosat-RGB-vs-Multispectral\data\raw\rgb\AnnualCrop\AnnualCrop_2676.jpg,0,AnnualCrop,0,AnnualCrop,0.9999372959136963,True,43.941586,10.225171
2007,C:\Users\DELL Precision 5550\Documents\GitHub\Terrasight-Eurosat-RGB-vs-Multispectral\data\raw\rgb\Forest\Forest_783.jpg,1,Forest,2,HerbaceousVegetation,0.8857893943786621,False,-2.0112984,2.2642667
2008,C:\Users\DELL Precision 5550\Documents\GitHub\Terrasight-Eurosat-RGB-vs-Multispectral\data\raw\rgb\PermanentCrop\PermanentCrop_1562.jpg,6,PermanentCrop,6,PermanentCrop,0.9917287230491638,True,9.613179,-10.337403
2009,C:\Users\DELL Precision 5550\Documents\GitHub\Terrasight-Eurosat-RGB-vs-Multispectral\data\raw\rgb\Industrial\Industrial_2462.jpg,4,Industrial,4,Industrial,0.9995647072792053,True,-2.2822483,-57.65842
2010,C:\Users\DELL Precision 5550\Documents\GitHub\Terrasight-Eurosat-RGB-vs-Multispectral\data\raw\rgb\AnnualCrop\AnnualCrop_2783.jpg,0,AnnualCrop,0,AnnualCrop,0.9040724635124207,True,28.142225,4.7280116
2011,C:\Users\DELL Precision 5550\Documents\GitHub\Terrasight-Eurosat-RGB-vs-Multispectral\data\raw\rgb\PermanentCrop\PermanentCrop_67.jpg,6,PermanentCrop,6,PermanentCrop,0.6309309601783752,True,26.272234,-0.40394795
2012,C:\Users\DELL Precision 5550\Documents\GitHub\Terrasight-Eurosat-RGB-vs-Multispectral\data\raw\rgb\AnnualCrop\AnnualCrop_2375.jpg,0,AnnualCrop,0,AnnualCrop,0.9999308586120605,True,53.89872,2.7704172
2013,C:\Users\DELL Precision 5550\Documents\GitHub\Terrasight-Eurosat-RGB-vs-Multispectral\data\raw\rgb\HerbaceousVegetation\HerbaceousVegetation_1200.jpg,2,HerbaceousVegetation,2,HerbaceousVegetation,0.9998633861541748,True,-9.093135,-8.958642
2014,C:\Users\DELL Precision 5550\Documents\GitHub\Terrasight-Eurosat-RGB-vs-Multispectral\data\raw\rgb\SeaLake\SeaLake_93.jpg,9,SeaLake,9,SeaLake,0.9975766539573669,True,-6.883463,49.895893
2015,C:\Users\DELL Precision 5550\Documents\GitHub\Terrasight-Eurosat-RGB-vs-Multispectral\data\raw\rgb\HerbaceousVegetation\HerbaceousVegetation_70.jpg,2,HerbaceousVegetation,2,HerbaceousVegetation,0.9999996423721313,True,-17.319489,-7.1439977
2016,C:\Users\DELL Precision 5550\Documents\GitHub\Terrasight-Eurosat-RGB-vs-Multispectral\data\raw\rgb\HerbaceousVegetation\HerbaceousVegetation_1982.jpg,2,HerbaceousVegetation,2,HerbaceousVegetation,0.982017993927002,True,-4.539629,-7.7834587
2017,C:\Users\DELL Precision 5550\Documents\GitHub\Terrasight-Eurosat-RGB-vs-Multispectral\data\raw\rgb\Forest\Forest_691.jpg,1,Forest,1,Forest,0.9999982118606567,True,-52.522842,23.175638
2018,C:\Users\DELL Precision 5550\Documents\GitHub\Terrasight-Eurosat-RGB-vs-Multispectral\data\raw\rgb\AnnualCrop\AnnualCrop_1330.jpg,0,AnnualCrop,0,AnnualCrop,0.9999850988388062,True,43.69949,6.235454
2019,C:\Users\DELL Precision 5550\Documents\GitHub\Terrasight-Eurosat-RGB-vs-Multispectral\data\raw\rgb\PermanentCrop\PermanentCrop_783.jpg,6,PermanentCrop,6,PermanentCrop,0.955491304397583,True,2.090573,-18.979156
2020,C:\Users\DELL Precision 5550\Documents\GitHub\Terrasight-Eurosat-RGB-vs-Multispectral\data\raw\rgb\AnnualCrop\AnnualCrop_2924.jpg,0,AnnualCrop,0,AnnualCrop,0.9999934434890747,True,50.63301,5.9590898
2021,C:\Users\DELL Precision 5550\Documents\GitHub\Terrasight-Eurosat-RGB-vs-Multispectral\data\raw\rgb\HerbaceousVegetation\HerbaceousVegetation_798.jpg,2,HerbaceousVegetation,2,HerbaceousVegetation,0.9999825954437256,True,-17.024239,-0.022460734
2022,C:\Users\DELL Precision 5550\Documents\GitHub\Terrasight-Eurosat-RGB-vs-Multispectral\data\raw\rgb\Industrial\Industrial_1990.jpg,4,Industrial,4,Industrial,0.9972833395004272,True,-1.6523912,-50.48866
2023,C:\Users\DELL Precision 5550\Documents\GitHub\Terrasight-Eurosat-RGB-vs-Multispectral\data\raw\rgb\River\River_2193.jpg,8,River,8,River,0.9997749924659729,True,27.518557,24.843096
2024,C:\Users\DELL Precision 5550\Documents\GitHub\Terrasight-Eurosat-RGB-vs-Multispectral\data\raw\rgb\AnnualCrop\AnnualCrop_1596.jpg,0,AnnualCrop,0,AnnualCrop,0.9916543960571289,True,34.653828,-0.42945564
2025,C:\Users\DELL Precision 5550\Documents\GitHub\Terrasight-Eurosat-RGB-vs-Multispectral\data\raw\rgb\River\River_106.jpg,8,River,8,River,0.999991774559021,True,29.957336,30.483406
2026,C:\Users\DELL Precision 5550\Documents\GitHub\Terrasight-Eurosat-RGB-vs-Multispectral\data\raw\rgb\SeaLake\SeaLake_2483.jpg,9,SeaLake,9,SeaLake,0.9633088111877441,True,-11.7759285,48.893772
2027,C:\Users\DELL Precision 5550\Documents\GitHub\Terrasight-Eurosat-RGB-vs-Multispectral\data\raw\rgb\Residential\Residential_383.jpg,7,Residential,7,Residential,0.9999194145202637,True,-44.844868,-33.74589
2028,C:\Users\DELL Precision 5550\Documents\GitHub\Terrasight-Eurosat-RGB-vs-Multispectral\data\raw\rgb\Residential\Residential_2764.jpg,7,Residential,7,Residential,0.9997385144233704,True,-48.556465,-35.957256
2029,C:\Users\DELL Precision 5550\Documents\GitHub\Terrasight-Eurosat-RGB-vs-Multispectral\data\raw\rgb\Industrial\Industrial_273.jpg,4,Industrial,4,Industrial,0.9970244765281677,True,-3.2339954,-49.325317
2030,C:\Users\DELL Precision 5550\Documents\GitHub\Terrasight-Eurosat-RGB-vs-Multispectral\data\raw\rgb\Pasture\Pasture_705.jpg,5,Pasture,5,Pasture,0.9998199343681335,True,2.9361646,16.997744
2031,C:\Users\DELL Precision 5550\Documents\GitHub\Terrasight-Eurosat-RGB-vs-Multispectral\data\raw\rgb\PermanentCrop\PermanentCrop_2494.jpg,6,PermanentCrop,6,PermanentCrop,0.9327539801597595,True,10.350749,-6.2121544
2032,C:\Users\DELL Precision 5550\Documents\GitHub\Terrasight-Eurosat-RGB-vs-Multispectral\data\raw\rgb\PermanentCrop\PermanentCrop_1842.jpg,6,PermanentCrop,6,PermanentCrop,0.9996926784515381,True,14.54727,-18.402039
2033,C:\Users\DELL Precision 5550\Documents\GitHub\Terrasight-Eurosat-RGB-vs-Multispectral\data\raw\rgb\Forest\Forest_990.jpg,1,Forest,1,Forest,0.9947124719619751,True,-36.100986,16.27596
2034,C:\Users\DELL Precision 5550\Documents\GitHub\Terrasight-Eurosat-RGB-vs-Multispectral\data\raw\rgb\PermanentCrop\PermanentCrop_1157.jpg,6,PermanentCrop,2,HerbaceousVegetation,0.5257971882820129,False,22.489532,4.4476757
2035,C:\Users\DELL Precision 5550\Documents\GitHub\Terrasight-Eurosat-RGB-vs-Multispectral\data\raw\rgb\Pasture\Pasture_1728.jpg,5,Pasture,2,HerbaceousVegetation,0.49033740162849426,False,-0.418716,3.9674828
2036,C:\Users\DELL Precision 5550\Documents\GitHub\Terrasight-Eurosat-RGB-vs-Multispectral\data\raw\rgb\PermanentCrop\PermanentCrop_183.jpg,6,PermanentCrop,0,AnnualCrop,0.7230689525604248,False,27.199154,0.3433846
2037,C:\Users\DELL Precision 5550\Documents\GitHub\Terrasight-Eurosat-RGB-vs-Multispectral\data\raw\rgb\Forest\Forest_291.jpg,1,Forest,1,Forest,0.9945922493934631,True,-36.79983,19.593494
2038,C:\Users\DELL Precision 5550\Documents\GitHub\Terrasight-Eurosat-RGB-vs-Multispectral\data\raw\rgb\Forest\Forest_1478.jpg,1,Forest,1,Forest,0.9996102452278137,True,-43.266346,23.224064
2039,C:\Users\DELL Precision 5550\Documents\GitHub\Terrasight-Eurosat-RGB-vs-Multispectral\data\raw\rgb\Residential\Residential_1766.jpg,7,Residential,7,Residential,0.9992235898971558,True,-39.194126,-28.792356
2040,C:\Users\DELL Precision 5550\Documents\GitHub\Terrasight-Eurosat-RGB-vs-Multispectral\data\raw\rgb\Residential\Residential_1862.jpg,7,Residential,7,Residential,0.8353053331375122,True,-32.528584,-40.074993
2041,C:\Users\DELL Precision 5550\Documents\GitHub\Terrasight-Eurosat-RGB-vs-Multispectral\data\raw\rgb\SeaLake\SeaLake_1547.jpg,9,SeaLake,9,SeaLake,0.9972962737083435,True,-6.3045897,42.971317
2042,C:\Users\DELL Precision 5550\Documents\GitHub\Terrasight-Eurosat-RGB-vs-Multispectral\data\raw\rgb\Forest\Forest_2612.jpg,1,Forest,1,Forest,0.9999960660934448,True,-53.744236,16.20628
2043,C:\Users\DELL Precision 5550\Documents\GitHub\Terrasight-Eurosat-RGB-vs-Multispectral\data\raw\rgb\SeaLake\SeaLake_1763.jpg,9,SeaLake,9,SeaLake,0.9986575841903687,True,-11.401595,45.11587
2044,C:\Users\DELL Precision 5550\Documents\GitHub\Terrasight-Eurosat-RGB-vs-Multispectral\data\raw\rgb\Highway\Highway_1870.jpg,3,Highway,3,Highway,0.9994633793830872,True,45.739937,-23.807543
2045,C:\Users\DELL Precision 5550\Documents\GitHub\Terrasight-Eurosat-RGB-vs-Multispectral\data\raw\rgb\Highway\Highway_629.jpg,3,Highway,3,Highway,0.9980158805847168,True,46.457542,-23.29057
2046,C:\Users\DELL Precision 5550\Documents\GitHub\Terrasight-Eurosat-RGB-vs-Multispectral\data\raw\rgb\SeaLake\SeaLake_229.jpg,9,SeaLake,9,SeaLake,0.9937606453895569,True,-11.30304,47.00137
2047,C:\Users\DELL Precision 5550\Documents\GitHub\Terrasight-Eurosat-RGB-vs-Multispectral\data\raw\rgb\Residential\Residential_1572.jpg,7,Residential,7,Residential,0.757464587688446,True,-26.090134,-38.520733
2048,C:\Users\DELL Precision 5550\Documents\GitHub\Terrasight-Eurosat-RGB-vs-Multispectral\data\raw\rgb\AnnualCrop\AnnualCrop_2602.jpg,0,AnnualCrop,0,AnnualCrop,0.999984860420227,True,49.551334,9.038125
2049,C:\Users\DELL Precision 5550\Documents\GitHub\Terrasight-Eurosat-RGB-vs-Multispectral\data\raw\rgb\PermanentCrop\PermanentCrop_1896.jpg,6,PermanentCrop,6,PermanentCrop,0.9999979734420776,True,12.233697,-23.305288
2050,C:\Users\DELL Precision 5550\Documents\GitHub\Terrasight-Eurosat-RGB-vs-Multispectral\data\raw\rgb\Highway\Highway_739.jpg,3,Highway,3,Highway,0.999580442905426,True,38.19787,-29.765026
2051,C:\Users\DELL Precision 5550\Documents\GitHub\Terrasight-Eurosat-RGB-vs-Multispectral\data\raw\rgb\Industrial\Industrial_1174.jpg,4,Industrial,4,Industrial,0.9248532056808472,True,-7.534818,-49.927963
2052,C:\Users\DELL Precision 5550\Documents\GitHub\Terrasight-Eurosat-RGB-vs-Multispectral\data\raw\rgb\Residential\Residential_1377.jpg,7,Residential,7,Residential,0.97890305519104,True,-28.046442,-35.34057
2053,C:\Users\DELL Precision 5550\Documents\GitHub\Terrasight-Eurosat-RGB-vs-Multispectral\data\raw\rgb\River\River_2474.jpg,8,River,8,River,0.9999934434890747,True,28.904186,34.70659
2054,C:\Users\DELL Precision 5550\Documents\GitHub\Terrasight-Eurosat-RGB-vs-Multispectral\data\raw\rgb\HerbaceousVegetation\HerbaceousVegetation_2929.jpg,2,HerbaceousVegetation,2,HerbaceousVegetation,0.9988742470741272,True,-4.6292334,-2.10736
2055,C:\Users\DELL Precision 5550\Documents\GitHub\Terrasight-Eurosat-RGB-vs-Multispectral\data\raw\rgb\AnnualCrop\AnnualCrop_2496.jpg,0,AnnualCrop,0,AnnualCrop,0.9999485015869141,True,49.003853,5.22343
2056,C:\Users\DELL Precision 5550\Documents\GitHub\Terrasight-Eurosat-RGB-vs-Multispectral\data\raw\rgb\AnnualCrop\AnnualCrop_535.jpg,0,AnnualCrop,0,AnnualCrop,0.9999874830245972,True,48.930634,4.3624206
2057,C:\Users\DELL Precision 5550\Documents\GitHub\Terrasight-Eurosat-RGB-vs-Multispectral\data\raw\rgb\AnnualCrop\AnnualCrop_2244.jpg,0,AnnualCrop,0,AnnualCrop,0.9870424270629883,True,28.887075,6.7000837
2058,C:\Users\DELL Precision 5550\Documents\GitHub\Terrasight-Eurosat-RGB-vs-Multispectral\data\raw\rgb\Highway\Highway_381.jpg,3,Highway,3,Highway,0.9999833106994629,True,49.976025,-31.407087
2059,C:\Users\DELL Precision 5550\Documents\GitHub\Terrasight-Eurosat-RGB-vs-Multispectral\data\raw\rgb\River\River_945.jpg,8,River,1,Forest,0.814081072807312,False,16.151342,25.691854
2060,C:\Users\DELL Precision 5550\Documents\GitHub\Terrasight-Eurosat-RGB-vs-Multispectral\data\raw\rgb\Highway\Highway_667.jpg,3,Highway,3,Highway,0.9921736717224121,True,42.047985,-29.63149
2061,C:\Users\DELL Precision 5550\Documents\GitHub\Terrasight-Eurosat-RGB-vs-Multispectral\data\raw\rgb\AnnualCrop\AnnualCrop_221.jpg,0,AnnualCrop,0,AnnualCrop,0.9999065399169922,True,45.804436,3.363087
2062,C:\Users\DELL Precision 5550\Documents\GitHub\Terrasight-Eurosat-RGB-vs-Multispectral\data\raw\rgb\Residential\Residential_141.jpg,7,Residential,7,Residential,0.9975115060806274,True,-34.801685,-38.57514
2063,C:\Users\DELL Precision 5550\Documents\GitHub\Terrasight-Eurosat-RGB-vs-Multispectral\data\raw\rgb\PermanentCrop\PermanentCrop_2289.jpg,6,PermanentCrop,6,PermanentCrop,0.994206428527832,True,5.3204007,-14.0171
2064,C:\Users\DELL Precision 5550\Documents\GitHub\Terrasight-Eurosat-RGB-vs-Multispectral\data\raw\rgb\River\River_2323.jpg,8,River,8,River,0.9986550807952881,True,20.85478,23.761786
2065,C:\Users\DELL Precision 5550\Documents\GitHub\Terrasight-Eurosat-RGB-vs-Multispectral\data\raw\rgb\River\River_2258.jpg,8,River,8,River,1.0,True,31.595413,40.78275
2066,C:\Users\DELL Precision 5550\Documents\GitHub\Terrasight-Eurosat-RGB-vs-Multispectral\data\raw\rgb\Residential\Residential_1753.jpg,7,Residential,7,Residential,0.9721152186393738,True,-41.299316,-41.690792
2067,C:\Users\DELL Precision 5550\Documents\GitHub\Terrasight-Eurosat-RGB-vs-Multispectral\data\raw\rgb\Industrial\Industrial_1882.jpg,4,Industrial,4,Industrial,0.9801760315895081,True,-5.5265665,-46.474537
2068,C:\Users\DELL Precision 5550\Documents\GitHub\Terrasight-Eurosat-RGB-vs-Multispectral\data\raw\rgb\Industrial\Industrial_515.jpg,4,Industrial,4,Industrial,0.9972748160362244,True,0.048161663,-60.37605
2069,C:\Users\DELL Precision 5550\Documents\GitHub\Terrasight-Eurosat-RGB-vs-Multispectral\data\raw\rgb\Forest\Forest_1624.jpg,1,Forest,1,Forest,0.9999179840087891,True,-46.443634,19.18892
2070,C:\Users\DELL Precision 5550\Documents\GitHub\Terrasight-Eurosat-RGB-vs-Multispectral\data\raw\rgb\Forest\Forest_1800.jpg,1,Forest,1,Forest,0.8434478044509888,True,-34.45135,20.171791
2071,C:\Users\DELL Precision 5550\Documents\GitHub\Terrasight-Eurosat-RGB-vs-Multispectral\data\raw\rgb\Highway\Highway_1932.jpg,3,Highway,3,Highway,0.9928852915763855,True,42.149433,-28.463566
2072,C:\Users\DELL Precision 5550\Documents\GitHub\Terrasight-Eurosat-RGB-vs-Multispectral\data\raw\rgb\River\River_1362.jpg,8,River,8,River,0.9978026747703552,True,18.560268,22.120188
2073,C:\Users\DELL Precision 5550\Documents\GitHub\Terrasight-Eurosat-RGB-vs-Multispectral\data\raw\rgb\HerbaceousVegetation\HerbaceousVegetation_2713.jpg,2,HerbaceousVegetation,2,HerbaceousVegetation,0.999372661113739,True,-4.8208547,-2.420187
2074,C:\Users\DELL Precision 5550\Documents\GitHub\Terrasight-Eurosat-RGB-vs-Multispectral\data\raw\rgb\PermanentCrop\PermanentCrop_1811.jpg,6,PermanentCrop,6,PermanentCrop,0.9982309937477112,True,4.674993,-17.78032
2075,C:\Users\DELL Precision 5550\Documents\GitHub\Terrasight-Eurosat-RGB-vs-Multispectral\data\raw\rgb\Forest\Forest_643.jpg,1,Forest,1,Forest,0.9999834299087524,True,-40.992054,15.473557
2076,C:\Users\DELL Precision 5550\Documents\GitHub\Terrasight-Eurosat-RGB-vs-Multispectral\data\raw\rgb\AnnualCrop\AnnualCrop_1628.jpg,0,AnnualCrop,0,AnnualCrop,0.9999998807907104,True,62.429737,7.77093
2077,C:\Users\DELL Precision 5550\Documents\GitHub\Terrasight-Eurosat-RGB-vs-Multispectral\data\raw\rgb\PermanentCrop\PermanentCrop_173.jpg,6,PermanentCrop,6,PermanentCrop,0.999943733215332,True,15.355777,-17.142294
2078,C:\Users\DELL Precision 5550\Documents\GitHub\Terrasight-Eurosat-RGB-vs-Multispectral\data\raw\rgb\AnnualCrop\AnnualCrop_1691.jpg,0,AnnualCrop,0,AnnualCrop,0.9995911717414856,True,41.968388,7.2998395
2079,C:\Users\DELL Precision 5550\Documents\GitHub\Terrasight-Eurosat-RGB-vs-Multispectral\data\raw\rgb\Forest\Forest_2315.jpg,1,Forest,1,Forest,0.9999171495437622,True,-35.60575,23.450098
2080,C:\Users\DELL Precision 5550\Documents\GitHub\Terrasight-Eurosat-RGB-vs-Multispectral\data\raw\rgb\SeaLake\SeaLake_1391.jpg,9,SeaLake,9,SeaLake,0.993941068649292,True,-6.4465437,45.5448
2081,C:\Users\DELL Precision 5550\Documents\GitHub\Terrasight-Eurosat-RGB-vs-Multispectral\data\raw\rgb\Pasture\Pasture_1586.jpg,5,Pasture,5,Pasture,0.9997079968452454,True,-5.827269,20.510735
2082,C:\Users\DELL Precision 5550\Documents\GitHub\Terrasight-Eurosat-RGB-vs-Multispectral\data\raw\rgb\PermanentCrop\PermanentCrop_149.jpg,6,PermanentCrop,2,HerbaceousVegetation,0.9994814991950989,False,-22.427532,4.468687
2083,C:\Users\DELL Precision 5550\Documents\GitHub\Terrasight-Eurosat-RGB-vs-Multispectral\data\raw\rgb\Highway\Highway_1727.jpg,3,Highway,3,Highway,0.9920058846473694,True,46.09478,-27.17936
2084,C:\Users\DELL Precision 5550\Documents\GitHub\Terrasight-Eurosat-RGB-vs-Multispectral\data\raw\rgb\Forest\Forest_1653.jpg,1,Forest,1,Forest,0.9913169145584106,True,-35.24644,26.932209
2085,C:\Users\DELL Precision 5550\Documents\GitHub\Terrasight-Eurosat-RGB-vs-Multispectral\data\raw\rgb\Pasture\Pasture_481.jpg,5,Pasture,5,Pasture,0.9944656491279602,True,-3.7632465,16.31766
2086,C:\Users\DELL Precision 5550\Documents\GitHub\Terrasight-Eurosat-RGB-vs-Multispectral\data\raw\rgb\Highway\Highway_993.jpg,3,Highway,3,Highway,0.9997830986976624,True,47.06103,-24.101326
2087,C:\Users\DELL Precision 5550\Documents\GitHub\Terrasight-Eurosat-RGB-vs-Multispectral\data\raw\rgb\Industrial\Industrial_2417.jpg,4,Industrial,4,Industrial,0.9961830973625183,True,-4.804634,-46.19799
2088,C:\Users\DELL Precision 5550\Documents\GitHub\Terrasight-Eurosat-RGB-vs-Multispectral\data\raw\rgb\Residential\Residential_2419.jpg,7,Residential,7,Residential,0.9957607388496399,True,-39.06392,-38.386124
2089,C:\Users\DELL Precision 5550\Documents\GitHub\Terrasight-Eurosat-RGB-vs-Multispectral\data\raw\rgb\Forest\Forest_2346.jpg,1,Forest,1,Forest,0.9999955892562866,True,-41.374744,13.481457
2090,C:\Users\DELL Precision 5550\Documents\GitHub\Terrasight-Eurosat-RGB-vs-Multispectral\data\raw\rgb\SeaLake\SeaLake_705.jpg,9,SeaLake,9,SeaLake,0.9996947050094604,True,-3.017058,44.603687
2091,C:\Users\DELL Precision 5550\Documents\GitHub\Terrasight-Eurosat-RGB-vs-Multispectral\data\raw\rgb\Highway\Highway_1594.jpg,3,Highway,3,Highway,0.9940804839134216,True,35.64071,-24.370499
2092,C:\Users\DELL Precision 5550\Documents\GitHub\Terrasight-Eurosat-RGB-vs-Multispectral\data\raw\rgb\Forest\Forest_1888.jpg,1,Forest,1,Forest,0.9999897480010986,True,-49.14167,19.200575
2093,C:\Users\DELL Precision 5550\Documents\GitHub\Terrasight-Eurosat-RGB-vs-Multispectral\data\raw\rgb\River\River_946.jpg,8,River,8,River,0.9877308011054993,True,28.301886,22.029001
2094,C:\Users\DELL Precision 5550\Documents\GitHub\Terrasight-Eurosat-RGB-vs-Multispectral\data\raw\rgb\Pasture\Pasture_1750.jpg,5,Pasture,2,HerbaceousVegetation,0.9082005620002747,False,-0.9708541,4.9664483
2095,C:\Users\DELL Precision 5550\Documents\GitHub\Terrasight-Eurosat-RGB-vs-Multispectral\data\raw\rgb\Pasture\Pasture_1600.jpg,5,Pasture,5,Pasture,0.9999984502792358,True,-0.8658052,21.827578
2096,C:\Users\DELL Precision 5550\Documents\GitHub\Terrasight-Eurosat-RGB-vs-Multispectral\data\raw\rgb\River\River_2007.jpg,8,River,8,River,0.9963172674179077,True,19.97505,21.47269
2097,C:\Users\DELL Precision 5550\Documents\GitHub\Terrasight-Eurosat-RGB-vs-Multispectral\data\raw\rgb\Forest\Forest_2418.jpg,1,Forest,1,Forest,0.9999814033508301,True,-48.097263,22.164976
2098,C:\Users\DELL Precision 5550\Documents\GitHub\Terrasight-Eurosat-RGB-vs-Multispectral\data\raw\rgb\Industrial\Industrial_86.jpg,4,Industrial,4,Industrial,0.9999343156814575,True,5.852881,-57.599094
2099,C:\Users\DELL Precision 5550\Documents\GitHub\Terrasight-Eurosat-RGB-vs-Multispectral\data\raw\rgb\Forest\Forest_2470.jpg,1,Forest,1,Forest,0.9993834495544434,True,-39.719704,19.230385
2100,C:\Users\DELL Precision 5550\Documents\GitHub\Terrasight-Eurosat-RGB-vs-Multispectral\data\raw\rgb\AnnualCrop\AnnualCrop_56.jpg,0,AnnualCrop,0,AnnualCrop,0.9999998807907104,True,57.58488,7.7478952
2101,C:\Users\DELL Precision 5550\Documents\GitHub\Terrasight-Eurosat-RGB-vs-Multispectral\data\raw\rgb\HerbaceousVegetation\HerbaceousVegetation_74.jpg,2,HerbaceousVegetation,2,HerbaceousVegetation,0.9998793601989746,True,-19.110788,-0.7162506
2102,C:\Users\DELL Precision 5550\Documents\GitHub\Terrasight-Eurosat-RGB-vs-Multispectral\data\raw\rgb\Highway\Highway_1165.jpg,3,Highway,3,Highway,0.9935623407363892,True,40.20534,-29.948881
2103,C:\Users\DELL Precision 5550\Documents\GitHub\Terrasight-Eurosat-RGB-vs-Multispectral\data\raw\rgb\River\River_261.jpg,8,River,8,River,0.9993194341659546,True,22.973955,24.457914
2104,C:\Users\DELL Precision 5550\Documents\GitHub\Terrasight-Eurosat-RGB-vs-Multispectral\data\raw\rgb\SeaLake\SeaLake_2269.jpg,9,SeaLake,9,SeaLake,0.9914059638977051,True,-7.0049353,44.60329
2105,C:\Users\DELL Precision 5550\Documents\GitHub\Terrasight-Eurosat-RGB-vs-Multispectral\data\raw\rgb\Industrial\Industrial_2300.jpg,4,Industrial,4,Industrial,0.9986432194709778,True,-3.2049022,-57.864964
2106,C:\Users\DELL Precision 5550\Documents\GitHub\Terrasight-Eurosat-RGB-vs-Multispectral\data\raw\rgb\SeaLake\SeaLake_562.jpg,9,SeaLake,9,SeaLake,0.9998886585235596,True,-6.2352753,61.754517
2107,C:\Users\DELL Precision 5550\Documents\GitHub\Terrasight-Eurosat-RGB-vs-Multispectral\data\raw\rgb\AnnualCrop\AnnualCrop_2860.jpg,0,AnnualCrop,0,AnnualCrop,0.9999582767486572,True,51.092407,3.1675406
2108,C:\Users\DELL Precision 5550\Documents\GitHub\Terrasight-Eurosat-RGB-vs-Multispectral\data\raw\rgb\AnnualCrop\AnnualCrop_1563.jpg,0,AnnualCrop,0,AnnualCrop,0.9997832179069519,True,53.547752,2.4818318
2109,C:\Users\DELL Precision 5550\Documents\GitHub\Terrasight-Eurosat-RGB-vs-Multispectral\data\raw\rgb\SeaLake\SeaLake_260.jpg,9,SeaLake,9,SeaLake,0.9887775778770447,True,-4.721941,49.904274
2110,C:\Users\DELL Precision 5550\Documents\GitHub\Terrasight-Eurosat-RGB-vs-Multispectral\data\raw\rgb\River\River_1196.jpg,8,River,8,River,0.9568312168121338,True,19.99924,21.546879
2111,C:\Users\DELL Precision 5550\Documents\GitHub\Terrasight-Eurosat-RGB-vs-Multispectral\data\raw\rgb\PermanentCrop\PermanentCrop_522.jpg,6,PermanentCrop,6,PermanentCrop,0.9180355668067932,True,14.6623335,-8.468669
2112,C:\Users\DELL Precision 5550\Documents\GitHub\Terrasight-Eurosat-RGB-vs-Multispectral\data\raw\rgb\Residential\Residential_308.jpg,7,Residential,7,Residential,0.9986798167228699,True,-35.284664,-36.260967
2113,C:\Users\DELL Precision 5550\Documents\GitHub\Terrasight-Eurosat-RGB-vs-Multispectral\data\raw\rgb\Residential\Residential_1225.jpg,7,Residential,7,Residential,0.931694746017456,True,-25.97119,-34.05317
2114,C:\Users\DELL Precision 5550\Documents\GitHub\Terrasight-Eurosat-RGB-vs-Multispectral\data\raw\rgb\Residential\Residential_1820.jpg,7,Residential,7,Residential,0.9997692704200745,True,-35.79235,-31.70076
2115,C:\Users\DELL Precision 5550\Documents\GitHub\Terrasight-Eurosat-RGB-vs-Multispectral\data\raw\rgb\AnnualCrop\AnnualCrop_2478.jpg,0,AnnualCrop,0,AnnualCrop,0.9999996423721313,True,59.30262,6.570065
2116,C:\Users\DELL Precision 5550\Documents\GitHub\Terrasight-Eurosat-RGB-vs-Multispectral\data\raw\rgb\SeaLake\SeaLake_1783.jpg,9,SeaLake,9,SeaLake,0.9949523210525513,True,-12.3048935,49.164413
2117,C:\Users\DELL Precision 5550\Documents\GitHub\Terrasight-Eurosat-RGB-vs-Multispectral\data\raw\rgb\HerbaceousVegetation\HerbaceousVegetation_836.jpg,2,HerbaceousVegetation,2,HerbaceousVegetation,0.9992056488990784,True,-4.420447,-2.0046823
2118,C:\Users\DELL Precision 5550\Documents\GitHub\Terrasight-Eurosat-RGB-vs-Multispectral\data\raw\rgb\Pasture\Pasture_1880.jpg,5,Pasture,5,Pasture,0.9999276399612427,True,0.8421469,18.118578
2119,C:\Users\DELL Precision 5550\Documents\GitHub\Terrasight-Eurosat-RGB-vs-Multispectral\data\raw\rgb\River\River_347.jpg,8,River,8,River,0.9993957281112671,True,23.7886,30.263561
2120,C:\Users\DELL Precision 5550\Documents\GitHub\Terrasight-Eurosat-RGB-vs-Multispectral\data\raw\rgb\Industrial\Industrial_1225.jpg,4,Industrial,4,Industrial,0.9997649788856506,True,4.3754516,-56.549637
2121,C:\Users\DELL Precision 5550\Documents\GitHub\Terrasight-Eurosat-RGB-vs-Multispectral\data\raw\rgb\HerbaceousVegetation\HerbaceousVegetation_1875.jpg,2,HerbaceousVegetation,2,HerbaceousVegetation,0.9998924732208252,True,-19.35954,-0.06545441
2122,C:\Users\DELL Precision 5550\Documents\GitHub\Terrasight-Eurosat-RGB-vs-Multispectral\data\raw\rgb\Pasture\Pasture_637.jpg,5,Pasture,5,Pasture,0.9999908208847046,True,0.73211575,23.37987
2123,C:\Users\DELL Precision 5550\Documents\GitHub\Terrasight-Eurosat-RGB-vs-Multispectral\data\raw\rgb\Forest\Forest_2557.jpg,1,Forest,1,Forest,0.9999988079071045,True,-54.40208,21.2026
2124,C:\Users\DELL Precision 5550\Documents\GitHub\Terrasight-Eurosat-RGB-vs-Multispectral\data\raw\rgb\Pasture\Pasture_1912.jpg,5,Pasture,5,Pasture,0.9297198057174683,True,0.5614775,8.796143
2125,C:\Users\DELL Precision 5550\Documents\GitHub\Terrasight-Eurosat-RGB-vs-Multispectral\data\raw\rgb\PermanentCrop\PermanentCrop_1425.jpg,6,PermanentCrop,6,PermanentCrop,0.8751656413078308,True,1.7863123,-18.554243
2126,C:\Users\DELL Precision 5550\Documents\GitHub\Terrasight-Eurosat-RGB-vs-Multispectral\data\raw\rgb\Highway\Highway_18.jpg,3,Highway,3,Highway,0.9950687885284424,True,47.436897,-22.999294
2127,C:\Users\DELL Precision 5550\Documents\GitHub\Terrasight-Eurosat-RGB-vs-Multispectral\data\raw\rgb\AnnualCrop\AnnualCrop_407.jpg,0,AnnualCrop,0,AnnualCrop,0.937089741230011,True,29.123667,1.8260293
2128,C:\Users\DELL Precision 5550\Documents\GitHub\Terrasight-Eurosat-RGB-vs-Multispectral\data\raw\rgb\Highway\Highway_1860.jpg,3,Highway,3,Highway,0.9986144304275513,True,46.528446,-27.362913
2129,C:\Users\DELL Precision 5550\Documents\GitHub\Terrasight-Eurosat-RGB-vs-Multispectral\data\raw\rgb\HerbaceousVegetation\HerbaceousVegetation_649.jpg,2,HerbaceousVegetation,2,HerbaceousVegetation,1.0,True,-26.407951,-5.948726
2130,C:\Users\DELL Precision 5550\Documents\GitHub\Terrasight-Eurosat-RGB-vs-Multispectral\data\raw\rgb\Residential\Residential_594.jpg,7,Residential,7,Residential,0.9957056641578674,True,-45.739437,-40.34521
2131,C:\Users\DELL Precision 5550\Documents\GitHub\Terrasight-Eurosat-RGB-vs-Multispectral\data\raw\rgb\Pasture\Pasture_1706.jpg,5,Pasture,5,Pasture,0.9999985694885254,True,0.4686991,23.16015
2132,C:\Users\DELL Precision 5550\Documents\GitHub\Terrasight-Eurosat-RGB-vs-Multispectral\data\raw\rgb\Residential\Residential_1658.jpg,7,Residential,7,Residential,0.9999731779098511,True,-45.037846,-36.282772
2133,C:\Users\DELL Precision 5550\Documents\GitHub\Terrasight-Eurosat-RGB-vs-Multispectral\data\raw\rgb\PermanentCrop\PermanentCrop_385.jpg,6,PermanentCrop,6,PermanentCrop,0.9925628304481506,True,10.427132,-9.864596
2134,C:\Users\DELL Precision 5550\Documents\GitHub\Terrasight-Eurosat-RGB-vs-Multispectral\data\raw\rgb\Forest\Forest_2111.jpg,1,Forest,1,Forest,0.9999982118606567,True,-53.45935,20.1583
2135,C:\Users\DELL Precision 5550\Documents\GitHub\Terrasight-Eurosat-RGB-vs-Multispectral\data\raw\rgb\HerbaceousVegetation\HerbaceousVegetation_2490.jpg,2,HerbaceousVegetation,2,HerbaceousVegetation,0.9984404444694519,True,-13.00171,-13.95846
2136,C:\Users\DELL Precision 5550\Documents\GitHub\Terrasight-Eurosat-RGB-vs-Multispectral\data\raw\rgb\PermanentCrop\PermanentCrop_2251.jpg,6,PermanentCrop,6,PermanentCrop,0.562532901763916,True,1.163812,-14.111172
2137,C:\Users\DELL Precision 5550\Documents\GitHub\Terrasight-Eurosat-RGB-vs-Multispectral\data\raw\rgb\Residential\Residential_2711.jpg,7,Residential,7,Residential,0.9973732233047485,True,-26.294743,-32.866863
2138,C:\Users\DELL Precision 5550\Documents\GitHub\Terrasight-Eurosat-RGB-vs-Multispectral\data\raw\rgb\Forest\Forest_1769.jpg,1,Forest,1,Forest,0.9749310612678528,True,-35.607872,19.943693
2139,C:\Users\DELL Precision 5550\Documents\GitHub\Terrasight-Eurosat-RGB-vs-Multispectral\data\raw\rgb\Industrial\Industrial_2062.jpg,4,Industrial,4,Industrial,0.994462788105011,True,-4.4414086,-51.359924
2140,C:\Users\DELL Precision 5550\Documents\GitHub\Terrasight-Eurosat-RGB-vs-Multispectral\data\raw\rgb\Highway\Highway_2493.jpg,3,Highway,3,Highway,0.9971758127212524,True,39.83194,-27.916906
2141,C:\Users\DELL Precision 5550\Documents\GitHub\Terrasight-Eurosat-RGB-vs-Multispectral\data\raw\rgb\Industrial\Industrial_934.jpg,4,Industrial,4,Industrial,0.9991207718849182,True,3.3807719,-53.368423
2142,C:\Users\DELL Precision 5550\Documents\GitHub\Terrasight-Eurosat-RGB-vs-Multispectral\data\raw\rgb\River\River_1137.jpg,8,River,8,River,0.9369939565658569,True,23.355633,19.65891
2143,C:\Users\DELL Precision 5550\Documents\GitHub\Terrasight-Eurosat-RGB-vs-Multispectral\data\raw\rgb\Pasture\Pasture_326.jpg,5,Pasture,5,Pasture,0.9999727010726929,True,-5.9691114,22.040098
2144,C:\Users\DELL Precision 5550\Documents\GitHub\Terrasight-Eurosat-RGB-vs-Multispectral\data\raw\rgb\River\River_1881.jpg,8,River,0,AnnualCrop,0.9429033994674683,False,25.787338,9.674742
2145,C:\Users\DELL Precision 5550\Documents\GitHub\Terrasight-Eurosat-RGB-vs-Multispectral\data\raw\rgb\HerbaceousVegetation\HerbaceousVegetation_268.jpg,2,HerbaceousVegetation,2,HerbaceousVegetation,0.9999945163726807,True,-15.827762,-6.410054
2146,C:\Users\DELL Precision 5550\Documents\GitHub\Terrasight-Eurosat-RGB-vs-Multispectral\data\raw\rgb\Forest\Forest_1172.jpg,1,Forest,1,Forest,0.9999978542327881,True,-51.072323,13.619307
2147,C:\Users\DELL Precision 5550\Documents\GitHub\Terrasight-Eurosat-RGB-vs-Multispectral\data\raw\rgb\Pasture\Pasture_1500.jpg,5,Pasture,5,Pasture,0.9999988079071045,True,-7.772978,24.084173
2148,C:\Users\DELL Precision 5550\Documents\GitHub\Terrasight-Eurosat-RGB-vs-Multispectral\data\raw\rgb\Industrial\Industrial_769.jpg,4,Industrial,4,Industrial,0.9982340335845947,True,-0.492745,-49.77351
2149,C:\Users\DELL Precision 5550\Documents\GitHub\Terrasight-Eurosat-RGB-vs-Multispectral\data\raw\rgb\Residential\Residential_718.jpg,7,Residential,7,Residential,0.9256936311721802,True,-31.231527,-41.731865
2150,C:\Users\DELL Precision 5550\Documents\GitHub\Terrasight-Eurosat-RGB-vs-Multispectral\data\raw\rgb\Residential\Residential_2549.jpg,7,Residential,2,HerbaceousVegetation,0.6673354506492615,False,-24.706396,-30.03919
2151,C:\Users\DELL Precision 5550\Documents\GitHub\Terrasight-Eurosat-RGB-vs-Multispectral\data\raw\rgb\Residential\Residential_2094.jpg,7,Residential,7,Residential,0.9568386077880859,True,-36.742554,-37.69895
2152,C:\Users\DELL Precision 5550\Documents\GitHub\Terrasight-Eurosat-RGB-vs-Multispectral\data\raw\rgb\HerbaceousVegetation\HerbaceousVegetation_2998.jpg,2,HerbaceousVegetation,2,HerbaceousVegetation,0.9997978806495667,True,-15.770242,-1.118457
2153,C:\Users\DELL Precision 5550\Documents\GitHub\Terrasight-Eurosat-RGB-vs-Multispectral\data\raw\rgb\Residential\Residential_1091.jpg,7,Residential,7,Residential,0.999997615814209,True,-43.48705,-26.658882
2154,C:\Users\DELL Precision 5550\Documents\GitHub\Terrasight-Eurosat-RGB-vs-Multispectral\data\raw\rgb\SeaLake\SeaLake_749.jpg,9,SeaLake,9,SeaLake,0.999991774559021,True,-0.8345074,65.256294
2155,C:\Users\DELL Precision 5550\Documents\GitHub\Terrasight-Eurosat-RGB-vs-Multispectral\data\raw\rgb\HerbaceousVegetation\HerbaceousVegetation_2805.jpg,2,HerbaceousVegetation,2,HerbaceousVegetation,0.9999339580535889,True,-20.954983,-4.838923
2156,C:\Users\DELL Precision 5550\Documents\GitHub\Terrasight-Eurosat-RGB-vs-Multispectral\data\raw\rgb\Residential\Residential_1376.jpg,7,Residential,7,Residential,0.9965012073516846,True,-36.00564,-37.262646
2157,C:\Users\DELL Precision 5550\Documents\GitHub\Terrasight-Eurosat-RGB-vs-Multispectral\data\raw\rgb\River\River_2041.jpg,8,River,8,River,0.5769947171211243,True,22.82863,4.297608
2158,C:\Users\DELL Precision 5550\Documents\GitHub\Terrasight-Eurosat-RGB-vs-Multispectral\data\raw\rgb\Highway\Highway_1170.jpg,3,Highway,3,Highway,0.9998804330825806,True,42.905296,-35.630962
2159,C:\Users\DELL Precision 5550\Documents\GitHub\Terrasight-Eurosat-RGB-vs-Multispectral\data\raw\rgb\Industrial\Industrial_2356.jpg,4,Industrial,4,Industrial,0.9834251999855042,True,-4.0205173,-45.476627
2160,C:\Users\DELL Precision 5550\Documents\GitHub\Terrasight-Eurosat-RGB-vs-Multispectral\data\raw\rgb\SeaLake\SeaLake_2003.jpg,9,SeaLake,9,SeaLake,0.9997237324714661,True,-5.051334,59.905365
2161,C:\Users\DELL Precision 5550\Documents\GitHub\Terrasight-Eurosat-RGB-vs-Multispectral\data\raw\rgb\SeaLake\SeaLake_2929.jpg,9,SeaLake,9,SeaLake,0.9999821186065674,True,3.6660843,45.331444
2162,C:\Users\DELL Precision 5550\Documents\GitHub\Terrasight-Eurosat-RGB-vs-Multispectral\data\raw\rgb\PermanentCrop\PermanentCrop_651.jpg,6,PermanentCrop,6,PermanentCrop,0.9088099002838135,True,1.1433268,-16.738207
2163,C:\Users\DELL Precision 5550\Documents\GitHub\Terrasight-Eurosat-RGB-vs-Multispectral\data\raw\rgb\SeaLake\SeaLake_942.jpg,9,SeaLake,9,SeaLake,0.999966025352478,True,-1.321207,63.796352
2164,C:\Users\DELL Precision 5550\Documents\GitHub\Terrasight-Eurosat-RGB-vs-Multispectral\data\raw\rgb\Highway\Highway_207.jpg,3,Highway,3,Highway,0.9972298741340637,True,42.143135,-29.256847
2165,C:\Users\DELL Precision 5550\Documents\GitHub\Terrasight-Eurosat-RGB-vs-Multispectral\data\raw\rgb\Forest\Forest_2350.jpg,1,Forest,1,Forest,0.9999966621398926,True,-44.052807,30.28342
2166,C:\Users\DELL Precision 5550\Documents\GitHub\Terrasight-Eurosat-RGB-vs-Multispectral\data\raw\rgb\HerbaceousVegetation\HerbaceousVegetation_1381.jpg,2,HerbaceousVegetation,2,HerbaceousVegetation,0.9972934126853943,True,-8.919169,-0.95846355
2167,C:\Users\DELL Precision 5550\Documents\GitHub\Terrasight-Eurosat-RGB-vs-Multispectral\data\raw\rgb\River\River_215.jpg,8,River,8,River,0.9999982118606567,True,24.824196,35.418434
2168,C:\Users\DELL Precision 5550\Documents\GitHub\Terrasight-Eurosat-RGB-vs-Multispectral\data\raw\rgb\Industrial\Industrial_2350.jpg,4,Industrial,4,Industrial,0.9984344840049744,True,0.44954056,-63.718895
2169,C:\Users\DELL Precision 5550\Documents\GitHub\Terrasight-Eurosat-RGB-vs-Multispectral\data\raw\rgb\Forest\Forest_1938.jpg,1,Forest,1,Forest,0.996292233467102,True,-38.060574,24.760641
2170,C:\Users\DELL Precision 5550\Documents\GitHub\Terrasight-Eurosat-RGB-vs-Multispectral\data\raw\rgb\HerbaceousVegetation\HerbaceousVegetation_1885.jpg,2,HerbaceousVegetation,2,HerbaceousVegetation,0.9988023042678833,True,-7.011472,-7.9896636
2171,C:\Users\DELL Precision 5550\Documents\GitHub\Terrasight-Eurosat-RGB-vs-Multispectral\data\raw\rgb\River\River_975.jpg,8,River,8,River,0.999942421913147,True,28.367605,28.300085
2172,C:\Users\DELL Precision 5550\Documents\GitHub\Terrasight-Eurosat-RGB-vs-Multispectral\data\raw\rgb\Industrial\Industrial_1481.jpg,4,Industrial,4,Industrial,0.9999420642852783,True,3.5182402,-61.56068
2173,C:\Users\DELL Precision 5550\Documents\GitHub\Terrasight-Eurosat-RGB-vs-Multispectral\data\raw\rgb\HerbaceousVegetation\HerbaceousVegetation_2079.jpg,2,HerbaceousVegetation,2,HerbaceousVegetation,0.9924352765083313,True,-4.5908856,-7.4908137
2174,C:\Users\DELL Precision 5550\Documents\GitHub\Terrasight-Eurosat-RGB-vs-Multispectral\data\raw\rgb\SeaLake\SeaLake_3.jpg,9,SeaLake,9,SeaLake,0.9998985528945923,True,-3.9723954,61.190758
2175,C:\Users\DELL Precision 5550\Documents\GitHub\Terrasight-Eurosat-RGB-vs-Multispectral\data\raw\rgb\Residential\Residential_479.jpg,7,Residential,7,Residential,0.9985137581825256,True,-40.720787,-26.699356
2176,C:\Users\DELL Precision 5550\Documents\GitHub\Terrasight-Eurosat-RGB-vs-Multispectral\data\raw\rgb\Residential\Residential_703.jpg,7,Residential,7,Residential,0.5934717655181885,True,-25.855993,-39.19416
2177,C:\Users\DELL Precision 5550\Documents\GitHub\Terrasight-Eurosat-RGB-vs-Multispectral\data\raw\rgb\HerbaceousVegetation\HerbaceousVegetation_1535.jpg,2,HerbaceousVegetation,2,HerbaceousVegetation,0.9999402761459351,True,-22.16347,2.7925868
2178,C:\Users\DELL Precision 5550\Documents\GitHub\Terrasight-Eurosat-RGB-vs-Multispectral\data\raw\rgb\Residential\Residential_1126.jpg,7,Residential,7,Residential,0.8870241045951843,True,-27.169153,-35.971943
2179,C:\Users\DELL Precision 5550\Documents\GitHub\Terrasight-Eurosat-RGB-vs-Multispectral\data\raw\rgb\SeaLake\SeaLake_2245.jpg,9,SeaLake,9,SeaLake,0.9974451065063477,True,-5.464198,47.518448
2180,C:\Users\DELL Precision 5550\Documents\GitHub\Terrasight-Eurosat-RGB-vs-Multispectral\data\raw\rgb\PermanentCrop\PermanentCrop_468.jpg,6,PermanentCrop,6,PermanentCrop,0.9999899864196777,True,7.4003835,-23.495316
2181,C:\Users\DELL Precision 5550\Documents\GitHub\Terrasight-Eurosat-RGB-vs-Multispectral\data\raw\rgb\Pasture\Pasture_1683.jpg,5,Pasture,5,Pasture,0.9992187023162842,True,3.3475094,16.013584
2182,C:\Users\DELL Precision 5550\Documents\GitHub\Terrasight-Eurosat-RGB-vs-Multispectral\data\raw\rgb\River\River_2183.jpg,8,River,8,River,1.0,True,31.039024,40.0491
2183,C:\Users\DELL Precision 5550\Documents\GitHub\Terrasight-Eurosat-RGB-vs-Multispectral\data\raw\rgb\HerbaceousVegetation\HerbaceousVegetation_2231.jpg,2,HerbaceousVegetation,2,HerbaceousVegetation,0.9987514019012451,True,-5.3070264,-5.4474535
2184,C:\Users\DELL Precision 5550\Documents\GitHub\Terrasight-Eurosat-RGB-vs-Multispectral\data\raw\rgb\Residential\Residential_528.jpg,7,Residential,7,Residential,0.9989099502563477,True,-31.190094,-32.263416
2185,C:\Users\DELL Precision 5550\Documents\GitHub\Terrasight-Eurosat-RGB-vs-Multispectral\data\raw\rgb\Residential\Residential_1684.jpg,7,Residential,7,Residential,0.9998495578765869,True,-40.538414,-29.253614
2186,C:\Users\DELL Precision 5550\Documents\GitHub\Terrasight-Eurosat-RGB-vs-Multispectral\data\raw\rgb\Highway\Highway_1127.jpg,3,Highway,3,Highway,0.999855637550354,True,51.867115,-28.941261
2187,C:\Users\DELL Precision 5550\Documents\GitHub\Terrasight-Eurosat-RGB-vs-Multispectral\data\raw\rgb\Pasture\Pasture_1455.jpg,5,Pasture,5,Pasture,0.999874472618103,True,-4.654969,22.952047
2188,C:\Users\DELL Precision 5550\Documents\GitHub\Terrasight-Eurosat-RGB-vs-Multispectral\data\raw\rgb\River\River_783.jpg,8,River,8,River,0.8499312400817871,True,25.141184,15.896564
2189,C:\Users\DELL Precision 5550\Documents\GitHub\Terrasight-Eurosat-RGB-vs-Multispectral\data\raw\rgb\SeaLake\SeaLake_1128.jpg,9,SeaLake,9,SeaLake,0.9999898672103882,True,-2.1254232,65.22356
2190,C:\Users\DELL Precision 5550\Documents\GitHub\Terrasight-Eurosat-RGB-vs-Multispectral\data\raw\rgb\AnnualCrop\AnnualCrop_450.jpg,0,AnnualCrop,0,AnnualCrop,0.9999881982803345,True,51.361298,7.906557
2191,C:\Users\DELL Precision 5550\Documents\GitHub\Terrasight-Eurosat-RGB-vs-Multispectral\data\raw\rgb\River\River_332.jpg,8,River,8,River,0.9999136924743652,True,23.45144,35.62204
2192,C:\Users\DELL Precision 5550\Documents\GitHub\Terrasight-Eurosat-RGB-vs-Multispectral\data\raw\rgb\River\River_1373.jpg,8,River,8,River,0.9878409504890442,True,17.014221,25.393805
2193,C:\Users\DELL Precision 5550\Documents\GitHub\Terrasight-Eurosat-RGB-vs-Multispectral\data\raw\rgb\SeaLake\SeaLake_88.jpg,9,SeaLake,9,SeaLake,0.9968065023422241,True,-5.3860025,54.874416
2194,C:\Users\DELL Precision 5550\Documents\GitHub\Terrasight-Eurosat-RGB-vs-Multispectral\data\raw\rgb\PermanentCrop\PermanentCrop_1565.jpg,6,PermanentCrop,6,PermanentCrop,0.9948163628578186,True,3.8819942,-18.160315
2195,C:\Users\DELL Precision 5550\Documents\GitHub\Terrasight-Eurosat-RGB-vs-Multispectral\data\raw\rgb\HerbaceousVegetation\HerbaceousVegetation_1044.jpg,2,HerbaceousVegetation,2,HerbaceousVegetation,0.9999961853027344,True,-23.3894,-11.982351
2196,C:\Users\DELL Precision 5550\Documents\GitHub\Terrasight-Eurosat-RGB-vs-Multispectral\data\raw\rgb\AnnualCrop\AnnualCrop_1339.jpg,0,AnnualCrop,0,AnnualCrop,0.9960976839065552,True,46.39997,10.359736
2197,C:\Users\DELL Precision 5550\Documents\GitHub\Terrasight-Eurosat-RGB-vs-Multispectral\data\raw\rgb\Forest\Forest_1355.jpg,1,Forest,1,Forest,0.9999948740005493,True,-50.5598,22.119743
2198,C:\Users\DELL Precision 5550\Documents\GitHub\Terrasight-Eurosat-RGB-vs-Multispectral\data\raw\rgb\SeaLake\SeaLake_2072.jpg,9,SeaLake,9,SeaLake,0.9999867677688599,True,-7.6180778,67.28926
2199,C:\Users\DELL Precision 5550\Documents\GitHub\Terrasight-Eurosat-RGB-vs-Multispectral\data\raw\rgb\River\River_2261.jpg,8,River,8,River,0.9999991655349731,True,33.381603,36.66105
2200,C:\Users\DELL Precision 5550\Documents\GitHub\Terrasight-Eurosat-RGB-vs-Multispectral\data\raw\rgb\AnnualCrop\AnnualCrop_2008.jpg,0,AnnualCrop,0,AnnualCrop,1.0,True,58.554794,8.39873
2201,C:\Users\DELL Precision 5550\Documents\GitHub\Terrasight-Eurosat-RGB-vs-Multispectral\data\raw\rgb\AnnualCrop\AnnualCrop_1773.jpg,0,AnnualCrop,5,Pasture,0.9001040458679199,False,8.789963,11.960455
2202,C:\Users\DELL Precision 5550\Documents\GitHub\Terrasight-Eurosat-RGB-vs-Multispectral\data\raw\rgb\River\River_1350.jpg,8,River,8,River,0.9648537039756775,True,17.756247,25.221401
2203,C:\Users\DELL Precision 5550\Documents\GitHub\Terrasight-Eurosat-RGB-vs-Multispectral\data\raw\rgb\HerbaceousVegetation\HerbaceousVegetation_1934.jpg,2,HerbaceousVegetation,2,HerbaceousVegetation,0.9999068975448608,True,-19.74041,-1.8757108
2204,C:\Users\DELL Precision 5550\Documents\GitHub\Terrasight-Eurosat-RGB-vs-Multispectral\data\raw\rgb\SeaLake\SeaLake_1934.jpg,9,SeaLake,9,SeaLake,0.9992259740829468,True,-9.260446,55.21215
2205,C:\Users\DELL Precision 5550\Documents\GitHub\Terrasight-Eurosat-RGB-vs-Multispectral\data\raw\rgb\Highway\Highway_685.jpg,3,Highway,3,Highway,0.999087929725647,True,50.850185,-26.473436
2206,C:\Users\DELL Precision 5550\Documents\GitHub\Terrasight-Eurosat-RGB-vs-Multispectral\data\raw\rgb\Pasture\Pasture_1696.jpg,5,Pasture,5,Pasture,0.8247809410095215,True,4.1992106,9.289761
2207,C:\Users\DELL Precision 5550\Documents\GitHub\Terrasight-Eurosat-RGB-vs-Multispectral\data\raw\rgb\SeaLake\SeaLake_1753.jpg,9,SeaLake,9,SeaLake,0.9973548650741577,True,-1.6509103,47.865673
2208,C:\Users\DELL Precision 5550\Documents\GitHub\Terrasight-Eurosat-RGB-vs-Multispectral\data\raw\rgb\Pasture\Pasture_1217.jpg,5,Pasture,5,Pasture,0.9975650310516357,True,-2.1849918,16.191105
2209,C:\Users\DELL Precision 5550\Documents\GitHub\Terrasight-Eurosat-RGB-vs-Multispectral\data\raw\rgb\River\River_1237.jpg,8,River,8,River,0.999854564666748,True,22.304121,31.65991
2210,C:\Users\DELL Precision 5550\Documents\GitHub\Terrasight-Eurosat-RGB-vs-Multispectral\data\raw\rgb\PermanentCrop\PermanentCrop_1227.jpg,6,PermanentCrop,6,PermanentCrop,0.9998476505279541,True,13.528396,-20.646528
2211,C:\Users\DELL Precision 5550\Documents\GitHub\Terrasight-Eurosat-RGB-vs-Multispectral\data\raw\rgb\Forest\Forest_2302.jpg,1,Forest,1,Forest,0.9999059438705444,True,-47.632446,19.701345
2212,C:\Users\DELL Precision 5550\Documents\GitHub\Terrasight-Eurosat-RGB-vs-Multispectral\data\raw\rgb\Residential\Residential_187.jpg,7,Residential,7,Residential,0.9987743496894836,True,-36.07433,-32.816593
2213,C:\Users\DELL Precision 5550\Documents\GitHub\Terrasight-Eurosat-RGB-vs-Multispectral\data\raw\rgb\Highway\Highway_2084.jpg,3,Highway,3,Highway,0.9762455821037292,True,45.95282,-20.38603
2214,C:\Users\DELL Precision 5550\Documents\GitHub\Terrasight-Eurosat-RGB-vs-Multispectral\data\raw\rgb\HerbaceousVegetation\HerbaceousVegetation_2780.jpg,2,HerbaceousVegetation,2,HerbaceousVegetation,1.0,True,-24.192322,-11.081884
2215,C:\Users\DELL Precision 5550\Documents\GitHub\Terrasight-Eurosat-RGB-vs-Multispectral\data\raw\rgb\PermanentCrop\PermanentCrop_2058.jpg,6,PermanentCrop,6,PermanentCrop,0.9999773502349854,True,6.514439,-23.61144
2216,C:\Users\DELL Precision 5550\Documents\GitHub\Terrasight-Eurosat-RGB-vs-Multispectral\data\raw\rgb\AnnualCrop\AnnualCrop_795.jpg,0,AnnualCrop,0,AnnualCrop,0.9980555772781372,True,43.405308,12.273496
2217,C:\Users\DELL Precision 5550\Documents\GitHub\Terrasight-Eurosat-RGB-vs-Multispectral\data\raw\rgb\PermanentCrop\PermanentCrop_1893.jpg,6,PermanentCrop,6,PermanentCrop,0.9893013834953308,True,6.2644916,-12.5893955
2218,C:\Users\DELL Precision 5550\Documents\GitHub\Terrasight-Eurosat-RGB-vs-Multispectral\data\raw\rgb\Highway\Highway_2037.jpg,3,Highway,3,Highway,0.9999892711639404,True,39.08834,-36.969418
2219,C:\Users\DELL Precision 5550\Documents\GitHub\Terrasight-Eurosat-RGB-vs-Multispectral\data\raw\rgb\Highway\Highway_193.jpg,3,Highway,3,Highway,0.9976558685302734,True,43.133713,-25.005354
2220,C:\Users\DELL Precision 5550\Documents\GitHub\Terrasight-Eurosat-RGB-vs-Multispectral\data\raw\rgb\SeaLake\SeaLake_771.jpg,9,SeaLake,9,SeaLake,0.9999895095825195,True,-6.023754,66.02502
2221,C:\Users\DELL Precision 5550\Documents\GitHub\Terrasight-Eurosat-RGB-vs-Multispectral\data\raw\rgb\Pasture\Pasture_1043.jpg,5,Pasture,5,Pasture,0.9972766041755676,True,3.7317908,12.362323
2222,C:\Users\DELL Precision 5550\Documents\GitHub\Terrasight-Eurosat-RGB-vs-Multispectral\data\raw\rgb\HerbaceousVegetation\HerbaceousVegetation_2353.jpg,2,HerbaceousVegetation,2,HerbaceousVegetation,0.9998490810394287,True,-18.788061,-0.55519426
2223,C:\Users\DELL Precision 5550\Documents\GitHub\Terrasight-Eurosat-RGB-vs-Multispectral\data\raw\rgb\Pasture\Pasture_1402.jpg,5,Pasture,5,Pasture,0.9999994039535522,True,-1.0826055,22.716545
2224,C:\Users\DELL Precision 5550\Documents\GitHub\Terrasight-Eurosat-RGB-vs-Multispectral\data\raw\rgb\Pasture\Pasture_1712.jpg,5,Pasture,5,Pasture,0.9452528953552246,True,0.7489376,8.428936
2225,C:\Users\DELL Precision 5550\Documents\GitHub\Terrasight-Eurosat-RGB-vs-Multispectral\data\raw\rgb\River\River_2068.jpg,8,River,8,River,0.9886112809181213,True,23.533222,18.39258
2226,C:\Users\DELL Precision 5550\Documents\GitHub\Terrasight-Eurosat-RGB-vs-Multispectral\data\raw\rgb\PermanentCrop\PermanentCrop_1397.jpg,6,PermanentCrop,2,HerbaceousVegetation,0.613941490650177,False,2.9246423,-8.269538
2227,C:\Users\DELL Precision 5550\Documents\GitHub\Terrasight-Eurosat-RGB-vs-Multispectral\data\raw\rgb\AnnualCrop\AnnualCrop_59.jpg,0,AnnualCrop,0,AnnualCrop,0.9651020169258118,True,31.404875,5.416728
2228,C:\Users\DELL Precision 5550\Documents\GitHub\Terrasight-Eurosat-RGB-vs-Multispectral\data\raw\rgb\Residential\Residential_1720.jpg,7,Residential,7,Residential,0.9998538494110107,True,-40.50609,-27.868607
2229,C:\Users\DELL Precision 5550\Documents\GitHub\Terrasight-Eurosat-RGB-vs-Multispectral\data\raw\rgb\Residential\Residential_1453.jpg,7,Residential,7,Residential,0.9999881982803345,True,-42.434128,-31.344961
2230,C:\Users\DELL Precision 5550\Documents\GitHub\Terrasight-Eurosat-RGB-vs-Multispectral\data\raw\rgb\AnnualCrop\AnnualCrop_87.jpg,0,AnnualCrop,0,AnnualCrop,0.9999949932098389,True,51.971867,9.084166
2231,C:\Users\DELL Precision 5550\Documents\GitHub\Terrasight-Eurosat-RGB-vs-Multispectral\data\raw\rgb\River\River_1765.jpg,8,River,8,River,0.9999971389770508,True,25.713297,35.280415
2232,C:\Users\DELL Precision 5550\Documents\GitHub\Terrasight-Eurosat-RGB-vs-Multispectral\data\raw\rgb\Pasture\Pasture_270.jpg,5,Pasture,5,Pasture,0.975336492061615,True,6.603979,12.4390135
2233,C:\Users\DELL Precision 5550\Documents\GitHub\Terrasight-Eurosat-RGB-vs-Multispectral\data\raw\rgb\Industrial\Industrial_1102.jpg,4,Industrial,4,Industrial,0.9991766810417175,True,1.0915436,-52.42231
2234,C:\Users\DELL Precision 5550\Documents\GitHub\Terrasight-Eurosat-RGB-vs-Multispectral\data\raw\rgb\AnnualCrop\AnnualCrop_225.jpg,0,AnnualCrop,0,AnnualCrop,0.9999841451644897,True,44.20916,3.2525856
2235,C:\Users\DELL Precision 5550\Documents\GitHub\Terrasight-Eurosat-RGB-vs-Multispectral\data\raw\rgb\AnnualCrop\AnnualCrop_582.jpg,0,AnnualCrop,0,AnnualCrop,0.9963261485099792,True,36.123043,7.185668
2236,C:\Users\DELL Precision 5550\Documents\GitHub\Terrasight-Eurosat-RGB-vs-Multispectral\data\raw\rgb\Industrial\Industrial_168.jpg,4,Industrial,4,Industrial,0.9997567534446716,True,3.2768638,-58.08445
2237,C:\Users\DELL Precision 5550\Documents\GitHub\Terrasight-Eurosat-RGB-vs-Multispectral\data\raw\rgb\Forest\Forest_1846.jpg,1,Forest,1,Forest,0.9979238510131836,True,-40.579815,29.018213
2238,C:\Users\DELL Precision 5550\Documents\GitHub\Terrasight-Eurosat-RGB-vs-Multispectral\data\raw\rgb\Highway\Highway_656.jpg,3,Highway,8,River,0.5097833275794983,False,29.287827,18.703434
2239,C:\Users\DELL Precision 5550\Documents\GitHub\Terrasight-Eurosat-RGB-vs-Multispectral\data\raw\rgb\HerbaceousVegetation\HerbaceousVegetation_1342.jpg,2,HerbaceousVegetation,2,HerbaceousVegetation,0.9888049364089966,True,-3.6582906,-9.7568655
2240,C:\Users\DELL Precision 5550\Documents\GitHub\Terrasight-Eurosat-RGB-vs-Multispectral\data\raw\rgb\Industrial\Industrial_356.jpg,4,Industrial,4,Industrial,0.9965506792068481,True,-0.8782102,-62.30701
2241,C:\Users\DELL Precision 5550\Documents\GitHub\Terrasight-Eurosat-RGB-vs-Multispectral\data\raw\rgb\Residential\Residential_432.jpg,7,Residential,7,Residential,0.9945831894874573,True,-27.701134,-34.73837
2242,C:\Users\DELL Precision 5550\Documents\GitHub\Terrasight-Eurosat-RGB-vs-Multispectral\data\raw\rgb\SeaLake\SeaLake_2975.jpg,9,SeaLake,9,SeaLake,0.9997137188911438,True,-15.705154,60.063892
2243,C:\Users\DELL Precision 5550\Documents\GitHub\Terrasight-Eurosat-RGB-vs-Multispectral\data\raw\rgb\Pasture\Pasture_63.jpg,5,Pasture,5,Pasture,0.9996140599250793,True,1.8111924,14.270939
2244,C:\Users\DELL Precision 5550\Documents\GitHub\Terrasight-Eurosat-RGB-vs-Multispectral\data\raw\rgb\HerbaceousVegetation\HerbaceousVegetation_2025.jpg,2,HerbaceousVegetation,2,HerbaceousVegetation,0.9994515776634216,True,-10.725025,-4.91341
2245,C:\Users\DELL Precision 5550\Documents\GitHub\Terrasight-Eurosat-RGB-vs-Multispectral\data\raw\rgb\SeaLake\SeaLake_1967.jpg,9,SeaLake,9,SeaLake,0.999729573726654,True,1.3440639,47.852013
2246,C:\Users\DELL Precision 5550\Documents\GitHub\Terrasight-Eurosat-RGB-vs-Multispectral\data\raw\rgb\Industrial\Industrial_2465.jpg,4,Industrial,4,Industrial,0.999882698059082,True,4.26529,-63.678307
2247,C:\Users\DELL Precision 5550\Documents\GitHub\Terrasight-Eurosat-RGB-vs-Multispectral\data\raw\rgb\River\River_483.jpg,8,River,8,River,0.9995348453521729,True,23.839506,23.970985
2248,C:\Users\DELL Precision 5550\Documents\GitHub\Terrasight-Eurosat-RGB-vs-Multispectral\data\raw\rgb\Pasture\Pasture_1027.jpg,5,Pasture,5,Pasture,0.9984092116355896,True,1.8004539,11.086667
2249,C:\Users\DELL Precision 5550\Documents\GitHub\Terrasight-Eurosat-RGB-vs-Multispectral\data\raw\rgb\River\River_996.jpg,8,River,8,River,0.9999650716781616,True,25.743814,27.98084
2250,C:\Users\DELL Precision 5550\Documents\GitHub\Terrasight-Eurosat-RGB-vs-Multispectral\data\raw\rgb\Forest\Forest_405.jpg,1,Forest,1,Forest,0.9994568228721619,True,-34.77501,24.58704
2251,C:\Users\DELL Precision 5550\Documents\GitHub\Terrasight-Eurosat-RGB-vs-Multispectral\data\raw\rgb\Residential\Residential_211.jpg,7,Residential,7,Residential,0.9998689889907837,True,-39.818245,-33.141846
2252,C:\Users\DELL Precision 5550\Documents\GitHub\Terrasight-Eurosat-RGB-vs-Multispectral\data\raw\rgb\Residential\Residential_1524.jpg,7,Residential,7,Residential,0.9956318140029907,True,-37.959225,-39.46157
2253,C:\Users\DELL Precision 5550\Documents\GitHub\Terrasight-Eurosat-RGB-vs-Multispectral\data\raw\rgb\AnnualCrop\AnnualCrop_191.jpg,0,AnnualCrop,0,AnnualCrop,0.9998611211776733,True,44.569088,4.0226736
2254,C:\Users\DELL Precision 5550\Documents\GitHub\Terrasight-Eurosat-RGB-vs-Multispectral\data\raw\rgb\River\River_2264.jpg,8,River,8,River,0.9999963045120239,True,27.293491,33.327847
2255,C:\Users\DELL Precision 5550\Documents\GitHub\Terrasight-Eurosat-RGB-vs-Multispectral\data\raw\rgb\Residential\Residential_347.jpg,7,Residential,7,Residential,0.9431191086769104,True,-25.814005,-35.17284
2256,C:\Users\DELL Precision 5550\Documents\GitHub\Terrasight-Eurosat-RGB-vs-Multispectral\data\raw\rgb\Forest\Forest_2526.jpg,1,Forest,1,Forest,0.9996709823608398,True,-39.41535,19.830254
2257,C:\Users\DELL Precision 5550\Documents\GitHub\Terrasight-Eurosat-RGB-vs-Multispectral\data\raw\rgb\Industrial\Industrial_581.jpg,4,Industrial,4,Industrial,0.9991446733474731,True,0.7519051,-51.14681
2258,C:\Users\DELL Precision 5550\Documents\GitHub\Terrasight-Eurosat-RGB-vs-Multispectral\data\raw\rgb\Residential\Residential_427.jpg,7,Residential,7,Residential,0.9998776912689209,True,-48.984875,-35.427494
2259,C:\Users\DELL Precision 5550\Documents\GitHub\Terrasight-Eurosat-RGB-vs-Multispectral\data\raw\rgb\AnnualCrop\AnnualCrop_919.jpg,0,AnnualCrop,0,AnnualCrop,0.9699137806892395,True,32.09281,5.7445173
2260,C:\Users\DELL Precision 5550\Documents\GitHub\Terrasight-Eurosat-RGB-vs-Multispectral\data\raw\rgb\Pasture\Pasture_979.jpg,5,Pasture,5,Pasture,0.9999812841415405,True,0.9605302,22.51889
2261,C:\Users\DELL Precision 5550\Documents\GitHub\Terrasight-Eurosat-RGB-vs-Multispectral\data\raw\rgb\Pasture\Pasture_721.jpg,5,Pasture,5,Pasture,0.5039419531822205,True,0.13145296,8.004724
2262,C:\Users\DELL Precision 5550\Documents\GitHub\Terrasight-Eurosat-RGB-vs-Multispectral\data\raw\rgb\Pasture\Pasture_689.jpg,5,Pasture,2,HerbaceousVegetation,0.8504043817520142,False,-1.6704494,6.1836567
2263,C:\Users\DELL Precision 5550\Documents\GitHub\Terrasight-Eurosat-RGB-vs-Multispectral\data\raw\rgb\HerbaceousVegetation\HerbaceousVegetation_1898.jpg,2,HerbaceousVegetation,2,HerbaceousVegetation,0.9999998807907104,True,-26.236715,-4.635387
2264,C:\Users\DELL Precision 5550\Documents\GitHub\Terrasight-Eurosat-RGB-vs-Multispectral\data\raw\rgb\AnnualCrop\AnnualCrop_2782.jpg,0,AnnualCrop,0,AnnualCrop,0.9511785507202148,True,28.115578,-0.96560484
2265,C:\Users\DELL Precision 5550\Documents\GitHub\Terrasight-Eurosat-RGB-vs-Multispectral\data\raw\rgb\River\River_845.jpg,8,River,8,River,0.9999998807907104,True,31.458792,38.35539
2266,C:\Users\DELL Precision 5550\Documents\GitHub\Terrasight-Eurosat-RGB-vs-Multispectral\data\raw\rgb\Residential\Residential_2461.jpg,7,Residential,7,Residential,0.9209514856338501,True,-47.21508,-39.836193
2267,C:\Users\DELL Precision 5550\Documents\GitHub\Terrasight-Eurosat-RGB-vs-Multispectral\data\raw\rgb\Pasture\Pasture_1537.jpg,5,Pasture,5,Pasture,0.9999741315841675,True,-5.961933,22.685476
2268,C:\Users\DELL Precision 5550\Documents\GitHub\Terrasight-Eurosat-RGB-vs-Multispectral\data\raw\rgb\Residential\Residential_202.jpg,7,Residential,7,Residential,0.9989621639251709,True,-39.534992,-35.192047
2269,C:\Users\DELL Precision 5550\Documents\GitHub\Terrasight-Eurosat-RGB-vs-Multispectral\data\raw\rgb\Industrial\Industrial_130.jpg,4,Industrial,4,Industrial,0.9638825058937073,True,3.4937406,-46.641243
2270,C:\Users\DELL Precision 5550\Documents\GitHub\Terrasight-Eurosat-RGB-vs-Multispectral\data\raw\rgb\SeaLake\SeaLake_585.jpg,9,SeaLake,9,SeaLake,0.9999184608459473,True,-0.5494508,63.048973
2271,C:\Users\DELL Precision 5550\Documents\GitHub\Terrasight-Eurosat-RGB-vs-Multispectral\data\raw\rgb\AnnualCrop\AnnualCrop_446.jpg,0,AnnualCrop,0,AnnualCrop,0.9999760389328003,True,54.79349,3.6391706
2272,C:\Users\DELL Precision 5550\Documents\GitHub\Terrasight-Eurosat-RGB-vs-Multispectral\data\raw\rgb\AnnualCrop\AnnualCrop_1968.jpg,0,AnnualCrop,3,Highway,0.33883965015411377,False,23.065552,3.9076154
2273,C:\Users\DELL Precision 5550\Documents\GitHub\Terrasight-Eurosat-RGB-vs-Multispectral\data\raw\rgb\Highway\Highway_390.jpg,3,Highway,3,Highway,0.9990372657775879,True,43.52929,-30.837076
2274,C:\Users\DELL Precision 5550\Documents\GitHub\Terrasight-Eurosat-RGB-vs-Multispectral\data\raw\rgb\Residential\Residential_2519.jpg,7,Residential,7,Residential,0.999879002571106,True,-40.731743,-29.603762
2275,C:\Users\DELL Precision 5550\Documents\GitHub\Terrasight-Eurosat-RGB-vs-Multispectral\data\raw\rgb\Forest\Forest_55.jpg,1,Forest,1,Forest,0.9999871253967285,True,-54.14718,16.73134
2276,C:\Users\DELL Precision 5550\Documents\GitHub\Terrasight-Eurosat-RGB-vs-Multispectral\data\raw\rgb\PermanentCrop\PermanentCrop_261.jpg,6,PermanentCrop,6,PermanentCrop,0.8211660385131836,True,6.0910606,-7.2955947
2277,C:\Users\DELL Precision 5550\Documents\GitHub\Terrasight-Eurosat-RGB-vs-Multispectral\data\raw\rgb\SeaLake\SeaLake_1432.jpg,9,SeaLake,9,SeaLake,0.9997720122337341,True,-6.753627,59.557693
2278,C:\Users\DELL Precision 5550\Documents\GitHub\Terrasight-Eurosat-RGB-vs-Multispectral\data\raw\rgb\Pasture\Pasture_311.jpg,5,Pasture,5,Pasture,1.0,True,-7.7666826,25.156862
2279,C:\Users\DELL Precision 5550\Documents\GitHub\Terrasight-Eurosat-RGB-vs-Multispectral\data\raw\rgb\Pasture\Pasture_396.jpg,5,Pasture,5,Pasture,0.9783136248588562,True,-3.7254994,15.933077
2280,C:\Users\DELL Precision 5550\Documents\GitHub\Terrasight-Eurosat-RGB-vs-Multispectral\data\raw\rgb\Forest\Forest_1395.jpg,1,Forest,1,Forest,0.9999539852142334,True,-49.45765,17.082184
2281,C:\Users\DELL Precision 5550\Documents\GitHub\Terrasight-Eurosat-RGB-vs-Multispectral\data\raw\rgb\Highway\Highway_2140.jpg,3,Highway,3,Highway,0.9990457892417908,True,42.62572,-32.98868
2282,C:\Users\DELL Precision 5550\Documents\GitHub\Terrasight-Eurosat-RGB-vs-Multispectral\data\raw\rgb\AnnualCrop\AnnualCrop_1586.jpg,0,AnnualCrop,0,AnnualCrop,0.999876856803894,True,41.625904,10.487583
2283,C:\Users\DELL Precision 5550\Documents\GitHub\Terrasight-Eurosat-RGB-vs-Multispectral\data\raw\rgb\HerbaceousVegetation\HerbaceousVegetation_2638.jpg,2,HerbaceousVegetation,2,HerbaceousVegetation,0.9998981952667236,True,-18.84699,-0.76687515
2284,C:\Users\DELL Precision 5550\Documents\GitHub\Terrasight-Eurosat-RGB-vs-Multispectral\data\raw\rgb\Industrial\Industrial_1139.jpg,4,Industrial,4,Industrial,0.9957913160324097,True,-4.634261,-60.425648
2285,C:\Users\DELL Precision 5550\Documents\GitHub\Terrasight-Eurosat-RGB-vs-Multispectral\data\raw\rgb\HerbaceousVegetation\HerbaceousVegetation_2059.jpg,2,HerbaceousVegetation,2,HerbaceousVegetation,0.9946689009666443,True,-4.8802752,-8.659145
2286,C:\Users\DELL Precision 5550\Documents\GitHub\Terrasight-Eurosat-RGB-vs-Multispectral\data\raw\rgb\Forest\Forest_2836.jpg,1,Forest,1,Forest,0.9999977350234985,True,-46.971107,17.676178
2287,C:\Users\DELL Precision 5550\Documents\GitHub\Terrasight-Eurosat-RGB-vs-Multispectral\data\raw\rgb\PermanentCrop\PermanentCrop_2246.jpg,6,PermanentCrop,6,PermanentCrop,0.9999738931655884,True,11.058767,-22.04116
2288,C:\Users\DELL Precision 5550\Documents\GitHub\Terrasight-Eurosat-RGB-vs-Multispectral\data\raw\rgb\Industrial\Industrial_1235.jpg,4,Industrial,4,Industrial,0.9956042766571045,True,-4.520395,-44.54093
2289,C:\Users\DELL Precision 5550\Documents\GitHub\Terrasight-Eurosat-RGB-vs-Multispectral\data\raw\rgb\AnnualCrop\AnnualCrop_31.jpg,0,AnnualCrop,0,AnnualCrop,0.9987753033638,True,41.382233,7.164878
2290,C:\Users\DELL Precision 5550\Documents\GitHub\Terrasight-Eurosat-RGB-vs-Multispectral\data\raw\rgb\SeaLake\SeaLake_1913.jpg,9,SeaLake,9,SeaLake,0.9994434714317322,True,-13.799082,57.324795
2291,C:\Users\DELL Precision 5550\Documents\GitHub\Terrasight-Eurosat-RGB-vs-Multispectral\data\raw\rgb\Residential\Residential_1426.jpg,7,Residential,7,Residential,0.9993798732757568,True,-47.533604,-37.59023
2292,C:\Users\DELL Precision 5550\Documents\GitHub\Terrasight-Eurosat-RGB-vs-Multispectral\data\raw\rgb\SeaLake\SeaLake_1118.jpg,9,SeaLake,9,SeaLake,0.9977461695671082,True,-3.091651,57.460735
2293,C:\Users\DELL Precision 5550\Documents\GitHub\Terrasight-Eurosat-RGB-vs-Multispectral\data\raw\rgb\River\River_1857.jpg,8,River,8,River,0.9999996423721313,True,31.95096,39.295025
2294,C:\Users\DELL Precision 5550\Documents\GitHub\Terrasight-Eurosat-RGB-vs-Multispectral\data\raw\rgb\Industrial\Industrial_1482.jpg,4,Industrial,4,Industrial,0.9997240900993347,True,1.3684562,-52.45842
2295,C:\Users\DELL Precision 5550\Documents\GitHub\Terrasight-Eurosat-RGB-vs-Multispectral\data\raw\rgb\Industrial\Industrial_835.jpg,4,Industrial,4,Industrial,0.9999995231628418,True,6.9871063,-63.311893
2296,C:\Users\DELL Precision 5550\Documents\GitHub\Terrasight-Eurosat-RGB-vs-Multispectral\data\raw\rgb\Pasture\Pasture_1181.jpg,5,Pasture,5,Pasture,0.9999995231628418,True,-8.176598,24.58234
2297,C:\Users\DELL Precision 5550\Documents\GitHub\Terrasight-Eurosat-RGB-vs-Multispectral\data\raw\rgb\AnnualCrop\AnnualCrop_2096.jpg,0,AnnualCrop,0,AnnualCrop,0.9999169111251831,True,46.997562,2.2915745
2298,C:\Users\DELL Precision 5550\Documents\GitHub\Terrasight-Eurosat-RGB-vs-Multispectral\data\raw\rgb\Forest\Forest_379.jpg,1,Forest,1,Forest,0.9999978542327881,True,-49.83892,21.548681
2299,C:\Users\DELL Precision 5550\Documents\GitHub\Terrasight-Eurosat-RGB-vs-Multispectral\data\raw\rgb\Residential\Residential_1069.jpg,7,Residential,2,HerbaceousVegetation,0.9222042560577393,False,-24.775162,-30.325825
2300,C:\Users\DELL Precision 5550\Documents\GitHub\Terrasight-Eurosat-RGB-vs-Multispectral\data\raw\rgb\SeaLake\SeaLake_2053.jpg,9,SeaLake,9,SeaLake,0.9999538660049438,True,-11.17931,63.933838
2301,C:\Users\DELL Precision 5550\Documents\GitHub\Terrasight-Eurosat-RGB-vs-Multispectral\data\raw\rgb\Highway\Highway_502.jpg,3,Highway,3,Highway,0.9999984502792358,True,52.073483,-33.54956
2302,C:\Users\DELL Precision 5550\Documents\GitHub\Terrasight-Eurosat-RGB-vs-Multispectral\data\raw\rgb\Residential\Residential_2331.jpg,7,Residential,7,Residential,0.9966822266578674,True,-35.112495,-35.808735
2303,C:\Users\DELL Precision 5550\Documents\GitHub\Terrasight-Eurosat-RGB-vs-Multispectral\data\raw\rgb\AnnualCrop\AnnualCrop_137.jpg,0,AnnualCrop,0,AnnualCrop,1.0,True,57.298847,9.4689865
2304,C:\Users\DELL Precision 5550\Documents\GitHub\Terrasight-Eurosat-RGB-vs-Multispectral\data\raw\rgb\Residential\Residential_2186.jpg,7,Residential,7,Residential,0.9997956156730652,True,-31.789837,-30.726946
2305,C:\Users\DELL Precision 5550\Documents\GitHub\Terrasight-Eurosat-RGB-vs-Multispectral\data\raw\rgb\AnnualCrop\AnnualCrop_2001.jpg,0,AnnualCrop,0,AnnualCrop,0.9993473887443542,True,39.38066,0.85023695
2306,C:\Users\DELL Precision 5550\Documents\GitHub\Terrasight-Eurosat-RGB-vs-Multispectral\data\raw\rgb\AnnualCrop\AnnualCrop_1452.jpg,0,AnnualCrop,0,AnnualCrop,0.9990598559379578,True,36.68911,-0.6641882
2307,C:\Users\DELL Precision 5550\Documents\GitHub\Terrasight-Eurosat-RGB-vs-Multispectral\data\raw\rgb\PermanentCrop\PermanentCrop_598.jpg,6,PermanentCrop,6,PermanentCrop,0.9816070795059204,True,4.564063,-13.160385
2308,C:\Users\DELL Precision 5550\Documents\GitHub\Terrasight-Eurosat-RGB-vs-Multispectral\data\raw\rgb\Highway\Highway_2214.jpg,3,Highway,3,Highway,0.9968019723892212,True,42.848225,-30.845419
2309,C:\Users\DELL Precision 5550\Documents\GitHub\Terrasight-Eurosat-RGB-vs-Multispectral\data\raw\rgb\PermanentCrop\PermanentCrop_715.jpg,6,PermanentCrop,6,PermanentCrop,0.9608316421508789,True,16.37196,-10.505482
2310,C:\Users\DELL Precision 5550\Documents\GitHub\Terrasight-Eurosat-RGB-vs-Multispectral\data\raw\rgb\Residential\Residential_1561.jpg,7,Residential,7,Residential,0.9998273253440857,True,-36.06307,-30.233171
2311,C:\Users\DELL Precision 5550\Documents\GitHub\Terrasight-Eurosat-RGB-vs-Multispectral\data\raw\rgb\Residential\Residential_2036.jpg,7,Residential,7,Residential,0.9999545812606812,True,-44.957726,-33.797924
2312,C:\Users\DELL Precision 5550\Documents\GitHub\Terrasight-Eurosat-RGB-vs-Multispectral\data\raw\rgb\Highway\Highway_472.jpg,3,Highway,3,Highway,0.999971866607666,True,43.887516,-36.83554
2313,C:\Users\DELL Precision 5550\Documents\GitHub\Terrasight-Eurosat-RGB-vs-Multispectral\data\raw\rgb\PermanentCrop\PermanentCrop_160.jpg,6,PermanentCrop,6,PermanentCrop,0.999869704246521,True,12.346968,-18.140291
2314,C:\Users\DELL Precision 5550\Documents\GitHub\Terrasight-Eurosat-RGB-vs-Multispectral\data\raw\rgb\AnnualCrop\AnnualCrop_2986.jpg,0,AnnualCrop,0,AnnualCrop,0.9981928467750549,True,38.9021,2.9689996
2315,C:\Users\DELL Precision 5550\Documents\GitHub\Terrasight-Eurosat-RGB-vs-Multispectral\data\raw\rgb\Pasture\Pasture_559.jpg,5,Pasture,5,Pasture,0.9994103908538818,True,2.4641867,15.792021
2316,C:\Users\DELL Precision 5550\Documents\GitHub\Terrasight-Eurosat-RGB-vs-Multispectral\data\raw\rgb\Residential\Residential_137.jpg,7,Residential,7,Residential,0.9997273087501526,True,-33.14972,-32.76616
2317,C:\Users\DELL Precision 5550\Documents\GitHub\Terrasight-Eurosat-RGB-vs-Multispectral\data\raw\rgb\Forest\Forest_851.jpg,1,Forest,1,Forest,0.9999786615371704,True,-48.65747,20.583418
2318,C:\Users\DELL Precision 5550\Documents\GitHub\Terrasight-Eurosat-RGB-vs-Multispectral\data\raw\rgb\River\River_1147.jpg,8,River,8,River,0.9999895095825195,True,29.501234,27.403725
2319,C:\Users\DELL Precision 5550\Documents\GitHub\Terrasight-Eurosat-RGB-vs-Multispectral\data\raw\rgb\AnnualCrop\AnnualCrop_2064.jpg,0,AnnualCrop,0,AnnualCrop,0.9997169375419617,True,41.245937,3.4386504
2320,C:\Users\DELL Precision 5550\Documents\GitHub\Terrasight-Eurosat-RGB-vs-Multispectral\data\raw\rgb\AnnualCrop\AnnualCrop_1764.jpg,0,AnnualCrop,0,AnnualCrop,0.9999730587005615,True,47.35443,3.8981884
2321,C:\Users\DELL Precision 5550\Documents\GitHub\Terrasight-Eurosat-RGB-vs-Multispectral\data\raw\rgb\Pasture\Pasture_108.jpg,5,Pasture,5,Pasture,0.9998475313186646,True,0.8394404,15.538008
2322,C:\Users\DELL Precision 5550\Documents\GitHub\Terrasight-Eurosat-RGB-vs-Multispectral\data\raw\rgb\HerbaceousVegetation\HerbaceousVegetation_1218.jpg,2,HerbaceousVegetation,2,HerbaceousVegetation,0.9999967813491821,True,-17.083578,-4.8698616
2323,C:\Users\DELL Precision 5550\Documents\GitHub\Terrasight-Eurosat-RGB-vs-Multispectral\data\raw\rgb\River\River_1782.jpg,8,River,8,River,0.9999741315841675,True,26.43539,32.1343
2324,C:\Users\DELL Precision 5550\Documents\GitHub\Terrasight-Eurosat-RGB-vs-Multispectral\data\raw\rgb\Highway\Highway_2203.jpg,3,Highway,3,Highway,0.996721088886261,True,41.603817,-23.35285
2325,C:\Users\DELL Precision 5550\Documents\GitHub\Terrasight-Eurosat-RGB-vs-Multispectral\data\raw\rgb\Industrial\Industrial_914.jpg,4,Industrial,4,Industrial,0.9993069171905518,True,1.8498065,-55.726334
2326,C:\Users\DELL Precision 5550\Documents\GitHub\Terrasight-Eurosat-RGB-vs-Multispectral\data\raw\rgb\Forest\Forest_1737.jpg,1,Forest,1,Forest,0.9996525049209595,True,-42.07468,25.10541
2327,C:\Users\DELL Precision 5550\Documents\GitHub\Terrasight-Eurosat-RGB-vs-Multispectral\data\raw\rgb\SeaLake\SeaLake_1522.jpg,9,SeaLake,9,SeaLake,0.9998853206634521,True,-12.86003,62.33027
2328,C:\Users\DELL Precision 5550\Documents\GitHub\Terrasight-Eurosat-RGB-vs-Multispectral\data\raw\rgb\River\River_2276.jpg,8,River,8,River,1.0,True,31.2457,40.793896
2329,C:\Users\DELL Precision 5550\Documents\GitHub\Terrasight-Eurosat-RGB-vs-Multispectral\data\raw\rgb\Highway\Highway_1702.jpg,3,Highway,3,Highway,0.9999897480010986,True,50.223946,-31.97091
2330,C:\Users\DELL Precision 5550\Documents\GitHub\Terrasight-Eurosat-RGB-vs-Multispectral\data\raw\rgb\River\River_258.jpg,8,River,8,River,0.99993896484375,True,22.83999,32.21746
2331,C:\Users\DELL Precision 5550\Documents\GitHub\Terrasight-Eurosat-RGB-vs-Multispectral\data\raw\rgb\SeaLake\SeaLake_647.jpg,9,SeaLake,9,SeaLake,0.9998711347579956,True,-0.25614312,62.867195
2332,C:\Users\DELL Precision 5550\Documents\GitHub\Terrasight-Eurosat-RGB-vs-Multispectral\data\raw\rgb\Industrial\Industrial_1593.jpg,4,Industrial,4,Industrial,0.999433696269989,True,4.3576016,-58.81612
2333,C:\Users\DELL Precision 5550\Documents\GitHub\Terrasight-Eurosat-RGB-vs-Multispectral\data\raw\rgb\HerbaceousVegetation\HerbaceousVegetation_2720.jpg,2,HerbaceousVegetation,2,HerbaceousVegetation,0.9997972846031189,True,-15.721678,-0.58500147
2334,C:\Users\DELL Precision 5550\Documents\GitHub\Terrasight-Eurosat-RGB-vs-Multispectral\data\raw\rgb\River\River_842.jpg,8,River,8,River,0.9656248688697815,True,22.40179,19.44188
2335,C:\Users\DELL Precision 5550\Documents\GitHub\Terrasight-Eurosat-RGB-vs-Multispectral\data\raw\rgb\PermanentCrop\PermanentCrop_1187.jpg,6,PermanentCrop,6,PermanentCrop,0.9818968772888184,True,12.336128,-10.095466
2336,C:\Users\DELL Precision 5550\Documents\GitHub\Terrasight-Eurosat-RGB-vs-Multispectral\data\raw\rgb\Forest\Forest_2371.jpg,1,Forest,1,Forest,0.9999998807907104,True,-56.81686,10.820146
2337,C:\Users\DELL Precision 5550\Documents\GitHub\Terrasight-Eurosat-RGB-vs-Multispectral\data\raw\rgb\PermanentCrop\PermanentCrop_1802.jpg,6,PermanentCrop,6,PermanentCrop,0.8602748513221741,True,5.4238753,-8.030697
2338,C:\Users\DELL Precision 5550\Documents\GitHub\Terrasight-Eurosat-RGB-vs-Multispectral\data\raw\rgb\SeaLake\SeaLake_506.jpg,9,SeaLake,9,SeaLake,0.9977705478668213,True,-5.9922695,52.521072
2339,C:\Users\DELL Precision 5550\Documents\GitHub\Terrasight-Eurosat-RGB-vs-Multispectral\data\raw\rgb\AnnualCrop\AnnualCrop_2005.jpg,0,AnnualCrop,0,AnnualCrop,0.9997938275337219,True,50.24878,1.0796387
2340,C:\Users\DELL Precision 5550\Documents\GitHub\Terrasight-Eurosat-RGB-vs-Multispectral\data\raw\rgb\Pasture\Pasture_434.jpg,5,Pasture,5,Pasture,0.9939367175102234,True,1.4839655,10.338742
2341,C:\Users\DELL Precision 5550\Documents\GitHub\Terrasight-Eurosat-RGB-vs-Multispectral\data\raw\rgb\River\River_1994.jpg,8,River,8,River,0.9995049238204956,True,27.119263,23.865023
2342,C:\Users\DELL Precision 5550\Documents\GitHub\Terrasight-Eurosat-RGB-vs-Multispectral\data\raw\rgb\HerbaceousVegetation\HerbaceousVegetation_149.jpg,2,HerbaceousVegetation,2,HerbaceousVegetation,0.9497240781784058,True,1.3105248,-5.2351584
2343,C:\Users\DELL Precision 5550\Documents\GitHub\Terrasight-Eurosat-RGB-vs-Multispectral\data\raw\rgb\Highway\Highway_753.jpg,3,Highway,3,Highway,0.9799745082855225,True,33.081833,-24.76401
2344,C:\Users\DELL Precision 5550\Documents\GitHub\Terrasight-Eurosat-RGB-vs-Multispectral\data\raw\rgb\River\River_1641.jpg,8,River,8,River,0.9999966621398926,True,27.026728,31.93064
2345,C:\Users\DELL Precision 5550\Documents\GitHub\Terrasight-Eurosat-RGB-vs-Multispectral\data\raw\rgb\SeaLake\SeaLake_1491.jpg,9,SeaLake,9,SeaLake,0.9999692440032959,True,-0.3388413,64.856895
2346,C:\Users\DELL Precision 5550\Documents\GitHub\Terrasight-Eurosat-RGB-vs-Multispectral\data\raw\rgb\AnnualCrop\AnnualCrop_1570.jpg,0,AnnualCrop,0,AnnualCrop,0.9999997615814209,True,57.445602,7.6219635
2347,C:\Users\DELL Precision 5550\Documents\GitHub\Terrasight-Eurosat-RGB-vs-Multispectral\data\raw\rgb\Forest\Forest_2783.jpg,1,Forest,1,Forest,0.9999986886978149,True,-54.368294,9.275379
2348,C:\Users\DELL Precision 5550\Documents\GitHub\Terrasight-Eurosat-RGB-vs-Multispectral\data\raw\rgb\Forest\Forest_2679.jpg,1,Forest,1,Forest,1.0,True,-56.67001,14.707066
2349,C:\Users\DELL Precision 5550\Documents\GitHub\Terrasight-Eurosat-RGB-vs-Multispectral\data\raw\rgb\Forest\Forest_2448.jpg,1,Forest,1,Forest,0.9995025396347046,True,-54.357822,15.918514
2350,C:\Users\DELL Precision 5550\Documents\GitHub\Terrasight-Eurosat-RGB-vs-Multispectral\data\raw\rgb\Forest\Forest_1356.jpg,1,Forest,1,Forest,0.9995226860046387,True,-39.117867,16.552937
2351,C:\Users\DELL Precision 5550\Documents\GitHub\Terrasight-Eurosat-RGB-vs-Multispectral\data\raw\rgb\Residential\Residential_2780.jpg,7,Residential,7,Residential,0.9998321533203125,True,-40.64589,-36.10195
2352,C:\Users\DELL Precision 5550\Documents\GitHub\Terrasight-Eurosat-RGB-vs-Multispectral\data\raw\rgb\River\River_2097.jpg,8,River,8,River,0.9999634027481079,True,29.615196,26.725725
2353,C:\Users\DELL Precision 5550\Documents\GitHub\Terrasight-Eurosat-RGB-vs-Multispectral\data\raw\rgb\Forest\Forest_1948.jpg,1,Forest,1,Forest,0.9999090433120728,True,-45.760864,23.234716
2354,C:\Users\DELL Precision 5550\Documents\GitHub\Terrasight-Eurosat-RGB-vs-Multispectral\data\raw\rgb\PermanentCrop\PermanentCrop_865.jpg,6,PermanentCrop,2,HerbaceousVegetation,0.6488028168678284,False,3.8045893,-6.614488
2355,C:\Users\DELL Precision 5550\Documents\GitHub\Terrasight-Eurosat-RGB-vs-Multispectral\data\raw\rgb\SeaLake\SeaLake_2546.jpg,9,SeaLake,9,SeaLake,0.9978896975517273,True,-6.89519,43.173138
2356,C:\Users\DELL Precision 5550\Documents\GitHub\Terrasight-Eurosat-RGB-vs-Multispectral\data\raw\rgb\HerbaceousVegetation\HerbaceousVegetation_2443.jpg,2,HerbaceousVegetation,2,HerbaceousVegetation,0.9999998807907104,True,-24.341476,-7.9028735
2357,C:\Users\DELL Precision 5550\Documents\GitHub\Terrasight-Eurosat-RGB-vs-Multispectral\data\raw\rgb\Forest\Forest_2574.jpg,1,Forest,1,Forest,0.9999815225601196,True,-46.643074,13.639181
2358,C:\Users\DELL Precision 5550\Documents\GitHub\Terrasight-Eurosat-RGB-vs-Multispectral\data\raw\rgb\AnnualCrop\AnnualCrop_2434.jpg,0,AnnualCrop,0,AnnualCrop,0.6138364672660828,True,27.817017,11.62703
2359,C:\Users\DELL Precision 5550\Documents\GitHub\Terrasight-Eurosat-RGB-vs-Multispectral\data\raw\rgb\SeaLake\SeaLake_1355.jpg,9,SeaLake,9,SeaLake,0.9995558857917786,True,-1.3376101,47.33377
2360,C:\Users\DELL Precision 5550\Documents\GitHub\Terrasight-Eurosat-RGB-vs-Multispectral\data\raw\rgb\HerbaceousVegetation\HerbaceousVegetation_173.jpg,2,HerbaceousVegetation,2,HerbaceousVegetation,0.9996423721313477,True,-14.054384,-1.2178682
2361,C:\Users\DELL Precision 5550\Documents\GitHub\Terrasight-Eurosat-RGB-vs-Multispectral\data\raw\rgb\Industrial\Industrial_575.jpg,4,Industrial,4,Industrial,0.9998032450675964,True,7.3606005,-55.686394
2362,C:\Users\DELL Precision 5550\Documents\GitHub\Terrasight-Eurosat-RGB-vs-Multispectral\data\raw\rgb\Residential\Residential_740.jpg,7,Residential,7,Residential,0.987557053565979,True,-34.920418,-39.3065
2363,C:\Users\DELL Precision 5550\Documents\GitHub\Terrasight-Eurosat-RGB-vs-Multispectral\data\raw\rgb\HerbaceousVegetation\HerbaceousVegetation_215.jpg,2,HerbaceousVegetation,2,HerbaceousVegetation,0.9999994039535522,True,-16.023455,-8.269218
2364,C:\Users\DELL Precision 5550\Documents\GitHub\Terrasight-Eurosat-RGB-vs-Multispectral\data\raw\rgb\River\River_160.jpg,8,River,8,River,0.9989156723022461,True,23.095577,34.493282
2365,C:\Users\DELL Precision 5550\Documents\GitHub\Terrasight-Eurosat-RGB-vs-Multispectral\data\raw\rgb\SeaLake\SeaLake_203.jpg,9,SeaLake,9,SeaLake,0.9999759197235107,True,-5.1848927,65.2175
2366,C:\Users\DELL Precision 5550\Documents\GitHub\Terrasight-Eurosat-RGB-vs-Multispectral\data\raw\rgb\Industrial\Industrial_256.jpg,4,Industrial,4,Industrial,0.9928212761878967,True,-1.5828997,-49.15283
2367,C:\Users\DELL Precision 5550\Documents\GitHub\Terrasight-Eurosat-RGB-vs-Multispectral\data\raw\rgb\SeaLake\SeaLake_1176.jpg,9,SeaLake,9,SeaLake,0.9991301894187927,True,-9.965665,53.461044
2368,C:\Users\DELL Precision 5550\Documents\GitHub\Terrasight-Eurosat-RGB-vs-Multispectral\data\raw\rgb\Pasture\Pasture_210.jpg,5,Pasture,5,Pasture,0.9982026815414429,True,0.7829393,14.839825
2369,C:\Users\DELL Precision 5550\Documents\GitHub\Terrasight-Eurosat-RGB-vs-Multispectral\data\raw\rgb\AnnualCrop\AnnualCrop_1448.jpg,0,AnnualCrop,0,AnnualCrop,0.9991357922554016,True,41.82862,7.24824
2370,C:\Users\DELL Precision 5550\Documents\GitHub\Terrasight-Eurosat-RGB-vs-Multispectral\data\raw\rgb\PermanentCrop\PermanentCrop_1353.jpg,6,PermanentCrop,6,PermanentCrop,0.9999963045120239,True,9.968428,-22.99769
2371,C:\Users\DELL Precision 5550\Documents\GitHub\Terrasight-Eurosat-RGB-vs-Multispectral\data\raw\rgb\HerbaceousVegetation\HerbaceousVegetation_1854.jpg,2,HerbaceousVegetation,2,HerbaceousVegetation,0.9999346733093262,True,-13.510785,-9.681008
2372,C:\Users\DELL Precision 5550\Documents\GitHub\Terrasight-Eurosat-RGB-vs-Multispectral\data\raw\rgb\PermanentCrop\PermanentCrop_2421.jpg,6,PermanentCrop,6,PermanentCrop,0.9999334812164307,True,10.802719,-17.955479
2373,C:\Users\DELL Precision 5550\Documents\GitHub\Terrasight-Eurosat-RGB-vs-Multispectral\data\raw\rgb\SeaLake\SeaLake_2653.jpg,9,SeaLake,9,SeaLake,0.9994685053825378,True,-10.299005,53.66461
2374,C:\Users\DELL Precision 5550\Documents\GitHub\Terrasight-Eurosat-RGB-vs-Multispectral\data\raw\rgb\Pasture\Pasture_1240.jpg,5,Pasture,5,Pasture,0.9998621940612793,True,0.36249423,17.10537
2375,C:\Users\DELL Precision 5550\Documents\GitHub\Terrasight-Eurosat-RGB-vs-Multispectral\data\raw\rgb\Forest\Forest_601.jpg,1,Forest,1,Forest,0.9999982118606567,True,-49.377533,21.578165
2376,C:\Users\DELL Precision 5550\Documents\GitHub\Terrasight-Eurosat-RGB-vs-Multispectral\data\raw\rgb\Highway\Highway_2336.jpg,3,Highway,3,Highway,0.9995905756950378,True,51.560074,-27.346899
2377,C:\Users\DELL Precision 5550\Documents\GitHub\Terrasight-Eurosat-RGB-vs-Multispectral\data\raw\rgb\Forest\Forest_362.jpg,1,Forest,1,Forest,0.9997830986976624,True,-43.956074,15.49623
2378,C:\Users\DELL Precision 5550\Documents\GitHub\Terrasight-Eurosat-RGB-vs-Multispectral\data\raw\rgb\AnnualCrop\AnnualCrop_2387.jpg,0,AnnualCrop,0,AnnualCrop,0.9956247210502625,True,32.435078,3.4865642
2379,C:\Users\DELL Precision 5550\Documents\GitHub\Terrasight-Eurosat-RGB-vs-Multispectral\data\raw\rgb\River\River_1042.jpg,8,River,8,River,0.9865632057189941,True,24.239443,19.892282
2380,C:\Users\DELL Precision 5550\Documents\GitHub\Terrasight-Eurosat-RGB-vs-Multispectral\data\raw\rgb\River\River_749.jpg,8,River,8,River,0.998975396156311,True,24.480434,29.487995
2381,C:\Users\DELL Precision 5550\Documents\GitHub\Terrasight-Eurosat-RGB-vs-Multispectral\data\raw\rgb\AnnualCrop\AnnualCrop_740.jpg,0,AnnualCrop,0,AnnualCrop,0.9999897480010986,True,47.798443,5.0060153
2382,C:\Users\DELL Precision 5550\Documents\GitHub\Terrasight-Eurosat-RGB-vs-Multispectral\data\raw\rgb\Industrial\Industrial_22.jpg,4,Industrial,4,Industrial,0.9960402250289917,True,0.6825082,-50.7881
2383,C:\Users\DELL Precision 5550\Documents\GitHub\Terrasight-Eurosat-RGB-vs-Multispectral\data\raw\rgb\Highway\Highway_2034.jpg,3,Highway,3,Highway,0.9991913437843323,True,42.843235,-23.482641
2384,C:\Users\DELL Precision 5550\Documents\GitHub\Terrasight-Eurosat-RGB-vs-Multispectral\data\raw\rgb\Residential\Residential_576.jpg,7,Residential,7,Residential,0.9999990463256836,True,-43.671764,-26.95648
2385,C:\Users\DELL Precision 5550\Documents\GitHub\Terrasight-Eurosat-RGB-vs-Multispectral\data\raw\rgb\Forest\Forest_2999.jpg,1,Forest,1,Forest,0.9999864101409912,True,-41.151848,13.741744
2386,C:\Users\DELL Precision 5550\Documents\GitHub\Terrasight-Eurosat-RGB-vs-Multispectral\data\raw\rgb\HerbaceousVegetation\HerbaceousVegetation_2932.jpg,2,HerbaceousVegetation,2,HerbaceousVegetation,0.9999998807907104,True,-26.013826,-6.039228
2387,C:\Users\DELL Precision 5550\Documents\GitHub\Terrasight-Eurosat-RGB-vs-Multispectral\data\raw\rgb\Forest\Forest_2839.jpg,1,Forest,1,Forest,0.9999542236328125,True,-49.015614,17.074017
2388,C:\Users\DELL Precision 5550\Documents\GitHub\Terrasight-Eurosat-RGB-vs-Multispectral\data\raw\rgb\AnnualCrop\AnnualCrop_945.jpg,0,AnnualCrop,0,AnnualCrop,1.0,True,61.92949,8.495633
2389,C:\Users\DELL Precision 5550\Documents\GitHub\Terrasight-Eurosat-RGB-vs-Multispectral\data\raw\rgb\Residential\Residential_2568.jpg,7,Residential,7,Residential,0.9998651742935181,True,-44.02021,-33.717175
2390,C:\Users\DELL Precision 5550\Documents\GitHub\Terrasight-Eurosat-RGB-vs-Multispectral\data\raw\rgb\SeaLake\SeaLake_2422.jpg,9,SeaLake,9,SeaLake,0.9997184872627258,True,-3.718502,52.935093
2391,C:\Users\DELL Precision 5550\Documents\GitHub\Terrasight-Eurosat-RGB-vs-Multispectral\data\raw\rgb\Pasture\Pasture_1277.jpg,5,Pasture,1,Forest,0.41289517283439636,False,4.6270022,7.380951
2392,C:\Users\DELL Precision 5550\Documents\GitHub\Terrasight-Eurosat-RGB-vs-Multispectral\data\raw\rgb\Industrial\Industrial_2362.jpg,4,Industrial,4,Industrial,0.975920557975769,True,-6.56517,-50.58671
2393,C:\Users\DELL Precision 5550\Documents\GitHub\Terrasight-Eurosat-RGB-vs-Multispectral\data\raw\rgb\Pasture\Pasture_430.jpg,5,Pasture,5,Pasture,0.9989709854125977,True,-0.05787212,11.921699
2394,C:\Users\DELL Precision 5550\Documents\GitHub\Terrasight-Eurosat-RGB-vs-Multispectral\data\raw\rgb\Forest\Forest_154.jpg,1,Forest,1,Forest,0.999976396560669,True,-57.858704,12.420646
2395,C:\Users\DELL Precision 5550\Documents\GitHub\Terrasight-Eurosat-RGB-vs-Multispectral\data\raw\rgb\Pasture\Pasture_1776.jpg,5,Pasture,5,Pasture,0.9990567564964294,True,4.072912,15.586053
2396,C:\Users\DELL Precision 5550\Documents\GitHub\Terrasight-Eurosat-RGB-vs-Multispectral\data\raw\rgb\Residential\Residential_1942.jpg,7,Residential,7,Residential,0.9914746284484863,True,-25.834398,-32.664375
2397,C:\Users\DELL Precision 5550\Documents\GitHub\Terrasight-Eurosat-RGB-vs-Multispectral\data\raw\rgb\SeaLake\SeaLake_357.jpg,9,SeaLake,9,SeaLake,0.9934157133102417,True,-8.212438,47.978043
2398,C:\Users\DELL Precision 5550\Documents\GitHub\Terrasight-Eurosat-RGB-vs-Multispectral\data\raw\rgb\Highway\Highway_1258.jpg,3,Highway,3,Highway,0.9996095299720764,True,43.086838,-34.677235
2399,C:\Users\DELL Precision 5550\Documents\GitHub\Terrasight-Eurosat-RGB-vs-Multispectral\data\raw\rgb\Industrial\Industrial_1333.jpg,4,Industrial,4,Industrial,0.9999562501907349,True,4.987709,-63.441944
2400,C:\Users\DELL Precision 5550\Documents\GitHub\Terrasight-Eurosat-RGB-vs-Multispectral\data\raw\rgb\SeaLake\SeaLake_1533.jpg,9,SeaLake,9,SeaLake,0.999932050704956,True,-6.40984,63.329456
2401,C:\Users\DELL Precision 5550\Documents\GitHub\Terrasight-Eurosat-RGB-vs-Multispectral\data\raw\rgb\HerbaceousVegetation\HerbaceousVegetation_527.jpg,2,HerbaceousVegetation,2,HerbaceousVegetation,0.9994051456451416,True,-9.868601,-3.6255965
2402,C:\Users\DELL Precision 5550\Documents\GitHub\Terrasight-Eurosat-RGB-vs-Multispectral\data\raw\rgb\Pasture\Pasture_424.jpg,5,Pasture,5,Pasture,0.9999977350234985,True,0.13709942,22.70585
2403,C:\Users\DELL Precision 5550\Documents\GitHub\Terrasight-Eurosat-RGB-vs-Multispectral\data\raw\rgb\SeaLake\SeaLake_2087.jpg,9,SeaLake,9,SeaLake,0.999915599822998,True,4.5931253,49.625862
2404,C:\Users\DELL Precision 5550\Documents\GitHub\Terrasight-Eurosat-RGB-vs-Multispectral\data\raw\rgb\River\River_2155.jpg,8,River,8,River,0.998828113079071,True,22.308256,33.589626
2405,C:\Users\DELL Precision 5550\Documents\GitHub\Terrasight-Eurosat-RGB-vs-Multispectral\data\raw\rgb\Residential\Residential_473.jpg,7,Residential,7,Residential,0.985630989074707,True,-31.321882,-41.16897
2406,C:\Users\DELL Precision 5550\Documents\GitHub\Terrasight-Eurosat-RGB-vs-Multispectral\data\raw\rgb\PermanentCrop\PermanentCrop_2064.jpg,6,PermanentCrop,6,PermanentCrop,0.99937504529953,True,11.412822,-19.40454
2407,C:\Users\DELL Precision 5550\Documents\GitHub\Terrasight-Eurosat-RGB-vs-Multispectral\data\raw\rgb\AnnualCrop\AnnualCrop_2636.jpg,0,AnnualCrop,0,AnnualCrop,0.9999996423721313,True,59.387264,6.8735027
2408,C:\Users\DELL Precision 5550\Documents\GitHub\Terrasight-Eurosat-RGB-vs-Multispectral\data\raw\rgb\Forest\Forest_192.jpg,1,Forest,1,Forest,0.9999997615814209,True,-56.710384,12.999697
2409,C:\Users\DELL Precision 5550\Documents\GitHub\Terrasight-Eurosat-RGB-vs-Multispectral\data\raw\rgb\AnnualCrop\AnnualCrop_2524.jpg,0,AnnualCrop,0,AnnualCrop,0.999957799911499,True,46.96964,4.672108
2410,C:\Users\DELL Precision 5550\Documents\GitHub\Terrasight-Eurosat-RGB-vs-Multispectral\data\raw\rgb\Highway\Highway_115.jpg,3,Highway,3,Highway,0.9996519088745117,True,37.09288,-32.21531
2411,C:\Users\DELL Precision 5550\Documents\GitHub\Terrasight-Eurosat-RGB-vs-Multispectral\data\raw\rgb\Industrial\Industrial_1270.jpg,4,Industrial,4,Industrial,0.9998946189880371,True,6.419521,-57.896126
2412,C:\Users\DELL Precision 5550\Documents\GitHub\Terrasight-Eurosat-RGB-vs-Multispectral\data\raw\rgb\Highway\Highway_2480.jpg,3,Highway,3,Highway,0.9975444674491882,True,40.16291,-22.84829
2413,C:\Users\DELL Precision 5550\Documents\GitHub\Terrasight-Eurosat-RGB-vs-Multispectral\data\raw\rgb\Highway\Highway_1378.jpg,3,Highway,3,Highway,0.9976673126220703,True,37.157944,-27.341055
2414,C:\Users\DELL Precision 5550\Documents\GitHub\Terrasight-Eurosat-RGB-vs-Multispectral\data\raw\rgb\PermanentCrop\PermanentCrop_492.jpg,6,PermanentCrop,6,PermanentCrop,0.9986268281936646,True,7.0163116,-14.639934
2415,C:\Users\DELL Precision 5550\Documents\GitHub\Terrasight-Eurosat-RGB-vs-Multispectral\data\raw\rgb\Residential\Residential_1208.jpg,7,Residential,7,Residential,0.9999986886978149,True,-43.987713,-28.066084
2416,C:\Users\DELL Precision 5550\Documents\GitHub\Terrasight-Eurosat-RGB-vs-Multispectral\data\raw\rgb\AnnualCrop\AnnualCrop_1102.jpg,0,AnnualCrop,0,AnnualCrop,0.9992592930793762,True,32.437725,4.072434
2417,C:\Users\DELL Precision 5550\Documents\GitHub\Terrasight-Eurosat-RGB-vs-Multispectral\data\raw\rgb\HerbaceousVegetation\HerbaceousVegetation_2104.jpg,2,HerbaceousVegetation,2,HerbaceousVegetation,0.9999794960021973,True,-22.098269,-3.4552326
2418,C:\Users\DELL Precision 5550\Documents\GitHub\Terrasight-Eurosat-RGB-vs-Multispectral\data\raw\rgb\Highway\Highway_417.jpg,3,Highway,3,Highway,0.9997666478157043,True,44.290264,-22.449144
2419,C:\Users\DELL Precision 5550\Documents\GitHub\Terrasight-Eurosat-RGB-vs-Multispectral\data\raw\rgb\HerbaceousVegetation\HerbaceousVegetation_2175.jpg,2,HerbaceousVegetation,2,HerbaceousVegetation,0.9996885061264038,True,-16.46958,-14.715081
2420,C:\Users\DELL Precision 5550\Documents\GitHub\Terrasight-Eurosat-RGB-vs-Multispectral\data\raw\rgb\Forest\Forest_2177.jpg,1,Forest,1,Forest,0.9824607968330383,True,-37.557697,17.72163
2421,C:\Users\DELL Precision 5550\Documents\GitHub\Terrasight-Eurosat-RGB-vs-Multispectral\data\raw\rgb\Highway\Highway_1844.jpg,3,Highway,3,Highway,0.9995471835136414,True,39.861355,-30.710733
2422,C:\Users\DELL Precision 5550\Documents\GitHub\Terrasight-Eurosat-RGB-vs-Multispectral\data\raw\rgb\River\River_2382.jpg,8,River,8,River,0.5570456981658936,True,21.94232,16.686382
2423,C:\Users\DELL Precision 5550\Documents\GitHub\Terrasight-Eurosat-RGB-vs-Multispectral\data\raw\rgb\Highway\Highway_446.jpg,3,Highway,3,Highway,0.999962329864502,True,49.543888,-32.37527
2424,C:\Users\DELL Precision 5550\Documents\GitHub\Terrasight-Eurosat-RGB-vs-Multispectral\data\raw\rgb\SeaLake\SeaLake_933.jpg,9,SeaLake,9,SeaLake,0.9988044500350952,True,-6.66531,52.274662
2425,C:\Users\DELL Precision 5550\Documents\GitHub\Terrasight-Eurosat-RGB-vs-Multispectral\data\raw\rgb\AnnualCrop\AnnualCrop_1091.jpg,0,AnnualCrop,0,AnnualCrop,0.9295417070388794,True,27.124249,9.760412
2426,C:\Users\DELL Precision 5550\Documents\GitHub\Terrasight-Eurosat-RGB-vs-Multispectral\data\raw\rgb\Forest\Forest_644.jpg,1,Forest,1,Forest,0.9999998807907104,True,-54.72549,21.016562
2427,C:\Users\DELL Precision 5550\Documents\GitHub\Terrasight-Eurosat-RGB-vs-Multispectral\data\raw\rgb\Pasture\Pasture_1691.jpg,5,Pasture,5,Pasture,1.0,True,-8.361952,24.580816
2428,C:\Users\DELL Precision 5550\Documents\GitHub\Terrasight-Eurosat-RGB-vs-Multispectral\data\raw\rgb\Highway\Highway_461.jpg,3,Highway,3,Highway,0.9988462924957275,True,40.93334,-24.387774
2429,C:\Users\DELL Precision 5550\Documents\GitHub\Terrasight-Eurosat-RGB-vs-Multispectral\data\raw\rgb\AnnualCrop\AnnualCrop_578.jpg,0,AnnualCrop,0,AnnualCrop,0.999997615814209,True,51.87642,8.176458
2430,C:\Users\DELL Precision 5550\Documents\GitHub\Terrasight-Eurosat-RGB-vs-Multispectral\data\raw\rgb\Residential\Residential_2895.jpg,7,Residential,7,Residential,0.9993034601211548,True,-38.12786,-36.51299
2431,C:\Users\DELL Precision 5550\Documents\GitHub\Terrasight-Eurosat-RGB-vs-Multispectral\data\raw\rgb\PermanentCrop\PermanentCrop_1032.jpg,6,PermanentCrop,4,Industrial,0.5094395279884338,False,-24.398188,-39.858418
2432,C:\Users\DELL Precision 5550\Documents\GitHub\Terrasight-Eurosat-RGB-vs-Multispectral\data\raw\rgb\AnnualCrop\AnnualCrop_146.jpg,0,AnnualCrop,0,AnnualCrop,1.0,True,61.001057,8.513832
2433,C:\Users\DELL Precision 5550\Documents\GitHub\Terrasight-Eurosat-RGB-vs-Multispectral\data\raw\rgb\Forest\Forest_1816.jpg,1,Forest,1,Forest,0.9987468719482422,True,-43.029892,22.5872
2434,C:\Users\DELL Precision 5550\Documents\GitHub\Terrasight-Eurosat-RGB-vs-Multispectral\data\raw\rgb\Pasture\Pasture_15.jpg,5,Pasture,5,Pasture,0.9933956265449524,True,1.4688352,12.199982
2435,C:\Users\DELL Precision 5550\Documents\GitHub\Terrasight-Eurosat-RGB-vs-Multispectral\data\raw\rgb\Highway\Highway_2221.jpg,3,Highway,3,Highway,0.9909926652908325,True,41.11308,-28.952164
2436,C:\Users\DELL Precision 5550\Documents\GitHub\Terrasight-Eurosat-RGB-vs-Multispectral\data\raw\rgb\River\River_2038.jpg,8,River,8,River,1.0,True,31.140402,39.91835
2437,C:\Users\DELL Precision 5550\Documents\GitHub\Terrasight-Eurosat-RGB-vs-Multispectral\data\raw\rgb\Pasture\Pasture_797.jpg,5,Pasture,5,Pasture,0.9991074204444885,True,2.7857597,15.2203665
2438,C:\Users\DELL Precision 5550\Documents\GitHub\Terrasight-Eurosat-RGB-vs-Multispectral\data\raw\rgb\Industrial\Industrial_1717.jpg,4,Industrial,4,Industrial,0.9994939565658569,True,5.679471,-51.635494
2439,C:\Users\DELL Precision 5550\Documents\GitHub\Terrasight-Eurosat-RGB-vs-Multispectral\data\raw\rgb\Industrial\Industrial_1509.jpg,4,Industrial,4,Industrial,0.9991044402122498,True,0.82215196,-58.2096
2440,C:\Users\DELL Precision 5550\Documents\GitHub\Terrasight-Eurosat-RGB-vs-Multispectral\data\raw\rgb\River\River_2394.jpg,8,River,8,River,0.7920904159545898,True,29.526123,22.965729
2441,C:\Users\DELL Precision 5550\Documents\GitHub\Terrasight-Eurosat-RGB-vs-Multispectral\data\raw\rgb\Residential\Residential_828.jpg,7,Residential,7,Residential,0.9999979734420776,True,-49.61435,-33.474792
2442,C:\Users\DELL Precision 5550\Documents\GitHub\Terrasight-Eurosat-RGB-vs-Multispectral\data\raw\rgb\River\River_1156.jpg,8,River,8,River,0.9992129802703857,True,25.043425,23.24103
2443,C:\Users\DELL Precision 5550\Documents\GitHub\Terrasight-Eurosat-RGB-vs-Multispectral\data\raw\rgb\Highway\Highway_32.jpg,3,Highway,3,Highway,0.9981807470321655,True,40.72373,-35.959198
2444,C:\Users\DELL Precision 5550\Documents\GitHub\Terrasight-Eurosat-RGB-vs-Multispectral\data\raw\rgb\SeaLake\SeaLake_1069.jpg,9,SeaLake,9,SeaLake,0.9999761581420898,True,-2.5176299,64.071915
2445,C:\Users\DELL Precision 5550\Documents\GitHub\Terrasight-Eurosat-RGB-vs-Multispectral\data\raw\rgb\SeaLake\SeaLake_2963.jpg,9,SeaLake,9,SeaLake,0.9998447895050049,True,-6.2875066,60.02367
2446,C:\Users\DELL Precision 5550\Documents\GitHub\Terrasight-Eurosat-RGB-vs-Multispectral\data\raw\rgb\AnnualCrop\AnnualCrop_937.jpg,0,AnnualCrop,0,AnnualCrop,0.9999988079071045,True,53.62371,9.473781
2447,C:\Users\DELL Precision 5550\Documents\GitHub\Terrasight-Eurosat-RGB-vs-Multispectral\data\raw\rgb\Industrial\Industrial_517.jpg,4,Industrial,4,Industrial,0.999829888343811,True,2.6314383,-62.805817
2448,C:\Users\DELL Precision 5550\Documents\GitHub\Terrasight-Eurosat-RGB-vs-Multispectral\data\raw\rgb\HerbaceousVegetation\HerbaceousVegetation_2240.jpg,2,HerbaceousVegetation,2,HerbaceousVegetation,0.9998712539672852,True,-14.420795,-8.415071
2449,C:\Users\DELL Precision 5550\Documents\GitHub\Terrasight-Eurosat-RGB-vs-Multispectral\data\raw\rgb\Residential\Residential_2609.jpg,7,Residential,7,Residential,0.9635188579559326,True,-27.296278,-37.892498
2450,C:\Users\DELL Precision 5550\Documents\GitHub\Terrasight-Eurosat-RGB-vs-Multispectral\data\raw\rgb\SeaLake\SeaLake_1594.jpg,9,SeaLake,9,SeaLake,0.9944233298301697,True,-12.015913,50.947376
2451,C:\Users\DELL Precision 5550\Documents\GitHub\Terrasight-Eurosat-RGB-vs-Multispectral\data\raw\rgb\Residential\Residential_1984.jpg,7,Residential,7,Residential,0.9999927282333374,True,-43.454277,-28.09267
2452,C:\Users\DELL Precision 5550\Documents\GitHub\Terrasight-Eurosat-RGB-vs-Multispectral\data\raw\rgb\Highway\Highway_1709.jpg,3,Highway,3,Highway,0.9973383545875549,True,39.666325,-34.206326
2453,C:\Users\DELL Precision 5550\Documents\GitHub\Terrasight-Eurosat-RGB-vs-Multispectral\data\raw\rgb\River\River_2253.jpg,8,River,8,River,0.9999997615814209,True,29.850716,33.998444
2454,C:\Users\DELL Precision 5550\Documents\GitHub\Terrasight-Eurosat-RGB-vs-Multispectral\data\raw\rgb\HerbaceousVegetation\HerbaceousVegetation_1994.jpg,2,HerbaceousVegetation,2,HerbaceousVegetation,0.9997830986976624,True,-15.256863,-13.399299
2455,C:\Users\DELL Precision 5550\Documents\GitHub\Terrasight-Eurosat-RGB-vs-Multispectral\data\raw\rgb\SeaLake\SeaLake_1155.jpg,9,SeaLake,9,SeaLake,0.9999682903289795,True,2.714026,46.124573
2456,C:\Users\DELL Precision 5550\Documents\GitHub\Terrasight-Eurosat-RGB-vs-Multispectral\data\raw\rgb\Industrial\Industrial_826.jpg,4,Industrial,4,Industrial,0.8215001821517944,True,-25.014425,-40.300255
2457,C:\Users\DELL Precision 5550\Documents\GitHub\Terrasight-Eurosat-RGB-vs-Multispectral\data\raw\rgb\AnnualCrop\AnnualCrop_194.jpg,0,AnnualCrop,0,AnnualCrop,0.9999996423721313,True,56.68052,9.550211
2458,C:\Users\DELL Precision 5550\Documents\GitHub\Terrasight-Eurosat-RGB-vs-Multispectral\data\raw\rgb\AnnualCrop\AnnualCrop_1857.jpg,0,AnnualCrop,0,AnnualCrop,0.9998798370361328,True,44.626274,4.263327
2459,C:\Users\DELL Precision 5550\Documents\GitHub\Terrasight-Eurosat-RGB-vs-Multispectral\data\raw\rgb\Forest\Forest_2191.jpg,1,Forest,1,Forest,0.9996703863143921,True,-49.037994,16.243511
2460,C:\Users\DELL Precision 5550\Documents\GitHub\Terrasight-Eurosat-RGB-vs-Multispectral\data\raw\rgb\PermanentCrop\PermanentCrop_2150.jpg,6,PermanentCrop,6,PermanentCrop,0.999987006187439,True,7.403848,-23.701277
2461,C:\Users\DELL Precision 5550\Documents\GitHub\Terrasight-Eurosat-RGB-vs-Multispectral\data\raw\rgb\Forest\Forest_1199.jpg,1,Forest,1,Forest,0.9999173879623413,True,-42.840797,26.50049
2462,C:\Users\DELL Precision 5550\Documents\GitHub\Terrasight-Eurosat-RGB-vs-Multispectral\data\raw\rgb\PermanentCrop\PermanentCrop_1328.jpg,6,PermanentCrop,2,HerbaceousVegetation,0.7449823617935181,False,3.4258761,-6.0245275
2463,C:\Users\DELL Precision 5550\Documents\GitHub\Terrasight-Eurosat-RGB-vs-Multispectral\data\raw\rgb\SeaLake\SeaLake_2311.jpg,9,SeaLake,9,SeaLake,0.9928731918334961,True,-10.190591,46.994392
2464,C:\Users\DELL Precision 5550\Documents\GitHub\Terrasight-Eurosat-RGB-vs-Multispectral\data\raw\rgb\AnnualCrop\AnnualCrop_819.jpg,0,AnnualCrop,0,AnnualCrop,0.99936443567276,True,40.811123,10.550725
2465,C:\Users\DELL Precision 5550\Documents\GitHub\Terrasight-Eurosat-RGB-vs-Multispectral\data\raw\rgb\AnnualCrop\AnnualCrop_117.jpg,0,AnnualCrop,0,AnnualCrop,0.99928879737854,True,36.840893,0.46264845
2466,C:\Users\DELL Precision 5550\Documents\GitHub\Terrasight-Eurosat-RGB-vs-Multispectral\data\raw\rgb\SeaLake\SeaLake_2892.jpg,9,SeaLake,9,SeaLake,0.9997562766075134,True,-1.6723084,52.74804
2467,C:\Users\DELL Precision 5550\Documents\GitHub\Terrasight-Eurosat-RGB-vs-Multispectral\data\raw\rgb\Residential\Residential_143.jpg,7,Residential,7,Residential,0.9999730587005615,True,-37.083145,-26.235937
2468,C:\Users\DELL Precision 5550\Documents\GitHub\Terrasight-Eurosat-RGB-vs-Multispectral\data\raw\rgb\Industrial\Industrial_404.jpg,4,Industrial,4,Industrial,0.9995618462562561,True,6.4612775,-60.03288
2469,C:\Users\DELL Precision 5550\Documents\GitHub\Terrasight-Eurosat-RGB-vs-Multispectral\data\raw\rgb\Highway\Highway_2298.jpg,3,Highway,4,Industrial,0.7614591121673584,False,2.8923433,-46.280075
2470,C:\Users\DELL Precision 5550\Documents\GitHub\Terrasight-Eurosat-RGB-vs-Multispectral\data\raw\rgb\Highway\Highway_2230.jpg,3,Highway,3,Highway,0.9996243715286255,True,52.048744,-27.669315
2471,C:\Users\DELL Precision 5550\Documents\GitHub\Terrasight-Eurosat-RGB-vs-Multispectral\data\raw\rgb\Pasture\Pasture_366.jpg,5,Pasture,5,Pasture,0.9805768132209778,True,4.793696,11.139238
2472,C:\Users\DELL Precision 5550\Documents\GitHub\Terrasight-Eurosat-RGB-vs-Multispectral\data\raw\rgb\HerbaceousVegetation\HerbaceousVegetation_656.jpg,2,HerbaceousVegetation,2,HerbaceousVegetation,0.9935729503631592,True,-3.9075623,-4.7833557
2473,C:\Users\DELL Precision 5550\Documents\GitHub\Terrasight-Eurosat-RGB-vs-Multispectral\data\raw\rgb\AnnualCrop\AnnualCrop_1510.jpg,0,AnnualCrop,0,AnnualCrop,0.9996848106384277,True,43.6773,10.08879
2474,C:\Users\DELL Precision 5550\Documents\GitHub\Terrasight-Eurosat-RGB-vs-Multispectral\data\raw\rgb\SeaLake\SeaLake_154.jpg,9,SeaLake,9,SeaLake,0.9990888833999634,True,-3.913994,49.034138
2475,C:\Users\DELL Precision 5550\Documents\GitHub\Terrasight-Eurosat-RGB-vs-Multispectral\data\raw\rgb\River\River_1195.jpg,8,River,8,River,0.9999998807907104,True,30.445597,39.183575
2476,C:\Users\DELL Precision 5550\Documents\GitHub\Terrasight-Eurosat-RGB-vs-Multispectral\data\raw\rgb\River\River_1753.jpg,8,River,8,River,0.994510293006897,True,20.653023,21.465313
2477,C:\Users\DELL Precision 5550\Documents\GitHub\Terrasight-Eurosat-RGB-vs-Multispectral\data\raw\rgb\Forest\Forest_479.jpg,1,Forest,1,Forest,0.9981196522712708,True,-33.569824,24.693975
2478,C:\Users\DELL Precision 5550\Documents\GitHub\Terrasight-Eurosat-RGB-vs-Multispectral\data\raw\rgb\AnnualCrop\AnnualCrop_384.jpg,0,AnnualCrop,0,AnnualCrop,1.0,True,60.817593,7.352433
2479,C:\Users\DELL Precision 5550\Documents\GitHub\Terrasight-Eurosat-RGB-vs-Multispectral\data\raw\rgb\Industrial\Industrial_1283.jpg,4,Industrial,4,Industrial,0.9434136748313904,True,-2.4358666,-44.191135
2480,C:\Users\DELL Precision 5550\Documents\GitHub\Terrasight-Eurosat-RGB-vs-Multispectral\data\raw\rgb\River\River_1218.jpg,8,River,8,River,0.9298021197319031,True,19.074276,20.833162
2481,C:\Users\DELL Precision 5550\Documents\GitHub\Terrasight-Eurosat-RGB-vs-Multispectral\data\raw\rgb\Industrial\Industrial_1310.jpg,4,Industrial,6,PermanentCrop,0.5802430510520935,False,-4.2095547,-42.741234
2482,C:\Users\DELL Precision 5550\Documents\GitHub\Terrasight-Eurosat-RGB-vs-Multispectral\data\raw\rgb\PermanentCrop\PermanentCrop_2031.jpg,6,PermanentCrop,6,PermanentCrop,0.9876068234443665,True,16.364836,-13.1149025
2483,C:\Users\DELL Precision 5550\Documents\GitHub\Terrasight-Eurosat-RGB-vs-Multispectral\data\raw\rgb\Pasture\Pasture_192.jpg,5,Pasture,5,Pasture,0.9992733597755432,True,-5.326326,22.117493
2484,C:\Users\DELL Precision 5550\Documents\GitHub\Terrasight-Eurosat-RGB-vs-Multispectral\data\raw\rgb\Forest\Forest_828.jpg,1,Forest,1,Forest,0.9995859265327454,True,-39.35584,18.29786
2485,C:\Users\DELL Precision 5550\Documents\GitHub\Terrasight-Eurosat-RGB-vs-Multispectral\data\raw\rgb\River\River_1800.jpg,8,River,8,River,0.9999865293502808,True,30.390198,32.436726
2486,C:\Users\DELL Precision 5550\Documents\GitHub\Terrasight-Eurosat-RGB-vs-Multispectral\data\raw\rgb\Forest\Forest_1469.jpg,1,Forest,1,Forest,0.9899573922157288,True,-38.269093,25.56416
2487,C:\Users\DELL Precision 5550\Documents\GitHub\Terrasight-Eurosat-RGB-vs-Multispectral\data\raw\rgb\Industrial\Industrial_309.jpg,4,Industrial,4,Industrial,0.9544627666473389,True,-4.865042,-51.72468
2488,C:\Users\DELL Precision 5550\Documents\GitHub\Terrasight-Eurosat-RGB-vs-Multispectral\data\raw\rgb\AnnualCrop\AnnualCrop_174.jpg,0,AnnualCrop,0,AnnualCrop,0.9999004602432251,True,46.287712,8.454733
2489,C:\Users\DELL Precision 5550\Documents\GitHub\Terrasight-Eurosat-RGB-vs-Multispectral\data\raw\rgb\Highway\Highway_1247.jpg,3,Highway,3,Highway,0.9985765218734741,True,33.412792,-32.768993
2490,C:\Users\DELL Precision 5550\Documents\GitHub\Terrasight-Eurosat-RGB-vs-Multispectral\data\raw\rgb\SeaLake\SeaLake_1545.jpg,9,SeaLake,9,SeaLake,0.9990110397338867,True,-11.271857,44.98948
2491,C:\Users\DELL Precision 5550\Documents\GitHub\Terrasight-Eurosat-RGB-vs-Multispectral\data\raw\rgb\PermanentCrop\PermanentCrop_1357.jpg,6,PermanentCrop,6,PermanentCrop,0.9933690428733826,True,8.184404,-10.515593
2492,C:\Users\DELL Precision 5550\Documents\GitHub\Terrasight-Eurosat-RGB-vs-Multispectral\data\raw\rgb\PermanentCrop\PermanentCrop_1787.jpg,6,PermanentCrop,6,PermanentCrop,0.9996849298477173,True,15.438425,-19.91334
2493,C:\Users\DELL Precision 5550\Documents\GitHub\Terrasight-Eurosat-RGB-vs-Multispectral\data\raw\rgb\Industrial\Industrial_1467.jpg,4,Industrial,4,Industrial,0.9999958276748657,True,8.716731,-57.874233
2494,C:\Users\DELL Precision 5550\Documents\GitHub\Terrasight-Eurosat-RGB-vs-Multispectral\data\raw\rgb\Forest\Forest_912.jpg,1,Forest,1,Forest,0.9989915490150452,True,-38.013443,19.734085
2495,C:\Users\DELL Precision 5550\Documents\GitHub\Terrasight-Eurosat-RGB-vs-Multispectral\data\raw\rgb\SeaLake\SeaLake_675.jpg,9,SeaLake,9,SeaLake,0.9999498128890991,True,2.4681525,44.826557
2496,C:\Users\DELL Precision 5550\Documents\GitHub\Terrasight-Eurosat-RGB-vs-Multispectral\data\raw\rgb\River\River_269.jpg,8,River,8,River,0.9995868802070618,True,20.290222,25.643492
2497,C:\Users\DELL Precision 5550\Documents\GitHub\Terrasight-Eurosat-RGB-vs-Multispectral\data\raw\rgb\SeaLake\SeaLake_1593.jpg,9,SeaLake,9,SeaLake,0.9999769926071167,True,-0.260008,64.64166
2498,C:\Users\DELL Precision 5550\Documents\GitHub\Terrasight-Eurosat-RGB-vs-Multispectral\data\raw\rgb\River\River_2266.jpg,8,River,8,River,0.9988499879837036,True,20.642292,24.920324
2499,C:\Users\DELL Precision 5550\Documents\GitHub\Terrasight-Eurosat-RGB-vs-Multispectral\data\raw\rgb\Highway\Highway_121.jpg,3,Highway,3,Highway,0.9933381080627441,True,36.71329,-25.428299
2500,C:\Users\DELL Precision 5550\Documents\GitHub\Terrasight-Eurosat-RGB-vs-Multispectral\data\raw\rgb\HerbaceousVegetation\HerbaceousVegetation_2939.jpg,2,HerbaceousVegetation,2,HerbaceousVegetation,0.9999996423721313,True,-16.62795,-7.0322576
2501,C:\Users\DELL Precision 5550\Documents\GitHub\Terrasight-Eurosat-RGB-vs-Multispectral\data\raw\rgb\Industrial\Industrial_2132.jpg,4,Industrial,4,Industrial,0.997616171836853,True,-1.299388,-62.381073
2502,C:\Users\DELL Precision 5550\Documents\GitHub\Terrasight-Eurosat-RGB-vs-Multispectral\data\raw\rgb\River\River_2191.jpg,8,River,8,River,0.44765710830688477,True,8.779553,19.330317
2503,C:\Users\DELL Precision 5550\Documents\GitHub\Terrasight-Eurosat-RGB-vs-Multispectral\data\raw\rgb\Residential\Residential_94.jpg,7,Residential,7,Residential,0.9839187860488892,True,-28.686024,-39.838654
2504,C:\Users\DELL Precision 5550\Documents\GitHub\Terrasight-Eurosat-RGB-vs-Multispectral\data\raw\rgb\Pasture\Pasture_459.jpg,5,Pasture,5,Pasture,0.999948263168335,True,1.1333572,21.720089
2505,C:\Users\DELL Precision 5550\Documents\GitHub\Terrasight-Eurosat-RGB-vs-Multispectral\data\raw\rgb\Residential\Residential_1963.jpg,7,Residential,7,Residential,1.0,True,-49.086452,-31.180914
2506,C:\Users\DELL Precision 5550\Documents\GitHub\Terrasight-Eurosat-RGB-vs-Multispectral\data\raw\rgb\Industrial\Industrial_1776.jpg,4,Industrial,4,Industrial,0.9998937845230103,True,3.8752213,-62.38073
2507,C:\Users\DELL Precision 5550\Documents\GitHub\Terrasight-Eurosat-RGB-vs-Multispectral\data\raw\rgb\Residential\Residential_1909.jpg,7,Residential,7,Residential,0.9998999834060669,True,-39.75968,-29.708288
2508,C:\Users\DELL Precision 5550\Documents\GitHub\Terrasight-Eurosat-RGB-vs-Multispectral\data\raw\rgb\AnnualCrop\AnnualCrop_1374.jpg,0,AnnualCrop,0,AnnualCrop,0.9644347429275513,True,28.42985,4.731589
2509,C:\Users\DELL Precision 5550\Documents\GitHub\Terrasight-Eurosat-RGB-vs-Multispectral\data\raw\rgb\HerbaceousVegetation\HerbaceousVegetation_2674.jpg,2,HerbaceousVegetation,2,HerbaceousVegetation,0.9967746138572693,True,-18.117426,-14.222395
2510,C:\Users\DELL Precision 5550\Documents\GitHub\Terrasight-Eurosat-RGB-vs-Multispectral\data\raw\rgb\River\River_1949.jpg,8,River,8,River,0.9989253878593445,True,26.071878,22.861942
2511,C:\Users\DELL Precision 5550\Documents\GitHub\Terrasight-Eurosat-RGB-vs-Multispectral\data\raw\rgb\Pasture\Pasture_257.jpg,5,Pasture,5,Pasture,0.9999712705612183,True,0.29824147,19.349178
2512,C:\Users\DELL Precision 5550\Documents\GitHub\Terrasight-Eurosat-RGB-vs-Multispectral\data\raw\rgb\Pasture\Pasture_602.jpg,5,Pasture,5,Pasture,0.999994158744812,True,-6.8161683,23.085424
2513,C:\Users\DELL Precision 5550\Documents\GitHub\Terrasight-Eurosat-RGB-vs-Multispectral\data\raw\rgb\Highway\Highway_1336.jpg,3,Highway,3,Highway,0.6491609215736389,True,34.656113,-24.270859
2514,C:\Users\DELL Precision 5550\Documents\GitHub\Terrasight-Eurosat-RGB-vs-Multispectral\data\raw\rgb\River\River_1542.jpg,8,River,8,River,0.9996535778045654,True,26.84172,24.04142
2515,C:\Users\DELL Precision 5550\Documents\GitHub\Terrasight-Eurosat-RGB-vs-Multispectral\data\raw\rgb\Residential\Residential_1710.jpg,7,Residential,7,Residential,0.9994900226593018,True,-49.948032,-35.713284
2516,C:\Users\DELL Precision 5550\Documents\GitHub\Terrasight-Eurosat-RGB-vs-Multispectral\data\raw\rgb\Industrial\Industrial_1720.jpg,4,Industrial,4,Industrial,0.9966366291046143,True,-4.8749375,-49.328915
2517,C:\Users\DELL Precision 5550\Documents\GitHub\Terrasight-Eurosat-RGB-vs-Multispectral\data\raw\rgb\HerbaceousVegetation\HerbaceousVegetation_803.jpg,2,HerbaceousVegetation,2,HerbaceousVegetation,0.9999994039535522,True,-27.508942,-4.507661
2518,C:\Users\DELL Precision 5550\Documents\GitHub\Terrasight-Eurosat-RGB-vs-Multispectral\data\raw\rgb\Forest\Forest_253.jpg,1,Forest,1,Forest,0.9999778270721436,True,-46.399807,13.544151
2519,C:\Users\DELL Precision 5550\Documents\GitHub\Terrasight-Eurosat-RGB-vs-Multispectral\data\raw\rgb\Highway\Highway_942.jpg,3,Highway,3,Highway,0.9897928237915039,True,34.21387,-29.249168
2520,C:\Users\DELL Precision 5550\Documents\GitHub\Terrasight-Eurosat-RGB-vs-Multispectral\data\raw\rgb\SeaLake\SeaLake_1861.jpg,9,SeaLake,9,SeaLake,0.998932421207428,True,-2.2915912,41.686672
2521,C:\Users\DELL Precision 5550\Documents\GitHub\Terrasight-Eurosat-RGB-vs-Multispectral\data\raw\rgb\Forest\Forest_2772.jpg,1,Forest,2,HerbaceousVegetation,0.8769412040710449,False,-1.7915436,2.3309426
2522,C:\Users\DELL Precision 5550\Documents\GitHub\Terrasight-Eurosat-RGB-vs-Multispectral\data\raw\rgb\Residential\Residential_731.jpg,7,Residential,7,Residential,0.9996242523193359,True,-33.74059,-30.456903
2523,C:\Users\DELL Precision 5550\Documents\GitHub\Terrasight-Eurosat-RGB-vs-Multispectral\data\raw\rgb\SeaLake\SeaLake_2901.jpg,9,SeaLake,9,SeaLake,0.9999717473983765,True,3.4259603,46.620537
2524,C:\Users\DELL Precision 5550\Documents\GitHub\Terrasight-Eurosat-RGB-vs-Multispectral\data\raw\rgb\HerbaceousVegetation\HerbaceousVegetation_908.jpg,2,HerbaceousVegetation,2,HerbaceousVegetation,0.6896008849143982,True,-0.7068873,-11.930315
2525,C:\Users\DELL Precision 5550\Documents\GitHub\Terrasight-Eurosat-RGB-vs-Multispectral\data\raw\rgb\PermanentCrop\PermanentCrop_2057.jpg,6,PermanentCrop,6,PermanentCrop,0.9145634174346924,True,2.0620914,-18.531334
2526,C:\Users\DELL Precision 5550\Documents\GitHub\Terrasight-Eurosat-RGB-vs-Multispectral\data\raw\rgb\AnnualCrop\AnnualCrop_2618.jpg,0,AnnualCrop,0,AnnualCrop,0.9999994039535522,True,54.184204,9.549205
2527,C:\Users\DELL Precision 5550\Documents\GitHub\Terrasight-Eurosat-RGB-vs-Multispectral\data\raw\rgb\AnnualCrop\AnnualCrop_613.jpg,0,AnnualCrop,0,AnnualCrop,0.9754189848899841,True,28.892574,0.5731379
2528,C:\Users\DELL Precision 5550\Documents\GitHub\Terrasight-Eurosat-RGB-vs-Multispectral\data\raw\rgb\Pasture\Pasture_1503.jpg,5,Pasture,5,Pasture,1.0,True,-8.384532,25.525202
2529,C:\Users\DELL Precision 5550\Documents\GitHub\Terrasight-Eurosat-RGB-vs-Multispectral\data\raw\rgb\Residential\Residential_2794.jpg,7,Residential,7,Residential,0.9994319081306458,True,-45.868248,-39.436794
2530,C:\Users\DELL Precision 5550\Documents\GitHub\Terrasight-Eurosat-RGB-vs-Multispectral\data\raw\rgb\PermanentCrop\PermanentCrop_277.jpg,6,PermanentCrop,6,PermanentCrop,0.9343785047531128,True,7.0996585,-7.577739
2531,C:\Users\DELL Precision 5550\Documents\GitHub\Terrasight-Eurosat-RGB-vs-Multispectral\data\raw\rgb\HerbaceousVegetation\HerbaceousVegetation_139.jpg,2,HerbaceousVegetation,2,HerbaceousVegetation,0.9993473887443542,True,-7.410372,-8.342816
2532,C:\Users\DELL Precision 5550\Documents\GitHub\Terrasight-Eurosat-RGB-vs-Multispectral\data\raw\rgb\Industrial\Industrial_1298.jpg,4,Industrial,4,Industrial,0.7646121978759766,True,-8.271843,-50.70006
2533,C:\Users\DELL Precision 5550\Documents\GitHub\Terrasight-Eurosat-RGB-vs-Multispectral\data\raw\rgb\Residential\Residential_14.jpg,7,Residential,7,Residential,0.999127209186554,True,-31.20153,-34.70386
2534,C:\Users\DELL Precision 5550\Documents\GitHub\Terrasight-Eurosat-RGB-vs-Multispectral\data\raw\rgb\Residential\Residential_999.jpg,7,Residential,7,Residential,0.9992465972900391,True,-47.477333,-36.617603
2535,C:\Users\DELL Precision 5550\Documents\GitHub\Terrasight-Eurosat-RGB-vs-Multispectral\data\raw\rgb\Industrial\Industrial_1374.jpg,4,Industrial,4,Industrial,0.9992740750312805,True,1.0142368,-51.6269
2536,C:\Users\DELL Precision 5550\Documents\GitHub\Terrasight-Eurosat-RGB-vs-Multispectral\data\raw\rgb\Forest\Forest_675.jpg,1,Forest,1,Forest,0.9999260902404785,True,-35.373837,23.735254
2537,C:\Users\DELL Precision 5550\Documents\GitHub\Terrasight-Eurosat-RGB-vs-Multispectral\data\raw\rgb\Residential\Residential_2589.jpg,7,Residential,4,Industrial,0.9245434999465942,False,-5.320154,-48.29063
2538,C:\Users\DELL Precision 5550\Documents\GitHub\Terrasight-Eurosat-RGB-vs-Multispectral\data\raw\rgb\Highway\Highway_1389.jpg,3,Highway,3,Highway,0.9968106150627136,True,36.21081,-23.34158
2539,C:\Users\DELL Precision 5550\Documents\GitHub\Terrasight-Eurosat-RGB-vs-Multispectral\data\raw\rgb\Highway\Highway_1501.jpg,3,Highway,3,Highway,0.9908182621002197,True,38.877968,-21.487606
2540,C:\Users\DELL Precision 5550\Documents\GitHub\Terrasight-Eurosat-RGB-vs-Multispectral\data\raw\rgb\PermanentCrop\PermanentCrop_1862.jpg,6,PermanentCrop,6,PermanentCrop,0.891304612159729,True,4.5804973,-6.44734
2541,C:\Users\DELL Precision 5550\Documents\GitHub\Terrasight-Eurosat-RGB-vs-Multispectral\data\raw\rgb\SeaLake\SeaLake_1573.jpg,9,SeaLake,9,SeaLake,0.9642748832702637,True,-8.115223,42.26862
2542,C:\Users\DELL Precision 5550\Documents\GitHub\Terrasight-Eurosat-RGB-vs-Multispectral\data\raw\rgb\Industrial\Industrial_1258.jpg,4,Industrial,4,Industrial,0.9973389506340027,True,-0.891456,-55.685017
2543,C:\Users\DELL Precision 5550\Documents\GitHub\Terrasight-Eurosat-RGB-vs-Multispectral\data\raw\rgb\Pasture\Pasture_480.jpg,5,Pasture,5,Pasture,0.9999936819076538,True,-0.8674502,21.362614
2544,C:\Users\DELL Precision 5550\Documents\GitHub\Terrasight-Eurosat-RGB-vs-Multispectral\data\raw\rgb\River\River_1680.jpg,8,River,8,River,0.9990979433059692,True,25.794056,20.974169
2545,C:\Users\DELL Precision 5550\Documents\GitHub\Terrasight-Eurosat-RGB-vs-Multispectral\data\raw\rgb\PermanentCrop\PermanentCrop_343.jpg,6,PermanentCrop,6,PermanentCrop,0.6594070792198181,True,4.145048,-6.5835767
2546,C:\Users\DELL Precision 5550\Documents\GitHub\Terrasight-Eurosat-RGB-vs-Multispectral\data\raw\rgb\SeaLake\SeaLake_2171.jpg,9,SeaLake,9,SeaLake,0.9994378685951233,True,-10.54433,53.847378
2547,C:\Users\DELL Precision 5550\Documents\GitHub\Terrasight-Eurosat-RGB-vs-Multispectral\data\raw\rgb\Residential\Residential_2759.jpg,7,Residential,7,Residential,0.9998095631599426,True,-39.974796,-28.383453
2548,C:\Users\DELL Precision 5550\Documents\GitHub\Terrasight-Eurosat-RGB-vs-Multispectral\data\raw\rgb\Highway\Highway_14.jpg,3,Highway,3,Highway,0.9886466860771179,True,34.09721,-29.9935
2549,C:\Users\DELL Precision 5550\Documents\GitHub\Terrasight-Eurosat-RGB-vs-Multispectral\data\raw\rgb\PermanentCrop\PermanentCrop_2153.jpg,6,PermanentCrop,2,HerbaceousVegetation,0.5260561108589172,False,2.1387508,-10.396057
2550,C:\Users\DELL Precision 5550\Documents\GitHub\Terrasight-Eurosat-RGB-vs-Multispectral\data\raw\rgb\Residential\Residential_1512.jpg,7,Residential,7,Residential,0.9999995231628418,True,-48.028324,-31.533106
2551,C:\Users\DELL Precision 5550\Documents\GitHub\Terrasight-Eurosat-RGB-vs-Multispectral\data\raw\rgb\River\River_2194.jpg,8,River,8,River,0.9986849427223206,True,18.027283,25.321497
2552,C:\Users\DELL Precision 5550\Documents\GitHub\Terrasight-Eurosat-RGB-vs-Multispectral\data\raw\rgb\SeaLake\SeaLake_2446.jpg,9,SeaLake,9,SeaLake,0.9999935626983643,True,-0.59009916,65.371284
2553,C:\Users\DELL Precision 5550\Documents\GitHub\Terrasight-Eurosat-RGB-vs-Multispectral\data\raw\rgb\HerbaceousVegetation\HerbaceousVegetation_2418.jpg,2,HerbaceousVegetation,2,HerbaceousVegetation,0.9899820685386658,True,-19.362854,6.033214
2554,C:\Users\DELL Precision 5550\Documents\GitHub\Terrasight-Eurosat-RGB-vs-Multispectral\data\raw\rgb\HerbaceousVegetation\HerbaceousVegetation_574.jpg,2,HerbaceousVegetation,2,HerbaceousVegetation,0.9999974966049194,True,-24.186878,1.7797047
2555,C:\Users\DELL Precision 5550\Documents\GitHub\Terrasight-Eurosat-RGB-vs-Multispectral\data\raw\rgb\Residential\Residential_1232.jpg,7,Residential,7,Residential,0.9991933703422546,True,-38.7631,-30.115475
2556,C:\Users\DELL Precision 5550\Documents\GitHub\Terrasight-Eurosat-RGB-vs-Multispectral\data\raw\rgb\Forest\Forest_2103.jpg,1,Forest,1,Forest,0.9996746778488159,True,-40.055305,20.86105
2557,C:\Users\DELL Precision 5550\Documents\GitHub\Terrasight-Eurosat-RGB-vs-Multispectral\data\raw\rgb\Residential\Residential_451.jpg,7,Residential,7,Residential,0.9998282194137573,True,-46.431736,-36.375397
2558,C:\Users\DELL Precision 5550\Documents\GitHub\Terrasight-Eurosat-RGB-vs-Multispectral\data\raw\rgb\AnnualCrop\AnnualCrop_1226.jpg,0,AnnualCrop,0,AnnualCrop,0.999981164932251,True,47.76739,3.7762284
2559,C:\Users\DELL Precision 5550\Documents\GitHub\Terrasight-Eurosat-RGB-vs-Multispectral\data\raw\rgb\AnnualCrop\AnnualCrop_1539.jpg,0,AnnualCrop,0,AnnualCrop,0.9975879192352295,True,34.844337,3.9074676
2560,C:\Users\DELL Precision 5550\Documents\GitHub\Terrasight-Eurosat-RGB-vs-Multispectral\data\raw\rgb\River\River_1487.jpg,8,River,8,River,0.9999994039535522,True,26.71119,36.54609
2561,C:\Users\DELL Precision 5550\Documents\GitHub\Terrasight-Eurosat-RGB-vs-Multispectral\data\raw\rgb\PermanentCrop\PermanentCrop_434.jpg,6,PermanentCrop,6,PermanentCrop,0.9638801217079163,True,15.607326,-12.216102
2562,C:\Users\DELL Precision 5550\Documents\GitHub\Terrasight-Eurosat-RGB-vs-Multispectral\data\raw\rgb\AnnualCrop\AnnualCrop_907.jpg,0,AnnualCrop,0,AnnualCrop,0.9575421214103699,True,29.341227,-0.5014364
2563,C:\Users\DELL Precision 5550\Documents\GitHub\Terrasight-Eurosat-RGB-vs-Multispectral\data\raw\rgb\PermanentCrop\PermanentCrop_1932.jpg,6,PermanentCrop,6,PermanentCrop,0.9991468191146851,True,13.112932,-12.556791
2564,C:\Users\DELL Precision 5550\Documents\GitHub\Terrasight-Eurosat-RGB-vs-Multispectral\data\raw\rgb\Forest\Forest_27.jpg,1,Forest,1,Forest,0.9915178418159485,True,-35.49815,27.658737
2565,C:\Users\DELL Precision 5550\Documents\GitHub\Terrasight-Eurosat-RGB-vs-Multispectral\data\raw\rgb\Highway\Highway_2150.jpg,3,Highway,3,Highway,0.9859581589698792,True,40.012615,-28.427347
2566,C:\Users\DELL Precision 5550\Documents\GitHub\Terrasight-Eurosat-RGB-vs-Multispectral\data\raw\rgb\River\River_2212.jpg,8,River,8,River,0.9982019662857056,True,18.483246,21.51733
2567,C:\Users\DELL Precision 5550\Documents\GitHub\Terrasight-Eurosat-RGB-vs-Multispectral\data\raw\rgb\Highway\Highway_986.jpg,3,Highway,3,Highway,0.9993813037872314,True,43.36489,-30.527456
2568,C:\Users\DELL Precision 5550\Documents\GitHub\Terrasight-Eurosat-RGB-vs-Multispectral\data\raw\rgb\SeaLake\SeaLake_2806.jpg,9,SeaLake,9,SeaLake,0.9999878406524658,True,-6.0363927,65.88687
2569,C:\Users\DELL Precision 5550\Documents\GitHub\Terrasight-Eurosat-RGB-vs-Multispectral\data\raw\rgb\SeaLake\SeaLake_1679.jpg,9,SeaLake,9,SeaLake,0.9990266561508179,True,-4.263355,45.7547
2570,C:\Users\DELL Precision 5550\Documents\GitHub\Terrasight-Eurosat-RGB-vs-Multispectral\data\raw\rgb\SeaLake\SeaLake_1579.jpg,9,SeaLake,9,SeaLake,0.9997112154960632,True,-3.5704544,43.778038
2571,C:\Users\DELL Precision 5550\Documents\GitHub\Terrasight-Eurosat-RGB-vs-Multispectral\data\raw\rgb\SeaLake\SeaLake_2861.jpg,9,SeaLake,9,SeaLake,0.9993946552276611,True,-3.5728195,45.12435
2572,C:\Users\DELL Precision 5550\Documents\GitHub\Terrasight-Eurosat-RGB-vs-Multispectral\data\raw\rgb\Forest\Forest_2167.jpg,1,Forest,1,Forest,0.9918649792671204,True,-38.97507,23.872269
2573,C:\Users\DELL Precision 5550\Documents\GitHub\Terrasight-Eurosat-RGB-vs-Multispectral\data\raw\rgb\PermanentCrop\PermanentCrop_394.jpg,6,PermanentCrop,6,PermanentCrop,0.9988412261009216,True,16.211086,-16.42862
2574,C:\Users\DELL Precision 5550\Documents\GitHub\Terrasight-Eurosat-RGB-vs-Multispectral\data\raw\rgb\Industrial\Industrial_2377.jpg,4,Industrial,4,Industrial,0.9857072234153748,True,-5.3010097,-46.52376
2575,C:\Users\DELL Precision 5550\Documents\GitHub\Terrasight-Eurosat-RGB-vs-Multispectral\data\raw\rgb\AnnualCrop\AnnualCrop_2823.jpg,0,AnnualCrop,0,AnnualCrop,0.9939893484115601,True,35.178825,8.249931
2576,C:\Users\DELL Precision 5550\Documents\GitHub\Terrasight-Eurosat-RGB-vs-Multispectral\data\raw\rgb\Industrial\Industrial_106.jpg,4,Industrial,4,Industrial,0.9999744892120361,True,6.0770783,-64.66247
2577,C:\Users\DELL Precision 5550\Documents\GitHub\Terrasight-Eurosat-RGB-vs-Multispectral\data\raw\rgb\Highway\Highway_1354.jpg,3,Highway,3,Highway,0.9998276233673096,True,50.799366,-27.101917
2578,C:\Users\DELL Precision 5550\Documents\GitHub\Terrasight-Eurosat-RGB-vs-Multispectral\data\raw\rgb\River\River_284.jpg,8,River,8,River,0.7569119930267334,True,25.706125,13.458347
2579,C:\Users\DELL Precision 5550\Documents\GitHub\Terrasight-Eurosat-RGB-vs-Multispectral\data\raw\rgb\Residential\Residential_1236.jpg,7,Residential,7,Residential,0.9999723434448242,True,-43.15985,-36.85672
2580,C:\Users\DELL Precision 5550\Documents\GitHub\Terrasight-Eurosat-RGB-vs-Multispectral\data\raw\rgb\SeaLake\SeaLake_413.jpg,9,SeaLake,9,SeaLake,0.9999744892120361,True,-0.9546875,64.221344
2581,C:\Users\DELL Precision 5550\Documents\GitHub\Terrasight-Eurosat-RGB-vs-Multispectral\data\raw\rgb\Industrial\Industrial_1213.jpg,4,Industrial,6,PermanentCrop,0.8127764463424683,False,8.48618,-9.014353
2582,C:\Users\DELL Precision 5550\Documents\GitHub\Terrasight-Eurosat-RGB-vs-Multispectral\data\raw\rgb\Residential\Residential_57.jpg,7,Residential,7,Residential,1.0,True,-50.352516,-33.279575
2583,C:\Users\DELL Precision 5550\Documents\GitHub\Terrasight-Eurosat-RGB-vs-Multispectral\data\raw\rgb\River\River_2440.jpg,8,River,8,River,0.9876647591590881,True,31.172602,31.119482
2584,C:\Users\DELL Precision 5550\Documents\GitHub\Terrasight-Eurosat-RGB-vs-Multispectral\data\raw\rgb\SeaLake\SeaLake_815.jpg,9,SeaLake,9,SeaLake,0.9997888207435608,True,-6.2134123,59.714466
2585,C:\Users\DELL Precision 5550\Documents\GitHub\Terrasight-Eurosat-RGB-vs-Multispectral\data\raw\rgb\River\River_1232.jpg,8,River,8,River,0.9917758703231812,True,18.145065,23.825266
2586,C:\Users\DELL Precision 5550\Documents\GitHub\Terrasight-Eurosat-RGB-vs-Multispectral\data\raw\rgb\Industrial\Industrial_1166.jpg,4,Industrial,4,Industrial,0.9962305426597595,True,-2.3779569,-53.587955
2587,C:\Users\DELL Precision 5550\Documents\GitHub\Terrasight-Eurosat-RGB-vs-Multispectral\data\raw\rgb\River\River_1835.jpg,8,River,8,River,0.9999691247940063,True,25.424225,31.321781
2588,C:\Users\DELL Precision 5550\Documents\GitHub\Terrasight-Eurosat-RGB-vs-Multispectral\data\raw\rgb\HerbaceousVegetation\HerbaceousVegetation_2358.jpg,2,HerbaceousVegetation,2,HerbaceousVegetation,0.9999991655349731,True,-16.66295,-6.9794793
2589,C:\Users\DELL Precision 5550\Documents\GitHub\Terrasight-Eurosat-RGB-vs-Multispectral\data\raw\rgb\HerbaceousVegetation\HerbaceousVegetation_2749.jpg,2,HerbaceousVegetation,2,HerbaceousVegetation,0.9986636638641357,True,-8.740548,-1.7938825
2590,C:\Users\DELL Precision 5550\Documents\GitHub\Terrasight-Eurosat-RGB-vs-Multispectral\data\raw\rgb\Highway\Highway_74.jpg,3,Highway,3,Highway,0.9996247291564941,True,37.908806,-27.376514
2591,C:\Users\DELL Precision 5550\Documents\GitHub\Terrasight-Eurosat-RGB-vs-Multispectral\data\raw\rgb\Highway\Highway_478.jpg,3,Highway,3,Highway,0.9999798536300659,True,49.93528,-32.456493
2592,C:\Users\DELL Precision 5550\Documents\GitHub\Terrasight-Eurosat-RGB-vs-Multispectral\data\raw\rgb\Residential\Residential_1538.jpg,7,Residential,7,Residential,0.9903327822685242,True,-41.910336,-38.796898
2593,C:\Users\DELL Precision 5550\Documents\GitHub\Terrasight-Eurosat-RGB-vs-Multispectral\data\raw\rgb\Forest\Forest_2414.jpg,1,Forest,1,Forest,0.9999998807907104,True,-55.006615,20.137613
2594,C:\Users\DELL Precision 5550\Documents\GitHub\Terrasight-Eurosat-RGB-vs-Multispectral\data\raw\rgb\Industrial\Industrial_2419.jpg,4,Industrial,4,Industrial,0.991936206817627,True,-3.25349,-46.77549
2595,C:\Users\DELL Precision 5550\Documents\GitHub\Terrasight-Eurosat-RGB-vs-Multispectral\data\raw\rgb\HerbaceousVegetation\HerbaceousVegetation_625.jpg,2,HerbaceousVegetation,2,HerbaceousVegetation,0.9999953508377075,True,-23.31216,-8.927382
2596,C:\Users\DELL Precision 5550\Documents\GitHub\Terrasight-Eurosat-RGB-vs-Multispectral\data\raw\rgb\PermanentCrop\PermanentCrop_634.jpg,6,PermanentCrop,6,PermanentCrop,0.9995794892311096,True,14.379437,-17.794277
2597,C:\Users\DELL Precision 5550\Documents\GitHub\Terrasight-Eurosat-RGB-vs-Multispectral\data\raw\rgb\AnnualCrop\AnnualCrop_61.jpg,0,AnnualCrop,0,AnnualCrop,0.9999431371688843,True,44.51835,5.187182
2598,C:\Users\DELL Precision 5550\Documents\GitHub\Terrasight-Eurosat-RGB-vs-Multispectral\data\raw\rgb\Industrial\Industrial_2072.jpg,4,Industrial,4,Industrial,0.9982802867889404,True,0.11477948,-54.423748
2599,C:\Users\DELL Precision 5550\Documents\GitHub\Terrasight-Eurosat-RGB-vs-Multispectral\data\raw\rgb\Forest\Forest_1144.jpg,1,Forest,1,Forest,0.9998188614845276,True,-43.80212,22.98968
2600,C:\Users\DELL Precision 5550\Documents\GitHub\Terrasight-Eurosat-RGB-vs-Multispectral\data\raw\rgb\PermanentCrop\PermanentCrop_1515.jpg,6,PermanentCrop,6,PermanentCrop,0.999985933303833,True,12.547337,-20.6298
2601,C:\Users\DELL Precision 5550\Documents\GitHub\Terrasight-Eurosat-RGB-vs-Multispectral\data\raw\rgb\Residential\Residential_2241.jpg,7,Residential,7,Residential,0.9953808784484863,True,-30.505184,-36.909237
2602,C:\Users\DELL Precision 5550\Documents\GitHub\Terrasight-Eurosat-RGB-vs-Multispectral\data\raw\rgb\Industrial\Industrial_1585.jpg,4,Industrial,4,Industrial,0.9929977655410767,True,3.947407,-65.03189
2603,C:\Users\DELL Precision 5550\Documents\GitHub\Terrasight-Eurosat-RGB-vs-Multispectral\data\raw\rgb\Forest\Forest_1734.jpg,1,Forest,1,Forest,0.998344898223877,True,-38.8978,21.43492
2604,C:\Users\DELL Precision 5550\Documents\GitHub\Terrasight-Eurosat-RGB-vs-Multispectral\data\raw\rgb\SeaLake\SeaLake_1313.jpg,9,SeaLake,9,SeaLake,0.9998012185096741,True,-3.8725605,52.086025
2605,C:\Users\DELL Precision 5550\Documents\GitHub\Terrasight-Eurosat-RGB-vs-Multispectral\data\raw\rgb\AnnualCrop\AnnualCrop_786.jpg,0,AnnualCrop,0,AnnualCrop,0.9999767541885376,True,49.484596,8.498015
2606,C:\Users\DELL Precision 5550\Documents\GitHub\Terrasight-Eurosat-RGB-vs-Multispectral\data\raw\rgb\PermanentCrop\PermanentCrop_253.jpg,6,PermanentCrop,6,PermanentCrop,0.9999332427978516,True,7.711083,-21.20504
2607,C:\Users\DELL Precision 5550\Documents\GitHub\Terrasight-Eurosat-RGB-vs-Multispectral\data\raw\rgb\Highway\Highway_2039.jpg,3,Highway,3,Highway,0.9999960660934448,True,52.195915,-33.213154
2608,C:\Users\DELL Precision 5550\Documents\GitHub\Terrasight-Eurosat-RGB-vs-Multispectral\data\raw\rgb\SeaLake\SeaLake_1473.jpg,9,SeaLake,9,SeaLake,0.9992561936378479,True,-2.336109,53.584003
2609,C:\Users\DELL Precision 5550\Documents\GitHub\Terrasight-Eurosat-RGB-vs-Multispectral\data\raw\rgb\PermanentCrop\PermanentCrop_1944.jpg,6,PermanentCrop,2,HerbaceousVegetation,0.9934817552566528,False,-4.6130633,-6.6875405
2610,C:\Users\DELL Precision 5550\Documents\GitHub\Terrasight-Eurosat-RGB-vs-Multispectral\data\raw\rgb\Residential\Residential_1210.jpg,7,Residential,7,Residential,1.0,True,-49.592197,-33.069794
2611,C:\Users\DELL Precision 5550\Documents\GitHub\Terrasight-Eurosat-RGB-vs-Multispectral\data\raw\rgb\PermanentCrop\PermanentCrop_1430.jpg,6,PermanentCrop,6,PermanentCrop,0.9997469782829285,True,6.524786,-18.877579
2612,C:\Users\DELL Precision 5550\Documents\GitHub\Terrasight-Eurosat-RGB-vs-Multispectral\data\raw\rgb\Highway\Highway_1655.jpg,3,Highway,3,Highway,0.9926055669784546,True,35.15253,-26.472744
2613,C:\Users\DELL Precision 5550\Documents\GitHub\Terrasight-Eurosat-RGB-vs-Multispectral\data\raw\rgb\Residential\Residential_1879.jpg,7,Residential,7,Residential,0.7380557656288147,True,-23.506998,-34.122414
2614,C:\Users\DELL Precision 5550\Documents\GitHub\Terrasight-Eurosat-RGB-vs-Multispectral\data\raw\rgb\PermanentCrop\PermanentCrop_1855.jpg,6,PermanentCrop,6,PermanentCrop,0.9996349811553955,True,11.218035,-19.275099
2615,C:\Users\DELL Precision 5550\Documents\GitHub\Terrasight-Eurosat-RGB-vs-Multispectral\data\raw\rgb\Residential\Residential_1921.jpg,7,Residential,7,Residential,0.9977558255195618,True,-36.633297,-36.667156
2616,C:\Users\DELL Precision 5550\Documents\GitHub\Terrasight-Eurosat-RGB-vs-Multispectral\data\raw\rgb\AnnualCrop\AnnualCrop_134.jpg,0,AnnualCrop,0,AnnualCrop,0.9999943971633911,True,51.19621,6.1603127
2617,C:\Users\DELL Precision 5550\Documents\GitHub\Terrasight-Eurosat-RGB-vs-Multispectral\data\raw\rgb\SeaLake\SeaLake_2490.jpg,9,SeaLake,9,SeaLake,0.9994946718215942,True,-2.7471502,58.572502
2618,C:\Users\DELL Precision 5550\Documents\GitHub\Terrasight-Eurosat-RGB-vs-Multispectral\data\raw\rgb\Pasture\Pasture_67.jpg,5,Pasture,5,Pasture,0.7414314150810242,True,-0.28964004,6.315221
2619,C:\Users\DELL Precision 5550\Documents\GitHub\Terrasight-Eurosat-RGB-vs-Multispectral\data\raw\rgb\Forest\Forest_919.jpg,1,Forest,1,Forest,0.9999983310699463,True,-51.082737,15.988597
2620,C:\Users\DELL Precision 5550\Documents\GitHub\Terrasight-Eurosat-RGB-vs-Multispectral\data\raw\rgb\HerbaceousVegetation\HerbaceousVegetation_2308.jpg,2,HerbaceousVegetation,2,HerbaceousVegetation,0.652271568775177,True,0.07832935,-13.647118
2621,C:\Users\DELL Precision 5550\Documents\GitHub\Terrasight-Eurosat-RGB-vs-Multispectral\data\raw\rgb\Industrial\Industrial_2298.jpg,4,Industrial,4,Industrial,0.9975475668907166,True,-2.230509,-56.29649
2622,C:\Users\DELL Precision 5550\Documents\GitHub\Terrasight-Eurosat-RGB-vs-Multispectral\data\raw\rgb\Pasture\Pasture_802.jpg,5,Pasture,5,Pasture,0.9997982382774353,True,3.493338,17.401535
2623,C:\Users\DELL Precision 5550\Documents\GitHub\Terrasight-Eurosat-RGB-vs-Multispectral\data\raw\rgb\PermanentCrop\PermanentCrop_581.jpg,6,PermanentCrop,6,PermanentCrop,0.9999830722808838,True,10.099161,-21.209898
2624,C:\Users\DELL Precision 5550\Documents\GitHub\Terrasight-Eurosat-RGB-vs-Multispectral\data\raw\rgb\SeaLake\SeaLake_880.jpg,9,SeaLake,9,SeaLake,0.9994137287139893,True,-3.5113413,44.385395
2625,C:\Users\DELL Precision 5550\Documents\GitHub\Terrasight-Eurosat-RGB-vs-Multispectral\data\raw\rgb\Industrial\Industrial_2068.jpg,4,Industrial,4,Industrial,0.9999889135360718,True,5.097518,-62.506237
2626,C:\Users\DELL Precision 5550\Documents\GitHub\Terrasight-Eurosat-RGB-vs-Multispectral\data\raw\rgb\SeaLake\SeaLake_367.jpg,9,SeaLake,9,SeaLake,0.984943687915802,True,-10.2611265,47.20112
2627,C:\Users\DELL Precision 5550\Documents\GitHub\Terrasight-Eurosat-RGB-vs-Multispectral\data\raw\rgb\SeaLake\SeaLake_1915.jpg,9,SeaLake,9,SeaLake,0.9988831877708435,True,-2.8838124,57.221527
2628,C:\Users\DELL Precision 5550\Documents\GitHub\Terrasight-Eurosat-RGB-vs-Multispectral\data\raw\rgb\SeaLake\SeaLake_2438.jpg,9,SeaLake,9,SeaLake,0.9997757077217102,True,-6.809648,59.62886
2629,C:\Users\DELL Precision 5550\Documents\GitHub\Terrasight-Eurosat-RGB-vs-Multispectral\data\raw\rgb\River\River_643.jpg,8,River,8,River,0.9811867475509644,True,24.736958,19.859938
2630,C:\Users\DELL Precision 5550\Documents\GitHub\Terrasight-Eurosat-RGB-vs-Multispectral\data\raw\rgb\Residential\Residential_1513.jpg,7,Residential,7,Residential,0.9872924089431763,True,-32.668694,-28.999302
2631,C:\Users\DELL Precision 5550\Documents\GitHub\Terrasight-Eurosat-RGB-vs-Multispectral\data\raw\rgb\Highway\Highway_2160.jpg,3,Highway,3,Highway,0.9952197670936584,True,42.34987,-31.905493
2632,C:\Users\DELL Precision 5550\Documents\GitHub\Terrasight-Eurosat-RGB-vs-Multispectral\data\raw\rgb\Forest\Forest_444.jpg,1,Forest,1,Forest,0.9990904331207275,True,-45.369938,10.145738
2633,C:\Users\DELL Precision 5550\Documents\GitHub\Terrasight-Eurosat-RGB-vs-Multispectral\data\raw\rgb\HerbaceousVegetation\HerbaceousVegetation_2844.jpg,2,HerbaceousVegetation,2,HerbaceousVegetation,1.0,True,-27.56417,-5.919485
2634,C:\Users\DELL Precision 5550\Documents\GitHub\Terrasight-Eurosat-RGB-vs-Multispectral\data\raw\rgb\AnnualCrop\AnnualCrop_2951.jpg,0,AnnualCrop,0,AnnualCrop,0.9999425411224365,True,48.10662,3.352898
2635,C:\Users\DELL Precision 5550\Documents\GitHub\Terrasight-Eurosat-RGB-vs-Multispectral\data\raw\rgb\Industrial\Industrial_652.jpg,4,Industrial,4,Industrial,0.9996911287307739,True,0.873535,-59.16324
2636,C:\Users\DELL Precision 5550\Documents\GitHub\Terrasight-Eurosat-RGB-vs-Multispectral\data\raw\rgb\Pasture\Pasture_576.jpg,5,Pasture,5,Pasture,0.9774069786071777,True,7.2950306,13.749959
2637,C:\Users\DELL Precision 5550\Documents\GitHub\Terrasight-Eurosat-RGB-vs-Multispectral\data\raw\rgb\AnnualCrop\AnnualCrop_1462.jpg,0,AnnualCrop,0,AnnualCrop,0.9999791383743286,True,48.43208,4.4346647
2638,C:\Users\DELL Precision 5550\Documents\GitHub\Terrasight-Eurosat-RGB-vs-Multispectral\data\raw\rgb\Pasture\Pasture_782.jpg,5,Pasture,5,Pasture,0.848323404788971,True,1.1583273,6.6993856
2639,C:\Users\DELL Precision 5550\Documents\GitHub\Terrasight-Eurosat-RGB-vs-Multispectral\data\raw\rgb\PermanentCrop\PermanentCrop_964.jpg,6,PermanentCrop,6,PermanentCrop,0.9980106949806213,True,9.339493,-9.932838
2640,C:\Users\DELL Precision 5550\Documents\GitHub\Terrasight-Eurosat-RGB-vs-Multispectral\data\raw\rgb\Residential\Residential_1927.jpg,7,Residential,7,Residential,0.9810149669647217,True,-32.119,-38.291107
2641,C:\Users\DELL Precision 5550\Documents\GitHub\Terrasight-Eurosat-RGB-vs-Multispectral\data\raw\rgb\Pasture\Pasture_575.jpg,5,Pasture,5,Pasture,0.9999494552612305,True,-5.8617,22.530518
2642,C:\Users\DELL Precision 5550\Documents\GitHub\Terrasight-Eurosat-RGB-vs-Multispectral\data\raw\rgb\HerbaceousVegetation\HerbaceousVegetation_906.jpg,2,HerbaceousVegetation,2,HerbaceousVegetation,0.9999985694885254,True,-19.428717,-12.792285
2643,C:\Users\DELL Precision 5550\Documents\GitHub\Terrasight-Eurosat-RGB-vs-Multispectral\data\raw\rgb\Forest\Forest_1993.jpg,1,Forest,1,Forest,0.9999850988388062,True,-45.68849,17.929686
2644,C:\Users\DELL Precision 5550\Documents\GitHub\Terrasight-Eurosat-RGB-vs-Multispectral\data\raw\rgb\AnnualCrop\AnnualCrop_559.jpg,0,AnnualCrop,0,AnnualCrop,0.9999771118164062,True,48.541603,3.1287305
2645,C:\Users\DELL Precision 5550\Documents\GitHub\Terrasight-Eurosat-RGB-vs-Multispectral\data\raw\rgb\Residential\Residential_2034.jpg,7,Residential,7,Residential,0.7859068512916565,True,-27.645948,-36.69029
2646,C:\Users\DELL Precision 5550\Documents\GitHub\Terrasight-Eurosat-RGB-vs-Multispectral\data\raw\rgb\AnnualCrop\AnnualCrop_2230.jpg,0,AnnualCrop,6,PermanentCrop,0.3297429084777832,False,21.501844,0.8925586
2647,C:\Users\DELL Precision 5550\Documents\GitHub\Terrasight-Eurosat-RGB-vs-Multispectral\data\raw\rgb\Residential\Residential_631.jpg,7,Residential,7,Residential,0.9959696531295776,True,-32.51377,-38.692184
2648,C:\Users\DELL Precision 5550\Documents\GitHub\Terrasight-Eurosat-RGB-vs-Multispectral\data\raw\rgb\River\River_1289.jpg,8,River,8,River,0.9742753505706787,True,20.278618,19.723063
2649,C:\Users\DELL Precision 5550\Documents\GitHub\Terrasight-Eurosat-RGB-vs-Multispectral\data\raw\rgb\AnnualCrop\AnnualCrop_2295.jpg,0,AnnualCrop,0,AnnualCrop,0.9794111847877502,True,33.275272,1.4204158
2650,C:\Users\DELL Precision 5550\Documents\GitHub\Terrasight-Eurosat-RGB-vs-Multispectral\data\raw\rgb\Residential\Residential_2074.jpg,7,Residential,7,Residential,0.9944226145744324,True,-36.36954,-38.03371
2651,C:\Users\DELL Precision 5550\Documents\GitHub\Terrasight-Eurosat-RGB-vs-Multispectral\data\raw\rgb\SeaLake\SeaLake_763.jpg,9,SeaLake,9,SeaLake,0.9999240636825562,True,-11.834404,63.174686
2652,C:\Users\DELL Precision 5550\Documents\GitHub\Terrasight-Eurosat-RGB-vs-Multispectral\data\raw\rgb\AnnualCrop\AnnualCrop_1520.jpg,0,AnnualCrop,0,AnnualCrop,0.9990381002426147,True,36.774826,-0.36849967
2653,C:\Users\DELL Precision 5550\Documents\GitHub\Terrasight-Eurosat-RGB-vs-Multispectral\data\raw\rgb\HerbaceousVegetation\HerbaceousVegetation_1393.jpg,2,HerbaceousVegetation,2,HerbaceousVegetation,0.9992307424545288,True,-17.648628,1.8684268
2654,C:\Users\DELL Precision 5550\Documents\GitHub\Terrasight-Eurosat-RGB-vs-Multispectral\data\raw\rgb\Highway\Highway_1199.jpg,3,Highway,3,Highway,0.9987421631813049,True,40.30457,-27.218489
2655,C:\Users\DELL Precision 5550\Documents\GitHub\Terrasight-Eurosat-RGB-vs-Multispectral\data\raw\rgb\AnnualCrop\AnnualCrop_2321.jpg,0,AnnualCrop,0,AnnualCrop,0.9999996423721313,True,54.043747,9.470907
2656,C:\Users\DELL Precision 5550\Documents\GitHub\Terrasight-Eurosat-RGB-vs-Multispectral\data\raw\rgb\Industrial\Industrial_2150.jpg,4,Industrial,4,Industrial,0.9959518909454346,True,-1.2821784,-49.467503
2657,C:\Users\DELL Precision 5550\Documents\GitHub\Terrasight-Eurosat-RGB-vs-Multispectral\data\raw\rgb\AnnualCrop\AnnualCrop_2335.jpg,0,AnnualCrop,0,AnnualCrop,0.9899423122406006,True,29.50748,4.8121657
2658,C:\Users\DELL Precision 5550\Documents\GitHub\Terrasight-Eurosat-RGB-vs-Multispectral\data\raw\rgb\Highway\Highway_1202.jpg,3,Highway,3,Highway,0.9991651773452759,True,39.522728,-34.326748
2659,C:\Users\DELL Precision 5550\Documents\GitHub\Terrasight-Eurosat-RGB-vs-Multispectral\data\raw\rgb\Industrial\Industrial_429.jpg,4,Industrial,4,Industrial,0.9863714575767517,True,-4.6268716,-48.439022
2660,C:\Users\DELL Precision 5550\Documents\GitHub\Terrasight-Eurosat-RGB-vs-Multispectral\data\raw\rgb\Forest\Forest_2798.jpg,1,Forest,1,Forest,0.9999574422836304,True,-50.50337,19.993526
2661,C:\Users\DELL Precision 5550\Documents\GitHub\Terrasight-Eurosat-RGB-vs-Multispectral\data\raw\rgb\Residential\Residential_1158.jpg,7,Residential,7,Residential,0.9868533611297607,True,-40.987354,-38.898434
2662,C:\Users\DELL Precision 5550\Documents\GitHub\Terrasight-Eurosat-RGB-vs-Multispectral\data\raw\rgb\Residential\Residential_2846.jpg,7,Residential,7,Residential,0.999283492565155,True,-33.09556,-29.585968
2663,C:\Users\DELL Precision 5550\Documents\GitHub\Terrasight-Eurosat-RGB-vs-Multispectral\data\raw\rgb\Forest\Forest_1250.jpg,1,Forest,1,Forest,0.9999885559082031,True,-50.04901,12.397727
2664,C:\Users\DELL Precision 5550\Documents\GitHub\Terrasight-Eurosat-RGB-vs-Multispectral\data\raw\rgb\Industrial\Industrial_2034.jpg,4,Industrial,4,Industrial,0.999904990196228,True,7.637721,-55.670963
2665,C:\Users\DELL Precision 5550\Documents\GitHub\Terrasight-Eurosat-RGB-vs-Multispectral\data\raw\rgb\River\River_253.jpg,8,River,8,River,0.9976625442504883,True,22.58804,22.21427
2666,C:\Users\DELL Precision 5550\Documents\GitHub\Terrasight-Eurosat-RGB-vs-Multispectral\data\raw\rgb\Highway\Highway_306.jpg,3,Highway,3,Highway,0.9978148937225342,True,43.532696,-25.32759
2667,C:\Users\DELL Precision 5550\Documents\GitHub\Terrasight-Eurosat-RGB-vs-Multispectral\data\raw\rgb\Residential\Residential_562.jpg,7,Residential,7,Residential,0.9999790191650391,True,-37.003506,-26.607706
2668,C:\Users\DELL Precision 5550\Documents\GitHub\Terrasight-Eurosat-RGB-vs-Multispectral\data\raw\rgb\River\River_1164.jpg,8,River,8,River,1.0,True,28.033619,40.042313
2669,C:\Users\DELL Precision 5550\Documents\GitHub\Terrasight-Eurosat-RGB-vs-Multispectral\data\raw\rgb\AnnualCrop\AnnualCrop_2512.jpg,0,AnnualCrop,0,AnnualCrop,1.0,True,58.50676,8.290416
2670,C:\Users\DELL Precision 5550\Documents\GitHub\Terrasight-Eurosat-RGB-vs-Multispectral\data\raw\rgb\Residential\Residential_1661.jpg,7,Residential,7,Residential,0.9997938275337219,True,-34.504826,-32.186253
2671,C:\Users\DELL Precision 5550\Documents\GitHub\Terrasight-Eurosat-RGB-vs-Multispectral\data\raw\rgb\Industrial\Industrial_938.jpg,4,Industrial,4,Industrial,0.9981162548065186,True,1.9822367,-64.33227
2672,C:\Users\DELL Precision 5550\Documents\GitHub\Terrasight-Eurosat-RGB-vs-Multispectral\data\raw\rgb\Forest\Forest_2593.jpg,1,Forest,1,Forest,0.9999994039535522,True,-57.42472,15.268258
2673,C:\Users\DELL Precision 5550\Documents\GitHub\Terrasight-Eurosat-RGB-vs-Multispectral\data\raw\rgb\Highway\Highway_545.jpg,3,Highway,3,Highway,0.9903033375740051,True,39.708767,-35.031128
2674,C:\Users\DELL Precision 5550\Documents\GitHub\Terrasight-Eurosat-RGB-vs-Multispectral\data\raw\rgb\SeaLake\SeaLake_1746.jpg,9,SeaLake,9,SeaLake,0.9998310804367065,True,-7.352118,60.21758
2675,C:\Users\DELL Precision 5550\Documents\GitHub\Terrasight-Eurosat-RGB-vs-Multispectral\data\raw\rgb\HerbaceousVegetation\HerbaceousVegetation_2250.jpg,2,HerbaceousVegetation,2,HerbaceousVegetation,0.999411940574646,True,-3.8262212,-1.8978151
2676,C:\Users\DELL Precision 5550\Documents\GitHub\Terrasight-Eurosat-RGB-vs-Multispectral\data\raw\rgb\AnnualCrop\AnnualCrop_2117.jpg,0,AnnualCrop,9,SeaLake,0.5355528593063354,False,-9.098041,45.918827
2677,C:\Users\DELL Precision 5550\Documents\GitHub\Terrasight-Eurosat-RGB-vs-Multispectral\data\raw\rgb\AnnualCrop\AnnualCrop_2367.jpg,0,AnnualCrop,0,AnnualCrop,0.9999969005584717,True,54.768616,6.4996986
2678,C:\Users\DELL Precision 5550\Documents\GitHub\Terrasight-Eurosat-RGB-vs-Multispectral\data\raw\rgb\Industrial\Industrial_2498.jpg,4,Industrial,4,Industrial,0.9983987212181091,True,-0.77182716,-50.88198
2679,C:\Users\DELL Precision 5550\Documents\GitHub\Terrasight-Eurosat-RGB-vs-Multispectral\data\raw\rgb\PermanentCrop\PermanentCrop_2347.jpg,6,PermanentCrop,6,PermanentCrop,0.9999150037765503,True,7.041289,-21.080524
2680,C:\Users\DELL Precision 5550\Documents\GitHub\Terrasight-Eurosat-RGB-vs-Multispectral\data\raw\rgb\River\River_1769.jpg,8,River,8,River,0.9996337890625,True,27.3497,29.296194
2681,C:\Users\DELL Precision 5550\Documents\GitHub\Terrasight-Eurosat-RGB-vs-Multispectral\data\raw\rgb\HerbaceousVegetation\HerbaceousVegetation_2320.jpg,2,HerbaceousVegetation,2,HerbaceousVegetation,0.9991604089736938,True,-16.237665,3.2971034
2682,C:\Users\DELL Precision 5550\Documents\GitHub\Terrasight-Eurosat-RGB-vs-Multispectral\data\raw\rgb\Forest\Forest_81.jpg,1,Forest,1,Forest,0.999677300453186,True,-36.27683,23.882357
2683,C:\Users\DELL Precision 5550\Documents\GitHub\Terrasight-Eurosat-RGB-vs-Multispectral\data\raw\rgb\Forest\Forest_138.jpg,1,Forest,1,Forest,0.9999911785125732,True,-48.65184,19.42355
2684,C:\Users\DELL Precision 5550\Documents\GitHub\Terrasight-Eurosat-RGB-vs-Multispectral\data\raw\rgb\PermanentCrop\PermanentCrop_737.jpg,6,PermanentCrop,6,PermanentCrop,0.999652624130249,True,5.489527,-21.297358
2685,C:\Users\DELL Precision 5550\Documents\GitHub\Terrasight-Eurosat-RGB-vs-Multispectral\data\raw\rgb\River\River_2439.jpg,8,River,8,River,0.9999796152114868,True,33.071953,35.780064
2686,C:\Users\DELL Precision 5550\Documents\GitHub\Terrasight-Eurosat-RGB-vs-Multispectral\data\raw\rgb\SeaLake\SeaLake_2747.jpg,9,SeaLake,9,SeaLake,0.9997931122779846,True,-1.5919684,44.291336
2687,C:\Users\DELL Precision 5550\Documents\GitHub\Terrasight-Eurosat-RGB-vs-Multispectral\data\raw\rgb\AnnualCrop\AnnualCrop_2977.jpg,0,AnnualCrop,0,AnnualCrop,0.9998218417167664,True,40.00058,6.64635
2688,C:\Users\DELL Precision 5550\Documents\GitHub\Terrasight-Eurosat-RGB-vs-Multispectral\data\raw\rgb\SeaLake\SeaLake_120.jpg,9,SeaLake,9,SeaLake,0.9998329877853394,True,-6.636426,60.15228
2689,C:\Users\DELL Precision 5550\Documents\GitHub\Terrasight-Eurosat-RGB-vs-Multispectral\data\raw\rgb\AnnualCrop\AnnualCrop_2776.jpg,0,AnnualCrop,0,AnnualCrop,0.9998077750205994,True,54.556293,2.7564967
2690,C:\Users\DELL Precision 5550\Documents\GitHub\Terrasight-Eurosat-RGB-vs-Multispectral\data\raw\rgb\Pasture\Pasture_1757.jpg,5,Pasture,5,Pasture,0.9999396800994873,True,-5.843942,20.823038
2691,C:\Users\DELL Precision 5550\Documents\GitHub\Terrasight-Eurosat-RGB-vs-Multispectral\data\raw\rgb\HerbaceousVegetation\HerbaceousVegetation_2637.jpg,2,HerbaceousVegetation,2,HerbaceousVegetation,0.9985917210578918,True,-4.6477237,-3.0458004
2692,C:\Users\DELL Precision 5550\Documents\GitHub\Terrasight-Eurosat-RGB-vs-Multispectral\data\raw\rgb\Residential\Residential_2695.jpg,7,Residential,7,Residential,0.999993085861206,True,-41.737133,-29.399565
2693,C:\Users\DELL Precision 5550\Documents\GitHub\Terrasight-Eurosat-RGB-vs-Multispectral\data\raw\rgb\HerbaceousVegetation\HerbaceousVegetation_687.jpg,2,HerbaceousVegetation,2,HerbaceousVegetation,0.9997075200080872,True,-14.596253,-11.874575
2694,C:\Users\DELL Precision 5550\Documents\GitHub\Terrasight-Eurosat-RGB-vs-Multispectral\data\raw\rgb\Highway\Highway_1295.jpg,3,Highway,3,Highway,0.9910411238670349,True,34.79153,-26.599821
2695,C:\Users\DELL Precision 5550\Documents\GitHub\Terrasight-Eurosat-RGB-vs-Multispectral\data\raw\rgb\HerbaceousVegetation\HerbaceousVegetation_2409.jpg,2,HerbaceousVegetation,2,HerbaceousVegetation,0.9996289014816284,True,-9.901855,-4.4749866
2696,C:\Users\DELL Precision 5550\Documents\GitHub\Terrasight-Eurosat-RGB-vs-Multispectral\data\raw\rgb\AnnualCrop\AnnualCrop_2771.jpg,0,AnnualCrop,0,AnnualCrop,0.8447371125221252,True,31.934086,1.9926412
2697,C:\Users\DELL Precision 5550\Documents\GitHub\Terrasight-Eurosat-RGB-vs-Multispectral\data\raw\rgb\SeaLake\SeaLake_427.jpg,9,SeaLake,9,SeaLake,0.9895528554916382,True,-10.997515,47.91491
2698,C:\Users\DELL Precision 5550\Documents\GitHub\Terrasight-Eurosat-RGB-vs-Multispectral\data\raw\rgb\Forest\Forest_2303.jpg,1,Forest,1,Forest,0.999997615814209,True,-57.82646,16.50464
2699,C:\Users\DELL Precision 5550\Documents\GitHub\Terrasight-Eurosat-RGB-vs-Multispectral\data\raw\rgb\HerbaceousVegetation\HerbaceousVegetation_2214.jpg,2,HerbaceousVegetation,2,HerbaceousVegetation,0.9999973773956299,True,-17.114918,-4.43457
2700,C:\Users\DELL Precision 5550\Documents\GitHub\Terrasight-Eurosat-RGB-vs-Multispectral\data\raw\rgb\AnnualCrop\AnnualCrop_2542.jpg,0,AnnualCrop,0,AnnualCrop,0.9968395233154297,True,34.2298,2.5305643
2701,C:\Users\DELL Precision 5550\Documents\GitHub\Terrasight-Eurosat-RGB-vs-Multispectral\data\raw\rgb\Pasture\Pasture_937.jpg,5,Pasture,5,Pasture,0.9677318930625916,True,8.099392,18.898241
2702,C:\Users\DELL Precision 5550\Documents\GitHub\Terrasight-Eurosat-RGB-vs-Multispectral\data\raw\rgb\SeaLake\SeaLake_978.jpg,9,SeaLake,9,SeaLake,0.999792754650116,True,-13.523498,60.66466
2703,C:\Users\DELL Precision 5550\Documents\GitHub\Terrasight-Eurosat-RGB-vs-Multispectral\data\raw\rgb\PermanentCrop\PermanentCrop_1167.jpg,6,PermanentCrop,6,PermanentCrop,0.9882506132125854,True,9.306204,-8.676771
2704,C:\Users\DELL Precision 5550\Documents\GitHub\Terrasight-Eurosat-RGB-vs-Multispectral\data\raw\rgb\AnnualCrop\AnnualCrop_1574.jpg,0,AnnualCrop,0,AnnualCrop,0.8079010844230652,True,28.84776,-0.6705078
2705,C:\Users\DELL Precision 5550\Documents\GitHub\Terrasight-Eurosat-RGB-vs-Multispectral\data\raw\rgb\SeaLake\SeaLake_717.jpg,9,SeaLake,9,SeaLake,0.9999639987945557,True,-8.961215,65.058334
2706,C:\Users\DELL Precision 5550\Documents\GitHub\Terrasight-Eurosat-RGB-vs-Multispectral\data\raw\rgb\PermanentCrop\PermanentCrop_961.jpg,6,PermanentCrop,6,PermanentCrop,0.9999872446060181,True,6.54046,-23.614132
2707,C:\Users\DELL Precision 5550\Documents\GitHub\Terrasight-Eurosat-RGB-vs-Multispectral\data\raw\rgb\Industrial\Industrial_1178.jpg,4,Industrial,4,Industrial,0.9734770059585571,True,0.8065212,-46.77156
2708,C:\Users\DELL Precision 5550\Documents\GitHub\Terrasight-Eurosat-RGB-vs-Multispectral\data\raw\rgb\Highway\Highway_2065.jpg,3,Highway,3,Highway,0.9990197420120239,True,45.39888,-28.18025
2709,C:\Users\DELL Precision 5550\Documents\GitHub\Terrasight-Eurosat-RGB-vs-Multispectral\data\raw\rgb\River\River_1336.jpg,8,River,8,River,0.9992204904556274,True,18.421425,24.687422
2710,C:\Users\DELL Precision 5550\Documents\GitHub\Terrasight-Eurosat-RGB-vs-Multispectral\data\raw\rgb\SeaLake\SeaLake_1108.jpg,9,SeaLake,9,SeaLake,0.9999105930328369,True,-2.3875992,61.508606
2711,C:\Users\DELL Precision 5550\Documents\GitHub\Terrasight-Eurosat-RGB-vs-Multispectral\data\raw\rgb\Forest\Forest_2649.jpg,1,Forest,1,Forest,0.9999997615814209,True,-54.45443,22.156807
2712,C:\Users\DELL Precision 5550\Documents\GitHub\Terrasight-Eurosat-RGB-vs-Multispectral\data\raw\rgb\Pasture\Pasture_133.jpg,5,Pasture,5,Pasture,0.9996542930603027,True,-2.0979679,16.18272
2713,C:\Users\DELL Precision 5550\Documents\GitHub\Terrasight-Eurosat-RGB-vs-Multispectral\data\raw\rgb\Highway\Highway_1628.jpg,3,Highway,3,Highway,0.9995243549346924,True,37.295425,-32.611435
2714,C:\Users\DELL Precision 5550\Documents\GitHub\Terrasight-Eurosat-RGB-vs-Multispectral\data\raw\rgb\River\River_575.jpg,8,River,8,River,0.990243136882782,True,23.043299,21.752502
2715,C:\Users\DELL Precision 5550\Documents\GitHub\Terrasight-Eurosat-RGB-vs-Multispectral\data\raw\rgb\Industrial\Industrial_1823.jpg,4,Industrial,4,Industrial,0.9067084193229675,True,-5.5640535,-59.294834
2716,C:\Users\DELL Precision 5550\Documents\GitHub\Terrasight-Eurosat-RGB-vs-Multispectral\data\raw\rgb\Forest\Forest_74.jpg,1,Forest,1,Forest,0.9952138662338257,True,-39.252693,21.97074
2717,C:\Users\DELL Precision 5550\Documents\GitHub\Terrasight-Eurosat-RGB-vs-Multispectral\data\raw\rgb\PermanentCrop\PermanentCrop_1665.jpg,6,PermanentCrop,6,PermanentCrop,0.9934137463569641,True,9.454958,-10.304385
2718,C:\Users\DELL Precision 5550\Documents\GitHub\Terrasight-Eurosat-RGB-vs-Multispectral\data\raw\rgb\Forest\Forest_2463.jpg,1,Forest,1,Forest,0.9999375343322754,True,-41.574135,17.732704
2719,C:\Users\DELL Precision 5550\Documents\GitHub\Terrasight-Eurosat-RGB-vs-Multispectral\data\raw\rgb\Residential\Residential_1815.jpg,7,Residential,7,Residential,0.6356867551803589,True,-26.563894,-30.682005
2720,C:\Users\DELL Precision 5550\Documents\GitHub\Terrasight-Eurosat-RGB-vs-Multispectral\data\raw\rgb\Forest\Forest_2175.jpg,1,Forest,1,Forest,0.9997530579566956,True,-34.35577,24.119104
2721,C:\Users\DELL Precision 5550\Documents\GitHub\Terrasight-Eurosat-RGB-vs-Multispectral\data\raw\rgb\PermanentCrop\PermanentCrop_1394.jpg,6,PermanentCrop,2,HerbaceousVegetation,0.7383182644844055,False,3.2550604,-7.5183935
2722,C:\Users\DELL Precision 5550\Documents\GitHub\Terrasight-Eurosat-RGB-vs-Multispectral\data\raw\rgb\River\River_1837.jpg,8,River,8,River,0.9998513460159302,True,29.856977,29.26302
2723,C:\Users\DELL Precision 5550\Documents\GitHub\Terrasight-Eurosat-RGB-vs-Multispectral\data\raw\rgb\Pasture\Pasture_1497.jpg,5,Pasture,5,Pasture,0.9996559619903564,True,2.9241676,19.08113
2724,C:\Users\DELL Precision 5550\Documents\GitHub\Terrasight-Eurosat-RGB-vs-Multispectral\data\raw\rgb\HerbaceousVegetation\HerbaceousVegetation_2405.jpg,2,HerbaceousVegetation,2,HerbaceousVegetation,0.9905524253845215,True,-2.7492878,-9.068317
2725,C:\Users\DELL Precision 5550\Documents\GitHub\Terrasight-Eurosat-RGB-vs-Multispectral\data\raw\rgb\River\River_1961.jpg,8,River,8,River,0.9979767203330994,True,26.09084,22.55746
2726,C:\Users\DELL Precision 5550\Documents\GitHub\Terrasight-Eurosat-RGB-vs-Multispectral\data\raw\rgb\AnnualCrop\AnnualCrop_2060.jpg,0,AnnualCrop,0,AnnualCrop,0.9999998807907104,True,59.12789,9.098765
2727,C:\Users\DELL Precision 5550\Documents\GitHub\Terrasight-Eurosat-RGB-vs-Multispectral\data\raw\rgb\PermanentCrop\PermanentCrop_2026.jpg,6,PermanentCrop,6,PermanentCrop,0.999661922454834,True,13.845337,-14.6723
2728,C:\Users\DELL Precision 5550\Documents\GitHub\Terrasight-Eurosat-RGB-vs-Multispectral\data\raw\rgb\HerbaceousVegetation\HerbaceousVegetation_523.jpg,2,HerbaceousVegetation,2,HerbaceousVegetation,0.9999997615814209,True,-27.233204,-5.4199
2729,C:\Users\DELL Precision 5550\Documents\GitHub\Terrasight-Eurosat-RGB-vs-Multispectral\data\raw\rgb\Residential\Residential_2336.jpg,7,Residential,7,Residential,0.8661540746688843,True,-28.252214,-37.391396
2730,C:\Users\DELL Precision 5550\Documents\GitHub\Terrasight-Eurosat-RGB-vs-Multispectral\data\raw\rgb\Industrial\Industrial_616.jpg,4,Industrial,4,Industrial,0.9980436563491821,True,0.7270559,-56.02671
2731,C:\Users\DELL Precision 5550\Documents\GitHub\Terrasight-Eurosat-RGB-vs-Multispectral\data\raw\rgb\Pasture\Pasture_1658.jpg,5,Pasture,5,Pasture,0.9994686245918274,True,1.125294,14.182709
2732,C:\Users\DELL Precision 5550\Documents\GitHub\Terrasight-Eurosat-RGB-vs-Multispectral\data\raw\rgb\Residential\Residential_2310.jpg,7,Residential,7,Residential,0.9307976365089417,True,-31.252573,-39.28616
2733,C:\Users\DELL Precision 5550\Documents\GitHub\Terrasight-Eurosat-RGB-vs-Multispectral\data\raw\rgb\Highway\Highway_1275.jpg,3,Highway,3,Highway,0.9999772310256958,True,50.131912,-28.489292
2734,C:\Users\DELL Precision 5550\Documents\GitHub\Terrasight-Eurosat-RGB-vs-Multispectral\data\raw\rgb\Forest\Forest_758.jpg,1,Forest,1,Forest,0.9943422079086304,True,-38.260227,20.292978
2735,C:\Users\DELL Precision 5550\Documents\GitHub\Terrasight-Eurosat-RGB-vs-Multispectral\data\raw\rgb\Forest\Forest_2059.jpg,1,Forest,1,Forest,0.998304009437561,True,-35.22805,27.022839
2736,C:\Users\DELL Precision 5550\Documents\GitHub\Terrasight-Eurosat-RGB-vs-Multispectral\data\raw\rgb\Forest\Forest_44.jpg,1,Forest,1,Forest,0.9990804195404053,True,-37.484577,21.106983
2737,C:\Users\DELL Precision 5550\Documents\GitHub\Terrasight-Eurosat-RGB-vs-Multispectral\data\raw\rgb\Pasture\Pasture_951.jpg,5,Pasture,5,Pasture,0.9999697208404541,True,-6.573729,22.820316
2738,C:\Users\DELL Precision 5550\Documents\GitHub\Terrasight-Eurosat-RGB-vs-Multispectral\data\raw\rgb\Residential\Residential_2276.jpg,7,Residential,7,Residential,0.9996551275253296,True,-48.696583,-35.910774
2739,C:\Users\DELL Precision 5550\Documents\GitHub\Terrasight-Eurosat-RGB-vs-Multispectral\data\raw\rgb\AnnualCrop\AnnualCrop_1008.jpg,0,AnnualCrop,0,AnnualCrop,0.9999685287475586,True,45.630714,6.507072
2740,C:\Users\DELL Precision 5550\Documents\GitHub\Terrasight-Eurosat-RGB-vs-Multispectral\data\raw\rgb\Highway\Highway_349.jpg,3,Highway,3,Highway,0.9998986721038818,True,48.028328,-26.239779
2741,C:\Users\DELL Precision 5550\Documents\GitHub\Terrasight-Eurosat-RGB-vs-Multispectral\data\raw\rgb\SeaLake\SeaLake_2058.jpg,9,SeaLake,9,SeaLake,0.9999276399612427,True,2.6789613,44.56487
2742,C:\Users\DELL Precision 5550\Documents\GitHub\Terrasight-Eurosat-RGB-vs-Multispectral\data\raw\rgb\Forest\Forest_237.jpg,1,Forest,1,Forest,0.9999923706054688,True,-43.653137,29.870924
2743,C:\Users\DELL Precision 5550\Documents\GitHub\Terrasight-Eurosat-RGB-vs-Multispectral\data\raw\rgb\HerbaceousVegetation\HerbaceousVegetation_2051.jpg,2,HerbaceousVegetation,2,HerbaceousVegetation,0.9999343156814575,True,-13.735383,-12.315785
2744,C:\Users\DELL Precision 5550\Documents\GitHub\Terrasight-Eurosat-RGB-vs-Multispectral\data\raw\rgb\River\River_1302.jpg,8,River,8,River,0.9999973773956299,True,33.244328,37.125668
2745,C:\Users\DELL Precision 5550\Documents\GitHub\Terrasight-Eurosat-RGB-vs-Multispectral\data\raw\rgb\Residential\Residential_2635.jpg,7,Residential,7,Residential,0.9883307218551636,True,-36.88659,-39.15403
2746,C:\Users\DELL Precision 5550\Documents\GitHub\Terrasight-Eurosat-RGB-vs-Multispectral\data\raw\rgb\Industrial\Industrial_2152.jpg,4,Industrial,4,Industrial,0.9979610443115234,True,0.7231725,-59.535324
2747,C:\Users\DELL Precision 5550\Documents\GitHub\Terrasight-Eurosat-RGB-vs-Multispectral\data\raw\rgb\Residential\Residential_1206.jpg,7,Residential,7,Residential,0.9983137845993042,True,-43.04824,-40.649277
2748,C:\Users\DELL Precision 5550\Documents\GitHub\Terrasight-Eurosat-RGB-vs-Multispectral\data\raw\rgb\HerbaceousVegetation\HerbaceousVegetation_333.jpg,2,HerbaceousVegetation,2,HerbaceousVegetation,0.9999816417694092,True,-22.76262,-0.5120767
2749,C:\Users\DELL Precision 5550\Documents\GitHub\Terrasight-Eurosat-RGB-vs-Multispectral\data\raw\rgb\Industrial\Industrial_2008.jpg,4,Industrial,4,Industrial,0.9997676014900208,True,7.259081,-57.751324
2750,C:\Users\DELL Precision 5550\Documents\GitHub\Terrasight-Eurosat-RGB-vs-Multispectral\data\raw\rgb\SeaLake\SeaLake_2029.jpg,9,SeaLake,9,SeaLake,0.9998613595962524,True,-13.56804,61.96425
2751,C:\Users\DELL Precision 5550\Documents\GitHub\Terrasight-Eurosat-RGB-vs-Multispectral\data\raw\rgb\River\River_1624.jpg,8,River,8,River,0.9999992847442627,True,29.495668,33.728516
2752,C:\Users\DELL Precision 5550\Documents\GitHub\Terrasight-Eurosat-RGB-vs-Multispectral\data\raw\rgb\SeaLake\SeaLake_822.jpg,9,SeaLake,9,SeaLake,0.9997947812080383,True,-14.501617,61.138336
2753,C:\Users\DELL Precision 5550\Documents\GitHub\Terrasight-Eurosat-RGB-vs-Multispectral\data\raw\rgb\River\River_1749.jpg,8,River,8,River,0.9999911785125732,True,28.188063,33.475266
2754,C:\Users\DELL Precision 5550\Documents\GitHub\Terrasight-Eurosat-RGB-vs-Multispectral\data\raw\rgb\Forest\Forest_1049.jpg,1,Forest,1,Forest,0.9994053840637207,True,-45.086662,10.574477
2755,C:\Users\DELL Precision 5550\Documents\GitHub\Terrasight-Eurosat-RGB-vs-Multispectral\data\raw\rgb\PermanentCrop\PermanentCrop_2185.jpg,6,PermanentCrop,6,PermanentCrop,0.9965118765830994,True,7.3072314,-13.033712
2756,C:\Users\DELL Precision 5550\Documents\GitHub\Terrasight-Eurosat-RGB-vs-Multispectral\data\raw\rgb\River\River_2236.jpg,8,River,8,River,1.0,True,32.254642,38.964397
2757,C:\Users\DELL Precision 5550\Documents\GitHub\Terrasight-Eurosat-RGB-vs-Multispectral\data\raw\rgb\SeaLake\SeaLake_1186.jpg,9,SeaLake,9,SeaLake,0.9994820952415466,True,-1.8945858,45.817215
2758,C:\Users\DELL Precision 5550\Documents\GitHub\Terrasight-Eurosat-RGB-vs-Multispectral\data\raw\rgb\Forest\Forest_2308.jpg,1,Forest,1,Forest,0.9999947547912598,True,-48.07926,14.85622
2759,C:\Users\DELL Precision 5550\Documents\GitHub\Terrasight-Eurosat-RGB-vs-Multispectral\data\raw\rgb\AnnualCrop\AnnualCrop_899.jpg,0,AnnualCrop,0,AnnualCrop,0.9998934268951416,True,45.646027,7.9160376
2760,C:\Users\DELL Precision 5550\Documents\GitHub\Terrasight-Eurosat-RGB-vs-Multispectral\data\raw\rgb\River\River_1817.jpg,8,River,8,River,0.9998722076416016,True,23.01056,32.768803
2761,C:\Users\DELL Precision 5550\Documents\GitHub\Terrasight-Eurosat-RGB-vs-Multispectral\data\raw\rgb\PermanentCrop\PermanentCrop_1481.jpg,6,PermanentCrop,2,HerbaceousVegetation,0.688295304775238,False,27.625488,1.0743254
2762,C:\Users\DELL Precision 5550\Documents\GitHub\Terrasight-Eurosat-RGB-vs-Multispectral\data\raw\rgb\PermanentCrop\PermanentCrop_1987.jpg,6,PermanentCrop,6,PermanentCrop,0.9999974966049194,True,8.473139,-23.76709
2763,C:\Users\DELL Precision 5550\Documents\GitHub\Terrasight-Eurosat-RGB-vs-Multispectral\data\raw\rgb\AnnualCrop\AnnualCrop_179.jpg,0,AnnualCrop,0,AnnualCrop,0.9999873638153076,True,51.354412,8.53923
2764,C:\Users\DELL Precision 5550\Documents\GitHub\Terrasight-Eurosat-RGB-vs-Multispectral\data\raw\rgb\Highway\Highway_6.jpg,3,Highway,3,Highway,0.9985197186470032,True,40.143738,-26.64952
2765,C:\Users\DELL Precision 5550\Documents\GitHub\Terrasight-Eurosat-RGB-vs-Multispectral\data\raw\rgb\HerbaceousVegetation\HerbaceousVegetation_301.jpg,2,HerbaceousVegetation,2,HerbaceousVegetation,0.9989812970161438,True,-16.595331,2.2650068
2766,C:\Users\DELL Precision 5550\Documents\GitHub\Terrasight-Eurosat-RGB-vs-Multispectral\data\raw\rgb\Forest\Forest_2951.jpg,1,Forest,1,Forest,0.9999842643737793,True,-51.727943,20.62416
2767,C:\Users\DELL Precision 5550\Documents\GitHub\Terrasight-Eurosat-RGB-vs-Multispectral\data\raw\rgb\Forest\Forest_1897.jpg,1,Forest,1,Forest,0.9999983310699463,True,-52.62357,13.712535
2768,C:\Users\DELL Precision 5550\Documents\GitHub\Terrasight-Eurosat-RGB-vs-Multispectral\data\raw\rgb\SeaLake\SeaLake_874.jpg,9,SeaLake,9,SeaLake,0.9999743700027466,True,3.3101249,45.834496
2769,C:\Users\DELL Precision 5550\Documents\GitHub\Terrasight-Eurosat-RGB-vs-Multispectral\data\raw\rgb\River\River_1789.jpg,8,River,8,River,0.9999834299087524,True,25.195105,31.17028
2770,C:\Users\DELL Precision 5550\Documents\GitHub\Terrasight-Eurosat-RGB-vs-Multispectral\data\raw\rgb\Pasture\Pasture_536.jpg,5,Pasture,5,Pasture,0.9999266862869263,True,1.9039009,21.090221
2771,C:\Users\DELL Precision 5550\Documents\GitHub\Terrasight-Eurosat-RGB-vs-Multispectral\data\raw\rgb\Industrial\Industrial_66.jpg,4,Industrial,4,Industrial,0.9990934133529663,True,0.5238964,-58.35578
2772,C:\Users\DELL Precision 5550\Documents\GitHub\Terrasight-Eurosat-RGB-vs-Multispectral\data\raw\rgb\SeaLake\SeaLake_1159.jpg,9,SeaLake,9,SeaLake,0.9999014139175415,True,2.0270946,47.02549
2773,C:\Users\DELL Precision 5550\Documents\GitHub\Terrasight-Eurosat-RGB-vs-Multispectral\data\raw\rgb\AnnualCrop\AnnualCrop_1611.jpg,0,AnnualCrop,0,AnnualCrop,0.9999699592590332,True,54.014774,3.519347
2774,C:\Users\DELL Precision 5550\Documents\GitHub\Terrasight-Eurosat-RGB-vs-Multispectral\data\raw\rgb\HerbaceousVegetation\HerbaceousVegetation_398.jpg,2,HerbaceousVegetation,2,HerbaceousVegetation,0.9999963045120239,True,-25.395134,-0.7823042
2775,C:\Users\DELL Precision 5550\Documents\GitHub\Terrasight-Eurosat-RGB-vs-Multispectral\data\raw\rgb\Residential\Residential_1218.jpg,7,Residential,7,Residential,0.9904728531837463,True,-35.78888,-39.84062
2776,C:\Users\DELL Precision 5550\Documents\GitHub\Terrasight-Eurosat-RGB-vs-Multispectral\data\raw\rgb\PermanentCrop\PermanentCrop_846.jpg,6,PermanentCrop,6,PermanentCrop,0.9999817609786987,True,16.516373,-19.078468
2777,C:\Users\DELL Precision 5550\Documents\GitHub\Terrasight-Eurosat-RGB-vs-Multispectral\data\raw\rgb\Pasture\Pasture_1084.jpg,5,Pasture,5,Pasture,0.9986334443092346,True,0.26051244,13.421872
2778,C:\Users\DELL Precision 5550\Documents\GitHub\Terrasight-Eurosat-RGB-vs-Multispectral\data\raw\rgb\SeaLake\SeaLake_2225.jpg,9,SeaLake,9,SeaLake,0.9984039664268494,True,-5.832457,48.642563
2779,C:\Users\DELL Precision 5550\Documents\GitHub\Terrasight-Eurosat-RGB-vs-Multispectral\data\raw\rgb\Residential\Residential_2253.jpg,7,Residential,7,Residential,0.9999992847442627,True,-49.082466,-33.666073
2780,C:\Users\DELL Precision 5550\Documents\GitHub\Terrasight-Eurosat-RGB-vs-Multispectral\data\raw\rgb\Residential\Residential_1699.jpg,7,Residential,7,Residential,0.9962377548217773,True,-34.587482,-37.880043
2781,C:\Users\DELL Precision 5550\Documents\GitHub\Terrasight-Eurosat-RGB-vs-Multispectral\data\raw\rgb\River\River_913.jpg,8,River,8,River,0.9999951124191284,True,28.297235,31.716295
2782,C:\Users\DELL Precision 5550\Documents\GitHub\Terrasight-Eurosat-RGB-vs-Multispectral\data\raw\rgb\Pasture\Pasture_1430.jpg,5,Pasture,2,HerbaceousVegetation,0.9886065125465393,False,-15.324221,1.3928255
2783,C:\Users\DELL Precision 5550\Documents\GitHub\Terrasight-Eurosat-RGB-vs-Multispectral\data\raw\rgb\AnnualCrop\AnnualCrop_570.jpg,0,AnnualCrop,0,AnnualCrop,0.9998903274536133,True,48.813713,2.4059215
2784,C:\Users\DELL Precision 5550\Documents\GitHub\Terrasight-Eurosat-RGB-vs-Multispectral\data\raw\rgb\Residential\Residential_123.jpg,7,Residential,7,Residential,0.8233050107955933,True,-24.00752,-34.72057
2785,C:\Users\DELL Precision 5550\Documents\GitHub\Terrasight-Eurosat-RGB-vs-Multispectral\data\raw\rgb\AnnualCrop\AnnualCrop_642.jpg,0,AnnualCrop,0,AnnualCrop,0.9995905756950378,True,39.85536,5.6386423
2786,C:\Users\DELL Precision 5550\Documents\GitHub\Terrasight-Eurosat-RGB-vs-Multispectral\data\raw\rgb\AnnualCrop\AnnualCrop_1356.jpg,0,AnnualCrop,0,AnnualCrop,0.9402272701263428,True,26.934818,10.762559
2787,C:\Users\DELL Precision 5550\Documents\GitHub\Terrasight-Eurosat-RGB-vs-Multispectral\data\raw\rgb\SeaLake\SeaLake_2779.jpg,9,SeaLake,9,SeaLake,0.8405198454856873,True,-8.368057,46.323814
2788,C:\Users\DELL Precision 5550\Documents\GitHub\Terrasight-Eurosat-RGB-vs-Multispectral\data\raw\rgb\Residential\Residential_1760.jpg,7,Residential,7,Residential,0.9692714214324951,True,-39.008972,-40.11141
2789,C:\Users\DELL Precision 5550\Documents\GitHub\Terrasight-Eurosat-RGB-vs-Multispectral\data\raw\rgb\Pasture\Pasture_654.jpg,5,Pasture,5,Pasture,0.9813424944877625,True,7.024271,14.090163
2790,C:\Users\DELL Precision 5550\Documents\GitHub\Terrasight-Eurosat-RGB-vs-Multispectral\data\raw\rgb\AnnualCrop\AnnualCrop_349.jpg,0,AnnualCrop,0,AnnualCrop,0.9999537467956543,True,40.598614,4.7844567
2791,C:\Users\DELL Precision 5550\Documents\GitHub\Terrasight-Eurosat-RGB-vs-Multispectral\data\raw\rgb\Highway\Highway_2022.jpg,3,Highway,3,Highway,0.9999774694442749,True,52.13775,-30.930412
2792,C:\Users\DELL Precision 5550\Documents\GitHub\Terrasight-Eurosat-RGB-vs-Multispectral\data\raw\rgb\SeaLake\SeaLake_977.jpg,9,SeaLake,9,SeaLake,0.9998542070388794,True,-6.069606,61.525364
2793,C:\Users\DELL Precision 5550\Documents\GitHub\Terrasight-Eurosat-RGB-vs-Multispectral\data\raw\rgb\Residential\Residential_2685.jpg,7,Residential,7,Residential,0.9734154343605042,True,-41.038082,-25.959309
2794,C:\Users\DELL Precision 5550\Documents\GitHub\Terrasight-Eurosat-RGB-vs-Multispectral\data\raw\rgb\Forest\Forest_337.jpg,1,Forest,1,Forest,0.9999943971633911,True,-50.115578,12.067232
2795,C:\Users\DELL Precision 5550\Documents\GitHub\Terrasight-Eurosat-RGB-vs-Multispectral\data\raw\rgb\SeaLake\SeaLake_1275.jpg,9,SeaLake,9,SeaLake,0.9979689717292786,True,-5.933469,47.371346
2796,C:\Users\DELL Precision 5550\Documents\GitHub\Terrasight-Eurosat-RGB-vs-Multispectral\data\raw\rgb\Industrial\Industrial_1877.jpg,4,Industrial,4,Industrial,0.9987646341323853,True,6.4825788,-51.701572
2797,C:\Users\DELL Precision 5550\Documents\GitHub\Terrasight-Eurosat-RGB-vs-Multispectral\data\raw\rgb\HerbaceousVegetation\HerbaceousVegetation_2508.jpg,2,HerbaceousVegetation,2,HerbaceousVegetation,0.9999849796295166,True,-23.795832,-6.335336
2798,C:\Users\DELL Precision 5550\Documents\GitHub\Terrasight-Eurosat-RGB-vs-Multispectral\data\raw\rgb\Highway\Highway_1048.jpg,3,Highway,3,Highway,0.9999561309814453,True,47.067978,-32.19649
2799,C:\Users\DELL Precision 5550\Documents\GitHub\Terrasight-Eurosat-RGB-vs-Multispectral\data\raw\rgb\Residential\Residential_1586.jpg,7,Residential,7,Residential,0.9761704206466675,True,-34.526505,-40.264248
2800,C:\Users\DELL Precision 5550\Documents\GitHub\Terrasight-Eurosat-RGB-vs-Multispectral\data\raw\rgb\Forest\Forest_2661.jpg,1,Forest,1,Forest,0.9999010562896729,True,-42.74431,24.9737
2801,C:\Users\DELL Precision 5550\Documents\GitHub\Terrasight-Eurosat-RGB-vs-Multispectral\data\raw\rgb\Forest\Forest_1304.jpg,1,Forest,1,Forest,0.999998927116394,True,-57.8254,15.137979
2802,C:\Users\DELL Precision 5550\Documents\GitHub\Terrasight-Eurosat-RGB-vs-Multispectral\data\raw\rgb\HerbaceousVegetation\HerbaceousVegetation_725.jpg,2,HerbaceousVegetation,2,HerbaceousVegetation,0.9996925592422485,True,-13.141419,-12.3996525
2803,C:\Users\DELL Precision 5550\Documents\GitHub\Terrasight-Eurosat-RGB-vs-Multispectral\data\raw\rgb\Forest\Forest_1514.jpg,1,Forest,1,Forest,0.9982262253761292,True,-35.598198,16.306093
2804,C:\Users\DELL Precision 5550\Documents\GitHub\Terrasight-Eurosat-RGB-vs-Multispectral\data\raw\rgb\HerbaceousVegetation\HerbaceousVegetation_903.jpg,2,HerbaceousVegetation,2,HerbaceousVegetation,0.9825422763824463,True,1.8894519,-6.248877
2805,C:\Users\DELL Precision 5550\Documents\GitHub\Terrasight-Eurosat-RGB-vs-Multispectral\data\raw\rgb\River\River_493.jpg,8,River,8,River,0.999970555305481,True,23.777622,34.97574
2806,C:\Users\DELL Precision 5550\Documents\GitHub\Terrasight-Eurosat-RGB-vs-Multispectral\data\raw\rgb\Forest\Forest_2090.jpg,1,Forest,1,Forest,0.9999977350234985,True,-52.544903,15.266398
2807,C:\Users\DELL Precision 5550\Documents\GitHub\Terrasight-Eurosat-RGB-vs-Multispectral\data\raw\rgb\Highway\Highway_795.jpg,3,Highway,3,Highway,0.9955754280090332,True,42.43186,-22.661528
2808,C:\Users\DELL Precision 5550\Documents\GitHub\Terrasight-Eurosat-RGB-vs-Multispectral\data\raw\rgb\HerbaceousVegetation\HerbaceousVegetation_2980.jpg,2,HerbaceousVegetation,2,HerbaceousVegetation,0.9999996423721313,True,-22.412468,-9.924375
2809,C:\Users\DELL Precision 5550\Documents\GitHub\Terrasight-Eurosat-RGB-vs-Multispectral\data\raw\rgb\Industrial\Industrial_997.jpg,4,Industrial,4,Industrial,0.9974547028541565,True,-2.5862155,-50.147804
2810,C:\Users\DELL Precision 5550\Documents\GitHub\Terrasight-Eurosat-RGB-vs-Multispectral\data\raw\rgb\Forest\Forest_959.jpg,1,Forest,1,Forest,0.9999997615814209,True,-55.513603,16.576488
2811,C:\Users\DELL Precision 5550\Documents\GitHub\Terrasight-Eurosat-RGB-vs-Multispectral\data\raw\rgb\HerbaceousVegetation\HerbaceousVegetation_1884.jpg,2,HerbaceousVegetation,2,HerbaceousVegetation,0.9999997615814209,True,-26.272675,-5.486262
2812,C:\Users\DELL Precision 5550\Documents\GitHub\Terrasight-Eurosat-RGB-vs-Multispectral\data\raw\rgb\Industrial\Industrial_782.jpg,4,Industrial,4,Industrial,0.9899847507476807,True,-4.0873184,-52.973995
2813,C:\Users\DELL Precision 5550\Documents\GitHub\Terrasight-Eurosat-RGB-vs-Multispectral\data\raw\rgb\HerbaceousVegetation\HerbaceousVegetation_318.jpg,2,HerbaceousVegetation,2,HerbaceousVegetation,1.0,True,-24.715956,-10.932503
2814,C:\Users\DELL Precision 5550\Documents\GitHub\Terrasight-Eurosat-RGB-vs-Multispectral\data\raw\rgb\Forest\Forest_1779.jpg,1,Forest,1,Forest,0.7965384125709534,True,-35.480408,18.808077
2815,C:\Users\DELL Precision 5550\Documents\GitHub\Terrasight-Eurosat-RGB-vs-Multispectral\data\raw\rgb\Residential\Residential_1036.jpg,7,Residential,7,Residential,0.9999997615814209,True,-48.89962,-31.550919
2816,C:\Users\DELL Precision 5550\Documents\GitHub\Terrasight-Eurosat-RGB-vs-Multispectral\data\raw\rgb\SeaLake\SeaLake_2221.jpg,9,SeaLake,9,SeaLake,0.9997382760047913,True,-1.5661273,46.286446
2817,C:\Users\DELL Precision 5550\Documents\GitHub\Terrasight-Eurosat-RGB-vs-Multispectral\data\raw\rgb\AnnualCrop\AnnualCrop_724.jpg,0,AnnualCrop,0,AnnualCrop,0.9935280680656433,True,32.213615,3.1980355
2818,C:\Users\DELL Precision 5550\Documents\GitHub\Terrasight-Eurosat-RGB-vs-Multispectral\data\raw\rgb\Forest\Forest_2171.jpg,1,Forest,1,Forest,0.9999595880508423,True,-41.393658,25.817112
2819,C:\Users\DELL Precision 5550\Documents\GitHub\Terrasight-Eurosat-RGB-vs-Multispectral\data\raw\rgb\Industrial\Industrial_2358.jpg,4,Industrial,4,Industrial,0.9969871640205383,True,-3.1979077,-45.515774
2820,C:\Users\DELL Precision 5550\Documents\GitHub\Terrasight-Eurosat-RGB-vs-Multispectral\data\raw\rgb\AnnualCrop\AnnualCrop_2266.jpg,0,AnnualCrop,0,AnnualCrop,0.9987006187438965,True,38.743816,-1.7293477
2821,C:\Users\DELL Precision 5550\Documents\GitHub\Terrasight-Eurosat-RGB-vs-Multispectral\data\raw\rgb\SeaLake\SeaLake_2881.jpg,9,SeaLake,9,SeaLake,0.9999182224273682,True,4.3118944,48.763973
2822,C:\Users\DELL Precision 5550\Documents\GitHub\Terrasight-Eurosat-RGB-vs-Multispectral\data\raw\rgb\Industrial\Industrial_1476.jpg,4,Industrial,4,Industrial,0.9999191761016846,True,4.749459,-57.385906
2823,C:\Users\DELL Precision 5550\Documents\GitHub\Terrasight-Eurosat-RGB-vs-Multispectral\data\raw\rgb\Pasture\Pasture_1628.jpg,5,Pasture,5,Pasture,0.9985260367393494,True,4.8236213,17.259342
2824,C:\Users\DELL Precision 5550\Documents\GitHub\Terrasight-Eurosat-RGB-vs-Multispectral\data\raw\rgb\Highway\Highway_628.jpg,3,Highway,3,Highway,0.9813750982284546,True,42.379997,-31.283722
2825,C:\Users\DELL Precision 5550\Documents\GitHub\Terrasight-Eurosat-RGB-vs-Multispectral\data\raw\rgb\HerbaceousVegetation\HerbaceousVegetation_117.jpg,2,HerbaceousVegetation,2,HerbaceousVegetation,0.9999825954437256,True,-17.225943,0.33049312
2826,C:\Users\DELL Precision 5550\Documents\GitHub\Terrasight-Eurosat-RGB-vs-Multispectral\data\raw\rgb\SeaLake\SeaLake_1854.jpg,9,SeaLake,9,SeaLake,0.999588668346405,True,-3.0945296,53.564663
2827,C:\Users\DELL Precision 5550\Documents\GitHub\Terrasight-Eurosat-RGB-vs-Multispectral\data\raw\rgb\HerbaceousVegetation\HerbaceousVegetation_2533.jpg,2,HerbaceousVegetation,2,HerbaceousVegetation,0.999997615814209,True,-25.375778,-0.59107536
2828,C:\Users\DELL Precision 5550\Documents\GitHub\Terrasight-Eurosat-RGB-vs-Multispectral\data\raw\rgb\HerbaceousVegetation\HerbaceousVegetation_1988.jpg,2,HerbaceousVegetation,2,HerbaceousVegetation,1.0,True,-24.76445,-9.407361
2829,C:\Users\DELL Precision 5550\Documents\GitHub\Terrasight-Eurosat-RGB-vs-Multispectral\data\raw\rgb\Pasture\Pasture_847.jpg,5,Pasture,5,Pasture,0.9995403289794922,True,3.3869112,15.549141
2830,C:\Users\DELL Precision 5550\Documents\GitHub\Terrasight-Eurosat-RGB-vs-Multispectral\data\raw\rgb\Pasture\Pasture_942.jpg,5,Pasture,5,Pasture,0.9989961981773376,True,4.7362394,16.75409
2831,C:\Users\DELL Precision 5550\Documents\GitHub\Terrasight-Eurosat-RGB-vs-Multispectral\data\raw\rgb\Industrial\Industrial_904.jpg,4,Industrial,4,Industrial,0.9979919195175171,True,-4.5803924,-60.693226
2832,C:\Users\DELL Precision 5550\Documents\GitHub\Terrasight-Eurosat-RGB-vs-Multispectral\data\raw\rgb\SeaLake\SeaLake_726.jpg,9,SeaLake,9,SeaLake,0.9999735355377197,True,-2.435403,64.77451
2833,C:\Users\DELL Precision 5550\Documents\GitHub\Terrasight-Eurosat-RGB-vs-Multispectral\data\raw\rgb\HerbaceousVegetation\HerbaceousVegetation_2965.jpg,2,HerbaceousVegetation,2,HerbaceousVegetation,0.9988275170326233,True,-4.002251,-2.1159172
2834,C:\Users\DELL Precision 5550\Documents\GitHub\Terrasight-Eurosat-RGB-vs-Multispectral\data\raw\rgb\AnnualCrop\AnnualCrop_1955.jpg,0,AnnualCrop,0,AnnualCrop,0.9936589598655701,True,33.057854,4.218574
2835,C:\Users\DELL Precision 5550\Documents\GitHub\Terrasight-Eurosat-RGB-vs-Multispectral\data\raw\rgb\Industrial\Industrial_1604.jpg,4,Industrial,4,Industrial,0.9962594509124756,True,-3.8825374,-53.73351
2836,C:\Users\DELL Precision 5550\Documents\GitHub\Terrasight-Eurosat-RGB-vs-Multispectral\data\raw\rgb\Pasture\Pasture_1903.jpg,5,Pasture,5,Pasture,0.9999998807907104,True,-7.775198,24.281616
2837,C:\Users\DELL Precision 5550\Documents\GitHub\Terrasight-Eurosat-RGB-vs-Multispectral\data\raw\rgb\Forest\Forest_2645.jpg,1,Forest,1,Forest,1.0,True,-55.540257,19.355385
2838,C:\Users\DELL Precision 5550\Documents\GitHub\Terrasight-Eurosat-RGB-vs-Multispectral\data\raw\rgb\Pasture\Pasture_1316.jpg,5,Pasture,5,Pasture,0.9998706579208374,True,1.4251179,18.89362
2839,C:\Users\DELL Precision 5550\Documents\GitHub\Terrasight-Eurosat-RGB-vs-Multispectral\data\raw\rgb\AnnualCrop\AnnualCrop_959.jpg,0,AnnualCrop,0,AnnualCrop,0.9994150400161743,True,37.273296,6.780424
2840,C:\Users\DELL Precision 5550\Documents\GitHub\Terrasight-Eurosat-RGB-vs-Multispectral\data\raw\rgb\Forest\Forest_1426.jpg,1,Forest,1,Forest,0.999998927116394,True,-50.281357,22.113338
2841,C:\Users\DELL Precision 5550\Documents\GitHub\Terrasight-Eurosat-RGB-vs-Multispectral\data\raw\rgb\AnnualCrop\AnnualCrop_567.jpg,0,AnnualCrop,0,AnnualCrop,0.9999580383300781,True,42.826157,6.171244
2842,C:\Users\DELL Precision 5550\Documents\GitHub\Terrasight-Eurosat-RGB-vs-Multispectral\data\raw\rgb\Highway\Highway_2041.jpg,3,Highway,3,Highway,0.998565137386322,True,45.329823,-26.472202
2843,C:\Users\DELL Precision 5550\Documents\GitHub\Terrasight-Eurosat-RGB-vs-Multispectral\data\raw\rgb\Highway\Highway_388.jpg,3,Highway,3,Highway,0.9990594983100891,True,34.62968,-32.04124
2844,C:\Users\DELL Precision 5550\Documents\GitHub\Terrasight-Eurosat-RGB-vs-Multispectral\data\raw\rgb\Pasture\Pasture_50.jpg,5,Pasture,5,Pasture,0.9992061257362366,True,-3.869441,16.84371
2845,C:\Users\DELL Precision 5550\Documents\GitHub\Terrasight-Eurosat-RGB-vs-Multispectral\data\raw\rgb\Forest\Forest_261.jpg,1,Forest,1,Forest,0.9997324347496033,True,-41.235294,30.20101
2846,C:\Users\DELL Precision 5550\Documents\GitHub\Terrasight-Eurosat-RGB-vs-Multispectral\data\raw\rgb\Highway\Highway_2358.jpg,3,Highway,3,Highway,0.9973078966140747,True,42.451973,-36.46647
2847,C:\Users\DELL Precision 5550\Documents\GitHub\Terrasight-Eurosat-RGB-vs-Multispectral\data\raw\rgb\Pasture\Pasture_1256.jpg,5,Pasture,5,Pasture,0.991417646408081,True,5.2311034,10.633454
2848,C:\Users\DELL Precision 5550\Documents\GitHub\Terrasight-Eurosat-RGB-vs-Multispectral\data\raw\rgb\Forest\Forest_2510.jpg,1,Forest,1,Forest,0.9999971389770508,True,-53.10765,23.231005
2849,C:\Users\DELL Precision 5550\Documents\GitHub\Terrasight-Eurosat-RGB-vs-Multispectral\data\raw\rgb\HerbaceousVegetation\HerbaceousVegetation_350.jpg,2,HerbaceousVegetation,2,HerbaceousVegetation,0.9718230962753296,True,-7.67436,-10.584557
2850,C:\Users\DELL Precision 5550\Documents\GitHub\Terrasight-Eurosat-RGB-vs-Multispectral\data\raw\rgb\PermanentCrop\PermanentCrop_2140.jpg,6,PermanentCrop,6,PermanentCrop,0.999936580657959,True,7.9518714,-21.049273
2851,C:\Users\DELL Precision 5550\Documents\GitHub\Terrasight-Eurosat-RGB-vs-Multispectral\data\raw\rgb\River\River_1497.jpg,8,River,8,River,0.9999961853027344,True,34.231655,35.2579
2852,C:\Users\DELL Precision 5550\Documents\GitHub\Terrasight-Eurosat-RGB-vs-Multispectral\data\raw\rgb\HerbaceousVegetation\HerbaceousVegetation_1253.jpg,2,HerbaceousVegetation,2,HerbaceousVegetation,0.9999998807907104,True,-25.078232,-8.97287
2853,C:\Users\DELL Precision 5550\Documents\GitHub\Terrasight-Eurosat-RGB-vs-Multispectral\data\raw\rgb\Industrial\Industrial_1285.jpg,4,Industrial,4,Industrial,0.999923825263977,True,8.9597025,-56.934547
2854,C:\Users\DELL Precision 5550\Documents\GitHub\Terrasight-Eurosat-RGB-vs-Multispectral\data\raw\rgb\Residential\Residential_1014.jpg,7,Residential,7,Residential,0.9992722868919373,True,-42.540085,-38.030823
2855,C:\Users\DELL Precision 5550\Documents\GitHub\Terrasight-Eurosat-RGB-vs-Multispectral\data\raw\rgb\PermanentCrop\PermanentCrop_1575.jpg,6,PermanentCrop,6,PermanentCrop,0.9999891519546509,True,9.197109,-22.08995
2856,C:\Users\DELL Precision 5550\Documents\GitHub\Terrasight-Eurosat-RGB-vs-Multispectral\data\raw\rgb\River\River_889.jpg,8,River,8,River,0.9999053478240967,True,28.475107,29.130022
2857,C:\Users\DELL Precision 5550\Documents\GitHub\Terrasight-Eurosat-RGB-vs-Multispectral\data\raw\rgb\SeaLake\SeaLake_1611.jpg,9,SeaLake,9,SeaLake,0.9996371269226074,True,-5.1310916,59.767097
2858,C:\Users\DELL Precision 5550\Documents\GitHub\Terrasight-Eurosat-RGB-vs-Multispectral\data\raw\rgb\PermanentCrop\PermanentCrop_1761.jpg,6,PermanentCrop,6,PermanentCrop,0.9984650611877441,True,7.435754,-14.941504
2859,C:\Users\DELL Precision 5550\Documents\GitHub\Terrasight-Eurosat-RGB-vs-Multispectral\data\raw\rgb\Highway\Highway_1317.jpg,3,Highway,3,Highway,0.9705051779747009,True,34.04094,-30.054262
2860,C:\Users\DELL Precision 5550\Documents\GitHub\Terrasight-Eurosat-RGB-vs-Multispectral\data\raw\rgb\River\River_694.jpg,8,River,8,River,0.9999064207077026,True,24.979593,25.717916
2861,C:\Users\DELL Precision 5550\Documents\GitHub\Terrasight-Eurosat-RGB-vs-Multispectral\data\raw\rgb\HerbaceousVegetation\HerbaceousVegetation_1632.jpg,2,HerbaceousVegetation,2,HerbaceousVegetation,0.9412509202957153,True,-6.2295594,-9.9447975
2862,C:\Users\DELL Precision 5550\Documents\GitHub\Terrasight-Eurosat-RGB-vs-Multispectral\data\raw\rgb\Highway\Highway_2366.jpg,3,Highway,3,Highway,0.999884843826294,True,44.43203,-30.905874
2863,C:\Users\DELL Precision 5550\Documents\GitHub\Terrasight-Eurosat-RGB-vs-Multispectral\data\raw\rgb\Pasture\Pasture_151.jpg,5,Pasture,2,HerbaceousVegetation,0.7933293581008911,False,-0.4211809,5.196986
2864,C:\Users\DELL Precision 5550\Documents\GitHub\Terrasight-Eurosat-RGB-vs-Multispectral\data\raw\rgb\PermanentCrop\PermanentCrop_1891.jpg,6,PermanentCrop,6,PermanentCrop,0.8889593482017517,True,3.5461843,-12.98756
2865,C:\Users\DELL Precision 5550\Documents\GitHub\Terrasight-Eurosat-RGB-vs-Multispectral\data\raw\rgb\Pasture\Pasture_1001.jpg,5,Pasture,5,Pasture,0.9959255456924438,True,2.4701605,9.548369
2866,C:\Users\DELL Precision 5550\Documents\GitHub\Terrasight-Eurosat-RGB-vs-Multispectral\data\raw\rgb\SeaLake\SeaLake_315.jpg,9,SeaLake,9,SeaLake,0.9997084736824036,True,-0.36670455,62.54413
2867,C:\Users\DELL Precision 5550\Documents\GitHub\Terrasight-Eurosat-RGB-vs-Multispectral\data\raw\rgb\Industrial\Industrial_2118.jpg,4,Industrial,4,Industrial,0.9961709380149841,True,5.1087356,-50.4693
2868,C:\Users\DELL Precision 5550\Documents\GitHub\Terrasight-Eurosat-RGB-vs-Multispectral\data\raw\rgb\HerbaceousVegetation\HerbaceousVegetation_1620.jpg,2,HerbaceousVegetation,2,HerbaceousVegetation,0.9999977350234985,True,-23.535484,-8.529412
2869,C:\Users\DELL Precision 5550\Documents\GitHub\Terrasight-Eurosat-RGB-vs-Multispectral\data\raw\rgb\Industrial\Industrial_916.jpg,4,Industrial,4,Industrial,0.9999974966049194,True,7.624233,-63.21316
2870,C:\Users\DELL Precision 5550\Documents\GitHub\Terrasight-Eurosat-RGB-vs-Multispectral\data\raw\rgb\SeaLake\SeaLake_706.jpg,9,SeaLake,9,SeaLake,0.99625563621521,True,-4.8708396,56.134113
2871,C:\Users\DELL Precision 5550\Documents\GitHub\Terrasight-Eurosat-RGB-vs-Multispectral\data\raw\rgb\River\River_64.jpg,8,River,8,River,0.9999979734420776,True,30.56539,33.361027
2872,C:\Users\DELL Precision 5550\Documents\GitHub\Terrasight-Eurosat-RGB-vs-Multispectral\data\raw\rgb\PermanentCrop\PermanentCrop_827.jpg,6,PermanentCrop,5,Pasture,0.8764694929122925,False,8.412647,13.371645
2873,C:\Users\DELL Precision 5550\Documents\GitHub\Terrasight-Eurosat-RGB-vs-Multispectral\data\raw\rgb\AnnualCrop\AnnualCrop_448.jpg,0,AnnualCrop,0,AnnualCrop,0.9999998807907104,True,59.842236,8.937037
2874,C:\Users\DELL Precision 5550\Documents\GitHub\Terrasight-Eurosat-RGB-vs-Multispectral\data\raw\rgb\SeaLake\SeaLake_2718.jpg,9,SeaLake,9,SeaLake,0.9997147917747498,True,-14.442102,59.94316
2875,C:\Users\DELL Precision 5550\Documents\GitHub\Terrasight-Eurosat-RGB-vs-Multispectral\data\raw\rgb\River\River_1559.jpg,8,River,8,River,0.9977375268936157,True,24.43492,20.244009
2876,C:\Users\DELL Precision 5550\Documents\GitHub\Terrasight-Eurosat-RGB-vs-Multispectral\data\raw\rgb\Forest\Forest_702.jpg,1,Forest,1,Forest,0.6676225662231445,True,5.784762,8.113111
2877,C:\Users\DELL Precision 5550\Documents\GitHub\Terrasight-Eurosat-RGB-vs-Multispectral\data\raw\rgb\Residential\Residential_2488.jpg,7,Residential,2,HerbaceousVegetation,0.6458203792572021,False,-23.591503,-36.27386
2878,C:\Users\DELL Precision 5550\Documents\GitHub\Terrasight-Eurosat-RGB-vs-Multispectral\data\raw\rgb\SeaLake\SeaLake_813.jpg,9,SeaLake,9,SeaLake,0.9996274709701538,True,-3.5735238,44.05096
2879,C:\Users\DELL Precision 5550\Documents\GitHub\Terrasight-Eurosat-RGB-vs-Multispectral\data\raw\rgb\Highway\Highway_1600.jpg,3,Highway,3,Highway,0.9991388320922852,True,41.595535,-35.23894
2880,C:\Users\DELL Precision 5550\Documents\GitHub\Terrasight-Eurosat-RGB-vs-Multispectral\data\raw\rgb\AnnualCrop\AnnualCrop_76.jpg,0,AnnualCrop,0,AnnualCrop,0.9991908669471741,True,43.27959,-1.0068088
2881,C:\Users\DELL Precision 5550\Documents\GitHub\Terrasight-Eurosat-RGB-vs-Multispectral\data\raw\rgb\PermanentCrop\PermanentCrop_507.jpg,6,PermanentCrop,6,PermanentCrop,0.9999898672103882,True,7.4297595,-23.613764
2882,C:\Users\DELL Precision 5550\Documents\GitHub\Terrasight-Eurosat-RGB-vs-Multispectral\data\raw\rgb\Residential\Residential_402.jpg,7,Residential,7,Residential,0.847332775592804,True,-28.34041,-40.130413
2883,C:\Users\DELL Precision 5550\Documents\GitHub\Terrasight-Eurosat-RGB-vs-Multispectral\data\raw\rgb\HerbaceousVegetation\HerbaceousVegetation_1192.jpg,2,HerbaceousVegetation,2,HerbaceousVegetation,0.9853881001472473,True,-9.083749,-0.8759711
2884,C:\Users\DELL Precision 5550\Documents\GitHub\Terrasight-Eurosat-RGB-vs-Multispectral\data\raw\rgb\SeaLake\SeaLake_2656.jpg,9,SeaLake,9,SeaLake,0.9999440908432007,True,1.868843,45.685005
2885,C:\Users\DELL Precision 5550\Documents\GitHub\Terrasight-Eurosat-RGB-vs-Multispectral\data\raw\rgb\SeaLake\SeaLake_896.jpg,9,SeaLake,9,SeaLake,0.9999293088912964,True,-9.218906,63.496017
2886,C:\Users\DELL Precision 5550\Documents\GitHub\Terrasight-Eurosat-RGB-vs-Multispectral\data\raw\rgb\HerbaceousVegetation\HerbaceousVegetation_2882.jpg,2,HerbaceousVegetation,2,HerbaceousVegetation,0.9999963045120239,True,-18.53303,-11.484707
2887,C:\Users\DELL Precision 5550\Documents\GitHub\Terrasight-Eurosat-RGB-vs-Multispectral\data\raw\rgb\Highway\Highway_1969.jpg,3,Highway,3,Highway,0.9999510049819946,True,49.71838,-28.242771
2888,C:\Users\DELL Precision 5550\Documents\GitHub\Terrasight-Eurosat-RGB-vs-Multispectral\data\raw\rgb\HerbaceousVegetation\HerbaceousVegetation_1467.jpg,2,HerbaceousVegetation,2,HerbaceousVegetation,0.985993504524231,True,-6.911112,-9.241555
2889,C:\Users\DELL Precision 5550\Documents\GitHub\Terrasight-Eurosat-RGB-vs-Multispectral\data\raw\rgb\HerbaceousVegetation\HerbaceousVegetation_1447.jpg,2,HerbaceousVegetation,2,HerbaceousVegetation,0.9888650178909302,True,-13.369109,4.294386
2890,C:\Users\DELL Precision 5550\Documents\GitHub\Terrasight-Eurosat-RGB-vs-Multispectral\data\raw\rgb\PermanentCrop\PermanentCrop_1526.jpg,6,PermanentCrop,6,PermanentCrop,0.9999678134918213,True,9.69527,-21.286716
2891,C:\Users\DELL Precision 5550\Documents\GitHub\Terrasight-Eurosat-RGB-vs-Multispectral\data\raw\rgb\SeaLake\SeaLake_1227.jpg,9,SeaLake,9,SeaLake,0.9997338652610779,True,-0.7535262,46.294556
2892,C:\Users\DELL Precision 5550\Documents\GitHub\Terrasight-Eurosat-RGB-vs-Multispectral\data\raw\rgb\Highway\Highway_996.jpg,3,Highway,3,Highway,0.9840025305747986,True,31.863716,-33.408268
2893,C:\Users\DELL Precision 5550\Documents\GitHub\Terrasight-Eurosat-RGB-vs-Multispectral\data\raw\rgb\River\River_1480.jpg,8,River,8,River,0.989926815032959,True,23.868048,21.423216
2894,C:\Users\DELL Precision 5550\Documents\GitHub\Terrasight-Eurosat-RGB-vs-Multispectral\data\raw\rgb\SeaLake\SeaLake_393.jpg,9,SeaLake,9,SeaLake,0.9990367889404297,True,-5.4603214,49.329437
2895,C:\Users\DELL Precision 5550\Documents\GitHub\Terrasight-Eurosat-RGB-vs-Multispectral\data\raw\rgb\Highway\Highway_201.jpg,3,Highway,3,Highway,0.999998927116394,True,52.66787,-32.147175
2896,C:\Users\DELL Precision 5550\Documents\GitHub\Terrasight-Eurosat-RGB-vs-Multispectral\data\raw\rgb\HerbaceousVegetation\HerbaceousVegetation_1512.jpg,2,HerbaceousVegetation,2,HerbaceousVegetation,0.999931812286377,True,-13.735176,-8.79939
2897,C:\Users\DELL Precision 5550\Documents\GitHub\Terrasight-Eurosat-RGB-vs-Multispectral\data\raw\rgb\AnnualCrop\AnnualCrop_2044.jpg,0,AnnualCrop,0,AnnualCrop,0.9578949809074402,True,29.895958,4.7223153
2898,C:\Users\DELL Precision 5550\Documents\GitHub\Terrasight-Eurosat-RGB-vs-Multispectral\data\raw\rgb\Pasture\Pasture_1022.jpg,5,Pasture,5,Pasture,0.9999802112579346,True,0.7798142,21.25321
2899,C:\Users\DELL Precision 5550\Documents\GitHub\Terrasight-Eurosat-RGB-vs-Multispectral\data\raw\rgb\Pasture\Pasture_1611.jpg,5,Pasture,5,Pasture,0.9998261332511902,True,1.4276389,16.486635
2900,C:\Users\DELL Precision 5550\Documents\GitHub\Terrasight-Eurosat-RGB-vs-Multispectral\data\raw\rgb\River\River_1713.jpg,8,River,2,HerbaceousVegetation,0.9985260963439941,False,-11.381437,-5.3964267
2901,C:\Users\DELL Precision 5550\Documents\GitHub\Terrasight-Eurosat-RGB-vs-Multispectral\data\raw\rgb\River\River_2428.jpg,8,River,8,River,0.999953031539917,True,32.462795,35.10187
2902,C:\Users\DELL Precision 5550\Documents\GitHub\Terrasight-Eurosat-RGB-vs-Multispectral\data\raw\rgb\Industrial\Industrial_2262.jpg,4,Industrial,4,Industrial,0.9999768733978271,True,8.528928,-58.567265
2903,C:\Users\DELL Precision 5550\Documents\GitHub\Terrasight-Eurosat-RGB-vs-Multispectral\data\raw\rgb\Forest\Forest_1692.jpg,1,Forest,1,Forest,0.9909377098083496,True,-32.833416,25.067814
2904,C:\Users\DELL Precision 5550\Documents\GitHub\Terrasight-Eurosat-RGB-vs-Multispectral\data\raw\rgb\River\River_2074.jpg,8,River,8,River,0.9999854564666748,True,29.602774,32.228218
2905,C:\Users\DELL Precision 5550\Documents\GitHub\Terrasight-Eurosat-RGB-vs-Multispectral\data\raw\rgb\Pasture\Pasture_43.jpg,5,Pasture,5,Pasture,0.9995713829994202,True,1.5757787,17.927935
2906,C:\Users\DELL Precision 5550\Documents\GitHub\Terrasight-Eurosat-RGB-vs-Multispectral\data\raw\rgb\River\River_2402.jpg,8,River,8,River,0.9673745632171631,True,22.331993,19.474222
2907,C:\Users\DELL Precision 5550\Documents\GitHub\Terrasight-Eurosat-RGB-vs-Multispectral\data\raw\rgb\AnnualCrop\AnnualCrop_2267.jpg,0,AnnualCrop,0,AnnualCrop,0.999562680721283,True,41.774353,3.7135682
2908,C:\Users\DELL Precision 5550\Documents\GitHub\Terrasight-Eurosat-RGB-vs-Multispectral\data\raw\rgb\Residential\Residential_1417.jpg,7,Residential,7,Residential,0.9994584918022156,True,-47.311543,-36.345905
2909,C:\Users\DELL Precision 5550\Documents\GitHub\Terrasight-Eurosat-RGB-vs-Multispectral\data\raw\rgb\Forest\Forest_2329.jpg,1,Forest,1,Forest,0.9407460689544678,True,-34.31874,21.665924
2910,C:\Users\DELL Precision 5550\Documents\GitHub\Terrasight-Eurosat-RGB-vs-Multispectral\data\raw\rgb\Forest\Forest_4.jpg,1,Forest,1,Forest,0.9895784258842468,True,-37.474052,22.59903
2911,C:\Users\DELL Precision 5550\Documents\GitHub\Terrasight-Eurosat-RGB-vs-Multispectral\data\raw\rgb\Industrial\Industrial_529.jpg,4,Industrial,4,Industrial,0.9999760389328003,True,5.8267636,-61.79874
2912,C:\Users\DELL Precision 5550\Documents\GitHub\Terrasight-Eurosat-RGB-vs-Multispectral\data\raw\rgb\Residential\Residential_1828.jpg,7,Residential,2,HerbaceousVegetation,0.5656831860542297,False,-23.443201,-34.72108
2913,C:\Users\DELL Precision 5550\Documents\GitHub\Terrasight-Eurosat-RGB-vs-Multispectral\data\raw\rgb\HerbaceousVegetation\HerbaceousVegetation_748.jpg,2,HerbaceousVegetation,2,HerbaceousVegetation,0.9999996423721313,True,-21.509335,-9.241916
2914,C:\Users\DELL Precision 5550\Documents\GitHub\Terrasight-Eurosat-RGB-vs-Multispectral\data\raw\rgb\Forest\Forest_808.jpg,1,Forest,1,Forest,0.999998927116394,True,-52.631622,14.927323
2915,C:\Users\DELL Precision 5550\Documents\GitHub\Terrasight-Eurosat-RGB-vs-Multispectral\data\raw\rgb\Industrial\Industrial_816.jpg,4,Industrial,4,Industrial,0.9999831914901733,True,6.4785404,-62.30737
2916,C:\Users\DELL Precision 5550\Documents\GitHub\Terrasight-Eurosat-RGB-vs-Multispectral\data\raw\rgb\HerbaceousVegetation\HerbaceousVegetation_502.jpg,2,HerbaceousVegetation,2,HerbaceousVegetation,0.9708813428878784,True,-3.356622,-9.961753
2917,C:\Users\DELL Precision 5550\Documents\GitHub\Terrasight-Eurosat-RGB-vs-Multispectral\data\raw\rgb\Industrial\Industrial_541.jpg,4,Industrial,3,Highway,0.7050307393074036,False,30.538704,-30.805193
2918,C:\Users\DELL Precision 5550\Documents\GitHub\Terrasight-Eurosat-RGB-vs-Multispectral\data\raw\rgb\HerbaceousVegetation\HerbaceousVegetation_1243.jpg,2,HerbaceousVegetation,2,HerbaceousVegetation,0.9999984502792358,True,-25.934359,-3.2320185
2919,C:\Users\DELL Precision 5550\Documents\GitHub\Terrasight-Eurosat-RGB-vs-Multispectral\data\raw\rgb\Pasture\Pasture_903.jpg,5,Pasture,5,Pasture,0.9987679123878479,True,1.0269624,12.718764
2920,C:\Users\DELL Precision 5550\Documents\GitHub\Terrasight-Eurosat-RGB-vs-Multispectral\data\raw\rgb\Highway\Highway_833.jpg,3,Highway,3,Highway,0.9950969815254211,True,41.010216,-22.728336
2921,C:\Users\DELL Precision 5550\Documents\GitHub\Terrasight-Eurosat-RGB-vs-Multispectral\data\raw\rgb\Forest\Forest_441.jpg,1,Forest,1,Forest,0.9999585151672363,True,-47.66377,13.1387
2922,C:\Users\DELL Precision 5550\Documents\GitHub\Terrasight-Eurosat-RGB-vs-Multispectral\data\raw\rgb\Pasture\Pasture_1759.jpg,5,Pasture,5,Pasture,0.9882982969284058,True,0.17691283,10.373064
2923,C:\Users\DELL Precision 5550\Documents\GitHub\Terrasight-Eurosat-RGB-vs-Multispectral\data\raw\rgb\PermanentCrop\PermanentCrop_1090.jpg,6,PermanentCrop,6,PermanentCrop,0.9694660902023315,True,3.008735,-18.036474
2924,C:\Users\DELL Precision 5550\Documents\GitHub\Terrasight-Eurosat-RGB-vs-Multispectral\data\raw\rgb\River\River_1371.jpg,8,River,8,River,0.9956271648406982,True,22.492462,24.074211
2925,C:\Users\DELL Precision 5550\Documents\GitHub\Terrasight-Eurosat-RGB-vs-Multispectral\data\raw\rgb\Pasture\Pasture_99.jpg,5,Pasture,2,HerbaceousVegetation,0.5760059356689453,False,-0.8341881,4.7687893
2926,C:\Users\DELL Precision 5550\Documents\GitHub\Terrasight-Eurosat-RGB-vs-Multispectral\data\raw\rgb\PermanentCrop\PermanentCrop_1475.jpg,6,PermanentCrop,6,PermanentCrop,0.9999085664749146,True,5.9963202,-23.396357
2927,C:\Users\DELL Precision 5550\Documents\GitHub\Terrasight-Eurosat-RGB-vs-Multispectral\data\raw\rgb\SeaLake\SeaLake_996.jpg,9,SeaLake,9,SeaLake,0.9975988268852234,True,-6.324997,57.110794
2928,C:\Users\DELL Precision 5550\Documents\GitHub\Terrasight-Eurosat-RGB-vs-Multispectral\data\raw\rgb\River\River_86.jpg,8,River,8,River,0.9999464750289917,True,27.996609,30.064077
2929,C:\Users\DELL Precision 5550\Documents\GitHub\Terrasight-Eurosat-RGB-vs-Multispectral\data\raw\rgb\HerbaceousVegetation\HerbaceousVegetation_621.jpg,2,HerbaceousVegetation,2,HerbaceousVegetation,0.9760624766349792,True,-8.610329,-1.1831856
2930,C:\Users\DELL Precision 5550\Documents\GitHub\Terrasight-Eurosat-RGB-vs-Multispectral\data\raw\rgb\Forest\Forest_2482.jpg,1,Forest,1,Forest,0.9999725818634033,True,-47.56227,23.668238
2931,C:\Users\DELL Precision 5550\Documents\GitHub\Terrasight-Eurosat-RGB-vs-Multispectral\data\raw\rgb\PermanentCrop\PermanentCrop_1087.jpg,6,PermanentCrop,6,PermanentCrop,0.9999998807907104,True,10.455792,-25.000118
2932,C:\Users\DELL Precision 5550\Documents\GitHub\Terrasight-Eurosat-RGB-vs-Multispectral\data\raw\rgb\HerbaceousVegetation\HerbaceousVegetation_2395.jpg,2,HerbaceousVegetation,2,HerbaceousVegetation,0.9989814162254333,True,-6.0948243,-5.1616416
2933,C:\Users\DELL Precision 5550\Documents\GitHub\Terrasight-Eurosat-RGB-vs-Multispectral\data\raw\rgb\Pasture\Pasture_805.jpg,5,Pasture,5,Pasture,0.9998486042022705,True,1.5920945,17.684578
2934,C:\Users\DELL Precision 5550\Documents\GitHub\Terrasight-Eurosat-RGB-vs-Multispectral\data\raw\rgb\SeaLake\SeaLake_1139.jpg,9,SeaLake,9,SeaLake,0.9996366500854492,True,-12.84278,58.887043
2935,C:\Users\DELL Precision 5550\Documents\GitHub\Terrasight-Eurosat-RGB-vs-Multispectral\data\raw\rgb\SeaLake\SeaLake_713.jpg,9,SeaLake,9,SeaLake,0.9999511241912842,True,-9.150936,64.88727
2936,C:\Users\DELL Precision 5550\Documents\GitHub\Terrasight-Eurosat-RGB-vs-Multispectral\data\raw\rgb\Highway\Highway_224.jpg,3,Highway,3,Highway,0.9981908202171326,True,36.788837,-23.626808
2937,C:\Users\DELL Precision 5550\Documents\GitHub\Terrasight-Eurosat-RGB-vs-Multispectral\data\raw\rgb\Residential\Residential_803.jpg,7,Residential,7,Residential,0.9934977293014526,True,-46.93626,-39.5133
2938,C:\Users\DELL Precision 5550\Documents\GitHub\Terrasight-Eurosat-RGB-vs-Multispectral\data\raw\rgb\Highway\Highway_952.jpg,3,Highway,3,Highway,0.9996639490127563,True,37.758507,-30.59511
2939,C:\Users\DELL Precision 5550\Documents\GitHub\Terrasight-Eurosat-RGB-vs-Multispectral\data\raw\rgb\Residential\Residential_1365.jpg,7,Residential,7,Residential,0.9995285272598267,True,-33.6539,-37.239254
2940,C:\Users\DELL Precision 5550\Documents\GitHub\Terrasight-Eurosat-RGB-vs-Multispectral\data\raw\rgb\Pasture\Pasture_388.jpg,5,Pasture,5,Pasture,0.9533816576004028,True,3.1454089,8.949872
2941,C:\Users\DELL Precision 5550\Documents\GitHub\Terrasight-Eurosat-RGB-vs-Multispectral\data\raw\rgb\HerbaceousVegetation\HerbaceousVegetation_821.jpg,2,HerbaceousVegetation,2,HerbaceousVegetation,0.9999984502792358,True,-17.338661,-4.4783354
2942,C:\Users\DELL Precision 5550\Documents\GitHub\Terrasight-Eurosat-RGB-vs-Multispectral\data\raw\rgb\Forest\Forest_382.jpg,1,Forest,1,Forest,0.9999971389770508,True,-49.285362,21.292725
2943,C:\Users\DELL Precision 5550\Documents\GitHub\Terrasight-Eurosat-RGB-vs-Multispectral\data\raw\rgb\AnnualCrop\AnnualCrop_2527.jpg,0,AnnualCrop,0,AnnualCrop,0.9999799728393555,True,47.377556,9.358297
2944,C:\Users\DELL Precision 5550\Documents\GitHub\Terrasight-Eurosat-RGB-vs-Multispectral\data\raw\rgb\River\River_601.jpg,8,River,8,River,0.96833336353302,True,28.32062,19.093641
2945,C:\Users\DELL Precision 5550\Documents\GitHub\Terrasight-Eurosat-RGB-vs-Multispectral\data\raw\rgb\Industrial\Industrial_2347.jpg,4,Industrial,4,Industrial,0.972247838973999,True,2.1833048,-47.24865
2946,C:\Users\DELL Precision 5550\Documents\GitHub\Terrasight-Eurosat-RGB-vs-Multispectral\data\raw\rgb\Industrial\Industrial_1856.jpg,4,Industrial,4,Industrial,0.9996522665023804,True,3.902144,-54.155716
2947,C:\Users\DELL Precision 5550\Documents\GitHub\Terrasight-Eurosat-RGB-vs-Multispectral\data\raw\rgb\Industrial\Industrial_1286.jpg,4,Industrial,4,Industrial,0.9934317469596863,True,1.2467146,-54.383972
2948,C:\Users\DELL Precision 5550\Documents\GitHub\Terrasight-Eurosat-RGB-vs-Multispectral\data\raw\rgb\Residential\Residential_71.jpg,7,Residential,7,Residential,0.9939695596694946,True,-46.846043,-39.865807
2949,C:\Users\DELL Precision 5550\Documents\GitHub\Terrasight-Eurosat-RGB-vs-Multispectral\data\raw\rgb\Highway\Highway_20.jpg,3,Highway,3,Highway,0.9991330504417419,True,41.2649,-33.215717
2950,C:\Users\DELL Precision 5550\Documents\GitHub\Terrasight-Eurosat-RGB-vs-Multispectral\data\raw\rgb\Forest\Forest_2369.jpg,1,Forest,1,Forest,0.9999794960021973,True,-47.60886,11.336071
2951,C:\Users\DELL Precision 5550\Documents\GitHub\Terrasight-Eurosat-RGB-vs-Multispectral\data\raw\rgb\SeaLake\SeaLake_2452.jpg,9,SeaLake,9,SeaLake,0.9991639852523804,True,-4.649958,54.191307
2952,C:\Users\DELL Precision 5550\Documents\GitHub\Terrasight-Eurosat-RGB-vs-Multispectral\data\raw\rgb\Industrial\Industrial_2210.jpg,4,Industrial,4,Industrial,0.9553792476654053,True,-5.7185063,-46.927902
2953,C:\Users\DELL Precision 5550\Documents\GitHub\Terrasight-Eurosat-RGB-vs-Multispectral\data\raw\rgb\AnnualCrop\AnnualCrop_979.jpg,0,AnnualCrop,0,AnnualCrop,0.8011791110038757,True,25.819334,0.39100543
2954,C:\Users\DELL Precision 5550\Documents\GitHub\Terrasight-Eurosat-RGB-vs-Multispectral\data\raw\rgb\SeaLake\SeaLake_891.jpg,9,SeaLake,9,SeaLake,0.9999895095825195,True,-0.98222643,64.927574
2955,C:\Users\DELL Precision 5550\Documents\GitHub\Terrasight-Eurosat-RGB-vs-Multispectral\data\raw\rgb\Forest\Forest_2417.jpg,1,Forest,1,Forest,0.9999850988388062,True,-52.186775,23.961824
2956,C:\Users\DELL Precision 5550\Documents\GitHub\Terrasight-Eurosat-RGB-vs-Multispectral\data\raw\rgb\PermanentCrop\PermanentCrop_273.jpg,6,PermanentCrop,6,PermanentCrop,0.997337281703949,True,7.8654513,-15.199783
2957,C:\Users\DELL Precision 5550\Documents\GitHub\Terrasight-Eurosat-RGB-vs-Multispectral\data\raw\rgb\PermanentCrop\PermanentCrop_1407.jpg,6,PermanentCrop,6,PermanentCrop,0.9834611415863037,True,16.897793,-15.172925
2958,C:\Users\DELL Precision 5550\Documents\GitHub\Terrasight-Eurosat-RGB-vs-Multispectral\data\raw\rgb\Residential\Residential_105.jpg,7,Residential,7,Residential,0.9986059069633484,True,-38.64001,-30.081919
2959,C:\Users\DELL Precision 5550\Documents\GitHub\Terrasight-Eurosat-RGB-vs-Multispectral\data\raw\rgb\Forest\Forest_182.jpg,1,Forest,1,Forest,0.9999972581863403,True,-52.01696,21.92525
2960,C:\Users\DELL Precision 5550\Documents\GitHub\Terrasight-Eurosat-RGB-vs-Multispectral\data\raw\rgb\AnnualCrop\AnnualCrop_1592.jpg,0,AnnualCrop,6,PermanentCrop,0.8449426293373108,False,10.456968,-6.070224
2961,C:\Users\DELL Precision 5550\Documents\GitHub\Terrasight-Eurosat-RGB-vs-Multispectral\data\raw\rgb\SeaLake\SeaLake_2859.jpg,9,SeaLake,9,SeaLake,0.9987998008728027,True,-14.229786,56.49819
2962,C:\Users\DELL Precision 5550\Documents\GitHub\Terrasight-Eurosat-RGB-vs-Multispectral\data\raw\rgb\Industrial\Industrial_806.jpg,4,Industrial,4,Industrial,0.9999145269393921,True,4.443677,-54.15357
2963,C:\Users\DELL Precision 5550\Documents\GitHub\Terrasight-Eurosat-RGB-vs-Multispectral\data\raw\rgb\Pasture\Pasture_222.jpg,5,Pasture,5,Pasture,0.9997788071632385,True,3.4137695,17.855297
2964,C:\Users\DELL Precision 5550\Documents\GitHub\Terrasight-Eurosat-RGB-vs-Multispectral\data\raw\rgb\Residential\Residential_2246.jpg,7,Residential,7,Residential,0.997031569480896,True,-42.72277,-40.947746
2965,C:\Users\DELL Precision 5550\Documents\GitHub\Terrasight-Eurosat-RGB-vs-Multispectral\data\raw\rgb\AnnualCrop\AnnualCrop_2334.jpg,0,AnnualCrop,0,AnnualCrop,0.9985688924789429,True,37.35487,5.216441
2966,C:\Users\DELL Precision 5550\Documents\GitHub\Terrasight-Eurosat-RGB-vs-Multispectral\data\raw\rgb\SeaLake\SeaLake_2292.jpg,9,SeaLake,9,SeaLake,0.9999836683273315,True,-5.8487,65.6762
2967,C:\Users\DELL Precision 5550\Documents\GitHub\Terrasight-Eurosat-RGB-vs-Multispectral\data\raw\rgb\PermanentCrop\PermanentCrop_873.jpg,6,PermanentCrop,6,PermanentCrop,0.5252659916877747,True,4.3062115,-8.042277
2968,C:\Users\DELL Precision 5550\Documents\GitHub\Terrasight-Eurosat-RGB-vs-Multispectral\data\raw\rgb\SeaLake\SeaLake_786.jpg,9,SeaLake,9,SeaLake,0.9993096590042114,True,-4.410127,52.339184
2969,C:\Users\DELL Precision 5550\Documents\GitHub\Terrasight-Eurosat-RGB-vs-Multispectral\data\raw\rgb\HerbaceousVegetation\HerbaceousVegetation_869.jpg,2,HerbaceousVegetation,6,PermanentCrop,0.6492816805839539,False,0.8619069,-17.411955
2970,C:\Users\DELL Precision 5550\Documents\GitHub\Terrasight-Eurosat-RGB-vs-Multispectral\data\raw\rgb\Forest\Forest_2611.jpg,1,Forest,1,Forest,0.8646578788757324,True,-37.79619,27.17956
2971,C:\Users\DELL Precision 5550\Documents\GitHub\Terrasight-Eurosat-RGB-vs-Multispectral\data\raw\rgb\HerbaceousVegetation\HerbaceousVegetation_2475.jpg,2,HerbaceousVegetation,2,HerbaceousVegetation,0.9999889135360718,True,-18.765924,-12.717635
2972,C:\Users\DELL Precision 5550\Documents\GitHub\Terrasight-Eurosat-RGB-vs-Multispectral\data\raw\rgb\AnnualCrop\AnnualCrop_877.jpg,0,AnnualCrop,0,AnnualCrop,1.0,True,60.298233,7.204789
2973,C:\Users\DELL Precision 5550\Documents\GitHub\Terrasight-Eurosat-RGB-vs-Multispectral\data\raw\rgb\AnnualCrop\AnnualCrop_445.jpg,0,AnnualCrop,2,HerbaceousVegetation,0.43574491143226624,False,23.253145,4.1031427
2974,C:\Users\DELL Precision 5550\Documents\GitHub\Terrasight-Eurosat-RGB-vs-Multispectral\data\raw\rgb\AnnualCrop\AnnualCrop_831.jpg,0,AnnualCrop,0,AnnualCrop,0.9972378015518188,True,31.00513,7.529145
2975,C:\Users\DELL Precision 5550\Documents\GitHub\Terrasight-Eurosat-RGB-vs-Multispectral\data\raw\rgb\SeaLake\SeaLake_1871.jpg,9,SeaLake,9,SeaLake,0.9994328618049622,True,-1.2956387,53.552414
2976,C:\Users\DELL Precision 5550\Documents\GitHub\Terrasight-Eurosat-RGB-vs-Multispectral\data\raw\rgb\Forest\Forest_2041.jpg,1,Forest,1,Forest,1.0,True,-58.015423,15.624229
2977,C:\Users\DELL Precision 5550\Documents\GitHub\Terrasight-Eurosat-RGB-vs-Multispectral\data\raw\rgb\SeaLake\SeaLake_193.jpg,9,SeaLake,9,SeaLake,0.9999622106552124,True,-1.8272898,63.14987
2978,C:\Users\DELL Precision 5550\Documents\GitHub\Terrasight-Eurosat-RGB-vs-Multispectral\data\raw\rgb\AnnualCrop\AnnualCrop_313.jpg,0,AnnualCrop,0,AnnualCrop,0.9999983310699463,True,54.91991,5.4461956
2979,C:\Users\DELL Precision 5550\Documents\GitHub\Terrasight-Eurosat-RGB-vs-Multispectral\data\raw\rgb\HerbaceousVegetation\HerbaceousVegetation_171.jpg,2,HerbaceousVegetation,2,HerbaceousVegetation,0.9999792575836182,True,-17.495167,0.7873208
2980,C:\Users\DELL Precision 5550\Documents\GitHub\Terrasight-Eurosat-RGB-vs-Multispectral\data\raw\rgb\AnnualCrop\AnnualCrop_592.jpg,0,AnnualCrop,5,Pasture,0.8606964349746704,False,7.187055,11.989437
2981,C:\Users\DELL Precision 5550\Documents\GitHub\Terrasight-Eurosat-RGB-vs-Multispectral\data\raw\rgb\HerbaceousVegetation\HerbaceousVegetation_415.jpg,2,HerbaceousVegetation,2,HerbaceousVegetation,0.9999933242797852,True,-15.532844,-5.8431706
2982,C:\Users\DELL Precision 5550\Documents\GitHub\Terrasight-Eurosat-RGB-vs-Multispectral\data\raw\rgb\Highway\Highway_319.jpg,3,Highway,3,Highway,0.9993854761123657,True,45.81144,-29.21629
2983,C:\Users\DELL Precision 5550\Documents\GitHub\Terrasight-Eurosat-RGB-vs-Multispectral\data\raw\rgb\AnnualCrop\AnnualCrop_2930.jpg,0,AnnualCrop,0,AnnualCrop,0.9984073042869568,True,37.93429,3.8834765
2984,C:\Users\DELL Precision 5550\Documents\GitHub\Terrasight-Eurosat-RGB-vs-Multispectral\data\raw\rgb\PermanentCrop\PermanentCrop_537.jpg,6,PermanentCrop,6,PermanentCrop,0.9458804726600647,True,5.914169,-10.293082
2985,C:\Users\DELL Precision 5550\Documents\GitHub\Terrasight-Eurosat-RGB-vs-Multispectral\data\raw\rgb\Forest\Forest_2619.jpg,1,Forest,1,Forest,0.9999997615814209,True,-57.26036,12.2013
2986,C:\Users\DELL Precision 5550\Documents\GitHub\Terrasight-Eurosat-RGB-vs-Multispectral\data\raw\rgb\Industrial\Industrial_1529.jpg,4,Industrial,4,Industrial,0.999467670917511,True,8.559817,-55.867363
2987,C:\Users\DELL Precision 5550\Documents\GitHub\Terrasight-Eurosat-RGB-vs-Multispectral\data\raw\rgb\Residential\Residential_2375.jpg,7,Residential,7,Residential,0.9995819926261902,True,-40.300552,-26.924576
2988,C:\Users\DELL Precision 5550\Documents\GitHub\Terrasight-Eurosat-RGB-vs-Multispectral\data\raw\rgb\Industrial\Industrial_1606.jpg,4,Industrial,4,Industrial,0.949569046497345,True,-5.645551,-59.382
2989,C:\Users\DELL Precision 5550\Documents\GitHub\Terrasight-Eurosat-RGB-vs-Multispectral\data\raw\rgb\Highway\Highway_1642.jpg,3,Highway,3,Highway,0.997326135635376,True,34.409588,-36.45406
2990,C:\Users\DELL Precision 5550\Documents\GitHub\Terrasight-Eurosat-RGB-vs-Multispectral\data\raw\rgb\Residential\Residential_332.jpg,7,Residential,7,Residential,0.999981164932251,True,-42.90868,-34.695076
2991,C:\Users\DELL Precision 5550\Documents\GitHub\Terrasight-Eurosat-RGB-vs-Multispectral\data\raw\rgb\AnnualCrop\AnnualCrop_2836.jpg,0,AnnualCrop,0,AnnualCrop,0.9998636245727539,True,42.364845,4.184016
2992,C:\Users\DELL Precision 5550\Documents\GitHub\Terrasight-Eurosat-RGB-vs-Multispectral\data\raw\rgb\Highway\Highway_1555.jpg,3,Highway,3,Highway,0.9993970394134521,True,46.118088,-28.100853
2993,C:\Users\DELL Precision 5550\Documents\GitHub\Terrasight-Eurosat-RGB-vs-Multispectral\data\raw\rgb\Industrial\Industrial_574.jpg,4,Industrial,4,Industrial,0.9995118379592896,True,2.671643,-58.552666
2994,C:\Users\DELL Precision 5550\Documents\GitHub\Terrasight-Eurosat-RGB-vs-Multispectral\data\raw\rgb\AnnualCrop\AnnualCrop_452.jpg,0,AnnualCrop,0,AnnualCrop,0.9999995231628418,True,54.89912,7.5881996
2995,C:\Users\DELL Precision 5550\Documents\GitHub\Terrasight-Eurosat-RGB-vs-Multispectral\data\raw\rgb\PermanentCrop\PermanentCrop_1781.jpg,6,PermanentCrop,6,PermanentCrop,0.9530172944068909,True,3.7998257,-11.990922
2996,C:\Users\DELL Precision 5550\Documents\GitHub\Terrasight-Eurosat-RGB-vs-Multispectral\data\raw\rgb\AnnualCrop\AnnualCrop_1913.jpg,0,AnnualCrop,0,AnnualCrop,0.999996542930603,True,48.071102,6.668063
2997,C:\Users\DELL Precision 5550\Documents\GitHub\Terrasight-Eurosat-RGB-vs-Multispectral\data\raw\rgb\AnnualCrop\AnnualCrop_2595.jpg,0,AnnualCrop,0,AnnualCrop,0.8970323801040649,True,26.509005,3.2562144
2998,C:\Users\DELL Precision 5550\Documents\GitHub\Terrasight-Eurosat-RGB-vs-Multispectral\data\raw\rgb\Highway\Highway_1851.jpg,3,Highway,3,Highway,0.9998987913131714,True,47.962784,-26.150808
2999,C:\Users\DELL Precision 5550\Documents\GitHub\Terrasight-Eurosat-RGB-vs-Multispectral\data\raw\rgb\SeaLake\SeaLake_774.jpg,9,SeaLake,9,SeaLake,0.9998501539230347,True,-3.0764375,43.47598
