sample_index,path,true_label,true_class,predicted_label,predicted_class,confidence,correct,dim1,dim2
0,C:\Users\DELL Precision 5550\Documents\GitHub\Terrasight-Eurosat-RGB-vs-Multispectral\data\raw\rgb\AnnualCrop\AnnualCrop_2035.jpg,0,AnnualCrop,0,AnnualCrop,0.9994254112243652,True,2.5910535,13.128006
1,C:\Users\DELL Precision 5550\Documents\GitHub\Terrasight-Eurosat-RGB-vs-Multispectral\data\raw\rgb\Industrial\Industrial_926.jpg,4,Industrial,4,Industrial,0.998448371887207,True,-8.239148,1.340005
2,C:\Users\DELL Precision 5550\Documents\GitHub\Terrasight-Eurosat-RGB-vs-Multispectral\data\raw\rgb\AnnualCrop\AnnualCrop_705.jpg,0,AnnualCrop,0,AnnualCrop,0.9983653426170349,True,2.5694983,12.780903
3,C:\Users\DELL Precision 5550\Documents\GitHub\Terrasight-Eurosat-RGB-vs-Multispectral\data\raw\rgb\Forest\Forest_2954.jpg,1,Forest,1,Forest,0.9999885559082031,True,14.38082,-2.852603
4,C:\Users\DELL Precision 5550\Documents\GitHub\Terrasight-Eurosat-RGB-vs-Multispectral\data\raw\rgb\Industrial\Industrial_70.jpg,4,Industrial,4,Industrial,0.9999568462371826,True,-8.223079,1.9357396
5,C:\Users\DELL Precision 5550\Documents\GitHub\Terrasight-Eurosat-RGB-vs-Multispectral\data\raw\rgb\PermanentCrop\PermanentCrop_1176.jpg,6,PermanentCrop,6,PermanentCrop,0.9999992847442627,True,0.7912871,3.868973
6,C:\Users\DELL Precision 5550\Documents\GitHub\Terrasight-Eurosat-RGB-vs-Multispectral\data\raw\rgb\HerbaceousVegetation\HerbaceousVegetation_2302.jpg,2,HerbaceousVegetation,2,HerbaceousVegetation,0.9998749494552612,True,3.1982524,1.1297113
7,C:\Users\DELL Precision 5550\Documents\GitHub\Terrasight-Eurosat-RGB-vs-Multispectral\data\raw\rgb\Pasture\Pasture_683.jpg,5,Pasture,5,Pasture,0.9947314262390137,True,6.9815593,5.578715
8,C:\Users\DELL Precision 5550\Documents\GitHub\Terrasight-Eurosat-RGB-vs-Multispectral\data\raw\rgb\PermanentCrop\PermanentCrop_580.jpg,6,PermanentCrop,5,Pasture,0.48258328437805176,False,2.7393694,10.919784
9,C:\Users\DELL Precision 5550\Documents\GitHub\Terrasight-Eurosat-RGB-vs-Multispectral\data\raw\rgb\Pasture\Pasture_1171.jpg,5,Pasture,5,Pasture,0.9983454942703247,True,7.020562,5.1090136
10,C:\Users\DELL Precision 5550\Documents\GitHub\Terrasight-Eurosat-RGB-vs-Multispectral\data\raw\rgb\HerbaceousVegetation\HerbaceousVegetation_1929.jpg,2,HerbaceousVegetation,2,HerbaceousVegetation,0.9999898672103882,True,3.452654,-0.0227241
11,C:\Users\DELL Precision 5550\Documents\GitHub\Terrasight-Eurosat-RGB-vs-Multispectral\data\raw\rgb\SeaLake\SeaLake_1146.jpg,9,SeaLake,9,SeaLake,0.9999994039535522,True,17.356417,13.148784
12,C:\Users\DELL Precision 5550\Documents\GitHub\Terrasight-Eurosat-RGB-vs-Multispectral\data\raw\rgb\Highway\Highway_1805.jpg,3,Highway,3,Highway,0.9993388056755066,True,-0.43526158,9.672575
13,C:\Users\DELL Precision 5550\Documents\GitHub\Terrasight-Eurosat-RGB-vs-Multispectral\data\raw\rgb\Forest\Forest_947.jpg,1,Forest,1,Forest,0.9999792575836182,True,14.45511,-0.8578991
14,C:\Users\DELL Precision 5550\Documents\GitHub\Terrasight-Eurosat-RGB-vs-Multispectral\data\raw\rgb\Highway\Highway_2329.jpg,3,Highway,3,Highway,0.9999294281005859,True,-0.3739834,10.310867
15,C:\Users\DELL Precision 5550\Documents\GitHub\Terrasight-Eurosat-RGB-vs-Multispectral\data\raw\rgb\SeaLake\SeaLake_2057.jpg,9,SeaLake,9,SeaLake,0.9997952580451965,True,16.985426,13.107961
16,C:\Users\DELL Precision 5550\Documents\GitHub\Terrasight-Eurosat-RGB-vs-Multispectral\data\raw\rgb\AnnualCrop\AnnualCrop_1674.jpg,0,AnnualCrop,0,AnnualCrop,0.9999872446060181,True,2.401646,14.445641
17,C:\Users\DELL Precision 5550\Documents\GitHub\Terrasight-Eurosat-RGB-vs-Multispectral\data\raw\rgb\SeaLake\SeaLake_1387.jpg,9,SeaLake,9,SeaLake,0.9999765157699585,True,17.179918,13.147128
18,C:\Users\DELL Precision 5550\Documents\GitHub\Terrasight-Eurosat-RGB-vs-Multispectral\data\raw\rgb\Forest\Forest_1109.jpg,1,Forest,1,Forest,0.8271496891975403,True,13.717909,-0.67581886
19,C:\Users\DELL Precision 5550\Documents\GitHub\Terrasight-Eurosat-RGB-vs-Multispectral\data\raw\rgb\AnnualCrop\AnnualCrop_799.jpg,0,AnnualCrop,0,AnnualCrop,0.8892436623573303,True,3.5059178,11.346069
20,C:\Users\DELL Precision 5550\Documents\GitHub\Terrasight-Eurosat-RGB-vs-Multispectral\data\raw\rgb\AnnualCrop\AnnualCrop_2030.jpg,0,AnnualCrop,0,AnnualCrop,0.9960193037986755,True,3.0401187,12.002987
21,C:\Users\DELL Precision 5550\Documents\GitHub\Terrasight-Eurosat-RGB-vs-Multispectral\data\raw\rgb\SeaLake\SeaLake_2697.jpg,9,SeaLake,9,SeaLake,0.9999995231628418,True,17.34707,13.153822
22,C:\Users\DELL Precision 5550\Documents\GitHub\Terrasight-Eurosat-RGB-vs-Multispectral\data\raw\rgb\AnnualCrop\AnnualCrop_922.jpg,0,AnnualCrop,0,AnnualCrop,0.9999831914901733,True,2.2115798,14.955555
23,C:\Users\DELL Precision 5550\Documents\GitHub\Terrasight-Eurosat-RGB-vs-Multispectral\data\raw\rgb\HerbaceousVegetation\HerbaceousVegetation_2337.jpg,2,HerbaceousVegetation,2,HerbaceousVegetation,0.9705572724342346,True,3.5084796,1.01526
24,C:\Users\DELL Precision 5550\Documents\GitHub\Terrasight-Eurosat-RGB-vs-Multispectral\data\raw\rgb\Pasture\Pasture_18.jpg,5,Pasture,5,Pasture,0.9994361996650696,True,7.3064237,5.3296943
25,C:\Users\DELL Precision 5550\Documents\GitHub\Terrasight-Eurosat-RGB-vs-Multispectral\data\raw\rgb\Industrial\Industrial_1837.jpg,4,Industrial,4,Industrial,0.9880177974700928,True,-6.9009433,1.4158152
26,C:\Users\DELL Precision 5550\Documents\GitHub\Terrasight-Eurosat-RGB-vs-Multispectral\data\raw\rgb\SeaLake\SeaLake_376.jpg,9,SeaLake,9,SeaLake,0.999961256980896,True,17.306536,12.495761
27,C:\Users\DELL Precision 5550\Documents\GitHub\Terrasight-Eurosat-RGB-vs-Multispectral\data\raw\rgb\Residential\Residential_1129.jpg,7,Residential,7,Residential,0.9999737739562988,True,-6.611062,-4.5077744
28,C:\Users\DELL Precision 5550\Documents\GitHub\Terrasight-Eurosat-RGB-vs-Multispectral\data\raw\rgb\HerbaceousVegetation\HerbaceousVegetation_2853.jpg,2,HerbaceousVegetation,2,HerbaceousVegetation,0.9985432624816895,True,3.135129,1.415783
29,C:\Users\DELL Precision 5550\Documents\GitHub\Terrasight-Eurosat-RGB-vs-Multispectral\data\raw\rgb\PermanentCrop\PermanentCrop_1680.jpg,6,PermanentCrop,6,PermanentCrop,0.7347877621650696,True,2.1817608,2.9607193
30,C:\Users\DELL Precision 5550\Documents\GitHub\Terrasight-Eurosat-RGB-vs-Multispectral\data\raw\rgb\Residential\Residential_2920.jpg,7,Residential,7,Residential,0.9081352353096008,True,-5.140583,-2.3054166
31,C:\Users\DELL Precision 5550\Documents\GitHub\Terrasight-Eurosat-RGB-vs-Multispectral\data\raw\rgb\SeaLake\SeaLake_859.jpg,9,SeaLake,9,SeaLake,0.985610842704773,True,15.675604,10.825089
32,C:\Users\DELL Precision 5550\Documents\GitHub\Terrasight-Eurosat-RGB-vs-Multispectral\data\raw\rgb\PermanentCrop\PermanentCrop_2348.jpg,6,PermanentCrop,6,PermanentCrop,0.9997290968894958,True,1.5594944,4.7437487
33,C:\Users\DELL Precision 5550\Documents\GitHub\Terrasight-Eurosat-RGB-vs-Multispectral\data\raw\rgb\PermanentCrop\PermanentCrop_1643.jpg,6,PermanentCrop,2,HerbaceousVegetation,0.9426368474960327,False,3.3183746,3.6790595
34,C:\Users\DELL Precision 5550\Documents\GitHub\Terrasight-Eurosat-RGB-vs-Multispectral\data\raw\rgb\Forest\Forest_2229.jpg,1,Forest,1,Forest,0.9999337196350098,True,14.007503,-2.6267953
35,C:\Users\DELL Precision 5550\Documents\GitHub\Terrasight-Eurosat-RGB-vs-Multispectral\data\raw\rgb\River\River_555.jpg,8,River,8,River,0.9999489784240723,True,5.2691684,10.693182
36,C:\Users\DELL Precision 5550\Documents\GitHub\Terrasight-Eurosat-RGB-vs-Multispectral\data\raw\rgb\Highway\Highway_1344.jpg,3,Highway,3,Highway,0.9937199354171753,True,-0.53319955,10.00811
37,C:\Users\DELL Precision 5550\Documents\GitHub\Terrasight-Eurosat-RGB-vs-Multispectral\data\raw\rgb\Industrial\Industrial_1198.jpg,4,Industrial,4,Industrial,0.9997462630271912,True,-8.937309,1.5859789
38,C:\Users\DELL Precision 5550\Documents\GitHub\Terrasight-Eurosat-RGB-vs-Multispectral\data\raw\rgb\Pasture\Pasture_1196.jpg,5,Pasture,0,AnnualCrop,0.4585709869861603,False,6.442951,5.15629
39,C:\Users\DELL Precision 5550\Documents\GitHub\Terrasight-Eurosat-RGB-vs-Multispectral\data\raw\rgb\Industrial\Industrial_2004.jpg,4,Industrial,4,Industrial,0.9984630346298218,True,-7.284396,1.6531101
40,C:\Users\DELL Precision 5550\Documents\GitHub\Terrasight-Eurosat-RGB-vs-Multispectral\data\raw\rgb\HerbaceousVegetation\HerbaceousVegetation_2584.jpg,2,HerbaceousVegetation,2,HerbaceousVegetation,0.9927155375480652,True,4.320722,1.1640828
41,C:\Users\DELL Precision 5550\Documents\GitHub\Terrasight-Eurosat-RGB-vs-Multispectral\data\raw\rgb\Forest\Forest_2101.jpg,1,Forest,1,Forest,0.9996448755264282,True,14.095787,-1.2676212
42,C:\Users\DELL Precision 5550\Documents\GitHub\Terrasight-Eurosat-RGB-vs-Multispectral\data\raw\rgb\AnnualCrop\AnnualCrop_565.jpg,0,AnnualCrop,0,AnnualCrop,0.9999966621398926,True,2.464413,14.668061
43,C:\Users\DELL Precision 5550\Documents\GitHub\Terrasight-Eurosat-RGB-vs-Multispectral\data\raw\rgb\AnnualCrop\AnnualCrop_2984.jpg,0,AnnualCrop,0,AnnualCrop,0.9983657002449036,True,2.7200959,12.957645
44,C:\Users\DELL Precision 5550\Documents\GitHub\Terrasight-Eurosat-RGB-vs-Multispectral\data\raw\rgb\Highway\Highway_1130.jpg,3,Highway,3,Highway,0.9772257208824158,True,-0.030939654,9.37273
45,C:\Users\DELL Precision 5550\Documents\GitHub\Terrasight-Eurosat-RGB-vs-Multispectral\data\raw\rgb\HerbaceousVegetation\HerbaceousVegetation_2698.jpg,2,HerbaceousVegetation,2,HerbaceousVegetation,0.9938620328903198,True,4.035264,1.5951035
46,C:\Users\DELL Precision 5550\Documents\GitHub\Terrasight-Eurosat-RGB-vs-Multispectral\data\raw\rgb\Forest\Forest_1045.jpg,1,Forest,1,Forest,0.9999988079071045,True,14.407014,-2.3885746
47,C:\Users\DELL Precision 5550\Documents\GitHub\Terrasight-Eurosat-RGB-vs-Multispectral\data\raw\rgb\SeaLake\SeaLake_2979.jpg,9,SeaLake,9,SeaLake,0.9998904466629028,True,16.639923,10.2698965
48,C:\Users\DELL Precision 5550\Documents\GitHub\Terrasight-Eurosat-RGB-vs-Multispectral\data\raw\rgb\Highway\Highway_491.jpg,3,Highway,3,Highway,0.997083842754364,True,0.121631175,10.475019
49,C:\Users\DELL Precision 5550\Documents\GitHub\Terrasight-Eurosat-RGB-vs-Multispectral\data\raw\rgb\HerbaceousVegetation\HerbaceousVegetation_832.jpg,2,HerbaceousVegetation,2,HerbaceousVegetation,0.9991554021835327,True,4.51812,0.550043
50,C:\Users\DELL Precision 5550\Documents\GitHub\Terrasight-Eurosat-RGB-vs-Multispectral\data\raw\rgb\Forest\Forest_1.jpg,1,Forest,1,Forest,0.9998494386672974,True,13.343478,-1.7028514
51,C:\Users\DELL Precision 5550\Documents\GitHub\Terrasight-Eurosat-RGB-vs-Multispectral\data\raw\rgb\River\River_651.jpg,8,River,8,River,0.3275427520275116,True,3.77188,11.113389
52,C:\Users\DELL Precision 5550\Documents\GitHub\Terrasight-Eurosat-RGB-vs-Multispectral\data\raw\rgb\AnnualCrop\AnnualCrop_2833.jpg,0,AnnualCrop,0,AnnualCrop,0.9999629259109497,True,2.6958275,15.473225
53,C:\Users\DELL Precision 5550\Documents\GitHub\Terrasight-Eurosat-RGB-vs-Multispectral\data\raw\rgb\Residential\Residential_478.jpg,7,Residential,4,Industrial,0.6489571928977966,False,-5.940743,-2.3453197
54,C:\Users\DELL Precision 5550\Documents\GitHub\Terrasight-Eurosat-RGB-vs-Multispectral\data\raw\rgb\HerbaceousVegetation\HerbaceousVegetation_773.jpg,2,HerbaceousVegetation,2,HerbaceousVegetation,0.6890020966529846,True,2.792191,2.737724
55,C:\Users\DELL Precision 5550\Documents\GitHub\Terrasight-Eurosat-RGB-vs-Multispectral\data\raw\rgb\AnnualCrop\AnnualCrop_2516.jpg,0,AnnualCrop,0,AnnualCrop,0.9999655485153198,True,2.7098248,14.397572
56,C:\Users\DELL Precision 5550\Documents\GitHub\Terrasight-Eurosat-RGB-vs-Multispectral\data\raw\rgb\HerbaceousVegetation\HerbaceousVegetation_396.jpg,2,HerbaceousVegetation,2,HerbaceousVegetation,0.9994980096817017,True,3.961519,0.5588378
57,C:\Users\DELL Precision 5550\Documents\GitHub\Terrasight-Eurosat-RGB-vs-Multispectral\data\raw\rgb\AnnualCrop\AnnualCrop_2533.jpg,0,AnnualCrop,0,AnnualCrop,0.7097261548042297,True,2.5622053,12.353027
58,C:\Users\DELL Precision 5550\Documents\GitHub\Terrasight-Eurosat-RGB-vs-Multispectral\data\raw\rgb\AnnualCrop\AnnualCrop_978.jpg,0,AnnualCrop,0,AnnualCrop,0.9894774556159973,True,2.6685758,12.048335
59,C:\Users\DELL Precision 5550\Documents\GitHub\Terrasight-Eurosat-RGB-vs-Multispectral\data\raw\rgb\AnnualCrop\AnnualCrop_2711.jpg,0,AnnualCrop,0,AnnualCrop,0.936809241771698,True,3.1167274,12.052347
60,C:\Users\DELL Precision 5550\Documents\GitHub\Terrasight-Eurosat-RGB-vs-Multispectral\data\raw\rgb\PermanentCrop\PermanentCrop_1131.jpg,6,PermanentCrop,6,PermanentCrop,0.9922924041748047,True,2.4768317,3.6865633
61,C:\Users\DELL Precision 5550\Documents\GitHub\Terrasight-Eurosat-RGB-vs-Multispectral\data\raw\rgb\Industrial\Industrial_1196.jpg,4,Industrial,4,Industrial,0.8219112753868103,True,-7.187765,2.0379093
62,C:\Users\DELL Precision 5550\Documents\GitHub\Terrasight-Eurosat-RGB-vs-Multispectral\data\raw\rgb\River\River_606.jpg,8,River,3,Highway,0.6095776557922363,False,0.6830714,10.048751
63,C:\Users\DELL Precision 5550\Documents\GitHub\Terrasight-Eurosat-RGB-vs-Multispectral\data\raw\rgb\PermanentCrop\PermanentCrop_417.jpg,6,PermanentCrop,2,HerbaceousVegetation,0.5436569452285767,False,2.7777724,3.4976583
64,C:\Users\DELL Precision 5550\Documents\GitHub\Terrasight-Eurosat-RGB-vs-Multispectral\data\raw\rgb\Industrial\Industrial_1540.jpg,4,Industrial,4,Industrial,0.9923973679542542,True,-7.1641273,1.6026037
65,C:\Users\DELL Precision 5550\Documents\GitHub\Terrasight-Eurosat-RGB-vs-Multispectral\data\raw\rgb\Forest\Forest_573.jpg,1,Forest,1,Forest,0.9997765421867371,True,14.512022,-2.21245
66,C:\Users\DELL Precision 5550\Documents\GitHub\Terrasight-Eurosat-RGB-vs-Multispectral\data\raw\rgb\SeaLake\SeaLake_336.jpg,9,SeaLake,9,SeaLake,0.9999366998672485,True,15.995135,10.434145
67,C:\Users\DELL Precision 5550\Documents\GitHub\Terrasight-Eurosat-RGB-vs-Multispectral\data\raw\rgb\River\River_1798.jpg,8,River,8,River,0.9999985694885254,True,6.0551987,10.689458
68,C:\Users\DELL Precision 5550\Documents\GitHub\Terrasight-Eurosat-RGB-vs-Multispectral\data\raw\rgb\SeaLake\SeaLake_2426.jpg,9,SeaLake,9,SeaLake,0.999723494052887,True,17.073997,11.640019
69,C:\Users\DELL Precision 5550\Documents\GitHub\Terrasight-Eurosat-RGB-vs-Multispectral\data\raw\rgb\Forest\Forest_88.jpg,1,Forest,1,Forest,0.9999983310699463,True,14.6148205,-2.2420645
70,C:\Users\DELL Precision 5550\Documents\GitHub\Terrasight-Eurosat-RGB-vs-Multispectral\data\raw\rgb\Forest\Forest_1323.jpg,1,Forest,1,Forest,0.9999785423278809,True,14.380111,-1.7752594
71,C:\Users\DELL Precision 5550\Documents\GitHub\Terrasight-Eurosat-RGB-vs-Multispectral\data\raw\rgb\SeaLake\SeaLake_1936.jpg,9,SeaLake,9,SeaLake,0.9999579191207886,True,17.309212,12.831417
72,C:\Users\DELL Precision 5550\Documents\GitHub\Terrasight-Eurosat-RGB-vs-Multispectral\data\raw\rgb\Residential\Residential_397.jpg,7,Residential,7,Residential,0.9999737739562988,True,-5.6494884,-4.249048
73,C:\Users\DELL Precision 5550\Documents\GitHub\Terrasight-Eurosat-RGB-vs-Multispectral\data\raw\rgb\Residential\Residential_1747.jpg,7,Residential,7,Residential,0.8247037529945374,True,-5.1731334,-2.2848732
74,C:\Users\DELL Precision 5550\Documents\GitHub\Terrasight-Eurosat-RGB-vs-Multispectral\data\raw\rgb\Pasture\Pasture_1033.jpg,5,Pasture,5,Pasture,0.9983543157577515,True,7.080682,5.5687776
75,C:\Users\DELL Precision 5550\Documents\GitHub\Terrasight-Eurosat-RGB-vs-Multispectral\data\raw\rgb\Highway\Highway_1062.jpg,3,Highway,3,Highway,0.9999996423721313,True,-1.5251398,10.637415
76,C:\Users\DELL Precision 5550\Documents\GitHub\Terrasight-Eurosat-RGB-vs-Multispectral\data\raw\rgb\Pasture\Pasture_547.jpg,5,Pasture,5,Pasture,0.9999904632568359,True,10.310371,7.787537
77,C:\Users\DELL Precision 5550\Documents\GitHub\Terrasight-Eurosat-RGB-vs-Multispectral\data\raw\rgb\SeaLake\SeaLake_1902.jpg,9,SeaLake,9,SeaLake,0.9999995231628418,True,17.34261,13.193891
78,C:\Users\DELL Precision 5550\Documents\GitHub\Terrasight-Eurosat-RGB-vs-Multispectral\data\raw\rgb\Residential\Residential_1071.jpg,7,Residential,7,Residential,0.9981780052185059,True,-5.053813,-2.777108
79,C:\Users\DELL Precision 5550\Documents\GitHub\Terrasight-Eurosat-RGB-vs-Multispectral\data\raw\rgb\PermanentCrop\PermanentCrop_542.jpg,6,PermanentCrop,6,PermanentCrop,0.9672626852989197,True,1.8326608,4.924073
80,C:\Users\DELL Precision 5550\Documents\GitHub\Terrasight-Eurosat-RGB-vs-Multispectral\data\raw\rgb\SeaLake\SeaLake_1554.jpg,9,SeaLake,9,SeaLake,0.9996953010559082,True,16.685316,10.439762
81,C:\Users\DELL Precision 5550\Documents\GitHub\Terrasight-Eurosat-RGB-vs-Multispectral\data\raw\rgb\Residential\Residential_27.jpg,7,Residential,7,Residential,0.9973249435424805,True,-5.7032347,-3.053924
82,C:\Users\DELL Precision 5550\Documents\GitHub\Terrasight-Eurosat-RGB-vs-Multispectral\data\raw\rgb\SeaLake\SeaLake_630.jpg,9,SeaLake,9,SeaLake,0.9986090064048767,True,16.899635,11.339872
83,C:\Users\DELL Precision 5550\Documents\GitHub\Terrasight-Eurosat-RGB-vs-Multispectral\data\raw\rgb\AnnualCrop\AnnualCrop_618.jpg,0,AnnualCrop,0,AnnualCrop,0.9999983310699463,True,2.2550359,14.40987
84,C:\Users\DELL Precision 5550\Documents\GitHub\Terrasight-Eurosat-RGB-vs-Multispectral\data\raw\rgb\HerbaceousVegetation\HerbaceousVegetation_290.jpg,2,HerbaceousVegetation,2,HerbaceousVegetation,0.971344530582428,True,3.2476945,1.9336897
85,C:\Users\DELL Precision 5550\Documents\GitHub\Terrasight-Eurosat-RGB-vs-Multispectral\data\raw\rgb\River\River_550.jpg,8,River,8,River,0.9993301630020142,True,5.4207635,10.398172
86,C:\Users\DELL Precision 5550\Documents\GitHub\Terrasight-Eurosat-RGB-vs-Multispectral\data\raw\rgb\HerbaceousVegetation\HerbaceousVegetation_2626.jpg,2,HerbaceousVegetation,2,HerbaceousVegetation,0.9999982118606567,True,3.238729,0.09537768
87,C:\Users\DELL Precision 5550\Documents\GitHub\Terrasight-Eurosat-RGB-vs-Multispectral\data\raw\rgb\Highway\Highway_2174.jpg,3,Highway,3,Highway,0.9458616971969604,True,-0.092908695,9.906413
88,C:\Users\DELL Precision 5550\Documents\GitHub\Terrasight-Eurosat-RGB-vs-Multispectral\data\raw\rgb\Residential\Residential_669.jpg,7,Residential,7,Residential,0.9998213648796082,True,-6.413563,-3.8973696
89,C:\Users\DELL Precision 5550\Documents\GitHub\Terrasight-Eurosat-RGB-vs-Multispectral\data\raw\rgb\HerbaceousVegetation\HerbaceousVegetation_450.jpg,2,HerbaceousVegetation,2,HerbaceousVegetation,0.9999953508377075,True,4.0988226,0.9188295
90,C:\Users\DELL Precision 5550\Documents\GitHub\Terrasight-Eurosat-RGB-vs-Multispectral\data\raw\rgb\SeaLake\SeaLake_2880.jpg,9,SeaLake,9,SeaLake,0.9999984502792358,True,17.333977,13.063012
91,C:\Users\DELL Precision 5550\Documents\GitHub\Terrasight-Eurosat-RGB-vs-Multispectral\data\raw\rgb\Residential\Residential_2641.jpg,7,Residential,7,Residential,0.9999978542327881,True,-6.274635,-4.834105
92,C:\Users\DELL Precision 5550\Documents\GitHub\Terrasight-Eurosat-RGB-vs-Multispectral\data\raw\rgb\HerbaceousVegetation\HerbaceousVegetation_330.jpg,2,HerbaceousVegetation,2,HerbaceousVegetation,0.9999790191650391,True,4.130135,0.96552396
93,C:\Users\DELL Precision 5550\Documents\GitHub\Terrasight-Eurosat-RGB-vs-Multispectral\data\raw\rgb\AnnualCrop\AnnualCrop_1411.jpg,0,AnnualCrop,0,AnnualCrop,1.0,True,2.5621958,16.127092
94,C:\Users\DELL Precision 5550\Documents\GitHub\Terrasight-Eurosat-RGB-vs-Multispectral\data\raw\rgb\SeaLake\SeaLake_1301.jpg,9,SeaLake,9,SeaLake,0.9998435974121094,True,16.712635,10.422474
95,C:\Users\DELL Precision 5550\Documents\GitHub\Terrasight-Eurosat-RGB-vs-Multispectral\data\raw\rgb\PermanentCrop\PermanentCrop_1221.jpg,6,PermanentCrop,6,PermanentCrop,0.8545190691947937,True,2.7201436,4.418419
96,C:\Users\DELL Precision 5550\Documents\GitHub\Terrasight-Eurosat-RGB-vs-Multispectral\data\raw\rgb\River\River_840.jpg,8,River,8,River,0.9999369382858276,True,5.410518,10.497975
97,C:\Users\DELL Precision 5550\Documents\GitHub\Terrasight-Eurosat-RGB-vs-Multispectral\data\raw\rgb\Industrial\Industrial_283.jpg,4,Industrial,4,Industrial,0.9832513332366943,True,-7.0430403,1.3505995
98,C:\Users\DELL Precision 5550\Documents\GitHub\Terrasight-Eurosat-RGB-vs-Multispectral\data\raw\rgb\River\River_542.jpg,8,River,8,River,0.985650360584259,True,4.8614774,10.081191
99,C:\Users\DELL Precision 5550\Documents\GitHub\Terrasight-Eurosat-RGB-vs-Multispectral\data\raw\rgb\HerbaceousVegetation\HerbaceousVegetation_2820.jpg,2,HerbaceousVegetation,2,HerbaceousVegetation,0.9998028874397278,True,4.688535,0.76362616
100,C:\Users\DELL Precision 5550\Documents\GitHub\Terrasight-Eurosat-RGB-vs-Multispectral\data\raw\rgb\Pasture\Pasture_1481.jpg,5,Pasture,2,HerbaceousVegetation,0.9059150815010071,False,5.9133162,4.6631107
101,C:\Users\DELL Precision 5550\Documents\GitHub\Terrasight-Eurosat-RGB-vs-Multispectral\data\raw\rgb\River\River_1117.jpg,8,River,8,River,0.9997811913490295,True,5.8772664,10.758238
102,C:\Users\DELL Precision 5550\Documents\GitHub\Terrasight-Eurosat-RGB-vs-Multispectral\data\raw\rgb\PermanentCrop\PermanentCrop_813.jpg,6,PermanentCrop,2,HerbaceousVegetation,0.43569067120552063,False,3.1098022,4.037058
103,C:\Users\DELL Precision 5550\Documents\GitHub\Terrasight-Eurosat-RGB-vs-Multispectral\data\raw\rgb\Residential\Residential_730.jpg,7,Residential,7,Residential,0.9999985694885254,True,-6.331586,-4.904994
104,C:\Users\DELL Precision 5550\Documents\GitHub\Terrasight-Eurosat-RGB-vs-Multispectral\data\raw\rgb\HerbaceousVegetation\HerbaceousVegetation_363.jpg,2,HerbaceousVegetation,2,HerbaceousVegetation,0.9997202754020691,True,3.2244031,1.1893039
105,C:\Users\DELL Precision 5550\Documents\GitHub\Terrasight-Eurosat-RGB-vs-Multispectral\data\raw\rgb\Industrial\Industrial_2331.jpg,4,Industrial,4,Industrial,0.9976492524147034,True,-7.602316,1.2304667
106,C:\Users\DELL Precision 5550\Documents\GitHub\Terrasight-Eurosat-RGB-vs-Multispectral\data\raw\rgb\SeaLake\SeaLake_47.jpg,9,SeaLake,9,SeaLake,0.999968409538269,True,17.319296,12.37956
107,C:\Users\DELL Precision 5550\Documents\GitHub\Terrasight-Eurosat-RGB-vs-Multispectral\data\raw\rgb\Residential\Residential_2368.jpg,7,Residential,7,Residential,0.9984760880470276,True,-5.54507,-3.8707497
108,C:\Users\DELL Precision 5550\Documents\GitHub\Terrasight-Eurosat-RGB-vs-Multispectral\data\raw\rgb\Forest\Forest_397.jpg,1,Forest,1,Forest,0.9999585151672363,True,14.648943,-2.3922482
109,C:\Users\DELL Precision 5550\Documents\GitHub\Terrasight-Eurosat-RGB-vs-Multispectral\data\raw\rgb\SeaLake\SeaLake_1996.jpg,9,SeaLake,9,SeaLake,0.9999721050262451,True,17.277496,12.962668
110,C:\Users\DELL Precision 5550\Documents\GitHub\Terrasight-Eurosat-RGB-vs-Multispectral\data\raw\rgb\SeaLake\SeaLake_303.jpg,9,SeaLake,9,SeaLake,0.9951736330986023,True,15.705123,11.416152
111,C:\Users\DELL Precision 5550\Documents\GitHub\Terrasight-Eurosat-RGB-vs-Multispectral\data\raw\rgb\PermanentCrop\PermanentCrop_1321.jpg,6,PermanentCrop,6,PermanentCrop,0.9998008608818054,True,1.8269006,4.1239805
112,C:\Users\DELL Precision 5550\Documents\GitHub\Terrasight-Eurosat-RGB-vs-Multispectral\data\raw\rgb\PermanentCrop\PermanentCrop_2366.jpg,6,PermanentCrop,6,PermanentCrop,0.9976720213890076,True,2.068509,3.5076823
113,C:\Users\DELL Precision 5550\Documents\GitHub\Terrasight-Eurosat-RGB-vs-Multispectral\data\raw\rgb\Industrial\Industrial_1754.jpg,4,Industrial,4,Industrial,0.9989209175109863,True,-8.092092,1.1928924
114,C:\Users\DELL Precision 5550\Documents\GitHub\Terrasight-Eurosat-RGB-vs-Multispectral\data\raw\rgb\PermanentCrop\PermanentCrop_428.jpg,6,PermanentCrop,6,PermanentCrop,0.9986292123794556,True,1.4885913,4.8392544
115,C:\Users\DELL Precision 5550\Documents\GitHub\Terrasight-Eurosat-RGB-vs-Multispectral\data\raw\rgb\SeaLake\SeaLake_251.jpg,9,SeaLake,9,SeaLake,0.9998326301574707,True,17.161173,11.999168
116,C:\Users\DELL Precision 5550\Documents\GitHub\Terrasight-Eurosat-RGB-vs-Multispectral\data\raw\rgb\Forest\Forest_1003.jpg,1,Forest,1,Forest,1.0,True,14.544569,-3.040321
117,C:\Users\DELL Precision 5550\Documents\GitHub\Terrasight-Eurosat-RGB-vs-Multispectral\data\raw\rgb\HerbaceousVegetation\HerbaceousVegetation_1595.jpg,2,HerbaceousVegetation,2,HerbaceousVegetation,0.9998953342437744,True,3.6254106,-0.051371306
118,C:\Users\DELL Precision 5550\Documents\GitHub\Terrasight-Eurosat-RGB-vs-Multispectral\data\raw\rgb\Highway\Highway_1891.jpg,3,Highway,3,Highway,0.9999221563339233,True,-0.58735764,9.437978
119,C:\Users\DELL Precision 5550\Documents\GitHub\Terrasight-Eurosat-RGB-vs-Multispectral\data\raw\rgb\HerbaceousVegetation\HerbaceousVegetation_305.jpg,2,HerbaceousVegetation,2,HerbaceousVegetation,0.9999896287918091,True,3.7950647,-0.034027927
120,C:\Users\DELL Precision 5550\Documents\GitHub\Terrasight-Eurosat-RGB-vs-Multispectral\data\raw\rgb\SeaLake\SeaLake_2515.jpg,9,SeaLake,9,SeaLake,0.9998050332069397,True,16.492895,12.60167
121,C:\Users\DELL Precision 5550\Documents\GitHub\Terrasight-Eurosat-RGB-vs-Multispectral\data\raw\rgb\Forest\Forest_2967.jpg,1,Forest,1,Forest,0.9999691247940063,True,14.141208,-1.9322938
122,C:\Users\DELL Precision 5550\Documents\GitHub\Terrasight-Eurosat-RGB-vs-Multispectral\data\raw\rgb\AnnualCrop\AnnualCrop_369.jpg,0,AnnualCrop,0,AnnualCrop,0.995682954788208,True,2.5088866,12.627705
123,C:\Users\DELL Precision 5550\Documents\GitHub\Terrasight-Eurosat-RGB-vs-Multispectral\data\raw\rgb\AnnualCrop\AnnualCrop_2076.jpg,0,AnnualCrop,0,AnnualCrop,0.9999376535415649,True,2.516408,14.037813
124,C:\Users\DELL Precision 5550\Documents\GitHub\Terrasight-Eurosat-RGB-vs-Multispectral\data\raw\rgb\PermanentCrop\PermanentCrop_1387.jpg,6,PermanentCrop,6,PermanentCrop,0.9923310279846191,True,2.5075479,4.389269
125,C:\Users\DELL Precision 5550\Documents\GitHub\Terrasight-Eurosat-RGB-vs-Multispectral\data\raw\rgb\AnnualCrop\AnnualCrop_1485.jpg,0,AnnualCrop,0,AnnualCrop,0.6808586120605469,True,2.6313608,11.701139
126,C:\Users\DELL Precision 5550\Documents\GitHub\Terrasight-Eurosat-RGB-vs-Multispectral\data\raw\rgb\AnnualCrop\AnnualCrop_525.jpg,0,AnnualCrop,0,AnnualCrop,0.9999709129333496,True,2.2371323,14.03335
127,C:\Users\DELL Precision 5550\Documents\GitHub\Terrasight-Eurosat-RGB-vs-Multispectral\data\raw\rgb\River\River_1279.jpg,8,River,8,River,0.9999115467071533,True,5.2928605,10.49747
128,C:\Users\DELL Precision 5550\Documents\GitHub\Terrasight-Eurosat-RGB-vs-Multispectral\data\raw\rgb\Forest\Forest_579.jpg,1,Forest,1,Forest,0.9999998807907104,True,14.322621,-3.2043374
129,C:\Users\DELL Precision 5550\Documents\GitHub\Terrasight-Eurosat-RGB-vs-Multispectral\data\raw\rgb\River\River_1023.jpg,8,River,8,River,0.9588230848312378,True,4.5130744,10.357412
130,C:\Users\DELL Precision 5550\Documents\GitHub\Terrasight-Eurosat-RGB-vs-Multispectral\data\raw\rgb\Forest\Forest_1071.jpg,1,Forest,1,Forest,0.9995138645172119,True,14.563937,-2.526647
131,C:\Users\DELL Precision 5550\Documents\GitHub\Terrasight-Eurosat-RGB-vs-Multispectral\data\raw\rgb\Forest\Forest_2550.jpg,1,Forest,1,Forest,0.9995410442352295,True,13.200259,-1.1857105
132,C:\Users\DELL Precision 5550\Documents\GitHub\Terrasight-Eurosat-RGB-vs-Multispectral\data\raw\rgb\SeaLake\SeaLake_2823.jpg,9,SeaLake,9,SeaLake,0.9960719347000122,True,15.713018,11.471379
133,C:\Users\DELL Precision 5550\Documents\GitHub\Terrasight-Eurosat-RGB-vs-Multispectral\data\raw\rgb\AnnualCrop\AnnualCrop_1795.jpg,0,AnnualCrop,0,AnnualCrop,0.9994582533836365,True,2.4929717,14.088298
134,C:\Users\DELL Precision 5550\Documents\GitHub\Terrasight-Eurosat-RGB-vs-Multispectral\data\raw\rgb\Industrial\Industrial_111.jpg,4,Industrial,4,Industrial,0.9975213408470154,True,-7.1247377,1.4633497
135,C:\Users\DELL Precision 5550\Documents\GitHub\Terrasight-Eurosat-RGB-vs-Multispectral\data\raw\rgb\PermanentCrop\PermanentCrop_1870.jpg,6,PermanentCrop,6,PermanentCrop,0.8564798831939697,True,2.340116,5.015165
136,C:\Users\DELL Precision 5550\Documents\GitHub\Terrasight-Eurosat-RGB-vs-Multispectral\data\raw\rgb\SeaLake\SeaLake_1110.jpg,9,SeaLake,9,SeaLake,0.9989954829216003,True,15.8773985,11.669075
137,C:\Users\DELL Precision 5550\Documents\GitHub\Terrasight-Eurosat-RGB-vs-Multispectral\data\raw\rgb\AnnualCrop\AnnualCrop_2024.jpg,0,AnnualCrop,0,AnnualCrop,0.9492970705032349,True,2.5251052,12.736042
138,C:\Users\DELL Precision 5550\Documents\GitHub\Terrasight-Eurosat-RGB-vs-Multispectral\data\raw\rgb\River\River_1005.jpg,8,River,8,River,0.9999940395355225,True,6.309549,10.664508
139,C:\Users\DELL Precision 5550\Documents\GitHub\Terrasight-Eurosat-RGB-vs-Multispectral\data\raw\rgb\Highway\Highway_454.jpg,3,Highway,3,Highway,0.999974250793457,True,-1.0612193,10.430601
140,C:\Users\DELL Precision 5550\Documents\GitHub\Terrasight-Eurosat-RGB-vs-Multispectral\data\raw\rgb\Forest\Forest_2261.jpg,1,Forest,1,Forest,0.9988400340080261,True,13.235174,-1.7687572
141,C:\Users\DELL Precision 5550\Documents\GitHub\Terrasight-Eurosat-RGB-vs-Multispectral\data\raw\rgb\PermanentCrop\PermanentCrop_86.jpg,6,PermanentCrop,6,PermanentCrop,0.9999996423721313,True,0.8466738,3.9646165
142,C:\Users\DELL Precision 5550\Documents\GitHub\Terrasight-Eurosat-RGB-vs-Multispectral\data\raw\rgb\River\River_140.jpg,8,River,8,River,0.9186925888061523,True,3.9612062,10.844731
143,C:\Users\DELL Precision 5550\Documents\GitHub\Terrasight-Eurosat-RGB-vs-Multispectral\data\raw\rgb\Industrial\Industrial_173.jpg,4,Industrial,4,Industrial,0.999009370803833,True,-7.448537,1.622829
144,C:\Users\DELL Precision 5550\Documents\GitHub\Terrasight-Eurosat-RGB-vs-Multispectral\data\raw\rgb\Forest\Forest_2705.jpg,1,Forest,1,Forest,0.9464784264564514,True,13.58401,-0.46468812
145,C:\Users\DELL Precision 5550\Documents\GitHub\Terrasight-Eurosat-RGB-vs-Multispectral\data\raw\rgb\River\River_1331.jpg,8,River,8,River,0.9964391589164734,True,4.862419,10.936801
146,C:\Users\DELL Precision 5550\Documents\GitHub\Terrasight-Eurosat-RGB-vs-Multispectral\data\raw\rgb\Industrial\Industrial_625.jpg,4,Industrial,4,Industrial,0.9980046153068542,True,-8.081593,1.2759573
147,C:\Users\DELL Precision 5550\Documents\GitHub\Terrasight-Eurosat-RGB-vs-Multispectral\data\raw\rgb\Pasture\Pasture_458.jpg,5,Pasture,5,Pasture,0.9938925504684448,True,6.62958,5.179191
148,C:\Users\DELL Precision 5550\Documents\GitHub\Terrasight-Eurosat-RGB-vs-Multispectral\data\raw\rgb\PermanentCrop\PermanentCrop_293.jpg,6,PermanentCrop,6,PermanentCrop,0.988521933555603,True,2.2820368,4.672519
149,C:\Users\DELL Precision 5550\Documents\GitHub\Terrasight-Eurosat-RGB-vs-Multispectral\data\raw\rgb\AnnualCrop\AnnualCrop_2580.jpg,0,AnnualCrop,0,AnnualCrop,0.9974810481071472,True,2.8941092,12.638007
150,C:\Users\DELL Precision 5550\Documents\GitHub\Terrasight-Eurosat-RGB-vs-Multispectral\data\raw\rgb\HerbaceousVegetation\HerbaceousVegetation_2855.jpg,2,HerbaceousVegetation,2,HerbaceousVegetation,0.9999361038208008,True,3.7717328,0.25658146
151,C:\Users\DELL Precision 5550\Documents\GitHub\Terrasight-Eurosat-RGB-vs-Multispectral\data\raw\rgb\Highway\Highway_383.jpg,3,Highway,3,Highway,0.9824464321136475,True,-0.57033175,9.965777
152,C:\Users\DELL Precision 5550\Documents\GitHub\Terrasight-Eurosat-RGB-vs-Multispectral\data\raw\rgb\SeaLake\SeaLake_2738.jpg,9,SeaLake,9,SeaLake,0.9997780919075012,True,17.073042,12.093121
153,C:\Users\DELL Precision 5550\Documents\GitHub\Terrasight-Eurosat-RGB-vs-Multispectral\data\raw\rgb\HerbaceousVegetation\HerbaceousVegetation_2131.jpg,2,HerbaceousVegetation,2,HerbaceousVegetation,1.0,True,2.9589276,0.20043813
154,C:\Users\DELL Precision 5550\Documents\GitHub\Terrasight-Eurosat-RGB-vs-Multispectral\data\raw\rgb\SeaLake\SeaLake_821.jpg,9,SeaLake,9,SeaLake,0.9997820258140564,True,17.59924,11.665814
155,C:\Users\DELL Precision 5550\Documents\GitHub\Terrasight-Eurosat-RGB-vs-Multispectral\data\raw\rgb\AnnualCrop\AnnualCrop_2522.jpg,0,AnnualCrop,0,AnnualCrop,0.9997976422309875,True,2.427718,13.389355
156,C:\Users\DELL Precision 5550\Documents\GitHub\Terrasight-Eurosat-RGB-vs-Multispectral\data\raw\rgb\SeaLake\SeaLake_872.jpg,9,SeaLake,9,SeaLake,0.9957463145256042,True,15.9091,11.678333
157,C:\Users\DELL Precision 5550\Documents\GitHub\Terrasight-Eurosat-RGB-vs-Multispectral\data\raw\rgb\Residential\Residential_2378.jpg,7,Residential,7,Residential,0.9999099969863892,True,-5.344867,-3.9115012
158,C:\Users\DELL Precision 5550\Documents\GitHub\Terrasight-Eurosat-RGB-vs-Multispectral\data\raw\rgb\SeaLake\SeaLake_1888.jpg,9,SeaLake,9,SeaLake,0.9995263814926147,True,16.35695,10.471766
159,C:\Users\DELL Precision 5550\Documents\GitHub\Terrasight-Eurosat-RGB-vs-Multispectral\data\raw\rgb\River\River_2047.jpg,8,River,8,River,0.9999221563339233,True,5.8775964,10.14066
160,C:\Users\DELL Precision 5550\Documents\GitHub\Terrasight-Eurosat-RGB-vs-Multispectral\data\raw\rgb\HerbaceousVegetation\HerbaceousVegetation_2682.jpg,2,HerbaceousVegetation,2,HerbaceousVegetation,0.9999797344207764,True,3.9632998,0.21034016
161,C:\Users\DELL Precision 5550\Documents\GitHub\Terrasight-Eurosat-RGB-vs-Multispectral\data\raw\rgb\Industrial\Industrial_615.jpg,4,Industrial,4,Industrial,0.9985015392303467,True,-8.691761,1.4937868
162,C:\Users\DELL Precision 5550\Documents\GitHub\Terrasight-Eurosat-RGB-vs-Multispectral\data\raw\rgb\Residential\Residential_2971.jpg,7,Residential,7,Residential,0.9999997615814209,True,-5.815443,-4.6801734
163,C:\Users\DELL Precision 5550\Documents\GitHub\Terrasight-Eurosat-RGB-vs-Multispectral\data\raw\rgb\AnnualCrop\AnnualCrop_8.jpg,0,AnnualCrop,0,AnnualCrop,0.9999208450317383,True,2.9089935,13.436851
164,C:\Users\DELL Precision 5550\Documents\GitHub\Terrasight-Eurosat-RGB-vs-Multispectral\data\raw\rgb\AnnualCrop\AnnualCrop_241.jpg,0,AnnualCrop,0,AnnualCrop,0.9999822378158569,True,2.812341,15.084991
165,C:\Users\DELL Precision 5550\Documents\GitHub\Terrasight-Eurosat-RGB-vs-Multispectral\data\raw\rgb\HerbaceousVegetation\HerbaceousVegetation_435.jpg,2,HerbaceousVegetation,2,HerbaceousVegetation,0.9103443026542664,True,3.5941079,1.3018285
166,C:\Users\DELL Precision 5550\Documents\GitHub\Terrasight-Eurosat-RGB-vs-Multispectral\data\raw\rgb\PermanentCrop\PermanentCrop_1810.jpg,6,PermanentCrop,6,PermanentCrop,0.9999560117721558,True,1.3797222,4.383956
167,C:\Users\DELL Precision 5550\Documents\GitHub\Terrasight-Eurosat-RGB-vs-Multispectral\data\raw\rgb\PermanentCrop\PermanentCrop_26.jpg,6,PermanentCrop,6,PermanentCrop,0.6970260143280029,True,2.6195073,4.1454988
168,C:\Users\DELL Precision 5550\Documents\GitHub\Terrasight-Eurosat-RGB-vs-Multispectral\data\raw\rgb\Pasture\Pasture_456.jpg,5,Pasture,5,Pasture,0.9964536428451538,True,6.54377,5.2160163
169,C:\Users\DELL Precision 5550\Documents\GitHub\Terrasight-Eurosat-RGB-vs-Multispectral\data\raw\rgb\PermanentCrop\PermanentCrop_493.jpg,6,PermanentCrop,6,PermanentCrop,0.9998183846473694,True,1.7079883,4.5443563
170,C:\Users\DELL Precision 5550\Documents\GitHub\Terrasight-Eurosat-RGB-vs-Multispectral\data\raw\rgb\SeaLake\SeaLake_130.jpg,9,SeaLake,9,SeaLake,0.9997808337211609,True,16.496384,12.590861
171,C:\Users\DELL Precision 5550\Documents\GitHub\Terrasight-Eurosat-RGB-vs-Multispectral\data\raw\rgb\Highway\Highway_2242.jpg,3,Highway,3,Highway,0.9998334646224976,True,-0.18059097,10.562501
172,C:\Users\DELL Precision 5550\Documents\GitHub\Terrasight-Eurosat-RGB-vs-Multispectral\data\raw\rgb\Residential\Residential_1378.jpg,7,Residential,7,Residential,0.9969165325164795,True,-5.8021574,-3.4477184
173,C:\Users\DELL Precision 5550\Documents\GitHub\Terrasight-Eurosat-RGB-vs-Multispectral\data\raw\rgb\River\River_1031.jpg,8,River,8,River,0.9997692704200745,True,4.7263536,10.547625
174,C:\Users\DELL Precision 5550\Documents\GitHub\Terrasight-Eurosat-RGB-vs-Multispectral\data\raw\rgb\SeaLake\SeaLake_2383.jpg,9,SeaLake,9,SeaLake,0.9995912909507751,True,16.042797,12.004523
175,C:\Users\DELL Precision 5550\Documents\GitHub\Terrasight-Eurosat-RGB-vs-Multispectral\data\raw\rgb\AnnualCrop\AnnualCrop_379.jpg,0,AnnualCrop,0,AnnualCrop,0.9999983310699463,True,2.6927836,15.577248
176,C:\Users\DELL Precision 5550\Documents\GitHub\Terrasight-Eurosat-RGB-vs-Multispectral\data\raw\rgb\Industrial\Industrial_2335.jpg,4,Industrial,4,Industrial,0.9275497794151306,True,-7.371315,2.170343
177,C:\Users\DELL Precision 5550\Documents\GitHub\Terrasight-Eurosat-RGB-vs-Multispectral\data\raw\rgb\HerbaceousVegetation\HerbaceousVegetation_1631.jpg,2,HerbaceousVegetation,2,HerbaceousVegetation,0.9996957778930664,True,4.591341,0.6668457
178,C:\Users\DELL Precision 5550\Documents\GitHub\Terrasight-Eurosat-RGB-vs-Multispectral\data\raw\rgb\Industrial\Industrial_737.jpg,4,Industrial,4,Industrial,0.9906020164489746,True,-6.7383866,1.6500925
179,C:\Users\DELL Precision 5550\Documents\GitHub\Terrasight-Eurosat-RGB-vs-Multispectral\data\raw\rgb\AnnualCrop\AnnualCrop_1862.jpg,0,AnnualCrop,0,AnnualCrop,0.9982538819313049,True,2.2353084,13.5561695
180,C:\Users\DELL Precision 5550\Documents\GitHub\Terrasight-Eurosat-RGB-vs-Multispectral\data\raw\rgb\River\River_2150.jpg,8,River,8,River,0.999518871307373,True,6.090165,10.070066
181,C:\Users\DELL Precision 5550\Documents\GitHub\Terrasight-Eurosat-RGB-vs-Multispectral\data\raw\rgb\Pasture\Pasture_1098.jpg,5,Pasture,5,Pasture,0.9993607401847839,True,7.1315904,5.5046415
182,C:\Users\DELL Precision 5550\Documents\GitHub\Terrasight-Eurosat-RGB-vs-Multispectral\data\raw\rgb\SeaLake\SeaLake_1143.jpg,9,SeaLake,9,SeaLake,0.999447762966156,True,16.367332,12.492438
183,C:\Users\DELL Precision 5550\Documents\GitHub\Terrasight-Eurosat-RGB-vs-Multispectral\data\raw\rgb\HerbaceousVegetation\HerbaceousVegetation_871.jpg,2,HerbaceousVegetation,2,HerbaceousVegetation,0.9180680513381958,True,2.9837542,2.3362927
184,C:\Users\DELL Precision 5550\Documents\GitHub\Terrasight-Eurosat-RGB-vs-Multispectral\data\raw\rgb\HerbaceousVegetation\HerbaceousVegetation_1757.jpg,2,HerbaceousVegetation,2,HerbaceousVegetation,0.9979357719421387,True,4.3402076,0.3030247
185,C:\Users\DELL Precision 5550\Documents\GitHub\Terrasight-Eurosat-RGB-vs-Multispectral\data\raw\rgb\River\River_1742.jpg,8,River,8,River,0.9999951124191284,True,6.6059413,11.097572
186,C:\Users\DELL Precision 5550\Documents\GitHub\Terrasight-Eurosat-RGB-vs-Multispectral\data\raw\rgb\Forest\Forest_1927.jpg,1,Forest,1,Forest,0.99788898229599,True,13.557281,-0.8633222
187,C:\Users\DELL Precision 5550\Documents\GitHub\Terrasight-Eurosat-RGB-vs-Multispectral\data\raw\rgb\River\River_1530.jpg,8,River,8,River,0.9987993240356445,True,4.8905287,10.336282
188,C:\Users\DELL Precision 5550\Documents\GitHub\Terrasight-Eurosat-RGB-vs-Multispectral\data\raw\rgb\Residential\Residential_2287.jpg,7,Residential,7,Residential,0.99921715259552,True,-5.2168875,-3.2664437
189,C:\Users\DELL Precision 5550\Documents\GitHub\Terrasight-Eurosat-RGB-vs-Multispectral\data\raw\rgb\River\River_335.jpg,8,River,8,River,0.9966048002243042,True,4.5308027,10.734256
190,C:\Users\DELL Precision 5550\Documents\GitHub\Terrasight-Eurosat-RGB-vs-Multispectral\data\raw\rgb\Forest\Forest_1748.jpg,1,Forest,1,Forest,0.99996018409729,True,13.890483,-2.4946277
191,C:\Users\DELL Precision 5550\Documents\GitHub\Terrasight-Eurosat-RGB-vs-Multispectral\data\raw\rgb\SeaLake\SeaLake_975.jpg,9,SeaLake,9,SeaLake,0.9995918869972229,True,16.119738,11.970751
192,C:\Users\DELL Precision 5550\Documents\GitHub\Terrasight-Eurosat-RGB-vs-Multispectral\data\raw\rgb\HerbaceousVegetation\HerbaceousVegetation_856.jpg,2,HerbaceousVegetation,2,HerbaceousVegetation,0.9999997615814209,True,3.2456238,0.6184199
193,C:\Users\DELL Precision 5550\Documents\GitHub\Terrasight-Eurosat-RGB-vs-Multispectral\data\raw\rgb\Residential\Residential_648.jpg,7,Residential,7,Residential,0.9987429976463318,True,-4.8923883,-3.0104842
194,C:\Users\DELL Precision 5550\Documents\GitHub\Terrasight-Eurosat-RGB-vs-Multispectral\data\raw\rgb\Highway\Highway_2267.jpg,3,Highway,3,Highway,0.9999610185623169,True,-1.3833803,10.0841055
195,C:\Users\DELL Precision 5550\Documents\GitHub\Terrasight-Eurosat-RGB-vs-Multispectral\data\raw\rgb\Industrial\Industrial_1229.jpg,4,Industrial,4,Industrial,0.9994310736656189,True,-8.168526,1.4757295
196,C:\Users\DELL Precision 5550\Documents\GitHub\Terrasight-Eurosat-RGB-vs-Multispectral\data\raw\rgb\Residential\Residential_1259.jpg,7,Residential,7,Residential,0.9438874125480652,True,-5.1355515,-2.4277916
197,C:\Users\DELL Precision 5550\Documents\GitHub\Terrasight-Eurosat-RGB-vs-Multispectral\data\raw\rgb\Forest\Forest_194.jpg,1,Forest,1,Forest,0.9999932050704956,True,13.638115,-1.9166858
198,C:\Users\DELL Precision 5550\Documents\GitHub\Terrasight-Eurosat-RGB-vs-Multispectral\data\raw\rgb\HerbaceousVegetation\HerbaceousVegetation_198.jpg,2,HerbaceousVegetation,2,HerbaceousVegetation,0.9999152421951294,True,4.496469,0.47411576
199,C:\Users\DELL Precision 5550\Documents\GitHub\Terrasight-Eurosat-RGB-vs-Multispectral\data\raw\rgb\River\River_227.jpg,8,River,8,River,0.9999880790710449,True,5.998777,10.163345
200,C:\Users\DELL Precision 5550\Documents\GitHub\Terrasight-Eurosat-RGB-vs-Multispectral\data\raw\rgb\SeaLake\SeaLake_1877.jpg,9,SeaLake,9,SeaLake,0.9988653659820557,True,16.962433,11.494398
201,C:\Users\DELL Precision 5550\Documents\GitHub\Terrasight-Eurosat-RGB-vs-Multispectral\data\raw\rgb\River\River_1446.jpg,8,River,8,River,0.9988522529602051,True,4.986516,10.95757
202,C:\Users\DELL Precision 5550\Documents\GitHub\Terrasight-Eurosat-RGB-vs-Multispectral\data\raw\rgb\Pasture\Pasture_58.jpg,5,Pasture,5,Pasture,0.9927594661712646,True,6.356741,4.9298935
203,C:\Users\DELL Precision 5550\Documents\GitHub\Terrasight-Eurosat-RGB-vs-Multispectral\data\raw\rgb\AnnualCrop\AnnualCrop_1458.jpg,0,AnnualCrop,0,AnnualCrop,0.9985619187355042,True,2.6448057,13.245087
204,C:\Users\DELL Precision 5550\Documents\GitHub\Terrasight-Eurosat-RGB-vs-Multispectral\data\raw\rgb\River\River_2160.jpg,8,River,8,River,0.9964625239372253,True,4.8540616,10.023332
205,C:\Users\DELL Precision 5550\Documents\GitHub\Terrasight-Eurosat-RGB-vs-Multispectral\data\raw\rgb\HerbaceousVegetation\HerbaceousVegetation_1882.jpg,2,HerbaceousVegetation,2,HerbaceousVegetation,0.9999033212661743,True,3.268447,0.73383516
206,C:\Users\DELL Precision 5550\Documents\GitHub\Terrasight-Eurosat-RGB-vs-Multispectral\data\raw\rgb\AnnualCrop\AnnualCrop_1580.jpg,0,AnnualCrop,0,AnnualCrop,0.9999997615814209,True,2.6507697,15.705486
207,C:\Users\DELL Precision 5550\Documents\GitHub\Terrasight-Eurosat-RGB-vs-Multispectral\data\raw\rgb\Residential\Residential_2099.jpg,7,Residential,7,Residential,0.999996542930603,True,-6.252235,-4.878171
208,C:\Users\DELL Precision 5550\Documents\GitHub\Terrasight-Eurosat-RGB-vs-Multispectral\data\raw\rgb\HerbaceousVegetation\HerbaceousVegetation_2842.jpg,2,HerbaceousVegetation,2,HerbaceousVegetation,0.999904990196228,True,4.2376337,0.1437348
209,C:\Users\DELL Precision 5550\Documents\GitHub\Terrasight-Eurosat-RGB-vs-Multispectral\data\raw\rgb\Forest\Forest_950.jpg,1,Forest,1,Forest,0.9994459748268127,True,13.340218,-1.4138669
210,C:\Users\DELL Precision 5550\Documents\GitHub\Terrasight-Eurosat-RGB-vs-Multispectral\data\raw\rgb\Highway\Highway_1667.jpg,3,Highway,3,Highway,0.9998553991317749,True,-1.0229362,10.135824
211,C:\Users\DELL Precision 5550\Documents\GitHub\Terrasight-Eurosat-RGB-vs-Multispectral\data\raw\rgb\SeaLake\SeaLake_2179.jpg,9,SeaLake,9,SeaLake,0.9999125003814697,True,17.530672,12.06856
212,C:\Users\DELL Precision 5550\Documents\GitHub\Terrasight-Eurosat-RGB-vs-Multispectral\data\raw\rgb\River\River_235.jpg,8,River,8,River,0.9999990463256836,True,6.01073,10.764036
213,C:\Users\DELL Precision 5550\Documents\GitHub\Terrasight-Eurosat-RGB-vs-Multispectral\data\raw\rgb\Residential\Residential_38.jpg,7,Residential,7,Residential,0.9972057938575745,True,-6.0985837,-3.3819532
214,C:\Users\DELL Precision 5550\Documents\GitHub\Terrasight-Eurosat-RGB-vs-Multispectral\data\raw\rgb\AnnualCrop\AnnualCrop_1953.jpg,0,AnnualCrop,0,AnnualCrop,0.998190701007843,True,2.5085537,12.637071
215,C:\Users\DELL Precision 5550\Documents\GitHub\Terrasight-Eurosat-RGB-vs-Multispectral\data\raw\rgb\HerbaceousVegetation\HerbaceousVegetation_4.jpg,2,HerbaceousVegetation,2,HerbaceousVegetation,0.9991940855979919,True,4.2562513,0.26176003
216,C:\Users\DELL Precision 5550\Documents\GitHub\Terrasight-Eurosat-RGB-vs-Multispectral\data\raw\rgb\Industrial\Industrial_1232.jpg,4,Industrial,4,Industrial,0.9995675683021545,True,-8.146318,1.3337439
217,C:\Users\DELL Precision 5550\Documents\GitHub\Terrasight-Eurosat-RGB-vs-Multispectral\data\raw\rgb\Forest\Forest_2172.jpg,1,Forest,1,Forest,0.9908769726753235,True,13.036752,-1.1894803
218,C:\Users\DELL Precision 5550\Documents\GitHub\Terrasight-Eurosat-RGB-vs-Multispectral\data\raw\rgb\Pasture\Pasture_647.jpg,5,Pasture,5,Pasture,0.9498811960220337,True,6.5708404,5.1930614
219,C:\Users\DELL Precision 5550\Documents\GitHub\Terrasight-Eurosat-RGB-vs-Multispectral\data\raw\rgb\SeaLake\SeaLake_1427.jpg,9,SeaLake,9,SeaLake,0.9999325275421143,True,16.86076,13.079312
220,C:\Users\DELL Precision 5550\Documents\GitHub\Terrasight-Eurosat-RGB-vs-Multispectral\data\raw\rgb\River\River_1585.jpg,8,River,8,River,0.999817430973053,True,5.563234,10.158482
221,C:\Users\DELL Precision 5550\Documents\GitHub\Terrasight-Eurosat-RGB-vs-Multispectral\data\raw\rgb\PermanentCrop\PermanentCrop_1749.jpg,6,PermanentCrop,6,PermanentCrop,0.999977707862854,True,1.0817149,4.282189
222,C:\Users\DELL Precision 5550\Documents\GitHub\Terrasight-Eurosat-RGB-vs-Multispectral\data\raw\rgb\PermanentCrop\PermanentCrop_1508.jpg,6,PermanentCrop,6,PermanentCrop,0.9998973608016968,True,1.6943545,4.5546265
223,C:\Users\DELL Precision 5550\Documents\GitHub\Terrasight-Eurosat-RGB-vs-Multispectral\data\raw\rgb\Highway\Highway_1970.jpg,3,Highway,3,Highway,0.9992766976356506,True,0.088581495,9.961441
224,C:\Users\DELL Precision 5550\Documents\GitHub\Terrasight-Eurosat-RGB-vs-Multispectral\data\raw\rgb\Residential\Residential_2027.jpg,7,Residential,7,Residential,0.9999998807907104,True,-5.9290924,-4.7639494
225,C:\Users\DELL Precision 5550\Documents\GitHub\Terrasight-Eurosat-RGB-vs-Multispectral\data\raw\rgb\Highway\Highway_298.jpg,3,Highway,3,Highway,0.9993599057197571,True,-0.48189694,10.395713
226,C:\Users\DELL Precision 5550\Documents\GitHub\Terrasight-Eurosat-RGB-vs-Multispectral\data\raw\rgb\Pasture\Pasture_541.jpg,5,Pasture,5,Pasture,1.0,True,10.742396,7.9211164
227,C:\Users\DELL Precision 5550\Documents\GitHub\Terrasight-Eurosat-RGB-vs-Multispectral\data\raw\rgb\AnnualCrop\AnnualCrop_2497.jpg,0,AnnualCrop,0,AnnualCrop,0.9999140501022339,True,2.63516,14.263031
228,C:\Users\DELL Precision 5550\Documents\GitHub\Terrasight-Eurosat-RGB-vs-Multispectral\data\raw\rgb\Forest\Forest_2741.jpg,1,Forest,1,Forest,0.9999774694442749,True,14.140349,-2.037227
229,C:\Users\DELL Precision 5550\Documents\GitHub\Terrasight-Eurosat-RGB-vs-Multispectral\data\raw\rgb\Industrial\Industrial_63.jpg,4,Industrial,4,Industrial,0.9942761063575745,True,-8.211982,1.2675427
230,C:\Users\DELL Precision 5550\Documents\GitHub\Terrasight-Eurosat-RGB-vs-Multispectral\data\raw\rgb\HerbaceousVegetation\HerbaceousVegetation_2921.jpg,2,HerbaceousVegetation,2,HerbaceousVegetation,0.9999994039535522,True,3.5570154,-0.33644167
231,C:\Users\DELL Precision 5550\Documents\GitHub\Terrasight-Eurosat-RGB-vs-Multispectral\data\raw\rgb\SeaLake\SeaLake_626.jpg,9,SeaLake,9,SeaLake,0.8733528256416321,True,16.158432,11.126126
232,C:\Users\DELL Precision 5550\Documents\GitHub\Terrasight-Eurosat-RGB-vs-Multispectral\data\raw\rgb\HerbaceousVegetation\HerbaceousVegetation_1936.jpg,2,HerbaceousVegetation,2,HerbaceousVegetation,0.9999951124191284,True,3.274096,0.90553623
233,C:\Users\DELL Precision 5550\Documents\GitHub\Terrasight-Eurosat-RGB-vs-Multispectral\data\raw\rgb\PermanentCrop\PermanentCrop_1769.jpg,6,PermanentCrop,6,PermanentCrop,0.9989941716194153,True,2.1225631,3.8598626
234,C:\Users\DELL Precision 5550\Documents\GitHub\Terrasight-Eurosat-RGB-vs-Multispectral\data\raw\rgb\Pasture\Pasture_1205.jpg,5,Pasture,5,Pasture,0.9999216794967651,True,10.345875,7.8042426
235,C:\Users\DELL Precision 5550\Documents\GitHub\Terrasight-Eurosat-RGB-vs-Multispectral\data\raw\rgb\Forest\Forest_1736.jpg,1,Forest,1,Forest,0.9949709177017212,True,13.277549,-1.2472695
236,C:\Users\DELL Precision 5550\Documents\GitHub\Terrasight-Eurosat-RGB-vs-Multispectral\data\raw\rgb\SeaLake\SeaLake_2789.jpg,9,SeaLake,9,SeaLake,0.9998555183410645,True,16.545147,12.9093
237,C:\Users\DELL Precision 5550\Documents\GitHub\Terrasight-Eurosat-RGB-vs-Multispectral\data\raw\rgb\Forest\Forest_2085.jpg,1,Forest,1,Forest,0.9995105266571045,True,14.368914,-0.78454024
238,C:\Users\DELL Precision 5550\Documents\GitHub\Terrasight-Eurosat-RGB-vs-Multispectral\data\raw\rgb\Forest\Forest_263.jpg,1,Forest,1,Forest,0.9976484179496765,True,14.163265,-0.7902642
239,C:\Users\DELL Precision 5550\Documents\GitHub\Terrasight-Eurosat-RGB-vs-Multispectral\data\raw\rgb\Highway\Highway_2101.jpg,3,Highway,3,Highway,0.9993526339530945,True,-0.74024236,10.547658
240,C:\Users\DELL Precision 5550\Documents\GitHub\Terrasight-Eurosat-RGB-vs-Multispectral\data\raw\rgb\Industrial\Industrial_1079.jpg,4,Industrial,4,Industrial,0.997104823589325,True,-8.161496,1.1864744
241,C:\Users\DELL Precision 5550\Documents\GitHub\Terrasight-Eurosat-RGB-vs-Multispectral\data\raw\rgb\Pasture\Pasture_719.jpg,5,Pasture,5,Pasture,0.9971451163291931,True,6.6222444,5.3574114
242,C:\Users\DELL Precision 5550\Documents\GitHub\Terrasight-Eurosat-RGB-vs-Multispectral\data\raw\rgb\Industrial\Industrial_1472.jpg,4,Industrial,3,Highway,0.9650980234146118,False,0.064481795,9.433583
243,C:\Users\DELL Precision 5550\Documents\GitHub\Terrasight-Eurosat-RGB-vs-Multispectral\data\raw\rgb\PermanentCrop\PermanentCrop_2257.jpg,6,PermanentCrop,6,PermanentCrop,0.985082745552063,True,2.3017535,4.867644
244,C:\Users\DELL Precision 5550\Documents\GitHub\Terrasight-Eurosat-RGB-vs-Multispectral\data\raw\rgb\Forest\Forest_1136.jpg,1,Forest,1,Forest,0.999985933303833,True,14.461374,-2.949952
245,C:\Users\DELL Precision 5550\Documents\GitHub\Terrasight-Eurosat-RGB-vs-Multispectral\data\raw\rgb\SeaLake\SeaLake_412.jpg,9,SeaLake,9,SeaLake,0.9999480247497559,True,16.881485,10.748825
246,C:\Users\DELL Precision 5550\Documents\GitHub\Terrasight-Eurosat-RGB-vs-Multispectral\data\raw\rgb\River\River_1890.jpg,8,River,8,River,0.9895338416099548,True,4.836513,10.0213585
247,C:\Users\DELL Precision 5550\Documents\GitHub\Terrasight-Eurosat-RGB-vs-Multispectral\data\raw\rgb\HerbaceousVegetation\HerbaceousVegetation_2349.jpg,2,HerbaceousVegetation,2,HerbaceousVegetation,0.9999997615814209,True,3.816443,-0.29784364
248,C:\Users\DELL Precision 5550\Documents\GitHub\Terrasight-Eurosat-RGB-vs-Multispectral\data\raw\rgb\HerbaceousVegetation\HerbaceousVegetation_1611.jpg,2,HerbaceousVegetation,2,HerbaceousVegetation,0.9999899864196777,True,3.5272994,0.28141022
249,C:\Users\DELL Precision 5550\Documents\GitHub\Terrasight-Eurosat-RGB-vs-Multispectral\data\raw\rgb\Highway\Highway_1586.jpg,3,Highway,3,Highway,0.9022464156150818,True,0.031023938,9.259292
250,C:\Users\DELL Precision 5550\Documents\GitHub\Terrasight-Eurosat-RGB-vs-Multispectral\data\raw\rgb\HerbaceousVegetation\HerbaceousVegetation_738.jpg,2,HerbaceousVegetation,2,HerbaceousVegetation,0.9997087121009827,True,4.4480596,0.8563149
251,C:\Users\DELL Precision 5550\Documents\GitHub\Terrasight-Eurosat-RGB-vs-Multispectral\data\raw\rgb\Residential\Residential_1403.jpg,7,Residential,7,Residential,0.9380776286125183,True,-6.138455,-2.8578353
252,C:\Users\DELL Precision 5550\Documents\GitHub\Terrasight-Eurosat-RGB-vs-Multispectral\data\raw\rgb\PermanentCrop\PermanentCrop_1060.jpg,6,PermanentCrop,6,PermanentCrop,0.9320992231369019,True,2.589573,4.3729434
253,C:\Users\DELL Precision 5550\Documents\GitHub\Terrasight-Eurosat-RGB-vs-Multispectral\data\raw\rgb\SeaLake\SeaLake_283.jpg,9,SeaLake,9,SeaLake,0.9998452663421631,True,16.294933,12.373238
254,C:\Users\DELL Precision 5550\Documents\GitHub\Terrasight-Eurosat-RGB-vs-Multispectral\data\raw\rgb\PermanentCrop\PermanentCrop_1774.jpg,6,PermanentCrop,6,PermanentCrop,0.9038166403770447,True,1.901508,2.996958
255,C:\Users\DELL Precision 5550\Documents\GitHub\Terrasight-Eurosat-RGB-vs-Multispectral\data\raw\rgb\Forest\Forest_2364.jpg,1,Forest,1,Forest,1.0,True,14.865419,-3.1076477
256,C:\Users\DELL Precision 5550\Documents\GitHub\Terrasight-Eurosat-RGB-vs-Multispectral\data\raw\rgb\Highway\Highway_93.jpg,3,Highway,3,Highway,0.9971331357955933,True,-0.32456136,9.581048
257,C:\Users\DELL Precision 5550\Documents\GitHub\Terrasight-Eurosat-RGB-vs-Multispectral\data\raw\rgb\Forest\Forest_508.jpg,1,Forest,1,Forest,0.9801772832870483,True,13.638204,-0.5843797
258,C:\Users\DELL Precision 5550\Documents\GitHub\Terrasight-Eurosat-RGB-vs-Multispectral\data\raw\rgb\Highway\Highway_1922.jpg,3,Highway,3,Highway,0.999881386756897,True,-1.0474852,9.63316
259,C:\Users\DELL Precision 5550\Documents\GitHub\Terrasight-Eurosat-RGB-vs-Multispectral\data\raw\rgb\HerbaceousVegetation\HerbaceousVegetation_172.jpg,2,HerbaceousVegetation,2,HerbaceousVegetation,1.0,True,3.1388505,-0.08878393
260,C:\Users\DELL Precision 5550\Documents\GitHub\Terrasight-Eurosat-RGB-vs-Multispectral\data\raw\rgb\Highway\Highway_880.jpg,3,Highway,3,Highway,0.9993911981582642,True,-0.5785391,9.37638
261,C:\Users\DELL Precision 5550\Documents\GitHub\Terrasight-Eurosat-RGB-vs-Multispectral\data\raw\rgb\River\River_1366.jpg,8,River,3,Highway,0.6829118132591248,False,0.59853363,9.843482
262,C:\Users\DELL Precision 5550\Documents\GitHub\Terrasight-Eurosat-RGB-vs-Multispectral\data\raw\rgb\SeaLake\SeaLake_54.jpg,9,SeaLake,9,SeaLake,0.9999749660491943,True,17.367926,12.51493
263,C:\Users\DELL Precision 5550\Documents\GitHub\Terrasight-Eurosat-RGB-vs-Multispectral\data\raw\rgb\Highway\Highway_655.jpg,3,Highway,3,Highway,0.9992712140083313,True,-0.2521401,10.455135
264,C:\Users\DELL Precision 5550\Documents\GitHub\Terrasight-Eurosat-RGB-vs-Multispectral\data\raw\rgb\HerbaceousVegetation\HerbaceousVegetation_1920.jpg,2,HerbaceousVegetation,2,HerbaceousVegetation,0.9999922513961792,True,3.4265406,0.068334274
265,C:\Users\DELL Precision 5550\Documents\GitHub\Terrasight-Eurosat-RGB-vs-Multispectral\data\raw\rgb\Industrial\Industrial_322.jpg,4,Industrial,4,Industrial,0.9990555644035339,True,-8.07516,1.1476334
266,C:\Users\DELL Precision 5550\Documents\GitHub\Terrasight-Eurosat-RGB-vs-Multispectral\data\raw\rgb\Forest\Forest_860.jpg,1,Forest,1,Forest,0.999994158744812,True,14.385664,-2.9584935
267,C:\Users\DELL Precision 5550\Documents\GitHub\Terrasight-Eurosat-RGB-vs-Multispectral\data\raw\rgb\Forest\Forest_2285.jpg,1,Forest,1,Forest,0.9999768733978271,True,14.463336,-0.9104878
268,C:\Users\DELL Precision 5550\Documents\GitHub\Terrasight-Eurosat-RGB-vs-Multispectral\data\raw\rgb\Forest\Forest_1376.jpg,1,Forest,1,Forest,0.9999958276748657,True,14.175967,-2.9387698
269,C:\Users\DELL Precision 5550\Documents\GitHub\Terrasight-Eurosat-RGB-vs-Multispectral\data\raw\rgb\Residential\Residential_1903.jpg,7,Residential,7,Residential,0.9999998807907104,True,-6.4727035,-4.8591814
270,C:\Users\DELL Precision 5550\Documents\GitHub\Terrasight-Eurosat-RGB-vs-Multispectral\data\raw\rgb\HerbaceousVegetation\HerbaceousVegetation_432.jpg,2,HerbaceousVegetation,2,HerbaceousVegetation,0.9987142086029053,True,4.604488,0.73996085
271,C:\Users\DELL Precision 5550\Documents\GitHub\Terrasight-Eurosat-RGB-vs-Multispectral\data\raw\rgb\Industrial\Industrial_1336.jpg,4,Industrial,4,Industrial,0.9998431205749512,True,-8.196595,1.9151978
272,C:\Users\DELL Precision 5550\Documents\GitHub\Terrasight-Eurosat-RGB-vs-Multispectral\data\raw\rgb\Residential\Residential_2192.jpg,7,Residential,7,Residential,0.6928315758705139,True,-6.1416316,-2.7286484
273,C:\Users\DELL Precision 5550\Documents\GitHub\Terrasight-Eurosat-RGB-vs-Multispectral\data\raw\rgb\HerbaceousVegetation\HerbaceousVegetation_2143.jpg,2,HerbaceousVegetation,2,HerbaceousVegetation,0.9350923895835876,True,3.2139227,3.563786
274,C:\Users\DELL Precision 5550\Documents\GitHub\Terrasight-Eurosat-RGB-vs-Multispectral\data\raw\rgb\HerbaceousVegetation\HerbaceousVegetation_2996.jpg,2,HerbaceousVegetation,2,HerbaceousVegetation,0.9971174001693726,True,4.496282,0.7371398
275,C:\Users\DELL Precision 5550\Documents\GitHub\Terrasight-Eurosat-RGB-vs-Multispectral\data\raw\rgb\Forest\Forest_2734.jpg,1,Forest,1,Forest,0.9999938011169434,True,14.538207,-3.060092
276,C:\Users\DELL Precision 5550\Documents\GitHub\Terrasight-Eurosat-RGB-vs-Multispectral\data\raw\rgb\HerbaceousVegetation\HerbaceousVegetation_757.jpg,2,HerbaceousVegetation,2,HerbaceousVegetation,0.9998475313186646,True,4.2671213,0.42164737
277,C:\Users\DELL Precision 5550\Documents\GitHub\Terrasight-Eurosat-RGB-vs-Multispectral\data\raw\rgb\Forest\Forest_172.jpg,1,Forest,1,Forest,0.9998854398727417,True,14.165887,-1.387578
278,C:\Users\DELL Precision 5550\Documents\GitHub\Terrasight-Eurosat-RGB-vs-Multispectral\data\raw\rgb\Forest\Forest_2244.jpg,1,Forest,1,Forest,0.9999985694885254,True,14.697168,-3.5027761
279,C:\Users\DELL Precision 5550\Documents\GitHub\Terrasight-Eurosat-RGB-vs-Multispectral\data\raw\rgb\River\River_266.jpg,8,River,8,River,0.9582369923591614,True,4.1571326,10.507075
280,C:\Users\DELL Precision 5550\Documents\GitHub\Terrasight-Eurosat-RGB-vs-Multispectral\data\raw\rgb\PermanentCrop\PermanentCrop_930.jpg,6,PermanentCrop,6,PermanentCrop,0.9999970197677612,True,1.0693046,4.330985
281,C:\Users\DELL Precision 5550\Documents\GitHub\Terrasight-Eurosat-RGB-vs-Multispectral\data\raw\rgb\Pasture\Pasture_265.jpg,5,Pasture,5,Pasture,0.9977893829345703,True,7.204316,5.1841073
282,C:\Users\DELL Precision 5550\Documents\GitHub\Terrasight-Eurosat-RGB-vs-Multispectral\data\raw\rgb\Residential\Residential_2418.jpg,7,Residential,7,Residential,0.9991418123245239,True,-6.602,-4.01492
283,C:\Users\DELL Precision 5550\Documents\GitHub\Terrasight-Eurosat-RGB-vs-Multispectral\data\raw\rgb\SeaLake\SeaLake_2531.jpg,9,SeaLake,9,SeaLake,0.9991666078567505,True,15.691778,11.076052
284,C:\Users\DELL Precision 5550\Documents\GitHub\Terrasight-Eurosat-RGB-vs-Multispectral\data\raw\rgb\Highway\Highway_706.jpg,3,Highway,3,Highway,0.9933111667633057,True,0.042792436,9.400355
285,C:\Users\DELL Precision 5550\Documents\GitHub\Terrasight-Eurosat-RGB-vs-Multispectral\data\raw\rgb\Residential\Residential_593.jpg,7,Residential,7,Residential,0.9999696016311646,True,-6.5329027,-4.3380613
286,C:\Users\DELL Precision 5550\Documents\GitHub\Terrasight-Eurosat-RGB-vs-Multispectral\data\raw\rgb\Forest\Forest_589.jpg,1,Forest,1,Forest,0.9763601422309875,True,13.701542,-0.5361388
287,C:\Users\DELL Precision 5550\Documents\GitHub\Terrasight-Eurosat-RGB-vs-Multispectral\data\raw\rgb\AnnualCrop\AnnualCrop_802.jpg,0,AnnualCrop,0,AnnualCrop,0.9998611211776733,True,2.2290857,13.604315
288,C:\Users\DELL Precision 5550\Documents\GitHub\Terrasight-Eurosat-RGB-vs-Multispectral\data\raw\rgb\AnnualCrop\AnnualCrop_294.jpg,0,AnnualCrop,0,AnnualCrop,0.9677900671958923,True,3.206176,11.954262
289,C:\Users\DELL Precision 5550\Documents\GitHub\Terrasight-Eurosat-RGB-vs-Multispectral\data\raw\rgb\Residential\Residential_1701.jpg,7,Residential,7,Residential,0.9999533891677856,True,-6.1380653,-3.8648896
290,C:\Users\DELL Precision 5550\Documents\GitHub\Terrasight-Eurosat-RGB-vs-Multispectral\data\raw\rgb\Residential\Residential_1167.jpg,7,Residential,7,Residential,0.999998927116394,True,-6.283292,-4.849573
291,C:\Users\DELL Precision 5550\Documents\GitHub\Terrasight-Eurosat-RGB-vs-Multispectral\data\raw\rgb\Residential\Residential_1282.jpg,7,Residential,7,Residential,0.9996908903121948,True,-5.6448674,-3.479754
292,C:\Users\DELL Precision 5550\Documents\GitHub\Terrasight-Eurosat-RGB-vs-Multispectral\data\raw\rgb\AnnualCrop\AnnualCrop_2470.jpg,0,AnnualCrop,0,AnnualCrop,0.9999576807022095,True,2.353239,13.687612
293,C:\Users\DELL Precision 5550\Documents\GitHub\Terrasight-Eurosat-RGB-vs-Multispectral\data\raw\rgb\Residential\Residential_2532.jpg,7,Residential,7,Residential,0.9998927116394043,True,-5.3276453,-4.302994
294,C:\Users\DELL Precision 5550\Documents\GitHub\Terrasight-Eurosat-RGB-vs-Multispectral\data\raw\rgb\HerbaceousVegetation\HerbaceousVegetation_2745.jpg,2,HerbaceousVegetation,2,HerbaceousVegetation,0.9995669722557068,True,3.0750115,1.3418081
295,C:\Users\DELL Precision 5550\Documents\GitHub\Terrasight-Eurosat-RGB-vs-Multispectral\data\raw\rgb\PermanentCrop\PermanentCrop_1162.jpg,6,PermanentCrop,6,PermanentCrop,0.9995208978652954,True,1.596461,4.4160233
296,C:\Users\DELL Precision 5550\Documents\GitHub\Terrasight-Eurosat-RGB-vs-Multispectral\data\raw\rgb\Highway\Highway_680.jpg,3,Highway,3,Highway,0.999390721321106,True,-0.25118536,10.357496
297,C:\Users\DELL Precision 5550\Documents\GitHub\Terrasight-Eurosat-RGB-vs-Multispectral\data\raw\rgb\Forest\Forest_2025.jpg,1,Forest,1,Forest,0.9998918771743774,True,14.003236,-2.6676762
298,C:\Users\DELL Precision 5550\Documents\GitHub\Terrasight-Eurosat-RGB-vs-Multispectral\data\raw\rgb\PermanentCrop\PermanentCrop_400.jpg,6,PermanentCrop,4,Industrial,0.9868104457855225,False,-7.828078,2.1438205
299,C:\Users\DELL Precision 5550\Documents\GitHub\Terrasight-Eurosat-RGB-vs-Multispectral\data\raw\rgb\HerbaceousVegetation\HerbaceousVegetation_1970.jpg,2,HerbaceousVegetation,2,HerbaceousVegetation,0.9999929666519165,True,3.283851,0.23356874
300,C:\Users\DELL Precision 5550\Documents\GitHub\Terrasight-Eurosat-RGB-vs-Multispectral\data\raw\rgb\Forest\Forest_843.jpg,1,Forest,1,Forest,0.9798671007156372,True,13.593301,-0.817956
301,C:\Users\DELL Precision 5550\Documents\GitHub\Terrasight-Eurosat-RGB-vs-Multispectral\data\raw\rgb\HerbaceousVegetation\HerbaceousVegetation_593.jpg,2,HerbaceousVegetation,2,HerbaceousVegetation,0.9999986886978149,True,3.920203,-0.2581462
302,C:\Users\DELL Precision 5550\Documents\GitHub\Terrasight-Eurosat-RGB-vs-Multispectral\data\raw\rgb\Industrial\Industrial_1349.jpg,4,Industrial,4,Industrial,0.9858210682868958,True,-7.24362,1.6685829
303,C:\Users\DELL Precision 5550\Documents\GitHub\Terrasight-Eurosat-RGB-vs-Multispectral\data\raw\rgb\River\River_479.jpg,8,River,8,River,0.9617425203323364,True,4.3153443,10.692835
304,C:\Users\DELL Precision 5550\Documents\GitHub\Terrasight-Eurosat-RGB-vs-Multispectral\data\raw\rgb\Forest\Forest_1034.jpg,1,Forest,1,Forest,0.9998401403427124,True,14.286736,-0.932081
305,C:\Users\DELL Precision 5550\Documents\GitHub\Terrasight-Eurosat-RGB-vs-Multispectral\data\raw\rgb\Industrial\Industrial_2398.jpg,4,Industrial,4,Industrial,0.9999423027038574,True,-8.762607,1.6039947
306,C:\Users\DELL Precision 5550\Documents\GitHub\Terrasight-Eurosat-RGB-vs-Multispectral\data\raw\rgb\River\River_2488.jpg,8,River,8,River,0.8715093731880188,True,3.9035268,11.058886
307,C:\Users\DELL Precision 5550\Documents\GitHub\Terrasight-Eurosat-RGB-vs-Multispectral\data\raw\rgb\HerbaceousVegetation\HerbaceousVegetation_659.jpg,2,HerbaceousVegetation,2,HerbaceousVegetation,0.9991094470024109,True,4.6703606,2.4449406
308,C:\Users\DELL Precision 5550\Documents\GitHub\Terrasight-Eurosat-RGB-vs-Multispectral\data\raw\rgb\Industrial\Industrial_215.jpg,4,Industrial,4,Industrial,0.9955058097839355,True,-7.022367,1.4073743
309,C:\Users\DELL Precision 5550\Documents\GitHub\Terrasight-Eurosat-RGB-vs-Multispectral\data\raw\rgb\Residential\Residential_2097.jpg,7,Residential,7,Residential,0.9999911785125732,True,-6.353869,-4.832275
310,C:\Users\DELL Precision 5550\Documents\GitHub\Terrasight-Eurosat-RGB-vs-Multispectral\data\raw\rgb\Pasture\Pasture_250.jpg,5,Pasture,5,Pasture,0.9266437292098999,True,6.430989,5.135478
311,C:\Users\DELL Precision 5550\Documents\GitHub\Terrasight-Eurosat-RGB-vs-Multispectral\data\raw\rgb\PermanentCrop\PermanentCrop_1235.jpg,6,PermanentCrop,6,PermanentCrop,0.987798273563385,True,1.801433,3.1049728
312,C:\Users\DELL Precision 5550\Documents\GitHub\Terrasight-Eurosat-RGB-vs-Multispectral\data\raw\rgb\Highway\Highway_2126.jpg,3,Highway,3,Highway,0.9989618062973022,True,-0.40091273,10.588676
313,C:\Users\DELL Precision 5550\Documents\GitHub\Terrasight-Eurosat-RGB-vs-Multispectral\data\raw\rgb\Forest\Forest_259.jpg,1,Forest,1,Forest,0.9996969699859619,True,13.84246,-0.90708417
314,C:\Users\DELL Precision 5550\Documents\GitHub\Terrasight-Eurosat-RGB-vs-Multispectral\data\raw\rgb\Industrial\Industrial_1920.jpg,4,Industrial,4,Industrial,0.9927614331245422,True,-6.8537226,1.4341651
315,C:\Users\DELL Precision 5550\Documents\GitHub\Terrasight-Eurosat-RGB-vs-Multispectral\data\raw\rgb\AnnualCrop\AnnualCrop_2163.jpg,0,AnnualCrop,0,AnnualCrop,0.9986308217048645,True,2.9887018,13.283834
316,C:\Users\DELL Precision 5550\Documents\GitHub\Terrasight-Eurosat-RGB-vs-Multispectral\data\raw\rgb\Highway\Highway_1239.jpg,3,Highway,3,Highway,0.9998067021369934,True,-0.16197066,9.94416
317,C:\Users\DELL Precision 5550\Documents\GitHub\Terrasight-Eurosat-RGB-vs-Multispectral\data\raw\rgb\PermanentCrop\PermanentCrop_2176.jpg,6,PermanentCrop,0,AnnualCrop,0.597038209438324,False,2.5768914,11.784999
318,C:\Users\DELL Precision 5550\Documents\GitHub\Terrasight-Eurosat-RGB-vs-Multispectral\data\raw\rgb\AnnualCrop\AnnualCrop_2613.jpg,0,AnnualCrop,0,AnnualCrop,0.9999959468841553,True,2.68832,15.438329
319,C:\Users\DELL Precision 5550\Documents\GitHub\Terrasight-Eurosat-RGB-vs-Multispectral\data\raw\rgb\Pasture\Pasture_486.jpg,5,Pasture,5,Pasture,0.9999974966049194,True,10.724585,7.9099402
320,C:\Users\DELL Precision 5550\Documents\GitHub\Terrasight-Eurosat-RGB-vs-Multispectral\data\raw\rgb\HerbaceousVegetation\HerbaceousVegetation_2718.jpg,2,HerbaceousVegetation,2,HerbaceousVegetation,0.999915361404419,True,3.544598,0.3101967
321,C:\Users\DELL Precision 5550\Documents\GitHub\Terrasight-Eurosat-RGB-vs-Multispectral\data\raw\rgb\Highway\Highway_976.jpg,3,Highway,3,Highway,0.9999994039535522,True,-1.3917294,10.732359
322,C:\Users\DELL Precision 5550\Documents\GitHub\Terrasight-Eurosat-RGB-vs-Multispectral\data\raw\rgb\River\River_380.jpg,8,River,8,River,0.9999686479568481,True,5.4395466,10.442026
323,C:\Users\DELL Precision 5550\Documents\GitHub\Terrasight-Eurosat-RGB-vs-Multispectral\data\raw\rgb\SeaLake\SeaLake_728.jpg,9,SeaLake,9,SeaLake,0.9999891519546509,True,17.259678,13.183937
324,C:\Users\DELL Precision 5550\Documents\GitHub\Terrasight-Eurosat-RGB-vs-Multispectral\data\raw\rgb\River\River_362.jpg,8,River,8,River,0.999992847442627,True,6.5852227,10.7871275
325,C:\Users\DELL Precision 5550\Documents\GitHub\Terrasight-Eurosat-RGB-vs-Multispectral\data\raw\rgb\PermanentCrop\PermanentCrop_1795.jpg,6,PermanentCrop,6,PermanentCrop,0.9048587679862976,True,2.8846989,3.6100945
326,C:\Users\DELL Precision 5550\Documents\GitHub\Terrasight-Eurosat-RGB-vs-Multispectral\data\raw\rgb\River\River_2152.jpg,8,River,8,River,0.9999998807907104,True,6.5566354,10.935296
327,C:\Users\DELL Precision 5550\Documents\GitHub\Terrasight-Eurosat-RGB-vs-Multispectral\data\raw\rgb\AnnualCrop\AnnualCrop_2963.jpg,0,AnnualCrop,0,AnnualCrop,0.9954379200935364,True,2.6225872,12.455725
328,C:\Users\DELL Precision 5550\Documents\GitHub\Terrasight-Eurosat-RGB-vs-Multispectral\data\raw\rgb\Industrial\Industrial_900.jpg,4,Industrial,4,Industrial,0.998532772064209,True,-8.073612,1.470076
329,C:\Users\DELL Precision 5550\Documents\GitHub\Terrasight-Eurosat-RGB-vs-Multispectral\data\raw\rgb\Residential\Residential_1592.jpg,7,Residential,7,Residential,0.9999997615814209,True,-6.4198,-4.909837
330,C:\Users\DELL Precision 5550\Documents\GitHub\Terrasight-Eurosat-RGB-vs-Multispectral\data\raw\rgb\Industrial\Industrial_543.jpg,4,Industrial,4,Industrial,0.9974058270454407,True,-8.057534,1.1646198
331,C:\Users\DELL Precision 5550\Documents\GitHub\Terrasight-Eurosat-RGB-vs-Multispectral\data\raw\rgb\PermanentCrop\PermanentCrop_2428.jpg,6,PermanentCrop,6,PermanentCrop,0.9991880059242249,True,1.7777957,4.525523
332,C:\Users\DELL Precision 5550\Documents\GitHub\Terrasight-Eurosat-RGB-vs-Multispectral\data\raw\rgb\AnnualCrop\AnnualCrop_483.jpg,0,AnnualCrop,0,AnnualCrop,0.999666690826416,True,2.2010493,13.487478
333,C:\Users\DELL Precision 5550\Documents\GitHub\Terrasight-Eurosat-RGB-vs-Multispectral\data\raw\rgb\SeaLake\SeaLake_1351.jpg,9,SeaLake,9,SeaLake,0.9988294243812561,True,15.77514,10.662091
334,C:\Users\DELL Precision 5550\Documents\GitHub\Terrasight-Eurosat-RGB-vs-Multispectral\data\raw\rgb\Industrial\Industrial_1218.jpg,4,Industrial,4,Industrial,0.9858887791633606,True,-7.6995997,1.1830516
335,C:\Users\DELL Precision 5550\Documents\GitHub\Terrasight-Eurosat-RGB-vs-Multispectral\data\raw\rgb\Forest\Forest_2538.jpg,1,Forest,1,Forest,0.9999959468841553,True,14.7431,-1.5325605
336,C:\Users\DELL Precision 5550\Documents\GitHub\Terrasight-Eurosat-RGB-vs-Multispectral\data\raw\rgb\Industrial\Industrial_1551.jpg,4,Industrial,4,Industrial,0.9973884224891663,True,-8.104042,1.2030649
337,C:\Users\DELL Precision 5550\Documents\GitHub\Terrasight-Eurosat-RGB-vs-Multispectral\data\raw\rgb\Forest\Forest_2941.jpg,1,Forest,1,Forest,0.999929666519165,True,13.543541,-1.8546127
338,C:\Users\DELL Precision 5550\Documents\GitHub\Terrasight-Eurosat-RGB-vs-Multispectral\data\raw\rgb\Pasture\Pasture_419.jpg,5,Pasture,5,Pasture,0.8946019411087036,True,6.144587,5.039265
339,C:\Users\DELL Precision 5550\Documents\GitHub\Terrasight-Eurosat-RGB-vs-Multispectral\data\raw\rgb\SeaLake\SeaLake_1368.jpg,9,SeaLake,9,SeaLake,0.9999945163726807,True,16.638655,10.307277
340,C:\Users\DELL Precision 5550\Documents\GitHub\Terrasight-Eurosat-RGB-vs-Multispectral\data\raw\rgb\Forest\Forest_997.jpg,1,Forest,1,Forest,0.9999985694885254,True,14.422947,-2.0861342
341,C:\Users\DELL Precision 5550\Documents\GitHub\Terrasight-Eurosat-RGB-vs-Multispectral\data\raw\rgb\Highway\Highway_1381.jpg,3,Highway,3,Highway,0.9951124787330627,True,0.045132067,9.755197
342,C:\Users\DELL Precision 5550\Documents\GitHub\Terrasight-Eurosat-RGB-vs-Multispectral\data\raw\rgb\Forest\Forest_352.jpg,1,Forest,1,Forest,0.9999587535858154,True,14.233462,-2.0274892
343,C:\Users\DELL Precision 5550\Documents\GitHub\Terrasight-Eurosat-RGB-vs-Multispectral\data\raw\rgb\SeaLake\SeaLake_1870.jpg,9,SeaLake,9,SeaLake,0.9999822378158569,True,17.290934,13.015268
344,C:\Users\DELL Precision 5550\Documents\GitHub\Terrasight-Eurosat-RGB-vs-Multispectral\data\raw\rgb\PermanentCrop\PermanentCrop_254.jpg,6,PermanentCrop,6,PermanentCrop,0.9999237060546875,True,1.184589,4.483266
345,C:\Users\DELL Precision 5550\Documents\GitHub\Terrasight-Eurosat-RGB-vs-Multispectral\data\raw\rgb\Highway\Highway_1618.jpg,3,Highway,3,Highway,0.9996761083602905,True,-0.53193426,9.566219
346,C:\Users\DELL Precision 5550\Documents\GitHub\Terrasight-Eurosat-RGB-vs-Multispectral\data\raw\rgb\AnnualCrop\AnnualCrop_1973.jpg,0,AnnualCrop,0,AnnualCrop,0.9342970848083496,True,2.7018979,11.779354
347,C:\Users\DELL Precision 5550\Documents\GitHub\Terrasight-Eurosat-RGB-vs-Multispectral\data\raw\rgb\PermanentCrop\PermanentCrop_288.jpg,6,PermanentCrop,6,PermanentCrop,0.9999774694442749,True,1.0648491,3.7221143
348,C:\Users\DELL Precision 5550\Documents\GitHub\Terrasight-Eurosat-RGB-vs-Multispectral\data\raw\rgb\Residential\Residential_1735.jpg,7,Residential,7,Residential,0.9992903470993042,True,-6.7114487,-4.5426483
349,C:\Users\DELL Precision 5550\Documents\GitHub\Terrasight-Eurosat-RGB-vs-Multispectral\data\raw\rgb\Industrial\Industrial_510.jpg,4,Industrial,4,Industrial,0.9960939288139343,True,-7.2185183,1.7764258
350,C:\Users\DELL Precision 5550\Documents\GitHub\Terrasight-Eurosat-RGB-vs-Multispectral\data\raw\rgb\Pasture\Pasture_1836.jpg,5,Pasture,5,Pasture,0.9999920129776001,True,10.364543,7.8096185
351,C:\Users\DELL Precision 5550\Documents\GitHub\Terrasight-Eurosat-RGB-vs-Multispectral\data\raw\rgb\AnnualCrop\AnnualCrop_2525.jpg,0,AnnualCrop,0,AnnualCrop,1.0,True,2.4555247,15.810651
352,C:\Users\DELL Precision 5550\Documents\GitHub\Terrasight-Eurosat-RGB-vs-Multispectral\data\raw\rgb\Highway\Highway_670.jpg,3,Highway,3,Highway,0.9989757537841797,True,-0.04831181,9.739419
353,C:\Users\DELL Precision 5550\Documents\GitHub\Terrasight-Eurosat-RGB-vs-Multispectral\data\raw\rgb\Pasture\Pasture_1612.jpg,5,Pasture,5,Pasture,0.9998562335968018,True,10.253812,7.7491045
354,C:\Users\DELL Precision 5550\Documents\GitHub\Terrasight-Eurosat-RGB-vs-Multispectral\data\raw\rgb\River\River_1318.jpg,8,River,8,River,0.9117929339408875,True,4.441752,10.850693
355,C:\Users\DELL Precision 5550\Documents\GitHub\Terrasight-Eurosat-RGB-vs-Multispectral\data\raw\rgb\Pasture\Pasture_1009.jpg,5,Pasture,5,Pasture,0.9933919310569763,True,6.394524,5.172992
356,C:\Users\DELL Precision 5550\Documents\GitHub\Terrasight-Eurosat-RGB-vs-Multispectral\data\raw\rgb\Residential\Residential_2410.jpg,7,Residential,7,Residential,0.9923001527786255,True,-5.608624,-2.9478483
357,C:\Users\DELL Precision 5550\Documents\GitHub\Terrasight-Eurosat-RGB-vs-Multispectral\data\raw\rgb\AnnualCrop\AnnualCrop_938.jpg,0,AnnualCrop,0,AnnualCrop,0.9998959302902222,True,2.5630863,13.53584
358,C:\Users\DELL Precision 5550\Documents\GitHub\Terrasight-Eurosat-RGB-vs-Multispectral\data\raw\rgb\Forest\Forest_853.jpg,1,Forest,1,Forest,0.8284412622451782,True,13.310988,-1.0968262
359,C:\Users\DELL Precision 5550\Documents\GitHub\Terrasight-Eurosat-RGB-vs-Multispectral\data\raw\rgb\SeaLake\SeaLake_689.jpg,9,SeaLake,9,SeaLake,0.999819815158844,True,16.264128,12.236632
360,C:\Users\DELL Precision 5550\Documents\GitHub\Terrasight-Eurosat-RGB-vs-Multispectral\data\raw\rgb\PermanentCrop\PermanentCrop_1339.jpg,6,PermanentCrop,2,HerbaceousVegetation,0.6112757325172424,False,3.142283,3.6987925
361,C:\Users\DELL Precision 5550\Documents\GitHub\Terrasight-Eurosat-RGB-vs-Multispectral\data\raw\rgb\SeaLake\SeaLake_2848.jpg,9,SeaLake,9,SeaLake,0.9997557997703552,True,17.537085,11.57071
362,C:\Users\DELL Precision 5550\Documents\GitHub\Terrasight-Eurosat-RGB-vs-Multispectral\data\raw\rgb\Forest\Forest_1120.jpg,1,Forest,1,Forest,0.9703697562217712,True,13.772918,-0.5737735
363,C:\Users\DELL Precision 5550\Documents\GitHub\Terrasight-Eurosat-RGB-vs-Multispectral\data\raw\rgb\Highway\Highway_2078.jpg,3,Highway,2,HerbaceousVegetation,0.819794774055481,False,-0.45789617,9.886582
364,C:\Users\DELL Precision 5550\Documents\GitHub\Terrasight-Eurosat-RGB-vs-Multispectral\data\raw\rgb\Industrial\Industrial_1104.jpg,4,Industrial,4,Industrial,0.9998503923416138,True,-8.875411,1.6317421
365,C:\Users\DELL Precision 5550\Documents\GitHub\Terrasight-Eurosat-RGB-vs-Multispectral\data\raw\rgb\HerbaceousVegetation\HerbaceousVegetation_827.jpg,2,HerbaceousVegetation,2,HerbaceousVegetation,0.9993228912353516,True,4.137679,1.4922948
366,C:\Users\DELL Precision 5550\Documents\GitHub\Terrasight-Eurosat-RGB-vs-Multispectral\data\raw\rgb\Residential\Residential_135.jpg,7,Residential,7,Residential,0.9999892711639404,True,-6.5996065,-4.7744555
367,C:\Users\DELL Precision 5550\Documents\GitHub\Terrasight-Eurosat-RGB-vs-Multispectral\data\raw\rgb\River\River_2340.jpg,8,River,8,River,0.9997411370277405,True,5.0587287,10.943023
368,C:\Users\DELL Precision 5550\Documents\GitHub\Terrasight-Eurosat-RGB-vs-Multispectral\data\raw\rgb\Industrial\Industrial_760.jpg,4,Industrial,4,Industrial,0.9958040118217468,True,-7.2156725,1.8259761
369,C:\Users\DELL Precision 5550\Documents\GitHub\Terrasight-Eurosat-RGB-vs-Multispectral\data\raw\rgb\AnnualCrop\AnnualCrop_2369.jpg,0,AnnualCrop,0,AnnualCrop,0.9996507167816162,True,2.1689196,13.895706
370,C:\Users\DELL Precision 5550\Documents\GitHub\Terrasight-Eurosat-RGB-vs-Multispectral\data\raw\rgb\PermanentCrop\PermanentCrop_2324.jpg,6,PermanentCrop,6,PermanentCrop,0.9761255383491516,True,2.3633916,4.497806
371,C:\Users\DELL Precision 5550\Documents\GitHub\Terrasight-Eurosat-RGB-vs-Multispectral\data\raw\rgb\PermanentCrop\PermanentCrop_1568.jpg,6,PermanentCrop,6,PermanentCrop,0.9999885559082031,True,1.0728979,3.9278553
372,C:\Users\DELL Precision 5550\Documents\GitHub\Terrasight-Eurosat-RGB-vs-Multispectral\data\raw\rgb\Residential\Residential_2800.jpg,7,Residential,7,Residential,0.9768150448799133,True,-5.0450974,-2.6533232
373,C:\Users\DELL Precision 5550\Documents\GitHub\Terrasight-Eurosat-RGB-vs-Multispectral\data\raw\rgb\Pasture\Pasture_1062.jpg,5,Pasture,5,Pasture,0.5921416282653809,True,0.32804972,9.982744
374,C:\Users\DELL Precision 5550\Documents\GitHub\Terrasight-Eurosat-RGB-vs-Multispectral\data\raw\rgb\Forest\Forest_1146.jpg,1,Forest,1,Forest,0.9999971389770508,True,14.446714,-2.7155771
375,C:\Users\DELL Precision 5550\Documents\GitHub\Terrasight-Eurosat-RGB-vs-Multispectral\data\raw\rgb\Residential\Residential_2028.jpg,7,Residential,7,Residential,0.84490966796875,True,-6.1384625,-2.863353
376,C:\Users\DELL Precision 5550\Documents\GitHub\Terrasight-Eurosat-RGB-vs-Multispectral\data\raw\rgb\Residential\Residential_2862.jpg,7,Residential,7,Residential,0.9968409538269043,True,-6.6929784,-3.9987395
377,C:\Users\DELL Precision 5550\Documents\GitHub\Terrasight-Eurosat-RGB-vs-Multispectral\data\raw\rgb\River\River_191.jpg,8,River,8,River,0.9999912977218628,True,6.6025343,10.738366
378,C:\Users\DELL Precision 5550\Documents\GitHub\Terrasight-Eurosat-RGB-vs-Multispectral\data\raw\rgb\River\River_418.jpg,8,River,8,River,0.9257586002349854,True,4.302743,10.438704
379,C:\Users\DELL Precision 5550\Documents\GitHub\Terrasight-Eurosat-RGB-vs-Multispectral\data\raw\rgb\Forest\Forest_576.jpg,1,Forest,1,Forest,0.9874982237815857,True,14.051209,-1.0242064
380,C:\Users\DELL Precision 5550\Documents\GitHub\Terrasight-Eurosat-RGB-vs-Multispectral\data\raw\rgb\Forest\Forest_1363.jpg,1,Forest,1,Forest,1.0,True,14.9131,-3.111044
381,C:\Users\DELL Precision 5550\Documents\GitHub\Terrasight-Eurosat-RGB-vs-Multispectral\data\raw\rgb\Highway\Highway_1557.jpg,3,Highway,3,Highway,0.9989945292472839,True,-0.62445587,10.325341
382,C:\Users\DELL Precision 5550\Documents\GitHub\Terrasight-Eurosat-RGB-vs-Multispectral\data\raw\rgb\Industrial\Industrial_1165.jpg,4,Industrial,4,Industrial,0.9951139092445374,True,-7.775045,1.9177227
383,C:\Users\DELL Precision 5550\Documents\GitHub\Terrasight-Eurosat-RGB-vs-Multispectral\data\raw\rgb\River\River_1675.jpg,8,River,8,River,0.9999990463256836,True,6.69788,11.020621
384,C:\Users\DELL Precision 5550\Documents\GitHub\Terrasight-Eurosat-RGB-vs-Multispectral\data\raw\rgb\HerbaceousVegetation\HerbaceousVegetation_2827.jpg,2,HerbaceousVegetation,2,HerbaceousVegetation,0.9954949617385864,True,3.6746252,1.356075
385,C:\Users\DELL Precision 5550\Documents\GitHub\Terrasight-Eurosat-RGB-vs-Multispectral\data\raw\rgb\PermanentCrop\PermanentCrop_194.jpg,6,PermanentCrop,8,River,0.6580430865287781,False,3.2537525,11.059164
386,C:\Users\DELL Precision 5550\Documents\GitHub\Terrasight-Eurosat-RGB-vs-Multispectral\data\raw\rgb\PermanentCrop\PermanentCrop_224.jpg,6,PermanentCrop,6,PermanentCrop,0.9999998807907104,True,0.80130094,3.9999657
387,C:\Users\DELL Precision 5550\Documents\GitHub\Terrasight-Eurosat-RGB-vs-Multispectral\data\raw\rgb\AnnualCrop\AnnualCrop_2761.jpg,0,AnnualCrop,0,AnnualCrop,0.9953204989433289,True,3.0050807,13.749656
388,C:\Users\DELL Precision 5550\Documents\GitHub\Terrasight-Eurosat-RGB-vs-Multispectral\data\raw\rgb\AnnualCrop\AnnualCrop_2273.jpg,0,AnnualCrop,0,AnnualCrop,0.9461023807525635,True,2.9302754,12.0308485
389,C:\Users\DELL Precision 5550\Documents\GitHub\Terrasight-Eurosat-RGB-vs-Multispectral\data\raw\rgb\PermanentCrop\PermanentCrop_1175.jpg,6,PermanentCrop,6,PermanentCrop,0.9736348390579224,True,2.3647923,4.7623463
390,C:\Users\DELL Precision 5550\Documents\GitHub\Terrasight-Eurosat-RGB-vs-Multispectral\data\raw\rgb\SeaLake\SeaLake_1336.jpg,9,SeaLake,9,SeaLake,0.9978407621383667,True,15.824494,11.621775
391,C:\Users\DELL Precision 5550\Documents\GitHub\Terrasight-Eurosat-RGB-vs-Multispectral\data\raw\rgb\Forest\Forest_2425.jpg,1,Forest,1,Forest,0.9997091889381409,True,13.517307,-2.4990551
392,C:\Users\DELL Precision 5550\Documents\GitHub\Terrasight-Eurosat-RGB-vs-Multispectral\data\raw\rgb\Industrial\Industrial_2323.jpg,4,Industrial,4,Industrial,0.9994014501571655,True,-7.624706,2.0619502
393,C:\Users\DELL Precision 5550\Documents\GitHub\Terrasight-Eurosat-RGB-vs-Multispectral\data\raw\rgb\AnnualCrop\AnnualCrop_2708.jpg,0,AnnualCrop,0,AnnualCrop,0.9824798107147217,True,3.0866077,11.989412
394,C:\Users\DELL Precision 5550\Documents\GitHub\Terrasight-Eurosat-RGB-vs-Multispectral\data\raw\rgb\Industrial\Industrial_1603.jpg,4,Industrial,4,Industrial,0.8254976272583008,True,-7.1494603,1.1007689
395,C:\Users\DELL Precision 5550\Documents\GitHub\Terrasight-Eurosat-RGB-vs-Multispectral\data\raw\rgb\AnnualCrop\AnnualCrop_1359.jpg,0,AnnualCrop,0,AnnualCrop,0.9926186203956604,True,2.5489178,12.616455
396,C:\Users\DELL Precision 5550\Documents\GitHub\Terrasight-Eurosat-RGB-vs-Multispectral\data\raw\rgb\AnnualCrop\AnnualCrop_1768.jpg,0,AnnualCrop,0,AnnualCrop,0.9989486336708069,True,2.4543018,13.070782
397,C:\Users\DELL Precision 5550\Documents\GitHub\Terrasight-Eurosat-RGB-vs-Multispectral\data\raw\rgb\Forest\Forest_1122.jpg,1,Forest,1,Forest,0.9999985694885254,True,14.520196,-2.9722538
398,C:\Users\DELL Precision 5550\Documents\GitHub\Terrasight-Eurosat-RGB-vs-Multispectral\data\raw\rgb\HerbaceousVegetation\HerbaceousVegetation_2647.jpg,2,HerbaceousVegetation,2,HerbaceousVegetation,0.9999493360519409,True,4.2254972,0.7025668
399,C:\Users\DELL Precision 5550\Documents\GitHub\Terrasight-Eurosat-RGB-vs-Multispectral\data\raw\rgb\SeaLake\SeaLake_450.jpg,9,SeaLake,9,SeaLake,0.6866320967674255,True,16.141735,11.178242
400,C:\Users\DELL Precision 5550\Documents\GitHub\Terrasight-Eurosat-RGB-vs-Multispectral\data\raw\rgb\PermanentCrop\PermanentCrop_904.jpg,6,PermanentCrop,6,PermanentCrop,0.9997419714927673,True,1.1851021,4.548573
401,C:\Users\DELL Precision 5550\Documents\GitHub\Terrasight-Eurosat-RGB-vs-Multispectral\data\raw\rgb\Forest\Forest_2646.jpg,1,Forest,1,Forest,0.9999297857284546,True,13.498732,-1.9000661
402,C:\Users\DELL Precision 5550\Documents\GitHub\Terrasight-Eurosat-RGB-vs-Multispectral\data\raw\rgb\Industrial\Industrial_2017.jpg,4,Industrial,4,Industrial,0.9931961297988892,True,-6.985777,1.3342344
403,C:\Users\DELL Precision 5550\Documents\GitHub\Terrasight-Eurosat-RGB-vs-Multispectral\data\raw\rgb\SeaLake\SeaLake_1423.jpg,9,SeaLake,9,SeaLake,0.9998555183410645,True,17.579187,11.826164
404,C:\Users\DELL Precision 5550\Documents\GitHub\Terrasight-Eurosat-RGB-vs-Multispectral\data\raw\rgb\HerbaceousVegetation\HerbaceousVegetation_813.jpg,2,HerbaceousVegetation,2,HerbaceousVegetation,0.958461344242096,True,3.3709748,3.7036748
405,C:\Users\DELL Precision 5550\Documents\GitHub\Terrasight-Eurosat-RGB-vs-Multispectral\data\raw\rgb\Residential\Residential_1093.jpg,7,Residential,7,Residential,0.9939867258071899,True,-5.730885,-3.094724
406,C:\Users\DELL Precision 5550\Documents\GitHub\Terrasight-Eurosat-RGB-vs-Multispectral\data\raw\rgb\Pasture\Pasture_528.jpg,5,Pasture,5,Pasture,0.9162368178367615,True,6.587706,4.791371
407,C:\Users\DELL Precision 5550\Documents\GitHub\Terrasight-Eurosat-RGB-vs-Multispectral\data\raw\rgb\Residential\Residential_386.jpg,7,Residential,3,Highway,0.6613181829452515,False,-0.1233045,9.476376
408,C:\Users\DELL Precision 5550\Documents\GitHub\Terrasight-Eurosat-RGB-vs-Multispectral\data\raw\rgb\HerbaceousVegetation\HerbaceousVegetation_1264.jpg,2,HerbaceousVegetation,2,HerbaceousVegetation,0.9998689889907837,True,2.8221343,0.88765746
409,C:\Users\DELL Precision 5550\Documents\GitHub\Terrasight-Eurosat-RGB-vs-Multispectral\data\raw\rgb\Residential\Residential_2130.jpg,7,Residential,7,Residential,0.9950039982795715,True,-5.8716693,-3.2685046
410,C:\Users\DELL Precision 5550\Documents\GitHub\Terrasight-Eurosat-RGB-vs-Multispectral\data\raw\rgb\Industrial\Industrial_1299.jpg,4,Industrial,4,Industrial,0.9963228702545166,True,-7.4516206,1.318028
411,C:\Users\DELL Precision 5550\Documents\GitHub\Terrasight-Eurosat-RGB-vs-Multispectral\data\raw\rgb\AnnualCrop\AnnualCrop_82.jpg,0,AnnualCrop,0,AnnualCrop,0.9991687536239624,True,2.939586,13.34375
412,C:\Users\DELL Precision 5550\Documents\GitHub\Terrasight-Eurosat-RGB-vs-Multispectral\data\raw\rgb\Pasture\Pasture_983.jpg,5,Pasture,5,Pasture,0.9997681975364685,True,7.1782928,5.2223563
413,C:\Users\DELL Precision 5550\Documents\GitHub\Terrasight-Eurosat-RGB-vs-Multispectral\data\raw\rgb\AnnualCrop\AnnualCrop_2165.jpg,0,AnnualCrop,0,AnnualCrop,0.997945249080658,True,2.416758,13.118517
414,C:\Users\DELL Precision 5550\Documents\GitHub\Terrasight-Eurosat-RGB-vs-Multispectral\data\raw\rgb\Forest\Forest_645.jpg,1,Forest,1,Forest,0.9999991655349731,True,14.488457,-3.0769913
415,C:\Users\DELL Precision 5550\Documents\GitHub\Terrasight-Eurosat-RGB-vs-Multispectral\data\raw\rgb\Industrial\Industrial_507.jpg,4,Industrial,4,Industrial,0.9816082119941711,True,-7.2890396,0.9863411
416,C:\Users\DELL Precision 5550\Documents\GitHub\Terrasight-Eurosat-RGB-vs-Multispectral\data\raw\rgb\AnnualCrop\AnnualCrop_2515.jpg,0,AnnualCrop,0,AnnualCrop,0.9999996423721313,True,2.5798507,16.051527
417,C:\Users\DELL Precision 5550\Documents\GitHub\Terrasight-Eurosat-RGB-vs-Multispectral\data\raw\rgb\Industrial\Industrial_559.jpg,4,Industrial,4,Industrial,0.9994317889213562,True,-7.707761,2.1618247
418,C:\Users\DELL Precision 5550\Documents\GitHub\Terrasight-Eurosat-RGB-vs-Multispectral\data\raw\rgb\AnnualCrop\AnnualCrop_2227.jpg,0,AnnualCrop,0,AnnualCrop,0.9999849796295166,True,2.223371,14.556242
419,C:\Users\DELL Precision 5550\Documents\GitHub\Terrasight-Eurosat-RGB-vs-Multispectral\data\raw\rgb\Industrial\Industrial_1556.jpg,4,Industrial,4,Industrial,0.9995348453521729,True,-8.4186,1.3080157
420,C:\Users\DELL Precision 5550\Documents\GitHub\Terrasight-Eurosat-RGB-vs-Multispectral\data\raw\rgb\HerbaceousVegetation\HerbaceousVegetation_1504.jpg,2,HerbaceousVegetation,2,HerbaceousVegetation,0.9999997615814209,True,3.2117095,0.7325301
421,C:\Users\DELL Precision 5550\Documents\GitHub\Terrasight-Eurosat-RGB-vs-Multispectral\data\raw\rgb\AnnualCrop\AnnualCrop_2436.jpg,0,AnnualCrop,0,AnnualCrop,0.9998792409896851,True,2.722512,14.374405
422,C:\Users\DELL Precision 5550\Documents\GitHub\Terrasight-Eurosat-RGB-vs-Multispectral\data\raw\rgb\Pasture\Pasture_750.jpg,5,Pasture,5,Pasture,0.9779856204986572,True,6.873443,5.784368
423,C:\Users\DELL Precision 5550\Documents\GitHub\Terrasight-Eurosat-RGB-vs-Multispectral\data\raw\rgb\River\River_758.jpg,8,River,8,River,0.9968260526657104,True,4.752919,10.28641
424,C:\Users\DELL Precision 5550\Documents\GitHub\Terrasight-Eurosat-RGB-vs-Multispectral\data\raw\rgb\SeaLake\SeaLake_166.jpg,9,SeaLake,9,SeaLake,0.9998290538787842,True,17.617132,11.791052
425,C:\Users\DELL Precision 5550\Documents\GitHub\Terrasight-Eurosat-RGB-vs-Multispectral\data\raw\rgb\HerbaceousVegetation\HerbaceousVegetation_2632.jpg,2,HerbaceousVegetation,2,HerbaceousVegetation,0.9975526928901672,True,4.387802,0.188241
426,C:\Users\DELL Precision 5550\Documents\GitHub\Terrasight-Eurosat-RGB-vs-Multispectral\data\raw\rgb\AnnualCrop\AnnualCrop_2217.jpg,0,AnnualCrop,0,AnnualCrop,0.9999464750289917,True,2.4211738,14.317378
427,C:\Users\DELL Precision 5550\Documents\GitHub\Terrasight-Eurosat-RGB-vs-Multispectral\data\raw\rgb\SeaLake\SeaLake_36.jpg,9,SeaLake,9,SeaLake,0.9202263951301575,True,15.976839,11.388851
428,C:\Users\DELL Precision 5550\Documents\GitHub\Terrasight-Eurosat-RGB-vs-Multispectral\data\raw\rgb\HerbaceousVegetation\HerbaceousVegetation_1991.jpg,2,HerbaceousVegetation,2,HerbaceousVegetation,0.990105926990509,True,3.9349973,1.6239005
429,C:\Users\DELL Precision 5550\Documents\GitHub\Terrasight-Eurosat-RGB-vs-Multispectral\data\raw\rgb\Highway\Highway_1030.jpg,3,Highway,3,Highway,0.9988862872123718,True,-0.06707604,10.451048
430,C:\Users\DELL Precision 5550\Documents\GitHub\Terrasight-Eurosat-RGB-vs-Multispectral\data\raw\rgb\Forest\Forest_946.jpg,1,Forest,1,Forest,0.9999467134475708,True,13.491695,-1.8754689
431,C:\Users\DELL Precision 5550\Documents\GitHub\Terrasight-Eurosat-RGB-vs-Multispectral\data\raw\rgb\Forest\Forest_429.jpg,1,Forest,1,Forest,0.9999997615814209,True,14.737,-2.7508903
432,C:\Users\DELL Precision 5550\Documents\GitHub\Terrasight-Eurosat-RGB-vs-Multispectral\data\raw\rgb\HerbaceousVegetation\HerbaceousVegetation_1022.jpg,2,HerbaceousVegetation,5,Pasture,0.6673803329467773,False,6.158989,4.8523507
433,C:\Users\DELL Precision 5550\Documents\GitHub\Terrasight-Eurosat-RGB-vs-Multispectral\data\raw\rgb\SeaLake\SeaLake_1386.jpg,9,SeaLake,9,SeaLake,0.8089187741279602,True,15.720526,10.901804
434,C:\Users\DELL Precision 5550\Documents\GitHub\Terrasight-Eurosat-RGB-vs-Multispectral\data\raw\rgb\Forest\Forest_948.jpg,1,Forest,1,Forest,0.9994186162948608,True,13.237792,-1.7630166
435,C:\Users\DELL Precision 5550\Documents\GitHub\Terrasight-Eurosat-RGB-vs-Multispectral\data\raw\rgb\SeaLake\SeaLake_177.jpg,9,SeaLake,9,SeaLake,0.9985093474388123,True,16.07018,11.912878
436,C:\Users\DELL Precision 5550\Documents\GitHub\Terrasight-Eurosat-RGB-vs-Multispectral\data\raw\rgb\Pasture\Pasture_219.jpg,5,Pasture,5,Pasture,0.9684594869613647,True,6.2729354,4.9454255
437,C:\Users\DELL Precision 5550\Documents\GitHub\Terrasight-Eurosat-RGB-vs-Multispectral\data\raw\rgb\Industrial\Industrial_2445.jpg,4,Industrial,4,Industrial,0.9859641790390015,True,-7.192487,1.614807
438,C:\Users\DELL Precision 5550\Documents\GitHub\Terrasight-Eurosat-RGB-vs-Multispectral\data\raw\rgb\HerbaceousVegetation\HerbaceousVegetation_2573.jpg,2,HerbaceousVegetation,2,HerbaceousVegetation,0.9964507818222046,True,3.8506513,1.9496752
439,C:\Users\DELL Precision 5550\Documents\GitHub\Terrasight-Eurosat-RGB-vs-Multispectral\data\raw\rgb\Pasture\Pasture_1437.jpg,5,Pasture,5,Pasture,0.9932026863098145,True,6.3593698,5.0355396
440,C:\Users\DELL Precision 5550\Documents\GitHub\Terrasight-Eurosat-RGB-vs-Multispectral\data\raw\rgb\PermanentCrop\PermanentCrop_2070.jpg,6,PermanentCrop,6,PermanentCrop,0.8813394904136658,True,2.418858,4.3412867
441,C:\Users\DELL Precision 5550\Documents\GitHub\Terrasight-Eurosat-RGB-vs-Multispectral\data\raw\rgb\AnnualCrop\AnnualCrop_1640.jpg,0,AnnualCrop,0,AnnualCrop,0.9999951124191284,True,2.3251934,14.434893
442,C:\Users\DELL Precision 5550\Documents\GitHub\Terrasight-Eurosat-RGB-vs-Multispectral\data\raw\rgb\Pasture\Pasture_650.jpg,5,Pasture,5,Pasture,0.9936158657073975,True,6.6057897,5.347857
443,C:\Users\DELL Precision 5550\Documents\GitHub\Terrasight-Eurosat-RGB-vs-Multispectral\data\raw\rgb\Industrial\Industrial_1849.jpg,4,Industrial,4,Industrial,0.9994105100631714,True,-8.474642,1.3849409
444,C:\Users\DELL Precision 5550\Documents\GitHub\Terrasight-Eurosat-RGB-vs-Multispectral\data\raw\rgb\SeaLake\SeaLake_21.jpg,9,SeaLake,9,SeaLake,0.9995235204696655,True,16.369284,12.59566
445,C:\Users\DELL Precision 5550\Documents\GitHub\Terrasight-Eurosat-RGB-vs-Multispectral\data\raw\rgb\AnnualCrop\AnnualCrop_1879.jpg,0,AnnualCrop,0,AnnualCrop,0.9978038668632507,True,2.7483346,12.554801
446,C:\Users\DELL Precision 5550\Documents\GitHub\Terrasight-Eurosat-RGB-vs-Multispectral\data\raw\rgb\PermanentCrop\PermanentCrop_1495.jpg,6,PermanentCrop,3,Highway,0.7572908997535706,False,0.51373553,9.92019
447,C:\Users\DELL Precision 5550\Documents\GitHub\Terrasight-Eurosat-RGB-vs-Multispectral\data\raw\rgb\Forest\Forest_884.jpg,1,Forest,1,Forest,0.9999260902404785,True,14.836077,-3.1814349
448,C:\Users\DELL Precision 5550\Documents\GitHub\Terrasight-Eurosat-RGB-vs-Multispectral\data\raw\rgb\Pasture\Pasture_1105.jpg,5,Pasture,5,Pasture,0.9999978542327881,True,10.426547,7.8529844
449,C:\Users\DELL Precision 5550\Documents\GitHub\Terrasight-Eurosat-RGB-vs-Multispectral\data\raw\rgb\SeaLake\SeaLake_2710.jpg,9,SeaLake,9,SeaLake,0.9999054670333862,True,17.42007,12.156511
450,C:\Users\DELL Precision 5550\Documents\GitHub\Terrasight-Eurosat-RGB-vs-Multispectral\data\raw\rgb\Pasture\Pasture_989.jpg,5,Pasture,5,Pasture,0.9989160299301147,True,6.926468,5.7870016
451,C:\Users\DELL Precision 5550\Documents\GitHub\Terrasight-Eurosat-RGB-vs-Multispectral\data\raw\rgb\SeaLake\SeaLake_1070.jpg,9,SeaLake,9,SeaLake,0.9999071359634399,True,17.539587,12.034304
452,C:\Users\DELL Precision 5550\Documents\GitHub\Terrasight-Eurosat-RGB-vs-Multispectral\data\raw\rgb\SeaLake\SeaLake_2910.jpg,9,SeaLake,9,SeaLake,0.9990206956863403,True,15.871502,10.585655
453,C:\Users\DELL Precision 5550\Documents\GitHub\Terrasight-Eurosat-RGB-vs-Multispectral\data\raw\rgb\HerbaceousVegetation\HerbaceousVegetation_2085.jpg,2,HerbaceousVegetation,2,HerbaceousVegetation,0.9999781847000122,True,3.2904108,0.97335535
454,C:\Users\DELL Precision 5550\Documents\GitHub\Terrasight-Eurosat-RGB-vs-Multispectral\data\raw\rgb\Highway\Highway_269.jpg,3,Highway,3,Highway,0.9987139701843262,True,-0.9313091,10.140514
455,C:\Users\DELL Precision 5550\Documents\GitHub\Terrasight-Eurosat-RGB-vs-Multispectral\data\raw\rgb\SeaLake\SeaLake_2286.jpg,9,SeaLake,9,SeaLake,0.9954989552497864,True,15.871322,11.298843
456,C:\Users\DELL Precision 5550\Documents\GitHub\Terrasight-Eurosat-RGB-vs-Multispectral\data\raw\rgb\Pasture\Pasture_1782.jpg,5,Pasture,5,Pasture,0.8788676261901855,True,6.482745,4.749702
457,C:\Users\DELL Precision 5550\Documents\GitHub\Terrasight-Eurosat-RGB-vs-Multispectral\data\raw\rgb\Forest\Forest_1890.jpg,1,Forest,1,Forest,0.9999918937683105,True,14.1322565,-2.3815413
458,C:\Users\DELL Precision 5550\Documents\GitHub\Terrasight-Eurosat-RGB-vs-Multispectral\data\raw\rgb\SeaLake\SeaLake_211.jpg,9,SeaLake,9,SeaLake,0.9983678460121155,True,15.729334,10.778495
459,C:\Users\DELL Precision 5550\Documents\GitHub\Terrasight-Eurosat-RGB-vs-Multispectral\data\raw\rgb\River\River_2352.jpg,8,River,8,River,0.9999898672103882,True,6.2486224,10.386329
460,C:\Users\DELL Precision 5550\Documents\GitHub\Terrasight-Eurosat-RGB-vs-Multispectral\data\raw\rgb\AnnualCrop\AnnualCrop_1179.jpg,0,AnnualCrop,0,AnnualCrop,0.999671459197998,True,2.9627123,13.102959
461,C:\Users\DELL Precision 5550\Documents\GitHub\Terrasight-Eurosat-RGB-vs-Multispectral\data\raw\rgb\Residential\Residential_134.jpg,7,Residential,7,Residential,0.9920122027397156,True,-4.94437,-2.7504458
462,C:\Users\DELL Precision 5550\Documents\GitHub\Terrasight-Eurosat-RGB-vs-Multispectral\data\raw\rgb\Highway\Highway_1784.jpg,3,Highway,3,Highway,0.9999110698699951,True,-0.8664143,10.723995
463,C:\Users\DELL Precision 5550\Documents\GitHub\Terrasight-Eurosat-RGB-vs-Multispectral\data\raw\rgb\Pasture\Pasture_1329.jpg,5,Pasture,5,Pasture,0.9999253749847412,True,7.738472,5.558754
464,C:\Users\DELL Precision 5550\Documents\GitHub\Terrasight-Eurosat-RGB-vs-Multispectral\data\raw\rgb\River\River_673.jpg,8,River,8,River,0.9660873413085938,True,4.448771,10.91757
465,C:\Users\DELL Precision 5550\Documents\GitHub\Terrasight-Eurosat-RGB-vs-Multispectral\data\raw\rgb\SeaLake\SeaLake_2587.jpg,9,SeaLake,9,SeaLake,0.9996440410614014,True,16.61537,11.552507
466,C:\Users\DELL Precision 5550\Documents\GitHub\Terrasight-Eurosat-RGB-vs-Multispectral\data\raw\rgb\SeaLake\SeaLake_2103.jpg,9,SeaLake,9,SeaLake,0.9999792575836182,True,16.898998,10.7968235
467,C:\Users\DELL Precision 5550\Documents\GitHub\Terrasight-Eurosat-RGB-vs-Multispectral\data\raw\rgb\Residential\Residential_2515.jpg,7,Residential,7,Residential,0.9952680468559265,True,-5.477707,-2.929528
468,C:\Users\DELL Precision 5550\Documents\GitHub\Terrasight-Eurosat-RGB-vs-Multispectral\data\raw\rgb\SeaLake\SeaLake_1672.jpg,9,SeaLake,9,SeaLake,0.9993088245391846,True,15.914677,11.815942
469,C:\Users\DELL Precision 5550\Documents\GitHub\Terrasight-Eurosat-RGB-vs-Multispectral\data\raw\rgb\HerbaceousVegetation\HerbaceousVegetation_10.jpg,2,HerbaceousVegetation,2,HerbaceousVegetation,0.9998576641082764,True,3.3540874,1.0536997
470,C:\Users\DELL Precision 5550\Documents\GitHub\Terrasight-Eurosat-RGB-vs-Multispectral\data\raw\rgb\Forest\Forest_1320.jpg,1,Forest,1,Forest,0.9999804496765137,True,14.762845,-1.8050344
471,C:\Users\DELL Precision 5550\Documents\GitHub\Terrasight-Eurosat-RGB-vs-Multispectral\data\raw\rgb\Residential\Residential_494.jpg,7,Residential,7,Residential,0.9999794960021973,True,-5.4885397,-3.68311
472,C:\Users\DELL Precision 5550\Documents\GitHub\Terrasight-Eurosat-RGB-vs-Multispectral\data\raw\rgb\PermanentCrop\PermanentCrop_768.jpg,6,PermanentCrop,6,PermanentCrop,0.9984413981437683,True,2.1882122,4.418745
473,C:\Users\DELL Precision 5550\Documents\GitHub\Terrasight-Eurosat-RGB-vs-Multispectral\data\raw\rgb\Industrial\Industrial_1567.jpg,4,Industrial,4,Industrial,0.9950240254402161,True,-7.941648,1.4989073
474,C:\Users\DELL Precision 5550\Documents\GitHub\Terrasight-Eurosat-RGB-vs-Multispectral\data\raw\rgb\HerbaceousVegetation\HerbaceousVegetation_1107.jpg,2,HerbaceousVegetation,2,HerbaceousVegetation,0.9933846592903137,True,3.9514773,1.6759294
475,C:\Users\DELL Precision 5550\Documents\GitHub\Terrasight-Eurosat-RGB-vs-Multispectral\data\raw\rgb\HerbaceousVegetation\HerbaceousVegetation_2582.jpg,2,HerbaceousVegetation,2,HerbaceousVegetation,0.9997867941856384,True,4.297827,0.20263614
476,C:\Users\DELL Precision 5550\Documents\GitHub\Terrasight-Eurosat-RGB-vs-Multispectral\data\raw\rgb\Residential\Residential_2313.jpg,7,Residential,7,Residential,0.9983766078948975,True,-5.1855555,-3.4533737
477,C:\Users\DELL Precision 5550\Documents\GitHub\Terrasight-Eurosat-RGB-vs-Multispectral\data\raw\rgb\Industrial\Industrial_2405.jpg,4,Industrial,4,Industrial,0.9738554954528809,True,-7.312353,2.1308448
478,C:\Users\DELL Precision 5550\Documents\GitHub\Terrasight-Eurosat-RGB-vs-Multispectral\data\raw\rgb\Residential\Residential_2087.jpg,7,Residential,7,Residential,0.9969417452812195,True,-5.594731,-2.9903357
479,C:\Users\DELL Precision 5550\Documents\GitHub\Terrasight-Eurosat-RGB-vs-Multispectral\data\raw\rgb\HerbaceousVegetation\HerbaceousVegetation_1646.jpg,2,HerbaceousVegetation,2,HerbaceousVegetation,0.9999997615814209,True,3.1508338,-0.01876551
480,C:\Users\DELL Precision 5550\Documents\GitHub\Terrasight-Eurosat-RGB-vs-Multispectral\data\raw\rgb\HerbaceousVegetation\HerbaceousVegetation_873.jpg,2,HerbaceousVegetation,2,HerbaceousVegetation,0.9999985694885254,True,3.4028516,0.77718997
481,C:\Users\DELL Precision 5550\Documents\GitHub\Terrasight-Eurosat-RGB-vs-Multispectral\data\raw\rgb\HerbaceousVegetation\HerbaceousVegetation_2372.jpg,2,HerbaceousVegetation,2,HerbaceousVegetation,0.9999949932098389,True,3.6237116,-0.06663247
482,C:\Users\DELL Precision 5550\Documents\GitHub\Terrasight-Eurosat-RGB-vs-Multispectral\data\raw\rgb\SeaLake\SeaLake_300.jpg,9,SeaLake,9,SeaLake,0.988329291343689,True,15.983484,12.0222435
483,C:\Users\DELL Precision 5550\Documents\GitHub\Terrasight-Eurosat-RGB-vs-Multispectral\data\raw\rgb\AnnualCrop\AnnualCrop_1209.jpg,0,AnnualCrop,0,AnnualCrop,0.9999809265136719,True,2.797538,14.800663
484,C:\Users\DELL Precision 5550\Documents\GitHub\Terrasight-Eurosat-RGB-vs-Multispectral\data\raw\rgb\Highway\Highway_565.jpg,3,Highway,3,Highway,0.9993963241577148,True,-0.86801654,10.046684
485,C:\Users\DELL Precision 5550\Documents\GitHub\Terrasight-Eurosat-RGB-vs-Multispectral\data\raw\rgb\Forest\Forest_590.jpg,1,Forest,1,Forest,0.9920271039009094,True,13.267455,-1.0390348
486,C:\Users\DELL Precision 5550\Documents\GitHub\Terrasight-Eurosat-RGB-vs-Multispectral\data\raw\rgb\Residential\Residential_2187.jpg,7,Residential,7,Residential,0.9667403697967529,True,-6.64268,-3.7949073
487,C:\Users\DELL Precision 5550\Documents\GitHub\Terrasight-Eurosat-RGB-vs-Multispectral\data\raw\rgb\PermanentCrop\PermanentCrop_205.jpg,6,PermanentCrop,6,PermanentCrop,0.9825763702392578,True,1.8122611,3.03787
488,C:\Users\DELL Precision 5550\Documents\GitHub\Terrasight-Eurosat-RGB-vs-Multispectral\data\raw\rgb\Forest\Forest_375.jpg,1,Forest,1,Forest,0.9851211309432983,True,13.816932,-0.7862521
489,C:\Users\DELL Precision 5550\Documents\GitHub\Terrasight-Eurosat-RGB-vs-Multispectral\data\raw\rgb\PermanentCrop\PermanentCrop_267.jpg,6,PermanentCrop,6,PermanentCrop,0.5746268033981323,True,2.6390736,11.642955
490,C:\Users\DELL Precision 5550\Documents\GitHub\Terrasight-Eurosat-RGB-vs-Multispectral\data\raw\rgb\SeaLake\SeaLake_124.jpg,9,SeaLake,9,SeaLake,0.9997324347496033,True,16.678114,10.657681
491,C:\Users\DELL Precision 5550\Documents\GitHub\Terrasight-Eurosat-RGB-vs-Multispectral\data\raw\rgb\Residential\Residential_66.jpg,7,Residential,7,Residential,0.9257850646972656,True,-5.314154,-2.341895
492,C:\Users\DELL Precision 5550\Documents\GitHub\Terrasight-Eurosat-RGB-vs-Multispectral\data\raw\rgb\HerbaceousVegetation\HerbaceousVegetation_1820.jpg,2,HerbaceousVegetation,2,HerbaceousVegetation,0.9998438358306885,True,4.2232165,0.5498183
493,C:\Users\DELL Precision 5550\Documents\GitHub\Terrasight-Eurosat-RGB-vs-Multispectral\data\raw\rgb\HerbaceousVegetation\HerbaceousVegetation_2912.jpg,2,HerbaceousVegetation,2,HerbaceousVegetation,0.9999998807907104,True,3.4915626,-0.3788951
494,C:\Users\DELL Precision 5550\Documents\GitHub\Terrasight-Eurosat-RGB-vs-Multispectral\data\raw\rgb\Forest\Forest_377.jpg,1,Forest,1,Forest,1.0,True,14.634535,-3.4399698
495,C:\Users\DELL Precision 5550\Documents\GitHub\Terrasight-Eurosat-RGB-vs-Multispectral\data\raw\rgb\Forest\Forest_1154.jpg,1,Forest,1,Forest,0.9998358488082886,True,13.455869,-0.6559326
496,C:\Users\DELL Precision 5550\Documents\GitHub\Terrasight-Eurosat-RGB-vs-Multispectral\data\raw\rgb\River\River_1303.jpg,8,River,8,River,0.998766303062439,True,4.7291903,10.451306
497,C:\Users\DELL Precision 5550\Documents\GitHub\Terrasight-Eurosat-RGB-vs-Multispectral\data\raw\rgb\Residential\Residential_1153.jpg,7,Residential,7,Residential,0.8893493413925171,True,-4.885092,-2.5552933
498,C:\Users\DELL Precision 5550\Documents\GitHub\Terrasight-Eurosat-RGB-vs-Multispectral\data\raw\rgb\Forest\Forest_730.jpg,1,Forest,1,Forest,0.9999468326568604,True,13.805128,-2.4318438
499,C:\Users\DELL Precision 5550\Documents\GitHub\Terrasight-Eurosat-RGB-vs-Multispectral\data\raw\rgb\AnnualCrop\AnnualCrop_2643.jpg,0,AnnualCrop,0,AnnualCrop,0.9999992847442627,True,2.4716918,15.802819
500,C:\Users\DELL Precision 5550\Documents\GitHub\Terrasight-Eurosat-RGB-vs-Multispectral\data\raw\rgb\AnnualCrop\AnnualCrop_2329.jpg,0,AnnualCrop,0,AnnualCrop,0.9994126558303833,True,2.9432437,13.26238
501,C:\Users\DELL Precision 5550\Documents\GitHub\Terrasight-Eurosat-RGB-vs-Multispectral\data\raw\rgb\PermanentCrop\PermanentCrop_2230.jpg,6,PermanentCrop,0,AnnualCrop,0.8619145750999451,False,2.5486972,11.885313
502,C:\Users\DELL Precision 5550\Documents\GitHub\Terrasight-Eurosat-RGB-vs-Multispectral\data\raw\rgb\Residential\Residential_136.jpg,7,Residential,7,Residential,0.7199575901031494,True,-5.1368423,-2.2684524
503,C:\Users\DELL Precision 5550\Documents\GitHub\Terrasight-Eurosat-RGB-vs-Multispectral\data\raw\rgb\SeaLake\SeaLake_1997.jpg,9,SeaLake,9,SeaLake,0.9996656179428101,True,16.08852,10.678511
504,C:\Users\DELL Precision 5550\Documents\GitHub\Terrasight-Eurosat-RGB-vs-Multispectral\data\raw\rgb\Residential\Residential_743.jpg,7,Residential,7,Residential,0.9562907218933105,True,-6.154525,-2.8822942
505,C:\Users\DELL Precision 5550\Documents\GitHub\Terrasight-Eurosat-RGB-vs-Multispectral\data\raw\rgb\Residential\Residential_2183.jpg,7,Residential,7,Residential,0.9973593354225159,True,-6.751409,-4.1628733
506,C:\Users\DELL Precision 5550\Documents\GitHub\Terrasight-Eurosat-RGB-vs-Multispectral\data\raw\rgb\Pasture\Pasture_165.jpg,5,Pasture,5,Pasture,0.9999880790710449,True,10.327566,7.803649
507,C:\Users\DELL Precision 5550\Documents\GitHub\Terrasight-Eurosat-RGB-vs-Multispectral\data\raw\rgb\PermanentCrop\PermanentCrop_195.jpg,6,PermanentCrop,6,PermanentCrop,0.8861457109451294,True,2.4264119,4.3737206
508,C:\Users\DELL Precision 5550\Documents\GitHub\Terrasight-Eurosat-RGB-vs-Multispectral\data\raw\rgb\Forest\Forest_2341.jpg,1,Forest,1,Forest,0.9999990463256836,True,14.14416,-2.4481862
509,C:\Users\DELL Precision 5550\Documents\GitHub\Terrasight-Eurosat-RGB-vs-Multispectral\data\raw\rgb\Industrial\Industrial_1927.jpg,4,Industrial,4,Industrial,0.9993539452552795,True,-8.04262,1.8271906
510,C:\Users\DELL Precision 5550\Documents\GitHub\Terrasight-Eurosat-RGB-vs-Multispectral\data\raw\rgb\Forest\Forest_698.jpg,1,Forest,1,Forest,0.997000515460968,True,13.558438,-2.7212892
511,C:\Users\DELL Precision 5550\Documents\GitHub\Terrasight-Eurosat-RGB-vs-Multispectral\data\raw\rgb\SeaLake\SeaLake_884.jpg,9,SeaLake,9,SeaLake,0.9983336329460144,True,16.468508,11.546121
512,C:\Users\DELL Precision 5550\Documents\GitHub\Terrasight-Eurosat-RGB-vs-Multispectral\data\raw\rgb\Pasture\Pasture_772.jpg,5,Pasture,5,Pasture,0.6737759113311768,True,6.487233,4.790511
513,C:\Users\DELL Precision 5550\Documents\GitHub\Terrasight-Eurosat-RGB-vs-Multispectral\data\raw\rgb\Residential\Residential_1736.jpg,7,Residential,7,Residential,0.9994309544563293,True,-5.238234,-3.5080297
514,C:\Users\DELL Precision 5550\Documents\GitHub\Terrasight-Eurosat-RGB-vs-Multispectral\data\raw\rgb\Industrial\Industrial_971.jpg,4,Industrial,4,Industrial,0.9749441742897034,True,-7.1441307,1.759672
515,C:\Users\DELL Precision 5550\Documents\GitHub\Terrasight-Eurosat-RGB-vs-Multispectral\data\raw\rgb\Highway\Highway_777.jpg,3,Highway,3,Highway,0.9997830986976624,True,-0.81001925,9.7734585
516,C:\Users\DELL Precision 5550\Documents\GitHub\Terrasight-Eurosat-RGB-vs-Multispectral\data\raw\rgb\Industrial\Industrial_942.jpg,4,Industrial,4,Industrial,0.9805794358253479,True,-6.8881726,1.3282189
517,C:\Users\DELL Precision 5550\Documents\GitHub\Terrasight-Eurosat-RGB-vs-Multispectral\data\raw\rgb\HerbaceousVegetation\HerbaceousVegetation_1021.jpg,2,HerbaceousVegetation,2,HerbaceousVegetation,0.9999982118606567,True,3.986535,-0.20461948
518,C:\Users\DELL Precision 5550\Documents\GitHub\Terrasight-Eurosat-RGB-vs-Multispectral\data\raw\rgb\River\River_451.jpg,8,River,8,River,0.9996883869171143,True,4.9887753,10.48684
519,C:\Users\DELL Precision 5550\Documents\GitHub\Terrasight-Eurosat-RGB-vs-Multispectral\data\raw\rgb\Highway\Highway_1176.jpg,3,Highway,3,Highway,0.9978488683700562,True,-0.25710505,10.373057
520,C:\Users\DELL Precision 5550\Documents\GitHub\Terrasight-Eurosat-RGB-vs-Multispectral\data\raw\rgb\HerbaceousVegetation\HerbaceousVegetation_852.jpg,2,HerbaceousVegetation,2,HerbaceousVegetation,0.991486132144928,True,4.068075,0.4404566
521,C:\Users\DELL Precision 5550\Documents\GitHub\Terrasight-Eurosat-RGB-vs-Multispectral\data\raw\rgb\AnnualCrop\AnnualCrop_1697.jpg,0,AnnualCrop,0,AnnualCrop,0.9949677586555481,True,2.6770303,12.744665
522,C:\Users\DELL Precision 5550\Documents\GitHub\Terrasight-Eurosat-RGB-vs-Multispectral\data\raw\rgb\River\River_2436.jpg,8,River,8,River,0.9998738765716553,True,5.7846704,10.797374
523,C:\Users\DELL Precision 5550\Documents\GitHub\Terrasight-Eurosat-RGB-vs-Multispectral\data\raw\rgb\River\River_2177.jpg,8,River,9,SeaLake,0.7442969679832458,False,3.7213905,11.214928
524,C:\Users\DELL Precision 5550\Documents\GitHub\Terrasight-Eurosat-RGB-vs-Multispectral\data\raw\rgb\SeaLake\SeaLake_2931.jpg,9,SeaLake,9,SeaLake,0.9997640252113342,True,17.549694,11.578102
525,C:\Users\DELL Precision 5550\Documents\GitHub\Terrasight-Eurosat-RGB-vs-Multispectral\data\raw\rgb\SeaLake\SeaLake_2739.jpg,9,SeaLake,9,SeaLake,0.9936805963516235,True,16.117317,11.0697365
526,C:\Users\DELL Precision 5550\Documents\GitHub\Terrasight-Eurosat-RGB-vs-Multispectral\data\raw\rgb\AnnualCrop\AnnualCrop_247.jpg,0,AnnualCrop,0,AnnualCrop,0.9961387515068054,True,2.6048703,12.471386
527,C:\Users\DELL Precision 5550\Documents\GitHub\Terrasight-Eurosat-RGB-vs-Multispectral\data\raw\rgb\Forest\Forest_2618.jpg,1,Forest,1,Forest,0.9995006322860718,True,13.69093,-2.3033164
528,C:\Users\DELL Precision 5550\Documents\GitHub\Terrasight-Eurosat-RGB-vs-Multispectral\data\raw\rgb\Residential\Residential_696.jpg,7,Residential,7,Residential,0.9956521391868591,True,-5.3219514,-2.747947
529,C:\Users\DELL Precision 5550\Documents\GitHub\Terrasight-Eurosat-RGB-vs-Multispectral\data\raw\rgb\Residential\Residential_1833.jpg,7,Residential,7,Residential,0.9989845156669617,True,-6.7011027,-3.9235604
530,C:\Users\DELL Precision 5550\Documents\GitHub\Terrasight-Eurosat-RGB-vs-Multispectral\data\raw\rgb\Forest\Forest_815.jpg,1,Forest,1,Forest,0.9959748387336731,True,13.216416,-0.61164594
531,C:\Users\DELL Precision 5550\Documents\GitHub\Terrasight-Eurosat-RGB-vs-Multispectral\data\raw\rgb\HerbaceousVegetation\HerbaceousVegetation_1525.jpg,2,HerbaceousVegetation,2,HerbaceousVegetation,0.9999996423721313,True,3.3040316,-0.038402084
532,C:\Users\DELL Precision 5550\Documents\GitHub\Terrasight-Eurosat-RGB-vs-Multispectral\data\raw\rgb\Pasture\Pasture_891.jpg,5,Pasture,5,Pasture,0.9999991655349731,True,7.9544516,5.5248704
533,C:\Users\DELL Precision 5550\Documents\GitHub\Terrasight-Eurosat-RGB-vs-Multispectral\data\raw\rgb\AnnualCrop\AnnualCrop_867.jpg,0,AnnualCrop,0,AnnualCrop,0.9998795986175537,True,2.3547077,13.592794
534,C:\Users\DELL Precision 5550\Documents\GitHub\Terrasight-Eurosat-RGB-vs-Multispectral\data\raw\rgb\Forest\Forest_2508.jpg,1,Forest,1,Forest,0.9999047517776489,True,13.519834,-1.2848899
535,C:\Users\DELL Precision 5550\Documents\GitHub\Terrasight-Eurosat-RGB-vs-Multispectral\data\raw\rgb\Residential\Residential_2300.jpg,7,Residential,7,Residential,0.9952669143676758,True,-5.381886,-3.3270473
536,C:\Users\DELL Precision 5550\Documents\GitHub\Terrasight-Eurosat-RGB-vs-Multispectral\data\raw\rgb\AnnualCrop\AnnualCrop_502.jpg,0,AnnualCrop,0,AnnualCrop,1.0,True,2.5153162,15.720474
537,C:\Users\DELL Precision 5550\Documents\GitHub\Terrasight-Eurosat-RGB-vs-Multispectral\data\raw\rgb\Industrial\Industrial_1215.jpg,4,Industrial,4,Industrial,0.9988678693771362,True,-8.1472435,1.2564268
538,C:\Users\DELL Precision 5550\Documents\GitHub\Terrasight-Eurosat-RGB-vs-Multispectral\data\raw\rgb\Pasture\Pasture_1294.jpg,5,Pasture,5,Pasture,0.9997648596763611,True,7.537785,5.586858
539,C:\Users\DELL Precision 5550\Documents\GitHub\Terrasight-Eurosat-RGB-vs-Multispectral\data\raw\rgb\HerbaceousVegetation\HerbaceousVegetation_1168.jpg,2,HerbaceousVegetation,2,HerbaceousVegetation,0.9998968839645386,True,3.9327166,0.2992146
540,C:\Users\DELL Precision 5550\Documents\GitHub\Terrasight-Eurosat-RGB-vs-Multispectral\data\raw\rgb\Residential\Residential_2835.jpg,7,Residential,7,Residential,1.0,True,-6.3466578,-4.950816
541,C:\Users\DELL Precision 5550\Documents\GitHub\Terrasight-Eurosat-RGB-vs-Multispectral\data\raw\rgb\Residential\Residential_723.jpg,7,Residential,7,Residential,0.9274677038192749,True,-5.238766,-2.2896857
542,C:\Users\DELL Precision 5550\Documents\GitHub\Terrasight-Eurosat-RGB-vs-Multispectral\data\raw\rgb\SeaLake\SeaLake_1438.jpg,9,SeaLake,9,SeaLake,0.9998763799667358,True,15.896552,10.438639
543,C:\Users\DELL Precision 5550\Documents\GitHub\Terrasight-Eurosat-RGB-vs-Multispectral\data\raw\rgb\Forest\Forest_2257.jpg,1,Forest,1,Forest,0.999997615814209,True,14.612896,-2.9904864
544,C:\Users\DELL Precision 5550\Documents\GitHub\Terrasight-Eurosat-RGB-vs-Multispectral\data\raw\rgb\AnnualCrop\AnnualCrop_1215.jpg,0,AnnualCrop,0,AnnualCrop,0.9999926090240479,True,2.4098315,14.586334
545,C:\Users\DELL Precision 5550\Documents\GitHub\Terrasight-Eurosat-RGB-vs-Multispectral\data\raw\rgb\Industrial\Industrial_531.jpg,4,Industrial,4,Industrial,0.9862815737724304,True,-6.843102,1.3305585
546,C:\Users\DELL Precision 5550\Documents\GitHub\Terrasight-Eurosat-RGB-vs-Multispectral\data\raw\rgb\Pasture\Pasture_264.jpg,5,Pasture,5,Pasture,0.9957584738731384,True,6.835052,5.809714
547,C:\Users\DELL Precision 5550\Documents\GitHub\Terrasight-Eurosat-RGB-vs-Multispectral\data\raw\rgb\Forest\Forest_1652.jpg,1,Forest,1,Forest,0.9999600648880005,True,13.643539,-2.7487597
548,C:\Users\DELL Precision 5550\Documents\GitHub\Terrasight-Eurosat-RGB-vs-Multispectral\data\raw\rgb\Forest\Forest_430.jpg,1,Forest,1,Forest,0.9676445126533508,True,12.970323,-1.0725887
549,C:\Users\DELL Precision 5550\Documents\GitHub\Terrasight-Eurosat-RGB-vs-Multispectral\data\raw\rgb\HerbaceousVegetation\HerbaceousVegetation_2061.jpg,2,HerbaceousVegetation,2,HerbaceousVegetation,0.9999474287033081,True,4.570861,0.82827204
550,C:\Users\DELL Precision 5550\Documents\GitHub\Terrasight-Eurosat-RGB-vs-Multispectral\data\raw\rgb\Forest\Forest_627.jpg,1,Forest,1,Forest,0.996769905090332,True,13.219464,-1.6795212
551,C:\Users\DELL Precision 5550\Documents\GitHub\Terrasight-Eurosat-RGB-vs-Multispectral\data\raw\rgb\HerbaceousVegetation\HerbaceousVegetation_399.jpg,2,HerbaceousVegetation,2,HerbaceousVegetation,0.9999799728393555,True,4.048575,0.08851753
552,C:\Users\DELL Precision 5550\Documents\GitHub\Terrasight-Eurosat-RGB-vs-Multispectral\data\raw\rgb\Industrial\Industrial_549.jpg,4,Industrial,6,PermanentCrop,0.5123851299285889,False,-5.551068,-1.9846851
553,C:\Users\DELL Precision 5550\Documents\GitHub\Terrasight-Eurosat-RGB-vs-Multispectral\data\raw\rgb\SeaLake\SeaLake_69.jpg,9,SeaLake,9,SeaLake,0.9996057152748108,True,16.16617,10.575049
554,C:\Users\DELL Precision 5550\Documents\GitHub\Terrasight-Eurosat-RGB-vs-Multispectral\data\raw\rgb\PermanentCrop\PermanentCrop_2073.jpg,6,PermanentCrop,6,PermanentCrop,0.9997510313987732,True,1.909583,3.8449905
555,C:\Users\DELL Precision 5550\Documents\GitHub\Terrasight-Eurosat-RGB-vs-Multispectral\data\raw\rgb\SeaLake\SeaLake_590.jpg,9,SeaLake,9,SeaLake,0.9998268485069275,True,17.613226,11.6851225
556,C:\Users\DELL Precision 5550\Documents\GitHub\Terrasight-Eurosat-RGB-vs-Multispectral\data\raw\rgb\AnnualCrop\AnnualCrop_2341.jpg,0,AnnualCrop,0,AnnualCrop,0.9999361038208008,True,2.743042,14.4562645
557,C:\Users\DELL Precision 5550\Documents\GitHub\Terrasight-Eurosat-RGB-vs-Multispectral\data\raw\rgb\Residential\Residential_2129.jpg,7,Residential,7,Residential,0.9999998807907104,True,-5.889895,-4.6158547
558,C:\Users\DELL Precision 5550\Documents\GitHub\Terrasight-Eurosat-RGB-vs-Multispectral\data\raw\rgb\River\River_342.jpg,8,River,8,River,0.9969679713249207,True,4.8523383,10.896746
559,C:\Users\DELL Precision 5550\Documents\GitHub\Terrasight-Eurosat-RGB-vs-Multispectral\data\raw\rgb\River\River_1712.jpg,8,River,8,River,0.9996399879455566,True,5.1430845,10.454126
560,C:\Users\DELL Precision 5550\Documents\GitHub\Terrasight-Eurosat-RGB-vs-Multispectral\data\raw\rgb\Residential\Residential_839.jpg,7,Residential,7,Residential,0.9957483410835266,True,-5.982613,-3.1512268
561,C:\Users\DELL Precision 5550\Documents\GitHub\Terrasight-Eurosat-RGB-vs-Multispectral\data\raw\rgb\AnnualCrop\AnnualCrop_390.jpg,0,AnnualCrop,0,AnnualCrop,0.9541738629341125,True,2.609023,11.875421
562,C:\Users\DELL Precision 5550\Documents\GitHub\Terrasight-Eurosat-RGB-vs-Multispectral\data\raw\rgb\SeaLake\SeaLake_2631.jpg,9,SeaLake,9,SeaLake,0.9894247055053711,True,15.765002,11.493554
563,C:\Users\DELL Precision 5550\Documents\GitHub\Terrasight-Eurosat-RGB-vs-Multispectral\data\raw\rgb\SeaLake\SeaLake_2974.jpg,9,SeaLake,9,SeaLake,0.9995926022529602,True,16.431067,12.531735
564,C:\Users\DELL Precision 5550\Documents\GitHub\Terrasight-Eurosat-RGB-vs-Multispectral\data\raw\rgb\River\River_1553.jpg,8,River,8,River,0.9999938011169434,True,6.3189855,10.380254
565,C:\Users\DELL Precision 5550\Documents\GitHub\Terrasight-Eurosat-RGB-vs-Multispectral\data\raw\rgb\Forest\Forest_2316.jpg,1,Forest,1,Forest,0.9999834299087524,True,14.212541,-2.265253
566,C:\Users\DELL Precision 5550\Documents\GitHub\Terrasight-Eurosat-RGB-vs-Multispectral\data\raw\rgb\PermanentCrop\PermanentCrop_1704.jpg,6,PermanentCrop,6,PermanentCrop,0.9999902248382568,True,0.9387063,4.2924523
567,C:\Users\DELL Precision 5550\Documents\GitHub\Terrasight-Eurosat-RGB-vs-Multispectral\data\raw\rgb\River\River_2121.jpg,8,River,8,River,0.9998059868812561,True,5.104073,10.431022
568,C:\Users\DELL Precision 5550\Documents\GitHub\Terrasight-Eurosat-RGB-vs-Multispectral\data\raw\rgb\Industrial\Industrial_1969.jpg,4,Industrial,4,Industrial,0.9993696808815002,True,-7.648542,1.9167573
569,C:\Users\DELL Precision 5550\Documents\GitHub\Terrasight-Eurosat-RGB-vs-Multispectral\data\raw\rgb\Forest\Forest_2909.jpg,1,Forest,1,Forest,0.9907263517379761,True,13.176581,-1.3070029
570,C:\Users\DELL Precision 5550\Documents\GitHub\Terrasight-Eurosat-RGB-vs-Multispectral\data\raw\rgb\PermanentCrop\PermanentCrop_742.jpg,6,PermanentCrop,6,PermanentCrop,0.9944676160812378,True,2.145449,4.5280557
571,C:\Users\DELL Precision 5550\Documents\GitHub\Terrasight-Eurosat-RGB-vs-Multispectral\data\raw\rgb\HerbaceousVegetation\HerbaceousVegetation_857.jpg,2,HerbaceousVegetation,2,HerbaceousVegetation,0.9999997615814209,True,3.119234,0.113563776
572,C:\Users\DELL Precision 5550\Documents\GitHub\Terrasight-Eurosat-RGB-vs-Multispectral\data\raw\rgb\SeaLake\SeaLake_2019.jpg,9,SeaLake,9,SeaLake,0.9999890327453613,True,17.34418,12.814193
573,C:\Users\DELL Precision 5550\Documents\GitHub\Terrasight-Eurosat-RGB-vs-Multispectral\data\raw\rgb\Highway\Highway_849.jpg,3,Highway,3,Highway,0.9998738765716553,True,-0.5254968,9.815139
574,C:\Users\DELL Precision 5550\Documents\GitHub\Terrasight-Eurosat-RGB-vs-Multispectral\data\raw\rgb\Industrial\Industrial_1630.jpg,4,Industrial,4,Industrial,0.9995372295379639,True,-7.7402134,2.1198459
575,C:\Users\DELL Precision 5550\Documents\GitHub\Terrasight-Eurosat-RGB-vs-Multispectral\data\raw\rgb\Forest\Forest_221.jpg,1,Forest,1,Forest,0.9998553991317749,True,13.556797,-0.9477759
576,C:\Users\DELL Precision 5550\Documents\GitHub\Terrasight-Eurosat-RGB-vs-Multispectral\data\raw\rgb\HerbaceousVegetation\HerbaceousVegetation_2004.jpg,2,HerbaceousVegetation,2,HerbaceousVegetation,0.9999985694885254,True,3.7243533,-0.25014457
577,C:\Users\DELL Precision 5550\Documents\GitHub\Terrasight-Eurosat-RGB-vs-Multispectral\data\raw\rgb\HerbaceousVegetation\HerbaceousVegetation_1545.jpg,2,HerbaceousVegetation,2,HerbaceousVegetation,0.9985657334327698,True,4.48114,0.17805642
578,C:\Users\DELL Precision 5550\Documents\GitHub\Terrasight-Eurosat-RGB-vs-Multispectral\data\raw\rgb\River\River_2345.jpg,8,River,8,River,0.807283878326416,True,3.9297595,10.766446
579,C:\Users\DELL Precision 5550\Documents\GitHub\Terrasight-Eurosat-RGB-vs-Multispectral\data\raw\rgb\AnnualCrop\AnnualCrop_81.jpg,0,AnnualCrop,0,AnnualCrop,0.972087562084198,True,3.144085,12.040861
580,C:\Users\DELL Precision 5550\Documents\GitHub\Terrasight-Eurosat-RGB-vs-Multispectral\data\raw\rgb\Forest\Forest_799.jpg,1,Forest,1,Forest,0.9999961853027344,True,14.625282,-1.3407307
581,C:\Users\DELL Precision 5550\Documents\GitHub\Terrasight-Eurosat-RGB-vs-Multispectral\data\raw\rgb\River\River_2273.jpg,8,River,8,River,0.9983507394790649,True,6.0693307,10.116553
582,C:\Users\DELL Precision 5550\Documents\GitHub\Terrasight-Eurosat-RGB-vs-Multispectral\data\raw\rgb\River\River_647.jpg,8,River,8,River,0.9999998807907104,True,7.0136256,10.981493
583,C:\Users\DELL Precision 5550\Documents\GitHub\Terrasight-Eurosat-RGB-vs-Multispectral\data\raw\rgb\Pasture\Pasture_710.jpg,5,Pasture,5,Pasture,0.9999992847442627,True,8.040685,5.601678
584,C:\Users\DELL Precision 5550\Documents\GitHub\Terrasight-Eurosat-RGB-vs-Multispectral\data\raw\rgb\Pasture\Pasture_1149.jpg,5,Pasture,5,Pasture,0.9996650218963623,True,7.439536,5.522697
585,C:\Users\DELL Precision 5550\Documents\GitHub\Terrasight-Eurosat-RGB-vs-Multispectral\data\raw\rgb\Pasture\Pasture_1582.jpg,5,Pasture,5,Pasture,0.9785159826278687,True,7.001422,5.152034
586,C:\Users\DELL Precision 5550\Documents\GitHub\Terrasight-Eurosat-RGB-vs-Multispectral\data\raw\rgb\SeaLake\SeaLake_490.jpg,9,SeaLake,9,SeaLake,0.9998472929000854,True,17.516762,11.90285
587,C:\Users\DELL Precision 5550\Documents\GitHub\Terrasight-Eurosat-RGB-vs-Multispectral\data\raw\rgb\Industrial\Industrial_1501.jpg,4,Industrial,4,Industrial,0.9987793564796448,True,-8.2342,1.3646271
588,C:\Users\DELL Precision 5550\Documents\GitHub\Terrasight-Eurosat-RGB-vs-Multispectral\data\raw\rgb\Highway\Highway_822.jpg,3,Highway,3,Highway,1.0,True,-1.6011633,10.632505
589,C:\Users\DELL Precision 5550\Documents\GitHub\Terrasight-Eurosat-RGB-vs-Multispectral\data\raw\rgb\Forest\Forest_692.jpg,1,Forest,1,Forest,0.9989103078842163,True,14.162225,-1.0239934
590,C:\Users\DELL Precision 5550\Documents\GitHub\Terrasight-Eurosat-RGB-vs-Multispectral\data\raw\rgb\PermanentCrop\PermanentCrop_1229.jpg,6,PermanentCrop,6,PermanentCrop,0.999984622001648,True,0.8598758,3.6172273
591,C:\Users\DELL Precision 5550\Documents\GitHub\Terrasight-Eurosat-RGB-vs-Multispectral\data\raw\rgb\River\River_167.jpg,8,River,8,River,0.9997794032096863,True,6.015733,10.117964
592,C:\Users\DELL Precision 5550\Documents\GitHub\Terrasight-Eurosat-RGB-vs-Multispectral\data\raw\rgb\River\River_602.jpg,8,River,8,River,0.9999674558639526,True,5.414465,10.903729
593,C:\Users\DELL Precision 5550\Documents\GitHub\Terrasight-Eurosat-RGB-vs-Multispectral\data\raw\rgb\Residential\Residential_2738.jpg,7,Residential,7,Residential,0.9995890259742737,True,-5.3770895,-4.330332
594,C:\Users\DELL Precision 5550\Documents\GitHub\Terrasight-Eurosat-RGB-vs-Multispectral\data\raw\rgb\Residential\Residential_2942.jpg,7,Residential,7,Residential,0.9986200332641602,True,-6.603984,-3.9347038
595,C:\Users\DELL Precision 5550\Documents\GitHub\Terrasight-Eurosat-RGB-vs-Multispectral\data\raw\rgb\Pasture\Pasture_1713.jpg,5,Pasture,5,Pasture,0.9956745505332947,True,6.8887744,5.078162
596,C:\Users\DELL Precision 5550\Documents\GitHub\Terrasight-Eurosat-RGB-vs-Multispectral\data\raw\rgb\AnnualCrop\AnnualCrop_1032.jpg,0,AnnualCrop,0,AnnualCrop,0.9988791346549988,True,2.940722,14.19631
597,C:\Users\DELL Precision 5550\Documents\GitHub\Terrasight-Eurosat-RGB-vs-Multispectral\data\raw\rgb\Pasture\Pasture_1954.jpg,5,Pasture,5,Pasture,0.9999731779098511,True,7.6648293,5.5298586
598,C:\Users\DELL Precision 5550\Documents\GitHub\Terrasight-Eurosat-RGB-vs-Multispectral\data\raw\rgb\Forest\Forest_537.jpg,1,Forest,1,Forest,0.9999555349349976,True,14.377576,-0.99621373
599,C:\Users\DELL Precision 5550\Documents\GitHub\Terrasight-Eurosat-RGB-vs-Multispectral\data\raw\rgb\HerbaceousVegetation\HerbaceousVegetation_294.jpg,2,HerbaceousVegetation,6,PermanentCrop,0.9975054860115051,False,1.4973744,3.2519028
600,C:\Users\DELL Precision 5550\Documents\GitHub\Terrasight-Eurosat-RGB-vs-Multispectral\data\raw\rgb\River\River_297.jpg,8,River,8,River,0.9999985694885254,True,6.1091375,10.741097
601,C:\Users\DELL Precision 5550\Documents\GitHub\Terrasight-Eurosat-RGB-vs-Multispectral\data\raw\rgb\SeaLake\SeaLake_2673.jpg,9,SeaLake,9,SeaLake,0.9998279809951782,True,17.631767,11.712035
602,C:\Users\DELL Precision 5550\Documents\GitHub\Terrasight-Eurosat-RGB-vs-Multispectral\data\raw\rgb\Residential\Residential_1077.jpg,7,Residential,7,Residential,0.9880731701850891,True,-5.2669053,-4.215214
603,C:\Users\DELL Precision 5550\Documents\GitHub\Terrasight-Eurosat-RGB-vs-Multispectral\data\raw\rgb\Forest\Forest_1814.jpg,1,Forest,1,Forest,0.9999990463256836,True,14.737791,-3.45796
604,C:\Users\DELL Precision 5550\Documents\GitHub\Terrasight-Eurosat-RGB-vs-Multispectral\data\raw\rgb\SeaLake\SeaLake_1538.jpg,9,SeaLake,9,SeaLake,0.9890882968902588,True,15.982817,11.411571
605,C:\Users\DELL Precision 5550\Documents\GitHub\Terrasight-Eurosat-RGB-vs-Multispectral\data\raw\rgb\PermanentCrop\PermanentCrop_2291.jpg,6,PermanentCrop,6,PermanentCrop,0.9472469687461853,True,1.3640985,4.769132
606,C:\Users\DELL Precision 5550\Documents\GitHub\Terrasight-Eurosat-RGB-vs-Multispectral\data\raw\rgb\HerbaceousVegetation\HerbaceousVegetation_620.jpg,2,HerbaceousVegetation,2,HerbaceousVegetation,0.9998148083686829,True,4.6833663,0.7351318
607,C:\Users\DELL Precision 5550\Documents\GitHub\Terrasight-Eurosat-RGB-vs-Multispectral\data\raw\rgb\AnnualCrop\AnnualCrop_1858.jpg,0,AnnualCrop,0,AnnualCrop,0.9999998807907104,True,2.4321258,15.71398
608,C:\Users\DELL Precision 5550\Documents\GitHub\Terrasight-Eurosat-RGB-vs-Multispectral\data\raw\rgb\Pasture\Pasture_886.jpg,5,Pasture,5,Pasture,0.9998465776443481,True,7.227424,5.315237
609,C:\Users\DELL Precision 5550\Documents\GitHub\Terrasight-Eurosat-RGB-vs-Multispectral\data\raw\rgb\HerbaceousVegetation\HerbaceousVegetation_245.jpg,2,HerbaceousVegetation,2,HerbaceousVegetation,0.9999953508377075,True,3.8578017,0.7544095
610,C:\Users\DELL Precision 5550\Documents\GitHub\Terrasight-Eurosat-RGB-vs-Multispectral\data\raw\rgb\PermanentCrop\PermanentCrop_1843.jpg,6,PermanentCrop,6,PermanentCrop,0.9400236010551453,True,2.3581126,3.0248475
611,C:\Users\DELL Precision 5550\Documents\GitHub\Terrasight-Eurosat-RGB-vs-Multispectral\data\raw\rgb\Residential\Residential_630.jpg,7,Residential,7,Residential,0.9997742772102356,True,-6.1506124,-3.7476437
612,C:\Users\DELL Precision 5550\Documents\GitHub\Terrasight-Eurosat-RGB-vs-Multispectral\data\raw\rgb\AnnualCrop\AnnualCrop_2385.jpg,0,AnnualCrop,0,AnnualCrop,0.8833762407302856,True,2.4232757,5.3050365
613,C:\Users\DELL Precision 5550\Documents\GitHub\Terrasight-Eurosat-RGB-vs-Multispectral\data\raw\rgb\River\River_867.jpg,8,River,8,River,0.9988524913787842,True,4.9470778,10.914758
614,C:\Users\DELL Precision 5550\Documents\GitHub\Terrasight-Eurosat-RGB-vs-Multispectral\data\raw\rgb\HerbaceousVegetation\HerbaceousVegetation_2786.jpg,2,HerbaceousVegetation,6,PermanentCrop,0.5284604430198669,False,2.7236621,2.8705833
615,C:\Users\DELL Precision 5550\Documents\GitHub\Terrasight-Eurosat-RGB-vs-Multispectral\data\raw\rgb\PermanentCrop\PermanentCrop_292.jpg,6,PermanentCrop,6,PermanentCrop,0.8711385726928711,True,1.5829636,4.929382
616,C:\Users\DELL Precision 5550\Documents\GitHub\Terrasight-Eurosat-RGB-vs-Multispectral\data\raw\rgb\Residential\Residential_886.jpg,7,Residential,7,Residential,0.9998125433921814,True,-5.344909,-4.1548433
617,C:\Users\DELL Precision 5550\Documents\GitHub\Terrasight-Eurosat-RGB-vs-Multispectral\data\raw\rgb\Forest\Forest_2407.jpg,1,Forest,1,Forest,0.9999970197677612,True,14.723179,-3.4249845
618,C:\Users\DELL Precision 5550\Documents\GitHub\Terrasight-Eurosat-RGB-vs-Multispectral\data\raw\rgb\HerbaceousVegetation\HerbaceousVegetation_1508.jpg,2,HerbaceousVegetation,2,HerbaceousVegetation,0.9999349117279053,True,4.7272534,0.8123104
619,C:\Users\DELL Precision 5550\Documents\GitHub\Terrasight-Eurosat-RGB-vs-Multispectral\data\raw\rgb\River\River_2306.jpg,8,River,8,River,0.9999990463256836,True,6.642671,10.823096
620,C:\Users\DELL Precision 5550\Documents\GitHub\Terrasight-Eurosat-RGB-vs-Multispectral\data\raw\rgb\Residential\Residential_76.jpg,7,Residential,7,Residential,0.999761164188385,True,-6.4066606,-3.8270757
621,C:\Users\DELL Precision 5550\Documents\GitHub\Terrasight-Eurosat-RGB-vs-Multispectral\data\raw\rgb\AnnualCrop\AnnualCrop_1788.jpg,0,AnnualCrop,0,AnnualCrop,0.997164785861969,True,2.96829,13.253849
622,C:\Users\DELL Precision 5550\Documents\GitHub\Terrasight-Eurosat-RGB-vs-Multispectral\data\raw\rgb\Forest\Forest_1255.jpg,1,Forest,1,Forest,0.9999926090240479,True,14.396427,-2.0675845
623,C:\Users\DELL Precision 5550\Documents\GitHub\Terrasight-Eurosat-RGB-vs-Multispectral\data\raw\rgb\SeaLake\SeaLake_2435.jpg,9,SeaLake,9,SeaLake,0.9918506741523743,True,15.675563,10.717631
624,C:\Users\DELL Precision 5550\Documents\GitHub\Terrasight-Eurosat-RGB-vs-Multispectral\data\raw\rgb\PermanentCrop\PermanentCrop_300.jpg,6,PermanentCrop,6,PermanentCrop,0.9901843070983887,True,1.8923174,3.1818273
625,C:\Users\DELL Precision 5550\Documents\GitHub\Terrasight-Eurosat-RGB-vs-Multispectral\data\raw\rgb\AnnualCrop\AnnualCrop_1631.jpg,0,AnnualCrop,0,AnnualCrop,0.9999812841415405,True,2.188623,14.000876
626,C:\Users\DELL Precision 5550\Documents\GitHub\Terrasight-Eurosat-RGB-vs-Multispectral\data\raw\rgb\Highway\Highway_2429.jpg,3,Highway,3,Highway,0.9999997615814209,True,-1.4681904,10.734059
627,C:\Users\DELL Precision 5550\Documents\GitHub\Terrasight-Eurosat-RGB-vs-Multispectral\data\raw\rgb\SeaLake\SeaLake_2772.jpg,9,SeaLake,9,SeaLake,0.9962661862373352,True,15.797948,11.645998
628,C:\Users\DELL Precision 5550\Documents\GitHub\Terrasight-Eurosat-RGB-vs-Multispectral\data\raw\rgb\AnnualCrop\AnnualCrop_1665.jpg,0,AnnualCrop,0,AnnualCrop,0.9994367957115173,True,2.4942899,13.248474
629,C:\Users\DELL Precision 5550\Documents\GitHub\Terrasight-Eurosat-RGB-vs-Multispectral\data\raw\rgb\Industrial\Industrial_2227.jpg,4,Industrial,4,Industrial,0.9986698627471924,True,-7.6813207,1.6252742
630,C:\Users\DELL Precision 5550\Documents\GitHub\Terrasight-Eurosat-RGB-vs-Multispectral\data\raw\rgb\Highway\Highway_2014.jpg,3,Highway,3,Highway,0.9999932050704956,True,-1.4060786,10.180921
631,C:\Users\DELL Precision 5550\Documents\GitHub\Terrasight-Eurosat-RGB-vs-Multispectral\data\raw\rgb\Forest\Forest_546.jpg,1,Forest,1,Forest,0.9999934434890747,True,14.389996,-2.8924289
632,C:\Users\DELL Precision 5550\Documents\GitHub\Terrasight-Eurosat-RGB-vs-Multispectral\data\raw\rgb\HerbaceousVegetation\HerbaceousVegetation_1965.jpg,2,HerbaceousVegetation,2,HerbaceousVegetation,0.9999692440032959,True,3.2163036,1.0326225
633,C:\Users\DELL Precision 5550\Documents\GitHub\Terrasight-Eurosat-RGB-vs-Multispectral\data\raw\rgb\Highway\Highway_1984.jpg,3,Highway,3,Highway,0.9978708028793335,True,0.3508325,9.958134
634,C:\Users\DELL Precision 5550\Documents\GitHub\Terrasight-Eurosat-RGB-vs-Multispectral\data\raw\rgb\Forest\Forest_2294.jpg,1,Forest,1,Forest,0.9977568984031677,True,13.625163,-0.6220329
635,C:\Users\DELL Precision 5550\Documents\GitHub\Terrasight-Eurosat-RGB-vs-Multispectral\data\raw\rgb\Highway\Highway_2196.jpg,3,Highway,3,Highway,0.9999936819076538,True,-1.4208189,10.645172
636,C:\Users\DELL Precision 5550\Documents\GitHub\Terrasight-Eurosat-RGB-vs-Multispectral\data\raw\rgb\SeaLake\SeaLake_2571.jpg,9,SeaLake,9,SeaLake,0.9999082088470459,True,16.649006,12.868849
637,C:\Users\DELL Precision 5550\Documents\GitHub\Terrasight-Eurosat-RGB-vs-Multispectral\data\raw\rgb\AnnualCrop\AnnualCrop_118.jpg,0,AnnualCrop,0,AnnualCrop,0.9271668791770935,True,3.405254,11.497647
638,C:\Users\DELL Precision 5550\Documents\GitHub\Terrasight-Eurosat-RGB-vs-Multispectral\data\raw\rgb\PermanentCrop\PermanentCrop_1514.jpg,6,PermanentCrop,6,PermanentCrop,0.9993891716003418,True,1.9722358,3.8405776
639,C:\Users\DELL Precision 5550\Documents\GitHub\Terrasight-Eurosat-RGB-vs-Multispectral\data\raw\rgb\Forest\Forest_2536.jpg,1,Forest,1,Forest,0.9999521970748901,True,13.711671,-2.822438
640,C:\Users\DELL Precision 5550\Documents\GitHub\Terrasight-Eurosat-RGB-vs-Multispectral\data\raw\rgb\Pasture\Pasture_1557.jpg,5,Pasture,5,Pasture,0.999924898147583,True,10.270542,7.768502
641,C:\Users\DELL Precision 5550\Documents\GitHub\Terrasight-Eurosat-RGB-vs-Multispectral\data\raw\rgb\Pasture\Pasture_1940.jpg,5,Pasture,5,Pasture,0.9999749660491943,True,7.913872,5.57316
642,C:\Users\DELL Precision 5550\Documents\GitHub\Terrasight-Eurosat-RGB-vs-Multispectral\data\raw\rgb\Forest\Forest_2060.jpg,1,Forest,1,Forest,0.9994418025016785,True,13.736311,-1.0882645
643,C:\Users\DELL Precision 5550\Documents\GitHub\Terrasight-Eurosat-RGB-vs-Multispectral\data\raw\rgb\Highway\Highway_894.jpg,3,Highway,3,Highway,0.9996283054351807,True,-1.0668262,9.753095
644,C:\Users\DELL Precision 5550\Documents\GitHub\Terrasight-Eurosat-RGB-vs-Multispectral\data\raw\rgb\Forest\Forest_2458.jpg,1,Forest,1,Forest,0.999967098236084,True,14.0917015,-2.3175309
645,C:\Users\DELL Precision 5550\Documents\GitHub\Terrasight-Eurosat-RGB-vs-Multispectral\data\raw\rgb\Highway\Highway_65.jpg,3,Highway,3,Highway,0.9996705055236816,True,-0.40039533,10.340662
646,C:\Users\DELL Precision 5550\Documents\GitHub\Terrasight-Eurosat-RGB-vs-Multispectral\data\raw\rgb\HerbaceousVegetation\HerbaceousVegetation_2561.jpg,2,HerbaceousVegetation,2,HerbaceousVegetation,0.9999706745147705,True,3.2272754,0.58736914
647,C:\Users\DELL Precision 5550\Documents\GitHub\Terrasight-Eurosat-RGB-vs-Multispectral\data\raw\rgb\AnnualCrop\AnnualCrop_1515.jpg,0,AnnualCrop,0,AnnualCrop,0.9954830408096313,True,2.864081,13.288332
648,C:\Users\DELL Precision 5550\Documents\GitHub\Terrasight-Eurosat-RGB-vs-Multispectral\data\raw\rgb\River\River_2475.jpg,8,River,8,River,0.9999936819076538,True,6.6171007,10.892496
649,C:\Users\DELL Precision 5550\Documents\GitHub\Terrasight-Eurosat-RGB-vs-Multispectral\data\raw\rgb\Residential\Residential_1344.jpg,7,Residential,7,Residential,0.9019953608512878,True,-5.4403896,-2.3397298
650,C:\Users\DELL Precision 5550\Documents\GitHub\Terrasight-Eurosat-RGB-vs-Multispectral\data\raw\rgb\Residential\Residential_2426.jpg,7,Residential,7,Residential,0.6659592986106873,True,-5.271968,-2.2481472
651,C:\Users\DELL Precision 5550\Documents\GitHub\Terrasight-Eurosat-RGB-vs-Multispectral\data\raw\rgb\HerbaceousVegetation\HerbaceousVegetation_1048.jpg,2,HerbaceousVegetation,2,HerbaceousVegetation,0.9984550476074219,True,3.855948,1.5589246
652,C:\Users\DELL Precision 5550\Documents\GitHub\Terrasight-Eurosat-RGB-vs-Multispectral\data\raw\rgb\AnnualCrop\AnnualCrop_425.jpg,0,AnnualCrop,0,AnnualCrop,0.9999966621398926,True,2.4050329,14.951885
653,C:\Users\DELL Precision 5550\Documents\GitHub\Terrasight-Eurosat-RGB-vs-Multispectral\data\raw\rgb\Residential\Residential_2165.jpg,7,Residential,7,Residential,0.9994864463806152,True,-5.307256,-4.1974015
654,C:\Users\DELL Precision 5550\Documents\GitHub\Terrasight-Eurosat-RGB-vs-Multispectral\data\raw\rgb\River\River_1335.jpg,8,River,8,River,0.9999998807907104,True,6.708444,10.978505
655,C:\Users\DELL Precision 5550\Documents\GitHub\Terrasight-Eurosat-RGB-vs-Multispectral\data\raw\rgb\HerbaceousVegetation\HerbaceousVegetation_2670.jpg,2,HerbaceousVegetation,2,HerbaceousVegetation,1.0,True,3.0429173,-0.011756842
656,C:\Users\DELL Precision 5550\Documents\GitHub\Terrasight-Eurosat-RGB-vs-Multispectral\data\raw\rgb\HerbaceousVegetation\HerbaceousVegetation_2098.jpg,2,HerbaceousVegetation,2,HerbaceousVegetation,0.9999997615814209,True,3.5420096,-0.3687496
657,C:\Users\DELL Precision 5550\Documents\GitHub\Terrasight-Eurosat-RGB-vs-Multispectral\data\raw\rgb\River\River_858.jpg,8,River,8,River,0.9993300437927246,True,5.2463546,10.445552
658,C:\Users\DELL Precision 5550\Documents\GitHub\Terrasight-Eurosat-RGB-vs-Multispectral\data\raw\rgb\Pasture\Pasture_380.jpg,5,Pasture,5,Pasture,0.9994809031486511,True,7.2137985,5.2308164
659,C:\Users\DELL Precision 5550\Documents\GitHub\Terrasight-Eurosat-RGB-vs-Multispectral\data\raw\rgb\Industrial\Industrial_1020.jpg,4,Industrial,4,Industrial,0.8781948089599609,True,-7.3600454,2.185975
660,C:\Users\DELL Precision 5550\Documents\GitHub\Terrasight-Eurosat-RGB-vs-Multispectral\data\raw\rgb\PermanentCrop\PermanentCrop_489.jpg,6,PermanentCrop,6,PermanentCrop,0.9972233772277832,True,1.2885063,4.6797876
661,C:\Users\DELL Precision 5550\Documents\GitHub\Terrasight-Eurosat-RGB-vs-Multispectral\data\raw\rgb\Industrial\Industrial_1853.jpg,4,Industrial,4,Industrial,0.9999988079071045,True,-9.023822,1.8334863
662,C:\Users\DELL Precision 5550\Documents\GitHub\Terrasight-Eurosat-RGB-vs-Multispectral\data\raw\rgb\HerbaceousVegetation\HerbaceousVegetation_722.jpg,2,HerbaceousVegetation,2,HerbaceousVegetation,0.999996542930603,True,3.04458,0.44993725
663,C:\Users\DELL Precision 5550\Documents\GitHub\Terrasight-Eurosat-RGB-vs-Multispectral\data\raw\rgb\Residential\Residential_885.jpg,7,Residential,7,Residential,0.9785919785499573,True,-6.5538783,-3.4291036
664,C:\Users\DELL Precision 5550\Documents\GitHub\Terrasight-Eurosat-RGB-vs-Multispectral\data\raw\rgb\Industrial\Industrial_306.jpg,4,Industrial,4,Industrial,0.9999972581863403,True,-8.9136,1.8425847
665,C:\Users\DELL Precision 5550\Documents\GitHub\Terrasight-Eurosat-RGB-vs-Multispectral\data\raw\rgb\Industrial\Industrial_1021.jpg,4,Industrial,4,Industrial,0.9999086856842041,True,-8.132745,2.1545732
666,C:\Users\DELL Precision 5550\Documents\GitHub\Terrasight-Eurosat-RGB-vs-Multispectral\data\raw\rgb\PermanentCrop\PermanentCrop_2215.jpg,6,PermanentCrop,6,PermanentCrop,0.5237036943435669,True,2.7717967,3.558367
667,C:\Users\DELL Precision 5550\Documents\GitHub\Terrasight-Eurosat-RGB-vs-Multispectral\data\raw\rgb\PermanentCrop\PermanentCrop_1899.jpg,6,PermanentCrop,2,HerbaceousVegetation,0.9422884583473206,False,3.1995478,3.6775787
668,C:\Users\DELL Precision 5550\Documents\GitHub\Terrasight-Eurosat-RGB-vs-Multispectral\data\raw\rgb\PermanentCrop\PermanentCrop_1303.jpg,6,PermanentCrop,2,HerbaceousVegetation,0.9074857831001282,False,3.238931,3.6896956
669,C:\Users\DELL Precision 5550\Documents\GitHub\Terrasight-Eurosat-RGB-vs-Multispectral\data\raw\rgb\SeaLake\SeaLake_2832.jpg,9,SeaLake,9,SeaLake,0.9983805418014526,True,16.083334,12.733421
670,C:\Users\DELL Precision 5550\Documents\GitHub\Terrasight-Eurosat-RGB-vs-Multispectral\data\raw\rgb\Highway\Highway_389.jpg,3,Highway,3,Highway,0.7621413469314575,True,-0.87867534,10.116314
671,C:\Users\DELL Precision 5550\Documents\GitHub\Terrasight-Eurosat-RGB-vs-Multispectral\data\raw\rgb\Residential\Residential_964.jpg,7,Residential,7,Residential,0.9919571876525879,True,-5.278049,-2.834571
672,C:\Users\DELL Precision 5550\Documents\GitHub\Terrasight-Eurosat-RGB-vs-Multispectral\data\raw\rgb\Residential\Residential_619.jpg,7,Residential,7,Residential,0.9715713262557983,True,-6.129261,-2.9944355
673,C:\Users\DELL Precision 5550\Documents\GitHub\Terrasight-Eurosat-RGB-vs-Multispectral\data\raw\rgb\SeaLake\SeaLake_2864.jpg,9,SeaLake,9,SeaLake,0.9997081160545349,True,17.10289,11.527152
674,C:\Users\DELL Precision 5550\Documents\GitHub\Terrasight-Eurosat-RGB-vs-Multispectral\data\raw\rgb\Forest\Forest_620.jpg,1,Forest,1,Forest,0.9673805832862854,True,13.923399,-0.5241187
675,C:\Users\DELL Precision 5550\Documents\GitHub\Terrasight-Eurosat-RGB-vs-Multispectral\data\raw\rgb\Highway\Highway_2375.jpg,3,Highway,3,Highway,0.9999963045120239,True,-1.5624003,10.622688
676,C:\Users\DELL Precision 5550\Documents\GitHub\Terrasight-Eurosat-RGB-vs-Multispectral\data\raw\rgb\Residential\Residential_1234.jpg,7,Residential,7,Residential,0.9999843835830688,True,-6.1747994,-4.1730256
677,C:\Users\DELL Precision 5550\Documents\GitHub\Terrasight-Eurosat-RGB-vs-Multispectral\data\raw\rgb\HerbaceousVegetation\HerbaceousVegetation_1242.jpg,2,HerbaceousVegetation,2,HerbaceousVegetation,0.9986458420753479,True,3.0761135,1.4246482
678,C:\Users\DELL Precision 5550\Documents\GitHub\Terrasight-Eurosat-RGB-vs-Multispectral\data\raw\rgb\Pasture\Pasture_1108.jpg,5,Pasture,5,Pasture,0.9998038411140442,True,7.4304,5.3414845
679,C:\Users\DELL Precision 5550\Documents\GitHub\Terrasight-Eurosat-RGB-vs-Multispectral\data\raw\rgb\Forest\Forest_2756.jpg,1,Forest,1,Forest,0.9999998807907104,True,14.713265,-3.5096092
680,C:\Users\DELL Precision 5550\Documents\GitHub\Terrasight-Eurosat-RGB-vs-Multispectral\data\raw\rgb\HerbaceousVegetation\HerbaceousVegetation_2669.jpg,2,HerbaceousVegetation,2,HerbaceousVegetation,0.9932996034622192,True,5.689337,4.5243025
681,C:\Users\DELL Precision 5550\Documents\GitHub\Terrasight-Eurosat-RGB-vs-Multispectral\data\raw\rgb\HerbaceousVegetation\HerbaceousVegetation_2067.jpg,2,HerbaceousVegetation,2,HerbaceousVegetation,0.9974000453948975,True,4.25871,1.7479153
682,C:\Users\DELL Precision 5550\Documents\GitHub\Terrasight-Eurosat-RGB-vs-Multispectral\data\raw\rgb\Forest\Forest_54.jpg,1,Forest,1,Forest,0.9998181462287903,True,13.424886,-1.8256277
683,C:\Users\DELL Precision 5550\Documents\GitHub\Terrasight-Eurosat-RGB-vs-Multispectral\data\raw\rgb\Forest\Forest_1449.jpg,1,Forest,1,Forest,0.9999427795410156,True,13.668301,-2.2476718
684,C:\Users\DELL Precision 5550\Documents\GitHub\Terrasight-Eurosat-RGB-vs-Multispectral\data\raw\rgb\PermanentCrop\PermanentCrop_1130.jpg,6,PermanentCrop,6,PermanentCrop,0.9797894954681396,True,1.9974375,3.1914566
685,C:\Users\DELL Precision 5550\Documents\GitHub\Terrasight-Eurosat-RGB-vs-Multispectral\data\raw\rgb\Residential\Residential_1489.jpg,7,Residential,7,Residential,0.9996016621589661,True,-6.624368,-4.10144
686,C:\Users\DELL Precision 5550\Documents\GitHub\Terrasight-Eurosat-RGB-vs-Multispectral\data\raw\rgb\River\River_951.jpg,8,River,8,River,1.0,True,6.718368,10.915972
687,C:\Users\DELL Precision 5550\Documents\GitHub\Terrasight-Eurosat-RGB-vs-Multispectral\data\raw\rgb\HerbaceousVegetation\HerbaceousVegetation_1332.jpg,2,HerbaceousVegetation,2,HerbaceousVegetation,0.9999986886978149,True,3.7291722,-0.35080233
688,C:\Users\DELL Precision 5550\Documents\GitHub\Terrasight-Eurosat-RGB-vs-Multispectral\data\raw\rgb\Industrial\Industrial_1288.jpg,4,Industrial,4,Industrial,0.9984562397003174,True,-8.168435,1.092104
689,C:\Users\DELL Precision 5550\Documents\GitHub\Terrasight-Eurosat-RGB-vs-Multispectral\data\raw\rgb\Residential\Residential_2086.jpg,7,Residential,7,Residential,0.9999808073043823,True,-5.689259,-4.2176595
690,C:\Users\DELL Precision 5550\Documents\GitHub\Terrasight-Eurosat-RGB-vs-Multispectral\data\raw\rgb\HerbaceousVegetation\HerbaceousVegetation_1151.jpg,2,HerbaceousVegetation,2,HerbaceousVegetation,0.9744583368301392,True,3.3294997,1.6991427
691,C:\Users\DELL Precision 5550\Documents\GitHub\Terrasight-Eurosat-RGB-vs-Multispectral\data\raw\rgb\River\River_621.jpg,8,River,8,River,0.9110000729560852,True,4.813857,10.058449
692,C:\Users\DELL Precision 5550\Documents\GitHub\Terrasight-Eurosat-RGB-vs-Multispectral\data\raw\rgb\HerbaceousVegetation\HerbaceousVegetation_203.jpg,2,HerbaceousVegetation,2,HerbaceousVegetation,0.999998927116394,True,3.1601777,-0.025673402
693,C:\Users\DELL Precision 5550\Documents\GitHub\Terrasight-Eurosat-RGB-vs-Multispectral\data\raw\rgb\Forest\Forest_2916.jpg,1,Forest,1,Forest,0.9999980926513672,True,14.812628,-1.949769
694,C:\Users\DELL Precision 5550\Documents\GitHub\Terrasight-Eurosat-RGB-vs-Multispectral\data\raw\rgb\Forest\Forest_2149.jpg,1,Forest,1,Forest,0.9999996423721313,True,14.87105,-3.0352368
695,C:\Users\DELL Precision 5550\Documents\GitHub\Terrasight-Eurosat-RGB-vs-Multispectral\data\raw\rgb\Forest\Forest_2428.jpg,1,Forest,1,Forest,0.9998917579650879,True,14.514402,-2.5339563
696,C:\Users\DELL Precision 5550\Documents\GitHub\Terrasight-Eurosat-RGB-vs-Multispectral\data\raw\rgb\Residential\Residential_2815.jpg,7,Residential,7,Residential,0.9995142221450806,True,-5.200044,-3.5093215
697,C:\Users\DELL Precision 5550\Documents\GitHub\Terrasight-Eurosat-RGB-vs-Multispectral\data\raw\rgb\Forest\Forest_170.jpg,1,Forest,1,Forest,0.9996740818023682,True,13.840851,-0.96595544
698,C:\Users\DELL Precision 5550\Documents\GitHub\Terrasight-Eurosat-RGB-vs-Multispectral\data\raw\rgb\Industrial\Industrial_2440.jpg,4,Industrial,4,Industrial,1.0,True,-9.039601,1.8665595
699,C:\Users\DELL Precision 5550\Documents\GitHub\Terrasight-Eurosat-RGB-vs-Multispectral\data\raw\rgb\SeaLake\SeaLake_1032.jpg,9,SeaLake,9,SeaLake,0.9998134970664978,True,16.941221,10.886649
700,C:\Users\DELL Precision 5550\Documents\GitHub\Terrasight-Eurosat-RGB-vs-Multispectral\data\raw\rgb\AnnualCrop\AnnualCrop_242.jpg,0,AnnualCrop,0,AnnualCrop,0.986117422580719,True,2.9681768,13.822898
701,C:\Users\DELL Precision 5550\Documents\GitHub\Terrasight-Eurosat-RGB-vs-Multispectral\data\raw\rgb\Pasture\Pasture_1011.jpg,5,Pasture,5,Pasture,0.9995527863502502,True,7.460894,5.5830045
702,C:\Users\DELL Precision 5550\Documents\GitHub\Terrasight-Eurosat-RGB-vs-Multispectral\data\raw\rgb\River\River_2036.jpg,8,River,8,River,0.9999995231628418,True,6.7275186,11.066628
703,C:\Users\DELL Precision 5550\Documents\GitHub\Terrasight-Eurosat-RGB-vs-Multispectral\data\raw\rgb\Pasture\Pasture_1283.jpg,5,Pasture,5,Pasture,0.9999929666519165,True,10.757676,7.9336047
704,C:\Users\DELL Precision 5550\Documents\GitHub\Terrasight-Eurosat-RGB-vs-Multispectral\data\raw\rgb\Residential\Residential_1262.jpg,7,Residential,7,Residential,0.9999961853027344,True,-5.5910473,-4.481053
705,C:\Users\DELL Precision 5550\Documents\GitHub\Terrasight-Eurosat-RGB-vs-Multispectral\data\raw\rgb\HerbaceousVegetation\HerbaceousVegetation_2049.jpg,2,HerbaceousVegetation,2,HerbaceousVegetation,0.9999681711196899,True,3.8152497,0.15688021
706,C:\Users\DELL Precision 5550\Documents\GitHub\Terrasight-Eurosat-RGB-vs-Multispectral\data\raw\rgb\Highway\Highway_895.jpg,3,Highway,3,Highway,0.99928218126297,True,-0.36940834,10.867934
707,C:\Users\DELL Precision 5550\Documents\GitHub\Terrasight-Eurosat-RGB-vs-Multispectral\data\raw\rgb\AnnualCrop\AnnualCrop_675.jpg,0,AnnualCrop,0,AnnualCrop,0.9999969005584717,True,2.5351708,15.128517
708,C:\Users\DELL Precision 5550\Documents\GitHub\Terrasight-Eurosat-RGB-vs-Multispectral\data\raw\rgb\Residential\Residential_851.jpg,7,Residential,7,Residential,0.9999319314956665,True,-6.6824346,-4.681612
709,C:\Users\DELL Precision 5550\Documents\GitHub\Terrasight-Eurosat-RGB-vs-Multispectral\data\raw\rgb\Highway\Highway_2208.jpg,3,Highway,3,Highway,0.9979604482650757,True,-0.08839479,9.614118
710,C:\Users\DELL Precision 5550\Documents\GitHub\Terrasight-Eurosat-RGB-vs-Multispectral\data\raw\rgb\Industrial\Industrial_1412.jpg,4,Industrial,4,Industrial,0.9998273849487305,True,-8.483449,1.5124873
711,C:\Users\DELL Precision 5550\Documents\GitHub\Terrasight-Eurosat-RGB-vs-Multispectral\data\raw\rgb\Highway\Highway_1125.jpg,3,Highway,3,Highway,0.9908561706542969,True,-0.3649527,10.975678
712,C:\Users\DELL Precision 5550\Documents\GitHub\Terrasight-Eurosat-RGB-vs-Multispectral\data\raw\rgb\PermanentCrop\PermanentCrop_1798.jpg,6,PermanentCrop,6,PermanentCrop,0.7527645826339722,True,2.7422955,3.3178868
713,C:\Users\DELL Precision 5550\Documents\GitHub\Terrasight-Eurosat-RGB-vs-Multispectral\data\raw\rgb\Pasture\Pasture_732.jpg,5,Pasture,5,Pasture,0.996886670589447,True,6.501938,5.338032
714,C:\Users\DELL Precision 5550\Documents\GitHub\Terrasight-Eurosat-RGB-vs-Multispectral\data\raw\rgb\Forest\Forest_564.jpg,1,Forest,1,Forest,0.9918823838233948,True,13.118085,-0.8762131
715,C:\Users\DELL Precision 5550\Documents\GitHub\Terrasight-Eurosat-RGB-vs-Multispectral\data\raw\rgb\Highway\Highway_2168.jpg,3,Highway,3,Highway,0.9997275471687317,True,-0.6278623,10.37301
716,C:\Users\DELL Precision 5550\Documents\GitHub\Terrasight-Eurosat-RGB-vs-Multispectral\data\raw\rgb\Forest\Forest_454.jpg,1,Forest,1,Forest,0.9997072815895081,True,13.682621,-2.5729148
717,C:\Users\DELL Precision 5550\Documents\GitHub\Terrasight-Eurosat-RGB-vs-Multispectral\data\raw\rgb\PermanentCrop\PermanentCrop_380.jpg,6,PermanentCrop,6,PermanentCrop,0.8495513796806335,True,2.6273541,3.3666909
718,C:\Users\DELL Precision 5550\Documents\GitHub\Terrasight-Eurosat-RGB-vs-Multispectral\data\raw\rgb\SeaLake\SeaLake_2845.jpg,9,SeaLake,9,SeaLake,0.9906362891197205,True,15.941101,12.052562
719,C:\Users\DELL Precision 5550\Documents\GitHub\Terrasight-Eurosat-RGB-vs-Multispectral\data\raw\rgb\HerbaceousVegetation\HerbaceousVegetation_1244.jpg,2,HerbaceousVegetation,2,HerbaceousVegetation,0.9997568726539612,True,4.3063564,0.74073035
720,C:\Users\DELL Precision 5550\Documents\GitHub\Terrasight-Eurosat-RGB-vs-Multispectral\data\raw\rgb\HerbaceousVegetation\HerbaceousVegetation_1130.jpg,2,HerbaceousVegetation,2,HerbaceousVegetation,0.9995263814926147,True,3.3590128,1.0899708
721,C:\Users\DELL Precision 5550\Documents\GitHub\Terrasight-Eurosat-RGB-vs-Multispectral\data\raw\rgb\Forest\Forest_1335.jpg,1,Forest,1,Forest,0.9999967813491821,True,14.691711,-2.828135
722,C:\Users\DELL Precision 5550\Documents\GitHub\Terrasight-Eurosat-RGB-vs-Multispectral\data\raw\rgb\Industrial\Industrial_150.jpg,4,Industrial,4,Industrial,0.9626309871673584,True,-7.2627044,2.146699
723,C:\Users\DELL Precision 5550\Documents\GitHub\Terrasight-Eurosat-RGB-vs-Multispectral\data\raw\rgb\AnnualCrop\AnnualCrop_2366.jpg,0,AnnualCrop,0,AnnualCrop,0.9997954964637756,True,2.8027573,13.243772
724,C:\Users\DELL Precision 5550\Documents\GitHub\Terrasight-Eurosat-RGB-vs-Multispectral\data\raw\rgb\Industrial\Industrial_753.jpg,4,Industrial,4,Industrial,0.9997033476829529,True,-7.9693546,1.7714016
725,C:\Users\DELL Precision 5550\Documents\GitHub\Terrasight-Eurosat-RGB-vs-Multispectral\data\raw\rgb\SeaLake\SeaLake_140.jpg,9,SeaLake,9,SeaLake,0.9998416900634766,True,16.32096,10.451395
726,C:\Users\DELL Precision 5550\Documents\GitHub\Terrasight-Eurosat-RGB-vs-Multispectral\data\raw\rgb\AnnualCrop\AnnualCrop_2298.jpg,0,AnnualCrop,0,AnnualCrop,0.9997127652168274,True,2.5907269,13.009264
727,C:\Users\DELL Precision 5550\Documents\GitHub\Terrasight-Eurosat-RGB-vs-Multispectral\data\raw\rgb\HerbaceousVegetation\HerbaceousVegetation_2541.jpg,2,HerbaceousVegetation,2,HerbaceousVegetation,0.9769442677497864,True,4.5238676,0.16549435
728,C:\Users\DELL Precision 5550\Documents\GitHub\Terrasight-Eurosat-RGB-vs-Multispectral\data\raw\rgb\SeaLake\SeaLake_965.jpg,9,SeaLake,9,SeaLake,0.9999384880065918,True,16.041872,10.437604
729,C:\Users\DELL Precision 5550\Documents\GitHub\Terrasight-Eurosat-RGB-vs-Multispectral\data\raw\rgb\Industrial\Industrial_471.jpg,4,Industrial,4,Industrial,0.9969909191131592,True,-8.259833,1.1114286
730,C:\Users\DELL Precision 5550\Documents\GitHub\Terrasight-Eurosat-RGB-vs-Multispectral\data\raw\rgb\Industrial\Industrial_1296.jpg,4,Industrial,4,Industrial,0.9998884201049805,True,-8.515337,1.4154516
731,C:\Users\DELL Precision 5550\Documents\GitHub\Terrasight-Eurosat-RGB-vs-Multispectral\data\raw\rgb\PermanentCrop\PermanentCrop_797.jpg,6,PermanentCrop,6,PermanentCrop,0.9412455558776855,True,1.5625867,4.860866
732,C:\Users\DELL Precision 5550\Documents\GitHub\Terrasight-Eurosat-RGB-vs-Multispectral\data\raw\rgb\AnnualCrop\AnnualCrop_1425.jpg,0,AnnualCrop,0,AnnualCrop,0.9999995231628418,True,2.3898122,15.094313
733,C:\Users\DELL Precision 5550\Documents\GitHub\Terrasight-Eurosat-RGB-vs-Multispectral\data\raw\rgb\River\River_162.jpg,8,River,8,River,0.9996498823165894,True,4.947135,10.785558
734,C:\Users\DELL Precision 5550\Documents\GitHub\Terrasight-Eurosat-RGB-vs-Multispectral\data\raw\rgb\HerbaceousVegetation\HerbaceousVegetation_2664.jpg,2,HerbaceousVegetation,2,HerbaceousVegetation,0.9861191511154175,True,-5.0930758,-2.1636744
735,C:\Users\DELL Precision 5550\Documents\GitHub\Terrasight-Eurosat-RGB-vs-Multispectral\data\raw\rgb\Highway\Highway_2066.jpg,3,Highway,3,Highway,0.9992015957832336,True,0.039408565,10.062166
736,C:\Users\DELL Precision 5550\Documents\GitHub\Terrasight-Eurosat-RGB-vs-Multispectral\data\raw\rgb\Residential\Residential_1558.jpg,7,Residential,7,Residential,0.9946331977844238,True,-5.830905,-3.1563926
737,C:\Users\DELL Precision 5550\Documents\GitHub\Terrasight-Eurosat-RGB-vs-Multispectral\data\raw\rgb\AnnualCrop\AnnualCrop_328.jpg,0,AnnualCrop,0,AnnualCrop,0.9999717473983765,True,2.8049428,14.482874
738,C:\Users\DELL Precision 5550\Documents\GitHub\Terrasight-Eurosat-RGB-vs-Multispectral\data\raw\rgb\HerbaceousVegetation\HerbaceousVegetation_1889.jpg,2,HerbaceousVegetation,2,HerbaceousVegetation,0.9980177879333496,True,4.288485,0.35267538
739,C:\Users\DELL Precision 5550\Documents\GitHub\Terrasight-Eurosat-RGB-vs-Multispectral\data\raw\rgb\Highway\Highway_1066.jpg,3,Highway,3,Highway,0.9999927282333374,True,-1.1475202,10.813518
740,C:\Users\DELL Precision 5550\Documents\GitHub\Terrasight-Eurosat-RGB-vs-Multispectral\data\raw\rgb\Industrial\Industrial_196.jpg,4,Industrial,4,Industrial,0.9983333945274353,True,-7.9896855,1.3878801
741,C:\Users\DELL Precision 5550\Documents\GitHub\Terrasight-Eurosat-RGB-vs-Multispectral\data\raw\rgb\Forest\Forest_2628.jpg,1,Forest,1,Forest,0.9999198913574219,True,13.795159,-1.6000235
742,C:\Users\DELL Precision 5550\Documents\GitHub\Terrasight-Eurosat-RGB-vs-Multispectral\data\raw\rgb\AnnualCrop\AnnualCrop_941.jpg,0,AnnualCrop,0,AnnualCrop,0.9971565008163452,True,2.336144,13.077423
743,C:\Users\DELL Precision 5550\Documents\GitHub\Terrasight-Eurosat-RGB-vs-Multispectral\data\raw\rgb\Highway\Highway_1064.jpg,3,Highway,3,Highway,0.9971657395362854,True,-0.43228722,10.91754
744,C:\Users\DELL Precision 5550\Documents\GitHub\Terrasight-Eurosat-RGB-vs-Multispectral\data\raw\rgb\PermanentCrop\PermanentCrop_1336.jpg,6,PermanentCrop,6,PermanentCrop,0.9985246062278748,True,1.9650519,4.6618543
745,C:\Users\DELL Precision 5550\Documents\GitHub\Terrasight-Eurosat-RGB-vs-Multispectral\data\raw\rgb\River\River_2393.jpg,8,River,8,River,0.9986914992332458,True,4.8424544,9.992926
746,C:\Users\DELL Precision 5550\Documents\GitHub\Terrasight-Eurosat-RGB-vs-Multispectral\data\raw\rgb\SeaLake\SeaLake_2481.jpg,9,SeaLake,9,SeaLake,0.9944891929626465,True,15.800509,10.803902
747,C:\Users\DELL Precision 5550\Documents\GitHub\Terrasight-Eurosat-RGB-vs-Multispectral\data\raw\rgb\Industrial\Industrial_959.jpg,4,Industrial,4,Industrial,0.9855276346206665,True,-7.1122165,1.1833599
748,C:\Users\DELL Precision 5550\Documents\GitHub\Terrasight-Eurosat-RGB-vs-Multispectral\data\raw\rgb\River\River_1795.jpg,8,River,3,Highway,0.9784932732582092,False,0.057099458,9.514535
749,C:\Users\DELL Precision 5550\Documents\GitHub\Terrasight-Eurosat-RGB-vs-Multispectral\data\raw\rgb\SeaLake\SeaLake_2372.jpg,9,SeaLake,9,SeaLake,0.9964256882667542,True,15.740058,11.560039
750,C:\Users\DELL Precision 5550\Documents\GitHub\Terrasight-Eurosat-RGB-vs-Multispectral\data\raw\rgb\AnnualCrop\AnnualCrop_2160.jpg,0,AnnualCrop,0,AnnualCrop,1.0,True,2.5225387,16.179008
751,C:\Users\DELL Precision 5550\Documents\GitHub\Terrasight-Eurosat-RGB-vs-Multispectral\data\raw\rgb\Residential\Residential_2096.jpg,7,Residential,7,Residential,0.9998924732208252,True,-6.195563,-4.1117496
752,C:\Users\DELL Precision 5550\Documents\GitHub\Terrasight-Eurosat-RGB-vs-Multispectral\data\raw\rgb\Residential\Residential_892.jpg,7,Residential,7,Residential,0.999006450176239,True,-6.670884,-4.427461
753,C:\Users\DELL Precision 5550\Documents\GitHub\Terrasight-Eurosat-RGB-vs-Multispectral\data\raw\rgb\Forest\Forest_1346.jpg,1,Forest,1,Forest,0.9983152151107788,True,13.228943,-1.4385769
754,C:\Users\DELL Precision 5550\Documents\GitHub\Terrasight-Eurosat-RGB-vs-Multispectral\data\raw\rgb\AnnualCrop\AnnualCrop_336.jpg,0,AnnualCrop,0,AnnualCrop,0.9998607635498047,True,2.5036528,14.059217
755,C:\Users\DELL Precision 5550\Documents\GitHub\Terrasight-Eurosat-RGB-vs-Multispectral\data\raw\rgb\Pasture\Pasture_784.jpg,5,Pasture,5,Pasture,0.9988507032394409,True,7.140479,5.305235
756,C:\Users\DELL Precision 5550\Documents\GitHub\Terrasight-Eurosat-RGB-vs-Multispectral\data\raw\rgb\Pasture\Pasture_735.jpg,5,Pasture,5,Pasture,0.9930880665779114,True,6.9290705,5.0194163
757,C:\Users\DELL Precision 5550\Documents\GitHub\Terrasight-Eurosat-RGB-vs-Multispectral\data\raw\rgb\Forest\Forest_716.jpg,1,Forest,1,Forest,0.9166924953460693,True,14.166331,-0.5945147
758,C:\Users\DELL Precision 5550\Documents\GitHub\Terrasight-Eurosat-RGB-vs-Multispectral\data\raw\rgb\River\River_186.jpg,8,River,8,River,1.0,True,6.9009104,10.915322
759,C:\Users\DELL Precision 5550\Documents\GitHub\Terrasight-Eurosat-RGB-vs-Multispectral\data\raw\rgb\Industrial\Industrial_558.jpg,4,Industrial,4,Industrial,0.9966300129890442,True,-7.896968,1.3655498
760,C:\Users\DELL Precision 5550\Documents\GitHub\Terrasight-Eurosat-RGB-vs-Multispectral\data\raw\rgb\Industrial\Industrial_298.jpg,4,Industrial,4,Industrial,0.9999864101409912,True,-8.902346,1.7402824
761,C:\Users\DELL Precision 5550\Documents\GitHub\Terrasight-Eurosat-RGB-vs-Multispectral\data\raw\rgb\HerbaceousVegetation\HerbaceousVegetation_1707.jpg,2,HerbaceousVegetation,6,PermanentCrop,0.9807555079460144,False,2.1036718,3.3281646
762,C:\Users\DELL Precision 5550\Documents\GitHub\Terrasight-Eurosat-RGB-vs-Multispectral\data\raw\rgb\Highway\Highway_2246.jpg,3,Highway,3,Highway,0.9999852180480957,True,-1.0371706,10.47578
763,C:\Users\DELL Precision 5550\Documents\GitHub\Terrasight-Eurosat-RGB-vs-Multispectral\data\raw\rgb\PermanentCrop\PermanentCrop_1468.jpg,6,PermanentCrop,6,PermanentCrop,0.9999995231628418,True,0.9145347,4.188781
764,C:\Users\DELL Precision 5550\Documents\GitHub\Terrasight-Eurosat-RGB-vs-Multispectral\data\raw\rgb\Forest\Forest_1944.jpg,1,Forest,1,Forest,0.9999825954437256,True,14.462596,-1.9501998
765,C:\Users\DELL Precision 5550\Documents\GitHub\Terrasight-Eurosat-RGB-vs-Multispectral\data\raw\rgb\Industrial\Industrial_1931.jpg,4,Industrial,4,Industrial,0.9736509919166565,True,-7.2860384,1.0831349
766,C:\Users\DELL Precision 5550\Documents\GitHub\Terrasight-Eurosat-RGB-vs-Multispectral\data\raw\rgb\SeaLake\SeaLake_1476.jpg,9,SeaLake,9,SeaLake,0.9997641444206238,True,16.488312,12.602953
767,C:\Users\DELL Precision 5550\Documents\GitHub\Terrasight-Eurosat-RGB-vs-Multispectral\data\raw\rgb\AnnualCrop\AnnualCrop_839.jpg,0,AnnualCrop,0,AnnualCrop,0.9998428821563721,True,2.3807669,14.842991
768,C:\Users\DELL Precision 5550\Documents\GitHub\Terrasight-Eurosat-RGB-vs-Multispectral\data\raw\rgb\Forest\Forest_2998.jpg,1,Forest,1,Forest,0.9539116024971008,True,13.386842,-1.167988
769,C:\Users\DELL Precision 5550\Documents\GitHub\Terrasight-Eurosat-RGB-vs-Multispectral\data\raw\rgb\SeaLake\SeaLake_1669.jpg,9,SeaLake,9,SeaLake,0.9997445940971375,True,15.856911,11.538116
770,C:\Users\DELL Precision 5550\Documents\GitHub\Terrasight-Eurosat-RGB-vs-Multispectral\data\raw\rgb\SeaLake\SeaLake_2562.jpg,9,SeaLake,9,SeaLake,0.9987146854400635,True,16.271032,10.743767
771,C:\Users\DELL Precision 5550\Documents\GitHub\Terrasight-Eurosat-RGB-vs-Multispectral\data\raw\rgb\HerbaceousVegetation\HerbaceousVegetation_1101.jpg,2,HerbaceousVegetation,2,HerbaceousVegetation,0.5749906301498413,True,2.691215,2.82517
772,C:\Users\DELL Precision 5550\Documents\GitHub\Terrasight-Eurosat-RGB-vs-Multispectral\data\raw\rgb\Pasture\Pasture_1270.jpg,5,Pasture,5,Pasture,0.999997615814209,True,10.503508,7.8686495
773,C:\Users\DELL Precision 5550\Documents\GitHub\Terrasight-Eurosat-RGB-vs-Multispectral\data\raw\rgb\Forest\Forest_2865.jpg,1,Forest,1,Forest,0.9999992847442627,True,14.931144,-2.4227457
774,C:\Users\DELL Precision 5550\Documents\GitHub\Terrasight-Eurosat-RGB-vs-Multispectral\data\raw\rgb\PermanentCrop\PermanentCrop_1937.jpg,6,PermanentCrop,6,PermanentCrop,0.9999951124191284,True,0.8667489,3.7278593
775,C:\Users\DELL Precision 5550\Documents\GitHub\Terrasight-Eurosat-RGB-vs-Multispectral\data\raw\rgb\AnnualCrop\AnnualCrop_1166.jpg,0,AnnualCrop,0,AnnualCrop,0.9507702589035034,True,2.7408285,11.717184
776,C:\Users\DELL Precision 5550\Documents\GitHub\Terrasight-Eurosat-RGB-vs-Multispectral\data\raw\rgb\AnnualCrop\AnnualCrop_2362.jpg,0,AnnualCrop,0,AnnualCrop,1.0,True,2.4998114,16.207945
777,C:\Users\DELL Precision 5550\Documents\GitHub\Terrasight-Eurosat-RGB-vs-Multispectral\data\raw\rgb\HerbaceousVegetation\HerbaceousVegetation_2693.jpg,2,HerbaceousVegetation,2,HerbaceousVegetation,0.9998934268951416,True,4.193176,0.22872928
778,C:\Users\DELL Precision 5550\Documents\GitHub\Terrasight-Eurosat-RGB-vs-Multispectral\data\raw\rgb\River\River_1351.jpg,8,River,8,River,0.9999995231628418,True,6.696491,11.057574
779,C:\Users\DELL Precision 5550\Documents\GitHub\Terrasight-Eurosat-RGB-vs-Multispectral\data\raw\rgb\River\River_1962.jpg,8,River,2,HerbaceousVegetation,0.5083440542221069,False,4.3484554,10.302173
780,C:\Users\DELL Precision 5550\Documents\GitHub\Terrasight-Eurosat-RGB-vs-Multispectral\data\raw\rgb\Pasture\Pasture_562.jpg,5,Pasture,5,Pasture,0.9999645948410034,True,10.405177,7.8636074
781,C:\Users\DELL Precision 5550\Documents\GitHub\Terrasight-Eurosat-RGB-vs-Multispectral\data\raw\rgb\Industrial\Industrial_379.jpg,4,Industrial,4,Industrial,0.9996024966239929,True,-7.9862366,2.0040836
782,C:\Users\DELL Precision 5550\Documents\GitHub\Terrasight-Eurosat-RGB-vs-Multispectral\data\raw\rgb\Residential\Residential_438.jpg,7,Residential,7,Residential,0.9993670582771301,True,-5.9027095,-3.2349336
783,C:\Users\DELL Precision 5550\Documents\GitHub\Terrasight-Eurosat-RGB-vs-Multispectral\data\raw\rgb\SeaLake\SeaLake_1832.jpg,9,SeaLake,9,SeaLake,0.9997555613517761,True,15.734686,10.743791
784,C:\Users\DELL Precision 5550\Documents\GitHub\Terrasight-Eurosat-RGB-vs-Multispectral\data\raw\rgb\HerbaceousVegetation\HerbaceousVegetation_2469.jpg,2,HerbaceousVegetation,2,HerbaceousVegetation,0.9547052979469299,True,3.1344538,3.1392229
785,C:\Users\DELL Precision 5550\Documents\GitHub\Terrasight-Eurosat-RGB-vs-Multispectral\data\raw\rgb\SeaLake\SeaLake_2246.jpg,9,SeaLake,9,SeaLake,0.9996610879898071,True,16.13095,10.573875
786,C:\Users\DELL Precision 5550\Documents\GitHub\Terrasight-Eurosat-RGB-vs-Multispectral\data\raw\rgb\Industrial\Industrial_2015.jpg,4,Industrial,4,Industrial,0.9999970197677612,True,-8.617145,1.9807746
787,C:\Users\DELL Precision 5550\Documents\GitHub\Terrasight-Eurosat-RGB-vs-Multispectral\data\raw\rgb\Forest\Forest_2019.jpg,1,Forest,1,Forest,0.9999992847442627,True,14.510567,-2.767446
788,C:\Users\DELL Precision 5550\Documents\GitHub\Terrasight-Eurosat-RGB-vs-Multispectral\data\raw\rgb\Pasture\Pasture_130.jpg,5,Pasture,5,Pasture,0.9905975461006165,True,6.8041825,5.7905574
789,C:\Users\DELL Precision 5550\Documents\GitHub\Terrasight-Eurosat-RGB-vs-Multispectral\data\raw\rgb\PermanentCrop\PermanentCrop_1827.jpg,6,PermanentCrop,6,PermanentCrop,0.9996277093887329,True,1.9635565,4.4004364
790,C:\Users\DELL Precision 5550\Documents\GitHub\Terrasight-Eurosat-RGB-vs-Multispectral\data\raw\rgb\AnnualCrop\AnnualCrop_2087.jpg,0,AnnualCrop,0,AnnualCrop,0.9994961023330688,True,2.3286533,13.144377
791,C:\Users\DELL Precision 5550\Documents\GitHub\Terrasight-Eurosat-RGB-vs-Multispectral\data\raw\rgb\AnnualCrop\AnnualCrop_159.jpg,0,AnnualCrop,0,AnnualCrop,0.6398388743400574,True,2.3706484,5.269307
792,C:\Users\DELL Precision 5550\Documents\GitHub\Terrasight-Eurosat-RGB-vs-Multispectral\data\raw\rgb\Industrial\Industrial_2128.jpg,4,Industrial,4,Industrial,0.9984776377677917,True,-7.5644064,2.056485
793,C:\Users\DELL Precision 5550\Documents\GitHub\Terrasight-Eurosat-RGB-vs-Multispectral\data\raw\rgb\Pasture\Pasture_113.jpg,5,Pasture,8,River,0.5305606722831726,False,6.750741,5.932188
794,C:\Users\DELL Precision 5550\Documents\GitHub\Terrasight-Eurosat-RGB-vs-Multispectral\data\raw\rgb\Highway\Highway_380.jpg,3,Highway,3,Highway,0.9998273849487305,True,-0.9555296,10.598522
795,C:\Users\DELL Precision 5550\Documents\GitHub\Terrasight-Eurosat-RGB-vs-Multispectral\data\raw\rgb\Residential\Residential_1636.jpg,7,Residential,7,Residential,0.9998249411582947,True,-5.912352,-4.1002626
796,C:\Users\DELL Precision 5550\Documents\GitHub\Terrasight-Eurosat-RGB-vs-Multispectral\data\raw\rgb\Industrial\Industrial_366.jpg,4,Industrial,4,Industrial,0.793087363243103,True,-7.0843644,1.6879208
797,C:\Users\DELL Precision 5550\Documents\GitHub\Terrasight-Eurosat-RGB-vs-Multispectral\data\raw\rgb\Pasture\Pasture_1843.jpg,5,Pasture,5,Pasture,0.9995656609535217,True,7.2866683,5.3943357
798,C:\Users\DELL Precision 5550\Documents\GitHub\Terrasight-Eurosat-RGB-vs-Multispectral\data\raw\rgb\Forest\Forest_350.jpg,1,Forest,1,Forest,0.9999613761901855,True,13.991575,-2.5404422
799,C:\Users\DELL Precision 5550\Documents\GitHub\Terrasight-Eurosat-RGB-vs-Multispectral\data\raw\rgb\AnnualCrop\AnnualCrop_1470.jpg,0,AnnualCrop,6,PermanentCrop,0.8730711340904236,False,2.3412492,5.0098886
800,C:\Users\DELL Precision 5550\Documents\GitHub\Terrasight-Eurosat-RGB-vs-Multispectral\data\raw\rgb\Highway\Highway_1509.jpg,3,Highway,3,Highway,0.9978407621383667,True,-0.012100816,10.167832
801,C:\Users\DELL Precision 5550\Documents\GitHub\Terrasight-Eurosat-RGB-vs-Multispectral\data\raw\rgb\Highway\Highway_806.jpg,3,Highway,3,Highway,0.8509261608123779,True,0.700116,10.0092535
802,C:\Users\DELL Precision 5550\Documents\GitHub\Terrasight-Eurosat-RGB-vs-Multispectral\data\raw\rgb\HerbaceousVegetation\HerbaceousVegetation_1186.jpg,2,HerbaceousVegetation,2,HerbaceousVegetation,0.994140088558197,True,3.017581,1.5391215
803,C:\Users\DELL Precision 5550\Documents\GitHub\Terrasight-Eurosat-RGB-vs-Multispectral\data\raw\rgb\Highway\Highway_1523.jpg,3,Highway,3,Highway,0.999128520488739,True,-0.6104271,10.048381
804,C:\Users\DELL Precision 5550\Documents\GitHub\Terrasight-Eurosat-RGB-vs-Multispectral\data\raw\rgb\HerbaceousVegetation\HerbaceousVegetation_1627.jpg,2,HerbaceousVegetation,2,HerbaceousVegetation,0.9999805688858032,True,4.4904385,0.7917246
805,C:\Users\DELL Precision 5550\Documents\GitHub\Terrasight-Eurosat-RGB-vs-Multispectral\data\raw\rgb\Forest\Forest_1631.jpg,1,Forest,1,Forest,0.999988317489624,True,14.129366,-2.837938
806,C:\Users\DELL Precision 5550\Documents\GitHub\Terrasight-Eurosat-RGB-vs-Multispectral\data\raw\rgb\Pasture\Pasture_821.jpg,5,Pasture,2,HerbaceousVegetation,0.6263512969017029,False,6.127605,5.1195974
807,C:\Users\DELL Precision 5550\Documents\GitHub\Terrasight-Eurosat-RGB-vs-Multispectral\data\raw\rgb\Highway\Highway_582.jpg,3,Highway,3,Highway,0.7755578756332397,True,0.6011384,9.990943
808,C:\Users\DELL Precision 5550\Documents\GitHub\Terrasight-Eurosat-RGB-vs-Multispectral\data\raw\rgb\AnnualCrop\AnnualCrop_658.jpg,0,AnnualCrop,0,AnnualCrop,0.999819815158844,True,2.698535,13.569732
809,C:\Users\DELL Precision 5550\Documents\GitHub\Terrasight-Eurosat-RGB-vs-Multispectral\data\raw\rgb\PermanentCrop\PermanentCrop_1254.jpg,6,PermanentCrop,6,PermanentCrop,0.8988657593727112,True,2.655191,4.4195867
810,C:\Users\DELL Precision 5550\Documents\GitHub\Terrasight-Eurosat-RGB-vs-Multispectral\data\raw\rgb\River\River_438.jpg,8,River,8,River,0.9999533891677856,True,5.3882713,10.608605
811,C:\Users\DELL Precision 5550\Documents\GitHub\Terrasight-Eurosat-RGB-vs-Multispectral\data\raw\rgb\Forest\Forest_1519.jpg,1,Forest,1,Forest,0.9872261881828308,True,13.145361,-1.6247579
812,C:\Users\DELL Precision 5550\Documents\GitHub\Terrasight-Eurosat-RGB-vs-Multispectral\data\raw\rgb\Residential\Residential_1891.jpg,7,Residential,7,Residential,0.9998453855514526,True,-6.167311,-3.964592
813,C:\Users\DELL Precision 5550\Documents\GitHub\Terrasight-Eurosat-RGB-vs-Multispectral\data\raw\rgb\AnnualCrop\AnnualCrop_2995.jpg,0,AnnualCrop,0,AnnualCrop,0.9897072315216064,True,3.0380652,13.676073
814,C:\Users\DELL Precision 5550\Documents\GitHub\Terrasight-Eurosat-RGB-vs-Multispectral\data\raw\rgb\Highway\Highway_2394.jpg,3,Highway,3,Highway,0.9998076558113098,True,-0.9894241,9.954297
815,C:\Users\DELL Precision 5550\Documents\GitHub\Terrasight-Eurosat-RGB-vs-Multispectral\data\raw\rgb\Highway\Highway_51.jpg,3,Highway,3,Highway,0.9993027448654175,True,-0.3893204,10.391437
816,C:\Users\DELL Precision 5550\Documents\GitHub\Terrasight-Eurosat-RGB-vs-Multispectral\data\raw\rgb\HerbaceousVegetation\HerbaceousVegetation_439.jpg,2,HerbaceousVegetation,2,HerbaceousVegetation,1.0,True,3.4420946,-0.41352314
817,C:\Users\DELL Precision 5550\Documents\GitHub\Terrasight-Eurosat-RGB-vs-Multispectral\data\raw\rgb\Residential\Residential_1297.jpg,7,Residential,7,Residential,0.9768865704536438,True,-4.8634295,-2.7879014
818,C:\Users\DELL Precision 5550\Documents\GitHub\Terrasight-Eurosat-RGB-vs-Multispectral\data\raw\rgb\Forest\Forest_2799.jpg,1,Forest,1,Forest,0.9997798800468445,True,13.627694,-2.6861577
819,C:\Users\DELL Precision 5550\Documents\GitHub\Terrasight-Eurosat-RGB-vs-Multispectral\data\raw\rgb\PermanentCrop\PermanentCrop_1118.jpg,6,PermanentCrop,6,PermanentCrop,0.9995860457420349,True,1.5792143,4.643201
820,C:\Users\DELL Precision 5550\Documents\GitHub\Terrasight-Eurosat-RGB-vs-Multispectral\data\raw\rgb\Highway\Highway_2354.jpg,3,Highway,3,Highway,0.9999432563781738,True,-1.3179173,9.934212
821,C:\Users\DELL Precision 5550\Documents\GitHub\Terrasight-Eurosat-RGB-vs-Multispectral\data\raw\rgb\AnnualCrop\AnnualCrop_363.jpg,0,AnnualCrop,0,AnnualCrop,0.9998300075531006,True,2.8503368,15.0002165
822,C:\Users\DELL Precision 5550\Documents\GitHub\Terrasight-Eurosat-RGB-vs-Multispectral\data\raw\rgb\SeaLake\SeaLake_558.jpg,9,SeaLake,9,SeaLake,0.9997684359550476,True,17.595919,11.600805
823,C:\Users\DELL Precision 5550\Documents\GitHub\Terrasight-Eurosat-RGB-vs-Multispectral\data\raw\rgb\Residential\Residential_2673.jpg,7,Residential,7,Residential,0.9999963045120239,True,-6.202248,-4.211069
824,C:\Users\DELL Precision 5550\Documents\GitHub\Terrasight-Eurosat-RGB-vs-Multispectral\data\raw\rgb\Residential\Residential_555.jpg,7,Residential,7,Residential,0.9846887588500977,True,-5.2865777,-2.617369
825,C:\Users\DELL Precision 5550\Documents\GitHub\Terrasight-Eurosat-RGB-vs-Multispectral\data\raw\rgb\HerbaceousVegetation\HerbaceousVegetation_2192.jpg,2,HerbaceousVegetation,2,HerbaceousVegetation,0.9999607801437378,True,3.4375632,0.09697308
826,C:\Users\DELL Precision 5550\Documents\GitHub\Terrasight-Eurosat-RGB-vs-Multispectral\data\raw\rgb\HerbaceousVegetation\HerbaceousVegetation_2723.jpg,2,HerbaceousVegetation,2,HerbaceousVegetation,0.9998363256454468,True,4.3453994,0.38457122
827,C:\Users\DELL Precision 5550\Documents\GitHub\Terrasight-Eurosat-RGB-vs-Multispectral\data\raw\rgb\SeaLake\SeaLake_2392.jpg,9,SeaLake,9,SeaLake,0.9542062282562256,True,16.152012,11.093823
828,C:\Users\DELL Precision 5550\Documents\GitHub\Terrasight-Eurosat-RGB-vs-Multispectral\data\raw\rgb\Highway\Highway_1110.jpg,3,Highway,3,Highway,0.9969102740287781,True,0.26659295,9.76962
829,C:\Users\DELL Precision 5550\Documents\GitHub\Terrasight-Eurosat-RGB-vs-Multispectral\data\raw\rgb\PermanentCrop\PermanentCrop_1132.jpg,6,PermanentCrop,6,PermanentCrop,0.9998247027397156,True,1.3664842,4.7444577
830,C:\Users\DELL Precision 5550\Documents\GitHub\Terrasight-Eurosat-RGB-vs-Multispectral\data\raw\rgb\SeaLake\SeaLake_161.jpg,9,SeaLake,9,SeaLake,0.9999222755432129,True,15.923389,10.545565
831,C:\Users\DELL Precision 5550\Documents\GitHub\Terrasight-Eurosat-RGB-vs-Multispectral\data\raw\rgb\Industrial\Industrial_100.jpg,4,Industrial,4,Industrial,0.994753360748291,True,-7.364733,1.7952204
832,C:\Users\DELL Precision 5550\Documents\GitHub\Terrasight-Eurosat-RGB-vs-Multispectral\data\raw\rgb\Forest\Forest_2181.jpg,1,Forest,1,Forest,1.0,True,14.350627,-3.3273122
833,C:\Users\DELL Precision 5550\Documents\GitHub\Terrasight-Eurosat-RGB-vs-Multispectral\data\raw\rgb\River\River_1261.jpg,8,River,8,River,1.0,True,6.838645,11.0176735
834,C:\Users\DELL Precision 5550\Documents\GitHub\Terrasight-Eurosat-RGB-vs-Multispectral\data\raw\rgb\Highway\Highway_605.jpg,3,Highway,3,Highway,0.9795035123825073,True,-0.65847397,9.842101
835,C:\Users\DELL Precision 5550\Documents\GitHub\Terrasight-Eurosat-RGB-vs-Multispectral\data\raw\rgb\Forest\Forest_2687.jpg,1,Forest,1,Forest,0.9999897480010986,True,13.55782,-2.1330059
836,C:\Users\DELL Precision 5550\Documents\GitHub\Terrasight-Eurosat-RGB-vs-Multispectral\data\raw\rgb\Highway\Highway_1067.jpg,3,Highway,3,Highway,0.9938284754753113,True,-0.3419193,9.419925
837,C:\Users\DELL Precision 5550\Documents\GitHub\Terrasight-Eurosat-RGB-vs-Multispectral\data\raw\rgb\HerbaceousVegetation\HerbaceousVegetation_416.jpg,2,HerbaceousVegetation,2,HerbaceousVegetation,0.9999946355819702,True,3.8339462,0.91454047
838,C:\Users\DELL Precision 5550\Documents\GitHub\Terrasight-Eurosat-RGB-vs-Multispectral\data\raw\rgb\Forest\Forest_1799.jpg,1,Forest,1,Forest,0.991043210029602,True,13.213175,-1.7521318
839,C:\Users\DELL Precision 5550\Documents\GitHub\Terrasight-Eurosat-RGB-vs-Multispectral\data\raw\rgb\PermanentCrop\PermanentCrop_759.jpg,6,PermanentCrop,6,PermanentCrop,0.9999525547027588,True,1.2577212,4.3647766
840,C:\Users\DELL Precision 5550\Documents\GitHub\Terrasight-Eurosat-RGB-vs-Multispectral\data\raw\rgb\HerbaceousVegetation\HerbaceousVegetation_924.jpg,2,HerbaceousVegetation,2,HerbaceousVegetation,0.9999632835388184,True,4.687063,0.7021242
841,C:\Users\DELL Precision 5550\Documents\GitHub\Terrasight-Eurosat-RGB-vs-Multispectral\data\raw\rgb\AnnualCrop\AnnualCrop_1912.jpg,0,AnnualCrop,0,AnnualCrop,0.999972939491272,True,2.470956,14.812581
842,C:\Users\DELL Precision 5550\Documents\GitHub\Terrasight-Eurosat-RGB-vs-Multispectral\data\raw\rgb\Highway\Highway_1971.jpg,3,Highway,3,Highway,0.994470477104187,True,-0.7904426,9.970818
843,C:\Users\DELL Precision 5550\Documents\GitHub\Terrasight-Eurosat-RGB-vs-Multispectral\data\raw\rgb\River\River_2368.jpg,8,River,1,Forest,0.4750957489013672,False,4.700931,9.826495
844,C:\Users\DELL Precision 5550\Documents\GitHub\Terrasight-Eurosat-RGB-vs-Multispectral\data\raw\rgb\Highway\Highway_2448.jpg,3,Highway,3,Highway,0.998593270778656,True,-0.27153608,9.836928
845,C:\Users\DELL Precision 5550\Documents\GitHub\Terrasight-Eurosat-RGB-vs-Multispectral\data\raw\rgb\Pasture\Pasture_494.jpg,5,Pasture,5,Pasture,0.999982476234436,True,7.7598944,5.5702896
846,C:\Users\DELL Precision 5550\Documents\GitHub\Terrasight-Eurosat-RGB-vs-Multispectral\data\raw\rgb\Pasture\Pasture_1679.jpg,5,Pasture,5,Pasture,0.9929186701774597,True,6.455532,5.164513
847,C:\Users\DELL Precision 5550\Documents\GitHub\Terrasight-Eurosat-RGB-vs-Multispectral\data\raw\rgb\Industrial\Industrial_1514.jpg,4,Industrial,4,Industrial,0.9998443126678467,True,-8.169297,1.871587
848,C:\Users\DELL Precision 5550\Documents\GitHub\Terrasight-Eurosat-RGB-vs-Multispectral\data\raw\rgb\AnnualCrop\AnnualCrop_1015.jpg,0,AnnualCrop,0,AnnualCrop,0.9999445676803589,True,2.7776346,14.413716
849,C:\Users\DELL Precision 5550\Documents\GitHub\Terrasight-Eurosat-RGB-vs-Multispectral\data\raw\rgb\PermanentCrop\PermanentCrop_164.jpg,6,PermanentCrop,6,PermanentCrop,0.9998922348022461,True,1.0063028,3.487843
850,C:\Users\DELL Precision 5550\Documents\GitHub\Terrasight-Eurosat-RGB-vs-Multispectral\data\raw\rgb\River\River_650.jpg,8,River,8,River,0.999996542930603,True,6.6255937,10.682639
851,C:\Users\DELL Precision 5550\Documents\GitHub\Terrasight-Eurosat-RGB-vs-Multispectral\data\raw\rgb\Pasture\Pasture_1157.jpg,5,Pasture,2,HerbaceousVegetation,0.7314398884773254,False,6.038047,4.71883
852,C:\Users\DELL Precision 5550\Documents\GitHub\Terrasight-Eurosat-RGB-vs-Multispectral\data\raw\rgb\SeaLake\SeaLake_1350.jpg,9,SeaLake,9,SeaLake,0.999818742275238,True,17.016006,11.78086
853,C:\Users\DELL Precision 5550\Documents\GitHub\Terrasight-Eurosat-RGB-vs-Multispectral\data\raw\rgb\Industrial\Industrial_1937.jpg,4,Industrial,4,Industrial,0.9979467988014221,True,-7.409063,1.3800471
854,C:\Users\DELL Precision 5550\Documents\GitHub\Terrasight-Eurosat-RGB-vs-Multispectral\data\raw\rgb\River\River_276.jpg,8,River,8,River,1.0,True,7.025195,10.959964
855,C:\Users\DELL Precision 5550\Documents\GitHub\Terrasight-Eurosat-RGB-vs-Multispectral\data\raw\rgb\Highway\Highway_1663.jpg,3,Highway,3,Highway,0.9999790191650391,True,-1.2370923,10.524469
856,C:\Users\DELL Precision 5550\Documents\GitHub\Terrasight-Eurosat-RGB-vs-Multispectral\data\raw\rgb\River\River_1019.jpg,8,River,8,River,0.9946469664573669,True,4.665893,10.618081
857,C:\Users\DELL Precision 5550\Documents\GitHub\Terrasight-Eurosat-RGB-vs-Multispectral\data\raw\rgb\River\River_341.jpg,8,River,8,River,0.9998571872711182,True,5.7066483,10.610066
858,C:\Users\DELL Precision 5550\Documents\GitHub\Terrasight-Eurosat-RGB-vs-Multispectral\data\raw\rgb\PermanentCrop\PermanentCrop_2273.jpg,6,PermanentCrop,6,PermanentCrop,0.9805958271026611,True,2.377299,3.1380801
859,C:\Users\DELL Precision 5550\Documents\GitHub\Terrasight-Eurosat-RGB-vs-Multispectral\data\raw\rgb\Industrial\Industrial_1580.jpg,4,Industrial,4,Industrial,0.9997506737709045,True,-8.572685,1.5941125
860,C:\Users\DELL Precision 5550\Documents\GitHub\Terrasight-Eurosat-RGB-vs-Multispectral\data\raw\rgb\AnnualCrop\AnnualCrop_539.jpg,0,AnnualCrop,0,AnnualCrop,0.9999767541885376,True,2.2331305,14.275437
861,C:\Users\DELL Precision 5550\Documents\GitHub\Terrasight-Eurosat-RGB-vs-Multispectral\data\raw\rgb\Residential\Residential_1664.jpg,7,Residential,7,Residential,0.9999808073043823,True,-6.5287385,-4.672532
862,C:\Users\DELL Precision 5550\Documents\GitHub\Terrasight-Eurosat-RGB-vs-Multispectral\data\raw\rgb\SeaLake\SeaLake_1529.jpg,9,SeaLake,9,SeaLake,0.999639630317688,True,15.830155,11.221979
863,C:\Users\DELL Precision 5550\Documents\GitHub\Terrasight-Eurosat-RGB-vs-Multispectral\data\raw\rgb\HerbaceousVegetation\HerbaceousVegetation_629.jpg,2,HerbaceousVegetation,2,HerbaceousVegetation,0.9996103644371033,True,4.4492726,0.4665471
864,C:\Users\DELL Precision 5550\Documents\GitHub\Terrasight-Eurosat-RGB-vs-Multispectral\data\raw\rgb\PermanentCrop\PermanentCrop_2147.jpg,6,PermanentCrop,6,PermanentCrop,0.9998760223388672,True,1.2816548,3.6082857
865,C:\Users\DELL Precision 5550\Documents\GitHub\Terrasight-Eurosat-RGB-vs-Multispectral\data\raw\rgb\HerbaceousVegetation\HerbaceousVegetation_1155.jpg,2,HerbaceousVegetation,2,HerbaceousVegetation,0.9999899864196777,True,3.8280046,0.1175965
866,C:\Users\DELL Precision 5550\Documents\GitHub\Terrasight-Eurosat-RGB-vs-Multispectral\data\raw\rgb\Forest\Forest_1609.jpg,1,Forest,1,Forest,0.9320665001869202,True,13.234593,-0.9012581
867,C:\Users\DELL Precision 5550\Documents\GitHub\Terrasight-Eurosat-RGB-vs-Multispectral\data\raw\rgb\River\River_1995.jpg,8,River,8,River,0.999954342842102,True,6.0784044,10.655997
868,C:\Users\DELL Precision 5550\Documents\GitHub\Terrasight-Eurosat-RGB-vs-Multispectral\data\raw\rgb\Residential\Residential_1822.jpg,7,Residential,7,Residential,0.9978429079055786,True,-5.6296554,-3.1039586
869,C:\Users\DELL Precision 5550\Documents\GitHub\Terrasight-Eurosat-RGB-vs-Multispectral\data\raw\rgb\AnnualCrop\AnnualCrop_1576.jpg,0,AnnualCrop,0,AnnualCrop,0.9921765923500061,True,2.572765,12.75715
870,C:\Users\DELL Precision 5550\Documents\GitHub\Terrasight-Eurosat-RGB-vs-Multispectral\data\raw\rgb\Industrial\Industrial_1295.jpg,4,Industrial,4,Industrial,0.999649167060852,True,-8.866869,1.6284847
871,C:\Users\DELL Precision 5550\Documents\GitHub\Terrasight-Eurosat-RGB-vs-Multispectral\data\raw\rgb\PermanentCrop\PermanentCrop_198.jpg,6,PermanentCrop,6,PermanentCrop,0.9891592860221863,True,2.4534075,4.344537
872,C:\Users\DELL Precision 5550\Documents\GitHub\Terrasight-Eurosat-RGB-vs-Multispectral\data\raw\rgb\Residential\Residential_1830.jpg,7,Residential,7,Residential,0.9093186259269714,True,-6.0686784,-2.7896252
873,C:\Users\DELL Precision 5550\Documents\GitHub\Terrasight-Eurosat-RGB-vs-Multispectral\data\raw\rgb\HerbaceousVegetation\HerbaceousVegetation_190.jpg,2,HerbaceousVegetation,2,HerbaceousVegetation,0.9944002032279968,True,3.2560198,1.972443
874,C:\Users\DELL Precision 5550\Documents\GitHub\Terrasight-Eurosat-RGB-vs-Multispectral\data\raw\rgb\AnnualCrop\AnnualCrop_1881.jpg,0,AnnualCrop,0,AnnualCrop,0.9999635219573975,True,2.4658034,14.116262
875,C:\Users\DELL Precision 5550\Documents\GitHub\Terrasight-Eurosat-RGB-vs-Multispectral\data\raw\rgb\SeaLake\SeaLake_2609.jpg,9,SeaLake,9,SeaLake,0.9998559951782227,True,17.600395,11.906475
876,C:\Users\DELL Precision 5550\Documents\GitHub\Terrasight-Eurosat-RGB-vs-Multispectral\data\raw\rgb\River\River_29.jpg,8,River,8,River,0.999974250793457,True,5.454177,10.538096
877,C:\Users\DELL Precision 5550\Documents\GitHub\Terrasight-Eurosat-RGB-vs-Multispectral\data\raw\rgb\Forest\Forest_254.jpg,1,Forest,1,Forest,0.9999799728393555,True,13.560458,-2.066307
878,C:\Users\DELL Precision 5550\Documents\GitHub\Terrasight-Eurosat-RGB-vs-Multispectral\data\raw\rgb\SeaLake\SeaLake_2520.jpg,9,SeaLake,9,SeaLake,0.999775230884552,True,16.480509,12.782558
879,C:\Users\DELL Precision 5550\Documents\GitHub\Terrasight-Eurosat-RGB-vs-Multispectral\data\raw\rgb\Pasture\Pasture_1018.jpg,5,Pasture,5,Pasture,0.9853707551956177,True,6.690659,4.9413037
880,C:\Users\DELL Precision 5550\Documents\GitHub\Terrasight-Eurosat-RGB-vs-Multispectral\data\raw\rgb\HerbaceousVegetation\HerbaceousVegetation_2136.jpg,2,HerbaceousVegetation,2,HerbaceousVegetation,0.9999994039535522,True,3.9761689,0.8976092
881,C:\Users\DELL Precision 5550\Documents\GitHub\Terrasight-Eurosat-RGB-vs-Multispectral\data\raw\rgb\PermanentCrop\PermanentCrop_1275.jpg,6,PermanentCrop,6,PermanentCrop,0.9952682852745056,True,1.2571305,4.5708985
882,C:\Users\DELL Precision 5550\Documents\GitHub\Terrasight-Eurosat-RGB-vs-Multispectral\data\raw\rgb\Industrial\Industrial_2119.jpg,4,Industrial,4,Industrial,0.9992213249206543,True,-8.343314,1.0929797
883,C:\Users\DELL Precision 5550\Documents\GitHub\Terrasight-Eurosat-RGB-vs-Multispectral\data\raw\rgb\River\River_531.jpg,8,River,8,River,0.8096432685852051,True,4.2329574,10.695072
884,C:\Users\DELL Precision 5550\Documents\GitHub\Terrasight-Eurosat-RGB-vs-Multispectral\data\raw\rgb\PermanentCrop\PermanentCrop_2235.jpg,6,PermanentCrop,6,PermanentCrop,0.6110438704490662,True,2.489503,2.8411932
885,C:\Users\DELL Precision 5550\Documents\GitHub\Terrasight-Eurosat-RGB-vs-Multispectral\data\raw\rgb\Residential\Residential_70.jpg,7,Residential,7,Residential,0.9793586134910583,True,-5.1536574,-2.5610209
886,C:\Users\DELL Precision 5550\Documents\GitHub\Terrasight-Eurosat-RGB-vs-Multispectral\data\raw\rgb\Highway\Highway_780.jpg,3,Highway,3,Highway,0.9999992847442627,True,-1.5323764,10.712945
887,C:\Users\DELL Precision 5550\Documents\GitHub\Terrasight-Eurosat-RGB-vs-Multispectral\data\raw\rgb\Residential\Residential_1229.jpg,7,Residential,7,Residential,0.9977735877037048,True,-6.3980927,-3.5273447
888,C:\Users\DELL Precision 5550\Documents\GitHub\Terrasight-Eurosat-RGB-vs-Multispectral\data\raw\rgb\SeaLake\SeaLake_1620.jpg,9,SeaLake,9,SeaLake,0.9932352900505066,True,15.793432,11.539588
889,C:\Users\DELL Precision 5550\Documents\GitHub\Terrasight-Eurosat-RGB-vs-Multispectral\data\raw\rgb\AnnualCrop\AnnualCrop_127.jpg,0,AnnualCrop,0,AnnualCrop,0.773635983467102,True,3.0169754,12.793984
890,C:\Users\DELL Precision 5550\Documents\GitHub\Terrasight-Eurosat-RGB-vs-Multispectral\data\raw\rgb\Forest\Forest_333.jpg,1,Forest,1,Forest,0.9990350008010864,True,13.43997,-1.9039869
891,C:\Users\DELL Precision 5550\Documents\GitHub\Terrasight-Eurosat-RGB-vs-Multispectral\data\raw\rgb\Highway\Highway_1212.jpg,3,Highway,3,Highway,0.9998637437820435,True,-0.13731855,10.094678
892,C:\Users\DELL Precision 5550\Documents\GitHub\Terrasight-Eurosat-RGB-vs-Multispectral\data\raw\rgb\PermanentCrop\PermanentCrop_913.jpg,6,PermanentCrop,6,PermanentCrop,0.9968072175979614,True,2.3876703,4.1869097
893,C:\Users\DELL Precision 5550\Documents\GitHub\Terrasight-Eurosat-RGB-vs-Multispectral\data\raw\rgb\Highway\Highway_1267.jpg,3,Highway,3,Highway,0.9835557341575623,True,-0.560659,9.824985
894,C:\Users\DELL Precision 5550\Documents\GitHub\Terrasight-Eurosat-RGB-vs-Multispectral\data\raw\rgb\HerbaceousVegetation\HerbaceousVegetation_1600.jpg,2,HerbaceousVegetation,2,HerbaceousVegetation,0.9999979734420776,True,3.5137324,0.39243412
895,C:\Users\DELL Precision 5550\Documents\GitHub\Terrasight-Eurosat-RGB-vs-Multispectral\data\raw\rgb\Pasture\Pasture_1869.jpg,5,Pasture,2,HerbaceousVegetation,0.7159234285354614,False,6.0289197,4.90966
896,C:\Users\DELL Precision 5550\Documents\GitHub\Terrasight-Eurosat-RGB-vs-Multispectral\data\raw\rgb\Highway\Highway_987.jpg,3,Highway,3,Highway,0.9060007929801941,True,0.11967528,9.580528
897,C:\Users\DELL Precision 5550\Documents\GitHub\Terrasight-Eurosat-RGB-vs-Multispectral\data\raw\rgb\AnnualCrop\AnnualCrop_1658.jpg,0,AnnualCrop,0,AnnualCrop,0.9999992847442627,True,2.664844,15.085152
898,C:\Users\DELL Precision 5550\Documents\GitHub\Terrasight-Eurosat-RGB-vs-Multispectral\data\raw\rgb\SeaLake\SeaLake_2760.jpg,9,SeaLake,9,SeaLake,0.9992015957832336,True,16.048088,10.885911
899,C:\Users\DELL Precision 5550\Documents\GitHub\Terrasight-Eurosat-RGB-vs-Multispectral\data\raw\rgb\Highway\Highway_1117.jpg,3,Highway,3,Highway,0.999600350856781,True,-0.88027036,10.4720545
900,C:\Users\DELL Precision 5550\Documents\GitHub\Terrasight-Eurosat-RGB-vs-Multispectral\data\raw\rgb\AnnualCrop\AnnualCrop_2169.jpg,0,AnnualCrop,0,AnnualCrop,0.9883095026016235,True,2.7337945,12.334091
901,C:\Users\DELL Precision 5550\Documents\GitHub\Terrasight-Eurosat-RGB-vs-Multispectral\data\raw\rgb\Highway\Highway_183.jpg,3,Highway,3,Highway,0.9999986886978149,True,-1.3825294,10.5400305
902,C:\Users\DELL Precision 5550\Documents\GitHub\Terrasight-Eurosat-RGB-vs-Multispectral\data\raw\rgb\River\River_1723.jpg,8,River,8,River,0.9999443292617798,True,6.0342917,10.64375
903,C:\Users\DELL Precision 5550\Documents\GitHub\Terrasight-Eurosat-RGB-vs-Multispectral\data\raw\rgb\River\River_1108.jpg,8,River,8,River,0.9999812841415405,True,6.509241,10.877238
904,C:\Users\DELL Precision 5550\Documents\GitHub\Terrasight-Eurosat-RGB-vs-Multispectral\data\raw\rgb\Industrial\Industrial_1456.jpg,4,Industrial,4,Industrial,0.9992188215255737,True,-8.087632,1.6813802
905,C:\Users\DELL Precision 5550\Documents\GitHub\Terrasight-Eurosat-RGB-vs-Multispectral\data\raw\rgb\Highway\Highway_784.jpg,3,Highway,3,Highway,0.9980443716049194,True,-0.18192397,10.31968
906,C:\Users\DELL Precision 5550\Documents\GitHub\Terrasight-Eurosat-RGB-vs-Multispectral\data\raw\rgb\Forest\Forest_1988.jpg,1,Forest,1,Forest,0.999021053314209,True,13.377261,-0.5641255
907,C:\Users\DELL Precision 5550\Documents\GitHub\Terrasight-Eurosat-RGB-vs-Multispectral\data\raw\rgb\Industrial\Industrial_2169.jpg,4,Industrial,4,Industrial,0.9884248971939087,True,-6.900031,1.464418
908,C:\Users\DELL Precision 5550\Documents\GitHub\Terrasight-Eurosat-RGB-vs-Multispectral\data\raw\rgb\Pasture\Pasture_1823.jpg,5,Pasture,2,HerbaceousVegetation,0.5706203579902649,False,6.139505,4.956151
909,C:\Users\DELL Precision 5550\Documents\GitHub\Terrasight-Eurosat-RGB-vs-Multispectral\data\raw\rgb\AnnualCrop\AnnualCrop_1985.jpg,0,AnnualCrop,0,AnnualCrop,0.9731582999229431,True,2.9414034,12.764107
910,C:\Users\DELL Precision 5550\Documents\GitHub\Terrasight-Eurosat-RGB-vs-Multispectral\data\raw\rgb\SeaLake\SeaLake_216.jpg,9,SeaLake,9,SeaLake,0.9997300505638123,True,17.54101,11.569517
911,C:\Users\DELL Precision 5550\Documents\GitHub\Terrasight-Eurosat-RGB-vs-Multispectral\data\raw\rgb\Highway\Highway_2176.jpg,3,Highway,3,Highway,0.8663448095321655,True,0.2848262,10.732118
912,C:\Users\DELL Precision 5550\Documents\GitHub\Terrasight-Eurosat-RGB-vs-Multispectral\data\raw\rgb\Highway\Highway_1610.jpg,3,Highway,3,Highway,0.9998928308486938,True,-1.0996327,9.892559
913,C:\Users\DELL Precision 5550\Documents\GitHub\Terrasight-Eurosat-RGB-vs-Multispectral\data\raw\rgb\PermanentCrop\PermanentCrop_1161.jpg,6,PermanentCrop,6,PermanentCrop,0.9999713897705078,True,1.6501665,4.518698
914,C:\Users\DELL Precision 5550\Documents\GitHub\Terrasight-Eurosat-RGB-vs-Multispectral\data\raw\rgb\Highway\Highway_267.jpg,3,Highway,3,Highway,0.998188316822052,True,-0.14743216,10.617366
915,C:\Users\DELL Precision 5550\Documents\GitHub\Terrasight-Eurosat-RGB-vs-Multispectral\data\raw\rgb\Forest\Forest_11.jpg,1,Forest,1,Forest,0.9985610842704773,True,13.158845,-1.3040191
916,C:\Users\DELL Precision 5550\Documents\GitHub\Terrasight-Eurosat-RGB-vs-Multispectral\data\raw\rgb\River\River_238.jpg,8,River,8,River,0.9999896287918091,True,6.4942217,11.102016
917,C:\Users\DELL Precision 5550\Documents\GitHub\Terrasight-Eurosat-RGB-vs-Multispectral\data\raw\rgb\SeaLake\SeaLake_2117.jpg,9,SeaLake,9,SeaLake,0.9999364614486694,True,17.453203,12.040776
918,C:\Users\DELL Precision 5550\Documents\GitHub\Terrasight-Eurosat-RGB-vs-Multispectral\data\raw\rgb\AnnualCrop\AnnualCrop_1959.jpg,0,AnnualCrop,0,AnnualCrop,0.9978047013282776,True,2.605191,13.98508
919,C:\Users\DELL Precision 5550\Documents\GitHub\Terrasight-Eurosat-RGB-vs-Multispectral\data\raw\rgb\PermanentCrop\PermanentCrop_1901.jpg,6,PermanentCrop,6,PermanentCrop,0.5336682200431824,True,2.618576,4.1177845
920,C:\Users\DELL Precision 5550\Documents\GitHub\Terrasight-Eurosat-RGB-vs-Multispectral\data\raw\rgb\River\River_51.jpg,8,River,0,AnnualCrop,0.3862296938896179,False,3.6772225,11.116346
921,C:\Users\DELL Precision 5550\Documents\GitHub\Terrasight-Eurosat-RGB-vs-Multispectral\data\raw\rgb\Highway\Highway_59.jpg,3,Highway,3,Highway,0.98248690366745,True,0.110931985,10.710299
922,C:\Users\DELL Precision 5550\Documents\GitHub\Terrasight-Eurosat-RGB-vs-Multispectral\data\raw\rgb\Residential\Residential_2363.jpg,7,Residential,7,Residential,0.9898119568824768,True,-6.727187,-3.9629154
923,C:\Users\DELL Precision 5550\Documents\GitHub\Terrasight-Eurosat-RGB-vs-Multispectral\data\raw\rgb\Industrial\Industrial_1359.jpg,4,Industrial,4,Industrial,0.8314502239227295,True,-6.8183722,1.4766043
924,C:\Users\DELL Precision 5550\Documents\GitHub\Terrasight-Eurosat-RGB-vs-Multispectral\data\raw\rgb\HerbaceousVegetation\HerbaceousVegetation_733.jpg,2,HerbaceousVegetation,2,HerbaceousVegetation,0.9999953508377075,True,3.2234526,1.0467559
925,C:\Users\DELL Precision 5550\Documents\GitHub\Terrasight-Eurosat-RGB-vs-Multispectral\data\raw\rgb\River\River_6.jpg,8,River,8,River,0.9965606331825256,True,4.829917,9.984084
926,C:\Users\DELL Precision 5550\Documents\GitHub\Terrasight-Eurosat-RGB-vs-Multispectral\data\raw\rgb\Industrial\Industrial_187.jpg,4,Industrial,4,Industrial,0.9995964169502258,True,-7.6559324,2.063034
927,C:\Users\DELL Precision 5550\Documents\GitHub\Terrasight-Eurosat-RGB-vs-Multispectral\data\raw\rgb\SeaLake\SeaLake_817.jpg,9,SeaLake,9,SeaLake,0.9995235204696655,True,16.0106,10.494953
928,C:\Users\DELL Precision 5550\Documents\GitHub\Terrasight-Eurosat-RGB-vs-Multispectral\data\raw\rgb\Pasture\Pasture_1898.jpg,5,Pasture,5,Pasture,0.9998911619186401,True,7.3298655,5.542927
929,C:\Users\DELL Precision 5550\Documents\GitHub\Terrasight-Eurosat-RGB-vs-Multispectral\data\raw\rgb\Highway\Highway_1641.jpg,3,Highway,3,Highway,0.9897739291191101,True,-0.59018195,9.566702
930,C:\Users\DELL Precision 5550\Documents\GitHub\Terrasight-Eurosat-RGB-vs-Multispectral\data\raw\rgb\SeaLake\SeaLake_1953.jpg,9,SeaLake,9,SeaLake,0.9999485015869141,True,16.838907,13.100523
931,C:\Users\DELL Precision 5550\Documents\GitHub\Terrasight-Eurosat-RGB-vs-Multispectral\data\raw\rgb\Industrial\Industrial_1051.jpg,4,Industrial,4,Industrial,0.9933363199234009,True,-6.7159295,1.5355389
932,C:\Users\DELL Precision 5550\Documents\GitHub\Terrasight-Eurosat-RGB-vs-Multispectral\data\raw\rgb\Highway\Highway_1708.jpg,3,Highway,3,Highway,0.9989227652549744,True,-0.59712785,9.482461
933,C:\Users\DELL Precision 5550\Documents\GitHub\Terrasight-Eurosat-RGB-vs-Multispectral\data\raw\rgb\PermanentCrop\PermanentCrop_838.jpg,6,PermanentCrop,6,PermanentCrop,0.9990319013595581,True,1.364656,4.8576202
934,C:\Users\DELL Precision 5550\Documents\GitHub\Terrasight-Eurosat-RGB-vs-Multispectral\data\raw\rgb\PermanentCrop\PermanentCrop_1140.jpg,6,PermanentCrop,6,PermanentCrop,0.9941540360450745,True,1.4258825,4.818529
935,C:\Users\DELL Precision 5550\Documents\GitHub\Terrasight-Eurosat-RGB-vs-Multispectral\data\raw\rgb\PermanentCrop\PermanentCrop_2326.jpg,6,PermanentCrop,2,HerbaceousVegetation,0.5074418783187866,False,2.5038707,3.2398663
936,C:\Users\DELL Precision 5550\Documents\GitHub\Terrasight-Eurosat-RGB-vs-Multispectral\data\raw\rgb\AnnualCrop\AnnualCrop_2374.jpg,0,AnnualCrop,0,AnnualCrop,1.0,True,2.4683309,15.9669285
937,C:\Users\DELL Precision 5550\Documents\GitHub\Terrasight-Eurosat-RGB-vs-Multispectral\data\raw\rgb\Residential\Residential_575.jpg,7,Residential,7,Residential,0.9999098777770996,True,-5.414005,-4.1551456
938,C:\Users\DELL Precision 5550\Documents\GitHub\Terrasight-Eurosat-RGB-vs-Multispectral\data\raw\rgb\Highway\Highway_113.jpg,3,Highway,3,Highway,0.9956998825073242,True,0.3616816,9.953433
939,C:\Users\DELL Precision 5550\Documents\GitHub\Terrasight-Eurosat-RGB-vs-Multispectral\data\raw\rgb\HerbaceousVegetation\HerbaceousVegetation_550.jpg,2,HerbaceousVegetation,2,HerbaceousVegetation,0.9967453479766846,True,4.2174253,0.7515388
940,C:\Users\DELL Precision 5550\Documents\GitHub\Terrasight-Eurosat-RGB-vs-Multispectral\data\raw\rgb\SeaLake\SeaLake_2530.jpg,9,SeaLake,9,SeaLake,0.997189462184906,True,15.616781,11.112037
941,C:\Users\DELL Precision 5550\Documents\GitHub\Terrasight-Eurosat-RGB-vs-Multispectral\data\raw\rgb\AnnualCrop\AnnualCrop_1494.jpg,0,AnnualCrop,0,AnnualCrop,0.9998461008071899,True,2.1449428,13.771426
942,C:\Users\DELL Precision 5550\Documents\GitHub\Terrasight-Eurosat-RGB-vs-Multispectral\data\raw\rgb\SeaLake\SeaLake_2100.jpg,9,SeaLake,9,SeaLake,0.9998757839202881,True,17.168297,12.266662
943,C:\Users\DELL Precision 5550\Documents\GitHub\Terrasight-Eurosat-RGB-vs-Multispectral\data\raw\rgb\Industrial\Industrial_709.jpg,4,Industrial,4,Industrial,0.9899080991744995,True,-7.3614864,1.3862778
944,C:\Users\DELL Precision 5550\Documents\GitHub\Terrasight-Eurosat-RGB-vs-Multispectral\data\raw\rgb\Forest\Forest_2376.jpg,1,Forest,1,Forest,0.9937071204185486,True,13.899685,-0.78380585
945,C:\Users\DELL Precision 5550\Documents\GitHub\Terrasight-Eurosat-RGB-vs-Multispectral\data\raw\rgb\Forest\Forest_1017.jpg,1,Forest,1,Forest,0.9999955892562866,True,14.362269,-2.5586896
946,C:\Users\DELL Precision 5550\Documents\GitHub\Terrasight-Eurosat-RGB-vs-Multispectral\data\raw\rgb\Residential\Residential_1806.jpg,7,Residential,7,Residential,0.9998571872711182,True,-6.023366,-3.5135307
947,C:\Users\DELL Precision 5550\Documents\GitHub\Terrasight-Eurosat-RGB-vs-Multispectral\data\raw\rgb\HerbaceousVegetation\HerbaceousVegetation_935.jpg,2,HerbaceousVegetation,2,HerbaceousVegetation,0.999893069267273,True,4.1033783,0.8369048
948,C:\Users\DELL Precision 5550\Documents\GitHub\Terrasight-Eurosat-RGB-vs-Multispectral\data\raw\rgb\Highway\Highway_431.jpg,3,Highway,3,Highway,0.9999849796295166,True,-1.2793574,9.903944
949,C:\Users\DELL Precision 5550\Documents\GitHub\Terrasight-Eurosat-RGB-vs-Multispectral\data\raw\rgb\Residential\Residential_311.jpg,7,Residential,7,Residential,0.9999817609786987,True,-5.5516686,-4.4937496
950,C:\Users\DELL Precision 5550\Documents\GitHub\Terrasight-Eurosat-RGB-vs-Multispectral\data\raw\rgb\Residential\Residential_921.jpg,7,Residential,7,Residential,0.999968409538269,True,-5.641651,-4.1898093
951,C:\Users\DELL Precision 5550\Documents\GitHub\Terrasight-Eurosat-RGB-vs-Multispectral\data\raw\rgb\PermanentCrop\PermanentCrop_1231.jpg,6,PermanentCrop,6,PermanentCrop,0.9959666728973389,True,1.3946922,4.811572
952,C:\Users\DELL Precision 5550\Documents\GitHub\Terrasight-Eurosat-RGB-vs-Multispectral\data\raw\rgb\Highway\Highway_1735.jpg,3,Highway,3,Highway,0.998997151851654,True,-0.32984537,10.1077385
953,C:\Users\DELL Precision 5550\Documents\GitHub\Terrasight-Eurosat-RGB-vs-Multispectral\data\raw\rgb\Industrial\Industrial_2219.jpg,4,Industrial,4,Industrial,0.9927138686180115,True,-6.7895517,1.5971426
954,C:\Users\DELL Precision 5550\Documents\GitHub\Terrasight-Eurosat-RGB-vs-Multispectral\data\raw\rgb\Forest\Forest_2752.jpg,1,Forest,1,Forest,0.9999947547912598,True,14.343995,-2.533521
955,C:\Users\DELL Precision 5550\Documents\GitHub\Terrasight-Eurosat-RGB-vs-Multispectral\data\raw\rgb\HerbaceousVegetation\HerbaceousVegetation_561.jpg,2,HerbaceousVegetation,2,HerbaceousVegetation,0.9999982118606567,True,3.7595038,0.92581695
956,C:\Users\DELL Precision 5550\Documents\GitHub\Terrasight-Eurosat-RGB-vs-Multispectral\data\raw\rgb\HerbaceousVegetation\HerbaceousVegetation_1127.jpg,2,HerbaceousVegetation,2,HerbaceousVegetation,0.9999275207519531,True,3.4755,0.010263389
957,C:\Users\DELL Precision 5550\Documents\GitHub\Terrasight-Eurosat-RGB-vs-Multispectral\data\raw\rgb\SeaLake\SeaLake_591.jpg,9,SeaLake,9,SeaLake,0.9994558691978455,True,16.409552,12.507216
958,C:\Users\DELL Precision 5550\Documents\GitHub\Terrasight-Eurosat-RGB-vs-Multispectral\data\raw\rgb\Highway\Highway_2499.jpg,3,Highway,0,AnnualCrop,0.7414892315864563,False,0.2597091,11.098402
959,C:\Users\DELL Precision 5550\Documents\GitHub\Terrasight-Eurosat-RGB-vs-Multispectral\data\raw\rgb\River\River_1762.jpg,8,River,8,River,0.9999980926513672,True,6.790585,11.052784
960,C:\Users\DELL Precision 5550\Documents\GitHub\Terrasight-Eurosat-RGB-vs-Multispectral\data\raw\rgb\AnnualCrop\AnnualCrop_1859.jpg,0,AnnualCrop,0,AnnualCrop,0.9896536469459534,True,2.5099583,12.53952
961,C:\Users\DELL Precision 5550\Documents\GitHub\Terrasight-Eurosat-RGB-vs-Multispectral\data\raw\rgb\Residential\Residential_2479.jpg,7,Residential,7,Residential,0.8824983835220337,True,-5.275187,-2.2800226
962,C:\Users\DELL Precision 5550\Documents\GitHub\Terrasight-Eurosat-RGB-vs-Multispectral\data\raw\rgb\Industrial\Industrial_1228.jpg,4,Industrial,4,Industrial,0.9998175501823425,True,-8.831479,1.6220819
963,C:\Users\DELL Precision 5550\Documents\GitHub\Terrasight-Eurosat-RGB-vs-Multispectral\data\raw\rgb\AnnualCrop\AnnualCrop_1732.jpg,0,AnnualCrop,0,AnnualCrop,0.998650848865509,True,2.5566528,12.848113
964,C:\Users\DELL Precision 5550\Documents\GitHub\Terrasight-Eurosat-RGB-vs-Multispectral\data\raw\rgb\PermanentCrop\PermanentCrop_702.jpg,6,PermanentCrop,6,PermanentCrop,0.9885426759719849,True,2.340026,3.726684
965,C:\Users\DELL Precision 5550\Documents\GitHub\Terrasight-Eurosat-RGB-vs-Multispectral\data\raw\rgb\HerbaceousVegetation\HerbaceousVegetation_547.jpg,2,HerbaceousVegetation,2,HerbaceousVegetation,0.9998810291290283,True,2.8299208,0.848761
966,C:\Users\DELL Precision 5550\Documents\GitHub\Terrasight-Eurosat-RGB-vs-Multispectral\data\raw\rgb\PermanentCrop\PermanentCrop_287.jpg,6,PermanentCrop,6,PermanentCrop,1.0,True,0.78117156,4.046236
967,C:\Users\DELL Precision 5550\Documents\GitHub\Terrasight-Eurosat-RGB-vs-Multispectral\data\raw\rgb\Highway\Highway_2149.jpg,3,Highway,3,Highway,0.9992190599441528,True,-0.43556517,10.363654
968,C:\Users\DELL Precision 5550\Documents\GitHub\Terrasight-Eurosat-RGB-vs-Multispectral\data\raw\rgb\HerbaceousVegetation\HerbaceousVegetation_642.jpg,2,HerbaceousVegetation,2,HerbaceousVegetation,0.9996009469032288,True,3.6908484,0.99567705
969,C:\Users\DELL Precision 5550\Documents\GitHub\Terrasight-Eurosat-RGB-vs-Multispectral\data\raw\rgb\AnnualCrop\AnnualCrop_2293.jpg,0,AnnualCrop,0,AnnualCrop,1.0,True,2.5155487,16.123678
970,C:\Users\DELL Precision 5550\Documents\GitHub\Terrasight-Eurosat-RGB-vs-Multispectral\data\raw\rgb\Industrial\Industrial_702.jpg,4,Industrial,4,Industrial,0.9198218584060669,True,-6.9349236,1.7669836
971,C:\Users\DELL Precision 5550\Documents\GitHub\Terrasight-Eurosat-RGB-vs-Multispectral\data\raw\rgb\PermanentCrop\PermanentCrop_1589.jpg,6,PermanentCrop,6,PermanentCrop,0.9165256023406982,True,2.3604405,4.946131
972,C:\Users\DELL Precision 5550\Documents\GitHub\Terrasight-Eurosat-RGB-vs-Multispectral\data\raw\rgb\Industrial\Industrial_2193.jpg,4,Industrial,4,Industrial,0.9955177903175354,True,-7.599307,1.342407
973,C:\Users\DELL Precision 5550\Documents\GitHub\Terrasight-Eurosat-RGB-vs-Multispectral\data\raw\rgb\Forest\Forest_2754.jpg,1,Forest,1,Forest,0.9997839331626892,True,14.277806,-1.170055
974,C:\Users\DELL Precision 5550\Documents\GitHub\Terrasight-Eurosat-RGB-vs-Multispectral\data\raw\rgb\PermanentCrop\PermanentCrop_986.jpg,6,PermanentCrop,6,PermanentCrop,0.9999997615814209,True,0.8910405,4.1312046
975,C:\Users\DELL Precision 5550\Documents\GitHub\Terrasight-Eurosat-RGB-vs-Multispectral\data\raw\rgb\PermanentCrop\PermanentCrop_1478.jpg,6,PermanentCrop,6,PermanentCrop,0.9998121857643127,True,1.7438393,4.5687966
976,C:\Users\DELL Precision 5550\Documents\GitHub\Terrasight-Eurosat-RGB-vs-Multispectral\data\raw\rgb\Residential\Residential_2462.jpg,7,Residential,7,Residential,0.9652942419052124,True,-6.230815,-3.0030763
977,C:\Users\DELL Precision 5550\Documents\GitHub\Terrasight-Eurosat-RGB-vs-Multispectral\data\raw\rgb\Pasture\Pasture_614.jpg,5,Pasture,5,Pasture,0.9999834299087524,True,10.361812,7.8216567
978,C:\Users\DELL Precision 5550\Documents\GitHub\Terrasight-Eurosat-RGB-vs-Multispectral\data\raw\rgb\Forest\Forest_2180.jpg,1,Forest,1,Forest,0.9271767139434814,True,13.74475,-0.51022196
979,C:\Users\DELL Precision 5550\Documents\GitHub\Terrasight-Eurosat-RGB-vs-Multispectral\data\raw\rgb\SeaLake\SeaLake_2990.jpg,9,SeaLake,9,SeaLake,0.9995973706245422,True,17.087135,11.485074
980,C:\Users\DELL Precision 5550\Documents\GitHub\Terrasight-Eurosat-RGB-vs-Multispectral\data\raw\rgb\Highway\Highway_1476.jpg,3,Highway,3,Highway,0.9992963075637817,True,-0.049655255,9.81568
981,C:\Users\DELL Precision 5550\Documents\GitHub\Terrasight-Eurosat-RGB-vs-Multispectral\data\raw\rgb\Industrial\Industrial_1425.jpg,4,Industrial,4,Industrial,0.9999960660934448,True,-8.462716,2.0862532
982,C:\Users\DELL Precision 5550\Documents\GitHub\Terrasight-Eurosat-RGB-vs-Multispectral\data\raw\rgb\Pasture\Pasture_1320.jpg,5,Pasture,2,HerbaceousVegetation,0.985755205154419,False,4.5367703,0.15901084
983,C:\Users\DELL Precision 5550\Documents\GitHub\Terrasight-Eurosat-RGB-vs-Multispectral\data\raw\rgb\PermanentCrop\PermanentCrop_1272.jpg,6,PermanentCrop,6,PermanentCrop,0.995927631855011,True,2.3935652,4.3087397
984,C:\Users\DELL Precision 5550\Documents\GitHub\Terrasight-Eurosat-RGB-vs-Multispectral\data\raw\rgb\Residential\Residential_2118.jpg,7,Residential,7,Residential,0.9984275102615356,True,-6.708054,-3.901711
985,C:\Users\DELL Precision 5550\Documents\GitHub\Terrasight-Eurosat-RGB-vs-Multispectral\data\raw\rgb\SeaLake\SeaLake_2873.jpg,9,SeaLake,9,SeaLake,0.9996615648269653,True,15.962298,10.450748
986,C:\Users\DELL Precision 5550\Documents\GitHub\Terrasight-Eurosat-RGB-vs-Multispectral\data\raw\rgb\AnnualCrop\AnnualCrop_2633.jpg,0,AnnualCrop,0,AnnualCrop,0.9952999353408813,True,2.7585156,12.264167
987,C:\Users\DELL Precision 5550\Documents\GitHub\Terrasight-Eurosat-RGB-vs-Multispectral\data\raw\rgb\PermanentCrop\PermanentCrop_2123.jpg,6,PermanentCrop,6,PermanentCrop,0.9990187883377075,True,1.3868451,3.3424478
988,C:\Users\DELL Precision 5550\Documents\GitHub\Terrasight-Eurosat-RGB-vs-Multispectral\data\raw\rgb\AnnualCrop\AnnualCrop_2971.jpg,0,AnnualCrop,0,AnnualCrop,0.9996931552886963,True,2.2708173,13.387392
989,C:\Users\DELL Precision 5550\Documents\GitHub\Terrasight-Eurosat-RGB-vs-Multispectral\data\raw\rgb\Industrial\Industrial_1830.jpg,4,Industrial,6,PermanentCrop,0.7491690516471863,False,2.2520041,4.301217
990,C:\Users\DELL Precision 5550\Documents\GitHub\Terrasight-Eurosat-RGB-vs-Multispectral\data\raw\rgb\Residential\Residential_764.jpg,7,Residential,7,Residential,0.8712044358253479,True,-6.054551,-2.9281595
991,C:\Users\DELL Precision 5550\Documents\GitHub\Terrasight-Eurosat-RGB-vs-Multispectral\data\raw\rgb\Forest\Forest_315.jpg,1,Forest,1,Forest,0.999998927116394,True,14.62011,-3.1020558
992,C:\Users\DELL Precision 5550\Documents\GitHub\Terrasight-Eurosat-RGB-vs-Multispectral\data\raw\rgb\Forest\Forest_941.jpg,1,Forest,1,Forest,0.9999946355819702,True,14.807336,-1.7892097
993,C:\Users\DELL Precision 5550\Documents\GitHub\Terrasight-Eurosat-RGB-vs-Multispectral\data\raw\rgb\Residential\Residential_2558.jpg,7,Residential,7,Residential,0.9642879366874695,True,-5.706868,-2.9416447
994,C:\Users\DELL Precision 5550\Documents\GitHub\Terrasight-Eurosat-RGB-vs-Multispectral\data\raw\rgb\Pasture\Pasture_460.jpg,5,Pasture,5,Pasture,0.8734452128410339,True,6.750158,5.0612683
995,C:\Users\DELL Precision 5550\Documents\GitHub\Terrasight-Eurosat-RGB-vs-Multispectral\data\raw\rgb\Forest\Forest_1159.jpg,1,Forest,1,Forest,0.9999977350234985,True,14.721411,-3.289585
996,C:\Users\DELL Precision 5550\Documents\GitHub\Terrasight-Eurosat-RGB-vs-Multispectral\data\raw\rgb\Residential\Residential_725.jpg,7,Residential,7,Residential,0.9946087598800659,True,-6.1778417,-3.0191991
997,C:\Users\DELL Precision 5550\Documents\GitHub\Terrasight-Eurosat-RGB-vs-Multispectral\data\raw\rgb\Highway\Highway_1218.jpg,3,Highway,3,Highway,0.9979058504104614,True,-0.57537776,10.044842
998,C:\Users\DELL Precision 5550\Documents\GitHub\Terrasight-Eurosat-RGB-vs-Multispectral\data\raw\rgb\AnnualCrop\AnnualCrop_568.jpg,0,AnnualCrop,0,AnnualCrop,0.999980092048645,True,2.7187316,14.525141
999,C:\Users\DELL Precision 5550\Documents\GitHub\Terrasight-Eurosat-RGB-vs-Multispectral\data\raw\rgb\Forest\Forest_2465.jpg,1,Forest,1,Forest,0.9999988079071045,True,14.475802,-2.7968566
1000,C:\Users\DELL Precision 5550\Documents\GitHub\Terrasight-Eurosat-RGB-vs-Multispectral\data\raw\rgb\Residential\Residential_1773.jpg,7,Residential,7,Residential,0.6591071486473083,True,-4.8458066,-2.5414295
1001,C:\Users\DELL Precision 5550\Documents\GitHub\Terrasight-Eurosat-RGB-vs-Multispectral\data\raw\rgb\SeaLake\SeaLake_2946.jpg,9,SeaLake,9,SeaLake,0.9997617602348328,True,16.01146,10.436282
1002,C:\Users\DELL Precision 5550\Documents\GitHub\Terrasight-Eurosat-RGB-vs-Multispectral\data\raw\rgb\Highway\Highway_156.jpg,3,Highway,3,Highway,0.9982380867004395,True,-0.0192855,9.642481
1003,C:\Users\DELL Precision 5550\Documents\GitHub\Terrasight-Eurosat-RGB-vs-Multispectral\data\raw\rgb\PermanentCrop\PermanentCrop_2007.jpg,6,PermanentCrop,6,PermanentCrop,0.59491366147995,True,2.7698066,3.1534796
1004,C:\Users\DELL Precision 5550\Documents\GitHub\Terrasight-Eurosat-RGB-vs-Multispectral\data\raw\rgb\Highway\Highway_281.jpg,3,Highway,0,AnnualCrop,0.8309731483459473,False,0.18396306,11.0089035
1005,C:\Users\DELL Precision 5550\Documents\GitHub\Terrasight-Eurosat-RGB-vs-Multispectral\data\raw\rgb\Highway\Highway_1163.jpg,3,Highway,3,Highway,0.9995536208152771,True,-0.22327009,10.665143
1006,C:\Users\DELL Precision 5550\Documents\GitHub\Terrasight-Eurosat-RGB-vs-Multispectral\data\raw\rgb\AnnualCrop\AnnualCrop_600.jpg,0,AnnualCrop,0,AnnualCrop,0.9999996423721313,True,2.4390967,15.852795
1007,C:\Users\DELL Precision 5550\Documents\GitHub\Terrasight-Eurosat-RGB-vs-Multispectral\data\raw\rgb\HerbaceousVegetation\HerbaceousVegetation_919.jpg,2,HerbaceousVegetation,2,HerbaceousVegetation,0.9985283613204956,True,4.6932077,2.4333234
1008,C:\Users\DELL Precision 5550\Documents\GitHub\Terrasight-Eurosat-RGB-vs-Multispectral\data\raw\rgb\Highway\Highway_536.jpg,3,Highway,3,Highway,0.7644488215446472,True,0.12029341,9.201782
1009,C:\Users\DELL Precision 5550\Documents\GitHub\Terrasight-Eurosat-RGB-vs-Multispectral\data\raw\rgb\HerbaceousVegetation\HerbaceousVegetation_931.jpg,2,HerbaceousVegetation,2,HerbaceousVegetation,0.9998892545700073,True,3.365463,1.1121696
1010,C:\Users\DELL Precision 5550\Documents\GitHub\Terrasight-Eurosat-RGB-vs-Multispectral\data\raw\rgb\AnnualCrop\AnnualCrop_1686.jpg,0,AnnualCrop,0,AnnualCrop,0.9998819828033447,True,2.7078288,14.207382
1011,C:\Users\DELL Precision 5550\Documents\GitHub\Terrasight-Eurosat-RGB-vs-Multispectral\data\raw\rgb\HerbaceousVegetation\HerbaceousVegetation_1981.jpg,2,HerbaceousVegetation,2,HerbaceousVegetation,0.9989062547683716,True,3.4347968,1.7845513
1012,C:\Users\DELL Precision 5550\Documents\GitHub\Terrasight-Eurosat-RGB-vs-Multispectral\data\raw\rgb\Industrial\Industrial_973.jpg,4,Industrial,4,Industrial,0.9989135265350342,True,-8.007339,1.414552
1013,C:\Users\DELL Precision 5550\Documents\GitHub\Terrasight-Eurosat-RGB-vs-Multispectral\data\raw\rgb\Pasture\Pasture_1865.jpg,5,Pasture,5,Pasture,0.9815152287483215,True,6.2901955,5.118258
1014,C:\Users\DELL Precision 5550\Documents\GitHub\Terrasight-Eurosat-RGB-vs-Multispectral\data\raw\rgb\Highway\Highway_652.jpg,3,Highway,3,Highway,0.9940863847732544,True,-0.50027853,9.288075
1015,C:\Users\DELL Precision 5550\Documents\GitHub\Terrasight-Eurosat-RGB-vs-Multispectral\data\raw\rgb\Residential\Residential_49.jpg,7,Residential,7,Residential,0.7477490901947021,True,-5.400977,-2.25503
1016,C:\Users\DELL Precision 5550\Documents\GitHub\Terrasight-Eurosat-RGB-vs-Multispectral\data\raw\rgb\AnnualCrop\AnnualCrop_2510.jpg,0,AnnualCrop,0,AnnualCrop,0.998090922832489,True,2.4661684,12.665919
1017,C:\Users\DELL Precision 5550\Documents\GitHub\Terrasight-Eurosat-RGB-vs-Multispectral\data\raw\rgb\AnnualCrop\AnnualCrop_1361.jpg,0,AnnualCrop,0,AnnualCrop,0.9999880790710449,True,2.3279243,14.276342
1018,C:\Users\DELL Precision 5550\Documents\GitHub\Terrasight-Eurosat-RGB-vs-Multispectral\data\raw\rgb\Residential\Residential_2909.jpg,7,Residential,7,Residential,0.9989991784095764,True,-6.0580373,-3.1098552
1019,C:\Users\DELL Precision 5550\Documents\GitHub\Terrasight-Eurosat-RGB-vs-Multispectral\data\raw\rgb\AnnualCrop\AnnualCrop_1445.jpg,0,AnnualCrop,0,AnnualCrop,0.9982957243919373,True,2.6582866,12.440634
1020,C:\Users\DELL Precision 5550\Documents\GitHub\Terrasight-Eurosat-RGB-vs-Multispectral\data\raw\rgb\HerbaceousVegetation\HerbaceousVegetation_1415.jpg,2,HerbaceousVegetation,2,HerbaceousVegetation,0.99959796667099,True,3.3640761,1.2858276
1021,C:\Users\DELL Precision 5550\Documents\GitHub\Terrasight-Eurosat-RGB-vs-Multispectral\data\raw\rgb\HerbaceousVegetation\HerbaceousVegetation_2942.jpg,2,HerbaceousVegetation,2,HerbaceousVegetation,0.9978978633880615,True,2.8613133,1.1130973
1022,C:\Users\DELL Precision 5550\Documents\GitHub\Terrasight-Eurosat-RGB-vs-Multispectral\data\raw\rgb\Forest\Forest_2882.jpg,1,Forest,1,Forest,0.9999916553497314,True,14.588736,-1.5992422
1023,C:\Users\DELL Precision 5550\Documents\GitHub\Terrasight-Eurosat-RGB-vs-Multispectral\data\raw\rgb\River\River_1870.jpg,8,River,8,River,0.9999293088912964,True,5.4414406,10.643854
1024,C:\Users\DELL Precision 5550\Documents\GitHub\Terrasight-Eurosat-RGB-vs-Multispectral\data\raw\rgb\Pasture\Pasture_1057.jpg,5,Pasture,5,Pasture,0.9264837503433228,True,6.2161183,4.9983425
1025,C:\Users\DELL Precision 5550\Documents\GitHub\Terrasight-Eurosat-RGB-vs-Multispectral\data\raw\rgb\PermanentCrop\PermanentCrop_1442.jpg,6,PermanentCrop,6,PermanentCrop,0.9999475479125977,True,1.1168036,4.480251
1026,C:\Users\DELL Precision 5550\Documents\GitHub\Terrasight-Eurosat-RGB-vs-Multispectral\data\raw\rgb\Highway\Highway_1543.jpg,3,Highway,3,Highway,0.9938795566558838,True,0.081087984,9.661749
1027,C:\Users\DELL Precision 5550\Documents\GitHub\Terrasight-Eurosat-RGB-vs-Multispectral\data\raw\rgb\Residential\Residential_215.jpg,7,Residential,7,Residential,0.9999996423721313,True,-6.2086854,-4.8920994
1028,C:\Users\DELL Precision 5550\Documents\GitHub\Terrasight-Eurosat-RGB-vs-Multispectral\data\raw\rgb\Highway\Highway_637.jpg,3,Highway,3,Highway,0.9999980926513672,True,-1.4437227,10.74466
1029,C:\Users\DELL Precision 5550\Documents\GitHub\Terrasight-Eurosat-RGB-vs-Multispectral\data\raw\rgb\HerbaceousVegetation\HerbaceousVegetation_2479.jpg,2,HerbaceousVegetation,2,HerbaceousVegetation,0.9994630217552185,True,4.317553,0.35557768
1030,C:\Users\DELL Precision 5550\Documents\GitHub\Terrasight-Eurosat-RGB-vs-Multispectral\data\raw\rgb\Residential\Residential_997.jpg,7,Residential,7,Residential,0.9959366321563721,True,-6.2625465,-3.25042
1031,C:\Users\DELL Precision 5550\Documents\GitHub\Terrasight-Eurosat-RGB-vs-Multispectral\data\raw\rgb\PermanentCrop\PermanentCrop_847.jpg,6,PermanentCrop,6,PermanentCrop,0.9999641180038452,True,1.6679772,4.511094
1032,C:\Users\DELL Precision 5550\Documents\GitHub\Terrasight-Eurosat-RGB-vs-Multispectral\data\raw\rgb\HerbaceousVegetation\HerbaceousVegetation_1774.jpg,2,HerbaceousVegetation,2,HerbaceousVegetation,0.9637950658798218,True,3.849957,1.5197089
1033,C:\Users\DELL Precision 5550\Documents\GitHub\Terrasight-Eurosat-RGB-vs-Multispectral\data\raw\rgb\Forest\Forest_2258.jpg,1,Forest,1,Forest,0.9999582767486572,True,13.459827,-1.8678885
1034,C:\Users\DELL Precision 5550\Documents\GitHub\Terrasight-Eurosat-RGB-vs-Multispectral\data\raw\rgb\Pasture\Pasture_587.jpg,5,Pasture,5,Pasture,0.9999998807907104,True,10.738917,7.9086075
1035,C:\Users\DELL Precision 5550\Documents\GitHub\Terrasight-Eurosat-RGB-vs-Multispectral\data\raw\rgb\Residential\Residential_1980.jpg,7,Residential,7,Residential,0.999883770942688,True,-6.601985,-4.4820995
1036,C:\Users\DELL Precision 5550\Documents\GitHub\Terrasight-Eurosat-RGB-vs-Multispectral\data\raw\rgb\PermanentCrop\PermanentCrop_88.jpg,6,PermanentCrop,6,PermanentCrop,0.5574383735656738,True,2.5501552,11.794148
1037,C:\Users\DELL Precision 5550\Documents\GitHub\Terrasight-Eurosat-RGB-vs-Multispectral\data\raw\rgb\SeaLake\SeaLake_2411.jpg,9,SeaLake,9,SeaLake,0.9998136162757874,True,16.656755,10.452997
1038,C:\Users\DELL Precision 5550\Documents\GitHub\Terrasight-Eurosat-RGB-vs-Multispectral\data\raw\rgb\Forest\Forest_2395.jpg,1,Forest,1,Forest,0.9999982118606567,True,14.283595,-2.9478977
1039,C:\Users\DELL Precision 5550\Documents\GitHub\Terrasight-Eurosat-RGB-vs-Multispectral\data\raw\rgb\Residential\Residential_1086.jpg,7,Residential,7,Residential,0.9983248114585876,True,-5.0876217,-2.9058774
1040,C:\Users\DELL Precision 5550\Documents\GitHub\Terrasight-Eurosat-RGB-vs-Multispectral\data\raw\rgb\River\River_1515.jpg,8,River,8,River,0.987375020980835,True,4.3352404,10.673445
1041,C:\Users\DELL Precision 5550\Documents\GitHub\Terrasight-Eurosat-RGB-vs-Multispectral\data\raw\rgb\Residential\Residential_1714.jpg,7,Residential,7,Residential,0.9983830451965332,True,-5.8845153,-3.4211633
1042,C:\Users\DELL Precision 5550\Documents\GitHub\Terrasight-Eurosat-RGB-vs-Multispectral\data\raw\rgb\SeaLake\SeaLake_2576.jpg,9,SeaLake,9,SeaLake,0.9997722506523132,True,16.738878,10.557599
1043,C:\Users\DELL Precision 5550\Documents\GitHub\Terrasight-Eurosat-RGB-vs-Multispectral\data\raw\rgb\Residential\Residential_2209.jpg,7,Residential,7,Residential,0.9984361529350281,True,-5.3351884,-3.4636748
1044,C:\Users\DELL Precision 5550\Documents\GitHub\Terrasight-Eurosat-RGB-vs-Multispectral\data\raw\rgb\AnnualCrop\AnnualCrop_2862.jpg,0,AnnualCrop,0,AnnualCrop,1.0,True,2.4454942,15.732788
1045,C:\Users\DELL Precision 5550\Documents\GitHub\Terrasight-Eurosat-RGB-vs-Multispectral\data\raw\rgb\PermanentCrop\PermanentCrop_1593.jpg,6,PermanentCrop,6,PermanentCrop,0.9968037605285645,True,1.5391691,3.2297096
1046,C:\Users\DELL Precision 5550\Documents\GitHub\Terrasight-Eurosat-RGB-vs-Multispectral\data\raw\rgb\Highway\Highway_2163.jpg,3,Highway,3,Highway,0.9630333781242371,True,0.16450445,9.612126
1047,C:\Users\DELL Precision 5550\Documents\GitHub\Terrasight-Eurosat-RGB-vs-Multispectral\data\raw\rgb\River\River_1535.jpg,8,River,8,River,0.6082723736763,True,3.7518337,11.132228
1048,C:\Users\DELL Precision 5550\Documents\GitHub\Terrasight-Eurosat-RGB-vs-Multispectral\data\raw\rgb\Industrial\Industrial_1212.jpg,4,Industrial,4,Industrial,0.8983428478240967,True,-7.9827776,1.6789931
1049,C:\Users\DELL Precision 5550\Documents\GitHub\Terrasight-Eurosat-RGB-vs-Multispectral\data\raw\rgb\Residential\Residential_897.jpg,7,Residential,7,Residential,0.9999991655349731,True,-5.6854453,-4.5833473
1050,C:\Users\DELL Precision 5550\Documents\GitHub\Terrasight-Eurosat-RGB-vs-Multispectral\data\raw\rgb\Residential\Residential_1691.jpg,7,Residential,7,Residential,0.9986959099769592,True,-5.0543523,-3.36855
1051,C:\Users\DELL Precision 5550\Documents\GitHub\Terrasight-Eurosat-RGB-vs-Multispectral\data\raw\rgb\AnnualCrop\AnnualCrop_760.jpg,0,AnnualCrop,0,AnnualCrop,0.9993714690208435,True,2.76872,12.95548
1052,C:\Users\DELL Precision 5550\Documents\GitHub\Terrasight-Eurosat-RGB-vs-Multispectral\data\raw\rgb\Residential\Residential_1595.jpg,7,Residential,7,Residential,0.9999872446060181,True,-6.3402123,-4.8735023
1053,C:\Users\DELL Precision 5550\Documents\GitHub\Terrasight-Eurosat-RGB-vs-Multispectral\data\raw\rgb\Industrial\Industrial_2232.jpg,4,Industrial,4,Industrial,0.9913625121116638,True,-7.3622355,1.3425246
1054,C:\Users\DELL Precision 5550\Documents\GitHub\Terrasight-Eurosat-RGB-vs-Multispectral\data\raw\rgb\River\River_1354.jpg,8,River,8,River,0.9998431205749512,True,5.3215055,10.661301
1055,C:\Users\DELL Precision 5550\Documents\GitHub\Terrasight-Eurosat-RGB-vs-Multispectral\data\raw\rgb\PermanentCrop\PermanentCrop_1143.jpg,6,PermanentCrop,6,PermanentCrop,0.8690462708473206,True,3.0161893,3.815357
1056,C:\Users\DELL Precision 5550\Documents\GitHub\Terrasight-Eurosat-RGB-vs-Multispectral\data\raw\rgb\HerbaceousVegetation\HerbaceousVegetation_334.jpg,2,HerbaceousVegetation,2,HerbaceousVegetation,0.9998931884765625,True,4.726399,0.79596364
1057,C:\Users\DELL Precision 5550\Documents\GitHub\Terrasight-Eurosat-RGB-vs-Multispectral\data\raw\rgb\PermanentCrop\PermanentCrop_152.jpg,6,PermanentCrop,6,PermanentCrop,0.9956360459327698,True,2.4140651,3.6381261
1058,C:\Users\DELL Precision 5550\Documents\GitHub\Terrasight-Eurosat-RGB-vs-Multispectral\data\raw\rgb\PermanentCrop\PermanentCrop_40.jpg,6,PermanentCrop,6,PermanentCrop,0.9999687671661377,True,1.1069846,3.763975
1059,C:\Users\DELL Precision 5550\Documents\GitHub\Terrasight-Eurosat-RGB-vs-Multispectral\data\raw\rgb\Forest\Forest_1898.jpg,1,Forest,1,Forest,0.9999905824661255,True,14.101497,-2.5998
1060,C:\Users\DELL Precision 5550\Documents\GitHub\Terrasight-Eurosat-RGB-vs-Multispectral\data\raw\rgb\Residential\Residential_1795.jpg,7,Residential,2,HerbaceousVegetation,0.9753511548042297,False,-5.124975,-2.2094116
1061,C:\Users\DELL Precision 5550\Documents\GitHub\Terrasight-Eurosat-RGB-vs-Multispectral\data\raw\rgb\AnnualCrop\AnnualCrop_2392.jpg,0,AnnualCrop,5,Pasture,0.6080195903778076,False,3.0807393,11.857648
1062,C:\Users\DELL Precision 5550\Documents\GitHub\Terrasight-Eurosat-RGB-vs-Multispectral\data\raw\rgb\Residential\Residential_1631.jpg,7,Residential,7,Residential,0.9998461008071899,True,-6.1513977,-3.9327838
1063,C:\Users\DELL Precision 5550\Documents\GitHub\Terrasight-Eurosat-RGB-vs-Multispectral\data\raw\rgb\HerbaceousVegetation\HerbaceousVegetation_338.jpg,2,HerbaceousVegetation,2,HerbaceousVegetation,0.9979833364486694,True,4.689694,2.4378605
1064,C:\Users\DELL Precision 5550\Documents\GitHub\Terrasight-Eurosat-RGB-vs-Multispectral\data\raw\rgb\SeaLake\SeaLake_501.jpg,9,SeaLake,9,SeaLake,0.9999977350234985,True,17.237026,13.310598
1065,C:\Users\DELL Precision 5550\Documents\GitHub\Terrasight-Eurosat-RGB-vs-Multispectral\data\raw\rgb\SeaLake\SeaLake_844.jpg,9,SeaLake,9,SeaLake,0.9999722242355347,True,16.661545,10.272104
1066,C:\Users\DELL Precision 5550\Documents\GitHub\Terrasight-Eurosat-RGB-vs-Multispectral\data\raw\rgb\Industrial\Industrial_1953.jpg,4,Industrial,4,Industrial,0.9998807907104492,True,-8.836675,1.5298961
1067,C:\Users\DELL Precision 5550\Documents\GitHub\Terrasight-Eurosat-RGB-vs-Multispectral\data\raw\rgb\Pasture\Pasture_579.jpg,5,Pasture,5,Pasture,0.9846466779708862,True,6.8464365,4.9602885
1068,C:\Users\DELL Precision 5550\Documents\GitHub\Terrasight-Eurosat-RGB-vs-Multispectral\data\raw\rgb\Forest\Forest_2717.jpg,1,Forest,1,Forest,0.9998786449432373,True,13.514139,-2.489692
1069,C:\Users\DELL Precision 5550\Documents\GitHub\Terrasight-Eurosat-RGB-vs-Multispectral\data\raw\rgb\PermanentCrop\PermanentCrop_1455.jpg,6,PermanentCrop,4,Industrial,0.47827059030532837,False,-6.637884,1.758795
1070,C:\Users\DELL Precision 5550\Documents\GitHub\Terrasight-Eurosat-RGB-vs-Multispectral\data\raw\rgb\HerbaceousVegetation\HerbaceousVegetation_1878.jpg,2,HerbaceousVegetation,2,HerbaceousVegetation,0.9999372959136963,True,4.032291,1.4622662
1071,C:\Users\DELL Precision 5550\Documents\GitHub\Terrasight-Eurosat-RGB-vs-Multispectral\data\raw\rgb\River\River_2012.jpg,8,River,8,River,0.9997296929359436,True,4.822235,10.090522
1072,C:\Users\DELL Precision 5550\Documents\GitHub\Terrasight-Eurosat-RGB-vs-Multispectral\data\raw\rgb\Industrial\Industrial_26.jpg,4,Industrial,4,Industrial,0.999998927116394,True,-8.942239,1.922788
1073,C:\Users\DELL Precision 5550\Documents\GitHub\Terrasight-Eurosat-RGB-vs-Multispectral\data\raw\rgb\AnnualCrop\AnnualCrop_1234.jpg,0,AnnualCrop,0,AnnualCrop,0.9934551119804382,True,3.0350344,13.243128
1074,C:\Users\DELL Precision 5550\Documents\GitHub\Terrasight-Eurosat-RGB-vs-Multispectral\data\raw\rgb\PermanentCrop\PermanentCrop_410.jpg,6,PermanentCrop,0,AnnualCrop,0.7614583373069763,False,2.385453,5.299241
1075,C:\Users\DELL Precision 5550\Documents\GitHub\Terrasight-Eurosat-RGB-vs-Multispectral\data\raw\rgb\SeaLake\SeaLake_2712.jpg,9,SeaLake,9,SeaLake,0.9971463084220886,True,15.842249,11.702397
1076,C:\Users\DELL Precision 5550\Documents\GitHub\Terrasight-Eurosat-RGB-vs-Multispectral\data\raw\rgb\AnnualCrop\AnnualCrop_2898.jpg,0,AnnualCrop,0,AnnualCrop,0.9882434606552124,True,2.8021686,13.202655
1077,C:\Users\DELL Precision 5550\Documents\GitHub\Terrasight-Eurosat-RGB-vs-Multispectral\data\raw\rgb\Highway\Highway_945.jpg,3,Highway,3,Highway,0.9996151924133301,True,-0.45946062,9.599413
1078,C:\Users\DELL Precision 5550\Documents\GitHub\Terrasight-Eurosat-RGB-vs-Multispectral\data\raw\rgb\Industrial\Industrial_1967.jpg,4,Industrial,4,Industrial,0.998319685459137,True,-8.109868,1.1037197
1079,C:\Users\DELL Precision 5550\Documents\GitHub\Terrasight-Eurosat-RGB-vs-Multispectral\data\raw\rgb\SeaLake\SeaLake_1995.jpg,9,SeaLake,9,SeaLake,0.9986429810523987,True,15.95093,10.837001
1080,C:\Users\DELL Precision 5550\Documents\GitHub\Terrasight-Eurosat-RGB-vs-Multispectral\data\raw\rgb\AnnualCrop\AnnualCrop_2229.jpg,0,AnnualCrop,0,AnnualCrop,0.9999979734420776,True,2.6736753,14.93819
1081,C:\Users\DELL Precision 5550\Documents\GitHub\Terrasight-Eurosat-RGB-vs-Multispectral\data\raw\rgb\SeaLake\SeaLake_1730.jpg,9,SeaLake,9,SeaLake,0.9999154806137085,True,17.332146,12.186479
1082,C:\Users\DELL Precision 5550\Documents\GitHub\Terrasight-Eurosat-RGB-vs-Multispectral\data\raw\rgb\PermanentCrop\PermanentCrop_675.jpg,6,PermanentCrop,6,PermanentCrop,0.9883226752281189,True,2.3744633,4.7597303
1083,C:\Users\DELL Precision 5550\Documents\GitHub\Terrasight-Eurosat-RGB-vs-Multispectral\data\raw\rgb\PermanentCrop\PermanentCrop_1700.jpg,6,PermanentCrop,6,PermanentCrop,0.9961940050125122,True,1.934649,3.2878172
1084,C:\Users\DELL Precision 5550\Documents\GitHub\Terrasight-Eurosat-RGB-vs-Multispectral\data\raw\rgb\HerbaceousVegetation\HerbaceousVegetation_904.jpg,2,HerbaceousVegetation,2,HerbaceousVegetation,0.9961389899253845,True,3.0216417,1.566826
1085,C:\Users\DELL Precision 5550\Documents\GitHub\Terrasight-Eurosat-RGB-vs-Multispectral\data\raw\rgb\PermanentCrop\PermanentCrop_888.jpg,6,PermanentCrop,6,PermanentCrop,0.9368767738342285,True,2.321677,4.892929
1086,C:\Users\DELL Precision 5550\Documents\GitHub\Terrasight-Eurosat-RGB-vs-Multispectral\data\raw\rgb\AnnualCrop\AnnualCrop_1716.jpg,0,AnnualCrop,0,AnnualCrop,0.9997335076332092,True,2.8635807,13.12891
1087,C:\Users\DELL Precision 5550\Documents\GitHub\Terrasight-Eurosat-RGB-vs-Multispectral\data\raw\rgb\HerbaceousVegetation\HerbaceousVegetation_2307.jpg,2,HerbaceousVegetation,2,HerbaceousVegetation,0.9997655749320984,True,3.68992,1.599324
1088,C:\Users\DELL Precision 5550\Documents\GitHub\Terrasight-Eurosat-RGB-vs-Multispectral\data\raw\rgb\Industrial\Industrial_1485.jpg,4,Industrial,4,Industrial,0.9968644976615906,True,-7.2547255,1.572522
1089,C:\Users\DELL Precision 5550\Documents\GitHub\Terrasight-Eurosat-RGB-vs-Multispectral\data\raw\rgb\Forest\Forest_2489.jpg,1,Forest,1,Forest,0.9575130343437195,True,12.992273,-0.98509806
1090,C:\Users\DELL Precision 5550\Documents\GitHub\Terrasight-Eurosat-RGB-vs-Multispectral\data\raw\rgb\Pasture\Pasture_1735.jpg,5,Pasture,5,Pasture,0.99985671043396,True,10.244792,7.765301
1091,C:\Users\DELL Precision 5550\Documents\GitHub\Terrasight-Eurosat-RGB-vs-Multispectral\data\raw\rgb\Forest\Forest_1143.jpg,1,Forest,1,Forest,0.9999663829803467,True,14.859482,-1.7510936
1092,C:\Users\DELL Precision 5550\Documents\GitHub\Terrasight-Eurosat-RGB-vs-Multispectral\data\raw\rgb\PermanentCrop\PermanentCrop_534.jpg,6,PermanentCrop,6,PermanentCrop,0.9979368448257446,True,2.0754657,4.5925956
1093,C:\Users\DELL Precision 5550\Documents\GitHub\Terrasight-Eurosat-RGB-vs-Multispectral\data\raw\rgb\HerbaceousVegetation\HerbaceousVegetation_2014.jpg,2,HerbaceousVegetation,2,HerbaceousVegetation,0.9999947547912598,True,4.235774,0.883793
1094,C:\Users\DELL Precision 5550\Documents\GitHub\Terrasight-Eurosat-RGB-vs-Multispectral\data\raw\rgb\Residential\Residential_1622.jpg,7,Residential,7,Residential,0.9999934434890747,True,-6.5644317,-4.5254335
1095,C:\Users\DELL Precision 5550\Documents\GitHub\Terrasight-Eurosat-RGB-vs-Multispectral\data\raw\rgb\River\River_391.jpg,8,River,8,River,0.9091147184371948,True,4.71379,9.811799
1096,C:\Users\DELL Precision 5550\Documents\GitHub\Terrasight-Eurosat-RGB-vs-Multispectral\data\raw\rgb\AnnualCrop\AnnualCrop_1180.jpg,0,AnnualCrop,0,AnnualCrop,0.9994804263114929,True,2.426775,13.177499
1097,C:\Users\DELL Precision 5550\Documents\GitHub\Terrasight-Eurosat-RGB-vs-Multispectral\data\raw\rgb\SeaLake\SeaLake_1321.jpg,9,SeaLake,9,SeaLake,0.9999918937683105,True,16.707933,10.297922
1098,C:\Users\DELL Precision 5550\Documents\GitHub\Terrasight-Eurosat-RGB-vs-Multispectral\data\raw\rgb\Highway\Highway_1312.jpg,3,Highway,3,Highway,0.9997523427009583,True,-0.54087484,10.865547
1099,C:\Users\DELL Precision 5550\Documents\GitHub\Terrasight-Eurosat-RGB-vs-Multispectral\data\raw\rgb\HerbaceousVegetation\HerbaceousVegetation_1236.jpg,2,HerbaceousVegetation,2,HerbaceousVegetation,0.9999996423721313,True,3.7274132,-0.3539797
1100,C:\Users\DELL Precision 5550\Documents\GitHub\Terrasight-Eurosat-RGB-vs-Multispectral\data\raw\rgb\PermanentCrop\PermanentCrop_2226.jpg,6,PermanentCrop,6,PermanentCrop,0.9999964237213135,True,1.0092847,3.979149
1101,C:\Users\DELL Precision 5550\Documents\GitHub\Terrasight-Eurosat-RGB-vs-Multispectral\data\raw\rgb\AnnualCrop\AnnualCrop_2656.jpg,0,AnnualCrop,0,AnnualCrop,0.9974230527877808,True,2.5174074,12.588699
1102,C:\Users\DELL Precision 5550\Documents\GitHub\Terrasight-Eurosat-RGB-vs-Multispectral\data\raw\rgb\River\River_865.jpg,8,River,8,River,0.9999946355819702,True,6.261472,10.394473
1103,C:\Users\DELL Precision 5550\Documents\GitHub\Terrasight-Eurosat-RGB-vs-Multispectral\data\raw\rgb\Forest\Forest_1878.jpg,1,Forest,1,Forest,0.9996073842048645,True,14.065543,-0.70291007
1104,C:\Users\DELL Precision 5550\Documents\GitHub\Terrasight-Eurosat-RGB-vs-Multispectral\data\raw\rgb\SeaLake\SeaLake_1035.jpg,9,SeaLake,9,SeaLake,0.9999964237213135,True,17.3061,13.0400715
1105,C:\Users\DELL Precision 5550\Documents\GitHub\Terrasight-Eurosat-RGB-vs-Multispectral\data\raw\rgb\HerbaceousVegetation\HerbaceousVegetation_2170.jpg,2,HerbaceousVegetation,2,HerbaceousVegetation,0.9997946619987488,True,4.7106853,2.4486737
1106,C:\Users\DELL Precision 5550\Documents\GitHub\Terrasight-Eurosat-RGB-vs-Multispectral\data\raw\rgb\HerbaceousVegetation\HerbaceousVegetation_882.jpg,2,HerbaceousVegetation,2,HerbaceousVegetation,0.9999977350234985,True,3.173105,0.47935042
1107,C:\Users\DELL Precision 5550\Documents\GitHub\Terrasight-Eurosat-RGB-vs-Multispectral\data\raw\rgb\Residential\Residential_2667.jpg,7,Residential,7,Residential,0.9998582601547241,True,-5.439908,-3.4243662
1108,C:\Users\DELL Precision 5550\Documents\GitHub\Terrasight-Eurosat-RGB-vs-Multispectral\data\raw\rgb\AnnualCrop\AnnualCrop_2890.jpg,0,AnnualCrop,0,AnnualCrop,0.9999052286148071,True,2.168766,13.691613
1109,C:\Users\DELL Precision 5550\Documents\GitHub\Terrasight-Eurosat-RGB-vs-Multispectral\data\raw\rgb\Pasture\Pasture_1743.jpg,5,Pasture,5,Pasture,0.9999948740005493,True,7.939039,5.5455427
1110,C:\Users\DELL Precision 5550\Documents\GitHub\Terrasight-Eurosat-RGB-vs-Multispectral\data\raw\rgb\SeaLake\SeaLake_2767.jpg,9,SeaLake,9,SeaLake,0.9996638298034668,True,16.077227,10.625308
1111,C:\Users\DELL Precision 5550\Documents\GitHub\Terrasight-Eurosat-RGB-vs-Multispectral\data\raw\rgb\HerbaceousVegetation\HerbaceousVegetation_222.jpg,2,HerbaceousVegetation,2,HerbaceousVegetation,1.0,True,3.0833554,-0.027762871
1112,C:\Users\DELL Precision 5550\Documents\GitHub\Terrasight-Eurosat-RGB-vs-Multispectral\data\raw\rgb\HerbaceousVegetation\HerbaceousVegetation_453.jpg,2,HerbaceousVegetation,2,HerbaceousVegetation,0.9999887943267822,True,3.0326588,0.8041765
1113,C:\Users\DELL Precision 5550\Documents\GitHub\Terrasight-Eurosat-RGB-vs-Multispectral\data\raw\rgb\Industrial\Industrial_1631.jpg,4,Industrial,3,Highway,0.8418129682540894,False,-0.13878025,9.278982
1114,C:\Users\DELL Precision 5550\Documents\GitHub\Terrasight-Eurosat-RGB-vs-Multispectral\data\raw\rgb\Residential\Residential_1932.jpg,7,Residential,7,Residential,0.9886504411697388,True,-5.273405,-4.2834854
1115,C:\Users\DELL Precision 5550\Documents\GitHub\Terrasight-Eurosat-RGB-vs-Multispectral\data\raw\rgb\Forest\Forest_1504.jpg,1,Forest,1,Forest,0.9999994039535522,True,14.759458,-3.4115002
1116,C:\Users\DELL Precision 5550\Documents\GitHub\Terrasight-Eurosat-RGB-vs-Multispectral\data\raw\rgb\SeaLake\SeaLake_2275.jpg,9,SeaLake,9,SeaLake,0.9140159487724304,True,16.048517,11.278126
1117,C:\Users\DELL Precision 5550\Documents\GitHub\Terrasight-Eurosat-RGB-vs-Multispectral\data\raw\rgb\Residential\Residential_2132.jpg,7,Residential,7,Residential,0.9999872446060181,True,-6.205797,-4.198516
1118,C:\Users\DELL Precision 5550\Documents\GitHub\Terrasight-Eurosat-RGB-vs-Multispectral\data\raw\rgb\HerbaceousVegetation\HerbaceousVegetation_166.jpg,2,HerbaceousVegetation,2,HerbaceousVegetation,0.9998605251312256,True,3.064854,1.2061653
1119,C:\Users\DELL Precision 5550\Documents\GitHub\Terrasight-Eurosat-RGB-vs-Multispectral\data\raw\rgb\River\River_1191.jpg,8,River,8,River,0.9159287810325623,True,4.00883,10.797618
1120,C:\Users\DELL Precision 5550\Documents\GitHub\Terrasight-Eurosat-RGB-vs-Multispectral\data\raw\rgb\Residential\Residential_943.jpg,7,Residential,7,Residential,0.8887297511100769,True,-6.143381,-2.8914492
1121,C:\Users\DELL Precision 5550\Documents\GitHub\Terrasight-Eurosat-RGB-vs-Multispectral\data\raw\rgb\Residential\Residential_54.jpg,7,Residential,7,Residential,0.521217405796051,True,-6.205433,-2.8038816
1122,C:\Users\DELL Precision 5550\Documents\GitHub\Terrasight-Eurosat-RGB-vs-Multispectral\data\raw\rgb\Highway\Highway_2263.jpg,3,Highway,3,Highway,0.9994508624076843,True,-0.79614896,9.826246
1123,C:\Users\DELL Precision 5550\Documents\GitHub\Terrasight-Eurosat-RGB-vs-Multispectral\data\raw\rgb\Highway\Highway_2447.jpg,3,Highway,3,Highway,0.999848484992981,True,-0.87573403,10.843135
1124,C:\Users\DELL Precision 5550\Documents\GitHub\Terrasight-Eurosat-RGB-vs-Multispectral\data\raw\rgb\Residential\Residential_430.jpg,7,Residential,7,Residential,0.9924951791763306,True,-5.1310616,-2.7892456
1125,C:\Users\DELL Precision 5550\Documents\GitHub\Terrasight-Eurosat-RGB-vs-Multispectral\data\raw\rgb\HerbaceousVegetation\HerbaceousVegetation_2870.jpg,2,HerbaceousVegetation,2,HerbaceousVegetation,0.9996129870414734,True,4.1997175,1.9563553
1126,C:\Users\DELL Precision 5550\Documents\GitHub\Terrasight-Eurosat-RGB-vs-Multispectral\data\raw\rgb\Pasture\Pasture_1909.jpg,5,Pasture,5,Pasture,0.643425464630127,True,5.994193,4.8982496
1127,C:\Users\DELL Precision 5550\Documents\GitHub\Terrasight-Eurosat-RGB-vs-Multispectral\data\raw\rgb\HerbaceousVegetation\HerbaceousVegetation_2854.jpg,2,HerbaceousVegetation,2,HerbaceousVegetation,0.9997920393943787,True,4.1496577,0.30592364
1128,C:\Users\DELL Precision 5550\Documents\GitHub\Terrasight-Eurosat-RGB-vs-Multispectral\data\raw\rgb\Forest\Forest_56.jpg,1,Forest,1,Forest,0.99998939037323,True,14.429972,-1.9906192
1129,C:\Users\DELL Precision 5550\Documents\GitHub\Terrasight-Eurosat-RGB-vs-Multispectral\data\raw\rgb\Highway\Highway_1748.jpg,3,Highway,3,Highway,0.7583165168762207,True,0.56515986,9.931927
1130,C:\Users\DELL Precision 5550\Documents\GitHub\Terrasight-Eurosat-RGB-vs-Multispectral\data\raw\rgb\Highway\Highway_1565.jpg,3,Highway,3,Highway,0.999913215637207,True,-0.9332425,9.49611
1131,C:\Users\DELL Precision 5550\Documents\GitHub\Terrasight-Eurosat-RGB-vs-Multispectral\data\raw\rgb\HerbaceousVegetation\HerbaceousVegetation_627.jpg,2,HerbaceousVegetation,2,HerbaceousVegetation,0.9988923668861389,True,4.169121,1.2753192
1132,C:\Users\DELL Precision 5550\Documents\GitHub\Terrasight-Eurosat-RGB-vs-Multispectral\data\raw\rgb\PermanentCrop\PermanentCrop_2234.jpg,6,PermanentCrop,6,PermanentCrop,0.9689606428146362,True,2.3578079,4.90586
1133,C:\Users\DELL Precision 5550\Documents\GitHub\Terrasight-Eurosat-RGB-vs-Multispectral\data\raw\rgb\HerbaceousVegetation\HerbaceousVegetation_2604.jpg,2,HerbaceousVegetation,2,HerbaceousVegetation,0.9990052580833435,True,4.2446136,0.20945337
1134,C:\Users\DELL Precision 5550\Documents\GitHub\Terrasight-Eurosat-RGB-vs-Multispectral\data\raw\rgb\AnnualCrop\AnnualCrop_1200.jpg,0,AnnualCrop,0,AnnualCrop,0.9345729351043701,True,2.688121,13.653364
1135,C:\Users\DELL Precision 5550\Documents\GitHub\Terrasight-Eurosat-RGB-vs-Multispectral\data\raw\rgb\AnnualCrop\AnnualCrop_423.jpg,0,AnnualCrop,0,AnnualCrop,0.9990957975387573,True,2.293032,13.209598
1136,C:\Users\DELL Precision 5550\Documents\GitHub\Terrasight-Eurosat-RGB-vs-Multispectral\data\raw\rgb\Industrial\Industrial_780.jpg,4,Industrial,4,Industrial,0.9999071359634399,True,-8.738008,1.5334415
1137,C:\Users\DELL Precision 5550\Documents\GitHub\Terrasight-Eurosat-RGB-vs-Multispectral\data\raw\rgb\River\River_183.jpg,8,River,8,River,0.9999966621398926,True,6.495312,10.684102
1138,C:\Users\DELL Precision 5550\Documents\GitHub\Terrasight-Eurosat-RGB-vs-Multispectral\data\raw\rgb\Pasture\Pasture_77.jpg,5,Pasture,5,Pasture,0.9891825318336487,True,6.5615196,5.0904307
1139,C:\Users\DELL Precision 5550\Documents\GitHub\Terrasight-Eurosat-RGB-vs-Multispectral\data\raw\rgb\Forest\Forest_31.jpg,1,Forest,1,Forest,0.9999850988388062,True,14.284729,-1.9225385
1140,C:\Users\DELL Precision 5550\Documents\GitHub\Terrasight-Eurosat-RGB-vs-Multispectral\data\raw\rgb\Residential\Residential_275.jpg,7,Residential,7,Residential,0.9983853101730347,True,-6.5857234,-3.897704
1141,C:\Users\DELL Precision 5550\Documents\GitHub\Terrasight-Eurosat-RGB-vs-Multispectral\data\raw\rgb\River\River_1729.jpg,8,River,8,River,0.9995701909065247,True,5.0657644,10.569339
1142,C:\Users\DELL Precision 5550\Documents\GitHub\Terrasight-Eurosat-RGB-vs-Multispectral\data\raw\rgb\Highway\Highway_1093.jpg,3,Highway,3,Highway,0.9995988011360168,True,-1.0407174,10.529574
1143,C:\Users\DELL Precision 5550\Documents\GitHub\Terrasight-Eurosat-RGB-vs-Multispectral\data\raw\rgb\Highway\Highway_848.jpg,3,Highway,3,Highway,0.958807110786438,True,-0.22544834,9.898767
1144,C:\Users\DELL Precision 5550\Documents\GitHub\Terrasight-Eurosat-RGB-vs-Multispectral\data\raw\rgb\Residential\Residential_1972.jpg,7,Residential,7,Residential,0.9883253574371338,True,-6.320798,-3.2144475
1145,C:\Users\DELL Precision 5550\Documents\GitHub\Terrasight-Eurosat-RGB-vs-Multispectral\data\raw\rgb\SeaLake\SeaLake_2266.jpg,9,SeaLake,9,SeaLake,0.9999250173568726,True,17.316708,12.311714
1146,C:\Users\DELL Precision 5550\Documents\GitHub\Terrasight-Eurosat-RGB-vs-Multispectral\data\raw\rgb\SeaLake\SeaLake_1424.jpg,9,SeaLake,9,SeaLake,0.9999693632125854,True,17.12205,13.2351055
1147,C:\Users\DELL Precision 5550\Documents\GitHub\Terrasight-Eurosat-RGB-vs-Multispectral\data\raw\rgb\AnnualCrop\AnnualCrop_2704.jpg,0,AnnualCrop,0,AnnualCrop,0.9999984502792358,True,2.2301886,14.895039
1148,C:\Users\DELL Precision 5550\Documents\GitHub\Terrasight-Eurosat-RGB-vs-Multispectral\data\raw\rgb\Highway\Highway_1812.jpg,3,Highway,3,Highway,0.9999074935913086,True,-0.9935763,9.681866
1149,C:\Users\DELL Precision 5550\Documents\GitHub\Terrasight-Eurosat-RGB-vs-Multispectral\data\raw\rgb\Residential\Residential_1652.jpg,7,Residential,7,Residential,0.9938976168632507,True,-6.7503095,-3.8590763
1150,C:\Users\DELL Precision 5550\Documents\GitHub\Terrasight-Eurosat-RGB-vs-Multispectral\data\raw\rgb\HerbaceousVegetation\HerbaceousVegetation_959.jpg,2,HerbaceousVegetation,2,HerbaceousVegetation,0.9885929822921753,True,3.3541465,1.8075047
1151,C:\Users\DELL Precision 5550\Documents\GitHub\Terrasight-Eurosat-RGB-vs-Multispectral\data\raw\rgb\Forest\Forest_868.jpg,1,Forest,1,Forest,0.9999973773956299,True,13.9963665,-3.0295699
1152,C:\Users\DELL Precision 5550\Documents\GitHub\Terrasight-Eurosat-RGB-vs-Multispectral\data\raw\rgb\River\River_141.jpg,8,River,8,River,0.9970945119857788,True,5.446335,10.215524
1153,C:\Users\DELL Precision 5550\Documents\GitHub\Terrasight-Eurosat-RGB-vs-Multispectral\data\raw\rgb\Residential\Residential_2990.jpg,7,Residential,7,Residential,0.9999979734420776,True,-6.3348165,-4.919742
1154,C:\Users\DELL Precision 5550\Documents\GitHub\Terrasight-Eurosat-RGB-vs-Multispectral\data\raw\rgb\Industrial\Industrial_1375.jpg,4,Industrial,4,Industrial,0.9994807839393616,True,-7.575533,1.7400303
1155,C:\Users\DELL Precision 5550\Documents\GitHub\Terrasight-Eurosat-RGB-vs-Multispectral\data\raw\rgb\HerbaceousVegetation\HerbaceousVegetation_971.jpg,2,HerbaceousVegetation,2,HerbaceousVegetation,0.9999998807907104,True,3.1183841,0.006052364
1156,C:\Users\DELL Precision 5550\Documents\GitHub\Terrasight-Eurosat-RGB-vs-Multispectral\data\raw\rgb\SeaLake\SeaLake_1804.jpg,9,SeaLake,9,SeaLake,0.9999418258666992,True,16.6856,10.327493
1157,C:\Users\DELL Precision 5550\Documents\GitHub\Terrasight-Eurosat-RGB-vs-Multispectral\data\raw\rgb\Forest\Forest_746.jpg,1,Forest,1,Forest,0.9999929666519165,True,14.479995,-2.9353414
1158,C:\Users\DELL Precision 5550\Documents\GitHub\Terrasight-Eurosat-RGB-vs-Multispectral\data\raw\rgb\River\River_1941.jpg,8,River,8,River,0.9999947547912598,True,6.233112,10.348702
1159,C:\Users\DELL Precision 5550\Documents\GitHub\Terrasight-Eurosat-RGB-vs-Multispectral\data\raw\rgb\Residential\Residential_1994.jpg,7,Residential,7,Residential,0.9997609257698059,True,-6.2751656,-3.692878
1160,C:\Users\DELL Precision 5550\Documents\GitHub\Terrasight-Eurosat-RGB-vs-Multispectral\data\raw\rgb\HerbaceousVegetation\HerbaceousVegetation_2657.jpg,2,HerbaceousVegetation,2,HerbaceousVegetation,0.9998654127120972,True,4.311796,0.18238325
1161,C:\Users\DELL Precision 5550\Documents\GitHub\Terrasight-Eurosat-RGB-vs-Multispectral\data\raw\rgb\Industrial\Industrial_1086.jpg,4,Industrial,4,Industrial,0.9999758005142212,True,-8.204988,1.9148299
1162,C:\Users\DELL Precision 5550\Documents\GitHub\Terrasight-Eurosat-RGB-vs-Multispectral\data\raw\rgb\SeaLake\SeaLake_518.jpg,9,SeaLake,9,SeaLake,0.9995669722557068,True,17.085024,11.502833
1163,C:\Users\DELL Precision 5550\Documents\GitHub\Terrasight-Eurosat-RGB-vs-Multispectral\data\raw\rgb\AnnualCrop\AnnualCrop_971.jpg,0,AnnualCrop,2,HerbaceousVegetation,0.9644947052001953,False,4.5124507,0.1666868
1164,C:\Users\DELL Precision 5550\Documents\GitHub\Terrasight-Eurosat-RGB-vs-Multispectral\data\raw\rgb\Residential\Residential_2494.jpg,7,Residential,7,Residential,0.8074002265930176,True,-5.0163493,-3.3083565
1165,C:\Users\DELL Precision 5550\Documents\GitHub\Terrasight-Eurosat-RGB-vs-Multispectral\data\raw\rgb\SeaLake\SeaLake_1622.jpg,9,SeaLake,9,SeaLake,0.9820258021354675,True,15.578589,11.128629
1166,C:\Users\DELL Precision 5550\Documents\GitHub\Terrasight-Eurosat-RGB-vs-Multispectral\data\raw\rgb\HerbaceousVegetation\HerbaceousVegetation_1419.jpg,2,HerbaceousVegetation,2,HerbaceousVegetation,0.9970906972885132,True,4.448146,1.4484411
1167,C:\Users\DELL Precision 5550\Documents\GitHub\Terrasight-Eurosat-RGB-vs-Multispectral\data\raw\rgb\HerbaceousVegetation\HerbaceousVegetation_1987.jpg,2,HerbaceousVegetation,2,HerbaceousVegetation,0.9998641014099121,True,4.36292,0.72612476
1168,C:\Users\DELL Precision 5550\Documents\GitHub\Terrasight-Eurosat-RGB-vs-Multispectral\data\raw\rgb\Pasture\Pasture_890.jpg,5,Pasture,5,Pasture,0.5054629445075989,True,6.0687795,5.0084968
1169,C:\Users\DELL Precision 5550\Documents\GitHub\Terrasight-Eurosat-RGB-vs-Multispectral\data\raw\rgb\Highway\Highway_1654.jpg,3,Highway,3,Highway,0.7469449639320374,True,0.31895235,9.54971
1170,C:\Users\DELL Precision 5550\Documents\GitHub\Terrasight-Eurosat-RGB-vs-Multispectral\data\raw\rgb\Highway\Highway_223.jpg,3,Highway,3,Highway,0.9851604700088501,True,0.43178353,9.988225
1171,C:\Users\DELL Precision 5550\Documents\GitHub\Terrasight-Eurosat-RGB-vs-Multispectral\data\raw\rgb\Forest\Forest_1357.jpg,1,Forest,1,Forest,0.6147955060005188,True,12.960397,-1.0412881
1172,C:\Users\DELL Precision 5550\Documents\GitHub\Terrasight-Eurosat-RGB-vs-Multispectral\data\raw\rgb\Highway\Highway_127.jpg,3,Highway,3,Highway,0.9881843328475952,True,0.18299115,10.680582
1173,C:\Users\DELL Precision 5550\Documents\GitHub\Terrasight-Eurosat-RGB-vs-Multispectral\data\raw\rgb\Forest\Forest_1238.jpg,1,Forest,1,Forest,1.0,True,14.588348,-3.4326646
1174,C:\Users\DELL Precision 5550\Documents\GitHub\Terrasight-Eurosat-RGB-vs-Multispectral\data\raw\rgb\HerbaceousVegetation\HerbaceousVegetation_1869.jpg,2,HerbaceousVegetation,2,HerbaceousVegetation,0.9999799728393555,True,3.166419,1.055997
1175,C:\Users\DELL Precision 5550\Documents\GitHub\Terrasight-Eurosat-RGB-vs-Multispectral\data\raw\rgb\PermanentCrop\PermanentCrop_2211.jpg,6,PermanentCrop,2,HerbaceousVegetation,0.9568997621536255,False,3.2473495,3.599464
1176,C:\Users\DELL Precision 5550\Documents\GitHub\Terrasight-Eurosat-RGB-vs-Multispectral\data\raw\rgb\Pasture\Pasture_1228.jpg,5,Pasture,5,Pasture,0.9628667831420898,True,6.5665913,5.2043767
1177,C:\Users\DELL Precision 5550\Documents\GitHub\Terrasight-Eurosat-RGB-vs-Multispectral\data\raw\rgb\River\River_1602.jpg,8,River,8,River,0.999715268611908,True,5.0297675,10.535272
1178,C:\Users\DELL Precision 5550\Documents\GitHub\Terrasight-Eurosat-RGB-vs-Multispectral\data\raw\rgb\Residential\Residential_2044.jpg,7,Residential,7,Residential,0.9999682903289795,True,-6.512778,-4.6097083
1179,C:\Users\DELL Precision 5550\Documents\GitHub\Terrasight-Eurosat-RGB-vs-Multispectral\data\raw\rgb\PermanentCrop\PermanentCrop_2461.jpg,6,PermanentCrop,6,PermanentCrop,0.9907987117767334,True,2.507726,4.059968
1180,C:\Users\DELL Precision 5550\Documents\GitHub\Terrasight-Eurosat-RGB-vs-Multispectral\data\raw\rgb\Highway\Highway_1241.jpg,3,Highway,3,Highway,0.9999902248382568,True,-1.246189,10.630182
1181,C:\Users\DELL Precision 5550\Documents\GitHub\Terrasight-Eurosat-RGB-vs-Multispectral\data\raw\rgb\Industrial\Industrial_498.jpg,4,Industrial,4,Industrial,0.9851418733596802,True,-7.322099,1.0320734
1182,C:\Users\DELL Precision 5550\Documents\GitHub\Terrasight-Eurosat-RGB-vs-Multispectral\data\raw\rgb\Residential\Residential_2402.jpg,7,Residential,7,Residential,0.9990917444229126,True,-6.159494,-3.2495325
1183,C:\Users\DELL Precision 5550\Documents\GitHub\Terrasight-Eurosat-RGB-vs-Multispectral\data\raw\rgb\Residential\Residential_2433.jpg,7,Residential,7,Residential,0.9801581501960754,True,-5.6848927,-2.880366
1184,C:\Users\DELL Precision 5550\Documents\GitHub\Terrasight-Eurosat-RGB-vs-Multispectral\data\raw\rgb\HerbaceousVegetation\HerbaceousVegetation_1537.jpg,2,HerbaceousVegetation,2,HerbaceousVegetation,0.9999850988388062,True,3.8442466,-0.14172305
1185,C:\Users\DELL Precision 5550\Documents\GitHub\Terrasight-Eurosat-RGB-vs-Multispectral\data\raw\rgb\Pasture\Pasture_1527.jpg,5,Pasture,5,Pasture,0.9999998807907104,True,10.7386875,7.910753
1186,C:\Users\DELL Precision 5550\Documents\GitHub\Terrasight-Eurosat-RGB-vs-Multispectral\data\raw\rgb\Forest\Forest_2313.jpg,1,Forest,1,Forest,0.9997649788856506,True,14.261391,-1.0466878
1187,C:\Users\DELL Precision 5550\Documents\GitHub\Terrasight-Eurosat-RGB-vs-Multispectral\data\raw\rgb\Pasture\Pasture_429.jpg,5,Pasture,5,Pasture,0.9958055019378662,True,6.8450108,5.2103014
1188,C:\Users\DELL Precision 5550\Documents\GitHub\Terrasight-Eurosat-RGB-vs-Multispectral\data\raw\rgb\HerbaceousVegetation\HerbaceousVegetation_1649.jpg,2,HerbaceousVegetation,2,HerbaceousVegetation,0.9998034834861755,True,3.7516448,0.998056
1189,C:\Users\DELL Precision 5550\Documents\GitHub\Terrasight-Eurosat-RGB-vs-Multispectral\data\raw\rgb\Forest\Forest_817.jpg,1,Forest,1,Forest,0.9954721927642822,True,14.014835,-1.024483
1190,C:\Users\DELL Precision 5550\Documents\GitHub\Terrasight-Eurosat-RGB-vs-Multispectral\data\raw\rgb\AnnualCrop\AnnualCrop_218.jpg,0,AnnualCrop,0,AnnualCrop,0.9910764694213867,True,2.6577594,12.3789015
1191,C:\Users\DELL Precision 5550\Documents\GitHub\Terrasight-Eurosat-RGB-vs-Multispectral\data\raw\rgb\Highway\Highway_100.jpg,3,Highway,3,Highway,0.9956614375114441,True,0.2484002,9.768979
1192,C:\Users\DELL Precision 5550\Documents\GitHub\Terrasight-Eurosat-RGB-vs-Multispectral\data\raw\rgb\Industrial\Industrial_2406.jpg,4,Industrial,4,Industrial,0.9998887777328491,True,-8.482764,1.8592588
1193,C:\Users\DELL Precision 5550\Documents\GitHub\Terrasight-Eurosat-RGB-vs-Multispectral\data\raw\rgb\SeaLake\SeaLake_446.jpg,9,SeaLake,9,SeaLake,0.9944939017295837,True,15.766721,11.568491
1194,C:\Users\DELL Precision 5550\Documents\GitHub\Terrasight-Eurosat-RGB-vs-Multispectral\data\raw\rgb\Highway\Highway_914.jpg,3,Highway,3,Highway,0.988864541053772,True,0.11483946,9.679512
1195,C:\Users\DELL Precision 5550\Documents\GitHub\Terrasight-Eurosat-RGB-vs-Multispectral\data\raw\rgb\PermanentCrop\PermanentCrop_643.jpg,6,PermanentCrop,6,PermanentCrop,0.9886288642883301,True,2.3887043,4.776098
1196,C:\Users\DELL Precision 5550\Documents\GitHub\Terrasight-Eurosat-RGB-vs-Multispectral\data\raw\rgb\Forest\Forest_2656.jpg,1,Forest,1,Forest,0.9999067783355713,True,13.408762,-1.0535765
1197,C:\Users\DELL Precision 5550\Documents\GitHub\Terrasight-Eurosat-RGB-vs-Multispectral\data\raw\rgb\Pasture\Pasture_1838.jpg,5,Pasture,5,Pasture,0.9999876022338867,True,7.878739,5.5417004
1198,C:\Users\DELL Precision 5550\Documents\GitHub\Terrasight-Eurosat-RGB-vs-Multispectral\data\raw\rgb\Forest\Forest_1342.jpg,1,Forest,1,Forest,0.9999996423721313,True,14.707908,-3.2864368
1199,C:\Users\DELL Precision 5550\Documents\GitHub\Terrasight-Eurosat-RGB-vs-Multispectral\data\raw\rgb\Industrial\Industrial_1315.jpg,4,Industrial,4,Industrial,0.9998635053634644,True,-8.32154,1.8278406
1200,C:\Users\DELL Precision 5550\Documents\GitHub\Terrasight-Eurosat-RGB-vs-Multispectral\data\raw\rgb\Industrial\Industrial_174.jpg,4,Industrial,4,Industrial,0.9966069459915161,True,-7.46549,1.225575
1201,C:\Users\DELL Precision 5550\Documents\GitHub\Terrasight-Eurosat-RGB-vs-Multispectral\data\raw\rgb\Residential\Residential_453.jpg,7,Residential,7,Residential,0.981002688407898,True,-5.1724052,-2.3865933
1202,C:\Users\DELL Precision 5550\Documents\GitHub\Terrasight-Eurosat-RGB-vs-Multispectral\data\raw\rgb\AnnualCrop\AnnualCrop_1127.jpg,0,AnnualCrop,0,AnnualCrop,0.9999991655349731,True,2.665241,15.705024
1203,C:\Users\DELL Precision 5550\Documents\GitHub\Terrasight-Eurosat-RGB-vs-Multispectral\data\raw\rgb\SeaLake\SeaLake_2989.jpg,9,SeaLake,9,SeaLake,0.9998511075973511,True,17.57075,11.9032955
1204,C:\Users\DELL Precision 5550\Documents\GitHub\Terrasight-Eurosat-RGB-vs-Multispectral\data\raw\rgb\Pasture\Pasture_106.jpg,5,Pasture,5,Pasture,0.9998025298118591,True,7.330695,5.3261957
1205,C:\Users\DELL Precision 5550\Documents\GitHub\Terrasight-Eurosat-RGB-vs-Multispectral\data\raw\rgb\River\River_2256.jpg,8,River,8,River,0.9945161938667297,True,4.3223953,10.733532
1206,C:\Users\DELL Precision 5550\Documents\GitHub\Terrasight-Eurosat-RGB-vs-Multispectral\data\raw\rgb\SeaLake\SeaLake_533.jpg,9,SeaLake,9,SeaLake,0.9995774626731873,True,16.434174,10.526971
1207,C:\Users\DELL Precision 5550\Documents\GitHub\Terrasight-Eurosat-RGB-vs-Multispectral\data\raw\rgb\Forest\Forest_1116.jpg,1,Forest,1,Forest,0.9999353885650635,True,13.607094,-1.9551656
1208,C:\Users\DELL Precision 5550\Documents\GitHub\Terrasight-Eurosat-RGB-vs-Multispectral\data\raw\rgb\HerbaceousVegetation\HerbaceousVegetation_335.jpg,2,HerbaceousVegetation,2,HerbaceousVegetation,0.99345463514328,True,3.8879056,1.5818056
1209,C:\Users\DELL Precision 5550\Documents\GitHub\Terrasight-Eurosat-RGB-vs-Multispectral\data\raw\rgb\HerbaceousVegetation\HerbaceousVegetation_181.jpg,2,HerbaceousVegetation,2,HerbaceousVegetation,0.9999924898147583,True,3.9637258,-0.04487842
1210,C:\Users\DELL Precision 5550\Documents\GitHub\Terrasight-Eurosat-RGB-vs-Multispectral\data\raw\rgb\AnnualCrop\AnnualCrop_1236.jpg,0,AnnualCrop,0,AnnualCrop,0.9998070597648621,True,2.3701274,13.183778
1211,C:\Users\DELL Precision 5550\Documents\GitHub\Terrasight-Eurosat-RGB-vs-Multispectral\data\raw\rgb\Forest\Forest_1391.jpg,1,Forest,1,Forest,0.9994509816169739,True,14.138581,-1.3318074
1212,C:\Users\DELL Precision 5550\Documents\GitHub\Terrasight-Eurosat-RGB-vs-Multispectral\data\raw\rgb\Highway\Highway_1988.jpg,3,Highway,3,Highway,0.9984837174415588,True,-0.75095236,10.582125
1213,C:\Users\DELL Precision 5550\Documents\GitHub\Terrasight-Eurosat-RGB-vs-Multispectral\data\raw\rgb\Forest\Forest_2492.jpg,1,Forest,1,Forest,0.9999957084655762,True,14.760198,-1.9825505
1214,C:\Users\DELL Precision 5550\Documents\GitHub\Terrasight-Eurosat-RGB-vs-Multispectral\data\raw\rgb\AnnualCrop\AnnualCrop_758.jpg,0,AnnualCrop,0,AnnualCrop,0.9985735416412354,True,2.8420677,13.1737
1215,C:\Users\DELL Precision 5550\Documents\GitHub\Terrasight-Eurosat-RGB-vs-Multispectral\data\raw\rgb\Pasture\Pasture_1278.jpg,5,Pasture,5,Pasture,0.9997766613960266,True,7.4739394,5.396145
1216,C:\Users\DELL Precision 5550\Documents\GitHub\Terrasight-Eurosat-RGB-vs-Multispectral\data\raw\rgb\River\River_107.jpg,8,River,8,River,0.999997615814209,True,6.571784,10.878882
1217,C:\Users\DELL Precision 5550\Documents\GitHub\Terrasight-Eurosat-RGB-vs-Multispectral\data\raw\rgb\SeaLake\SeaLake_1752.jpg,9,SeaLake,9,SeaLake,0.9989781379699707,True,16.107925,12.781521
1218,C:\Users\DELL Precision 5550\Documents\GitHub\Terrasight-Eurosat-RGB-vs-Multispectral\data\raw\rgb\Highway\Highway_2428.jpg,3,Highway,3,Highway,0.9984037280082703,True,-0.50314474,9.318665
1219,C:\Users\DELL Precision 5550\Documents\GitHub\Terrasight-Eurosat-RGB-vs-Multispectral\data\raw\rgb\HerbaceousVegetation\HerbaceousVegetation_1559.jpg,2,HerbaceousVegetation,2,HerbaceousVegetation,0.9999991655349731,True,3.114428,0.23926222
1220,C:\Users\DELL Precision 5550\Documents\GitHub\Terrasight-Eurosat-RGB-vs-Multispectral\data\raw\rgb\SeaLake\SeaLake_1495.jpg,9,SeaLake,9,SeaLake,0.9971566200256348,True,15.636282,11.282393
1221,C:\Users\DELL Precision 5550\Documents\GitHub\Terrasight-Eurosat-RGB-vs-Multispectral\data\raw\rgb\AnnualCrop\AnnualCrop_1782.jpg,0,AnnualCrop,0,AnnualCrop,0.9960867166519165,True,2.320522,12.79799
1222,C:\Users\DELL Precision 5550\Documents\GitHub\Terrasight-Eurosat-RGB-vs-Multispectral\data\raw\rgb\Highway\Highway_488.jpg,3,Highway,3,Highway,0.998115062713623,True,-0.96146905,10.035309
1223,C:\Users\DELL Precision 5550\Documents\GitHub\Terrasight-Eurosat-RGB-vs-Multispectral\data\raw\rgb\SeaLake\SeaLake_1619.jpg,9,SeaLake,9,SeaLake,0.9995284080505371,True,17.120825,11.394941
1224,C:\Users\DELL Precision 5550\Documents\GitHub\Terrasight-Eurosat-RGB-vs-Multispectral\data\raw\rgb\HerbaceousVegetation\HerbaceousVegetation_148.jpg,2,HerbaceousVegetation,2,HerbaceousVegetation,0.9999996423721313,True,3.1732297,0.066607766
1225,C:\Users\DELL Precision 5550\Documents\GitHub\Terrasight-Eurosat-RGB-vs-Multispectral\data\raw\rgb\HerbaceousVegetation\HerbaceousVegetation_2206.jpg,2,HerbaceousVegetation,6,PermanentCrop,0.5328126549720764,False,2.375836,2.9482875
1226,C:\Users\DELL Precision 5550\Documents\GitHub\Terrasight-Eurosat-RGB-vs-Multispectral\data\raw\rgb\River\River_1969.jpg,8,River,8,River,0.9999747276306152,True,6.5781293,10.798883
1227,C:\Users\DELL Precision 5550\Documents\GitHub\Terrasight-Eurosat-RGB-vs-Multispectral\data\raw\rgb\HerbaceousVegetation\HerbaceousVegetation_2289.jpg,2,HerbaceousVegetation,2,HerbaceousVegetation,0.9978485107421875,True,4.6445656,2.3799446
1228,C:\Users\DELL Precision 5550\Documents\GitHub\Terrasight-Eurosat-RGB-vs-Multispectral\data\raw\rgb\Residential\Residential_114.jpg,7,Residential,7,Residential,0.9881502389907837,True,-6.162104,-3.0377066
1229,C:\Users\DELL Precision 5550\Documents\GitHub\Terrasight-Eurosat-RGB-vs-Multispectral\data\raw\rgb\AnnualCrop\AnnualCrop_1043.jpg,0,AnnualCrop,0,AnnualCrop,0.99689120054245,True,2.8217192,13.009573
1230,C:\Users\DELL Precision 5550\Documents\GitHub\Terrasight-Eurosat-RGB-vs-Multispectral\data\raw\rgb\HerbaceousVegetation\HerbaceousVegetation_1635.jpg,2,HerbaceousVegetation,2,HerbaceousVegetation,0.9999080896377563,True,3.6182873,0.3418708
1231,C:\Users\DELL Precision 5550\Documents\GitHub\Terrasight-Eurosat-RGB-vs-Multispectral\data\raw\rgb\AnnualCrop\AnnualCrop_912.jpg,0,AnnualCrop,0,AnnualCrop,0.9999902248382568,True,2.497108,15.028067
1232,C:\Users\DELL Precision 5550\Documents\GitHub\Terrasight-Eurosat-RGB-vs-Multispectral\data\raw\rgb\HerbaceousVegetation\HerbaceousVegetation_1063.jpg,2,HerbaceousVegetation,2,HerbaceousVegetation,0.9999960660934448,True,4.125065,0.9174234
1233,C:\Users\DELL Precision 5550\Documents\GitHub\Terrasight-Eurosat-RGB-vs-Multispectral\data\raw\rgb\AnnualCrop\AnnualCrop_2015.jpg,0,AnnualCrop,0,AnnualCrop,0.9999995231628418,True,2.1564233,14.967851
1234,C:\Users\DELL Precision 5550\Documents\GitHub\Terrasight-Eurosat-RGB-vs-Multispectral\data\raw\rgb\AnnualCrop\AnnualCrop_1112.jpg,0,AnnualCrop,0,AnnualCrop,0.9999465942382812,True,2.3028522,13.949721
1235,C:\Users\DELL Precision 5550\Documents\GitHub\Terrasight-Eurosat-RGB-vs-Multispectral\data\raw\rgb\HerbaceousVegetation\HerbaceousVegetation_2368.jpg,2,HerbaceousVegetation,2,HerbaceousVegetation,0.9997208714485168,True,4.516012,0.95038104
1236,C:\Users\DELL Precision 5550\Documents\GitHub\Terrasight-Eurosat-RGB-vs-Multispectral\data\raw\rgb\River\River_1212.jpg,8,River,8,River,0.9994720816612244,True,5.75141,10.333937
1237,C:\Users\DELL Precision 5550\Documents\GitHub\Terrasight-Eurosat-RGB-vs-Multispectral\data\raw\rgb\Residential\Residential_1435.jpg,7,Residential,7,Residential,0.44015970826148987,True,-5.625374,-2.136442
1238,C:\Users\DELL Precision 5550\Documents\GitHub\Terrasight-Eurosat-RGB-vs-Multispectral\data\raw\rgb\Residential\Residential_415.jpg,7,Residential,7,Residential,0.9991610050201416,True,-5.539554,-3.6090238
1239,C:\Users\DELL Precision 5550\Documents\GitHub\Terrasight-Eurosat-RGB-vs-Multispectral\data\raw\rgb\PermanentCrop\PermanentCrop_822.jpg,6,PermanentCrop,6,PermanentCrop,0.9965201616287231,True,1.9620867,3.3054318
1240,C:\Users\DELL Precision 5550\Documents\GitHub\Terrasight-Eurosat-RGB-vs-Multispectral\data\raw\rgb\Forest\Forest_1771.jpg,1,Forest,1,Forest,0.9955149292945862,True,14.328401,-0.7118773
1241,C:\Users\DELL Precision 5550\Documents\GitHub\Terrasight-Eurosat-RGB-vs-Multispectral\data\raw\rgb\Pasture\Pasture_1625.jpg,5,Pasture,5,Pasture,0.9999966621398926,True,10.564254,7.8880305
1242,C:\Users\DELL Precision 5550\Documents\GitHub\Terrasight-Eurosat-RGB-vs-Multispectral\data\raw\rgb\Pasture\Pasture_1645.jpg,5,Pasture,5,Pasture,0.9971247315406799,True,7.5033507,5.5894556
1243,C:\Users\DELL Precision 5550\Documents\GitHub\Terrasight-Eurosat-RGB-vs-Multispectral\data\raw\rgb\HerbaceousVegetation\HerbaceousVegetation_1993.jpg,2,HerbaceousVegetation,2,HerbaceousVegetation,0.9998056292533875,True,4.277529,0.22768809
1244,C:\Users\DELL Precision 5550\Documents\GitHub\Terrasight-Eurosat-RGB-vs-Multispectral\data\raw\rgb\Highway\Highway_2279.jpg,3,Highway,3,Highway,0.9908191561698914,True,-0.10288478,9.301589
1245,C:\Users\DELL Precision 5550\Documents\GitHub\Terrasight-Eurosat-RGB-vs-Multispectral\data\raw\rgb\Forest\Forest_24.jpg,1,Forest,1,Forest,0.9999997615814209,True,15.031856,-2.312365
1246,C:\Users\DELL Precision 5550\Documents\GitHub\Terrasight-Eurosat-RGB-vs-Multispectral\data\raw\rgb\Residential\Residential_2312.jpg,7,Residential,7,Residential,0.9999902248382568,True,-6.2865076,-4.3954134
1247,C:\Users\DELL Precision 5550\Documents\GitHub\Terrasight-Eurosat-RGB-vs-Multispectral\data\raw\rgb\PermanentCrop\PermanentCrop_726.jpg,6,PermanentCrop,6,PermanentCrop,0.9813312292098999,True,2.3099227,4.588709
1248,C:\Users\DELL Precision 5550\Documents\GitHub\Terrasight-Eurosat-RGB-vs-Multispectral\data\raw\rgb\HerbaceousVegetation\HerbaceousVegetation_2054.jpg,2,HerbaceousVegetation,2,HerbaceousVegetation,0.9772103428840637,True,3.9544597,1.6716768
1249,C:\Users\DELL Precision 5550\Documents\GitHub\Terrasight-Eurosat-RGB-vs-Multispectral\data\raw\rgb\HerbaceousVegetation\HerbaceousVegetation_1730.jpg,2,HerbaceousVegetation,2,HerbaceousVegetation,0.9999978542327881,True,3.500568,0.23407504
1250,C:\Users\DELL Precision 5550\Documents\GitHub\Terrasight-Eurosat-RGB-vs-Multispectral\data\raw\rgb\Industrial\Industrial_1098.jpg,4,Industrial,4,Industrial,0.9999874830245972,True,-8.996621,1.758155
1251,C:\Users\DELL Precision 5550\Documents\GitHub\Terrasight-Eurosat-RGB-vs-Multispectral\data\raw\rgb\SeaLake\SeaLake_862.jpg,9,SeaLake,9,SeaLake,0.9974345564842224,True,15.96873,12.266373
1252,C:\Users\DELL Precision 5550\Documents\GitHub\Terrasight-Eurosat-RGB-vs-Multispectral\data\raw\rgb\HerbaceousVegetation\HerbaceousVegetation_2213.jpg,2,HerbaceousVegetation,2,HerbaceousVegetation,0.9999983310699463,True,4.2727337,0.85003066
1253,C:\Users\DELL Precision 5550\Documents\GitHub\Terrasight-Eurosat-RGB-vs-Multispectral\data\raw\rgb\AnnualCrop\AnnualCrop_1695.jpg,0,AnnualCrop,0,AnnualCrop,0.9999986886978149,True,2.6811519,15.547744
1254,C:\Users\DELL Precision 5550\Documents\GitHub\Terrasight-Eurosat-RGB-vs-Multispectral\data\raw\rgb\Highway\Highway_2080.jpg,3,Highway,3,Highway,0.999800980091095,True,-0.9634853,10.629998
1255,C:\Users\DELL Precision 5550\Documents\GitHub\Terrasight-Eurosat-RGB-vs-Multispectral\data\raw\rgb\Industrial\Industrial_2372.jpg,4,Industrial,4,Industrial,0.9977864027023315,True,-7.6470485,1.2415532
1256,C:\Users\DELL Precision 5550\Documents\GitHub\Terrasight-Eurosat-RGB-vs-Multispectral\data\raw\rgb\Highway\Highway_1765.jpg,3,Highway,3,Highway,0.9999366998672485,True,-1.2794392,9.836949
1257,C:\Users\DELL Precision 5550\Documents\GitHub\Terrasight-Eurosat-RGB-vs-Multispectral\data\raw\rgb\Residential\Residential_2463.jpg,7,Residential,7,Residential,0.9997101426124573,True,-5.0045996,-3.1446252
1258,C:\Users\DELL Precision 5550\Documents\GitHub\Terrasight-Eurosat-RGB-vs-Multispectral\data\raw\rgb\Forest\Forest_1564.jpg,1,Forest,1,Forest,0.9996684789657593,True,14.26728,-0.6862047
1259,C:\Users\DELL Precision 5550\Documents\GitHub\Terrasight-Eurosat-RGB-vs-Multispectral\data\raw\rgb\AnnualCrop\AnnualCrop_1972.jpg,0,AnnualCrop,0,AnnualCrop,0.9999791383743286,True,2.7910244,14.567504
1260,C:\Users\DELL Precision 5550\Documents\GitHub\Terrasight-Eurosat-RGB-vs-Multispectral\data\raw\rgb\Highway\Highway_323.jpg,3,Highway,3,Highway,0.9956299066543579,True,0.22553407,9.85683
1261,C:\Users\DELL Precision 5550\Documents\GitHub\Terrasight-Eurosat-RGB-vs-Multispectral\data\raw\rgb\PermanentCrop\PermanentCrop_320.jpg,6,PermanentCrop,6,PermanentCrop,0.9345738887786865,True,2.5985136,3.6007743
1262,C:\Users\DELL Precision 5550\Documents\GitHub\Terrasight-Eurosat-RGB-vs-Multispectral\data\raw\rgb\HerbaceousVegetation\HerbaceousVegetation_94.jpg,2,HerbaceousVegetation,2,HerbaceousVegetation,1.0,True,3.159596,0.3058642
1263,C:\Users\DELL Precision 5550\Documents\GitHub\Terrasight-Eurosat-RGB-vs-Multispectral\data\raw\rgb\Forest\Forest_497.jpg,1,Forest,1,Forest,0.9978169202804565,True,13.620761,-0.8153136
1264,C:\Users\DELL Precision 5550\Documents\GitHub\Terrasight-Eurosat-RGB-vs-Multispectral\data\raw\rgb\Industrial\Industrial_723.jpg,4,Industrial,4,Industrial,0.999974250793457,True,-8.231591,2.1395633
1265,C:\Users\DELL Precision 5550\Documents\GitHub\Terrasight-Eurosat-RGB-vs-Multispectral\data\raw\rgb\Highway\Highway_2159.jpg,3,Highway,3,Highway,0.9923999309539795,True,-0.3818803,10.296107
1266,C:\Users\DELL Precision 5550\Documents\GitHub\Terrasight-Eurosat-RGB-vs-Multispectral\data\raw\rgb\HerbaceousVegetation\HerbaceousVegetation_2790.jpg,2,HerbaceousVegetation,2,HerbaceousVegetation,0.999823272228241,True,3.8828948,0.853951
1267,C:\Users\DELL Precision 5550\Documents\GitHub\Terrasight-Eurosat-RGB-vs-Multispectral\data\raw\rgb\Industrial\Industrial_362.jpg,4,Industrial,4,Industrial,0.9984027743339539,True,-8.350601,1.1415703
1268,C:\Users\DELL Precision 5550\Documents\GitHub\Terrasight-Eurosat-RGB-vs-Multispectral\data\raw\rgb\AnnualCrop\AnnualCrop_572.jpg,0,AnnualCrop,0,AnnualCrop,0.9999946355819702,True,2.720634,15.0517
1269,C:\Users\DELL Precision 5550\Documents\GitHub\Terrasight-Eurosat-RGB-vs-Multispectral\data\raw\rgb\Residential\Residential_675.jpg,7,Residential,7,Residential,0.9767821431159973,True,-5.5524173,-2.8221798
1270,C:\Users\DELL Precision 5550\Documents\GitHub\Terrasight-Eurosat-RGB-vs-Multispectral\data\raw\rgb\Highway\Highway_1387.jpg,3,Highway,3,Highway,0.994255006313324,True,-0.59267974,10.342699
1271,C:\Users\DELL Precision 5550\Documents\GitHub\Terrasight-Eurosat-RGB-vs-Multispectral\data\raw\rgb\Pasture\Pasture_1470.jpg,5,Pasture,5,Pasture,0.9487894177436829,True,6.178263,5.052216
1272,C:\Users\DELL Precision 5550\Documents\GitHub\Terrasight-Eurosat-RGB-vs-Multispectral\data\raw\rgb\Highway\Highway_425.jpg,3,Highway,3,Highway,0.9999533891677856,True,-0.92590463,9.758029
1273,C:\Users\DELL Precision 5550\Documents\GitHub\Terrasight-Eurosat-RGB-vs-Multispectral\data\raw\rgb\River\River_869.jpg,8,River,8,River,0.9999711513519287,True,6.2312584,10.178175
1274,C:\Users\DELL Precision 5550\Documents\GitHub\Terrasight-Eurosat-RGB-vs-Multispectral\data\raw\rgb\Forest\Forest_1059.jpg,1,Forest,1,Forest,0.9989967942237854,True,13.79533,-1.2242628
1275,C:\Users\DELL Precision 5550\Documents\GitHub\Terrasight-Eurosat-RGB-vs-Multispectral\data\raw\rgb\River\River_1431.jpg,8,River,8,River,0.9999687671661377,True,5.326621,10.520282
1276,C:\Users\DELL Precision 5550\Documents\GitHub\Terrasight-Eurosat-RGB-vs-Multispectral\data\raw\rgb\PermanentCrop\PermanentCrop_1304.jpg,6,PermanentCrop,6,PermanentCrop,0.9850507974624634,True,2.5486565,4.356049
1277,C:\Users\DELL Precision 5550\Documents\GitHub\Terrasight-Eurosat-RGB-vs-Multispectral\data\raw\rgb\River\River_1311.jpg,8,River,8,River,0.9999881982803345,True,5.9507923,10.643725
1278,C:\Users\DELL Precision 5550\Documents\GitHub\Terrasight-Eurosat-RGB-vs-Multispectral\data\raw\rgb\HerbaceousVegetation\HerbaceousVegetation_1548.jpg,2,HerbaceousVegetation,2,HerbaceousVegetation,0.9999990463256836,True,3.1772773,0.69661033
1279,C:\Users\DELL Precision 5550\Documents\GitHub\Terrasight-Eurosat-RGB-vs-Multispectral\data\raw\rgb\Forest\Forest_2427.jpg,1,Forest,1,Forest,1.0,True,14.454777,-3.3639874
1280,C:\Users\DELL Precision 5550\Documents\GitHub\Terrasight-Eurosat-RGB-vs-Multispectral\data\raw\rgb\River\River_786.jpg,8,River,8,River,0.827528715133667,True,4.2171626,10.630636
1281,C:\Users\DELL Precision 5550\Documents\GitHub\Terrasight-Eurosat-RGB-vs-Multispectral\data\raw\rgb\Industrial\Industrial_828.jpg,4,Industrial,4,Industrial,0.9167928695678711,True,-7.297457,2.1624207
1282,C:\Users\DELL Precision 5550\Documents\GitHub\Terrasight-Eurosat-RGB-vs-Multispectral\data\raw\rgb\Pasture\Pasture_1309.jpg,5,Pasture,5,Pasture,0.6721371412277222,True,6.008727,4.831191
1283,C:\Users\DELL Precision 5550\Documents\GitHub\Terrasight-Eurosat-RGB-vs-Multispectral\data\raw\rgb\HerbaceousVegetation\HerbaceousVegetation_1430.jpg,2,HerbaceousVegetation,2,HerbaceousVegetation,0.9998094439506531,True,4.1389546,0.106144466
1284,C:\Users\DELL Precision 5550\Documents\GitHub\Terrasight-Eurosat-RGB-vs-Multispectral\data\raw\rgb\AnnualCrop\AnnualCrop_229.jpg,0,AnnualCrop,0,AnnualCrop,0.9991821646690369,True,2.6527846,13.225226
1285,C:\Users\DELL Precision 5550\Documents\GitHub\Terrasight-Eurosat-RGB-vs-Multispectral\data\raw\rgb\Residential\Residential_1723.jpg,7,Residential,7,Residential,0.9952487349510193,True,-5.241587,-2.559911
1286,C:\Users\DELL Precision 5550\Documents\GitHub\Terrasight-Eurosat-RGB-vs-Multispectral\data\raw\rgb\Industrial\Industrial_864.jpg,4,Industrial,4,Industrial,0.9994805455207825,True,-8.088868,1.3251959
1287,C:\Users\DELL Precision 5550\Documents\GitHub\Terrasight-Eurosat-RGB-vs-Multispectral\data\raw\rgb\Forest\Forest_2240.jpg,1,Forest,1,Forest,0.9999990463256836,True,14.991107,-2.7038236
1288,C:\Users\DELL Precision 5550\Documents\GitHub\Terrasight-Eurosat-RGB-vs-Multispectral\data\raw\rgb\HerbaceousVegetation\HerbaceousVegetation_1827.jpg,2,HerbaceousVegetation,2,HerbaceousVegetation,0.999966025352478,True,4.553807,0.6733763
1289,C:\Users\DELL Precision 5550\Documents\GitHub\Terrasight-Eurosat-RGB-vs-Multispectral\data\raw\rgb\PermanentCrop\PermanentCrop_805.jpg,6,PermanentCrop,6,PermanentCrop,0.9890884160995483,True,1.7962991,3.1008992
1290,C:\Users\DELL Precision 5550\Documents\GitHub\Terrasight-Eurosat-RGB-vs-Multispectral\data\raw\rgb\Residential\Residential_289.jpg,7,Residential,7,Residential,0.9896107912063599,True,-5.056251,-2.8562143
1291,C:\Users\DELL Precision 5550\Documents\GitHub\Terrasight-Eurosat-RGB-vs-Multispectral\data\raw\rgb\Residential\Residential_2638.jpg,7,Residential,7,Residential,0.963615894317627,True,-4.894785,-2.731224
1292,C:\Users\DELL Precision 5550\Documents\GitHub\Terrasight-Eurosat-RGB-vs-Multispectral\data\raw\rgb\HerbaceousVegetation\HerbaceousVegetation_2785.jpg,2,HerbaceousVegetation,6,PermanentCrop,0.5370567440986633,False,2.6665907,2.8999534
1293,C:\Users\DELL Precision 5550\Documents\GitHub\Terrasight-Eurosat-RGB-vs-Multispectral\data\raw\rgb\AnnualCrop\AnnualCrop_879.jpg,0,AnnualCrop,8,River,0.5825150609016418,False,3.6327157,11.197635
1294,C:\Users\DELL Precision 5550\Documents\GitHub\Terrasight-Eurosat-RGB-vs-Multispectral\data\raw\rgb\Residential\Residential_37.jpg,7,Residential,7,Residential,0.9955482482910156,True,-6.7407813,-3.9277854
1295,C:\Users\DELL Precision 5550\Documents\GitHub\Terrasight-Eurosat-RGB-vs-Multispectral\data\raw\rgb\SeaLake\SeaLake_1237.jpg,9,SeaLake,9,SeaLake,0.9997501969337463,True,16.743628,10.72058
1296,C:\Users\DELL Precision 5550\Documents\GitHub\Terrasight-Eurosat-RGB-vs-Multispectral\data\raw\rgb\Industrial\Industrial_235.jpg,4,Industrial,4,Industrial,0.9449602961540222,True,-8.084075,1.0274558
1297,C:\Users\DELL Precision 5550\Documents\GitHub\Terrasight-Eurosat-RGB-vs-Multispectral\data\raw\rgb\HerbaceousVegetation\HerbaceousVegetation_441.jpg,2,HerbaceousVegetation,2,HerbaceousVegetation,0.9998425245285034,True,4.4060264,0.5009515
1298,C:\Users\DELL Precision 5550\Documents\GitHub\Terrasight-Eurosat-RGB-vs-Multispectral\data\raw\rgb\Highway\Highway_1489.jpg,3,Highway,3,Highway,0.9991142153739929,True,-0.09925566,10.249581
1299,C:\Users\DELL Precision 5550\Documents\GitHub\Terrasight-Eurosat-RGB-vs-Multispectral\data\raw\rgb\HerbaceousVegetation\HerbaceousVegetation_1754.jpg,2,HerbaceousVegetation,2,HerbaceousVegetation,0.9998975992202759,True,4.578418,0.77585113
1300,C:\Users\DELL Precision 5550\Documents\GitHub\Terrasight-Eurosat-RGB-vs-Multispectral\data\raw\rgb\River\River_172.jpg,8,River,8,River,0.9999966621398926,True,6.3838525,10.659152
1301,C:\Users\DELL Precision 5550\Documents\GitHub\Terrasight-Eurosat-RGB-vs-Multispectral\data\raw\rgb\HerbaceousVegetation\HerbaceousVegetation_2228.jpg,2,HerbaceousVegetation,2,HerbaceousVegetation,0.9999516010284424,True,4.361493,0.9637357
1302,C:\Users\DELL Precision 5550\Documents\GitHub\Terrasight-Eurosat-RGB-vs-Multispectral\data\raw\rgb\SeaLake\SeaLake_608.jpg,9,SeaLake,9,SeaLake,0.9998400211334229,True,17.111671,11.962135
1303,C:\Users\DELL Precision 5550\Documents\GitHub\Terrasight-Eurosat-RGB-vs-Multispectral\data\raw\rgb\HerbaceousVegetation\HerbaceousVegetation_86.jpg,2,HerbaceousVegetation,2,HerbaceousVegetation,0.9999539852142334,True,3.4167883,1.0288341
1304,C:\Users\DELL Precision 5550\Documents\GitHub\Terrasight-Eurosat-RGB-vs-Multispectral\data\raw\rgb\Pasture\Pasture_1653.jpg,5,Pasture,5,Pasture,0.5498167276382446,True,6.047376,4.942518
1305,C:\Users\DELL Precision 5550\Documents\GitHub\Terrasight-Eurosat-RGB-vs-Multispectral\data\raw\rgb\Forest\Forest_2748.jpg,1,Forest,1,Forest,0.9999958276748657,True,14.094412,-2.7819648
1306,C:\Users\DELL Precision 5550\Documents\GitHub\Terrasight-Eurosat-RGB-vs-Multispectral\data\raw\rgb\HerbaceousVegetation\HerbaceousVegetation_1262.jpg,2,HerbaceousVegetation,2,HerbaceousVegetation,0.997073769569397,True,4.096438,1.7082273
1307,C:\Users\DELL Precision 5550\Documents\GitHub\Terrasight-Eurosat-RGB-vs-Multispectral\data\raw\rgb\AnnualCrop\AnnualCrop_2193.jpg,0,AnnualCrop,0,AnnualCrop,0.7231594920158386,True,0.41583666,11.064308
1308,C:\Users\DELL Precision 5550\Documents\GitHub\Terrasight-Eurosat-RGB-vs-Multispectral\data\raw\rgb\SeaLake\SeaLake_1638.jpg,9,SeaLake,9,SeaLake,0.9997145533561707,True,17.088501,11.547678
1309,C:\Users\DELL Precision 5550\Documents\GitHub\Terrasight-Eurosat-RGB-vs-Multispectral\data\raw\rgb\River\River_1572.jpg,8,River,8,River,0.9999988079071045,True,6.5820413,10.715404
1310,C:\Users\DELL Precision 5550\Documents\GitHub\Terrasight-Eurosat-RGB-vs-Multispectral\data\raw\rgb\River\River_765.jpg,8,River,8,River,0.8703691363334656,True,4.4010487,10.391181
1311,C:\Users\DELL Precision 5550\Documents\GitHub\Terrasight-Eurosat-RGB-vs-Multispectral\data\raw\rgb\Pasture\Pasture_962.jpg,5,Pasture,5,Pasture,0.9999986886978149,True,10.468538,7.8177385
1312,C:\Users\DELL Precision 5550\Documents\GitHub\Terrasight-Eurosat-RGB-vs-Multispectral\data\raw\rgb\Forest\Forest_15.jpg,1,Forest,1,Forest,0.993682861328125,True,13.095661,-1.1904145
1313,C:\Users\DELL Precision 5550\Documents\GitHub\Terrasight-Eurosat-RGB-vs-Multispectral\data\raw\rgb\Residential\Residential_61.jpg,7,Residential,7,Residential,0.9990988969802856,True,-4.9671507,-3.0946712
1314,C:\Users\DELL Precision 5550\Documents\GitHub\Terrasight-Eurosat-RGB-vs-Multispectral\data\raw\rgb\SeaLake\SeaLake_2347.jpg,9,SeaLake,9,SeaLake,0.9999961853027344,True,17.310398,13.166214
1315,C:\Users\DELL Precision 5550\Documents\GitHub\Terrasight-Eurosat-RGB-vs-Multispectral\data\raw\rgb\River\River_2181.jpg,8,River,3,Highway,0.9970676302909851,False,-0.13355927,10.042519
1316,C:\Users\DELL Precision 5550\Documents\GitHub\Terrasight-Eurosat-RGB-vs-Multispectral\data\raw\rgb\Forest\Forest_1361.jpg,1,Forest,1,Forest,0.999715268611908,True,14.377496,-0.88927215
1317,C:\Users\DELL Precision 5550\Documents\GitHub\Terrasight-Eurosat-RGB-vs-Multispectral\data\raw\rgb\PermanentCrop\PermanentCrop_377.jpg,6,PermanentCrop,6,PermanentCrop,0.9994608759880066,True,1.4074823,3.4203749
1318,C:\Users\DELL Precision 5550\Documents\GitHub\Terrasight-Eurosat-RGB-vs-Multispectral\data\raw\rgb\PermanentCrop\PermanentCrop_2023.jpg,6,PermanentCrop,6,PermanentCrop,0.8840584754943848,True,1.973755,2.982357
1319,C:\Users\DELL Precision 5550\Documents\GitHub\Terrasight-Eurosat-RGB-vs-Multispectral\data\raw\rgb\Residential\Residential_88.jpg,7,Residential,4,Industrial,0.7235459685325623,False,-5.626994,-2.088101
1320,C:\Users\DELL Precision 5550\Documents\GitHub\Terrasight-Eurosat-RGB-vs-Multispectral\data\raw\rgb\HerbaceousVegetation\HerbaceousVegetation_1052.jpg,2,HerbaceousVegetation,2,HerbaceousVegetation,0.9963576197624207,True,3.586596,1.1627564
1321,C:\Users\DELL Precision 5550\Documents\GitHub\Terrasight-Eurosat-RGB-vs-Multispectral\data\raw\rgb\SeaLake\SeaLake_2004.jpg,9,SeaLake,9,SeaLake,0.9997891783714294,True,16.724777,10.448285
1322,C:\Users\DELL Precision 5550\Documents\GitHub\Terrasight-Eurosat-RGB-vs-Multispectral\data\raw\rgb\Highway\Highway_2238.jpg,3,Highway,3,Highway,0.9995294809341431,True,-0.85333747,10.797341
1323,C:\Users\DELL Precision 5550\Documents\GitHub\Terrasight-Eurosat-RGB-vs-Multispectral\data\raw\rgb\Residential\Residential_1413.jpg,7,Residential,7,Residential,0.9999996423721313,True,-5.7829294,-4.643906
1324,C:\Users\DELL Precision 5550\Documents\GitHub\Terrasight-Eurosat-RGB-vs-Multispectral\data\raw\rgb\HerbaceousVegetation\HerbaceousVegetation_225.jpg,2,HerbaceousVegetation,2,HerbaceousVegetation,0.9951887130737305,True,4.6719985,2.4085999
1325,C:\Users\DELL Precision 5550\Documents\GitHub\Terrasight-Eurosat-RGB-vs-Multispectral\data\raw\rgb\Forest\Forest_329.jpg,1,Forest,1,Forest,0.9993797540664673,True,14.163953,-1.2808839
1326,C:\Users\DELL Precision 5550\Documents\GitHub\Terrasight-Eurosat-RGB-vs-Multispectral\data\raw\rgb\AnnualCrop\AnnualCrop_1749.jpg,0,AnnualCrop,0,AnnualCrop,0.9402430653572083,True,2.737449,11.7343235
1327,C:\Users\DELL Precision 5550\Documents\GitHub\Terrasight-Eurosat-RGB-vs-Multispectral\data\raw\rgb\Forest\Forest_532.jpg,1,Forest,1,Forest,0.9998635053634644,True,13.489683,-1.846566
1328,C:\Users\DELL Precision 5550\Documents\GitHub\Terrasight-Eurosat-RGB-vs-Multispectral\data\raw\rgb\AnnualCrop\AnnualCrop_2535.jpg,0,AnnualCrop,0,AnnualCrop,0.9836894869804382,True,2.4969816,12.180093
1329,C:\Users\DELL Precision 5550\Documents\GitHub\Terrasight-Eurosat-RGB-vs-Multispectral\data\raw\rgb\Highway\Highway_1149.jpg,3,Highway,3,Highway,0.9999773502349854,True,-1.3398116,10.03711
1330,C:\Users\DELL Precision 5550\Documents\GitHub\Terrasight-Eurosat-RGB-vs-Multispectral\data\raw\rgb\SeaLake\SeaLake_2431.jpg,9,SeaLake,9,SeaLake,0.9907222986221313,True,15.945304,10.87278
1331,C:\Users\DELL Precision 5550\Documents\GitHub\Terrasight-Eurosat-RGB-vs-Multispectral\data\raw\rgb\HerbaceousVegetation\HerbaceousVegetation_867.jpg,2,HerbaceousVegetation,2,HerbaceousVegetation,0.9999926090240479,True,4.5520573,0.6329185
1332,C:\Users\DELL Precision 5550\Documents\GitHub\Terrasight-Eurosat-RGB-vs-Multispectral\data\raw\rgb\AnnualCrop\AnnualCrop_1839.jpg,0,AnnualCrop,0,AnnualCrop,0.9999940395355225,True,2.7845438,15.169589
1333,C:\Users\DELL Precision 5550\Documents\GitHub\Terrasight-Eurosat-RGB-vs-Multispectral\data\raw\rgb\SeaLake\SeaLake_2525.jpg,9,SeaLake,9,SeaLake,0.9998094439506531,True,17.632267,11.678759
1334,C:\Users\DELL Precision 5550\Documents\GitHub\Terrasight-Eurosat-RGB-vs-Multispectral\data\raw\rgb\SeaLake\SeaLake_2817.jpg,9,SeaLake,9,SeaLake,0.9998527765274048,True,17.522224,11.681886
1335,C:\Users\DELL Precision 5550\Documents\GitHub\Terrasight-Eurosat-RGB-vs-Multispectral\data\raw\rgb\SeaLake\SeaLake_507.jpg,9,SeaLake,9,SeaLake,0.9998408555984497,True,16.568209,12.532256
1336,C:\Users\DELL Precision 5550\Documents\GitHub\Terrasight-Eurosat-RGB-vs-Multispectral\data\raw\rgb\AnnualCrop\AnnualCrop_859.jpg,0,AnnualCrop,0,AnnualCrop,0.999996542930603,True,2.408645,14.979138
1337,C:\Users\DELL Precision 5550\Documents\GitHub\Terrasight-Eurosat-RGB-vs-Multispectral\data\raw\rgb\PermanentCrop\PermanentCrop_1956.jpg,6,PermanentCrop,6,PermanentCrop,0.9999983310699463,True,1.0131508,4.2622347
1338,C:\Users\DELL Precision 5550\Documents\GitHub\Terrasight-Eurosat-RGB-vs-Multispectral\data\raw\rgb\Forest\Forest_1567.jpg,1,Forest,1,Forest,0.9999867677688599,True,13.868297,-2.5161855
1339,C:\Users\DELL Precision 5550\Documents\GitHub\Terrasight-Eurosat-RGB-vs-Multispectral\data\raw\rgb\HerbaceousVegetation\HerbaceousVegetation_402.jpg,2,HerbaceousVegetation,2,HerbaceousVegetation,0.9999595880508423,True,3.3594537,0.9910659
1340,C:\Users\DELL Precision 5550\Documents\GitHub\Terrasight-Eurosat-RGB-vs-Multispectral\data\raw\rgb\Residential\Residential_1896.jpg,7,Residential,7,Residential,0.7130816578865051,True,-5.022607,-2.5133047
1341,C:\Users\DELL Precision 5550\Documents\GitHub\Terrasight-Eurosat-RGB-vs-Multispectral\data\raw\rgb\SeaLake\SeaLake_1372.jpg,9,SeaLake,9,SeaLake,0.9991921782493591,True,16.042316,11.89926
1342,C:\Users\DELL Precision 5550\Documents\GitHub\Terrasight-Eurosat-RGB-vs-Multispectral\data\raw\rgb\River\River_2356.jpg,8,River,8,River,0.9999996423721313,True,6.707907,10.895603
1343,C:\Users\DELL Precision 5550\Documents\GitHub\Terrasight-Eurosat-RGB-vs-Multispectral\data\raw\rgb\Industrial\Industrial_1346.jpg,4,Industrial,4,Industrial,0.9998277425765991,True,-8.525991,1.3658701
1344,C:\Users\DELL Precision 5550\Documents\GitHub\Terrasight-Eurosat-RGB-vs-Multispectral\data\raw\rgb\SeaLake\SeaLake_1732.jpg,9,SeaLake,9,SeaLake,0.9992026686668396,True,15.79631,11.375175
1345,C:\Users\DELL Precision 5550\Documents\GitHub\Terrasight-Eurosat-RGB-vs-Multispectral\data\raw\rgb\Highway\Highway_1928.jpg,3,Highway,3,Highway,0.9988889098167419,True,-0.36348802,10.377021
1346,C:\Users\DELL Precision 5550\Documents\GitHub\Terrasight-Eurosat-RGB-vs-Multispectral\data\raw\rgb\Forest\Forest_1817.jpg,1,Forest,1,Forest,0.9986956715583801,True,13.217963,-0.64063704
1347,C:\Users\DELL Precision 5550\Documents\GitHub\Terrasight-Eurosat-RGB-vs-Multispectral\data\raw\rgb\SeaLake\SeaLake_2059.jpg,9,SeaLake,9,SeaLake,0.9999017715454102,True,17.316734,12.176791
1348,C:\Users\DELL Precision 5550\Documents\GitHub\Terrasight-Eurosat-RGB-vs-Multispectral\data\raw\rgb\River\River_1469.jpg,8,River,8,River,0.995995283126831,True,4.894287,10.972955
1349,C:\Users\DELL Precision 5550\Documents\GitHub\Terrasight-Eurosat-RGB-vs-Multispectral\data\raw\rgb\Forest\Forest_132.jpg,1,Forest,1,Forest,0.9997579455375671,True,13.317597,-1.7606841
1350,C:\Users\DELL Precision 5550\Documents\GitHub\Terrasight-Eurosat-RGB-vs-Multispectral\data\raw\rgb\AnnualCrop\AnnualCrop_1001.jpg,0,AnnualCrop,0,AnnualCrop,0.9999690055847168,True,2.6737137,14.323208
1351,C:\Users\DELL Precision 5550\Documents\GitHub\Terrasight-Eurosat-RGB-vs-Multispectral\data\raw\rgb\SeaLake\SeaLake_2805.jpg,9,SeaLake,9,SeaLake,0.9999097585678101,True,17.443665,12.140331
1352,C:\Users\DELL Precision 5550\Documents\GitHub\Terrasight-Eurosat-RGB-vs-Multispectral\data\raw\rgb\HerbaceousVegetation\HerbaceousVegetation_1763.jpg,2,HerbaceousVegetation,2,HerbaceousVegetation,0.9999809265136719,True,3.4416912,0.008454308
1353,C:\Users\DELL Precision 5550\Documents\GitHub\Terrasight-Eurosat-RGB-vs-Multispectral\data\raw\rgb\River\River_823.jpg,8,River,8,River,0.9998024106025696,True,5.2268286,10.71477
1354,C:\Users\DELL Precision 5550\Documents\GitHub\Terrasight-Eurosat-RGB-vs-Multispectral\data\raw\rgb\PermanentCrop\PermanentCrop_2110.jpg,6,PermanentCrop,2,HerbaceousVegetation,0.9121423959732056,False,3.2307622,3.4236846
1355,C:\Users\DELL Precision 5550\Documents\GitHub\Terrasight-Eurosat-RGB-vs-Multispectral\data\raw\rgb\Industrial\Industrial_513.jpg,4,Industrial,4,Industrial,0.9989789724349976,True,-7.550313,1.5648408
1356,C:\Users\DELL Precision 5550\Documents\GitHub\Terrasight-Eurosat-RGB-vs-Multispectral\data\raw\rgb\River\River_117.jpg,8,River,8,River,0.9999285936355591,True,5.37562,10.456064
1357,C:\Users\DELL Precision 5550\Documents\GitHub\Terrasight-Eurosat-RGB-vs-Multispectral\data\raw\rgb\Highway\Highway_1789.jpg,3,Highway,3,Highway,0.9979662895202637,True,0.05288725,9.637693
1358,C:\Users\DELL Precision 5550\Documents\GitHub\Terrasight-Eurosat-RGB-vs-Multispectral\data\raw\rgb\Residential\Residential_264.jpg,7,Residential,2,HerbaceousVegetation,0.9718292951583862,False,-5.2447405,-4.105651
1359,C:\Users\DELL Precision 5550\Documents\GitHub\Terrasight-Eurosat-RGB-vs-Multispectral\data\raw\rgb\Residential\Residential_2582.jpg,7,Residential,7,Residential,0.9986207485198975,True,-5.2787595,-3.991556
1360,C:\Users\DELL Precision 5550\Documents\GitHub\Terrasight-Eurosat-RGB-vs-Multispectral\data\raw\rgb\Residential\Residential_233.jpg,7,Residential,7,Residential,0.9999741315841675,True,-5.500291,-3.8275402
1361,C:\Users\DELL Precision 5550\Documents\GitHub\Terrasight-Eurosat-RGB-vs-Multispectral\data\raw\rgb\Pasture\Pasture_1753.jpg,5,Pasture,5,Pasture,0.9962840676307678,True,6.77908,5.015009
1362,C:\Users\DELL Precision 5550\Documents\GitHub\Terrasight-Eurosat-RGB-vs-Multispectral\data\raw\rgb\Forest\Forest_2805.jpg,1,Forest,1,Forest,0.9999996423721313,True,14.508882,-3.070049
1363,C:\Users\DELL Precision 5550\Documents\GitHub\Terrasight-Eurosat-RGB-vs-Multispectral\data\raw\rgb\Pasture\Pasture_924.jpg,5,Pasture,5,Pasture,0.8663575053215027,True,6.772951,4.947769
1364,C:\Users\DELL Precision 5550\Documents\GitHub\Terrasight-Eurosat-RGB-vs-Multispectral\data\raw\rgb\SeaLake\SeaLake_1708.jpg,9,SeaLake,9,SeaLake,0.9914019703865051,True,15.982727,12.36843
1365,C:\Users\DELL Precision 5550\Documents\GitHub\Terrasight-Eurosat-RGB-vs-Multispectral\data\raw\rgb\PermanentCrop\PermanentCrop_2233.jpg,6,PermanentCrop,6,PermanentCrop,0.9999380111694336,True,1.2717037,4.351661
1366,C:\Users\DELL Precision 5550\Documents\GitHub\Terrasight-Eurosat-RGB-vs-Multispectral\data\raw\rgb\Forest\Forest_1706.jpg,1,Forest,1,Forest,0.9999783039093018,True,13.509504,-1.9908768
1367,C:\Users\DELL Precision 5550\Documents\GitHub\Terrasight-Eurosat-RGB-vs-Multispectral\data\raw\rgb\Industrial\Industrial_451.jpg,4,Industrial,4,Industrial,0.9999462366104126,True,-7.896471,2.0153642
1368,C:\Users\DELL Precision 5550\Documents\GitHub\Terrasight-Eurosat-RGB-vs-Multispectral\data\raw\rgb\River\River_1367.jpg,8,River,8,River,0.9999759197235107,True,5.498026,10.6448345
1369,C:\Users\DELL Precision 5550\Documents\GitHub\Terrasight-Eurosat-RGB-vs-Multispectral\data\raw\rgb\HerbaceousVegetation\HerbaceousVegetation_617.jpg,2,HerbaceousVegetation,2,HerbaceousVegetation,0.9942944645881653,True,3.9574935,1.625928
1370,C:\Users\DELL Precision 5550\Documents\GitHub\Terrasight-Eurosat-RGB-vs-Multispectral\data\raw\rgb\HerbaceousVegetation\HerbaceousVegetation_365.jpg,2,HerbaceousVegetation,2,HerbaceousVegetation,0.9999990463256836,True,3.1997545,0.7117071
1371,C:\Users\DELL Precision 5550\Documents\GitHub\Terrasight-Eurosat-RGB-vs-Multispectral\data\raw\rgb\Highway\Highway_1711.jpg,3,Highway,3,Highway,0.9950231313705444,True,-0.3248918,9.341688
1372,C:\Users\DELL Precision 5550\Documents\GitHub\Terrasight-Eurosat-RGB-vs-Multispectral\data\raw\rgb\Industrial\Industrial_1507.jpg,4,Industrial,4,Industrial,0.9996557235717773,True,-8.348343,1.7210857
1373,C:\Users\DELL Precision 5550\Documents\GitHub\Terrasight-Eurosat-RGB-vs-Multispectral\data\raw\rgb\Pasture\Pasture_1786.jpg,5,Pasture,5,Pasture,0.9959205389022827,True,7.0627203,5.1678305
1374,C:\Users\DELL Precision 5550\Documents\GitHub\Terrasight-Eurosat-RGB-vs-Multispectral\data\raw\rgb\Forest\Forest_1541.jpg,1,Forest,1,Forest,0.9997051358222961,True,13.190241,-1.3783592
1375,C:\Users\DELL Precision 5550\Documents\GitHub\Terrasight-Eurosat-RGB-vs-Multispectral\data\raw\rgb\Pasture\Pasture_1076.jpg,5,Pasture,5,Pasture,0.9999767541885376,True,7.8292165,5.5155644
1376,C:\Users\DELL Precision 5550\Documents\GitHub\Terrasight-Eurosat-RGB-vs-Multispectral\data\raw\rgb\AnnualCrop\AnnualCrop_926.jpg,0,AnnualCrop,0,AnnualCrop,0.9999978542327881,True,2.216416,14.4512005
1377,C:\Users\DELL Precision 5550\Documents\GitHub\Terrasight-Eurosat-RGB-vs-Multispectral\data\raw\rgb\Pasture\Pasture_997.jpg,5,Pasture,5,Pasture,0.9997689127922058,True,7.3676686,5.3920417
1378,C:\Users\DELL Precision 5550\Documents\GitHub\Terrasight-Eurosat-RGB-vs-Multispectral\data\raw\rgb\River\River_1786.jpg,8,River,8,River,0.9999551773071289,True,5.844219,10.279791
1379,C:\Users\DELL Precision 5550\Documents\GitHub\Terrasight-Eurosat-RGB-vs-Multispectral\data\raw\rgb\Pasture\Pasture_892.jpg,5,Pasture,5,Pasture,0.7886703014373779,True,6.6153307,4.7548666
1380,C:\Users\DELL Precision 5550\Documents\GitHub\Terrasight-Eurosat-RGB-vs-Multispectral\data\raw\rgb\Forest\Forest_607.jpg,1,Forest,1,Forest,1.0,True,14.679028,-3.4018664
1381,C:\Users\DELL Precision 5550\Documents\GitHub\Terrasight-Eurosat-RGB-vs-Multispectral\data\raw\rgb\PermanentCrop\PermanentCrop_404.jpg,6,PermanentCrop,6,PermanentCrop,0.9987276196479797,True,1.3035291,4.680683
1382,C:\Users\DELL Precision 5550\Documents\GitHub\Terrasight-Eurosat-RGB-vs-Multispectral\data\raw\rgb\AnnualCrop\AnnualCrop_2102.jpg,0,AnnualCrop,0,AnnualCrop,0.9999061822891235,True,2.7258456,15.48225
1383,C:\Users\DELL Precision 5550\Documents\GitHub\Terrasight-Eurosat-RGB-vs-Multispectral\data\raw\rgb\HerbaceousVegetation\HerbaceousVegetation_1532.jpg,2,HerbaceousVegetation,2,HerbaceousVegetation,0.9999361038208008,True,3.6207788,1.0443493
1384,C:\Users\DELL Precision 5550\Documents\GitHub\Terrasight-Eurosat-RGB-vs-Multispectral\data\raw\rgb\Pasture\Pasture_1646.jpg,5,Pasture,5,Pasture,0.9999722242355347,True,7.6490216,5.5579247
1385,C:\Users\DELL Precision 5550\Documents\GitHub\Terrasight-Eurosat-RGB-vs-Multispectral\data\raw\rgb\Residential\Residential_2019.jpg,7,Residential,7,Residential,0.7709776759147644,True,-4.988516,-3.241883
1386,C:\Users\DELL Precision 5550\Documents\GitHub\Terrasight-Eurosat-RGB-vs-Multispectral\data\raw\rgb\Industrial\Industrial_2153.jpg,4,Industrial,4,Industrial,0.9998899698257446,True,-8.368238,1.7735494
1387,C:\Users\DELL Precision 5550\Documents\GitHub\Terrasight-Eurosat-RGB-vs-Multispectral\data\raw\rgb\SeaLake\SeaLake_1174.jpg,9,SeaLake,9,SeaLake,0.9999926090240479,True,17.419497,12.729939
1388,C:\Users\DELL Precision 5550\Documents\GitHub\Terrasight-Eurosat-RGB-vs-Multispectral\data\raw\rgb\SeaLake\SeaLake_677.jpg,9,SeaLake,9,SeaLake,0.9832634329795837,True,16.225245,11.041838
1389,C:\Users\DELL Precision 5550\Documents\GitHub\Terrasight-Eurosat-RGB-vs-Multispectral\data\raw\rgb\River\River_1070.jpg,8,River,8,River,0.9998871088027954,True,5.2761393,10.515945
1390,C:\Users\DELL Precision 5550\Documents\GitHub\Terrasight-Eurosat-RGB-vs-Multispectral\data\raw\rgb\SeaLake\SeaLake_833.jpg,9,SeaLake,9,SeaLake,0.9992403984069824,True,15.812432,10.654938
1391,C:\Users\DELL Precision 5550\Documents\GitHub\Terrasight-Eurosat-RGB-vs-Multispectral\data\raw\rgb\Highway\Highway_715.jpg,3,Highway,3,Highway,0.9994879961013794,True,-0.94004554,10.624058
1392,C:\Users\DELL Precision 5550\Documents\GitHub\Terrasight-Eurosat-RGB-vs-Multispectral\data\raw\rgb\SeaLake\SeaLake_903.jpg,9,SeaLake,9,SeaLake,0.9994787573814392,True,17.069092,11.517211
1393,C:\Users\DELL Precision 5550\Documents\GitHub\Terrasight-Eurosat-RGB-vs-Multispectral\data\raw\rgb\Forest\Forest_3.jpg,1,Forest,1,Forest,0.9999773502349854,True,14.458407,-1.0818883
1394,C:\Users\DELL Precision 5550\Documents\GitHub\Terrasight-Eurosat-RGB-vs-Multispectral\data\raw\rgb\Pasture\Pasture_789.jpg,5,Pasture,0,AnnualCrop,0.946902871131897,False,3.0789354,12.188612
1395,C:\Users\DELL Precision 5550\Documents\GitHub\Terrasight-Eurosat-RGB-vs-Multispectral\data\raw\rgb\AnnualCrop\AnnualCrop_624.jpg,0,AnnualCrop,0,AnnualCrop,0.9999992847442627,True,2.6824229,15.699325
1396,C:\Users\DELL Precision 5550\Documents\GitHub\Terrasight-Eurosat-RGB-vs-Multispectral\data\raw\rgb\HerbaceousVegetation\HerbaceousVegetation_2755.jpg,2,HerbaceousVegetation,2,HerbaceousVegetation,0.9999885559082031,True,4.627816,0.7523835
1397,C:\Users\DELL Precision 5550\Documents\GitHub\Terrasight-Eurosat-RGB-vs-Multispectral\data\raw\rgb\Pasture\Pasture_783.jpg,5,Pasture,9,SeaLake,0.6567804217338562,False,15.463096,11.008388
1398,C:\Users\DELL Precision 5550\Documents\GitHub\Terrasight-Eurosat-RGB-vs-Multispectral\data\raw\rgb\River\River_273.jpg,8,River,8,River,0.9956360459327698,True,4.4162683,10.697993
1399,C:\Users\DELL Precision 5550\Documents\GitHub\Terrasight-Eurosat-RGB-vs-Multispectral\data\raw\rgb\Industrial\Industrial_2382.jpg,4,Industrial,4,Industrial,0.9996556043624878,True,-8.334412,1.274634
1400,C:\Users\DELL Precision 5550\Documents\GitHub\Terrasight-Eurosat-RGB-vs-Multispectral\data\raw\rgb\Highway\Highway_1373.jpg,3,Highway,3,Highway,0.9984143972396851,True,0.2494075,9.762839
1401,C:\Users\DELL Precision 5550\Documents\GitHub\Terrasight-Eurosat-RGB-vs-Multispectral\data\raw\rgb\Forest\Forest_84.jpg,1,Forest,1,Forest,0.9999009370803833,True,14.400967,-1.0280161
1402,C:\Users\DELL Precision 5550\Documents\GitHub\Terrasight-Eurosat-RGB-vs-Multispectral\data\raw\rgb\SeaLake\SeaLake_2294.jpg,9,SeaLake,9,SeaLake,0.9942421317100525,True,16.079063,11.0021105
1403,C:\Users\DELL Precision 5550\Documents\GitHub\Terrasight-Eurosat-RGB-vs-Multispectral\data\raw\rgb\River\River_2476.jpg,8,River,8,River,1.0,True,6.8552594,11.057878
1404,C:\Users\DELL Precision 5550\Documents\GitHub\Terrasight-Eurosat-RGB-vs-Multispectral\data\raw\rgb\Forest\Forest_1976.jpg,1,Forest,1,Forest,0.9999947547912598,True,14.587269,-2.8397086
1405,C:\Users\DELL Precision 5550\Documents\GitHub\Terrasight-Eurosat-RGB-vs-Multispectral\data\raw\rgb\Industrial\Industrial_2144.jpg,4,Industrial,4,Industrial,0.8401281237602234,True,-6.8486953,1.7657343
1406,C:\Users\DELL Precision 5550\Documents\GitHub\Terrasight-Eurosat-RGB-vs-Multispectral\data\raw\rgb\Forest\Forest_2272.jpg,1,Forest,1,Forest,0.9997155070304871,True,14.118586,-1.2690473
1407,C:\Users\DELL Precision 5550\Documents\GitHub\Terrasight-Eurosat-RGB-vs-Multispectral\data\raw\rgb\PermanentCrop\PermanentCrop_1061.jpg,6,PermanentCrop,6,PermanentCrop,0.8435007929801941,True,2.9324358,4.1241875
1408,C:\Users\DELL Precision 5550\Documents\GitHub\Terrasight-Eurosat-RGB-vs-Multispectral\data\raw\rgb\PermanentCrop\PermanentCrop_1169.jpg,6,PermanentCrop,6,PermanentCrop,0.9995643496513367,True,1.4458352,4.6691546
1409,C:\Users\DELL Precision 5550\Documents\GitHub\Terrasight-Eurosat-RGB-vs-Multispectral\data\raw\rgb\Residential\Residential_2919.jpg,7,Residential,7,Residential,0.999695897102356,True,-5.1332736,-3.4448614
1410,C:\Users\DELL Precision 5550\Documents\GitHub\Terrasight-Eurosat-RGB-vs-Multispectral\data\raw\rgb\River\River_1376.jpg,8,River,8,River,0.993439257144928,True,4.3683186,10.673515
1411,C:\Users\DELL Precision 5550\Documents\GitHub\Terrasight-Eurosat-RGB-vs-Multispectral\data\raw\rgb\Forest\Forest_2102.jpg,1,Forest,1,Forest,0.9999071359634399,True,13.731501,-2.1449196
1412,C:\Users\DELL Precision 5550\Documents\GitHub\Terrasight-Eurosat-RGB-vs-Multispectral\data\raw\rgb\Forest\Forest_2017.jpg,1,Forest,1,Forest,0.9999854564666748,True,13.513983,-2.4702153
1413,C:\Users\DELL Precision 5550\Documents\GitHub\Terrasight-Eurosat-RGB-vs-Multispectral\data\raw\rgb\Forest\Forest_2210.jpg,1,Forest,1,Forest,0.999998927116394,True,14.497932,-2.6343515
1414,C:\Users\DELL Precision 5550\Documents\GitHub\Terrasight-Eurosat-RGB-vs-Multispectral\data\raw\rgb\Residential\Residential_2178.jpg,7,Residential,7,Residential,0.9981650710105896,True,-6.0210624,-2.9925773
1415,C:\Users\DELL Precision 5550\Documents\GitHub\Terrasight-Eurosat-RGB-vs-Multispectral\data\raw\rgb\Pasture\Pasture_1529.jpg,5,Pasture,5,Pasture,0.9903726577758789,True,6.462063,5.1028237
1416,C:\Users\DELL Precision 5550\Documents\GitHub\Terrasight-Eurosat-RGB-vs-Multispectral\data\raw\rgb\Highway\Highway_591.jpg,3,Highway,3,Highway,0.9997381567955017,True,-0.3537268,9.750108
1417,C:\Users\DELL Precision 5550\Documents\GitHub\Terrasight-Eurosat-RGB-vs-Multispectral\data\raw\rgb\SeaLake\SeaLake_1001.jpg,9,SeaLake,9,SeaLake,0.9993116855621338,True,17.054832,11.4553175
1418,C:\Users\DELL Precision 5550\Documents\GitHub\Terrasight-Eurosat-RGB-vs-Multispectral\data\raw\rgb\SeaLake\SeaLake_1173.jpg,9,SeaLake,9,SeaLake,0.9994344115257263,True,17.115435,11.487972
1419,C:\Users\DELL Precision 5550\Documents\GitHub\Terrasight-Eurosat-RGB-vs-Multispectral\data\raw\rgb\PermanentCrop\PermanentCrop_864.jpg,6,PermanentCrop,6,PermanentCrop,0.9599149227142334,True,2.3518429,4.939914
1420,C:\Users\DELL Precision 5550\Documents\GitHub\Terrasight-Eurosat-RGB-vs-Multispectral\data\raw\rgb\Forest\Forest_1101.jpg,1,Forest,1,Forest,0.9894764423370361,True,13.123319,-1.5291286
1421,C:\Users\DELL Precision 5550\Documents\GitHub\Terrasight-Eurosat-RGB-vs-Multispectral\data\raw\rgb\HerbaceousVegetation\HerbaceousVegetation_637.jpg,2,HerbaceousVegetation,6,PermanentCrop,0.6182838082313538,False,2.8431554,3.391426
1422,C:\Users\DELL Precision 5550\Documents\GitHub\Terrasight-Eurosat-RGB-vs-Multispectral\data\raw\rgb\Highway\Highway_2069.jpg,3,Highway,3,Highway,0.9998397827148438,True,-0.5354923,10.069576
1423,C:\Users\DELL Precision 5550\Documents\GitHub\Terrasight-Eurosat-RGB-vs-Multispectral\data\raw\rgb\SeaLake\SeaLake_1581.jpg,9,SeaLake,9,SeaLake,0.9998165965080261,True,17.633791,11.712058
1424,C:\Users\DELL Precision 5550\Documents\GitHub\Terrasight-Eurosat-RGB-vs-Multispectral\data\raw\rgb\Industrial\Industrial_1206.jpg,4,Industrial,4,Industrial,0.9997093081474304,True,-8.605886,1.6899408
1425,C:\Users\DELL Precision 5550\Documents\GitHub\Terrasight-Eurosat-RGB-vs-Multispectral\data\raw\rgb\SeaLake\SeaLake_157.jpg,9,SeaLake,9,SeaLake,0.9998795986175537,True,16.686745,10.41308
1426,C:\Users\DELL Precision 5550\Documents\GitHub\Terrasight-Eurosat-RGB-vs-Multispectral\data\raw\rgb\Forest\Forest_2238.jpg,1,Forest,1,Forest,0.991938054561615,True,13.655092,-0.515822
1427,C:\Users\DELL Precision 5550\Documents\GitHub\Terrasight-Eurosat-RGB-vs-Multispectral\data\raw\rgb\River\River_1000.jpg,8,River,1,Forest,0.6661735773086548,False,16.046797,11.074557
1428,C:\Users\DELL Precision 5550\Documents\GitHub\Terrasight-Eurosat-RGB-vs-Multispectral\data\raw\rgb\Residential\Residential_30.jpg,7,Residential,7,Residential,0.9956875443458557,True,-4.8649006,-3.0341446
1429,C:\Users\DELL Precision 5550\Documents\GitHub\Terrasight-Eurosat-RGB-vs-Multispectral\data\raw\rgb\Residential\Residential_2104.jpg,7,Residential,7,Residential,0.9966713786125183,True,-6.756552,-4.504222
1430,C:\Users\DELL Precision 5550\Documents\GitHub\Terrasight-Eurosat-RGB-vs-Multispectral\data\raw\rgb\Pasture\Pasture_341.jpg,5,Pasture,5,Pasture,0.9995891451835632,True,7.000925,5.1985984
1431,C:\Users\DELL Precision 5550\Documents\GitHub\Terrasight-Eurosat-RGB-vs-Multispectral\data\raw\rgb\River\River_662.jpg,8,River,8,River,0.9999023675918579,True,5.917943,10.118343
1432,C:\Users\DELL Precision 5550\Documents\GitHub\Terrasight-Eurosat-RGB-vs-Multispectral\data\raw\rgb\Industrial\Industrial_2036.jpg,4,Industrial,4,Industrial,0.9976949095726013,True,-7.241059,1.528613
1433,C:\Users\DELL Precision 5550\Documents\GitHub\Terrasight-Eurosat-RGB-vs-Multispectral\data\raw\rgb\AnnualCrop\AnnualCrop_1100.jpg,0,AnnualCrop,0,AnnualCrop,0.9791198372840881,True,3.114501,12.208242
1434,C:\Users\DELL Precision 5550\Documents\GitHub\Terrasight-Eurosat-RGB-vs-Multispectral\data\raw\rgb\Forest\Forest_2241.jpg,1,Forest,1,Forest,0.9999485015869141,True,14.418364,-0.8577285
1435,C:\Users\DELL Precision 5550\Documents\GitHub\Terrasight-Eurosat-RGB-vs-Multispectral\data\raw\rgb\Forest\Forest_1999.jpg,1,Forest,1,Forest,0.9990394711494446,True,14.36716,-0.75501007
1436,C:\Users\DELL Precision 5550\Documents\GitHub\Terrasight-Eurosat-RGB-vs-Multispectral\data\raw\rgb\PermanentCrop\PermanentCrop_2459.jpg,6,PermanentCrop,6,PermanentCrop,0.3930363953113556,True,2.7869127,11.034456
1437,C:\Users\DELL Precision 5550\Documents\GitHub\Terrasight-Eurosat-RGB-vs-Multispectral\data\raw\rgb\AnnualCrop\AnnualCrop_454.jpg,0,AnnualCrop,0,AnnualCrop,0.9843736886978149,True,2.957035,12.104412
1438,C:\Users\DELL Precision 5550\Documents\GitHub\Terrasight-Eurosat-RGB-vs-Multispectral\data\raw\rgb\Industrial\Industrial_461.jpg,4,Industrial,4,Industrial,0.8822714686393738,True,-7.0576715,1.2983665
1439,C:\Users\DELL Precision 5550\Documents\GitHub\Terrasight-Eurosat-RGB-vs-Multispectral\data\raw\rgb\Highway\Highway_245.jpg,3,Highway,3,Highway,0.9993284940719604,True,-0.94630224,10.239248
1440,C:\Users\DELL Precision 5550\Documents\GitHub\Terrasight-Eurosat-RGB-vs-Multispectral\data\raw\rgb\AnnualCrop\AnnualCrop_1575.jpg,0,AnnualCrop,0,AnnualCrop,0.9932721257209778,True,2.9533303,14.039713
1441,C:\Users\DELL Precision 5550\Documents\GitHub\Terrasight-Eurosat-RGB-vs-Multispectral\data\raw\rgb\AnnualCrop\AnnualCrop_1627.jpg,0,AnnualCrop,0,AnnualCrop,0.9958105087280273,True,2.426855,13.082554
1442,C:\Users\DELL Precision 5550\Documents\GitHub\Terrasight-Eurosat-RGB-vs-Multispectral\data\raw\rgb\Industrial\Industrial_1241.jpg,4,Industrial,4,Industrial,0.9927145838737488,True,-7.5332427,1.5233312
1443,C:\Users\DELL Precision 5550\Documents\GitHub\Terrasight-Eurosat-RGB-vs-Multispectral\data\raw\rgb\HerbaceousVegetation\HerbaceousVegetation_2069.jpg,2,HerbaceousVegetation,2,HerbaceousVegetation,0.9999984502792358,True,3.7933068,-0.30280715
1444,C:\Users\DELL Precision 5550\Documents\GitHub\Terrasight-Eurosat-RGB-vs-Multispectral\data\raw\rgb\SeaLake\SeaLake_796.jpg,9,SeaLake,9,SeaLake,0.9997963309288025,True,17.43956,11.623231
1445,C:\Users\DELL Precision 5550\Documents\GitHub\Terrasight-Eurosat-RGB-vs-Multispectral\data\raw\rgb\Industrial\Industrial_2279.jpg,4,Industrial,4,Industrial,0.9999711513519287,True,-8.266101,1.9106785
1446,C:\Users\DELL Precision 5550\Documents\GitHub\Terrasight-Eurosat-RGB-vs-Multispectral\data\raw\rgb\Forest\Forest_1067.jpg,1,Forest,1,Forest,0.9999997615814209,True,14.267772,-3.261526
1447,C:\Users\DELL Precision 5550\Documents\GitHub\Terrasight-Eurosat-RGB-vs-Multispectral\data\raw\rgb\PermanentCrop\PermanentCrop_568.jpg,6,PermanentCrop,6,PermanentCrop,0.9970628619194031,True,1.4866852,4.3511176
1448,C:\Users\DELL Precision 5550\Documents\GitHub\Terrasight-Eurosat-RGB-vs-Multispectral\data\raw\rgb\Residential\Residential_773.jpg,7,Residential,7,Residential,0.99915611743927,True,-6.1747713,-3.514939
1449,C:\Users\DELL Precision 5550\Documents\GitHub\Terrasight-Eurosat-RGB-vs-Multispectral\data\raw\rgb\River\River_2185.jpg,8,River,8,River,0.9999983310699463,True,6.0164175,10.724162
1450,C:\Users\DELL Precision 5550\Documents\GitHub\Terrasight-Eurosat-RGB-vs-Multispectral\data\raw\rgb\PermanentCrop\PermanentCrop_1640.jpg,6,PermanentCrop,6,PermanentCrop,0.9999300241470337,True,1.5054396,4.593807
1451,C:\Users\DELL Precision 5550\Documents\GitHub\Terrasight-Eurosat-RGB-vs-Multispectral\data\raw\rgb\Forest\Forest_2934.jpg,1,Forest,1,Forest,0.9999881982803345,True,14.348321,-2.0180829
1452,C:\Users\DELL Precision 5550\Documents\GitHub\Terrasight-Eurosat-RGB-vs-Multispectral\data\raw\rgb\Industrial\Industrial_1544.jpg,4,Industrial,4,Industrial,0.9999353885650635,True,-8.319073,2.0353305
1453,C:\Users\DELL Precision 5550\Documents\GitHub\Terrasight-Eurosat-RGB-vs-Multispectral\data\raw\rgb\HerbaceousVegetation\HerbaceousVegetation_1265.jpg,2,HerbaceousVegetation,2,HerbaceousVegetation,0.9883424639701843,True,4.0263944,1.6192707
1454,C:\Users\DELL Precision 5550\Documents\GitHub\Terrasight-Eurosat-RGB-vs-Multispectral\data\raw\rgb\Pasture\Pasture_1932.jpg,5,Pasture,5,Pasture,0.9479840993881226,True,6.3290915,5.2540317
1455,C:\Users\DELL Precision 5550\Documents\GitHub\Terrasight-Eurosat-RGB-vs-Multispectral\data\raw\rgb\Industrial\Industrial_1951.jpg,4,Industrial,4,Industrial,0.9993093013763428,True,-7.56508,1.6070215
1456,C:\Users\DELL Precision 5550\Documents\GitHub\Terrasight-Eurosat-RGB-vs-Multispectral\data\raw\rgb\Forest\Forest_277.jpg,1,Forest,1,Forest,0.9999991655349731,True,14.71936,-3.1260095
1457,C:\Users\DELL Precision 5550\Documents\GitHub\Terrasight-Eurosat-RGB-vs-Multispectral\data\raw\rgb\River\River_292.jpg,8,River,8,River,0.9827386736869812,True,4.452534,10.560915
1458,C:\Users\DELL Precision 5550\Documents\GitHub\Terrasight-Eurosat-RGB-vs-Multispectral\data\raw\rgb\Highway\Highway_406.jpg,3,Highway,3,Highway,0.9987192153930664,True,0.22855671,9.964741
1459,C:\Users\DELL Precision 5550\Documents\GitHub\Terrasight-Eurosat-RGB-vs-Multispectral\data\raw\rgb\Highway\Highway_832.jpg,3,Highway,3,Highway,0.9990460276603699,True,-0.30568212,10.515344
1460,C:\Users\DELL Precision 5550\Documents\GitHub\Terrasight-Eurosat-RGB-vs-Multispectral\data\raw\rgb\River\River_228.jpg,8,River,0,AnnualCrop,0.5516040325164795,False,3.8223164,11.199356
1461,C:\Users\DELL Precision 5550\Documents\GitHub\Terrasight-Eurosat-RGB-vs-Multispectral\data\raw\rgb\Highway\Highway_2211.jpg,3,Highway,3,Highway,0.9875097274780273,True,-0.23071042,10.895894
1462,C:\Users\DELL Precision 5550\Documents\GitHub\Terrasight-Eurosat-RGB-vs-Multispectral\data\raw\rgb\River\River_1606.jpg,8,River,8,River,0.7509512901306152,True,4.211084,10.958475
1463,C:\Users\DELL Precision 5550\Documents\GitHub\Terrasight-Eurosat-RGB-vs-Multispectral\data\raw\rgb\SeaLake\SeaLake_2241.jpg,9,SeaLake,9,SeaLake,0.9996379613876343,True,17.102709,11.4929285
1464,C:\Users\DELL Precision 5550\Documents\GitHub\Terrasight-Eurosat-RGB-vs-Multispectral\data\raw\rgb\Forest\Forest_1452.jpg,1,Forest,1,Forest,0.9999485015869141,True,13.861753,-2.434049
1465,C:\Users\DELL Precision 5550\Documents\GitHub\Terrasight-Eurosat-RGB-vs-Multispectral\data\raw\rgb\SeaLake\SeaLake_1007.jpg,9,SeaLake,9,SeaLake,0.9999816417694092,True,16.572916,10.244673
1466,C:\Users\DELL Precision 5550\Documents\GitHub\Terrasight-Eurosat-RGB-vs-Multispectral\data\raw\rgb\Pasture\Pasture_631.jpg,5,Pasture,5,Pasture,0.9983927607536316,True,6.737806,5.317076
1467,C:\Users\DELL Precision 5550\Documents\GitHub\Terrasight-Eurosat-RGB-vs-Multispectral\data\raw\rgb\River\River_1710.jpg,8,River,8,River,0.9999948740005493,True,6.4793205,11.120767
1468,C:\Users\DELL Precision 5550\Documents\GitHub\Terrasight-Eurosat-RGB-vs-Multispectral\data\raw\rgb\Pasture\Pasture_940.jpg,5,Pasture,5,Pasture,0.9914960861206055,True,7.1444488,5.1260133
1469,C:\Users\DELL Precision 5550\Documents\GitHub\Terrasight-Eurosat-RGB-vs-Multispectral\data\raw\rgb\Highway\Highway_1019.jpg,3,Highway,3,Highway,0.9937888979911804,True,0.029566983,9.512522
1470,C:\Users\DELL Precision 5550\Documents\GitHub\Terrasight-Eurosat-RGB-vs-Multispectral\data\raw\rgb\Residential\Residential_119.jpg,7,Residential,7,Residential,0.9937936067581177,True,-5.069866,-2.775057
1471,C:\Users\DELL Precision 5550\Documents\GitHub\Terrasight-Eurosat-RGB-vs-Multispectral\data\raw\rgb\PermanentCrop\PermanentCrop_550.jpg,6,PermanentCrop,6,PermanentCrop,0.9999051094055176,True,1.4621716,4.474788
1472,C:\Users\DELL Precision 5550\Documents\GitHub\Terrasight-Eurosat-RGB-vs-Multispectral\data\raw\rgb\Pasture\Pasture_923.jpg,5,Pasture,5,Pasture,0.9870190620422363,True,6.5460877,5.29531
1473,C:\Users\DELL Precision 5550\Documents\GitHub\Terrasight-Eurosat-RGB-vs-Multispectral\data\raw\rgb\PermanentCrop\PermanentCrop_1933.jpg,6,PermanentCrop,6,PermanentCrop,0.9999316930770874,True,1.3454448,4.423373
1474,C:\Users\DELL Precision 5550\Documents\GitHub\Terrasight-Eurosat-RGB-vs-Multispectral\data\raw\rgb\HerbaceousVegetation\HerbaceousVegetation_468.jpg,2,HerbaceousVegetation,2,HerbaceousVegetation,0.9999996423721313,True,3.5344613,0.82207465
1475,C:\Users\DELL Precision 5550\Documents\GitHub\Terrasight-Eurosat-RGB-vs-Multispectral\data\raw\rgb\Forest\Forest_928.jpg,1,Forest,1,Forest,0.9995705485343933,True,13.264345,-1.7260287
1476,C:\Users\DELL Precision 5550\Documents\GitHub\Terrasight-Eurosat-RGB-vs-Multispectral\data\raw\rgb\SeaLake\SeaLake_563.jpg,9,SeaLake,9,SeaLake,0.9999611377716064,True,17.161175,12.945567
1477,C:\Users\DELL Precision 5550\Documents\GitHub\Terrasight-Eurosat-RGB-vs-Multispectral\data\raw\rgb\HerbaceousVegetation\HerbaceousVegetation_369.jpg,2,HerbaceousVegetation,2,HerbaceousVegetation,0.9770653247833252,True,2.9873185,1.7772903
1478,C:\Users\DELL Precision 5550\Documents\GitHub\Terrasight-Eurosat-RGB-vs-Multispectral\data\raw\rgb\Industrial\Industrial_1828.jpg,4,Industrial,4,Industrial,0.999885082244873,True,-8.289221,2.036439
1479,C:\Users\DELL Precision 5550\Documents\GitHub\Terrasight-Eurosat-RGB-vs-Multispectral\data\raw\rgb\River\River_2255.jpg,8,River,8,River,0.9996830224990845,True,5.643011,10.352247
1480,C:\Users\DELL Precision 5550\Documents\GitHub\Terrasight-Eurosat-RGB-vs-Multispectral\data\raw\rgb\AnnualCrop\AnnualCrop_311.jpg,0,AnnualCrop,0,AnnualCrop,0.9981080293655396,True,2.9839435,14.167259
1481,C:\Users\DELL Precision 5550\Documents\GitHub\Terrasight-Eurosat-RGB-vs-Multispectral\data\raw\rgb\PermanentCrop\PermanentCrop_265.jpg,6,PermanentCrop,6,PermanentCrop,0.9969522953033447,True,2.3131242,4.110288
1482,C:\Users\DELL Precision 5550\Documents\GitHub\Terrasight-Eurosat-RGB-vs-Multispectral\data\raw\rgb\Industrial\Industrial_683.jpg,4,Industrial,4,Industrial,0.9999057054519653,True,-8.95529,1.6584907
1483,C:\Users\DELL Precision 5550\Documents\GitHub\Terrasight-Eurosat-RGB-vs-Multispectral\data\raw\rgb\PermanentCrop\PermanentCrop_1883.jpg,6,PermanentCrop,6,PermanentCrop,0.9999990463256836,True,0.79862154,3.8745985
1484,C:\Users\DELL Precision 5550\Documents\GitHub\Terrasight-Eurosat-RGB-vs-Multispectral\data\raw\rgb\Pasture\Pasture_57.jpg,5,Pasture,5,Pasture,0.9999998807907104,True,10.7360115,7.9139457
1485,C:\Users\DELL Precision 5550\Documents\GitHub\Terrasight-Eurosat-RGB-vs-Multispectral\data\raw\rgb\PermanentCrop\PermanentCrop_842.jpg,6,PermanentCrop,6,PermanentCrop,0.9781668186187744,True,2.4222693,4.2526107
1486,C:\Users\DELL Precision 5550\Documents\GitHub\Terrasight-Eurosat-RGB-vs-Multispectral\data\raw\rgb\SeaLake\SeaLake_1192.jpg,9,SeaLake,9,SeaLake,0.9901542067527771,True,15.581988,11.006153
1487,C:\Users\DELL Precision 5550\Documents\GitHub\Terrasight-Eurosat-RGB-vs-Multispectral\data\raw\rgb\Forest\Forest_2415.jpg,1,Forest,1,Forest,0.9999995231628418,True,14.73593,-3.4554906
1488,C:\Users\DELL Precision 5550\Documents\GitHub\Terrasight-Eurosat-RGB-vs-Multispectral\data\raw\rgb\Pasture\Pasture_488.jpg,5,Pasture,5,Pasture,0.998837411403656,True,6.70681,5.3754783
1489,C:\Users\DELL Precision 5550\Documents\GitHub\Terrasight-Eurosat-RGB-vs-Multispectral\data\raw\rgb\Residential\Residential_157.jpg,7,Residential,7,Residential,0.9386125206947327,True,-5.6637583,-2.4094644
1490,C:\Users\DELL Precision 5550\Documents\GitHub\Terrasight-Eurosat-RGB-vs-Multispectral\data\raw\rgb\Industrial\Industrial_1386.jpg,4,Industrial,3,Highway,0.8393428325653076,False,-0.24790931,9.270306
1491,C:\Users\DELL Precision 5550\Documents\GitHub\Terrasight-Eurosat-RGB-vs-Multispectral\data\raw\rgb\River\River_598.jpg,8,River,8,River,0.9631181359291077,True,3.948681,10.966898
1492,C:\Users\DELL Precision 5550\Documents\GitHub\Terrasight-Eurosat-RGB-vs-Multispectral\data\raw\rgb\River\River_1104.jpg,8,River,8,River,0.9999721050262451,True,6.5707903,11.038526
1493,C:\Users\DELL Precision 5550\Documents\GitHub\Terrasight-Eurosat-RGB-vs-Multispectral\data\raw\rgb\SeaLake\SeaLake_1642.jpg,9,SeaLake,9,SeaLake,0.9999680519104004,True,17.089272,13.196763
1494,C:\Users\DELL Precision 5550\Documents\GitHub\Terrasight-Eurosat-RGB-vs-Multispectral\data\raw\rgb\Residential\Residential_2859.jpg,7,Residential,7,Residential,0.9987145662307739,True,-6.689185,-3.9867046
1495,C:\Users\DELL Precision 5550\Documents\GitHub\Terrasight-Eurosat-RGB-vs-Multispectral\data\raw\rgb\PermanentCrop\PermanentCrop_1561.jpg,6,PermanentCrop,6,PermanentCrop,0.9999805688858032,True,1.1489441,4.32759
1496,C:\Users\DELL Precision 5550\Documents\GitHub\Terrasight-Eurosat-RGB-vs-Multispectral\data\raw\rgb\Highway\Highway_2453.jpg,3,Highway,3,Highway,0.9991436004638672,True,-0.071116135,9.787455
1497,C:\Users\DELL Precision 5550\Documents\GitHub\Terrasight-Eurosat-RGB-vs-Multispectral\data\raw\rgb\AnnualCrop\AnnualCrop_1079.jpg,0,AnnualCrop,0,AnnualCrop,0.8617827296257019,True,2.6204603,12.344511
1498,C:\Users\DELL Precision 5550\Documents\GitHub\Terrasight-Eurosat-RGB-vs-Multispectral\data\raw\rgb\PermanentCrop\PermanentCrop_2412.jpg,6,PermanentCrop,6,PermanentCrop,0.9999778270721436,True,1.1430076,4.03056
1499,C:\Users\DELL Precision 5550\Documents\GitHub\Terrasight-Eurosat-RGB-vs-Multispectral\data\raw\rgb\AnnualCrop\AnnualCrop_1108.jpg,0,AnnualCrop,0,AnnualCrop,0.9999974966049194,True,2.3756258,14.970392
1500,C:\Users\DELL Precision 5550\Documents\GitHub\Terrasight-Eurosat-RGB-vs-Multispectral\data\raw\rgb\Forest\Forest_1431.jpg,1,Forest,1,Forest,0.9972186088562012,True,13.6527605,-0.6948042
1501,C:\Users\DELL Precision 5550\Documents\GitHub\Terrasight-Eurosat-RGB-vs-Multispectral\data\raw\rgb\AnnualCrop\AnnualCrop_1501.jpg,0,AnnualCrop,0,AnnualCrop,0.5862940549850464,True,2.5865576,11.833195
1502,C:\Users\DELL Precision 5550\Documents\GitHub\Terrasight-Eurosat-RGB-vs-Multispectral\data\raw\rgb\Highway\Highway_280.jpg,3,Highway,3,Highway,0.9988299012184143,True,-0.31455564,9.876718
1503,C:\Users\DELL Precision 5550\Documents\GitHub\Terrasight-Eurosat-RGB-vs-Multispectral\data\raw\rgb\HerbaceousVegetation\HerbaceousVegetation_2269.jpg,2,HerbaceousVegetation,2,HerbaceousVegetation,0.9585216045379639,True,3.2068017,2.0361648
1504,C:\Users\DELL Precision 5550\Documents\GitHub\Terrasight-Eurosat-RGB-vs-Multispectral\data\raw\rgb\Pasture\Pasture_1835.jpg,5,Pasture,5,Pasture,0.9974365830421448,True,7.2189655,5.139833
1505,C:\Users\DELL Precision 5550\Documents\GitHub\Terrasight-Eurosat-RGB-vs-Multispectral\data\raw\rgb\Highway\Highway_436.jpg,3,Highway,3,Highway,0.995236337184906,True,-0.32547435,9.300542
1506,C:\Users\DELL Precision 5550\Documents\GitHub\Terrasight-Eurosat-RGB-vs-Multispectral\data\raw\rgb\Industrial\Industrial_71.jpg,4,Industrial,4,Industrial,0.9972742199897766,True,-7.2809863,1.4020609
1507,C:\Users\DELL Precision 5550\Documents\GitHub\Terrasight-Eurosat-RGB-vs-Multispectral\data\raw\rgb\Residential\Residential_774.jpg,7,Residential,7,Residential,0.9407537579536438,True,-5.1264443,-2.4325337
1508,C:\Users\DELL Precision 5550\Documents\GitHub\Terrasight-Eurosat-RGB-vs-Multispectral\data\raw\rgb\HerbaceousVegetation\HerbaceousVegetation_196.jpg,2,HerbaceousVegetation,2,HerbaceousVegetation,0.9999997615814209,True,3.3214657,0.19868982
1509,C:\Users\DELL Precision 5550\Documents\GitHub\Terrasight-Eurosat-RGB-vs-Multispectral\data\raw\rgb\AnnualCrop\AnnualCrop_1896.jpg,0,AnnualCrop,0,AnnualCrop,0.999394416809082,True,2.9523745,13.102409
1510,C:\Users\DELL Precision 5550\Documents\GitHub\Terrasight-Eurosat-RGB-vs-Multispectral\data\raw\rgb\AnnualCrop\AnnualCrop_2509.jpg,0,AnnualCrop,0,AnnualCrop,0.9991053938865662,True,2.9491246,12.779042
1511,C:\Users\DELL Precision 5550\Documents\GitHub\Terrasight-Eurosat-RGB-vs-Multispectral\data\raw\rgb\Forest\Forest_2831.jpg,1,Forest,1,Forest,0.9999213218688965,True,13.499018,-2.3886795
1512,C:\Users\DELL Precision 5550\Documents\GitHub\Terrasight-Eurosat-RGB-vs-Multispectral\data\raw\rgb\SeaLake\SeaLake_2851.jpg,9,SeaLake,9,SeaLake,0.9971224665641785,True,15.83804,11.707555
1513,C:\Users\DELL Precision 5550\Documents\GitHub\Terrasight-Eurosat-RGB-vs-Multispectral\data\raw\rgb\Residential\Residential_1581.jpg,7,Residential,7,Residential,0.9998140931129456,True,-6.6465144,-4.489626
1514,C:\Users\DELL Precision 5550\Documents\GitHub\Terrasight-Eurosat-RGB-vs-Multispectral\data\raw\rgb\Forest\Forest_2862.jpg,1,Forest,1,Forest,0.9999805688858032,True,13.953177,-2.5940158
1515,C:\Users\DELL Precision 5550\Documents\GitHub\Terrasight-Eurosat-RGB-vs-Multispectral\data\raw\rgb\Forest\Forest_1754.jpg,1,Forest,1,Forest,0.9990965127944946,True,13.579733,-0.54846823
1516,C:\Users\DELL Precision 5550\Documents\GitHub\Terrasight-Eurosat-RGB-vs-Multispectral\data\raw\rgb\Residential\Residential_1912.jpg,7,Residential,7,Residential,0.8710248470306396,True,-6.344605,-3.1013536
1517,C:\Users\DELL Precision 5550\Documents\GitHub\Terrasight-Eurosat-RGB-vs-Multispectral\data\raw\rgb\SeaLake\SeaLake_2453.jpg,9,SeaLake,9,SeaLake,0.9998565912246704,True,17.228819,12.325661
1518,C:\Users\DELL Precision 5550\Documents\GitHub\Terrasight-Eurosat-RGB-vs-Multispectral\data\raw\rgb\Pasture\Pasture_1096.jpg,5,Pasture,5,Pasture,0.9764358401298523,True,6.3014874,5.094345
1519,C:\Users\DELL Precision 5550\Documents\GitHub\Terrasight-Eurosat-RGB-vs-Multispectral\data\raw\rgb\Residential\Residential_2123.jpg,7,Residential,7,Residential,0.9987872242927551,True,-6.5518613,-3.95138
1520,C:\Users\DELL Precision 5550\Documents\GitHub\Terrasight-Eurosat-RGB-vs-Multispectral\data\raw\rgb\Forest\Forest_706.jpg,1,Forest,1,Forest,0.9999997615814209,True,14.71877,-3.5213454
1521,C:\Users\DELL Precision 5550\Documents\GitHub\Terrasight-Eurosat-RGB-vs-Multispectral\data\raw\rgb\HerbaceousVegetation\HerbaceousVegetation_2962.jpg,2,HerbaceousVegetation,2,HerbaceousVegetation,0.9999960660934448,True,3.577329,0.060275722
1522,C:\Users\DELL Precision 5550\Documents\GitHub\Terrasight-Eurosat-RGB-vs-Multispectral\data\raw\rgb\HerbaceousVegetation\HerbaceousVegetation_2579.jpg,2,HerbaceousVegetation,2,HerbaceousVegetation,0.9999992847442627,True,3.1833258,0.1847671
1523,C:\Users\DELL Precision 5550\Documents\GitHub\Terrasight-Eurosat-RGB-vs-Multispectral\data\raw\rgb\River\River_2120.jpg,8,River,8,River,0.7685083746910095,True,4.672932,9.93924
1524,C:\Users\DELL Precision 5550\Documents\GitHub\Terrasight-Eurosat-RGB-vs-Multispectral\data\raw\rgb\HerbaceousVegetation\HerbaceousVegetation_447.jpg,2,HerbaceousVegetation,2,HerbaceousVegetation,0.9999984502792358,True,3.7967768,-0.22642541
1525,C:\Users\DELL Precision 5550\Documents\GitHub\Terrasight-Eurosat-RGB-vs-Multispectral\data\raw\rgb\Industrial\Industrial_643.jpg,4,Industrial,4,Industrial,0.9778810739517212,True,-8.377228,1.1209713
1526,C:\Users\DELL Precision 5550\Documents\GitHub\Terrasight-Eurosat-RGB-vs-Multispectral\data\raw\rgb\River\River_1326.jpg,8,River,8,River,0.9924212098121643,True,4.6286864,10.4611025
1527,C:\Users\DELL Precision 5550\Documents\GitHub\Terrasight-Eurosat-RGB-vs-Multispectral\data\raw\rgb\Residential\Residential_1402.jpg,7,Residential,7,Residential,0.9977658987045288,True,-5.532287,-2.905799
1528,C:\Users\DELL Precision 5550\Documents\GitHub\Terrasight-Eurosat-RGB-vs-Multispectral\data\raw\rgb\PermanentCrop\PermanentCrop_1195.jpg,6,PermanentCrop,6,PermanentCrop,0.9970917701721191,True,2.221594,4.6791406
1529,C:\Users\DELL Precision 5550\Documents\GitHub\Terrasight-Eurosat-RGB-vs-Multispectral\data\raw\rgb\Industrial\Industrial_148.jpg,4,Industrial,4,Industrial,0.9999358654022217,True,-8.512974,1.8855206
1530,C:\Users\DELL Precision 5550\Documents\GitHub\Terrasight-Eurosat-RGB-vs-Multispectral\data\raw\rgb\Residential\Residential_1593.jpg,7,Residential,7,Residential,0.9999864101409912,True,-5.33201,-4.004495
1531,C:\Users\DELL Precision 5550\Documents\GitHub\Terrasight-Eurosat-RGB-vs-Multispectral\data\raw\rgb\Industrial\Industrial_867.jpg,4,Industrial,4,Industrial,0.9810361862182617,True,-6.662788,1.6736927
1532,C:\Users\DELL Precision 5550\Documents\GitHub\Terrasight-Eurosat-RGB-vs-Multispectral\data\raw\rgb\River\River_22.jpg,8,River,8,River,0.993901252746582,True,4.7567334,10.3843565
1533,C:\Users\DELL Precision 5550\Documents\GitHub\Terrasight-Eurosat-RGB-vs-Multispectral\data\raw\rgb\Industrial\Industrial_11.jpg,4,Industrial,4,Industrial,0.9993343949317932,True,-8.364923,1.154412
1534,C:\Users\DELL Precision 5550\Documents\GitHub\Terrasight-Eurosat-RGB-vs-Multispectral\data\raw\rgb\Highway\Highway_423.jpg,3,Highway,3,Highway,0.9991105198860168,True,-0.47693,9.38413
1535,C:\Users\DELL Precision 5550\Documents\GitHub\Terrasight-Eurosat-RGB-vs-Multispectral\data\raw\rgb\AnnualCrop\AnnualCrop_2601.jpg,0,AnnualCrop,0,AnnualCrop,0.9999251365661621,True,2.7939928,14.173571
1536,C:\Users\DELL Precision 5550\Documents\GitHub\Terrasight-Eurosat-RGB-vs-Multispectral\data\raw\rgb\HerbaceousVegetation\HerbaceousVegetation_1398.jpg,2,HerbaceousVegetation,2,HerbaceousVegetation,0.9998483657836914,True,4.714287,2.4529572
1537,C:\Users\DELL Precision 5550\Documents\GitHub\Terrasight-Eurosat-RGB-vs-Multispectral\data\raw\rgb\SeaLake\SeaLake_125.jpg,9,SeaLake,9,SeaLake,0.9997755885124207,True,16.452444,12.938394
1538,C:\Users\DELL Precision 5550\Documents\GitHub\Terrasight-Eurosat-RGB-vs-Multispectral\data\raw\rgb\Forest\Forest_2464.jpg,1,Forest,1,Forest,0.9991336464881897,True,14.204407,-0.78416014
1539,C:\Users\DELL Precision 5550\Documents\GitHub\Terrasight-Eurosat-RGB-vs-Multispectral\data\raw\rgb\AnnualCrop\AnnualCrop_2038.jpg,0,AnnualCrop,0,AnnualCrop,0.998770534992218,True,2.4421754,12.95367
1540,C:\Users\DELL Precision 5550\Documents\GitHub\Terrasight-Eurosat-RGB-vs-Multispectral\data\raw\rgb\Forest\Forest_1581.jpg,1,Forest,1,Forest,0.9998695850372314,True,13.854585,-1.0299687
1541,C:\Users\DELL Precision 5550\Documents\GitHub\Terrasight-Eurosat-RGB-vs-Multispectral\data\raw\rgb\Forest\Forest_2969.jpg,1,Forest,1,Forest,0.9998317956924438,True,14.210573,-1.4883871
1542,C:\Users\DELL Precision 5550\Documents\GitHub\Terrasight-Eurosat-RGB-vs-Multispectral\data\raw\rgb\Highway\Highway_571.jpg,3,Highway,3,Highway,0.9998351335525513,True,-0.89037603,9.455827
1543,C:\Users\DELL Precision 5550\Documents\GitHub\Terrasight-Eurosat-RGB-vs-Multispectral\data\raw\rgb\AnnualCrop\AnnualCrop_2866.jpg,0,AnnualCrop,0,AnnualCrop,0.9990737438201904,True,2.2961512,13.09703
1544,C:\Users\DELL Precision 5550\Documents\GitHub\Terrasight-Eurosat-RGB-vs-Multispectral\data\raw\rgb\Highway\Highway_1340.jpg,3,Highway,3,Highway,0.9950954914093018,True,-0.3826315,9.373893
1545,C:\Users\DELL Precision 5550\Documents\GitHub\Terrasight-Eurosat-RGB-vs-Multispectral\data\raw\rgb\Residential\Residential_292.jpg,7,Residential,7,Residential,0.9996060729026794,True,-5.354736,-3.552342
1546,C:\Users\DELL Precision 5550\Documents\GitHub\Terrasight-Eurosat-RGB-vs-Multispectral\data\raw\rgb\Pasture\Pasture_300.jpg,5,Pasture,5,Pasture,0.9852750301361084,True,6.8402214,5.6453824
1547,C:\Users\DELL Precision 5550\Documents\GitHub\Terrasight-Eurosat-RGB-vs-Multispectral\data\raw\rgb\Highway\Highway_2381.jpg,3,Highway,3,Highway,0.9992794394493103,True,-0.3560256,10.505849
1548,C:\Users\DELL Precision 5550\Documents\GitHub\Terrasight-Eurosat-RGB-vs-Multispectral\data\raw\rgb\SeaLake\SeaLake_221.jpg,9,SeaLake,9,SeaLake,0.9995817542076111,True,16.006783,10.623835
1549,C:\Users\DELL Precision 5550\Documents\GitHub\Terrasight-Eurosat-RGB-vs-Multispectral\data\raw\rgb\Residential\Residential_1857.jpg,7,Residential,7,Residential,0.6837232708930969,True,-5.016766,-2.5979764
1550,C:\Users\DELL Precision 5550\Documents\GitHub\Terrasight-Eurosat-RGB-vs-Multispectral\data\raw\rgb\River\River_1404.jpg,8,River,8,River,1.0,True,6.617056,10.875287
1551,C:\Users\DELL Precision 5550\Documents\GitHub\Terrasight-Eurosat-RGB-vs-Multispectral\data\raw\rgb\Residential\Residential_2520.jpg,7,Residential,7,Residential,0.9949354529380798,True,-4.836633,-2.9446316
1552,C:\Users\DELL Precision 5550\Documents\GitHub\Terrasight-Eurosat-RGB-vs-Multispectral\data\raw\rgb\Highway\Highway_2200.jpg,3,Highway,3,Highway,0.9985969662666321,True,-0.10022982,10.441464
1553,C:\Users\DELL Precision 5550\Documents\GitHub\Terrasight-Eurosat-RGB-vs-Multispectral\data\raw\rgb\River\River_2247.jpg,8,River,8,River,0.782507061958313,True,4.1202316,10.457726
1554,C:\Users\DELL Precision 5550\Documents\GitHub\Terrasight-Eurosat-RGB-vs-Multispectral\data\raw\rgb\Industrial\Industrial_2316.jpg,4,Industrial,4,Industrial,0.9871236085891724,True,-7.1214685,1.7572694
1555,C:\Users\DELL Precision 5550\Documents\GitHub\Terrasight-Eurosat-RGB-vs-Multispectral\data\raw\rgb\SeaLake\SeaLake_791.jpg,9,SeaLake,9,SeaLake,0.9989239573478699,True,15.896341,10.610524
1556,C:\Users\DELL Precision 5550\Documents\GitHub\Terrasight-Eurosat-RGB-vs-Multispectral\data\raw\rgb\AnnualCrop\AnnualCrop_270.jpg,0,AnnualCrop,0,AnnualCrop,0.9998743534088135,True,2.745094,14.088271
1557,C:\Users\DELL Precision 5550\Documents\GitHub\Terrasight-Eurosat-RGB-vs-Multispectral\data\raw\rgb\SeaLake\SeaLake_1648.jpg,9,SeaLake,9,SeaLake,0.9998358488082886,True,16.472103,12.855056
1558,C:\Users\DELL Precision 5550\Documents\GitHub\Terrasight-Eurosat-RGB-vs-Multispectral\data\raw\rgb\Industrial\Industrial_832.jpg,4,Industrial,4,Industrial,0.9992731213569641,True,-7.7100706,1.9762223
1559,C:\Users\DELL Precision 5550\Documents\GitHub\Terrasight-Eurosat-RGB-vs-Multispectral\data\raw\rgb\AnnualCrop\AnnualCrop_1254.jpg,0,AnnualCrop,0,AnnualCrop,0.9999991655349731,True,2.643897,15.841964
1560,C:\Users\DELL Precision 5550\Documents\GitHub\Terrasight-Eurosat-RGB-vs-Multispectral\data\raw\rgb\PermanentCrop\PermanentCrop_2199.jpg,6,PermanentCrop,6,PermanentCrop,0.984066367149353,True,2.6730566,3.8690004
1561,C:\Users\DELL Precision 5550\Documents\GitHub\Terrasight-Eurosat-RGB-vs-Multispectral\data\raw\rgb\Residential\Residential_1227.jpg,7,Residential,7,Residential,0.9968814849853516,True,-5.7934,-3.329589
1562,C:\Users\DELL Precision 5550\Documents\GitHub\Terrasight-Eurosat-RGB-vs-Multispectral\data\raw\rgb\Highway\Highway_2418.jpg,3,Highway,3,Highway,0.9999648332595825,True,-1.23561,10.639354
1563,C:\Users\DELL Precision 5550\Documents\GitHub\Terrasight-Eurosat-RGB-vs-Multispectral\data\raw\rgb\PermanentCrop\PermanentCrop_555.jpg,6,PermanentCrop,6,PermanentCrop,0.9995837807655334,True,1.3687823,4.736399
1564,C:\Users\DELL Precision 5550\Documents\GitHub\Terrasight-Eurosat-RGB-vs-Multispectral\data\raw\rgb\AnnualCrop\AnnualCrop_1895.jpg,0,AnnualCrop,0,AnnualCrop,0.9934885501861572,True,2.8219929,12.872289
1565,C:\Users\DELL Precision 5550\Documents\GitHub\Terrasight-Eurosat-RGB-vs-Multispectral\data\raw\rgb\Forest\Forest_747.jpg,1,Forest,1,Forest,0.9999569654464722,True,13.967775,-2.6123722
1566,C:\Users\DELL Precision 5550\Documents\GitHub\Terrasight-Eurosat-RGB-vs-Multispectral\data\raw\rgb\SeaLake\SeaLake_2027.jpg,9,SeaLake,9,SeaLake,0.9997147917747498,True,16.732578,10.440786
1567,C:\Users\DELL Precision 5550\Documents\GitHub\Terrasight-Eurosat-RGB-vs-Multispectral\data\raw\rgb\Highway\Highway_911.jpg,3,Highway,3,Highway,0.9912645816802979,True,0.17239553,10.665034
1568,C:\Users\DELL Precision 5550\Documents\GitHub\Terrasight-Eurosat-RGB-vs-Multispectral\data\raw\rgb\Highway\Highway_92.jpg,3,Highway,3,Highway,0.9984000325202942,True,-0.6010573,9.328805
1569,C:\Users\DELL Precision 5550\Documents\GitHub\Terrasight-Eurosat-RGB-vs-Multispectral\data\raw\rgb\Residential\Residential_1016.jpg,7,Residential,7,Residential,0.9319019913673401,True,-5.576283,-2.2929585
1570,C:\Users\DELL Precision 5550\Documents\GitHub\Terrasight-Eurosat-RGB-vs-Multispectral\data\raw\rgb\Residential\Residential_975.jpg,7,Residential,7,Residential,0.9514679908752441,True,-5.050694,-2.6086268
1571,C:\Users\DELL Precision 5550\Documents\GitHub\Terrasight-Eurosat-RGB-vs-Multispectral\data\raw\rgb\River\River_491.jpg,8,River,8,River,0.999919056892395,True,5.186832,10.663029
1572,C:\Users\DELL Precision 5550\Documents\GitHub\Terrasight-Eurosat-RGB-vs-Multispectral\data\raw\rgb\River\River_1951.jpg,8,River,8,River,0.9999955892562866,True,6.759268,10.996256
1573,C:\Users\DELL Precision 5550\Documents\GitHub\Terrasight-Eurosat-RGB-vs-Multispectral\data\raw\rgb\Highway\Highway_2131.jpg,3,Highway,3,Highway,0.999922513961792,True,-1.0135776,10.878988
1574,C:\Users\DELL Precision 5550\Documents\GitHub\Terrasight-Eurosat-RGB-vs-Multispectral\data\raw\rgb\Residential\Residential_306.jpg,7,Residential,7,Residential,0.9805176854133606,True,-6.256966,-2.9896538
1575,C:\Users\DELL Precision 5550\Documents\GitHub\Terrasight-Eurosat-RGB-vs-Multispectral\data\raw\rgb\PermanentCrop\PermanentCrop_53.jpg,6,PermanentCrop,6,PermanentCrop,0.9830878376960754,True,1.9089034,3.1318424
1576,C:\Users\DELL Precision 5550\Documents\GitHub\Terrasight-Eurosat-RGB-vs-Multispectral\data\raw\rgb\AnnualCrop\AnnualCrop_489.jpg,0,AnnualCrop,0,AnnualCrop,1.0,True,2.5076408,16.201769
1577,C:\Users\DELL Precision 5550\Documents\GitHub\Terrasight-Eurosat-RGB-vs-Multispectral\data\raw\rgb\River\River_1187.jpg,8,River,8,River,0.9999209642410278,True,5.618814,10.3232355
1578,C:\Users\DELL Precision 5550\Documents\GitHub\Terrasight-Eurosat-RGB-vs-Multispectral\data\raw\rgb\PermanentCrop\PermanentCrop_143.jpg,6,PermanentCrop,6,PermanentCrop,0.9954017400741577,True,2.389896,4.130468
1579,C:\Users\DELL Precision 5550\Documents\GitHub\Terrasight-Eurosat-RGB-vs-Multispectral\data\raw\rgb\Forest\Forest_1247.jpg,1,Forest,1,Forest,0.9997014403343201,True,13.615537,-2.7355988
1580,C:\Users\DELL Precision 5550\Documents\GitHub\Terrasight-Eurosat-RGB-vs-Multispectral\data\raw\rgb\Forest\Forest_433.jpg,1,Forest,1,Forest,0.9999592304229736,True,13.494968,-1.0385994
1581,C:\Users\DELL Precision 5550\Documents\GitHub\Terrasight-Eurosat-RGB-vs-Multispectral\data\raw\rgb\Highway\Highway_562.jpg,3,Highway,3,Highway,0.9991194605827332,True,-0.49967638,9.339891
1582,C:\Users\DELL Precision 5550\Documents\GitHub\Terrasight-Eurosat-RGB-vs-Multispectral\data\raw\rgb\HerbaceousVegetation\HerbaceousVegetation_2954.jpg,2,HerbaceousVegetation,2,HerbaceousVegetation,0.9998987913131714,True,2.9088793,1.1448646
1583,C:\Users\DELL Precision 5550\Documents\GitHub\Terrasight-Eurosat-RGB-vs-Multispectral\data\raw\rgb\AnnualCrop\AnnualCrop_1969.jpg,0,AnnualCrop,0,AnnualCrop,0.999992847442627,True,2.3811915,14.742625
1584,C:\Users\DELL Precision 5550\Documents\GitHub\Terrasight-Eurosat-RGB-vs-Multispectral\data\raw\rgb\HerbaceousVegetation\HerbaceousVegetation_2761.jpg,2,HerbaceousVegetation,2,HerbaceousVegetation,0.9999754428863525,True,4.099933,0.7892819
1585,C:\Users\DELL Precision 5550\Documents\GitHub\Terrasight-Eurosat-RGB-vs-Multispectral\data\raw\rgb\HerbaceousVegetation\HerbaceousVegetation_2468.jpg,2,HerbaceousVegetation,2,HerbaceousVegetation,0.9999991655349731,True,3.7308009,-0.34138775
1586,C:\Users\DELL Precision 5550\Documents\GitHub\Terrasight-Eurosat-RGB-vs-Multispectral\data\raw\rgb\Highway\Highway_2177.jpg,3,Highway,3,Highway,0.9998464584350586,True,-0.94115996,10.656587
1587,C:\Users\DELL Precision 5550\Documents\GitHub\Terrasight-Eurosat-RGB-vs-Multispectral\data\raw\rgb\AnnualCrop\AnnualCrop_2031.jpg,0,AnnualCrop,0,AnnualCrop,0.9999929666519165,True,2.1980376,14.877846
1588,C:\Users\DELL Precision 5550\Documents\GitHub\Terrasight-Eurosat-RGB-vs-Multispectral\data\raw\rgb\PermanentCrop\PermanentCrop_189.jpg,6,PermanentCrop,6,PermanentCrop,0.9999947547912598,True,0.81864375,3.6829994
1589,C:\Users\DELL Precision 5550\Documents\GitHub\Terrasight-Eurosat-RGB-vs-Multispectral\data\raw\rgb\AnnualCrop\AnnualCrop_549.jpg,0,AnnualCrop,0,AnnualCrop,0.999943733215332,True,2.1694689,13.850047
1590,C:\Users\DELL Precision 5550\Documents\GitHub\Terrasight-Eurosat-RGB-vs-Multispectral\data\raw\rgb\Highway\Highway_924.jpg,3,Highway,3,Highway,0.9986857771873474,True,-0.20735948,9.968608
1591,C:\Users\DELL Precision 5550\Documents\GitHub\Terrasight-Eurosat-RGB-vs-Multispectral\data\raw\rgb\Forest\Forest_1240.jpg,1,Forest,1,Forest,0.9999946355819702,True,14.286864,-2.411735
1592,C:\Users\DELL Precision 5550\Documents\GitHub\Terrasight-Eurosat-RGB-vs-Multispectral\data\raw\rgb\SeaLake\SeaLake_2349.jpg,9,SeaLake,9,SeaLake,0.9997164607048035,True,16.372826,12.827578
1593,C:\Users\DELL Precision 5550\Documents\GitHub\Terrasight-Eurosat-RGB-vs-Multispectral\data\raw\rgb\Industrial\Industrial_2304.jpg,4,Industrial,4,Industrial,0.998881995677948,True,-7.9274187,1.4581084
1594,C:\Users\DELL Precision 5550\Documents\GitHub\Terrasight-Eurosat-RGB-vs-Multispectral\data\raw\rgb\Highway\Highway_449.jpg,3,Highway,3,Highway,0.9999887943267822,True,-1.1710389,10.077377
1595,C:\Users\DELL Precision 5550\Documents\GitHub\Terrasight-Eurosat-RGB-vs-Multispectral\data\raw\rgb\Highway\Highway_1763.jpg,3,Highway,3,Highway,0.9993059635162354,True,-0.702222,9.653387
1596,C:\Users\DELL Precision 5550\Documents\GitHub\Terrasight-Eurosat-RGB-vs-Multispectral\data\raw\rgb\Forest\Forest_1594.jpg,1,Forest,1,Forest,0.9938850998878479,True,14.121942,-1.1820478
1597,C:\Users\DELL Precision 5550\Documents\GitHub\Terrasight-Eurosat-RGB-vs-Multispectral\data\raw\rgb\Industrial\Industrial_431.jpg,4,Industrial,4,Industrial,0.8566612601280212,True,-6.7749195,1.4960432
1598,C:\Users\DELL Precision 5550\Documents\GitHub\Terrasight-Eurosat-RGB-vs-Multispectral\data\raw\rgb\AnnualCrop\AnnualCrop_1630.jpg,0,AnnualCrop,0,AnnualCrop,0.9853034019470215,True,2.5688026,12.480458
1599,C:\Users\DELL Precision 5550\Documents\GitHub\Terrasight-Eurosat-RGB-vs-Multispectral\data\raw\rgb\Residential\Residential_1993.jpg,7,Residential,7,Residential,0.9994844198226929,True,-5.2223063,-3.483481
1600,C:\Users\DELL Precision 5550\Documents\GitHub\Terrasight-Eurosat-RGB-vs-Multispectral\data\raw\rgb\AnnualCrop\AnnualCrop_826.jpg,0,AnnualCrop,0,AnnualCrop,0.8763909935951233,True,3.1017048,11.886727
1601,C:\Users\DELL Precision 5550\Documents\GitHub\Terrasight-Eurosat-RGB-vs-Multispectral\data\raw\rgb\HerbaceousVegetation\HerbaceousVegetation_21.jpg,2,HerbaceousVegetation,2,HerbaceousVegetation,0.9996546506881714,True,3.0700774,1.3114607
1602,C:\Users\DELL Precision 5550\Documents\GitHub\Terrasight-Eurosat-RGB-vs-Multispectral\data\raw\rgb\PermanentCrop\PermanentCrop_142.jpg,6,PermanentCrop,6,PermanentCrop,0.9999994039535522,True,0.87925905,4.15555
1603,C:\Users\DELL Precision 5550\Documents\GitHub\Terrasight-Eurosat-RGB-vs-Multispectral\data\raw\rgb\Residential\Residential_1849.jpg,7,Residential,7,Residential,0.9999709129333496,True,-5.349476,-4.0688825
1604,C:\Users\DELL Precision 5550\Documents\GitHub\Terrasight-Eurosat-RGB-vs-Multispectral\data\raw\rgb\Forest\Forest_2219.jpg,1,Forest,1,Forest,0.9999852180480957,True,14.180814,-2.8854752
1605,C:\Users\DELL Precision 5550\Documents\GitHub\Terrasight-Eurosat-RGB-vs-Multispectral\data\raw\rgb\Forest\Forest_1839.jpg,1,Forest,1,Forest,0.9999998807907104,True,14.567864,-3.432747
1606,C:\Users\DELL Precision 5550\Documents\GitHub\Terrasight-Eurosat-RGB-vs-Multispectral\data\raw\rgb\Residential\Residential_900.jpg,7,Residential,7,Residential,0.9842547178268433,True,-6.199057,-3.045796
1607,C:\Users\DELL Precision 5550\Documents\GitHub\Terrasight-Eurosat-RGB-vs-Multispectral\data\raw\rgb\Residential\Residential_2423.jpg,7,Residential,7,Residential,0.9999988079071045,True,-5.743117,-4.643886
1608,C:\Users\DELL Precision 5550\Documents\GitHub\Terrasight-Eurosat-RGB-vs-Multispectral\data\raw\rgb\SeaLake\SeaLake_1655.jpg,9,SeaLake,9,SeaLake,0.9999861717224121,True,17.305035,13.015202
1609,C:\Users\DELL Precision 5550\Documents\GitHub\Terrasight-Eurosat-RGB-vs-Multispectral\data\raw\rgb\Highway\Highway_1036.jpg,3,Highway,3,Highway,0.9997057318687439,True,-0.22692944,10.120347
1610,C:\Users\DELL Precision 5550\Documents\GitHub\Terrasight-Eurosat-RGB-vs-Multispectral\data\raw\rgb\Industrial\Industrial_1737.jpg,4,Industrial,4,Industrial,0.9988343119621277,True,-7.796852,1.4150181
1611,C:\Users\DELL Precision 5550\Documents\GitHub\Terrasight-Eurosat-RGB-vs-Multispectral\data\raw\rgb\AnnualCrop\AnnualCrop_920.jpg,0,AnnualCrop,0,AnnualCrop,0.9992424249649048,True,2.3503428,13.166442
1612,C:\Users\DELL Precision 5550\Documents\GitHub\Terrasight-Eurosat-RGB-vs-Multispectral\data\raw\rgb\HerbaceousVegetation\HerbaceousVegetation_795.jpg,2,HerbaceousVegetation,2,HerbaceousVegetation,0.9999990463256836,True,3.2550294,0.87888414
1613,C:\Users\DELL Precision 5550\Documents\GitHub\Terrasight-Eurosat-RGB-vs-Multispectral\data\raw\rgb\HerbaceousVegetation\HerbaceousVegetation_676.jpg,2,HerbaceousVegetation,2,HerbaceousVegetation,0.9999912977218628,True,3.9151201,0.9518528
1614,C:\Users\DELL Precision 5550\Documents\GitHub\Terrasight-Eurosat-RGB-vs-Multispectral\data\raw\rgb\Industrial\Industrial_903.jpg,4,Industrial,4,Industrial,0.9953820109367371,True,-6.894732,1.5531482
1615,C:\Users\DELL Precision 5550\Documents\GitHub\Terrasight-Eurosat-RGB-vs-Multispectral\data\raw\rgb\Residential\Residential_1023.jpg,7,Residential,7,Residential,0.9998242259025574,True,-5.2149386,-3.9151814
1616,C:\Users\DELL Precision 5550\Documents\GitHub\Terrasight-Eurosat-RGB-vs-Multispectral\data\raw\rgb\River\River_412.jpg,8,River,8,River,0.9995014667510986,True,5.434792,10.278549
1617,C:\Users\DELL Precision 5550\Documents\GitHub\Terrasight-Eurosat-RGB-vs-Multispectral\data\raw\rgb\SeaLake\SeaLake_635.jpg,9,SeaLake,9,SeaLake,0.9991076588630676,True,16.124071,12.758815
1618,C:\Users\DELL Precision 5550\Documents\GitHub\Terrasight-Eurosat-RGB-vs-Multispectral\data\raw\rgb\Forest\Forest_1733.jpg,1,Forest,1,Forest,0.9901118874549866,True,14.04596,-0.54743063
1619,C:\Users\DELL Precision 5550\Documents\GitHub\Terrasight-Eurosat-RGB-vs-Multispectral\data\raw\rgb\PermanentCrop\PermanentCrop_1587.jpg,6,PermanentCrop,6,PermanentCrop,0.9996918439865112,True,1.332911,3.4674013
1620,C:\Users\DELL Precision 5550\Documents\GitHub\Terrasight-Eurosat-RGB-vs-Multispectral\data\raw\rgb\Residential\Residential_1369.jpg,7,Residential,7,Residential,0.9997194409370422,True,-6.0339026,-3.5589745
1621,C:\Users\DELL Precision 5550\Documents\GitHub\Terrasight-Eurosat-RGB-vs-Multispectral\data\raw\rgb\Forest\Forest_1486.jpg,1,Forest,1,Forest,0.9982503056526184,True,13.132102,-1.4766495
1622,C:\Users\DELL Precision 5550\Documents\GitHub\Terrasight-Eurosat-RGB-vs-Multispectral\data\raw\rgb\HerbaceousVegetation\HerbaceousVegetation_105.jpg,2,HerbaceousVegetation,2,HerbaceousVegetation,0.9999098777770996,True,4.659871,0.82591915
1623,C:\Users\DELL Precision 5550\Documents\GitHub\Terrasight-Eurosat-RGB-vs-Multispectral\data\raw\rgb\Industrial\Industrial_1037.jpg,4,Industrial,4,Industrial,0.9973090887069702,True,-7.681301,1.271264
1624,C:\Users\DELL Precision 5550\Documents\GitHub\Terrasight-Eurosat-RGB-vs-Multispectral\data\raw\rgb\River\River_625.jpg,8,River,8,River,0.9999516010284424,True,5.439453,10.540841
1625,C:\Users\DELL Precision 5550\Documents\GitHub\Terrasight-Eurosat-RGB-vs-Multispectral\data\raw\rgb\Industrial\Industrial_1500.jpg,4,Industrial,4,Industrial,0.9986013770103455,True,-7.911361,1.2480986
1626,C:\Users\DELL Precision 5550\Documents\GitHub\Terrasight-Eurosat-RGB-vs-Multispectral\data\raw\rgb\Residential\Residential_333.jpg,7,Residential,7,Residential,0.894314169883728,True,-6.191973,-2.7938828
1627,C:\Users\DELL Precision 5550\Documents\GitHub\Terrasight-Eurosat-RGB-vs-Multispectral\data\raw\rgb\PermanentCrop\PermanentCrop_898.jpg,6,PermanentCrop,6,PermanentCrop,0.9998683929443359,True,1.507417,4.2619348
1628,C:\Users\DELL Precision 5550\Documents\GitHub\Terrasight-Eurosat-RGB-vs-Multispectral\data\raw\rgb\AnnualCrop\AnnualCrop_2014.jpg,0,AnnualCrop,0,AnnualCrop,0.9937735199928284,True,3.0548525,13.752753
1629,C:\Users\DELL Precision 5550\Documents\GitHub\Terrasight-Eurosat-RGB-vs-Multispectral\data\raw\rgb\River\River_55.jpg,8,River,8,River,0.999976634979248,True,5.38105,10.6083
1630,C:\Users\DELL Precision 5550\Documents\GitHub\Terrasight-Eurosat-RGB-vs-Multispectral\data\raw\rgb\AnnualCrop\AnnualCrop_113.jpg,0,AnnualCrop,0,AnnualCrop,0.9483633637428284,True,3.0054839,12.789485
1631,C:\Users\DELL Precision 5550\Documents\GitHub\Terrasight-Eurosat-RGB-vs-Multispectral\data\raw\rgb\Residential\Residential_1900.jpg,7,Residential,7,Residential,0.991571307182312,True,-5.9431214,-3.2155235
1632,C:\Users\DELL Precision 5550\Documents\GitHub\Terrasight-Eurosat-RGB-vs-Multispectral\data\raw\rgb\River\River_1150.jpg,8,River,8,River,0.9987308382987976,True,5.0963798,10.256828
1633,C:\Users\DELL Precision 5550\Documents\GitHub\Terrasight-Eurosat-RGB-vs-Multispectral\data\raw\rgb\AnnualCrop\AnnualCrop_2855.jpg,0,AnnualCrop,0,AnnualCrop,1.0,True,2.5407767,16.223436
1634,C:\Users\DELL Precision 5550\Documents\GitHub\Terrasight-Eurosat-RGB-vs-Multispectral\data\raw\rgb\Forest\Forest_1268.jpg,1,Forest,1,Forest,0.9995658993721008,True,14.147885,-0.8647843
1635,C:\Users\DELL Precision 5550\Documents\GitHub\Terrasight-Eurosat-RGB-vs-Multispectral\data\raw\rgb\HerbaceousVegetation\HerbaceousVegetation_644.jpg,2,HerbaceousVegetation,2,HerbaceousVegetation,0.8954468369483948,True,2.7640133,1.0155046
1636,C:\Users\DELL Precision 5550\Documents\GitHub\Terrasight-Eurosat-RGB-vs-Multispectral\data\raw\rgb\Residential\Residential_1768.jpg,7,Residential,7,Residential,0.85003262758255,True,-5.3687296,-2.2515934
1637,C:\Users\DELL Precision 5550\Documents\GitHub\Terrasight-Eurosat-RGB-vs-Multispectral\data\raw\rgb\AnnualCrop\AnnualCrop_170.jpg,0,AnnualCrop,0,AnnualCrop,0.9999926090240479,True,2.74869,15.23547
1638,C:\Users\DELL Precision 5550\Documents\GitHub\Terrasight-Eurosat-RGB-vs-Multispectral\data\raw\rgb\AnnualCrop\AnnualCrop_944.jpg,0,AnnualCrop,0,AnnualCrop,0.9820936322212219,True,2.6984138,13.903444
1639,C:\Users\DELL Precision 5550\Documents\GitHub\Terrasight-Eurosat-RGB-vs-Multispectral\data\raw\rgb\Forest\Forest_1568.jpg,1,Forest,1,Forest,0.9932199120521545,True,13.27781,-0.48548257
1640,C:\Users\DELL Precision 5550\Documents\GitHub\Terrasight-Eurosat-RGB-vs-Multispectral\data\raw\rgb\SeaLake\SeaLake_2078.jpg,9,SeaLake,9,SeaLake,0.9960274696350098,True,15.768467,10.615257
1641,C:\Users\DELL Precision 5550\Documents\GitHub\Terrasight-Eurosat-RGB-vs-Multispectral\data\raw\rgb\SeaLake\SeaLake_747.jpg,9,SeaLake,9,SeaLake,0.9996482133865356,True,16.469696,12.749732
1642,C:\Users\DELL Precision 5550\Documents\GitHub\Terrasight-Eurosat-RGB-vs-Multispectral\data\raw\rgb\AnnualCrop\AnnualCrop_2701.jpg,0,AnnualCrop,0,AnnualCrop,0.9999973773956299,True,2.2433295,14.583682
1643,C:\Users\DELL Precision 5550\Documents\GitHub\Terrasight-Eurosat-RGB-vs-Multispectral\data\raw\rgb\Pasture\Pasture_125.jpg,5,Pasture,5,Pasture,0.9986489415168762,True,6.9517994,5.7932053
1644,C:\Users\DELL Precision 5550\Documents\GitHub\Terrasight-Eurosat-RGB-vs-Multispectral\data\raw\rgb\AnnualCrop\AnnualCrop_1789.jpg,0,AnnualCrop,0,AnnualCrop,0.9997277855873108,True,2.882266,13.173062
1645,C:\Users\DELL Precision 5550\Documents\GitHub\Terrasight-Eurosat-RGB-vs-Multispectral\data\raw\rgb\Forest\Forest_53.jpg,1,Forest,1,Forest,0.9999905824661255,True,14.335861,-2.0118625
1646,C:\Users\DELL Precision 5550\Documents\GitHub\Terrasight-Eurosat-RGB-vs-Multispectral\data\raw\rgb\River\River_2353.jpg,8,River,8,River,0.9994829893112183,True,5.0067782,10.872692
1647,C:\Users\DELL Precision 5550\Documents\GitHub\Terrasight-Eurosat-RGB-vs-Multispectral\data\raw\rgb\AnnualCrop\AnnualCrop_23.jpg,0,AnnualCrop,0,AnnualCrop,0.9999836683273315,True,2.5637233,15.121035
1648,C:\Users\DELL Precision 5550\Documents\GitHub\Terrasight-Eurosat-RGB-vs-Multispectral\data\raw\rgb\SeaLake\SeaLake_2267.jpg,9,SeaLake,9,SeaLake,0.9997766613960266,True,16.558752,12.7364235
1649,C:\Users\DELL Precision 5550\Documents\GitHub\Terrasight-Eurosat-RGB-vs-Multispectral\data\raw\rgb\Highway\Highway_1777.jpg,3,Highway,3,Highway,0.5293163657188416,True,0.53937334,10.792365
1650,C:\Users\DELL Precision 5550\Documents\GitHub\Terrasight-Eurosat-RGB-vs-Multispectral\data\raw\rgb\Residential\Residential_1161.jpg,7,Residential,7,Residential,0.8962511420249939,True,-5.600627,-2.2754285
1651,C:\Users\DELL Precision 5550\Documents\GitHub\Terrasight-Eurosat-RGB-vs-Multispectral\data\raw\rgb\AnnualCrop\AnnualCrop_1561.jpg,0,AnnualCrop,0,AnnualCrop,0.9998599290847778,True,2.3645194,14.3825865
1652,C:\Users\DELL Precision 5550\Documents\GitHub\Terrasight-Eurosat-RGB-vs-Multispectral\data\raw\rgb\Residential\Residential_2991.jpg,7,Residential,7,Residential,0.9992683529853821,True,-6.0161023,-3.1541593
1653,C:\Users\DELL Precision 5550\Documents\GitHub\Terrasight-Eurosat-RGB-vs-Multispectral\data\raw\rgb\SeaLake\SeaLake_327.jpg,9,SeaLake,9,SeaLake,0.999710738658905,True,15.864491,10.57373
1654,C:\Users\DELL Precision 5550\Documents\GitHub\Terrasight-Eurosat-RGB-vs-Multispectral\data\raw\rgb\Industrial\Industrial_824.jpg,4,Industrial,4,Industrial,0.992588996887207,True,-7.5396614,1.0341206
1655,C:\Users\DELL Precision 5550\Documents\GitHub\Terrasight-Eurosat-RGB-vs-Multispectral\data\raw\rgb\SeaLake\SeaLake_2596.jpg,9,SeaLake,9,SeaLake,0.9999756813049316,True,16.671179,10.254719
1656,C:\Users\DELL Precision 5550\Documents\GitHub\Terrasight-Eurosat-RGB-vs-Multispectral\data\raw\rgb\Highway\Highway_500.jpg,3,Highway,3,Highway,0.999980092048645,True,-1.0608805,10.745557
1657,C:\Users\DELL Precision 5550\Documents\GitHub\Terrasight-Eurosat-RGB-vs-Multispectral\data\raw\rgb\Residential\Residential_1261.jpg,7,Residential,7,Residential,0.9949240684509277,True,-6.6164656,-3.7597048
1658,C:\Users\DELL Precision 5550\Documents\GitHub\Terrasight-Eurosat-RGB-vs-Multispectral\data\raw\rgb\PermanentCrop\PermanentCrop_251.jpg,6,PermanentCrop,6,PermanentCrop,0.5202634334564209,True,2.6375313,3.1262684
1659,C:\Users\DELL Precision 5550\Documents\GitHub\Terrasight-Eurosat-RGB-vs-Multispectral\data\raw\rgb\Residential\Residential_1945.jpg,7,Residential,7,Residential,0.9998119473457336,True,-5.339356,-4.264937
1660,C:\Users\DELL Precision 5550\Documents\GitHub\Terrasight-Eurosat-RGB-vs-Multispectral\data\raw\rgb\Pasture\Pasture_1265.jpg,5,Pasture,5,Pasture,0.9236578345298767,True,6.156807,5.0085115
1661,C:\Users\DELL Precision 5550\Documents\GitHub\Terrasight-Eurosat-RGB-vs-Multispectral\data\raw\rgb\Forest\Forest_1383.jpg,1,Forest,1,Forest,0.993458092212677,True,13.229565,-0.5927004
1662,C:\Users\DELL Precision 5550\Documents\GitHub\Terrasight-Eurosat-RGB-vs-Multispectral\data\raw\rgb\River\River_2334.jpg,8,River,8,River,0.9999947547912598,True,5.9310484,10.6121
1663,C:\Users\DELL Precision 5550\Documents\GitHub\Terrasight-Eurosat-RGB-vs-Multispectral\data\raw\rgb\SeaLake\SeaLake_1413.jpg,9,SeaLake,9,SeaLake,0.9997867941856384,True,17.56407,11.585372
1664,C:\Users\DELL Precision 5550\Documents\GitHub\Terrasight-Eurosat-RGB-vs-Multispectral\data\raw\rgb\HerbaceousVegetation\HerbaceousVegetation_2354.jpg,2,HerbaceousVegetation,2,HerbaceousVegetation,0.9934764504432678,True,3.0373833,1.5820056
1665,C:\Users\DELL Precision 5550\Documents\GitHub\Terrasight-Eurosat-RGB-vs-Multispectral\data\raw\rgb\Industrial\Industrial_2093.jpg,4,Industrial,4,Industrial,0.9858489036560059,True,-6.8005548,1.4340507
1666,C:\Users\DELL Precision 5550\Documents\GitHub\Terrasight-Eurosat-RGB-vs-Multispectral\data\raw\rgb\SeaLake\SeaLake_1105.jpg,9,SeaLake,9,SeaLake,0.9999600648880005,True,17.208735,13.020923
1667,C:\Users\DELL Precision 5550\Documents\GitHub\Terrasight-Eurosat-RGB-vs-Multispectral\data\raw\rgb\Highway\Highway_2108.jpg,3,Highway,3,Highway,0.9999028444290161,True,-1.0994188,10.246309
1668,C:\Users\DELL Precision 5550\Documents\GitHub\Terrasight-Eurosat-RGB-vs-Multispectral\data\raw\rgb\SeaLake\SeaLake_60.jpg,9,SeaLake,9,SeaLake,0.9999581575393677,True,17.379019,12.35678
1669,C:\Users\DELL Precision 5550\Documents\GitHub\Terrasight-Eurosat-RGB-vs-Multispectral\data\raw\rgb\Industrial\Industrial_1852.jpg,4,Industrial,4,Industrial,0.9997521042823792,True,-8.356027,1.5078925
1670,C:\Users\DELL Precision 5550\Documents\GitHub\Terrasight-Eurosat-RGB-vs-Multispectral\data\raw\rgb\River\River_2467.jpg,8,River,8,River,0.9988092184066772,True,5.056405,10.357833
1671,C:\Users\DELL Precision 5550\Documents\GitHub\Terrasight-Eurosat-RGB-vs-Multispectral\data\raw\rgb\Residential\Residential_2814.jpg,7,Residential,7,Residential,0.9999704360961914,True,-6.325954,-4.854804
1672,C:\Users\DELL Precision 5550\Documents\GitHub\Terrasight-Eurosat-RGB-vs-Multispectral\data\raw\rgb\Residential\Residential_1199.jpg,7,Residential,7,Residential,0.9829833507537842,True,-5.0743246,-2.5640452
1673,C:\Users\DELL Precision 5550\Documents\GitHub\Terrasight-Eurosat-RGB-vs-Multispectral\data\raw\rgb\River\River_1233.jpg,8,River,8,River,0.9999997615814209,True,6.96529,10.990524
1674,C:\Users\DELL Precision 5550\Documents\GitHub\Terrasight-Eurosat-RGB-vs-Multispectral\data\raw\rgb\HerbaceousVegetation\HerbaceousVegetation_146.jpg,2,HerbaceousVegetation,2,HerbaceousVegetation,0.999994158744812,True,2.937231,0.67302674
1675,C:\Users\DELL Precision 5550\Documents\GitHub\Terrasight-Eurosat-RGB-vs-Multispectral\data\raw\rgb\SeaLake\SeaLake_1663.jpg,9,SeaLake,9,SeaLake,0.9999486207962036,True,16.552904,10.270655
1676,C:\Users\DELL Precision 5550\Documents\GitHub\Terrasight-Eurosat-RGB-vs-Multispectral\data\raw\rgb\PermanentCrop\PermanentCrop_1794.jpg,6,PermanentCrop,6,PermanentCrop,0.9999680519104004,True,1.1678247,3.9294357
1677,C:\Users\DELL Precision 5550\Documents\GitHub\Terrasight-Eurosat-RGB-vs-Multispectral\data\raw\rgb\Pasture\Pasture_1458.jpg,5,Pasture,5,Pasture,0.9974808096885681,True,7.006058,5.2062607
1678,C:\Users\DELL Precision 5550\Documents\GitHub\Terrasight-Eurosat-RGB-vs-Multispectral\data\raw\rgb\HerbaceousVegetation\HerbaceousVegetation_2767.jpg,2,HerbaceousVegetation,2,HerbaceousVegetation,0.9982972741127014,True,4.512181,0.6066724
1679,C:\Users\DELL Precision 5550\Documents\GitHub\Terrasight-Eurosat-RGB-vs-Multispectral\data\raw\rgb\River\River_461.jpg,8,River,8,River,0.9999656677246094,True,6.1846304,10.159379
1680,C:\Users\DELL Precision 5550\Documents\GitHub\Terrasight-Eurosat-RGB-vs-Multispectral\data\raw\rgb\Highway\Highway_374.jpg,3,Highway,3,Highway,0.9994627833366394,True,-0.38336664,10.854208
1681,C:\Users\DELL Precision 5550\Documents\GitHub\Terrasight-Eurosat-RGB-vs-Multispectral\data\raw\rgb\River\River_880.jpg,8,River,8,River,0.9774622917175293,True,4.3815203,10.876704
1682,C:\Users\DELL Precision 5550\Documents\GitHub\Terrasight-Eurosat-RGB-vs-Multispectral\data\raw\rgb\Industrial\Industrial_1499.jpg,4,Industrial,4,Industrial,0.9999979734420776,True,-8.994566,1.8457849
1683,C:\Users\DELL Precision 5550\Documents\GitHub\Terrasight-Eurosat-RGB-vs-Multispectral\data\raw\rgb\Highway\Highway_1690.jpg,3,Highway,3,Highway,0.9952830672264099,True,0.30191272,10.067143
1684,C:\Users\DELL Precision 5550\Documents\GitHub\Terrasight-Eurosat-RGB-vs-Multispectral\data\raw\rgb\River\River_83.jpg,8,River,8,River,0.8974107503890991,True,4.2773633,10.648407
1685,C:\Users\DELL Precision 5550\Documents\GitHub\Terrasight-Eurosat-RGB-vs-Multispectral\data\raw\rgb\HerbaceousVegetation\HerbaceousVegetation_2204.jpg,2,HerbaceousVegetation,2,HerbaceousVegetation,0.999769389629364,True,4.2206106,0.33158895
1686,C:\Users\DELL Precision 5550\Documents\GitHub\Terrasight-Eurosat-RGB-vs-Multispectral\data\raw\rgb\Pasture\Pasture_1747.jpg,5,Pasture,5,Pasture,0.9522629380226135,True,6.852668,4.971724
1687,C:\Users\DELL Precision 5550\Documents\GitHub\Terrasight-Eurosat-RGB-vs-Multispectral\data\raw\rgb\HerbaceousVegetation\HerbaceousVegetation_2732.jpg,2,HerbaceousVegetation,2,HerbaceousVegetation,1.0,True,3.4541779,-0.44833937
1688,C:\Users\DELL Precision 5550\Documents\GitHub\Terrasight-Eurosat-RGB-vs-Multispectral\data\raw\rgb\River\River_2111.jpg,8,River,8,River,0.8075641393661499,True,4.3451114,10.346192
1689,C:\Users\DELL Precision 5550\Documents\GitHub\Terrasight-Eurosat-RGB-vs-Multispectral\data\raw\rgb\Residential\Residential_1646.jpg,7,Residential,7,Residential,0.9999765157699585,True,-5.6061454,-4.268147
1690,C:\Users\DELL Precision 5550\Documents\GitHub\Terrasight-Eurosat-RGB-vs-Multispectral\data\raw\rgb\AnnualCrop\AnnualCrop_53.jpg,0,AnnualCrop,0,AnnualCrop,0.9998103976249695,True,2.7217479,14.342213
1691,C:\Users\DELL Precision 5550\Documents\GitHub\Terrasight-Eurosat-RGB-vs-Multispectral\data\raw\rgb\PermanentCrop\PermanentCrop_638.jpg,6,PermanentCrop,6,PermanentCrop,0.9850634336471558,True,1.6097056,4.860633
1692,C:\Users\DELL Precision 5550\Documents\GitHub\Terrasight-Eurosat-RGB-vs-Multispectral\data\raw\rgb\Residential\Residential_2741.jpg,7,Residential,7,Residential,0.9997333884239197,True,-5.5595613,-3.6616342
1693,C:\Users\DELL Precision 5550\Documents\GitHub\Terrasight-Eurosat-RGB-vs-Multispectral\data\raw\rgb\AnnualCrop\AnnualCrop_1375.jpg,0,AnnualCrop,0,AnnualCrop,0.9963915944099426,True,2.6438224,13.76846
1694,C:\Users\DELL Precision 5550\Documents\GitHub\Terrasight-Eurosat-RGB-vs-Multispectral\data\raw\rgb\River\River_1349.jpg,8,River,8,River,0.9999880790710449,True,6.126514,10.720571
1695,C:\Users\DELL Precision 5550\Documents\GitHub\Terrasight-Eurosat-RGB-vs-Multispectral\data\raw\rgb\Industrial\Industrial_1814.jpg,4,Industrial,4,Industrial,0.9996968507766724,True,-8.557889,1.5685153
1696,C:\Users\DELL Precision 5550\Documents\GitHub\Terrasight-Eurosat-RGB-vs-Multispectral\data\raw\rgb\Residential\Residential_1859.jpg,7,Residential,7,Residential,0.9729551076889038,True,-6.0183525,-2.665879
1697,C:\Users\DELL Precision 5550\Documents\GitHub\Terrasight-Eurosat-RGB-vs-Multispectral\data\raw\rgb\Residential\Residential_1550.jpg,7,Residential,7,Residential,0.9991311430931091,True,-5.326264,-4.1115847
1698,C:\Users\DELL Precision 5550\Documents\GitHub\Terrasight-Eurosat-RGB-vs-Multispectral\data\raw\rgb\Highway\Highway_1097.jpg,3,Highway,3,Highway,0.9949106574058533,True,-0.44174096,9.551887
1699,C:\Users\DELL Precision 5550\Documents\GitHub\Terrasight-Eurosat-RGB-vs-Multispectral\data\raw\rgb\HerbaceousVegetation\HerbaceousVegetation_1741.jpg,2,HerbaceousVegetation,2,HerbaceousVegetation,0.999948263168335,True,4.539506,0.6323064
1700,C:\Users\DELL Precision 5550\Documents\GitHub\Terrasight-Eurosat-RGB-vs-Multispectral\data\raw\rgb\River\River_1845.jpg,8,River,8,River,0.9999957084655762,True,6.1627,10.671774
1701,C:\Users\DELL Precision 5550\Documents\GitHub\Terrasight-Eurosat-RGB-vs-Multispectral\data\raw\rgb\Residential\Residential_1732.jpg,7,Residential,7,Residential,0.5973876118659973,True,-5.4766216,-2.1587844
1702,C:\Users\DELL Precision 5550\Documents\GitHub\Terrasight-Eurosat-RGB-vs-Multispectral\data\raw\rgb\Forest\Forest_473.jpg,1,Forest,1,Forest,0.9998810291290283,True,13.361615,-0.9750511
1703,C:\Users\DELL Precision 5550\Documents\GitHub\Terrasight-Eurosat-RGB-vs-Multispectral\data\raw\rgb\SeaLake\SeaLake_1540.jpg,9,SeaLake,9,SeaLake,0.9975818395614624,True,15.7936735,10.840323
1704,C:\Users\DELL Precision 5550\Documents\GitHub\Terrasight-Eurosat-RGB-vs-Multispectral\data\raw\rgb\Residential\Residential_953.jpg,7,Residential,7,Residential,0.9903256893157959,True,-5.090867,-2.637573
1705,C:\Users\DELL Precision 5550\Documents\GitHub\Terrasight-Eurosat-RGB-vs-Multispectral\data\raw\rgb\AnnualCrop\AnnualCrop_1084.jpg,0,AnnualCrop,0,AnnualCrop,0.9362742304801941,True,2.877579,12.154677
1706,C:\Users\DELL Precision 5550\Documents\GitHub\Terrasight-Eurosat-RGB-vs-Multispectral\data\raw\rgb\Forest\Forest_2325.jpg,1,Forest,1,Forest,0.9999959468841553,True,14.083078,-2.5637171
1707,C:\Users\DELL Precision 5550\Documents\GitHub\Terrasight-Eurosat-RGB-vs-Multispectral\data\raw\rgb\SeaLake\SeaLake_398.jpg,9,SeaLake,9,SeaLake,0.9999173879623413,True,16.792078,10.63792
1708,C:\Users\DELL Precision 5550\Documents\GitHub\Terrasight-Eurosat-RGB-vs-Multispectral\data\raw\rgb\Industrial\Industrial_20.jpg,4,Industrial,4,Industrial,0.99981290102005,True,-8.329294,1.8605369
1709,C:\Users\DELL Precision 5550\Documents\GitHub\Terrasight-Eurosat-RGB-vs-Multispectral\data\raw\rgb\Industrial\Industrial_2198.jpg,4,Industrial,4,Industrial,0.99810791015625,True,-7.3697867,1.7047408
1710,C:\Users\DELL Precision 5550\Documents\GitHub\Terrasight-Eurosat-RGB-vs-Multispectral\data\raw\rgb\Forest\Forest_874.jpg,1,Forest,1,Forest,0.9999990463256836,True,14.724067,-3.467408
1711,C:\Users\DELL Precision 5550\Documents\GitHub\Terrasight-Eurosat-RGB-vs-Multispectral\data\raw\rgb\AnnualCrop\AnnualCrop_1704.jpg,0,AnnualCrop,0,AnnualCrop,0.8704954981803894,True,2.7707913,11.377533
1712,C:\Users\DELL Precision 5550\Documents\GitHub\Terrasight-Eurosat-RGB-vs-Multispectral\data\raw\rgb\Pasture\Pasture_216.jpg,5,Pasture,5,Pasture,0.9997389912605286,True,7.2615786,5.390396
1713,C:\Users\DELL Precision 5550\Documents\GitHub\Terrasight-Eurosat-RGB-vs-Multispectral\data\raw\rgb\Highway\Highway_1494.jpg,3,Highway,3,Highway,0.9188605546951294,True,0.008912752,9.455749
1714,C:\Users\DELL Precision 5550\Documents\GitHub\Terrasight-Eurosat-RGB-vs-Multispectral\data\raw\rgb\AnnualCrop\AnnualCrop_2363.jpg,0,AnnualCrop,0,AnnualCrop,0.9569317102432251,True,2.5739589,12.016361
1715,C:\Users\DELL Precision 5550\Documents\GitHub\Terrasight-Eurosat-RGB-vs-Multispectral\data\raw\rgb\River\River_67.jpg,8,River,8,River,0.9999959468841553,True,6.246212,10.151721
1716,C:\Users\DELL Precision 5550\Documents\GitHub\Terrasight-Eurosat-RGB-vs-Multispectral\data\raw\rgb\Residential\Residential_893.jpg,7,Residential,7,Residential,0.9850271940231323,True,-6.70857,-3.9109056
1717,C:\Users\DELL Precision 5550\Documents\GitHub\Terrasight-Eurosat-RGB-vs-Multispectral\data\raw\rgb\Industrial\Industrial_332.jpg,4,Industrial,4,Industrial,0.9982131719589233,True,-7.4494176,1.8613143
1718,C:\Users\DELL Precision 5550\Documents\GitHub\Terrasight-Eurosat-RGB-vs-Multispectral\data\raw\rgb\Highway\Highway_45.jpg,3,Highway,3,Highway,0.9999662637710571,True,-0.7640312,10.841734
1719,C:\Users\DELL Precision 5550\Documents\GitHub\Terrasight-Eurosat-RGB-vs-Multispectral\data\raw\rgb\River\River_1912.jpg,8,River,8,River,1.0,True,7.044425,10.977064
1720,C:\Users\DELL Precision 5550\Documents\GitHub\Terrasight-Eurosat-RGB-vs-Multispectral\data\raw\rgb\AnnualCrop\AnnualCrop_5.jpg,0,AnnualCrop,0,AnnualCrop,0.9411419630050659,True,3.1876395,11.9531145
1721,C:\Users\DELL Precision 5550\Documents\GitHub\Terrasight-Eurosat-RGB-vs-Multispectral\data\raw\rgb\Highway\Highway_2284.jpg,3,Highway,3,Highway,0.9999821186065674,True,-1.2787875,10.729213
1722,C:\Users\DELL Precision 5550\Documents\GitHub\Terrasight-Eurosat-RGB-vs-Multispectral\data\raw\rgb\Residential\Residential_1035.jpg,7,Residential,7,Residential,0.9999903440475464,True,-6.4623537,-4.8832517
1723,C:\Users\DELL Precision 5550\Documents\GitHub\Terrasight-Eurosat-RGB-vs-Multispectral\data\raw\rgb\HerbaceousVegetation\HerbaceousVegetation_2408.jpg,2,HerbaceousVegetation,2,HerbaceousVegetation,0.9998518228530884,True,3.922652,1.4591144
1724,C:\Users\DELL Precision 5550\Documents\GitHub\Terrasight-Eurosat-RGB-vs-Multispectral\data\raw\rgb\Industrial\Industrial_536.jpg,4,Industrial,4,Industrial,0.9995875954627991,True,-7.86192,1.8747135
1725,C:\Users\DELL Precision 5550\Documents\GitHub\Terrasight-Eurosat-RGB-vs-Multispectral\data\raw\rgb\Forest\Forest_316.jpg,1,Forest,1,Forest,0.9985525012016296,True,14.111872,-1.2121105
1726,C:\Users\DELL Precision 5550\Documents\GitHub\Terrasight-Eurosat-RGB-vs-Multispectral\data\raw\rgb\Residential\Residential_1880.jpg,7,Residential,7,Residential,0.9992480874061584,True,-5.070245,-3.3441405
1727,C:\Users\DELL Precision 5550\Documents\GitHub\Terrasight-Eurosat-RGB-vs-Multispectral\data\raw\rgb\Industrial\Industrial_943.jpg,4,Industrial,4,Industrial,0.9995518326759338,True,-8.494431,1.1810852
1728,C:\Users\DELL Precision 5550\Documents\GitHub\Terrasight-Eurosat-RGB-vs-Multispectral\data\raw\rgb\PermanentCrop\PermanentCrop_2279.jpg,6,PermanentCrop,6,PermanentCrop,0.9995306730270386,True,1.3882011,3.4128962
1729,C:\Users\DELL Precision 5550\Documents\GitHub\Terrasight-Eurosat-RGB-vs-Multispectral\data\raw\rgb\AnnualCrop\AnnualCrop_710.jpg,0,AnnualCrop,0,AnnualCrop,0.9999980926513672,True,2.2560277,15.04095
1730,C:\Users\DELL Precision 5550\Documents\GitHub\Terrasight-Eurosat-RGB-vs-Multispectral\data\raw\rgb\Forest\Forest_231.jpg,1,Forest,1,Forest,0.9873818755149841,True,13.697384,-0.5071584
1731,C:\Users\DELL Precision 5550\Documents\GitHub\Terrasight-Eurosat-RGB-vs-Multispectral\data\raw\rgb\River\River_1521.jpg,8,River,8,River,0.999954342842102,True,5.312802,10.920934
1732,C:\Users\DELL Precision 5550\Documents\GitHub\Terrasight-Eurosat-RGB-vs-Multispectral\data\raw\rgb\AnnualCrop\AnnualCrop_794.jpg,0,AnnualCrop,0,AnnualCrop,0.9941587448120117,True,2.9128573,13.279186
1733,C:\Users\DELL Precision 5550\Documents\GitHub\Terrasight-Eurosat-RGB-vs-Multispectral\data\raw\rgb\River\River_1476.jpg,8,River,8,River,0.9890600442886353,True,4.7895164,9.811756
1734,C:\Users\DELL Precision 5550\Documents\GitHub\Terrasight-Eurosat-RGB-vs-Multispectral\data\raw\rgb\Forest\Forest_2585.jpg,1,Forest,1,Forest,0.9989614486694336,True,13.38114,-1.937355
1735,C:\Users\DELL Precision 5550\Documents\GitHub\Terrasight-Eurosat-RGB-vs-Multispectral\data\raw\rgb\Industrial\Industrial_2256.jpg,4,Industrial,4,Industrial,0.9998290538787842,True,-8.103567,1.875374
1736,C:\Users\DELL Precision 5550\Documents\GitHub\Terrasight-Eurosat-RGB-vs-Multispectral\data\raw\rgb\Highway\Highway_1014.jpg,3,Highway,3,Highway,0.9971323013305664,True,-0.56380105,10.35621
1737,C:\Users\DELL Precision 5550\Documents\GitHub\Terrasight-Eurosat-RGB-vs-Multispectral\data\raw\rgb\PermanentCrop\PermanentCrop_988.jpg,6,PermanentCrop,6,PermanentCrop,0.6836962699890137,True,2.9331193,4.1081324
1738,C:\Users\DELL Precision 5550\Documents\GitHub\Terrasight-Eurosat-RGB-vs-Multispectral\data\raw\rgb\Forest\Forest_1820.jpg,1,Forest,1,Forest,0.999687671661377,True,13.662385,-2.7636
1739,C:\Users\DELL Precision 5550\Documents\GitHub\Terrasight-Eurosat-RGB-vs-Multispectral\data\raw\rgb\HerbaceousVegetation\HerbaceousVegetation_418.jpg,2,HerbaceousVegetation,2,HerbaceousVegetation,0.9999501705169678,True,4.042155,0.10899511
1740,C:\Users\DELL Precision 5550\Documents\GitHub\Terrasight-Eurosat-RGB-vs-Multispectral\data\raw\rgb\River\River_210.jpg,8,River,0,AnnualCrop,0.4792431592941284,False,3.442802,11.385191
1741,C:\Users\DELL Precision 5550\Documents\GitHub\Terrasight-Eurosat-RGB-vs-Multispectral\data\raw\rgb\Industrial\Industrial_72.jpg,4,Industrial,4,Industrial,0.9903427362442017,True,-7.437948,2.0173266
1742,C:\Users\DELL Precision 5550\Documents\GitHub\Terrasight-Eurosat-RGB-vs-Multispectral\data\raw\rgb\Residential\Residential_786.jpg,7,Residential,7,Residential,0.9778926968574524,True,-5.9648848,-3.1403553
1743,C:\Users\DELL Precision 5550\Documents\GitHub\Terrasight-Eurosat-RGB-vs-Multispectral\data\raw\rgb\Residential\Residential_766.jpg,7,Residential,7,Residential,0.9998500347137451,True,-5.225182,-3.4792778
1744,C:\Users\DELL Precision 5550\Documents\GitHub\Terrasight-Eurosat-RGB-vs-Multispectral\data\raw\rgb\AnnualCrop\AnnualCrop_2190.jpg,0,AnnualCrop,0,AnnualCrop,0.9999997615814209,True,2.4959898,15.779177
1745,C:\Users\DELL Precision 5550\Documents\GitHub\Terrasight-Eurosat-RGB-vs-Multispectral\data\raw\rgb\Industrial\Industrial_1534.jpg,4,Industrial,4,Industrial,0.9982070922851562,True,-7.2286572,1.4730315
1746,C:\Users\DELL Precision 5550\Documents\GitHub\Terrasight-Eurosat-RGB-vs-Multispectral\data\raw\rgb\PermanentCrop\PermanentCrop_1465.jpg,6,PermanentCrop,6,PermanentCrop,0.9971134662628174,True,2.2089846,4.245105
1747,C:\Users\DELL Precision 5550\Documents\GitHub\Terrasight-Eurosat-RGB-vs-Multispectral\data\raw\rgb\AnnualCrop\AnnualCrop_267.jpg,0,AnnualCrop,0,AnnualCrop,0.9948219060897827,True,2.831734,11.884894
1748,C:\Users\DELL Precision 5550\Documents\GitHub\Terrasight-Eurosat-RGB-vs-Multispectral\data\raw\rgb\Highway\Highway_2409.jpg,3,Highway,3,Highway,0.9983417987823486,True,-0.13078801,10.544142
1749,C:\Users\DELL Precision 5550\Documents\GitHub\Terrasight-Eurosat-RGB-vs-Multispectral\data\raw\rgb\SeaLake\SeaLake_1583.jpg,9,SeaLake,9,SeaLake,0.9997854828834534,True,16.499166,12.625096
1750,C:\Users\DELL Precision 5550\Documents\GitHub\Terrasight-Eurosat-RGB-vs-Multispectral\data\raw\rgb\HerbaceousVegetation\HerbaceousVegetation_163.jpg,2,HerbaceousVegetation,2,HerbaceousVegetation,0.9999716281890869,True,4.660561,0.66733086
1751,C:\Users\DELL Precision 5550\Documents\GitHub\Terrasight-Eurosat-RGB-vs-Multispectral\data\raw\rgb\Pasture\Pasture_1354.jpg,5,Pasture,5,Pasture,0.992378830909729,True,6.7941666,4.917219
1752,C:\Users\DELL Precision 5550\Documents\GitHub\Terrasight-Eurosat-RGB-vs-Multispectral\data\raw\rgb\Industrial\Industrial_288.jpg,4,Industrial,4,Industrial,0.9991052746772766,True,-7.8665724,1.4973531
1753,C:\Users\DELL Precision 5550\Documents\GitHub\Terrasight-Eurosat-RGB-vs-Multispectral\data\raw\rgb\Industrial\Industrial_1945.jpg,4,Industrial,4,Industrial,0.9999994039535522,True,-8.980843,1.8948528
1754,C:\Users\DELL Precision 5550\Documents\GitHub\Terrasight-Eurosat-RGB-vs-Multispectral\data\raw\rgb\Pasture\Pasture_441.jpg,5,Pasture,5,Pasture,0.9999982118606567,True,8.007986,5.571189
1755,C:\Users\DELL Precision 5550\Documents\GitHub\Terrasight-Eurosat-RGB-vs-Multispectral\data\raw\rgb\Highway\Highway_15.jpg,3,Highway,3,Highway,0.9996923208236694,True,-0.8922485,10.938616
1756,C:\Users\DELL Precision 5550\Documents\GitHub\Terrasight-Eurosat-RGB-vs-Multispectral\data\raw\rgb\Highway\Highway_2170.jpg,3,Highway,3,Highway,0.9966838955879211,True,0.2818594,9.830999
1757,C:\Users\DELL Precision 5550\Documents\GitHub\Terrasight-Eurosat-RGB-vs-Multispectral\data\raw\rgb\Forest\Forest_1895.jpg,1,Forest,1,Forest,0.999998927116394,True,14.567974,-2.7560914
1758,C:\Users\DELL Precision 5550\Documents\GitHub\Terrasight-Eurosat-RGB-vs-Multispectral\data\raw\rgb\PermanentCrop\PermanentCrop_2101.jpg,6,PermanentCrop,6,PermanentCrop,0.9995201826095581,True,1.3042148,3.3682716
1759,C:\Users\DELL Precision 5550\Documents\GitHub\Terrasight-Eurosat-RGB-vs-Multispectral\data\raw\rgb\Pasture\Pasture_1463.jpg,5,Pasture,5,Pasture,0.9984191656112671,True,6.61274,5.2070765
1760,C:\Users\DELL Precision 5550\Documents\GitHub\Terrasight-Eurosat-RGB-vs-Multispectral\data\raw\rgb\Forest\Forest_1167.jpg,1,Forest,1,Forest,0.9962651133537292,True,13.126411,-1.5084931
1761,C:\Users\DELL Precision 5550\Documents\GitHub\Terrasight-Eurosat-RGB-vs-Multispectral\data\raw\rgb\Forest\Forest_102.jpg,1,Forest,1,Forest,0.9999994039535522,True,14.968496,-2.0835037
1762,C:\Users\DELL Precision 5550\Documents\GitHub\Terrasight-Eurosat-RGB-vs-Multispectral\data\raw\rgb\AnnualCrop\AnnualCrop_890.jpg,0,AnnualCrop,0,AnnualCrop,0.5429393649101257,True,3.2151387,11.865235
1763,C:\Users\DELL Precision 5550\Documents\GitHub\Terrasight-Eurosat-RGB-vs-Multispectral\data\raw\rgb\SeaLake\SeaLake_1168.jpg,9,SeaLake,9,SeaLake,0.9983900785446167,True,15.963016,10.628306
1764,C:\Users\DELL Precision 5550\Documents\GitHub\Terrasight-Eurosat-RGB-vs-Multispectral\data\raw\rgb\AnnualCrop\AnnualCrop_1301.jpg,0,AnnualCrop,0,AnnualCrop,0.9999667406082153,True,2.5927124,15.322828
1765,C:\Users\DELL Precision 5550\Documents\GitHub\Terrasight-Eurosat-RGB-vs-Multispectral\data\raw\rgb\Residential\Residential_1373.jpg,7,Residential,7,Residential,0.999705970287323,True,-5.306463,-4.2154098
1766,C:\Users\DELL Precision 5550\Documents\GitHub\Terrasight-Eurosat-RGB-vs-Multispectral\data\raw\rgb\HerbaceousVegetation\HerbaceousVegetation_2423.jpg,2,HerbaceousVegetation,2,HerbaceousVegetation,0.9999125003814697,True,4.206881,0.90253776
1767,C:\Users\DELL Precision 5550\Documents\GitHub\Terrasight-Eurosat-RGB-vs-Multispectral\data\raw\rgb\Residential\Residential_2547.jpg,7,Residential,7,Residential,0.9920393228530884,True,-4.869392,-2.865999
1768,C:\Users\DELL Precision 5550\Documents\GitHub\Terrasight-Eurosat-RGB-vs-Multispectral\data\raw\rgb\SeaLake\SeaLake_218.jpg,9,SeaLake,9,SeaLake,0.9999996423721313,True,17.395857,13.1520195
1769,C:\Users\DELL Precision 5550\Documents\GitHub\Terrasight-Eurosat-RGB-vs-Multispectral\data\raw\rgb\HerbaceousVegetation\HerbaceousVegetation_1139.jpg,2,HerbaceousVegetation,2,HerbaceousVegetation,0.9999974966049194,True,3.7602224,-0.32925427
1770,C:\Users\DELL Precision 5550\Documents\GitHub\Terrasight-Eurosat-RGB-vs-Multispectral\data\raw\rgb\Residential\Residential_335.jpg,7,Residential,7,Residential,0.9990567564964294,True,-5.031316,-3.0317276
1771,C:\Users\DELL Precision 5550\Documents\GitHub\Terrasight-Eurosat-RGB-vs-Multispectral\data\raw\rgb\River\River_1033.jpg,8,River,8,River,0.9998418092727661,True,5.449016,10.561916
1772,C:\Users\DELL Precision 5550\Documents\GitHub\Terrasight-Eurosat-RGB-vs-Multispectral\data\raw\rgb\Residential\Residential_1852.jpg,7,Residential,7,Residential,0.9981533885002136,True,-5.7249722,-2.983787
1773,C:\Users\DELL Precision 5550\Documents\GitHub\Terrasight-Eurosat-RGB-vs-Multispectral\data\raw\rgb\Pasture\Pasture_591.jpg,5,Pasture,5,Pasture,0.9862252473831177,True,6.586979,4.8384895
1774,C:\Users\DELL Precision 5550\Documents\GitHub\Terrasight-Eurosat-RGB-vs-Multispectral\data\raw\rgb\SeaLake\SeaLake_2886.jpg,9,SeaLake,9,SeaLake,0.9999634027481079,True,16.722855,10.30467
1775,C:\Users\DELL Precision 5550\Documents\GitHub\Terrasight-Eurosat-RGB-vs-Multispectral\data\raw\rgb\SeaLake\SeaLake_1078.jpg,9,SeaLake,9,SeaLake,0.9998635053634644,True,17.536236,11.965593
1776,C:\Users\DELL Precision 5550\Documents\GitHub\Terrasight-Eurosat-RGB-vs-Multispectral\data\raw\rgb\River\River_1636.jpg,8,River,8,River,0.999273955821991,True,4.903485,10.056639
1777,C:\Users\DELL Precision 5550\Documents\GitHub\Terrasight-Eurosat-RGB-vs-Multispectral\data\raw\rgb\River\River_1894.jpg,8,River,8,River,0.9998230338096619,True,5.3302484,10.569222
1778,C:\Users\DELL Precision 5550\Documents\GitHub\Terrasight-Eurosat-RGB-vs-Multispectral\data\raw\rgb\Forest\Forest_75.jpg,1,Forest,1,Forest,0.9999877214431763,True,14.6926,-2.8197339
1779,C:\Users\DELL Precision 5550\Documents\GitHub\Terrasight-Eurosat-RGB-vs-Multispectral\data\raw\rgb\PermanentCrop\PermanentCrop_61.jpg,6,PermanentCrop,6,PermanentCrop,0.978671133518219,True,1.9916227,4.8184667
1780,C:\Users\DELL Precision 5550\Documents\GitHub\Terrasight-Eurosat-RGB-vs-Multispectral\data\raw\rgb\Residential\Residential_1727.jpg,7,Residential,7,Residential,0.9999983310699463,True,-6.354193,-4.8919015
1781,C:\Users\DELL Precision 5550\Documents\GitHub\Terrasight-Eurosat-RGB-vs-Multispectral\data\raw\rgb\River\River_1965.jpg,8,River,3,Highway,0.8918288350105286,False,0.02175692,10.563414
1782,C:\Users\DELL Precision 5550\Documents\GitHub\Terrasight-Eurosat-RGB-vs-Multispectral\data\raw\rgb\HerbaceousVegetation\HerbaceousVegetation_1473.jpg,2,HerbaceousVegetation,2,HerbaceousVegetation,0.9999983310699463,True,3.283126,0.69740385
1783,C:\Users\DELL Precision 5550\Documents\GitHub\Terrasight-Eurosat-RGB-vs-Multispectral\data\raw\rgb\Residential\Residential_392.jpg,7,Residential,7,Residential,0.9960992336273193,True,-5.0912275,-2.7690623
1784,C:\Users\DELL Precision 5550\Documents\GitHub\Terrasight-Eurosat-RGB-vs-Multispectral\data\raw\rgb\Forest\Forest_2477.jpg,1,Forest,1,Forest,0.9999949932098389,True,14.619036,-2.9952624
1785,C:\Users\DELL Precision 5550\Documents\GitHub\Terrasight-Eurosat-RGB-vs-Multispectral\data\raw\rgb\SeaLake\SeaLake_2639.jpg,9,SeaLake,9,SeaLake,0.9994227886199951,True,15.865955,11.533792
1786,C:\Users\DELL Precision 5550\Documents\GitHub\Terrasight-Eurosat-RGB-vs-Multispectral\data\raw\rgb\Highway\Highway_304.jpg,3,Highway,3,Highway,0.9997429251670837,True,-1.0249946,9.770692
1787,C:\Users\DELL Precision 5550\Documents\GitHub\Terrasight-Eurosat-RGB-vs-Multispectral\data\raw\rgb\SeaLake\SeaLake_2256.jpg,9,SeaLake,9,SeaLake,0.9998179078102112,True,15.846377,10.5524235
1788,C:\Users\DELL Precision 5550\Documents\GitHub\Terrasight-Eurosat-RGB-vs-Multispectral\data\raw\rgb\Highway\Highway_1823.jpg,3,Highway,3,Highway,0.9912347793579102,True,-0.066166855,10.549436
1789,C:\Users\DELL Precision 5550\Documents\GitHub\Terrasight-Eurosat-RGB-vs-Multispectral\data\raw\rgb\Residential\Residential_2938.jpg,7,Residential,7,Residential,0.9971006512641907,True,-6.6337237,-3.7688131
1790,C:\Users\DELL Precision 5550\Documents\GitHub\Terrasight-Eurosat-RGB-vs-Multispectral\data\raw\rgb\Forest\Forest_921.jpg,1,Forest,1,Forest,0.9999741315841675,True,13.68945,-2.1317346
1791,C:\Users\DELL Precision 5550\Documents\GitHub\Terrasight-Eurosat-RGB-vs-Multispectral\data\raw\rgb\Forest\Forest_2246.jpg,1,Forest,1,Forest,0.9999628067016602,True,13.966514,-2.466124
1792,C:\Users\DELL Precision 5550\Documents\GitHub\Terrasight-Eurosat-RGB-vs-Multispectral\data\raw\rgb\SeaLake\SeaLake_1948.jpg,9,SeaLake,9,SeaLake,0.9795417189598083,True,16.05834,10.833913
1793,C:\Users\DELL Precision 5550\Documents\GitHub\Terrasight-Eurosat-RGB-vs-Multispectral\data\raw\rgb\AnnualCrop\AnnualCrop_625.jpg,0,AnnualCrop,0,AnnualCrop,1.0,True,2.403752,15.839309
1794,C:\Users\DELL Precision 5550\Documents\GitHub\Terrasight-Eurosat-RGB-vs-Multispectral\data\raw\rgb\River\River_2248.jpg,8,River,8,River,0.9934624433517456,True,4.362124,10.752521
1795,C:\Users\DELL Precision 5550\Documents\GitHub\Terrasight-Eurosat-RGB-vs-Multispectral\data\raw\rgb\Industrial\Industrial_603.jpg,4,Industrial,4,Industrial,0.9738935828208923,True,-7.354136,1.1011425
1796,C:\Users\DELL Precision 5550\Documents\GitHub\Terrasight-Eurosat-RGB-vs-Multispectral\data\raw\rgb\Residential\Residential_2993.jpg,7,Residential,7,Residential,0.9997910857200623,True,-5.2563305,-3.7043178
1797,C:\Users\DELL Precision 5550\Documents\GitHub\Terrasight-Eurosat-RGB-vs-Multispectral\data\raw\rgb\Industrial\Industrial_116.jpg,4,Industrial,4,Industrial,0.9877157807350159,True,-6.6493845,1.6778609
1798,C:\Users\DELL Precision 5550\Documents\GitHub\Terrasight-Eurosat-RGB-vs-Multispectral\data\raw\rgb\AnnualCrop\AnnualCrop_1591.jpg,0,AnnualCrop,0,AnnualCrop,0.9999979734420776,True,2.658525,15.8784
1799,C:\Users\DELL Precision 5550\Documents\GitHub\Terrasight-Eurosat-RGB-vs-Multispectral\data\raw\rgb\PermanentCrop\PermanentCrop_401.jpg,6,PermanentCrop,6,PermanentCrop,0.9936968684196472,True,2.4219368,3.8895867
1800,C:\Users\DELL Precision 5550\Documents\GitHub\Terrasight-Eurosat-RGB-vs-Multispectral\data\raw\rgb\SeaLake\SeaLake_2825.jpg,9,SeaLake,9,SeaLake,0.9981228709220886,True,16.050116,12.565938
1801,C:\Users\DELL Precision 5550\Documents\GitHub\Terrasight-Eurosat-RGB-vs-Multispectral\data\raw\rgb\Residential\Residential_1387.jpg,7,Residential,7,Residential,0.9989425539970398,True,-4.9004545,-3.011367
1802,C:\Users\DELL Precision 5550\Documents\GitHub\Terrasight-Eurosat-RGB-vs-Multispectral\data\raw\rgb\PermanentCrop\PermanentCrop_1259.jpg,6,PermanentCrop,6,PermanentCrop,0.9972681999206543,True,2.2835433,4.4071198
1803,C:\Users\DELL Precision 5550\Documents\GitHub\Terrasight-Eurosat-RGB-vs-Multispectral\data\raw\rgb\Forest\Forest_519.jpg,1,Forest,1,Forest,0.9999990463256836,True,14.527992,-2.4013329
1804,C:\Users\DELL Precision 5550\Documents\GitHub\Terrasight-Eurosat-RGB-vs-Multispectral\data\raw\rgb\Pasture\Pasture_12.jpg,5,Pasture,5,Pasture,0.9994457364082336,True,7.5020704,5.457074
1805,C:\Users\DELL Precision 5550\Documents\GitHub\Terrasight-Eurosat-RGB-vs-Multispectral\data\raw\rgb\PermanentCrop\PermanentCrop_520.jpg,6,PermanentCrop,6,PermanentCrop,0.9900445938110352,True,2.4594495,3.7071996
1806,C:\Users\DELL Precision 5550\Documents\GitHub\Terrasight-Eurosat-RGB-vs-Multispectral\data\raw\rgb\PermanentCrop\PermanentCrop_2236.jpg,6,PermanentCrop,6,PermanentCrop,0.986486554145813,True,2.4692078,3.5501745
1807,C:\Users\DELL Precision 5550\Documents\GitHub\Terrasight-Eurosat-RGB-vs-Multispectral\data\raw\rgb\River\River_574.jpg,8,River,8,River,0.9955403208732605,True,5.0900974,10.30412
1808,C:\Users\DELL Precision 5550\Documents\GitHub\Terrasight-Eurosat-RGB-vs-Multispectral\data\raw\rgb\AnnualCrop\AnnualCrop_1450.jpg,0,AnnualCrop,0,AnnualCrop,0.998683512210846,True,2.7984378,13.249995
1809,C:\Users\DELL Precision 5550\Documents\GitHub\Terrasight-Eurosat-RGB-vs-Multispectral\data\raw\rgb\Residential\Residential_2261.jpg,7,Residential,7,Residential,0.9999918937683105,True,-6.363837,-4.768276
1810,C:\Users\DELL Precision 5550\Documents\GitHub\Terrasight-Eurosat-RGB-vs-Multispectral\data\raw\rgb\Highway\Highway_1259.jpg,3,Highway,3,Highway,0.9869347810745239,True,0.31708863,9.76295
1811,C:\Users\DELL Precision 5550\Documents\GitHub\Terrasight-Eurosat-RGB-vs-Multispectral\data\raw\rgb\River\River_1827.jpg,8,River,8,River,0.9961580634117126,True,5.996687,10.769815
1812,C:\Users\DELL Precision 5550\Documents\GitHub\Terrasight-Eurosat-RGB-vs-Multispectral\data\raw\rgb\AnnualCrop\AnnualCrop_1714.jpg,0,AnnualCrop,0,AnnualCrop,1.0,True,2.4761422,15.702171
1813,C:\Users\DELL Precision 5550\Documents\GitHub\Terrasight-Eurosat-RGB-vs-Multispectral\data\raw\rgb\PermanentCrop\PermanentCrop_2261.jpg,6,PermanentCrop,6,PermanentCrop,0.9979262351989746,True,2.2980926,3.9572577
1814,C:\Users\DELL Precision 5550\Documents\GitHub\Terrasight-Eurosat-RGB-vs-Multispectral\data\raw\rgb\HerbaceousVegetation\HerbaceousVegetation_1599.jpg,2,HerbaceousVegetation,2,HerbaceousVegetation,0.9999891519546509,True,3.8005452,-0.2932861
1815,C:\Users\DELL Precision 5550\Documents\GitHub\Terrasight-Eurosat-RGB-vs-Multispectral\data\raw\rgb\PermanentCrop\PermanentCrop_806.jpg,6,PermanentCrop,6,PermanentCrop,0.8998244404792786,True,2.5601566,3.3509445
1816,C:\Users\DELL Precision 5550\Documents\GitHub\Terrasight-Eurosat-RGB-vs-Multispectral\data\raw\rgb\Pasture\Pasture_1365.jpg,5,Pasture,5,Pasture,0.8771723508834839,True,6.68705,5.2342367
1817,C:\Users\DELL Precision 5550\Documents\GitHub\Terrasight-Eurosat-RGB-vs-Multispectral\data\raw\rgb\AnnualCrop\AnnualCrop_2373.jpg,0,AnnualCrop,0,AnnualCrop,0.9999986886978149,True,2.6191049,15.026659
1818,C:\Users\DELL Precision 5550\Documents\GitHub\Terrasight-Eurosat-RGB-vs-Multispectral\data\raw\rgb\SeaLake\SeaLake_2030.jpg,9,SeaLake,9,SeaLake,0.9999946355819702,True,17.245,13.272765
1819,C:\Users\DELL Precision 5550\Documents\GitHub\Terrasight-Eurosat-RGB-vs-Multispectral\data\raw\rgb\AnnualCrop\AnnualCrop_1087.jpg,0,AnnualCrop,0,AnnualCrop,0.9999669790267944,True,2.3523412,14.489682
1820,C:\Users\DELL Precision 5550\Documents\GitHub\Terrasight-Eurosat-RGB-vs-Multispectral\data\raw\rgb\SeaLake\SeaLake_175.jpg,9,SeaLake,9,SeaLake,0.9997544884681702,True,17.569334,11.585081
1821,C:\Users\DELL Precision 5550\Documents\GitHub\Terrasight-Eurosat-RGB-vs-Multispectral\data\raw\rgb\Forest\Forest_1187.jpg,1,Forest,1,Forest,0.9999488592147827,True,14.539431,-1.9125011
1822,C:\Users\DELL Precision 5550\Documents\GitHub\Terrasight-Eurosat-RGB-vs-Multispectral\data\raw\rgb\PermanentCrop\PermanentCrop_1355.jpg,6,PermanentCrop,6,PermanentCrop,0.9996943473815918,True,1.6820294,4.468644
1823,C:\Users\DELL Precision 5550\Documents\GitHub\Terrasight-Eurosat-RGB-vs-Multispectral\data\raw\rgb\Industrial\Industrial_1504.jpg,4,Industrial,4,Industrial,0.9973400235176086,True,-7.687945,2.0230448
1824,C:\Users\DELL Precision 5550\Documents\GitHub\Terrasight-Eurosat-RGB-vs-Multispectral\data\raw\rgb\Pasture\Pasture_81.jpg,5,Pasture,5,Pasture,0.999127209186554,True,7.171674,5.7578278
1825,C:\Users\DELL Precision 5550\Documents\GitHub\Terrasight-Eurosat-RGB-vs-Multispectral\data\raw\rgb\River\River_319.jpg,8,River,8,River,0.999998927116394,True,6.672858,10.827159
1826,C:\Users\DELL Precision 5550\Documents\GitHub\Terrasight-Eurosat-RGB-vs-Multispectral\data\raw\rgb\Residential\Residential_771.jpg,7,Residential,7,Residential,0.9936797618865967,True,-5.912968,-3.3039336
1827,C:\Users\DELL Precision 5550\Documents\GitHub\Terrasight-Eurosat-RGB-vs-Multispectral\data\raw\rgb\HerbaceousVegetation\HerbaceousVegetation_1429.jpg,2,HerbaceousVegetation,2,HerbaceousVegetation,0.9999979734420776,True,3.670792,0.91733724
1828,C:\Users\DELL Precision 5550\Documents\GitHub\Terrasight-Eurosat-RGB-vs-Multispectral\data\raw\rgb\Residential\Residential_1884.jpg,7,Residential,7,Residential,0.9979972243309021,True,-6.552578,-3.7375119
1829,C:\Users\DELL Precision 5550\Documents\GitHub\Terrasight-Eurosat-RGB-vs-Multispectral\data\raw\rgb\Forest\Forest_206.jpg,1,Forest,1,Forest,1.0,True,15.015873,-2.576139
1830,C:\Users\DELL Precision 5550\Documents\GitHub\Terrasight-Eurosat-RGB-vs-Multispectral\data\raw\rgb\Industrial\Industrial_976.jpg,4,Industrial,4,Industrial,0.9846801161766052,True,-7.33844,1.1841912
1831,C:\Users\DELL Precision 5550\Documents\GitHub\Terrasight-Eurosat-RGB-vs-Multispectral\data\raw\rgb\Highway\Highway_2334.jpg,3,Highway,3,Highway,0.9998623132705688,True,-0.7763645,10.673705
1832,C:\Users\DELL Precision 5550\Documents\GitHub\Terrasight-Eurosat-RGB-vs-Multispectral\data\raw\rgb\Forest\Forest_118.jpg,1,Forest,1,Forest,0.9999860525131226,True,13.980349,-2.4798348
1833,C:\Users\DELL Precision 5550\Documents\GitHub\Terrasight-Eurosat-RGB-vs-Multispectral\data\raw\rgb\Highway\Highway_164.jpg,3,Highway,3,Highway,0.9997684359550476,True,-0.52269983,10.540931
1834,C:\Users\DELL Precision 5550\Documents\GitHub\Terrasight-Eurosat-RGB-vs-Multispectral\data\raw\rgb\Forest\Forest_1750.jpg,1,Forest,1,Forest,0.999714195728302,True,13.858784,-1.1169686
1835,C:\Users\DELL Precision 5550\Documents\GitHub\Terrasight-Eurosat-RGB-vs-Multispectral\data\raw\rgb\River\River_1573.jpg,8,River,8,River,0.998497724533081,True,4.872242,10.03135
1836,C:\Users\DELL Precision 5550\Documents\GitHub\Terrasight-Eurosat-RGB-vs-Multispectral\data\raw\rgb\Residential\Residential_989.jpg,7,Residential,7,Residential,0.9918460249900818,True,-6.734801,-3.8773978
1837,C:\Users\DELL Precision 5550\Documents\GitHub\Terrasight-Eurosat-RGB-vs-Multispectral\data\raw\rgb\PermanentCrop\PermanentCrop_482.jpg,6,PermanentCrop,6,PermanentCrop,0.8640180826187134,True,2.494757,3.2132237
1838,C:\Users\DELL Precision 5550\Documents\GitHub\Terrasight-Eurosat-RGB-vs-Multispectral\data\raw\rgb\Highway\Highway_75.jpg,3,Highway,3,Highway,0.9997852444648743,True,-0.7257751,10.552409
1839,C:\Users\DELL Precision 5550\Documents\GitHub\Terrasight-Eurosat-RGB-vs-Multispectral\data\raw\rgb\AnnualCrop\AnnualCrop_601.jpg,0,AnnualCrop,0,AnnualCrop,0.9999998807907104,True,2.492343,15.742913
1840,C:\Users\DELL Precision 5550\Documents\GitHub\Terrasight-Eurosat-RGB-vs-Multispectral\data\raw\rgb\Residential\Residential_352.jpg,7,Residential,7,Residential,0.9622555375099182,True,-6.089524,-2.9788365
1841,C:\Users\DELL Precision 5550\Documents\GitHub\Terrasight-Eurosat-RGB-vs-Multispectral\data\raw\rgb\Pasture\Pasture_1502.jpg,5,Pasture,5,Pasture,0.9656552076339722,True,6.9581223,5.1290493
1842,C:\Users\DELL Precision 5550\Documents\GitHub\Terrasight-Eurosat-RGB-vs-Multispectral\data\raw\rgb\SeaLake\SeaLake_168.jpg,9,SeaLake,9,SeaLake,0.9520136117935181,True,15.898181,11.515531
1843,C:\Users\DELL Precision 5550\Documents\GitHub\Terrasight-Eurosat-RGB-vs-Multispectral\data\raw\rgb\Forest\Forest_2818.jpg,1,Forest,1,Forest,0.999822199344635,True,13.292798,-1.7706131
1844,C:\Users\DELL Precision 5550\Documents\GitHub\Terrasight-Eurosat-RGB-vs-Multispectral\data\raw\rgb\Forest\Forest_2339.jpg,1,Forest,1,Forest,0.9672259092330933,True,13.704024,-0.52137315
1845,C:\Users\DELL Precision 5550\Documents\GitHub\Terrasight-Eurosat-RGB-vs-Multispectral\data\raw\rgb\SeaLake\SeaLake_156.jpg,9,SeaLake,9,SeaLake,0.9999938011169434,True,17.418577,12.586185
1846,C:\Users\DELL Precision 5550\Documents\GitHub\Terrasight-Eurosat-RGB-vs-Multispectral\data\raw\rgb\PermanentCrop\PermanentCrop_2207.jpg,6,PermanentCrop,6,PermanentCrop,0.5778167843818665,True,2.5876722,2.8136873
1847,C:\Users\DELL Precision 5550\Documents\GitHub\Terrasight-Eurosat-RGB-vs-Multispectral\data\raw\rgb\AnnualCrop\AnnualCrop_2943.jpg,0,AnnualCrop,0,AnnualCrop,1.0,True,2.513551,16.180466
1848,C:\Users\DELL Precision 5550\Documents\GitHub\Terrasight-Eurosat-RGB-vs-Multispectral\data\raw\rgb\Pasture\Pasture_493.jpg,5,Pasture,5,Pasture,0.9999008178710938,True,10.3317375,7.8260775
1849,C:\Users\DELL Precision 5550\Documents\GitHub\Terrasight-Eurosat-RGB-vs-Multispectral\data\raw\rgb\Pasture\Pasture_1385.jpg,5,Pasture,5,Pasture,0.7324565649032593,True,6.6459713,4.769318
1850,C:\Users\DELL Precision 5550\Documents\GitHub\Terrasight-Eurosat-RGB-vs-Multispectral\data\raw\rgb\AnnualCrop\AnnualCrop_661.jpg,0,AnnualCrop,0,AnnualCrop,0.9997108578681946,True,2.9700959,13.318193
1851,C:\Users\DELL Precision 5550\Documents\GitHub\Terrasight-Eurosat-RGB-vs-Multispectral\data\raw\rgb\SeaLake\SeaLake_2598.jpg,9,SeaLake,9,SeaLake,0.9999480247497559,True,17.340256,12.421348
1852,C:\Users\DELL Precision 5550\Documents\GitHub\Terrasight-Eurosat-RGB-vs-Multispectral\data\raw\rgb\SeaLake\SeaLake_63.jpg,9,SeaLake,9,SeaLake,0.9995682835578918,True,15.791081,10.823922
1853,C:\Users\DELL Precision 5550\Documents\GitHub\Terrasight-Eurosat-RGB-vs-Multispectral\data\raw\rgb\Forest\Forest_2522.jpg,1,Forest,1,Forest,0.9999730587005615,True,14.243471,-1.2978591
1854,C:\Users\DELL Precision 5550\Documents\GitHub\Terrasight-Eurosat-RGB-vs-Multispectral\data\raw\rgb\AnnualCrop\AnnualCrop_1752.jpg,0,AnnualCrop,0,AnnualCrop,0.999984860420227,True,2.397469,14.937417
1855,C:\Users\DELL Precision 5550\Documents\GitHub\Terrasight-Eurosat-RGB-vs-Multispectral\data\raw\rgb\Forest\Forest_2429.jpg,1,Forest,1,Forest,0.9997337460517883,True,13.587719,-2.4951992
1856,C:\Users\DELL Precision 5550\Documents\GitHub\Terrasight-Eurosat-RGB-vs-Multispectral\data\raw\rgb\PermanentCrop\PermanentCrop_2474.jpg,6,PermanentCrop,6,PermanentCrop,0.99543297290802,True,2.4259527,4.2864957
1857,C:\Users\DELL Precision 5550\Documents\GitHub\Terrasight-Eurosat-RGB-vs-Multispectral\data\raw\rgb\Highway\Highway_865.jpg,3,Highway,3,Highway,0.9991656541824341,True,-0.572764,9.269982
1858,C:\Users\DELL Precision 5550\Documents\GitHub\Terrasight-Eurosat-RGB-vs-Multispectral\data\raw\rgb\River\River_727.jpg,8,River,8,River,1.0,True,6.8343544,10.878219
1859,C:\Users\DELL Precision 5550\Documents\GitHub\Terrasight-Eurosat-RGB-vs-Multispectral\data\raw\rgb\AnnualCrop\AnnualCrop_2094.jpg,0,AnnualCrop,0,AnnualCrop,1.0,True,2.5483358,16.133463
1860,C:\Users\DELL Precision 5550\Documents\GitHub\Terrasight-Eurosat-RGB-vs-Multispectral\data\raw\rgb\Highway\Highway_1415.jpg,3,Highway,3,Highway,0.9995934367179871,True,-0.37101457,9.673306
1861,C:\Users\DELL Precision 5550\Documents\GitHub\Terrasight-Eurosat-RGB-vs-Multispectral\data\raw\rgb\Forest\Forest_911.jpg,1,Forest,1,Forest,0.9985034465789795,True,14.249111,-0.85245186
1862,C:\Users\DELL Precision 5550\Documents\GitHub\Terrasight-Eurosat-RGB-vs-Multispectral\data\raw\rgb\Residential\Residential_1098.jpg,7,Residential,7,Residential,0.9972156286239624,True,-5.268999,-2.7759514
1863,C:\Users\DELL Precision 5550\Documents\GitHub\Terrasight-Eurosat-RGB-vs-Multispectral\data\raw\rgb\Highway\Highway_1589.jpg,3,Highway,3,Highway,0.9719901084899902,True,-0.82082385,10.061204
1864,C:\Users\DELL Precision 5550\Documents\GitHub\Terrasight-Eurosat-RGB-vs-Multispectral\data\raw\rgb\PermanentCrop\PermanentCrop_1839.jpg,6,PermanentCrop,6,PermanentCrop,0.9918280839920044,True,2.3631964,4.7004447
1865,C:\Users\DELL Precision 5550\Documents\GitHub\Terrasight-Eurosat-RGB-vs-Multispectral\data\raw\rgb\Highway\Highway_1553.jpg,3,Highway,3,Highway,0.9993662238121033,True,-1.234724,9.889143
1866,C:\Users\DELL Precision 5550\Documents\GitHub\Terrasight-Eurosat-RGB-vs-Multispectral\data\raw\rgb\PermanentCrop\PermanentCrop_2027.jpg,6,PermanentCrop,6,PermanentCrop,0.9513693451881409,True,2.3221197,4.9325233
1867,C:\Users\DELL Precision 5550\Documents\GitHub\Terrasight-Eurosat-RGB-vs-Multispectral\data\raw\rgb\Industrial\Industrial_1961.jpg,4,Industrial,4,Industrial,0.9999932050704956,True,-9.02405,1.8332148
1868,C:\Users\DELL Precision 5550\Documents\GitHub\Terrasight-Eurosat-RGB-vs-Multispectral\data\raw\rgb\AnnualCrop\AnnualCrop_1420.jpg,0,AnnualCrop,0,AnnualCrop,0.9947980642318726,True,2.973602,13.360184
1869,C:\Users\DELL Precision 5550\Documents\GitHub\Terrasight-Eurosat-RGB-vs-Multispectral\data\raw\rgb\River\River_505.jpg,8,River,8,River,0.9998606443405151,True,5.675204,10.233817
1870,C:\Users\DELL Precision 5550\Documents\GitHub\Terrasight-Eurosat-RGB-vs-Multispectral\data\raw\rgb\Residential\Residential_1341.jpg,7,Residential,7,Residential,0.999991774559021,True,-6.277676,-4.8342967
1871,C:\Users\DELL Precision 5550\Documents\GitHub\Terrasight-Eurosat-RGB-vs-Multispectral\data\raw\rgb\HerbaceousVegetation\HerbaceousVegetation_1114.jpg,2,HerbaceousVegetation,2,HerbaceousVegetation,0.99978107213974,True,4.3027697,0.16498469
1872,C:\Users\DELL Precision 5550\Documents\GitHub\Terrasight-Eurosat-RGB-vs-Multispectral\data\raw\rgb\AnnualCrop\AnnualCrop_89.jpg,0,AnnualCrop,0,AnnualCrop,0.9996482133865356,True,2.1996467,13.403151
1873,C:\Users\DELL Precision 5550\Documents\GitHub\Terrasight-Eurosat-RGB-vs-Multispectral\data\raw\rgb\PermanentCrop\PermanentCrop_999.jpg,6,PermanentCrop,6,PermanentCrop,0.9402709007263184,True,2.205201,3.1489758
1874,C:\Users\DELL Precision 5550\Documents\GitHub\Terrasight-Eurosat-RGB-vs-Multispectral\data\raw\rgb\SeaLake\SeaLake_2239.jpg,9,SeaLake,9,SeaLake,0.9997958540916443,True,16.453665,10.310843
1875,C:\Users\DELL Precision 5550\Documents\GitHub\Terrasight-Eurosat-RGB-vs-Multispectral\data\raw\rgb\Residential\Residential_668.jpg,7,Residential,7,Residential,0.9989408850669861,True,-5.288069,-3.0147064
1876,C:\Users\DELL Precision 5550\Documents\GitHub\Terrasight-Eurosat-RGB-vs-Multispectral\data\raw\rgb\SeaLake\SeaLake_2174.jpg,9,SeaLake,9,SeaLake,0.9985950589179993,True,16.09112,12.623537
1877,C:\Users\DELL Precision 5550\Documents\GitHub\Terrasight-Eurosat-RGB-vs-Multispectral\data\raw\rgb\Residential\Residential_2664.jpg,7,Residential,7,Residential,0.8158823847770691,True,-5.239281,-2.4243655
1878,C:\Users\DELL Precision 5550\Documents\GitHub\Terrasight-Eurosat-RGB-vs-Multispectral\data\raw\rgb\Forest\Forest_234.jpg,1,Forest,1,Forest,0.998934805393219,True,13.182167,-0.7352927
1879,C:\Users\DELL Precision 5550\Documents\GitHub\Terrasight-Eurosat-RGB-vs-Multispectral\data\raw\rgb\PermanentCrop\PermanentCrop_754.jpg,6,PermanentCrop,2,HerbaceousVegetation,0.8710115551948547,False,5.812386,4.7093377
1880,C:\Users\DELL Precision 5550\Documents\GitHub\Terrasight-Eurosat-RGB-vs-Multispectral\data\raw\rgb\Industrial\Industrial_1498.jpg,4,Industrial,4,Industrial,0.8776741027832031,True,-7.314696,1.226441
1881,C:\Users\DELL Precision 5550\Documents\GitHub\Terrasight-Eurosat-RGB-vs-Multispectral\data\raw\rgb\River\River_2013.jpg,8,River,8,River,0.9999996423721313,True,6.7776685,11.0326395
1882,C:\Users\DELL Precision 5550\Documents\GitHub\Terrasight-Eurosat-RGB-vs-Multispectral\data\raw\rgb\PermanentCrop\PermanentCrop_1333.jpg,6,PermanentCrop,6,PermanentCrop,0.9988023042678833,True,1.469526,3.300322
1883,C:\Users\DELL Precision 5550\Documents\GitHub\Terrasight-Eurosat-RGB-vs-Multispectral\data\raw\rgb\PermanentCrop\PermanentCrop_459.jpg,6,PermanentCrop,6,PermanentCrop,0.9999673366546631,True,1.6805484,4.578001
1884,C:\Users\DELL Precision 5550\Documents\GitHub\Terrasight-Eurosat-RGB-vs-Multispectral\data\raw\rgb\Highway\Highway_422.jpg,3,Highway,3,Highway,0.9955556988716125,True,0.37508032,9.871226
1885,C:\Users\DELL Precision 5550\Documents\GitHub\Terrasight-Eurosat-RGB-vs-Multispectral\data\raw\rgb\Industrial\Industrial_2165.jpg,4,Industrial,4,Industrial,0.9810733795166016,True,-7.324173,1.1869543
1886,C:\Users\DELL Precision 5550\Documents\GitHub\Terrasight-Eurosat-RGB-vs-Multispectral\data\raw\rgb\Industrial\Industrial_1787.jpg,4,Industrial,4,Industrial,0.8940483331680298,True,-7.181741,2.088126
1887,C:\Users\DELL Precision 5550\Documents\GitHub\Terrasight-Eurosat-RGB-vs-Multispectral\data\raw\rgb\Forest\Forest_300.jpg,1,Forest,1,Forest,0.9994449019432068,True,13.200648,-1.3321311
1888,C:\Users\DELL Precision 5550\Documents\GitHub\Terrasight-Eurosat-RGB-vs-Multispectral\data\raw\rgb\AnnualCrop\AnnualCrop_1918.jpg,0,AnnualCrop,0,AnnualCrop,0.9999901056289673,True,2.6980848,15.509947
1889,C:\Users\DELL Precision 5550\Documents\GitHub\Terrasight-Eurosat-RGB-vs-Multispectral\data\raw\rgb\Residential\Residential_875.jpg,7,Residential,7,Residential,1.0,True,-6.1810465,-4.869714
1890,C:\Users\DELL Precision 5550\Documents\GitHub\Terrasight-Eurosat-RGB-vs-Multispectral\data\raw\rgb\PermanentCrop\PermanentCrop_340.jpg,6,PermanentCrop,6,PermanentCrop,0.7804659605026245,True,2.351468,3.0249712
1891,C:\Users\DELL Precision 5550\Documents\GitHub\Terrasight-Eurosat-RGB-vs-Multispectral\data\raw\rgb\SeaLake\SeaLake_2856.jpg,9,SeaLake,9,SeaLake,0.9997863173484802,True,17.00254,11.727543
1892,C:\Users\DELL Precision 5550\Documents\GitHub\Terrasight-Eurosat-RGB-vs-Multispectral\data\raw\rgb\AnnualCrop\AnnualCrop_857.jpg,0,AnnualCrop,0,AnnualCrop,0.9999974966049194,True,2.7178283,15.043977
1893,C:\Users\DELL Precision 5550\Documents\GitHub\Terrasight-Eurosat-RGB-vs-Multispectral\data\raw\rgb\Highway\Highway_1346.jpg,3,Highway,3,Highway,0.9998583793640137,True,-0.7047724,9.548109
1894,C:\Users\DELL Precision 5550\Documents\GitHub\Terrasight-Eurosat-RGB-vs-Multispectral\data\raw\rgb\HerbaceousVegetation\HerbaceousVegetation_898.jpg,2,HerbaceousVegetation,2,HerbaceousVegetation,0.9999985694885254,True,3.2083733,0.7502504
1895,C:\Users\DELL Precision 5550\Documents\GitHub\Terrasight-Eurosat-RGB-vs-Multispectral\data\raw\rgb\Industrial\Industrial_1290.jpg,4,Industrial,4,Industrial,0.9985866546630859,True,-8.155205,1.4186195
1896,C:\Users\DELL Precision 5550\Documents\GitHub\Terrasight-Eurosat-RGB-vs-Multispectral\data\raw\rgb\River\River_1975.jpg,8,River,8,River,0.9999992847442627,True,6.767614,11.089307
1897,C:\Users\DELL Precision 5550\Documents\GitHub\Terrasight-Eurosat-RGB-vs-Multispectral\data\raw\rgb\Highway\Highway_2412.jpg,3,Highway,3,Highway,0.998665452003479,True,-0.9496751,10.148301
1898,C:\Users\DELL Precision 5550\Documents\GitHub\Terrasight-Eurosat-RGB-vs-Multispectral\data\raw\rgb\AnnualCrop\AnnualCrop_507.jpg,0,AnnualCrop,0,AnnualCrop,0.9881269335746765,True,2.619237,12.43564
1899,C:\Users\DELL Precision 5550\Documents\GitHub\Terrasight-Eurosat-RGB-vs-Multispectral\data\raw\rgb\AnnualCrop\AnnualCrop_1750.jpg,0,AnnualCrop,0,AnnualCrop,0.9999912977218628,True,2.7454133,14.8171425
1900,C:\Users\DELL Precision 5550\Documents\GitHub\Terrasight-Eurosat-RGB-vs-Multispectral\data\raw\rgb\Industrial\Industrial_862.jpg,4,Industrial,4,Industrial,0.998011589050293,True,-7.5787344,2.1248536
1901,C:\Users\DELL Precision 5550\Documents\GitHub\Terrasight-Eurosat-RGB-vs-Multispectral\data\raw\rgb\Industrial\Industrial_2457.jpg,4,Industrial,4,Industrial,0.9990479350090027,True,-7.3840346,1.7309759
1902,C:\Users\DELL Precision 5550\Documents\GitHub\Terrasight-Eurosat-RGB-vs-Multispectral\data\raw\rgb\SeaLake\SeaLake_2198.jpg,9,SeaLake,9,SeaLake,0.9985895752906799,True,16.044064,12.4820595
1903,C:\Users\DELL Precision 5550\Documents\GitHub\Terrasight-Eurosat-RGB-vs-Multispectral\data\raw\rgb\AnnualCrop\AnnualCrop_1184.jpg,0,AnnualCrop,0,AnnualCrop,0.9960060715675354,True,2.2756362,13.050936
1904,C:\Users\DELL Precision 5550\Documents\GitHub\Terrasight-Eurosat-RGB-vs-Multispectral\data\raw\rgb\Forest\Forest_2320.jpg,1,Forest,1,Forest,0.9996517896652222,True,13.372532,-1.4296886
1905,C:\Users\DELL Precision 5550\Documents\GitHub\Terrasight-Eurosat-RGB-vs-Multispectral\data\raw\rgb\PermanentCrop\PermanentCrop_2011.jpg,6,PermanentCrop,6,PermanentCrop,0.8134745955467224,True,2.8641272,3.7956793
1906,C:\Users\DELL Precision 5550\Documents\GitHub\Terrasight-Eurosat-RGB-vs-Multispectral\data\raw\rgb\Industrial\Industrial_941.jpg,4,Industrial,4,Industrial,0.9970320463180542,True,-8.218378,1.4809709
1907,C:\Users\DELL Precision 5550\Documents\GitHub\Terrasight-Eurosat-RGB-vs-Multispectral\data\raw\rgb\Residential\Residential_2286.jpg,7,Residential,7,Residential,0.9913913011550903,True,-6.272539,-3.118771
1908,C:\Users\DELL Precision 5550\Documents\GitHub\Terrasight-Eurosat-RGB-vs-Multispectral\data\raw\rgb\Residential\Residential_160.jpg,7,Residential,7,Residential,0.9964536428451538,True,-5.6058106,-2.9946818
1909,C:\Users\DELL Precision 5550\Documents\GitHub\Terrasight-Eurosat-RGB-vs-Multispectral\data\raw\rgb\River\River_918.jpg,8,River,8,River,0.9999938011169434,True,5.6383677,10.938601
1910,C:\Users\DELL Precision 5550\Documents\GitHub\Terrasight-Eurosat-RGB-vs-Multispectral\data\raw\rgb\HerbaceousVegetation\HerbaceousVegetation_578.jpg,2,HerbaceousVegetation,2,HerbaceousVegetation,0.9926290512084961,True,3.3186586,1.9070338
1911,C:\Users\DELL Precision 5550\Documents\GitHub\Terrasight-Eurosat-RGB-vs-Multispectral\data\raw\rgb\Industrial\Industrial_859.jpg,4,Industrial,4,Industrial,0.9932582378387451,True,-7.1471605,1.6333008
1912,C:\Users\DELL Precision 5550\Documents\GitHub\Terrasight-Eurosat-RGB-vs-Multispectral\data\raw\rgb\AnnualCrop\AnnualCrop_1437.jpg,0,AnnualCrop,0,AnnualCrop,1.0,True,2.5794706,16.08351
1913,C:\Users\DELL Precision 5550\Documents\GitHub\Terrasight-Eurosat-RGB-vs-Multispectral\data\raw\rgb\AnnualCrop\AnnualCrop_2605.jpg,0,AnnualCrop,0,AnnualCrop,0.9867988228797913,True,2.5795922,12.361012
1914,C:\Users\DELL Precision 5550\Documents\GitHub\Terrasight-Eurosat-RGB-vs-Multispectral\data\raw\rgb\SeaLake\SeaLake_1288.jpg,9,SeaLake,9,SeaLake,0.9994187355041504,True,17.106169,11.4661455
1915,C:\Users\DELL Precision 5550\Documents\GitHub\Terrasight-Eurosat-RGB-vs-Multispectral\data\raw\rgb\AnnualCrop\AnnualCrop_2843.jpg,0,AnnualCrop,0,AnnualCrop,0.999992847442627,True,2.755899,15.508191
1916,C:\Users\DELL Precision 5550\Documents\GitHub\Terrasight-Eurosat-RGB-vs-Multispectral\data\raw\rgb\Pasture\Pasture_139.jpg,5,Pasture,5,Pasture,0.9980854988098145,True,7.5352454,5.461702
1917,C:\Users\DELL Precision 5550\Documents\GitHub\Terrasight-Eurosat-RGB-vs-Multispectral\data\raw\rgb\HerbaceousVegetation\HerbaceousVegetation_269.jpg,2,HerbaceousVegetation,2,HerbaceousVegetation,0.9999537467956543,True,4.1797533,0.86261356
1918,C:\Users\DELL Precision 5550\Documents\GitHub\Terrasight-Eurosat-RGB-vs-Multispectral\data\raw\rgb\PermanentCrop\PermanentCrop_2002.jpg,6,PermanentCrop,6,PermanentCrop,0.9999982118606567,True,0.9209601,3.9871142
1919,C:\Users\DELL Precision 5550\Documents\GitHub\Terrasight-Eurosat-RGB-vs-Multispectral\data\raw\rgb\AnnualCrop\AnnualCrop_836.jpg,0,AnnualCrop,0,AnnualCrop,0.9964277148246765,True,3.0158098,13.378855
1920,C:\Users\DELL Precision 5550\Documents\GitHub\Terrasight-Eurosat-RGB-vs-Multispectral\data\raw\rgb\Residential\Residential_1033.jpg,7,Residential,7,Residential,0.9913650751113892,True,-5.4616256,-2.6938372
1921,C:\Users\DELL Precision 5550\Documents\GitHub\Terrasight-Eurosat-RGB-vs-Multispectral\data\raw\rgb\SeaLake\SeaLake_2621.jpg,9,SeaLake,9,SeaLake,0.9997010231018066,True,16.437508,12.543454
1922,C:\Users\DELL Precision 5550\Documents\GitHub\Terrasight-Eurosat-RGB-vs-Multispectral\data\raw\rgb\Highway\Highway_1034.jpg,3,Highway,3,Highway,0.9977871179580688,True,-0.2837439,9.843942
1923,C:\Users\DELL Precision 5550\Documents\GitHub\Terrasight-Eurosat-RGB-vs-Multispectral\data\raw\rgb\Industrial\Industrial_931.jpg,4,Industrial,4,Industrial,0.9930163621902466,True,-6.9793406,1.471294
1924,C:\Users\DELL Precision 5550\Documents\GitHub\Terrasight-Eurosat-RGB-vs-Multispectral\data\raw\rgb\Industrial\Industrial_546.jpg,4,Industrial,4,Industrial,0.9896328449249268,True,-6.764792,1.5239445
1925,C:\Users\DELL Precision 5550\Documents\GitHub\Terrasight-Eurosat-RGB-vs-Multispectral\data\raw\rgb\Residential\Residential_2496.jpg,7,Residential,4,Industrial,0.9196629524230957,False,-6.8224907,1.2339245
1926,C:\Users\DELL Precision 5550\Documents\GitHub\Terrasight-Eurosat-RGB-vs-Multispectral\data\raw\rgb\AnnualCrop\AnnualCrop_1744.jpg,0,AnnualCrop,0,AnnualCrop,0.9986826777458191,True,2.4977353,13.113628
1927,C:\Users\DELL Precision 5550\Documents\GitHub\Terrasight-Eurosat-RGB-vs-Multispectral\data\raw\rgb\AnnualCrop\AnnualCrop_392.jpg,0,AnnualCrop,0,AnnualCrop,0.9999818801879883,True,2.570011,14.809319
1928,C:\Users\DELL Precision 5550\Documents\GitHub\Terrasight-Eurosat-RGB-vs-Multispectral\data\raw\rgb\PermanentCrop\PermanentCrop_303.jpg,6,PermanentCrop,2,HerbaceousVegetation,0.5713063478469849,False,2.7790282,2.978913
1929,C:\Users\DELL Precision 5550\Documents\GitHub\Terrasight-Eurosat-RGB-vs-Multispectral\data\raw\rgb\River\River_2143.jpg,8,River,8,River,0.9999289512634277,True,5.3993726,10.49868
1930,C:\Users\DELL Precision 5550\Documents\GitHub\Terrasight-Eurosat-RGB-vs-Multispectral\data\raw\rgb\PermanentCrop\PermanentCrop_894.jpg,6,PermanentCrop,6,PermanentCrop,0.9999868869781494,True,1.2665195,4.2443323
1931,C:\Users\DELL Precision 5550\Documents\GitHub\Terrasight-Eurosat-RGB-vs-Multispectral\data\raw\rgb\Residential\Residential_2141.jpg,7,Residential,7,Residential,0.998082160949707,True,-5.635025,-3.580435
1932,C:\Users\DELL Precision 5550\Documents\GitHub\Terrasight-Eurosat-RGB-vs-Multispectral\data\raw\rgb\SeaLake\SeaLake_2442.jpg,9,SeaLake,9,SeaLake,0.9997676014900208,True,17.54249,11.583901
1933,C:\Users\DELL Precision 5550\Documents\GitHub\Terrasight-Eurosat-RGB-vs-Multispectral\data\raw\rgb\Highway\Highway_494.jpg,3,Highway,3,Highway,0.9997729659080505,True,-0.81574506,9.4507265
1934,C:\Users\DELL Precision 5550\Documents\GitHub\Terrasight-Eurosat-RGB-vs-Multispectral\data\raw\rgb\HerbaceousVegetation\HerbaceousVegetation_2304.jpg,2,HerbaceousVegetation,2,HerbaceousVegetation,0.9993501305580139,True,3.8790493,1.5340312
1935,C:\Users\DELL Precision 5550\Documents\GitHub\Terrasight-Eurosat-RGB-vs-Multispectral\data\raw\rgb\SeaLake\SeaLake_213.jpg,9,SeaLake,9,SeaLake,0.9999736547470093,True,16.632677,10.224955
1936,C:\Users\DELL Precision 5550\Documents\GitHub\Terrasight-Eurosat-RGB-vs-Multispectral\data\raw\rgb\Forest\Forest_2110.jpg,1,Forest,1,Forest,0.9999998807907104,True,15.028809,-2.7239969
1937,C:\Users\DELL Precision 5550\Documents\GitHub\Terrasight-Eurosat-RGB-vs-Multispectral\data\raw\rgb\HerbaceousVegetation\HerbaceousVegetation_353.jpg,2,HerbaceousVegetation,2,HerbaceousVegetation,0.9977731108665466,True,4.47693,0.9638203
1938,C:\Users\DELL Precision 5550\Documents\GitHub\Terrasight-Eurosat-RGB-vs-Multispectral\data\raw\rgb\Highway\Highway_188.jpg,3,Highway,3,Highway,0.9996604919433594,True,-0.50212646,9.557667
1939,C:\Users\DELL Precision 5550\Documents\GitHub\Terrasight-Eurosat-RGB-vs-Multispectral\data\raw\rgb\Industrial\Industrial_2130.jpg,4,Industrial,4,Industrial,0.9901341795921326,True,-7.277059,1.0612481
1940,C:\Users\DELL Precision 5550\Documents\GitHub\Terrasight-Eurosat-RGB-vs-Multispectral\data\raw\rgb\Highway\Highway_1331.jpg,3,Highway,3,Highway,0.9995875954627991,True,-0.9143588,10.633055
1941,C:\Users\DELL Precision 5550\Documents\GitHub\Terrasight-Eurosat-RGB-vs-Multispectral\data\raw\rgb\Forest\Forest_299.jpg,1,Forest,1,Forest,0.9999542236328125,True,13.588995,-2.191706
1942,C:\Users\DELL Precision 5550\Documents\GitHub\Terrasight-Eurosat-RGB-vs-Multispectral\data\raw\rgb\SeaLake\SeaLake_699.jpg,9,SeaLake,9,SeaLake,0.9999829530715942,True,17.40412,12.710145
1943,C:\Users\DELL Precision 5550\Documents\GitHub\Terrasight-Eurosat-RGB-vs-Multispectral\data\raw\rgb\PermanentCrop\PermanentCrop_1696.jpg,6,PermanentCrop,6,PermanentCrop,0.9994872808456421,True,1.8825846,3.5452588
1944,C:\Users\DELL Precision 5550\Documents\GitHub\Terrasight-Eurosat-RGB-vs-Multispectral\data\raw\rgb\AnnualCrop\AnnualCrop_499.jpg,0,AnnualCrop,0,AnnualCrop,0.7827303409576416,True,3.2549462,12.01987
1945,C:\Users\DELL Precision 5550\Documents\GitHub\Terrasight-Eurosat-RGB-vs-Multispectral\data\raw\rgb\Pasture\Pasture_1710.jpg,5,Pasture,5,Pasture,0.9999079704284668,True,7.453534,5.6473317
1946,C:\Users\DELL Precision 5550\Documents\GitHub\Terrasight-Eurosat-RGB-vs-Multispectral\data\raw\rgb\River\River_1090.jpg,8,River,8,River,0.9999704360961914,True,6.0182924,10.75097
1947,C:\Users\DELL Precision 5550\Documents\GitHub\Terrasight-Eurosat-RGB-vs-Multispectral\data\raw\rgb\AnnualCrop\AnnualCrop_1906.jpg,0,AnnualCrop,0,AnnualCrop,0.9999710321426392,True,2.7674584,14.473497
1948,C:\Users\DELL Precision 5550\Documents\GitHub\Terrasight-Eurosat-RGB-vs-Multispectral\data\raw\rgb\HerbaceousVegetation\HerbaceousVegetation_2244.jpg,2,HerbaceousVegetation,2,HerbaceousVegetation,0.9997015595436096,True,4.4017434,0.6975163
1949,C:\Users\DELL Precision 5550\Documents\GitHub\Terrasight-Eurosat-RGB-vs-Multispectral\data\raw\rgb\Industrial\Industrial_2389.jpg,4,Industrial,4,Industrial,0.965432345867157,True,-7.0698285,1.550885
1950,C:\Users\DELL Precision 5550\Documents\GitHub\Terrasight-Eurosat-RGB-vs-Multispectral\data\raw\rgb\Industrial\Industrial_631.jpg,4,Industrial,4,Industrial,0.9982314705848694,True,-7.5861235,1.4370104
1951,C:\Users\DELL Precision 5550\Documents\GitHub\Terrasight-Eurosat-RGB-vs-Multispectral\data\raw\rgb\AnnualCrop\AnnualCrop_1482.jpg,0,AnnualCrop,0,AnnualCrop,0.9999967813491821,True,2.236278,14.930247
1952,C:\Users\DELL Precision 5550\Documents\GitHub\Terrasight-Eurosat-RGB-vs-Multispectral\data\raw\rgb\Forest\Forest_52.jpg,1,Forest,1,Forest,0.6531556248664856,True,13.693069,-0.49266812
1953,C:\Users\DELL Precision 5550\Documents\GitHub\Terrasight-Eurosat-RGB-vs-Multispectral\data\raw\rgb\SeaLake\SeaLake_2863.jpg,9,SeaLake,9,SeaLake,0.9940274953842163,True,15.650958,11.423573
1954,C:\Users\DELL Precision 5550\Documents\GitHub\Terrasight-Eurosat-RGB-vs-Multispectral\data\raw\rgb\Residential\Residential_1665.jpg,7,Residential,7,Residential,0.9708436131477356,True,-6.4534283,-3.1293807
1955,C:\Users\DELL Precision 5550\Documents\GitHub\Terrasight-Eurosat-RGB-vs-Multispectral\data\raw\rgb\River\River_402.jpg,8,River,8,River,0.9999998807907104,True,6.932252,10.928578
1956,C:\Users\DELL Precision 5550\Documents\GitHub\Terrasight-Eurosat-RGB-vs-Multispectral\data\raw\rgb\AnnualCrop\AnnualCrop_1606.jpg,0,AnnualCrop,0,AnnualCrop,0.9999698400497437,True,2.2573607,13.98338
1957,C:\Users\DELL Precision 5550\Documents\GitHub\Terrasight-Eurosat-RGB-vs-Multispectral\data\raw\rgb\SeaLake\SeaLake_1735.jpg,9,SeaLake,9,SeaLake,0.9734238982200623,True,15.570675,11.060094
1958,C:\Users\DELL Precision 5550\Documents\GitHub\Terrasight-Eurosat-RGB-vs-Multispectral\data\raw\rgb\Pasture\Pasture_746.jpg,5,Pasture,5,Pasture,0.999997615814209,True,10.570098,7.895877
1959,C:\Users\DELL Precision 5550\Documents\GitHub\Terrasight-Eurosat-RGB-vs-Multispectral\data\raw\rgb\AnnualCrop\AnnualCrop_2920.jpg,0,AnnualCrop,0,AnnualCrop,0.9999974966049194,True,2.2418888,14.4446335
1960,C:\Users\DELL Precision 5550\Documents\GitHub\Terrasight-Eurosat-RGB-vs-Multispectral\data\raw\rgb\River\River_1598.jpg,8,River,8,River,0.9983977675437927,True,4.740552,10.563775
1961,C:\Users\DELL Precision 5550\Documents\GitHub\Terrasight-Eurosat-RGB-vs-Multispectral\data\raw\rgb\PermanentCrop\PermanentCrop_1554.jpg,6,PermanentCrop,6,PermanentCrop,0.9955652356147766,True,2.3746269,4.318749
1962,C:\Users\DELL Precision 5550\Documents\GitHub\Terrasight-Eurosat-RGB-vs-Multispectral\data\raw\rgb\SeaLake\SeaLake_2743.jpg,9,SeaLake,9,SeaLake,0.9975327253341675,True,16.123255,12.033441
1963,C:\Users\DELL Precision 5550\Documents\GitHub\Terrasight-Eurosat-RGB-vs-Multispectral\data\raw\rgb\HerbaceousVegetation\HerbaceousVegetation_1951.jpg,2,HerbaceousVegetation,6,PermanentCrop,0.5024495124816895,False,2.210884,2.9099298
1964,C:\Users\DELL Precision 5550\Documents\GitHub\Terrasight-Eurosat-RGB-vs-Multispectral\data\raw\rgb\AnnualCrop\AnnualCrop_2482.jpg,0,AnnualCrop,0,AnnualCrop,0.9998770952224731,True,2.1908703,13.944042
1965,C:\Users\DELL Precision 5550\Documents\GitHub\Terrasight-Eurosat-RGB-vs-Multispectral\data\raw\rgb\Highway\Highway_149.jpg,3,Highway,3,Highway,0.9828610420227051,True,0.43365255,9.898585
1966,C:\Users\DELL Precision 5550\Documents\GitHub\Terrasight-Eurosat-RGB-vs-Multispectral\data\raw\rgb\PermanentCrop\PermanentCrop_25.jpg,6,PermanentCrop,6,PermanentCrop,0.8346960544586182,True,2.3290834,5.0323973
1967,C:\Users\DELL Precision 5550\Documents\GitHub\Terrasight-Eurosat-RGB-vs-Multispectral\data\raw\rgb\Industrial\Industrial_2481.jpg,4,Industrial,4,Industrial,0.9994257688522339,True,-8.062634,1.2346277
1968,C:\Users\DELL Precision 5550\Documents\GitHub\Terrasight-Eurosat-RGB-vs-Multispectral\data\raw\rgb\Residential\Residential_1419.jpg,7,Residential,7,Residential,0.9798946976661682,True,-5.6064763,-2.707687
1969,C:\Users\DELL Precision 5550\Documents\GitHub\Terrasight-Eurosat-RGB-vs-Multispectral\data\raw\rgb\AnnualCrop\AnnualCrop_2166.jpg,0,AnnualCrop,0,AnnualCrop,0.9999998807907104,True,2.4408493,15.93642
1970,C:\Users\DELL Precision 5550\Documents\GitHub\Terrasight-Eurosat-RGB-vs-Multispectral\data\raw\rgb\Forest\Forest_953.jpg,1,Forest,1,Forest,0.9994600415229797,True,13.267011,-1.4592587
1971,C:\Users\DELL Precision 5550\Documents\GitHub\Terrasight-Eurosat-RGB-vs-Multispectral\data\raw\rgb\Highway\Highway_25.jpg,3,Highway,3,Highway,0.998921275138855,True,-0.86775213,10.399995
1972,C:\Users\DELL Precision 5550\Documents\GitHub\Terrasight-Eurosat-RGB-vs-Multispectral\data\raw\rgb\SeaLake\SeaLake_2626.jpg,9,SeaLake,9,SeaLake,0.9999037981033325,True,17.52785,12.038335
1973,C:\Users\DELL Precision 5550\Documents\GitHub\Terrasight-Eurosat-RGB-vs-Multispectral\data\raw\rgb\HerbaceousVegetation\HerbaceousVegetation_674.jpg,2,HerbaceousVegetation,2,HerbaceousVegetation,0.9999926090240479,True,4.0622334,0.7014909
1974,C:\Users\DELL Precision 5550\Documents\GitHub\Terrasight-Eurosat-RGB-vs-Multispectral\data\raw\rgb\Industrial\Industrial_2423.jpg,4,Industrial,4,Industrial,0.9965689182281494,True,-7.201922,1.4806037
1975,C:\Users\DELL Precision 5550\Documents\GitHub\Terrasight-Eurosat-RGB-vs-Multispectral\data\raw\rgb\HerbaceousVegetation\HerbaceousVegetation_1375.jpg,2,HerbaceousVegetation,2,HerbaceousVegetation,0.9999977350234985,True,3.1494381,0.81006205
1976,C:\Users\DELL Precision 5550\Documents\GitHub\Terrasight-Eurosat-RGB-vs-Multispectral\data\raw\rgb\River\River_534.jpg,8,River,8,River,0.9994693398475647,True,5.0049076,10.734343
1977,C:\Users\DELL Precision 5550\Documents\GitHub\Terrasight-Eurosat-RGB-vs-Multispectral\data\raw\rgb\HerbaceousVegetation\HerbaceousVegetation_1723.jpg,2,HerbaceousVegetation,2,HerbaceousVegetation,0.9998964071273804,True,3.4687057,0.46415433
1978,C:\Users\DELL Precision 5550\Documents\GitHub\Terrasight-Eurosat-RGB-vs-Multispectral\data\raw\rgb\Pasture\Pasture_1974.jpg,5,Pasture,5,Pasture,0.9995150566101074,True,7.4291635,5.338531
1979,C:\Users\DELL Precision 5550\Documents\GitHub\Terrasight-Eurosat-RGB-vs-Multispectral\data\raw\rgb\Residential\Residential_1355.jpg,7,Residential,7,Residential,0.9889712929725647,True,-5.9324174,-3.1651862
1980,C:\Users\DELL Precision 5550\Documents\GitHub\Terrasight-Eurosat-RGB-vs-Multispectral\data\raw\rgb\AnnualCrop\AnnualCrop_2349.jpg,0,AnnualCrop,0,AnnualCrop,0.9999971389770508,True,2.222554,14.922005
1981,C:\Users\DELL Precision 5550\Documents\GitHub\Terrasight-Eurosat-RGB-vs-Multispectral\data\raw\rgb\HerbaceousVegetation\HerbaceousVegetation_1206.jpg,2,HerbaceousVegetation,2,HerbaceousVegetation,0.9999926090240479,True,3.1726243,1.0488147
1982,C:\Users\DELL Precision 5550\Documents\GitHub\Terrasight-Eurosat-RGB-vs-Multispectral\data\raw\rgb\SeaLake\SeaLake_1704.jpg,9,SeaLake,9,SeaLake,0.9996135830879211,True,15.89511,10.5265875
1983,C:\Users\DELL Precision 5550\Documents\GitHub\Terrasight-Eurosat-RGB-vs-Multispectral\data\raw\rgb\Industrial\Industrial_428.jpg,4,Industrial,4,Industrial,0.9997376799583435,True,-8.53652,1.3127543
1984,C:\Users\DELL Precision 5550\Documents\GitHub\Terrasight-Eurosat-RGB-vs-Multispectral\data\raw\rgb\SeaLake\SeaLake_893.jpg,9,SeaLake,9,SeaLake,0.9997392296791077,True,16.491213,12.586634
1985,C:\Users\DELL Precision 5550\Documents\GitHub\Terrasight-Eurosat-RGB-vs-Multispectral\data\raw\rgb\HerbaceousVegetation\HerbaceousVegetation_1843.jpg,2,HerbaceousVegetation,2,HerbaceousVegetation,0.999447762966156,True,4.3459387,0.8777753
1986,C:\Users\DELL Precision 5550\Documents\GitHub\Terrasight-Eurosat-RGB-vs-Multispectral\data\raw\rgb\Pasture\Pasture_89.jpg,5,Pasture,5,Pasture,0.9810957312583923,True,6.266349,5.0439224
1987,C:\Users\DELL Precision 5550\Documents\GitHub\Terrasight-Eurosat-RGB-vs-Multispectral\data\raw\rgb\PermanentCrop\PermanentCrop_1823.jpg,6,PermanentCrop,6,PermanentCrop,0.911607027053833,True,2.3413272,5.024012
1988,C:\Users\DELL Precision 5550\Documents\GitHub\Terrasight-Eurosat-RGB-vs-Multispectral\data\raw\rgb\PermanentCrop\PermanentCrop_1650.jpg,6,PermanentCrop,6,PermanentCrop,0.9983558058738708,True,1.9539864,3.5027978
1989,C:\Users\DELL Precision 5550\Documents\GitHub\Terrasight-Eurosat-RGB-vs-Multispectral\data\raw\rgb\Industrial\Industrial_2195.jpg,4,Industrial,4,Industrial,0.977353572845459,True,-6.767466,1.3045485
1990,C:\Users\DELL Precision 5550\Documents\GitHub\Terrasight-Eurosat-RGB-vs-Multispectral\data\raw\rgb\Forest\Forest_2695.jpg,1,Forest,1,Forest,0.9989749193191528,True,13.4410095,-1.0828584
1991,C:\Users\DELL Precision 5550\Documents\GitHub\Terrasight-Eurosat-RGB-vs-Multispectral\data\raw\rgb\Pasture\Pasture_14.jpg,5,Pasture,5,Pasture,0.999987006187439,True,10.505789,7.8995028
1992,C:\Users\DELL Precision 5550\Documents\GitHub\Terrasight-Eurosat-RGB-vs-Multispectral\data\raw\rgb\Pasture\Pasture_955.jpg,5,Pasture,2,HerbaceousVegetation,0.6957067251205444,False,6.0835104,5.0191216
1993,C:\Users\DELL Precision 5550\Documents\GitHub\Terrasight-Eurosat-RGB-vs-Multispectral\data\raw\rgb\River\River_199.jpg,8,River,8,River,0.9999858140945435,True,6.1014314,10.608051
1994,C:\Users\DELL Precision 5550\Documents\GitHub\Terrasight-Eurosat-RGB-vs-Multispectral\data\raw\rgb\PermanentCrop\PermanentCrop_636.jpg,6,PermanentCrop,6,PermanentCrop,0.9978272318840027,True,2.2171109,4.2852726
1995,C:\Users\DELL Precision 5550\Documents\GitHub\Terrasight-Eurosat-RGB-vs-Multispectral\data\raw\rgb\AnnualCrop\AnnualCrop_79.jpg,0,AnnualCrop,0,AnnualCrop,0.9834873080253601,True,3.1584892,12.04484
1996,C:\Users\DELL Precision 5550\Documents\GitHub\Terrasight-Eurosat-RGB-vs-Multispectral\data\raw\rgb\HerbaceousVegetation\HerbaceousVegetation_1941.jpg,2,HerbaceousVegetation,2,HerbaceousVegetation,0.999995231628418,True,3.0877383,0.67139864
1997,C:\Users\DELL Precision 5550\Documents\GitHub\Terrasight-Eurosat-RGB-vs-Multispectral\data\raw\rgb\Industrial\Industrial_711.jpg,4,Industrial,4,Industrial,0.9692808389663696,True,-7.272394,0.9812055
1998,C:\Users\DELL Precision 5550\Documents\GitHub\Terrasight-Eurosat-RGB-vs-Multispectral\data\raw\rgb\Industrial\Industrial_1650.jpg,4,Industrial,4,Industrial,0.9997941851615906,True,-8.642874,1.4883211
1999,C:\Users\DELL Precision 5550\Documents\GitHub\Terrasight-Eurosat-RGB-vs-Multispectral\data\raw\rgb\PermanentCrop\PermanentCrop_1712.jpg,6,PermanentCrop,6,PermanentCrop,0.9999996423721313,True,0.80372053,3.9887378
2000,C:\Users\DELL Precision 5550\Documents\GitHub\Terrasight-Eurosat-RGB-vs-Multispectral\data\raw\rgb\Residential\Residential_2273.jpg,7,Residential,7,Residential,0.9999990463256836,True,-6.147568,-4.840962
2001,C:\Users\DELL Precision 5550\Documents\GitHub\Terrasight-Eurosat-RGB-vs-Multispectral\data\raw\rgb\River\River_499.jpg,8,River,8,River,0.9998413324356079,True,5.767288,10.19118
2002,C:\Users\DELL Precision 5550\Documents\GitHub\Terrasight-Eurosat-RGB-vs-Multispectral\data\raw\rgb\Pasture\Pasture_117.jpg,5,Pasture,5,Pasture,0.9999961853027344,True,7.8728085,5.5679283
2003,C:\Users\DELL Precision 5550\Documents\GitHub\Terrasight-Eurosat-RGB-vs-Multispectral\data\raw\rgb\Highway\Highway_618.jpg,3,Highway,3,Highway,0.9978294968605042,True,0.14344431,10.356143
2004,C:\Users\DELL Precision 5550\Documents\GitHub\Terrasight-Eurosat-RGB-vs-Multispectral\data\raw\rgb\AnnualCrop\AnnualCrop_256.jpg,0,AnnualCrop,0,AnnualCrop,0.9993261098861694,True,2.8593907,13.2106085
2005,C:\Users\DELL Precision 5550\Documents\GitHub\Terrasight-Eurosat-RGB-vs-Multispectral\data\raw\rgb\River\River_964.jpg,8,River,8,River,0.99901282787323,True,4.804782,9.938186
2006,C:\Users\DELL Precision 5550\Documents\GitHub\Terrasight-Eurosat-RGB-vs-Multispectral\data\raw\rgb\AnnualCrop\AnnualCrop_2676.jpg,0,AnnualCrop,0,AnnualCrop,0.9999372959136963,True,2.3564954,13.859292
2007,C:\Users\DELL Precision 5550\Documents\GitHub\Terrasight-Eurosat-RGB-vs-Multispectral\data\raw\rgb\Forest\Forest_783.jpg,1,Forest,2,HerbaceousVegetation,0.8857893943786621,False,5.728827,4.463501
2008,C:\Users\DELL Precision 5550\Documents\GitHub\Terrasight-Eurosat-RGB-vs-Multispectral\data\raw\rgb\PermanentCrop\PermanentCrop_1562.jpg,6,PermanentCrop,6,PermanentCrop,0.9917287230491638,True,2.4107075,4.32398
2009,C:\Users\DELL Precision 5550\Documents\GitHub\Terrasight-Eurosat-RGB-vs-Multispectral\data\raw\rgb\Industrial\Industrial_2462.jpg,4,Industrial,4,Industrial,0.9995647072792053,True,-8.203828,1.2415497
2010,C:\Users\DELL Precision 5550\Documents\GitHub\Terrasight-Eurosat-RGB-vs-Multispectral\data\raw\rgb\AnnualCrop\AnnualCrop_2783.jpg,0,AnnualCrop,0,AnnualCrop,0.9040724635124207,True,2.8278463,11.909679
2011,C:\Users\DELL Precision 5550\Documents\GitHub\Terrasight-Eurosat-RGB-vs-Multispectral\data\raw\rgb\PermanentCrop\PermanentCrop_67.jpg,6,PermanentCrop,6,PermanentCrop,0.6309309601783752,True,2.6267514,11.66793
2012,C:\Users\DELL Precision 5550\Documents\GitHub\Terrasight-Eurosat-RGB-vs-Multispectral\data\raw\rgb\AnnualCrop\AnnualCrop_2375.jpg,0,AnnualCrop,0,AnnualCrop,0.9999308586120605,True,2.8646955,15.065176
2013,C:\Users\DELL Precision 5550\Documents\GitHub\Terrasight-Eurosat-RGB-vs-Multispectral\data\raw\rgb\HerbaceousVegetation\HerbaceousVegetation_1200.jpg,2,HerbaceousVegetation,2,HerbaceousVegetation,0.9998633861541748,True,4.2693777,1.2103449
2014,C:\Users\DELL Precision 5550\Documents\GitHub\Terrasight-Eurosat-RGB-vs-Multispectral\data\raw\rgb\SeaLake\SeaLake_93.jpg,9,SeaLake,9,SeaLake,0.9975766539573669,True,15.649362,11.393018
2015,C:\Users\DELL Precision 5550\Documents\GitHub\Terrasight-Eurosat-RGB-vs-Multispectral\data\raw\rgb\HerbaceousVegetation\HerbaceousVegetation_70.jpg,2,HerbaceousVegetation,2,HerbaceousVegetation,0.9999996423721313,True,3.6343517,0.79638124
2016,C:\Users\DELL Precision 5550\Documents\GitHub\Terrasight-Eurosat-RGB-vs-Multispectral\data\raw\rgb\HerbaceousVegetation\HerbaceousVegetation_1982.jpg,2,HerbaceousVegetation,2,HerbaceousVegetation,0.982017993927002,True,3.4869657,1.9114634
2017,C:\Users\DELL Precision 5550\Documents\GitHub\Terrasight-Eurosat-RGB-vs-Multispectral\data\raw\rgb\Forest\Forest_691.jpg,1,Forest,1,Forest,0.9999982118606567,True,14.868953,-1.8458904
2018,C:\Users\DELL Precision 5550\Documents\GitHub\Terrasight-Eurosat-RGB-vs-Multispectral\data\raw\rgb\AnnualCrop\AnnualCrop_1330.jpg,0,AnnualCrop,0,AnnualCrop,0.9999850988388062,True,2.2474806,13.91575
2019,C:\Users\DELL Precision 5550\Documents\GitHub\Terrasight-Eurosat-RGB-vs-Multispectral\data\raw\rgb\PermanentCrop\PermanentCrop_783.jpg,6,PermanentCrop,6,PermanentCrop,0.955491304397583,True,1.8943383,2.9699075
2020,C:\Users\DELL Precision 5550\Documents\GitHub\Terrasight-Eurosat-RGB-vs-Multispectral\data\raw\rgb\AnnualCrop\AnnualCrop_2924.jpg,0,AnnualCrop,0,AnnualCrop,0.9999934434890747,True,2.4156582,14.49815
2021,C:\Users\DELL Precision 5550\Documents\GitHub\Terrasight-Eurosat-RGB-vs-Multispectral\data\raw\rgb\HerbaceousVegetation\HerbaceousVegetation_798.jpg,2,HerbaceousVegetation,2,HerbaceousVegetation,0.9999825954437256,True,4.3072934,0.64323187
2022,C:\Users\DELL Precision 5550\Documents\GitHub\Terrasight-Eurosat-RGB-vs-Multispectral\data\raw\rgb\Industrial\Industrial_1990.jpg,4,Industrial,4,Industrial,0.9972833395004272,True,-7.2357454,1.5523292
2023,C:\Users\DELL Precision 5550\Documents\GitHub\Terrasight-Eurosat-RGB-vs-Multispectral\data\raw\rgb\River\River_2193.jpg,8,River,8,River,0.9997749924659729,True,5.0793114,10.877428
2024,C:\Users\DELL Precision 5550\Documents\GitHub\Terrasight-Eurosat-RGB-vs-Multispectral\data\raw\rgb\AnnualCrop\AnnualCrop_1596.jpg,0,AnnualCrop,0,AnnualCrop,0.9916543960571289,True,2.7147598,12.856669
2025,C:\Users\DELL Precision 5550\Documents\GitHub\Terrasight-Eurosat-RGB-vs-Multispectral\data\raw\rgb\River\River_106.jpg,8,River,8,River,0.999991774559021,True,6.0285463,10.730386
2026,C:\Users\DELL Precision 5550\Documents\GitHub\Terrasight-Eurosat-RGB-vs-Multispectral\data\raw\rgb\SeaLake\SeaLake_2483.jpg,9,SeaLake,9,SeaLake,0.9633088111877441,True,16.134066,11.127222
2027,C:\Users\DELL Precision 5550\Documents\GitHub\Terrasight-Eurosat-RGB-vs-Multispectral\data\raw\rgb\Residential\Residential_383.jpg,7,Residential,7,Residential,0.9999194145202637,True,-6.2572184,-4.387432
2028,C:\Users\DELL Precision 5550\Documents\GitHub\Terrasight-Eurosat-RGB-vs-Multispectral\data\raw\rgb\Residential\Residential_2764.jpg,7,Residential,7,Residential,0.9997385144233704,True,-6.698159,-4.6317906
2029,C:\Users\DELL Precision 5550\Documents\GitHub\Terrasight-Eurosat-RGB-vs-Multispectral\data\raw\rgb\Industrial\Industrial_273.jpg,4,Industrial,4,Industrial,0.9970244765281677,True,-6.996304,1.4517149
2030,C:\Users\DELL Precision 5550\Documents\GitHub\Terrasight-Eurosat-RGB-vs-Multispectral\data\raw\rgb\Pasture\Pasture_705.jpg,5,Pasture,5,Pasture,0.9998199343681335,True,7.3350697,5.346992
2031,C:\Users\DELL Precision 5550\Documents\GitHub\Terrasight-Eurosat-RGB-vs-Multispectral\data\raw\rgb\PermanentCrop\PermanentCrop_2494.jpg,6,PermanentCrop,6,PermanentCrop,0.9327539801597595,True,2.6867177,4.484123
2032,C:\Users\DELL Precision 5550\Documents\GitHub\Terrasight-Eurosat-RGB-vs-Multispectral\data\raw\rgb\PermanentCrop\PermanentCrop_1842.jpg,6,PermanentCrop,6,PermanentCrop,0.9996926784515381,True,1.3274039,4.6208806
2033,C:\Users\DELL Precision 5550\Documents\GitHub\Terrasight-Eurosat-RGB-vs-Multispectral\data\raw\rgb\Forest\Forest_990.jpg,1,Forest,1,Forest,0.9947124719619751,True,13.156248,-1.6171006
2034,C:\Users\DELL Precision 5550\Documents\GitHub\Terrasight-Eurosat-RGB-vs-Multispectral\data\raw\rgb\PermanentCrop\PermanentCrop_1157.jpg,6,PermanentCrop,2,HerbaceousVegetation,0.5257971882820129,False,3.2687616,11.026833
2035,C:\Users\DELL Precision 5550\Documents\GitHub\Terrasight-Eurosat-RGB-vs-Multispectral\data\raw\rgb\Pasture\Pasture_1728.jpg,5,Pasture,2,HerbaceousVegetation,0.49033740162849426,False,5.8980813,4.70636
2036,C:\Users\DELL Precision 5550\Documents\GitHub\Terrasight-Eurosat-RGB-vs-Multispectral\data\raw\rgb\PermanentCrop\PermanentCrop_183.jpg,6,PermanentCrop,0,AnnualCrop,0.7230689525604248,False,2.6600423,11.71434
2037,C:\Users\DELL Precision 5550\Documents\GitHub\Terrasight-Eurosat-RGB-vs-Multispectral\data\raw\rgb\Forest\Forest_291.jpg,1,Forest,1,Forest,0.9945922493934631,True,12.987131,-1.2780503
2038,C:\Users\DELL Precision 5550\Documents\GitHub\Terrasight-Eurosat-RGB-vs-Multispectral\data\raw\rgb\Forest\Forest_1478.jpg,1,Forest,1,Forest,0.9996102452278137,True,14.092994,-1.2832267
2039,C:\Users\DELL Precision 5550\Documents\GitHub\Terrasight-Eurosat-RGB-vs-Multispectral\data\raw\rgb\Residential\Residential_1766.jpg,7,Residential,7,Residential,0.9992235898971558,True,-5.401147,-4.1162896
2040,C:\Users\DELL Precision 5550\Documents\GitHub\Terrasight-Eurosat-RGB-vs-Multispectral\data\raw\rgb\Residential\Residential_1862.jpg,7,Residential,7,Residential,0.8353053331375122,True,-5.941927,-2.917068
2041,C:\Users\DELL Precision 5550\Documents\GitHub\Terrasight-Eurosat-RGB-vs-Multispectral\data\raw\rgb\SeaLake\SeaLake_1547.jpg,9,SeaLake,9,SeaLake,0.9972962737083435,True,15.688502,10.86674
2042,C:\Users\DELL Precision 5550\Documents\GitHub\Terrasight-Eurosat-RGB-vs-Multispectral\data\raw\rgb\Forest\Forest_2612.jpg,1,Forest,1,Forest,0.9999960660934448,True,14.753354,-2.945313
2043,C:\Users\DELL Precision 5550\Documents\GitHub\Terrasight-Eurosat-RGB-vs-Multispectral\data\raw\rgb\SeaLake\SeaLake_1763.jpg,9,SeaLake,9,SeaLake,0.9986575841903687,True,16.242653,10.815506
2044,C:\Users\DELL Precision 5550\Documents\GitHub\Terrasight-Eurosat-RGB-vs-Multispectral\data\raw\rgb\Highway\Highway_1870.jpg,3,Highway,3,Highway,0.9994633793830872,True,-0.3247673,10.812209
2045,C:\Users\DELL Precision 5550\Documents\GitHub\Terrasight-Eurosat-RGB-vs-Multispectral\data\raw\rgb\Highway\Highway_629.jpg,3,Highway,3,Highway,0.9980158805847168,True,-0.3173755,10.904039
2046,C:\Users\DELL Precision 5550\Documents\GitHub\Terrasight-Eurosat-RGB-vs-Multispectral\data\raw\rgb\SeaLake\SeaLake_229.jpg,9,SeaLake,9,SeaLake,0.9937606453895569,True,16.06645,11.042171
2047,C:\Users\DELL Precision 5550\Documents\GitHub\Terrasight-Eurosat-RGB-vs-Multispectral\data\raw\rgb\Residential\Residential_1572.jpg,7,Residential,7,Residential,0.757464587688446,True,-5.5283294,-2.2449982
2048,C:\Users\DELL Precision 5550\Documents\GitHub\Terrasight-Eurosat-RGB-vs-Multispectral\data\raw\rgb\AnnualCrop\AnnualCrop_2602.jpg,0,AnnualCrop,0,AnnualCrop,0.999984860420227,True,2.4650078,14.590205
2049,C:\Users\DELL Precision 5550\Documents\GitHub\Terrasight-Eurosat-RGB-vs-Multispectral\data\raw\rgb\PermanentCrop\PermanentCrop_1896.jpg,6,PermanentCrop,6,PermanentCrop,0.9999979734420776,True,1.0176256,4.0813947
2050,C:\Users\DELL Precision 5550\Documents\GitHub\Terrasight-Eurosat-RGB-vs-Multispectral\data\raw\rgb\Highway\Highway_739.jpg,3,Highway,3,Highway,0.999580442905426,True,-0.20547189,9.8907585
2051,C:\Users\DELL Precision 5550\Documents\GitHub\Terrasight-Eurosat-RGB-vs-Multispectral\data\raw\rgb\Industrial\Industrial_1174.jpg,4,Industrial,4,Industrial,0.9248532056808472,True,-7.3360353,1.012374
2052,C:\Users\DELL Precision 5550\Documents\GitHub\Terrasight-Eurosat-RGB-vs-Multispectral\data\raw\rgb\Residential\Residential_1377.jpg,7,Residential,7,Residential,0.97890305519104,True,-5.385314,-2.5030138
2053,C:\Users\DELL Precision 5550\Documents\GitHub\Terrasight-Eurosat-RGB-vs-Multispectral\data\raw\rgb\River\River_2474.jpg,8,River,8,River,0.9999934434890747,True,6.2987185,10.61867
2054,C:\Users\DELL Precision 5550\Documents\GitHub\Terrasight-Eurosat-RGB-vs-Multispectral\data\raw\rgb\HerbaceousVegetation\HerbaceousVegetation_2929.jpg,2,HerbaceousVegetation,2,HerbaceousVegetation,0.9988742470741272,True,4.6915402,2.4260433
2055,C:\Users\DELL Precision 5550\Documents\GitHub\Terrasight-Eurosat-RGB-vs-Multispectral\data\raw\rgb\AnnualCrop\AnnualCrop_2496.jpg,0,AnnualCrop,0,AnnualCrop,0.9999485015869141,True,2.486463,14.338038
2056,C:\Users\DELL Precision 5550\Documents\GitHub\Terrasight-Eurosat-RGB-vs-Multispectral\data\raw\rgb\AnnualCrop\AnnualCrop_535.jpg,0,AnnualCrop,0,AnnualCrop,0.9999874830245972,True,2.6878161,14.509361
2057,C:\Users\DELL Precision 5550\Documents\GitHub\Terrasight-Eurosat-RGB-vs-Multispectral\data\raw\rgb\AnnualCrop\AnnualCrop_2244.jpg,0,AnnualCrop,0,AnnualCrop,0.9870424270629883,True,3.107381,11.97789
2058,C:\Users\DELL Precision 5550\Documents\GitHub\Terrasight-Eurosat-RGB-vs-Multispectral\data\raw\rgb\Highway\Highway_381.jpg,3,Highway,3,Highway,0.9999833106994629,True,-1.1941047,10.60106
2059,C:\Users\DELL Precision 5550\Documents\GitHub\Terrasight-Eurosat-RGB-vs-Multispectral\data\raw\rgb\River\River_945.jpg,8,River,1,Forest,0.814081072807312,False,4.7260604,9.755523
2060,C:\Users\DELL Precision 5550\Documents\GitHub\Terrasight-Eurosat-RGB-vs-Multispectral\data\raw\rgb\Highway\Highway_667.jpg,3,Highway,3,Highway,0.9921736717224121,True,-0.654477,10.153757
2061,C:\Users\DELL Precision 5550\Documents\GitHub\Terrasight-Eurosat-RGB-vs-Multispectral\data\raw\rgb\AnnualCrop\AnnualCrop_221.jpg,0,AnnualCrop,0,AnnualCrop,0.9999065399169922,True,2.5599427,14.196105
2062,C:\Users\DELL Precision 5550\Documents\GitHub\Terrasight-Eurosat-RGB-vs-Multispectral\data\raw\rgb\Residential\Residential_141.jpg,7,Residential,7,Residential,0.9975115060806274,True,-5.7863827,-3.4341693
2063,C:\Users\DELL Precision 5550\Documents\GitHub\Terrasight-Eurosat-RGB-vs-Multispectral\data\raw\rgb\PermanentCrop\PermanentCrop_2289.jpg,6,PermanentCrop,6,PermanentCrop,0.994206428527832,True,2.335688,3.5896423
2064,C:\Users\DELL Precision 5550\Documents\GitHub\Terrasight-Eurosat-RGB-vs-Multispectral\data\raw\rgb\River\River_2323.jpg,8,River,8,River,0.9986550807952881,True,4.7136683,10.357521
2065,C:\Users\DELL Precision 5550\Documents\GitHub\Terrasight-Eurosat-RGB-vs-Multispectral\data\raw\rgb\River\River_2258.jpg,8,River,8,River,1.0,True,7.1008425,11.002811
2066,C:\Users\DELL Precision 5550\Documents\GitHub\Terrasight-Eurosat-RGB-vs-Multispectral\data\raw\rgb\Residential\Residential_1753.jpg,7,Residential,7,Residential,0.9721152186393738,True,-6.63424,-3.450447
2067,C:\Users\DELL Precision 5550\Documents\GitHub\Terrasight-Eurosat-RGB-vs-Multispectral\data\raw\rgb\Industrial\Industrial_1882.jpg,4,Industrial,4,Industrial,0.9801760315895081,True,-6.7090726,1.3372183
2068,C:\Users\DELL Precision 5550\Documents\GitHub\Terrasight-Eurosat-RGB-vs-Multispectral\data\raw\rgb\Industrial\Industrial_515.jpg,4,Industrial,4,Industrial,0.9972748160362244,True,-8.34498,1.3593326
2069,C:\Users\DELL Precision 5550\Documents\GitHub\Terrasight-Eurosat-RGB-vs-Multispectral\data\raw\rgb\Forest\Forest_1624.jpg,1,Forest,1,Forest,0.9999179840087891,True,14.189089,-2.016704
2070,C:\Users\DELL Precision 5550\Documents\GitHub\Terrasight-Eurosat-RGB-vs-Multispectral\data\raw\rgb\Forest\Forest_1800.jpg,1,Forest,1,Forest,0.8434478044509888,True,12.967284,-1.0547181
2071,C:\Users\DELL Precision 5550\Documents\GitHub\Terrasight-Eurosat-RGB-vs-Multispectral\data\raw\rgb\Highway\Highway_1932.jpg,3,Highway,3,Highway,0.9928852915763855,True,-0.43734083,10.303783
2072,C:\Users\DELL Precision 5550\Documents\GitHub\Terrasight-Eurosat-RGB-vs-Multispectral\data\raw\rgb\River\River_1362.jpg,8,River,8,River,0.9978026747703552,True,4.8659086,10.072485
2073,C:\Users\DELL Precision 5550\Documents\GitHub\Terrasight-Eurosat-RGB-vs-Multispectral\data\raw\rgb\HerbaceousVegetation\HerbaceousVegetation_2713.jpg,2,HerbaceousVegetation,2,HerbaceousVegetation,0.999372661113739,True,4.6775675,2.4128282
2074,C:\Users\DELL Precision 5550\Documents\GitHub\Terrasight-Eurosat-RGB-vs-Multispectral\data\raw\rgb\PermanentCrop\PermanentCrop_1811.jpg,6,PermanentCrop,6,PermanentCrop,0.9982309937477112,True,1.8952099,3.2866917
2075,C:\Users\DELL Precision 5550\Documents\GitHub\Terrasight-Eurosat-RGB-vs-Multispectral\data\raw\rgb\Forest\Forest_643.jpg,1,Forest,1,Forest,0.9999834299087524,True,13.66176,-1.813152
2076,C:\Users\DELL Precision 5550\Documents\GitHub\Terrasight-Eurosat-RGB-vs-Multispectral\data\raw\rgb\AnnualCrop\AnnualCrop_1628.jpg,0,AnnualCrop,0,AnnualCrop,0.9999998807907104,True,2.5149357,16.205088
2077,C:\Users\DELL Precision 5550\Documents\GitHub\Terrasight-Eurosat-RGB-vs-Multispectral\data\raw\rgb\PermanentCrop\PermanentCrop_173.jpg,6,PermanentCrop,6,PermanentCrop,0.999943733215332,True,1.3806621,4.6832533
2078,C:\Users\DELL Precision 5550\Documents\GitHub\Terrasight-Eurosat-RGB-vs-Multispectral\data\raw\rgb\AnnualCrop\AnnualCrop_1691.jpg,0,AnnualCrop,0,AnnualCrop,0.9995911717414856,True,2.2390072,13.644344
2079,C:\Users\DELL Precision 5550\Documents\GitHub\Terrasight-Eurosat-RGB-vs-Multispectral\data\raw\rgb\Forest\Forest_2315.jpg,1,Forest,1,Forest,0.9999171495437622,True,13.441678,-1.0037924
2080,C:\Users\DELL Precision 5550\Documents\GitHub\Terrasight-Eurosat-RGB-vs-Multispectral\data\raw\rgb\SeaLake\SeaLake_1391.jpg,9,SeaLake,9,SeaLake,0.993941068649292,True,15.601262,10.971051
2081,C:\Users\DELL Precision 5550\Documents\GitHub\Terrasight-Eurosat-RGB-vs-Multispectral\data\raw\rgb\Pasture\Pasture_1586.jpg,5,Pasture,5,Pasture,0.9997079968452454,True,10.187641,7.7117996
2082,C:\Users\DELL Precision 5550\Documents\GitHub\Terrasight-Eurosat-RGB-vs-Multispectral\data\raw\rgb\PermanentCrop\PermanentCrop_149.jpg,6,PermanentCrop,2,HerbaceousVegetation,0.9994814991950989,False,4.754355,0.82718545
2083,C:\Users\DELL Precision 5550\Documents\GitHub\Terrasight-Eurosat-RGB-vs-Multispectral\data\raw\rgb\Highway\Highway_1727.jpg,3,Highway,3,Highway,0.9920058846473694,True,-0.65086746,10.574001
2084,C:\Users\DELL Precision 5550\Documents\GitHub\Terrasight-Eurosat-RGB-vs-Multispectral\data\raw\rgb\Forest\Forest_1653.jpg,1,Forest,1,Forest,0.9913169145584106,True,13.470398,-0.50068957
2085,C:\Users\DELL Precision 5550\Documents\GitHub\Terrasight-Eurosat-RGB-vs-Multispectral\data\raw\rgb\Pasture\Pasture_481.jpg,5,Pasture,5,Pasture,0.9944656491279602,True,6.973433,5.7690005
2086,C:\Users\DELL Precision 5550\Documents\GitHub\Terrasight-Eurosat-RGB-vs-Multispectral\data\raw\rgb\Highway\Highway_993.jpg,3,Highway,3,Highway,0.9997830986976624,True,-0.3951282,10.8350315
2087,C:\Users\DELL Precision 5550\Documents\GitHub\Terrasight-Eurosat-RGB-vs-Multispectral\data\raw\rgb\Industrial\Industrial_2417.jpg,4,Industrial,4,Industrial,0.9961830973625183,True,-6.7672825,1.4647171
2088,C:\Users\DELL Precision 5550\Documents\GitHub\Terrasight-Eurosat-RGB-vs-Multispectral\data\raw\rgb\Residential\Residential_2419.jpg,7,Residential,7,Residential,0.9957607388496399,True,-6.2722855,-3.347389
2089,C:\Users\DELL Precision 5550\Documents\GitHub\Terrasight-Eurosat-RGB-vs-Multispectral\data\raw\rgb\Forest\Forest_2346.jpg,1,Forest,1,Forest,0.9999955892562866,True,13.589545,-2.1565738
2090,C:\Users\DELL Precision 5550\Documents\GitHub\Terrasight-Eurosat-RGB-vs-Multispectral\data\raw\rgb\SeaLake\SeaLake_705.jpg,9,SeaLake,9,SeaLake,0.9996947050094604,True,15.870321,10.537953
2091,C:\Users\DELL Precision 5550\Documents\GitHub\Terrasight-Eurosat-RGB-vs-Multispectral\data\raw\rgb\Highway\Highway_1594.jpg,3,Highway,3,Highway,0.9940804839134216,True,0.29433692,9.784017
2092,C:\Users\DELL Precision 5550\Documents\GitHub\Terrasight-Eurosat-RGB-vs-Multispectral\data\raw\rgb\Forest\Forest_1888.jpg,1,Forest,1,Forest,0.9999897480010986,True,14.4880085,-2.1608703
2093,C:\Users\DELL Precision 5550\Documents\GitHub\Terrasight-Eurosat-RGB-vs-Multispectral\data\raw\rgb\River\River_946.jpg,8,River,8,River,0.9877308011054993,True,4.7913165,10.946904
2094,C:\Users\DELL Precision 5550\Documents\GitHub\Terrasight-Eurosat-RGB-vs-Multispectral\data\raw\rgb\Pasture\Pasture_1750.jpg,5,Pasture,2,HerbaceousVegetation,0.9082005620002747,False,5.891156,4.668157
2095,C:\Users\DELL Precision 5550\Documents\GitHub\Terrasight-Eurosat-RGB-vs-Multispectral\data\raw\rgb\Pasture\Pasture_1600.jpg,5,Pasture,5,Pasture,0.9999984502792358,True,7.8916726,5.5450335
2096,C:\Users\DELL Precision 5550\Documents\GitHub\Terrasight-Eurosat-RGB-vs-Multispectral\data\raw\rgb\River\River_2007.jpg,8,River,8,River,0.9963172674179077,True,4.8737516,10.116285
2097,C:\Users\DELL Precision 5550\Documents\GitHub\Terrasight-Eurosat-RGB-vs-Multispectral\data\raw\rgb\Forest\Forest_2418.jpg,1,Forest,1,Forest,0.9999814033508301,True,14.42017,-1.9082551
2098,C:\Users\DELL Precision 5550\Documents\GitHub\Terrasight-Eurosat-RGB-vs-Multispectral\data\raw\rgb\Industrial\Industrial_86.jpg,4,Industrial,4,Industrial,0.9999343156814575,True,-8.268847,1.8732495
2099,C:\Users\DELL Precision 5550\Documents\GitHub\Terrasight-Eurosat-RGB-vs-Multispectral\data\raw\rgb\Forest\Forest_2470.jpg,1,Forest,1,Forest,0.9993834495544434,True,13.288203,-1.5117387
2100,C:\Users\DELL Precision 5550\Documents\GitHub\Terrasight-Eurosat-RGB-vs-Multispectral\data\raw\rgb\AnnualCrop\AnnualCrop_56.jpg,0,AnnualCrop,0,AnnualCrop,0.9999998807907104,True,2.5197513,15.7572775
2101,C:\Users\DELL Precision 5550\Documents\GitHub\Terrasight-Eurosat-RGB-vs-Multispectral\data\raw\rgb\HerbaceousVegetation\HerbaceousVegetation_74.jpg,2,HerbaceousVegetation,2,HerbaceousVegetation,0.9998793601989746,True,4.0769057,0.21954523
2102,C:\Users\DELL Precision 5550\Documents\GitHub\Terrasight-Eurosat-RGB-vs-Multispectral\data\raw\rgb\Highway\Highway_1165.jpg,3,Highway,3,Highway,0.9935623407363892,True,-0.5376138,10.027411
2103,C:\Users\DELL Precision 5550\Documents\GitHub\Terrasight-Eurosat-RGB-vs-Multispectral\data\raw\rgb\River\River_261.jpg,8,River,8,River,0.9993194341659546,True,5.0104456,10.402167
2104,C:\Users\DELL Precision 5550\Documents\GitHub\Terrasight-Eurosat-RGB-vs-Multispectral\data\raw\rgb\SeaLake\SeaLake_2269.jpg,9,SeaLake,9,SeaLake,0.9914059638977051,True,15.65792,10.934842
2105,C:\Users\DELL Precision 5550\Documents\GitHub\Terrasight-Eurosat-RGB-vs-Multispectral\data\raw\rgb\Industrial\Industrial_2300.jpg,4,Industrial,4,Industrial,0.9986432194709778,True,-8.115924,1.143964
2106,C:\Users\DELL Precision 5550\Documents\GitHub\Terrasight-Eurosat-RGB-vs-Multispectral\data\raw\rgb\SeaLake\SeaLake_562.jpg,9,SeaLake,9,SeaLake,0.9998886585235596,True,16.58269,12.487081
2107,C:\Users\DELL Precision 5550\Documents\GitHub\Terrasight-Eurosat-RGB-vs-Multispectral\data\raw\rgb\AnnualCrop\AnnualCrop_2860.jpg,0,AnnualCrop,0,AnnualCrop,0.9999582767486572,True,2.7410505,14.716739
2108,C:\Users\DELL Precision 5550\Documents\GitHub\Terrasight-Eurosat-RGB-vs-Multispectral\data\raw\rgb\AnnualCrop\AnnualCrop_1563.jpg,0,AnnualCrop,0,AnnualCrop,0.9997832179069519,True,2.8585138,15.015514
2109,C:\Users\DELL Precision 5550\Documents\GitHub\Terrasight-Eurosat-RGB-vs-Multispectral\data\raw\rgb\SeaLake\SeaLake_260.jpg,9,SeaLake,9,SeaLake,0.9887775778770447,True,15.624166,11.3756
2110,C:\Users\DELL Precision 5550\Documents\GitHub\Terrasight-Eurosat-RGB-vs-Multispectral\data\raw\rgb\River\River_1196.jpg,8,River,8,River,0.9568312168121338,True,4.807597,10.071116
2111,C:\Users\DELL Precision 5550\Documents\GitHub\Terrasight-Eurosat-RGB-vs-Multispectral\data\raw\rgb\PermanentCrop\PermanentCrop_522.jpg,6,PermanentCrop,6,PermanentCrop,0.9180355668067932,True,2.364956,4.8869023
2112,C:\Users\DELL Precision 5550\Documents\GitHub\Terrasight-Eurosat-RGB-vs-Multispectral\data\raw\rgb\Residential\Residential_308.jpg,7,Residential,7,Residential,0.9986798167228699,True,-5.849101,-3.2289145
2113,C:\Users\DELL Precision 5550\Documents\GitHub\Terrasight-Eurosat-RGB-vs-Multispectral\data\raw\rgb\Residential\Residential_1225.jpg,7,Residential,7,Residential,0.931694746017456,True,-5.0131135,-2.4425228
2114,C:\Users\DELL Precision 5550\Documents\GitHub\Terrasight-Eurosat-RGB-vs-Multispectral\data\raw\rgb\Residential\Residential_1820.jpg,7,Residential,7,Residential,0.9997692704200745,True,-5.3332276,-3.5575428
2115,C:\Users\DELL Precision 5550\Documents\GitHub\Terrasight-Eurosat-RGB-vs-Multispectral\data\raw\rgb\AnnualCrop\AnnualCrop_2478.jpg,0,AnnualCrop,0,AnnualCrop,0.9999996423721313,True,2.6347404,15.92549
2116,C:\Users\DELL Precision 5550\Documents\GitHub\Terrasight-Eurosat-RGB-vs-Multispectral\data\raw\rgb\SeaLake\SeaLake_1783.jpg,9,SeaLake,9,SeaLake,0.9949523210525513,True,16.254915,10.952695
2117,C:\Users\DELL Precision 5550\Documents\GitHub\Terrasight-Eurosat-RGB-vs-Multispectral\data\raw\rgb\HerbaceousVegetation\HerbaceousVegetation_836.jpg,2,HerbaceousVegetation,2,HerbaceousVegetation,0.9992056488990784,True,4.7144794,2.4514816
2118,C:\Users\DELL Precision 5550\Documents\GitHub\Terrasight-Eurosat-RGB-vs-Multispectral\data\raw\rgb\Pasture\Pasture_1880.jpg,5,Pasture,5,Pasture,0.9999276399612427,True,7.499034,5.514511
2119,C:\Users\DELL Precision 5550\Documents\GitHub\Terrasight-Eurosat-RGB-vs-Multispectral\data\raw\rgb\River\River_347.jpg,8,River,8,River,0.9993957281112671,True,5.5159416,10.213438
2120,C:\Users\DELL Precision 5550\Documents\GitHub\Terrasight-Eurosat-RGB-vs-Multispectral\data\raw\rgb\Industrial\Industrial_1225.jpg,4,Industrial,4,Industrial,0.9997649788856506,True,-8.140329,1.9482219
2121,C:\Users\DELL Precision 5550\Documents\GitHub\Terrasight-Eurosat-RGB-vs-Multispectral\data\raw\rgb\HerbaceousVegetation\HerbaceousVegetation_1875.jpg,2,HerbaceousVegetation,2,HerbaceousVegetation,0.9998924732208252,True,4.2139792,0.32052562
2122,C:\Users\DELL Precision 5550\Documents\GitHub\Terrasight-Eurosat-RGB-vs-Multispectral\data\raw\rgb\Pasture\Pasture_637.jpg,5,Pasture,5,Pasture,0.9999908208847046,True,7.9263597,5.5525146
2123,C:\Users\DELL Precision 5550\Documents\GitHub\Terrasight-Eurosat-RGB-vs-Multispectral\data\raw\rgb\Forest\Forest_2557.jpg,1,Forest,1,Forest,0.9999988079071045,True,15.026423,-2.340046
2124,C:\Users\DELL Precision 5550\Documents\GitHub\Terrasight-Eurosat-RGB-vs-Multispectral\data\raw\rgb\Pasture\Pasture_1912.jpg,5,Pasture,5,Pasture,0.9297198057174683,True,6.124195,5.0647936
2125,C:\Users\DELL Precision 5550\Documents\GitHub\Terrasight-Eurosat-RGB-vs-Multispectral\data\raw\rgb\PermanentCrop\PermanentCrop_1425.jpg,6,PermanentCrop,6,PermanentCrop,0.8751656413078308,True,1.9565353,2.9894993
2126,C:\Users\DELL Precision 5550\Documents\GitHub\Terrasight-Eurosat-RGB-vs-Multispectral\data\raw\rgb\Highway\Highway_18.jpg,3,Highway,3,Highway,0.9950687885284424,True,-0.4899183,10.982939
2127,C:\Users\DELL Precision 5550\Documents\GitHub\Terrasight-Eurosat-RGB-vs-Multispectral\data\raw\rgb\AnnualCrop\AnnualCrop_407.jpg,0,AnnualCrop,0,AnnualCrop,0.937089741230011,True,2.517995,12.066808
2128,C:\Users\DELL Precision 5550\Documents\GitHub\Terrasight-Eurosat-RGB-vs-Multispectral\data\raw\rgb\Highway\Highway_1860.jpg,3,Highway,3,Highway,0.9986144304275513,True,-0.7062279,10.541542
2129,C:\Users\DELL Precision 5550\Documents\GitHub\Terrasight-Eurosat-RGB-vs-Multispectral\data\raw\rgb\HerbaceousVegetation\HerbaceousVegetation_649.jpg,2,HerbaceousVegetation,2,HerbaceousVegetation,1.0,True,3.4533622,-0.40737364
2130,C:\Users\DELL Precision 5550\Documents\GitHub\Terrasight-Eurosat-RGB-vs-Multispectral\data\raw\rgb\Residential\Residential_594.jpg,7,Residential,7,Residential,0.9957056641578674,True,-6.6618323,-3.9274216
2131,C:\Users\DELL Precision 5550\Documents\GitHub\Terrasight-Eurosat-RGB-vs-Multispectral\data\raw\rgb\Pasture\Pasture_1706.jpg,5,Pasture,5,Pasture,0.9999985694885254,True,7.9946246,5.5654535
2132,C:\Users\DELL Precision 5550\Documents\GitHub\Terrasight-Eurosat-RGB-vs-Multispectral\data\raw\rgb\Residential\Residential_1658.jpg,7,Residential,7,Residential,0.9999731779098511,True,-6.292508,-4.1659765
2133,C:\Users\DELL Precision 5550\Documents\GitHub\Terrasight-Eurosat-RGB-vs-Multispectral\data\raw\rgb\PermanentCrop\PermanentCrop_385.jpg,6,PermanentCrop,6,PermanentCrop,0.9925628304481506,True,2.4040458,4.345789
2134,C:\Users\DELL Precision 5550\Documents\GitHub\Terrasight-Eurosat-RGB-vs-Multispectral\data\raw\rgb\Forest\Forest_2111.jpg,1,Forest,1,Forest,0.9999982118606567,True,14.805034,-2.4307747
2135,C:\Users\DELL Precision 5550\Documents\GitHub\Terrasight-Eurosat-RGB-vs-Multispectral\data\raw\rgb\HerbaceousVegetation\HerbaceousVegetation_2490.jpg,2,HerbaceousVegetation,2,HerbaceousVegetation,0.9984404444694519,True,3.0282223,1.4931186
2136,C:\Users\DELL Precision 5550\Documents\GitHub\Terrasight-Eurosat-RGB-vs-Multispectral\data\raw\rgb\PermanentCrop\PermanentCrop_2251.jpg,6,PermanentCrop,6,PermanentCrop,0.562532901763916,True,2.543398,3.1052172
2137,C:\Users\DELL Precision 5550\Documents\GitHub\Terrasight-Eurosat-RGB-vs-Multispectral\data\raw\rgb\Residential\Residential_2711.jpg,7,Residential,7,Residential,0.9973732233047485,True,-5.1506095,-2.9282644
2138,C:\Users\DELL Precision 5550\Documents\GitHub\Terrasight-Eurosat-RGB-vs-Multispectral\data\raw\rgb\Forest\Forest_1769.jpg,1,Forest,1,Forest,0.9749310612678528,True,13.004679,-1.2044879
2139,C:\Users\DELL Precision 5550\Documents\GitHub\Terrasight-Eurosat-RGB-vs-Multispectral\data\raw\rgb\Industrial\Industrial_2062.jpg,4,Industrial,4,Industrial,0.994462788105011,True,-7.184963,1.2866917
2140,C:\Users\DELL Precision 5550\Documents\GitHub\Terrasight-Eurosat-RGB-vs-Multispectral\data\raw\rgb\Highway\Highway_2493.jpg,3,Highway,3,Highway,0.9971758127212524,True,-0.018603016,10.149185
2141,C:\Users\DELL Precision 5550\Documents\GitHub\Terrasight-Eurosat-RGB-vs-Multispectral\data\raw\rgb\Industrial\Industrial_934.jpg,4,Industrial,4,Industrial,0.9991207718849182,True,-7.755781,1.8110873
2142,C:\Users\DELL Precision 5550\Documents\GitHub\Terrasight-Eurosat-RGB-vs-Multispectral\data\raw\rgb\River\River_1137.jpg,8,River,8,River,0.9369939565658569,True,4.368736,10.433824
2143,C:\Users\DELL Precision 5550\Documents\GitHub\Terrasight-Eurosat-RGB-vs-Multispectral\data\raw\rgb\Pasture\Pasture_326.jpg,5,Pasture,5,Pasture,0.9999727010726929,True,10.27178,7.8525033
2144,C:\Users\DELL Precision 5550\Documents\GitHub\Terrasight-Eurosat-RGB-vs-Multispectral\data\raw\rgb\River\River_1881.jpg,8,River,0,AnnualCrop,0.9429033994674683,False,3.192854,11.526066
2145,C:\Users\DELL Precision 5550\Documents\GitHub\Terrasight-Eurosat-RGB-vs-Multispectral\data\raw\rgb\HerbaceousVegetation\HerbaceousVegetation_268.jpg,2,HerbaceousVegetation,2,HerbaceousVegetation,0.9999945163726807,True,3.7552474,0.9170165
2146,C:\Users\DELL Precision 5550\Documents\GitHub\Terrasight-Eurosat-RGB-vs-Multispectral\data\raw\rgb\Forest\Forest_1172.jpg,1,Forest,1,Forest,0.9999978542327881,True,14.279416,-2.944625
2147,C:\Users\DELL Precision 5550\Documents\GitHub\Terrasight-Eurosat-RGB-vs-Multispectral\data\raw\rgb\Pasture\Pasture_1500.jpg,5,Pasture,5,Pasture,0.9999988079071045,True,10.644866,7.896107
2148,C:\Users\DELL Precision 5550\Documents\GitHub\Terrasight-Eurosat-RGB-vs-Multispectral\data\raw\rgb\Industrial\Industrial_769.jpg,4,Industrial,4,Industrial,0.9982340335845947,True,-7.3424535,1.6978505
2149,C:\Users\DELL Precision 5550\Documents\GitHub\Terrasight-Eurosat-RGB-vs-Multispectral\data\raw\rgb\Residential\Residential_718.jpg,7,Residential,7,Residential,0.9256936311721802,True,-6.0406475,-2.659153
2150,C:\Users\DELL Precision 5550\Documents\GitHub\Terrasight-Eurosat-RGB-vs-Multispectral\data\raw\rgb\Residential\Residential_2549.jpg,7,Residential,2,HerbaceousVegetation,0.6673354506492615,False,-4.7926507,-2.3350427
2151,C:\Users\DELL Precision 5550\Documents\GitHub\Terrasight-Eurosat-RGB-vs-Multispectral\data\raw\rgb\Residential\Residential_2094.jpg,7,Residential,7,Residential,0.9568386077880859,True,-6.0693398,-3.0454535
2152,C:\Users\DELL Precision 5550\Documents\GitHub\Terrasight-Eurosat-RGB-vs-Multispectral\data\raw\rgb\HerbaceousVegetation\HerbaceousVegetation_2998.jpg,2,HerbaceousVegetation,2,HerbaceousVegetation,0.9997978806495667,True,4.152352,0.7857559
2153,C:\Users\DELL Precision 5550\Documents\GitHub\Terrasight-Eurosat-RGB-vs-Multispectral\data\raw\rgb\Residential\Residential_1091.jpg,7,Residential,7,Residential,0.999997615814209,True,-5.4908457,-4.3777194
2154,C:\Users\DELL Precision 5550\Documents\GitHub\Terrasight-Eurosat-RGB-vs-Multispectral\data\raw\rgb\SeaLake\SeaLake_749.jpg,9,SeaLake,9,SeaLake,0.999991774559021,True,17.240768,13.25946
2155,C:\Users\DELL Precision 5550\Documents\GitHub\Terrasight-Eurosat-RGB-vs-Multispectral\data\raw\rgb\HerbaceousVegetation\HerbaceousVegetation_2805.jpg,2,HerbaceousVegetation,2,HerbaceousVegetation,0.9999339580535889,True,3.7118306,0.2699214
2156,C:\Users\DELL Precision 5550\Documents\GitHub\Terrasight-Eurosat-RGB-vs-Multispectral\data\raw\rgb\Residential\Residential_1376.jpg,7,Residential,7,Residential,0.9965012073516846,True,-6.036811,-3.1918786
2157,C:\Users\DELL Precision 5550\Documents\GitHub\Terrasight-Eurosat-RGB-vs-Multispectral\data\raw\rgb\River\River_2041.jpg,8,River,8,River,0.5769947171211243,True,3.2880228,11.054706
2158,C:\Users\DELL Precision 5550\Documents\GitHub\Terrasight-Eurosat-RGB-vs-Multispectral\data\raw\rgb\Highway\Highway_1170.jpg,3,Highway,3,Highway,0.9998804330825806,True,-1.0974923,9.841777
2159,C:\Users\DELL Precision 5550\Documents\GitHub\Terrasight-Eurosat-RGB-vs-Multispectral\data\raw\rgb\Industrial\Industrial_2356.jpg,4,Industrial,4,Industrial,0.9834251999855042,True,-6.729861,1.5411603
2160,C:\Users\DELL Precision 5550\Documents\GitHub\Terrasight-Eurosat-RGB-vs-Multispectral\data\raw\rgb\SeaLake\SeaLake_2003.jpg,9,SeaLake,9,SeaLake,0.9997237324714661,True,16.484564,12.705454
2161,C:\Users\DELL Precision 5550\Documents\GitHub\Terrasight-Eurosat-RGB-vs-Multispectral\data\raw\rgb\SeaLake\SeaLake_2929.jpg,9,SeaLake,9,SeaLake,0.9999821186065674,True,16.661562,10.256179
2162,C:\Users\DELL Precision 5550\Documents\GitHub\Terrasight-Eurosat-RGB-vs-Multispectral\data\raw\rgb\PermanentCrop\PermanentCrop_651.jpg,6,PermanentCrop,6,PermanentCrop,0.9088099002838135,True,2.2033598,2.9921703
2163,C:\Users\DELL Precision 5550\Documents\GitHub\Terrasight-Eurosat-RGB-vs-Multispectral\data\raw\rgb\SeaLake\SeaLake_942.jpg,9,SeaLake,9,SeaLake,0.999966025352478,True,17.072765,13.226296
2164,C:\Users\DELL Precision 5550\Documents\GitHub\Terrasight-Eurosat-RGB-vs-Multispectral\data\raw\rgb\Highway\Highway_207.jpg,3,Highway,3,Highway,0.9972298741340637,True,-0.56513363,10.200755
2165,C:\Users\DELL Precision 5550\Documents\GitHub\Terrasight-Eurosat-RGB-vs-Multispectral\data\raw\rgb\Forest\Forest_2350.jpg,1,Forest,1,Forest,0.9999966621398926,True,14.498902,-0.97431654
2166,C:\Users\DELL Precision 5550\Documents\GitHub\Terrasight-Eurosat-RGB-vs-Multispectral\data\raw\rgb\HerbaceousVegetation\HerbaceousVegetation_1381.jpg,2,HerbaceousVegetation,2,HerbaceousVegetation,0.9972934126853943,True,4.483901,1.3750718
2167,C:\Users\DELL Precision 5550\Documents\GitHub\Terrasight-Eurosat-RGB-vs-Multispectral\data\raw\rgb\River\River_215.jpg,8,River,8,River,0.9999982118606567,True,6.328489,10.231166
2168,C:\Users\DELL Precision 5550\Documents\GitHub\Terrasight-Eurosat-RGB-vs-Multispectral\data\raw\rgb\Industrial\Industrial_2350.jpg,4,Industrial,4,Industrial,0.9984344840049744,True,-8.401623,1.4417835
2169,C:\Users\DELL Precision 5550\Documents\GitHub\Terrasight-Eurosat-RGB-vs-Multispectral\data\raw\rgb\Forest\Forest_1938.jpg,1,Forest,1,Forest,0.996292233467102,True,13.643301,-0.7009351
2170,C:\Users\DELL Precision 5550\Documents\GitHub\Terrasight-Eurosat-RGB-vs-Multispectral\data\raw\rgb\HerbaceousVegetation\HerbaceousVegetation_1885.jpg,2,HerbaceousVegetation,2,HerbaceousVegetation,0.9988023042678833,True,3.81646,1.5179117
2171,C:\Users\DELL Precision 5550\Documents\GitHub\Terrasight-Eurosat-RGB-vs-Multispectral\data\raw\rgb\River\River_975.jpg,8,River,8,River,0.999942421913147,True,5.708605,10.726289
2172,C:\Users\DELL Precision 5550\Documents\GitHub\Terrasight-Eurosat-RGB-vs-Multispectral\data\raw\rgb\Industrial\Industrial_1481.jpg,4,Industrial,4,Industrial,0.9999420642852783,True,-8.73314,1.5612077
2173,C:\Users\DELL Precision 5550\Documents\GitHub\Terrasight-Eurosat-RGB-vs-Multispectral\data\raw\rgb\HerbaceousVegetation\HerbaceousVegetation_2079.jpg,2,HerbaceousVegetation,2,HerbaceousVegetation,0.9924352765083313,True,3.585121,1.9059316
2174,C:\Users\DELL Precision 5550\Documents\GitHub\Terrasight-Eurosat-RGB-vs-Multispectral\data\raw\rgb\SeaLake\SeaLake_3.jpg,9,SeaLake,9,SeaLake,0.9998985528945923,True,16.611603,12.821719
2175,C:\Users\DELL Precision 5550\Documents\GitHub\Terrasight-Eurosat-RGB-vs-Multispectral\data\raw\rgb\Residential\Residential_479.jpg,7,Residential,7,Residential,0.9985137581825256,True,-5.288442,-4.2427416
2176,C:\Users\DELL Precision 5550\Documents\GitHub\Terrasight-Eurosat-RGB-vs-Multispectral\data\raw\rgb\Residential\Residential_703.jpg,7,Residential,7,Residential,0.5934717655181885,True,-5.565716,-2.177316
2177,C:\Users\DELL Precision 5550\Documents\GitHub\Terrasight-Eurosat-RGB-vs-Multispectral\data\raw\rgb\HerbaceousVegetation\HerbaceousVegetation_1535.jpg,2,HerbaceousVegetation,2,HerbaceousVegetation,0.9999402761459351,True,4.6434803,0.7699469
2178,C:\Users\DELL Precision 5550\Documents\GitHub\Terrasight-Eurosat-RGB-vs-Multispectral\data\raw\rgb\Residential\Residential_1126.jpg,7,Residential,7,Residential,0.8870241045951843,True,-5.2847633,-2.337368
2179,C:\Users\DELL Precision 5550\Documents\GitHub\Terrasight-Eurosat-RGB-vs-Multispectral\data\raw\rgb\SeaLake\SeaLake_2245.jpg,9,SeaLake,9,SeaLake,0.9974451065063477,True,15.708447,11.234419
2180,C:\Users\DELL Precision 5550\Documents\GitHub\Terrasight-Eurosat-RGB-vs-Multispectral\data\raw\rgb\PermanentCrop\PermanentCrop_468.jpg,6,PermanentCrop,6,PermanentCrop,0.9999899864196777,True,0.85570747,3.6254754
2181,C:\Users\DELL Precision 5550\Documents\GitHub\Terrasight-Eurosat-RGB-vs-Multispectral\data\raw\rgb\Pasture\Pasture_1683.jpg,5,Pasture,5,Pasture,0.9992187023162842,True,7.2880664,5.3180585
2182,C:\Users\DELL Precision 5550\Documents\GitHub\Terrasight-Eurosat-RGB-vs-Multispectral\data\raw\rgb\River\River_2183.jpg,8,River,8,River,1.0,True,7.00502,10.99818
2183,C:\Users\DELL Precision 5550\Documents\GitHub\Terrasight-Eurosat-RGB-vs-Multispectral\data\raw\rgb\HerbaceousVegetation\HerbaceousVegetation_2231.jpg,2,HerbaceousVegetation,2,HerbaceousVegetation,0.9987514019012451,True,3.9366019,1.9351019
2184,C:\Users\DELL Precision 5550\Documents\GitHub\Terrasight-Eurosat-RGB-vs-Multispectral\data\raw\rgb\Residential\Residential_528.jpg,7,Residential,7,Residential,0.9989099502563477,True,-5.1332264,-3.0768106
2185,C:\Users\DELL Precision 5550\Documents\GitHub\Terrasight-Eurosat-RGB-vs-Multispectral\data\raw\rgb\Residential\Residential_1684.jpg,7,Residential,7,Residential,0.9998495578765869,True,-5.4928374,-4.182273
2186,C:\Users\DELL Precision 5550\Documents\GitHub\Terrasight-Eurosat-RGB-vs-Multispectral\data\raw\rgb\Highway\Highway_1127.jpg,3,Highway,3,Highway,0.999855637550354,True,-0.9921396,10.797703
2187,C:\Users\DELL Precision 5550\Documents\GitHub\Terrasight-Eurosat-RGB-vs-Multispectral\data\raw\rgb\Pasture\Pasture_1455.jpg,5,Pasture,5,Pasture,0.999874472618103,True,10.299781,7.782725
2188,C:\Users\DELL Precision 5550\Documents\GitHub\Terrasight-Eurosat-RGB-vs-Multispectral\data\raw\rgb\River\River_783.jpg,8,River,8,River,0.8499312400817871,True,3.936917,10.842223
2189,C:\Users\DELL Precision 5550\Documents\GitHub\Terrasight-Eurosat-RGB-vs-Multispectral\data\raw\rgb\SeaLake\SeaLake_1128.jpg,9,SeaLake,9,SeaLake,0.9999898672103882,True,17.278114,13.12505
2190,C:\Users\DELL Precision 5550\Documents\GitHub\Terrasight-Eurosat-RGB-vs-Multispectral\data\raw\rgb\AnnualCrop\AnnualCrop_450.jpg,0,AnnualCrop,0,AnnualCrop,0.9999881982803345,True,2.4239078,14.913509
2191,C:\Users\DELL Precision 5550\Documents\GitHub\Terrasight-Eurosat-RGB-vs-Multispectral\data\raw\rgb\River\River_332.jpg,8,River,8,River,0.9999136924743652,True,6.189775,10.213186
2192,C:\Users\DELL Precision 5550\Documents\GitHub\Terrasight-Eurosat-RGB-vs-Multispectral\data\raw\rgb\River\River_1373.jpg,8,River,8,River,0.9878409504890442,True,4.7203894,9.824767
2193,C:\Users\DELL Precision 5550\Documents\GitHub\Terrasight-Eurosat-RGB-vs-Multispectral\data\raw\rgb\SeaLake\SeaLake_88.jpg,9,SeaLake,9,SeaLake,0.9968065023422241,True,15.956719,12.127679
2194,C:\Users\DELL Precision 5550\Documents\GitHub\Terrasight-Eurosat-RGB-vs-Multispectral\data\raw\rgb\PermanentCrop\PermanentCrop_1565.jpg,6,PermanentCrop,6,PermanentCrop,0.9948163628578186,True,1.884877,3.2116337
2195,C:\Users\DELL Precision 5550\Documents\GitHub\Terrasight-Eurosat-RGB-vs-Multispectral\data\raw\rgb\HerbaceousVegetation\HerbaceousVegetation_1044.jpg,2,HerbaceousVegetation,2,HerbaceousVegetation,0.9999961853027344,True,3.0239382,0.24656327
2196,C:\Users\DELL Precision 5550\Documents\GitHub\Terrasight-Eurosat-RGB-vs-Multispectral\data\raw\rgb\AnnualCrop\AnnualCrop_1339.jpg,0,AnnualCrop,0,AnnualCrop,0.9960976839065552,True,2.3772619,14.301827
2197,C:\Users\DELL Precision 5550\Documents\GitHub\Terrasight-Eurosat-RGB-vs-Multispectral\data\raw\rgb\Forest\Forest_1355.jpg,1,Forest,1,Forest,0.9999948740005493,True,14.602736,-2.1046414
2198,C:\Users\DELL Precision 5550\Documents\GitHub\Terrasight-Eurosat-RGB-vs-Multispectral\data\raw\rgb\SeaLake\SeaLake_2072.jpg,9,SeaLake,9,SeaLake,0.9999867677688599,True,17.429758,12.509947
2199,C:\Users\DELL Precision 5550\Documents\GitHub\Terrasight-Eurosat-RGB-vs-Multispectral\data\raw\rgb\River\River_2261.jpg,8,River,8,River,0.9999991655349731,True,6.6216483,11.103455
2200,C:\Users\DELL Precision 5550\Documents\GitHub\Terrasight-Eurosat-RGB-vs-Multispectral\data\raw\rgb\AnnualCrop\AnnualCrop_2008.jpg,0,AnnualCrop,0,AnnualCrop,1.0,True,2.4941485,15.860532
2201,C:\Users\DELL Precision 5550\Documents\GitHub\Terrasight-Eurosat-RGB-vs-Multispectral\data\raw\rgb\AnnualCrop\AnnualCrop_1773.jpg,0,AnnualCrop,5,Pasture,0.9001040458679199,False,6.6870923,5.264939
2202,C:\Users\DELL Precision 5550\Documents\GitHub\Terrasight-Eurosat-RGB-vs-Multispectral\data\raw\rgb\River\River_1350.jpg,8,River,8,River,0.9648537039756775,True,4.7617493,9.863923
2203,C:\Users\DELL Precision 5550\Documents\GitHub\Terrasight-Eurosat-RGB-vs-Multispectral\data\raw\rgb\HerbaceousVegetation\HerbaceousVegetation_1934.jpg,2,HerbaceousVegetation,2,HerbaceousVegetation,0.9999068975448608,True,3.9791818,0.2595066
2204,C:\Users\DELL Precision 5550\Documents\GitHub\Terrasight-Eurosat-RGB-vs-Multispectral\data\raw\rgb\SeaLake\SeaLake_1934.jpg,9,SeaLake,9,SeaLake,0.9992259740829468,True,16.511724,11.781816
2205,C:\Users\DELL Precision 5550\Documents\GitHub\Terrasight-Eurosat-RGB-vs-Multispectral\data\raw\rgb\Highway\Highway_685.jpg,3,Highway,3,Highway,0.999087929725647,True,-0.90505666,10.967847
2206,C:\Users\DELL Precision 5550\Documents\GitHub\Terrasight-Eurosat-RGB-vs-Multispectral\data\raw\rgb\Pasture\Pasture_1696.jpg,5,Pasture,5,Pasture,0.8247809410095215,True,6.573693,4.7605968
2207,C:\Users\DELL Precision 5550\Documents\GitHub\Terrasight-Eurosat-RGB-vs-Multispectral\data\raw\rgb\SeaLake\SeaLake_1753.jpg,9,SeaLake,9,SeaLake,0.9973548650741577,True,16.20998,10.688921
2208,C:\Users\DELL Precision 5550\Documents\GitHub\Terrasight-Eurosat-RGB-vs-Multispectral\data\raw\rgb\Pasture\Pasture_1217.jpg,5,Pasture,5,Pasture,0.9975650310516357,True,7.050078,5.7840157
2209,C:\Users\DELL Precision 5550\Documents\GitHub\Terrasight-Eurosat-RGB-vs-Multispectral\data\raw\rgb\River\River_1237.jpg,8,River,8,River,0.999854564666748,True,5.6646295,10.168437
2210,C:\Users\DELL Precision 5550\Documents\GitHub\Terrasight-Eurosat-RGB-vs-Multispectral\data\raw\rgb\PermanentCrop\PermanentCrop_1227.jpg,6,PermanentCrop,6,PermanentCrop,0.9998476505279541,True,1.1295586,4.441709
2211,C:\Users\DELL Precision 5550\Documents\GitHub\Terrasight-Eurosat-RGB-vs-Multispectral\data\raw\rgb\Forest\Forest_2302.jpg,1,Forest,1,Forest,0.9999059438705444,True,14.363813,-1.9303252
2212,C:\Users\DELL Precision 5550\Documents\GitHub\Terrasight-Eurosat-RGB-vs-Multispectral\data\raw\rgb\Residential\Residential_187.jpg,7,Residential,7,Residential,0.9987743496894836,True,-5.7220736,-3.4710495
2213,C:\Users\DELL Precision 5550\Documents\GitHub\Terrasight-Eurosat-RGB-vs-Multispectral\data\raw\rgb\Highway\Highway_2084.jpg,3,Highway,3,Highway,0.9762455821037292,True,-0.08276538,10.518936
2214,C:\Users\DELL Precision 5550\Documents\GitHub\Terrasight-Eurosat-RGB-vs-Multispectral\data\raw\rgb\HerbaceousVegetation\HerbaceousVegetation_2780.jpg,2,HerbaceousVegetation,2,HerbaceousVegetation,1.0,True,3.0389757,0.02458063
2215,C:\Users\DELL Precision 5550\Documents\GitHub\Terrasight-Eurosat-RGB-vs-Multispectral\data\raw\rgb\PermanentCrop\PermanentCrop_2058.jpg,6,PermanentCrop,6,PermanentCrop,0.9999773502349854,True,0.8792111,3.5680907
2216,C:\Users\DELL Precision 5550\Documents\GitHub\Terrasight-Eurosat-RGB-vs-Multispectral\data\raw\rgb\AnnualCrop\AnnualCrop_795.jpg,0,AnnualCrop,0,AnnualCrop,0.9980555772781372,True,2.6768847,13.919831
2217,C:\Users\DELL Precision 5550\Documents\GitHub\Terrasight-Eurosat-RGB-vs-Multispectral\data\raw\rgb\PermanentCrop\PermanentCrop_1893.jpg,6,PermanentCrop,6,PermanentCrop,0.9893013834953308,True,2.4373543,3.7908993
2218,C:\Users\DELL Precision 5550\Documents\GitHub\Terrasight-Eurosat-RGB-vs-Multispectral\data\raw\rgb\Highway\Highway_2037.jpg,3,Highway,3,Highway,0.9999892711639404,True,-0.8822409,9.488465
2219,C:\Users\DELL Precision 5550\Documents\GitHub\Terrasight-Eurosat-RGB-vs-Multispectral\data\raw\rgb\Highway\Highway_193.jpg,3,Highway,3,Highway,0.9976558685302734,True,-0.10052095,10.54992
2220,C:\Users\DELL Precision 5550\Documents\GitHub\Terrasight-Eurosat-RGB-vs-Multispectral\data\raw\rgb\SeaLake\SeaLake_771.jpg,9,SeaLake,9,SeaLake,0.9999895095825195,True,17.38853,12.639483
2221,C:\Users\DELL Precision 5550\Documents\GitHub\Terrasight-Eurosat-RGB-vs-Multispectral\data\raw\rgb\Pasture\Pasture_1043.jpg,5,Pasture,5,Pasture,0.9972766041755676,True,6.8602896,5.0692406
2222,C:\Users\DELL Precision 5550\Documents\GitHub\Terrasight-Eurosat-RGB-vs-Multispectral\data\raw\rgb\HerbaceousVegetation\HerbaceousVegetation_2353.jpg,2,HerbaceousVegetation,2,HerbaceousVegetation,0.9998490810394287,True,4.0961933,0.21976669
2223,C:\Users\DELL Precision 5550\Documents\GitHub\Terrasight-Eurosat-RGB-vs-Multispectral\data\raw\rgb\Pasture\Pasture_1402.jpg,5,Pasture,5,Pasture,0.9999994039535522,True,8.011535,5.589429
2224,C:\Users\DELL Precision 5550\Documents\GitHub\Terrasight-Eurosat-RGB-vs-Multispectral\data\raw\rgb\Pasture\Pasture_1712.jpg,5,Pasture,5,Pasture,0.9452528953552246,True,6.19391,5.0050554
2225,C:\Users\DELL Precision 5550\Documents\GitHub\Terrasight-Eurosat-RGB-vs-Multispectral\data\raw\rgb\River\River_2068.jpg,8,River,8,River,0.9886112809181213,True,4.1971035,10.656389
2226,C:\Users\DELL Precision 5550\Documents\GitHub\Terrasight-Eurosat-RGB-vs-Multispectral\data\raw\rgb\PermanentCrop\PermanentCrop_1397.jpg,6,PermanentCrop,2,HerbaceousVegetation,0.613941490650177,False,3.0752118,3.585205
2227,C:\Users\DELL Precision 5550\Documents\GitHub\Terrasight-Eurosat-RGB-vs-Multispectral\data\raw\rgb\AnnualCrop\AnnualCrop_59.jpg,0,AnnualCrop,0,AnnualCrop,0.9651020169258118,True,2.8026156,12.419704
2228,C:\Users\DELL Precision 5550\Documents\GitHub\Terrasight-Eurosat-RGB-vs-Multispectral\data\raw\rgb\Residential\Residential_1720.jpg,7,Residential,7,Residential,0.9998538494110107,True,-5.3592396,-4.248214
2229,C:\Users\DELL Precision 5550\Documents\GitHub\Terrasight-Eurosat-RGB-vs-Multispectral\data\raw\rgb\Residential\Residential_1453.jpg,7,Residential,7,Residential,0.9999881982803345,True,-5.720568,-4.159068
2230,C:\Users\DELL Precision 5550\Documents\GitHub\Terrasight-Eurosat-RGB-vs-Multispectral\data\raw\rgb\AnnualCrop\AnnualCrop_87.jpg,0,AnnualCrop,0,AnnualCrop,0.9999949932098389,True,2.3923287,15.07616
2231,C:\Users\DELL Precision 5550\Documents\GitHub\Terrasight-Eurosat-RGB-vs-Multispectral\data\raw\rgb\River\River_1765.jpg,8,River,8,River,0.9999971389770508,True,6.3004436,10.331481
2232,C:\Users\DELL Precision 5550\Documents\GitHub\Terrasight-Eurosat-RGB-vs-Multispectral\data\raw\rgb\Pasture\Pasture_270.jpg,5,Pasture,5,Pasture,0.975336492061615,True,6.846218,5.1282544
2233,C:\Users\DELL Precision 5550\Documents\GitHub\Terrasight-Eurosat-RGB-vs-Multispectral\data\raw\rgb\Industrial\Industrial_1102.jpg,4,Industrial,4,Industrial,0.9991766810417175,True,-7.553397,1.7085457
2234,C:\Users\DELL Precision 5550\Documents\GitHub\Terrasight-Eurosat-RGB-vs-Multispectral\data\raw\rgb\AnnualCrop\AnnualCrop_225.jpg,0,AnnualCrop,0,AnnualCrop,0.9999841451644897,True,2.2585201,14.029679
2235,C:\Users\DELL Precision 5550\Documents\GitHub\Terrasight-Eurosat-RGB-vs-Multispectral\data\raw\rgb\AnnualCrop\AnnualCrop_582.jpg,0,AnnualCrop,0,AnnualCrop,0.9963261485099792,True,2.6948483,13.008399
2236,C:\Users\DELL Precision 5550\Documents\GitHub\Terrasight-Eurosat-RGB-vs-Multispectral\data\raw\rgb\Industrial\Industrial_168.jpg,4,Industrial,4,Industrial,0.9997567534446716,True,-8.327427,1.654241
2237,C:\Users\DELL Precision 5550\Documents\GitHub\Terrasight-Eurosat-RGB-vs-Multispectral\data\raw\rgb\Forest\Forest_1846.jpg,1,Forest,1,Forest,0.9979238510131836,True,14.148111,-0.5823303
2238,C:\Users\DELL Precision 5550\Documents\GitHub\Terrasight-Eurosat-RGB-vs-Multispectral\data\raw\rgb\Highway\Highway_656.jpg,3,Highway,8,River,0.5097833275794983,False,4.170091,10.613887
2239,C:\Users\DELL Precision 5550\Documents\GitHub\Terrasight-Eurosat-RGB-vs-Multispectral\data\raw\rgb\HerbaceousVegetation\HerbaceousVegetation_1342.jpg,2,HerbaceousVegetation,2,HerbaceousVegetation,0.9888049364089966,True,3.2984087,1.9551893
2240,C:\Users\DELL Precision 5550\Documents\GitHub\Terrasight-Eurosat-RGB-vs-Multispectral\data\raw\rgb\Industrial\Industrial_356.jpg,4,Industrial,4,Industrial,0.9965506792068481,True,-8.265287,1.2132779
2241,C:\Users\DELL Precision 5550\Documents\GitHub\Terrasight-Eurosat-RGB-vs-Multispectral\data\raw\rgb\Residential\Residential_432.jpg,7,Residential,7,Residential,0.9945831894874573,True,-5.3693013,-2.5515935
2242,C:\Users\DELL Precision 5550\Documents\GitHub\Terrasight-Eurosat-RGB-vs-Multispectral\data\raw\rgb\SeaLake\SeaLake_2975.jpg,9,SeaLake,9,SeaLake,0.9997137188911438,True,17.521267,11.534418
2243,C:\Users\DELL Precision 5550\Documents\GitHub\Terrasight-Eurosat-RGB-vs-Multispectral\data\raw\rgb\Pasture\Pasture_63.jpg,5,Pasture,5,Pasture,0.9996140599250793,True,7.023032,5.213127
2244,C:\Users\DELL Precision 5550\Documents\GitHub\Terrasight-Eurosat-RGB-vs-Multispectral\data\raw\rgb\HerbaceousVegetation\HerbaceousVegetation_2025.jpg,2,HerbaceousVegetation,2,HerbaceousVegetation,0.9994515776634216,True,3.745625,1.4253496
2245,C:\Users\DELL Precision 5550\Documents\GitHub\Terrasight-Eurosat-RGB-vs-Multispectral\data\raw\rgb\SeaLake\SeaLake_1967.jpg,9,SeaLake,9,SeaLake,0.999729573726654,True,16.72718,10.409533
2246,C:\Users\DELL Precision 5550\Documents\GitHub\Terrasight-Eurosat-RGB-vs-Multispectral\data\raw\rgb\Industrial\Industrial_2465.jpg,4,Industrial,4,Industrial,0.999882698059082,True,-8.881445,1.678372
2247,C:\Users\DELL Precision 5550\Documents\GitHub\Terrasight-Eurosat-RGB-vs-Multispectral\data\raw\rgb\River\River_483.jpg,8,River,8,River,0.9995348453521729,True,5.002937,10.507015
2248,C:\Users\DELL Precision 5550\Documents\GitHub\Terrasight-Eurosat-RGB-vs-Multispectral\data\raw\rgb\Pasture\Pasture_1027.jpg,5,Pasture,5,Pasture,0.9984092116355896,True,6.6268315,5.110587
2249,C:\Users\DELL Precision 5550\Documents\GitHub\Terrasight-Eurosat-RGB-vs-Multispectral\data\raw\rgb\River\River_996.jpg,8,River,8,River,0.9999650716781616,True,5.476363,10.598043
2250,C:\Users\DELL Precision 5550\Documents\GitHub\Terrasight-Eurosat-RGB-vs-Multispectral\data\raw\rgb\Forest\Forest_405.jpg,1,Forest,1,Forest,0.9994568228721619,True,13.318926,-0.82948524
2251,C:\Users\DELL Precision 5550\Documents\GitHub\Terrasight-Eurosat-RGB-vs-Multispectral\data\raw\rgb\Residential\Residential_211.jpg,7,Residential,7,Residential,0.9998689889907837,True,-5.8960915,-3.9770894
2252,C:\Users\DELL Precision 5550\Documents\GitHub\Terrasight-Eurosat-RGB-vs-Multispectral\data\raw\rgb\Residential\Residential_1524.jpg,7,Residential,7,Residential,0.9956318140029907,True,-6.207668,-3.446785
2253,C:\Users\DELL Precision 5550\Documents\GitHub\Terrasight-Eurosat-RGB-vs-Multispectral\data\raw\rgb\AnnualCrop\AnnualCrop_191.jpg,0,AnnualCrop,0,AnnualCrop,0.9998611211776733,True,2.1975536,13.941651
2254,C:\Users\DELL Precision 5550\Documents\GitHub\Terrasight-Eurosat-RGB-vs-Multispectral\data\raw\rgb\River\River_2264.jpg,8,River,8,River,0.9999963045120239,True,6.1322284,10.624025
2255,C:\Users\DELL Precision 5550\Documents\GitHub\Terrasight-Eurosat-RGB-vs-Multispectral\data\raw\rgb\Residential\Residential_347.jpg,7,Residential,7,Residential,0.9431191086769104,True,-5.135121,-2.2698088
2256,C:\Users\DELL Precision 5550\Documents\GitHub\Terrasight-Eurosat-RGB-vs-Multispectral\data\raw\rgb\Forest\Forest_2526.jpg,1,Forest,1,Forest,0.9996709823608398,True,13.2998085,-1.4262578
2257,C:\Users\DELL Precision 5550\Documents\GitHub\Terrasight-Eurosat-RGB-vs-Multispectral\data\raw\rgb\Industrial\Industrial_581.jpg,4,Industrial,4,Industrial,0.9991446733474731,True,-7.448011,1.873388
2258,C:\Users\DELL Precision 5550\Documents\GitHub\Terrasight-Eurosat-RGB-vs-Multispectral\data\raw\rgb\Residential\Residential_427.jpg,7,Residential,7,Residential,0.9998776912689209,True,-6.651412,-4.7007294
2259,C:\Users\DELL Precision 5550\Documents\GitHub\Terrasight-Eurosat-RGB-vs-Multispectral\data\raw\rgb\AnnualCrop\AnnualCrop_919.jpg,0,AnnualCrop,0,AnnualCrop,0.9699137806892395,True,2.7996738,12.408061
2260,C:\Users\DELL Precision 5550\Documents\GitHub\Terrasight-Eurosat-RGB-vs-Multispectral\data\raw\rgb\Pasture\Pasture_979.jpg,5,Pasture,5,Pasture,0.9999812841415405,True,7.904575,5.5156507
2261,C:\Users\DELL Precision 5550\Documents\GitHub\Terrasight-Eurosat-RGB-vs-Multispectral\data\raw\rgb\Pasture\Pasture_721.jpg,5,Pasture,5,Pasture,0.5039419531822205,True,6.1162944,4.9594226
2262,C:\Users\DELL Precision 5550\Documents\GitHub\Terrasight-Eurosat-RGB-vs-Multispectral\data\raw\rgb\Pasture\Pasture_689.jpg,5,Pasture,2,HerbaceousVegetation,0.8504043817520142,False,5.924021,4.799037
2263,C:\Users\DELL Precision 5550\Documents\GitHub\Terrasight-Eurosat-RGB-vs-Multispectral\data\raw\rgb\HerbaceousVegetation\HerbaceousVegetation_1898.jpg,2,HerbaceousVegetation,2,HerbaceousVegetation,0.9999998807907104,True,3.5328295,-0.43438166
2264,C:\Users\DELL Precision 5550\Documents\GitHub\Terrasight-Eurosat-RGB-vs-Multispectral\data\raw\rgb\AnnualCrop\AnnualCrop_2782.jpg,0,AnnualCrop,0,AnnualCrop,0.9511785507202148,True,2.5469735,11.929131
2265,C:\Users\DELL Precision 5550\Documents\GitHub\Terrasight-Eurosat-RGB-vs-Multispectral\data\raw\rgb\River\River_845.jpg,8,River,8,River,0.9999998807907104,True,6.8111987,11.015465
2266,C:\Users\DELL Precision 5550\Documents\GitHub\Terrasight-Eurosat-RGB-vs-Multispectral\data\raw\rgb\Residential\Residential_2461.jpg,7,Residential,7,Residential,0.9209514856338501,True,-6.7582426,-4.1273084
2267,C:\Users\DELL Precision 5550\Documents\GitHub\Terrasight-Eurosat-RGB-vs-Multispectral\data\raw\rgb\Pasture\Pasture_1537.jpg,5,Pasture,5,Pasture,0.9999741315841675,True,10.352442,7.8315263
2268,C:\Users\DELL Precision 5550\Documents\GitHub\Terrasight-Eurosat-RGB-vs-Multispectral\data\raw\rgb\Residential\Residential_202.jpg,7,Residential,7,Residential,0.9989621639251709,True,-6.0935955,-3.5933683
2269,C:\Users\DELL Precision 5550\Documents\GitHub\Terrasight-Eurosat-RGB-vs-Multispectral\data\raw\rgb\Industrial\Industrial_130.jpg,4,Industrial,4,Industrial,0.9638825058937073,True,-7.2027783,2.0542152
2270,C:\Users\DELL Precision 5550\Documents\GitHub\Terrasight-Eurosat-RGB-vs-Multispectral\data\raw\rgb\SeaLake\SeaLake_585.jpg,9,SeaLake,9,SeaLake,0.9999184608459473,True,17.0304,13.121212
2271,C:\Users\DELL Precision 5550\Documents\GitHub\Terrasight-Eurosat-RGB-vs-Multispectral\data\raw\rgb\AnnualCrop\AnnualCrop_446.jpg,0,AnnualCrop,0,AnnualCrop,0.9999760389328003,True,2.8083048,15.132152
2272,C:\Users\DELL Precision 5550\Documents\GitHub\Terrasight-Eurosat-RGB-vs-Multispectral\data\raw\rgb\AnnualCrop\AnnualCrop_1968.jpg,0,AnnualCrop,3,Highway,0.33883965015411377,False,3.068961,11.129072
2273,C:\Users\DELL Precision 5550\Documents\GitHub\Terrasight-Eurosat-RGB-vs-Multispectral\data\raw\rgb\Highway\Highway_390.jpg,3,Highway,3,Highway,0.9990372657775879,True,-0.60375094,10.015819
2274,C:\Users\DELL Precision 5550\Documents\GitHub\Terrasight-Eurosat-RGB-vs-Multispectral\data\raw\rgb\Residential\Residential_2519.jpg,7,Residential,7,Residential,0.999879002571106,True,-5.544396,-4.162132
2275,C:\Users\DELL Precision 5550\Documents\GitHub\Terrasight-Eurosat-RGB-vs-Multispectral\data\raw\rgb\Forest\Forest_55.jpg,1,Forest,1,Forest,0.9999871253967285,True,14.730207,-2.9326248
2276,C:\Users\DELL Precision 5550\Documents\GitHub\Terrasight-Eurosat-RGB-vs-Multispectral\data\raw\rgb\PermanentCrop\PermanentCrop_261.jpg,6,PermanentCrop,6,PermanentCrop,0.8211660385131836,True,2.9983847,4.0480795
2277,C:\Users\DELL Precision 5550\Documents\GitHub\Terrasight-Eurosat-RGB-vs-Multispectral\data\raw\rgb\SeaLake\SeaLake_1432.jpg,9,SeaLake,9,SeaLake,0.9997720122337341,True,16.469158,12.629854
2278,C:\Users\DELL Precision 5550\Documents\GitHub\Terrasight-Eurosat-RGB-vs-Multispectral\data\raw\rgb\Pasture\Pasture_311.jpg,5,Pasture,5,Pasture,1.0,True,10.747166,7.9161263
2279,C:\Users\DELL Precision 5550\Documents\GitHub\Terrasight-Eurosat-RGB-vs-Multispectral\data\raw\rgb\Pasture\Pasture_396.jpg,5,Pasture,5,Pasture,0.9783136248588562,True,6.9594812,5.827835
2280,C:\Users\DELL Precision 5550\Documents\GitHub\Terrasight-Eurosat-RGB-vs-Multispectral\data\raw\rgb\Forest\Forest_1395.jpg,1,Forest,1,Forest,0.9999539852142334,True,14.39145,-2.4828513
2281,C:\Users\DELL Precision 5550\Documents\GitHub\Terrasight-Eurosat-RGB-vs-Multispectral\data\raw\rgb\Highway\Highway_2140.jpg,3,Highway,3,Highway,0.9990457892417908,True,-0.89774257,10.008679
2282,C:\Users\DELL Precision 5550\Documents\GitHub\Terrasight-Eurosat-RGB-vs-Multispectral\data\raw\rgb\AnnualCrop\AnnualCrop_1586.jpg,0,AnnualCrop,0,AnnualCrop,0.999876856803894,True,2.7958553,14.022359
2283,C:\Users\DELL Precision 5550\Documents\GitHub\Terrasight-Eurosat-RGB-vs-Multispectral\data\raw\rgb\HerbaceousVegetation\HerbaceousVegetation_2638.jpg,2,HerbaceousVegetation,2,HerbaceousVegetation,0.9998981952667236,True,4.120393,0.2703544
2284,C:\Users\DELL Precision 5550\Documents\GitHub\Terrasight-Eurosat-RGB-vs-Multispectral\data\raw\rgb\Industrial\Industrial_1139.jpg,4,Industrial,4,Industrial,0.9957913160324097,True,-8.26042,0.9670262
2285,C:\Users\DELL Precision 5550\Documents\GitHub\Terrasight-Eurosat-RGB-vs-Multispectral\data\raw\rgb\HerbaceousVegetation\HerbaceousVegetation_2059.jpg,2,HerbaceousVegetation,2,HerbaceousVegetation,0.9946689009666443,True,3.4816158,1.8663266
2286,C:\Users\DELL Precision 5550\Documents\GitHub\Terrasight-Eurosat-RGB-vs-Multispectral\data\raw\rgb\Forest\Forest_2836.jpg,1,Forest,1,Forest,0.9999977350234985,True,14.237678,-2.2231805
2287,C:\Users\DELL Precision 5550\Documents\GitHub\Terrasight-Eurosat-RGB-vs-Multispectral\data\raw\rgb\PermanentCrop\PermanentCrop_2246.jpg,6,PermanentCrop,6,PermanentCrop,0.9999738931655884,True,0.95983803,4.117219
2288,C:\Users\DELL Precision 5550\Documents\GitHub\Terrasight-Eurosat-RGB-vs-Multispectral\data\raw\rgb\Industrial\Industrial_1235.jpg,4,Industrial,4,Industrial,0.9956042766571045,True,-6.7969866,1.6480037
2289,C:\Users\DELL Precision 5550\Documents\GitHub\Terrasight-Eurosat-RGB-vs-Multispectral\data\raw\rgb\AnnualCrop\AnnualCrop_31.jpg,0,AnnualCrop,0,AnnualCrop,0.9987753033638,True,2.2294242,13.569158
2290,C:\Users\DELL Precision 5550\Documents\GitHub\Terrasight-Eurosat-RGB-vs-Multispectral\data\raw\rgb\SeaLake\SeaLake_1913.jpg,9,SeaLake,9,SeaLake,0.9994434714317322,True,17.085915,11.462916
2291,C:\Users\DELL Precision 5550\Documents\GitHub\Terrasight-Eurosat-RGB-vs-Multispectral\data\raw\rgb\Residential\Residential_1426.jpg,7,Residential,7,Residential,0.9993798732757568,True,-6.66571,-4.4244432
2292,C:\Users\DELL Precision 5550\Documents\GitHub\Terrasight-Eurosat-RGB-vs-Multispectral\data\raw\rgb\SeaLake\SeaLake_1118.jpg,9,SeaLake,9,SeaLake,0.9977461695671082,True,16.094809,12.738895
2293,C:\Users\DELL Precision 5550\Documents\GitHub\Terrasight-Eurosat-RGB-vs-Multispectral\data\raw\rgb\River\River_1857.jpg,8,River,8,River,0.9999996423721313,True,6.938081,11.015631
2294,C:\Users\DELL Precision 5550\Documents\GitHub\Terrasight-Eurosat-RGB-vs-Multispectral\data\raw\rgb\Industrial\Industrial_1482.jpg,4,Industrial,4,Industrial,0.9997240900993347,True,-7.653034,1.8423566
2295,C:\Users\DELL Precision 5550\Documents\GitHub\Terrasight-Eurosat-RGB-vs-Multispectral\data\raw\rgb\Industrial\Industrial_835.jpg,4,Industrial,4,Industrial,0.9999995231628418,True,-9.007469,1.850583
2296,C:\Users\DELL Precision 5550\Documents\GitHub\Terrasight-Eurosat-RGB-vs-Multispectral\data\raw\rgb\Pasture\Pasture_1181.jpg,5,Pasture,5,Pasture,0.9999995231628418,True,10.728972,7.8994446
2297,C:\Users\DELL Precision 5550\Documents\GitHub\Terrasight-Eurosat-RGB-vs-Multispectral\data\raw\rgb\AnnualCrop\AnnualCrop_2096.jpg,0,AnnualCrop,0,AnnualCrop,0.9999169111251831,True,2.79957,14.390262
2298,C:\Users\DELL Precision 5550\Documents\GitHub\Terrasight-Eurosat-RGB-vs-Multispectral\data\raw\rgb\Forest\Forest_379.jpg,1,Forest,1,Forest,0.9999978542327881,True,14.470889,-2.0819588
2299,C:\Users\DELL Precision 5550\Documents\GitHub\Terrasight-Eurosat-RGB-vs-Multispectral\data\raw\rgb\Residential\Residential_1069.jpg,7,Residential,2,HerbaceousVegetation,0.9222042560577393,False,-4.8422413,-2.3505797
2300,C:\Users\DELL Precision 5550\Documents\GitHub\Terrasight-Eurosat-RGB-vs-Multispectral\data\raw\rgb\SeaLake\SeaLake_2053.jpg,9,SeaLake,9,SeaLake,0.9999538660049438,True,17.423069,12.330358
2301,C:\Users\DELL Precision 5550\Documents\GitHub\Terrasight-Eurosat-RGB-vs-Multispectral\data\raw\rgb\Highway\Highway_502.jpg,3,Highway,3,Highway,0.9999984502792358,True,-1.5735517,10.633313
2302,C:\Users\DELL Precision 5550\Documents\GitHub\Terrasight-Eurosat-RGB-vs-Multispectral\data\raw\rgb\Residential\Residential_2331.jpg,7,Residential,7,Residential,0.9966822266578674,True,-5.7385545,-3.0392957
2303,C:\Users\DELL Precision 5550\Documents\GitHub\Terrasight-Eurosat-RGB-vs-Multispectral\data\raw\rgb\AnnualCrop\AnnualCrop_137.jpg,0,AnnualCrop,0,AnnualCrop,1.0,True,2.4413013,15.7209425
2304,C:\Users\DELL Precision 5550\Documents\GitHub\Terrasight-Eurosat-RGB-vs-Multispectral\data\raw\rgb\Residential\Residential_2186.jpg,7,Residential,7,Residential,0.9997956156730652,True,-5.1758285,-3.4329028
2305,C:\Users\DELL Precision 5550\Documents\GitHub\Terrasight-Eurosat-RGB-vs-Multispectral\data\raw\rgb\AnnualCrop\AnnualCrop_2001.jpg,0,AnnualCrop,0,AnnualCrop,0.9993473887443542,True,2.7928526,13.201567
2306,C:\Users\DELL Precision 5550\Documents\GitHub\Terrasight-Eurosat-RGB-vs-Multispectral\data\raw\rgb\AnnualCrop\AnnualCrop_1452.jpg,0,AnnualCrop,0,AnnualCrop,0.9990598559379578,True,2.9508102,13.01963
2307,C:\Users\DELL Precision 5550\Documents\GitHub\Terrasight-Eurosat-RGB-vs-Multispectral\data\raw\rgb\PermanentCrop\PermanentCrop_598.jpg,6,PermanentCrop,6,PermanentCrop,0.9816070795059204,True,2.5082107,3.5813305
2308,C:\Users\DELL Precision 5550\Documents\GitHub\Terrasight-Eurosat-RGB-vs-Multispectral\data\raw\rgb\Highway\Highway_2214.jpg,3,Highway,3,Highway,0.9968019723892212,True,-0.54347754,10.150834
2309,C:\Users\DELL Precision 5550\Documents\GitHub\Terrasight-Eurosat-RGB-vs-Multispectral\data\raw\rgb\PermanentCrop\PermanentCrop_715.jpg,6,PermanentCrop,6,PermanentCrop,0.9608316421508789,True,2.286797,4.884993
2310,C:\Users\DELL Precision 5550\Documents\GitHub\Terrasight-Eurosat-RGB-vs-Multispectral\data\raw\rgb\Residential\Residential_1561.jpg,7,Residential,7,Residential,0.9998273253440857,True,-5.3090253,-3.6947672
2311,C:\Users\DELL Precision 5550\Documents\GitHub\Terrasight-Eurosat-RGB-vs-Multispectral\data\raw\rgb\Residential\Residential_2036.jpg,7,Residential,7,Residential,0.9999545812606812,True,-6.30897,-4.3698645
2312,C:\Users\DELL Precision 5550\Documents\GitHub\Terrasight-Eurosat-RGB-vs-Multispectral\data\raw\rgb\Highway\Highway_472.jpg,3,Highway,3,Highway,0.999971866607666,True,-1.2928368,9.885772
2313,C:\Users\DELL Precision 5550\Documents\GitHub\Terrasight-Eurosat-RGB-vs-Multispectral\data\raw\rgb\PermanentCrop\PermanentCrop_160.jpg,6,PermanentCrop,6,PermanentCrop,0.999869704246521,True,1.4514111,4.3492203
2314,C:\Users\DELL Precision 5550\Documents\GitHub\Terrasight-Eurosat-RGB-vs-Multispectral\data\raw\rgb\AnnualCrop\AnnualCrop_2986.jpg,0,AnnualCrop,0,AnnualCrop,0.9981928467750549,True,2.2699833,13.080543
2315,C:\Users\DELL Precision 5550\Documents\GitHub\Terrasight-Eurosat-RGB-vs-Multispectral\data\raw\rgb\Pasture\Pasture_559.jpg,5,Pasture,5,Pasture,0.9994103908538818,True,7.1822953,5.271643
2316,C:\Users\DELL Precision 5550\Documents\GitHub\Terrasight-Eurosat-RGB-vs-Multispectral\data\raw\rgb\Residential\Residential_137.jpg,7,Residential,7,Residential,0.9997273087501526,True,-5.227914,-3.3745613
2317,C:\Users\DELL Precision 5550\Documents\GitHub\Terrasight-Eurosat-RGB-vs-Multispectral\data\raw\rgb\Forest\Forest_851.jpg,1,Forest,1,Forest,0.9999786615371704,True,14.425754,-1.9967406
2318,C:\Users\DELL Precision 5550\Documents\GitHub\Terrasight-Eurosat-RGB-vs-Multispectral\data\raw\rgb\River\River_1147.jpg,8,River,8,River,0.9999895095825195,True,5.68251,10.881606
2319,C:\Users\DELL Precision 5550\Documents\GitHub\Terrasight-Eurosat-RGB-vs-Multispectral\data\raw\rgb\AnnualCrop\AnnualCrop_2064.jpg,0,AnnualCrop,0,AnnualCrop,0.9997169375419617,True,2.1694856,13.567248
2320,C:\Users\DELL Precision 5550\Documents\GitHub\Terrasight-Eurosat-RGB-vs-Multispectral\data\raw\rgb\AnnualCrop\AnnualCrop_1764.jpg,0,AnnualCrop,0,AnnualCrop,0.9999730587005615,True,2.6709235,14.339029
2321,C:\Users\DELL Precision 5550\Documents\GitHub\Terrasight-Eurosat-RGB-vs-Multispectral\data\raw\rgb\Pasture\Pasture_108.jpg,5,Pasture,5,Pasture,0.9998475313186646,True,7.081082,5.1683116
2322,C:\Users\DELL Precision 5550\Documents\GitHub\Terrasight-Eurosat-RGB-vs-Multispectral\data\raw\rgb\HerbaceousVegetation\HerbaceousVegetation_1218.jpg,2,HerbaceousVegetation,2,HerbaceousVegetation,0.9999967813491821,True,4.128488,0.9370669
2323,C:\Users\DELL Precision 5550\Documents\GitHub\Terrasight-Eurosat-RGB-vs-Multispectral\data\raw\rgb\River\River_1782.jpg,8,River,8,River,0.9999741315841675,True,5.9402323,10.546904
2324,C:\Users\DELL Precision 5550\Documents\GitHub\Terrasight-Eurosat-RGB-vs-Multispectral\data\raw\rgb\Highway\Highway_2203.jpg,3,Highway,3,Highway,0.996721088886261,True,0.07883922,10.439311
2325,C:\Users\DELL Precision 5550\Documents\GitHub\Terrasight-Eurosat-RGB-vs-Multispectral\data\raw\rgb\Industrial\Industrial_914.jpg,4,Industrial,4,Industrial,0.9993069171905518,True,-8.077916,1.6348765
2326,C:\Users\DELL Precision 5550\Documents\GitHub\Terrasight-Eurosat-RGB-vs-Multispectral\data\raw\rgb\Forest\Forest_1737.jpg,1,Forest,1,Forest,0.9996525049209595,True,14.008639,-1.0153214
2327,C:\Users\DELL Precision 5550\Documents\GitHub\Terrasight-Eurosat-RGB-vs-Multispectral\data\raw\rgb\SeaLake\SeaLake_1522.jpg,9,SeaLake,9,SeaLake,0.9998853206634521,True,17.56616,11.981191
2328,C:\Users\DELL Precision 5550\Documents\GitHub\Terrasight-Eurosat-RGB-vs-Multispectral\data\raw\rgb\River\River_2276.jpg,8,River,8,River,1.0,True,7.1230865,10.995739
2329,C:\Users\DELL Precision 5550\Documents\GitHub\Terrasight-Eurosat-RGB-vs-Multispectral\data\raw\rgb\Highway\Highway_1702.jpg,3,Highway,3,Highway,0.9999897480010986,True,-1.3332429,10.579751
2330,C:\Users\DELL Precision 5550\Documents\GitHub\Terrasight-Eurosat-RGB-vs-Multispectral\data\raw\rgb\River\River_258.jpg,8,River,8,River,0.99993896484375,True,5.913785,10.129235
2331,C:\Users\DELL Precision 5550\Documents\GitHub\Terrasight-Eurosat-RGB-vs-Multispectral\data\raw\rgb\SeaLake\SeaLake_647.jpg,9,SeaLake,9,SeaLake,0.9998711347579956,True,17.06007,13.099332
2332,C:\Users\DELL Precision 5550\Documents\GitHub\Terrasight-Eurosat-RGB-vs-Multispectral\data\raw\rgb\Industrial\Industrial_1593.jpg,4,Industrial,4,Industrial,0.999433696269989,True,-8.302016,1.437867
2333,C:\Users\DELL Precision 5550\Documents\GitHub\Terrasight-Eurosat-RGB-vs-Multispectral\data\raw\rgb\HerbaceousVegetation\HerbaceousVegetation_2720.jpg,2,HerbaceousVegetation,2,HerbaceousVegetation,0.9997972846031189,True,4.2129955,0.65133595
2334,C:\Users\DELL Precision 5550\Documents\GitHub\Terrasight-Eurosat-RGB-vs-Multispectral\data\raw\rgb\River\River_842.jpg,8,River,8,River,0.9656248688697815,True,4.50109,10.316968
2335,C:\Users\DELL Precision 5550\Documents\GitHub\Terrasight-Eurosat-RGB-vs-Multispectral\data\raw\rgb\PermanentCrop\PermanentCrop_1187.jpg,6,PermanentCrop,6,PermanentCrop,0.9818968772888184,True,2.3225174,4.527191
2336,C:\Users\DELL Precision 5550\Documents\GitHub\Terrasight-Eurosat-RGB-vs-Multispectral\data\raw\rgb\Forest\Forest_2371.jpg,1,Forest,1,Forest,0.9999998807907104,True,14.624422,-3.3915865
2337,C:\Users\DELL Precision 5550\Documents\GitHub\Terrasight-Eurosat-RGB-vs-Multispectral\data\raw\rgb\PermanentCrop\PermanentCrop_1802.jpg,6,PermanentCrop,6,PermanentCrop,0.8602748513221741,True,2.9229746,4.001626
2338,C:\Users\DELL Precision 5550\Documents\GitHub\Terrasight-Eurosat-RGB-vs-Multispectral\data\raw\rgb\SeaLake\SeaLake_506.jpg,9,SeaLake,9,SeaLake,0.9977705478668213,True,15.843436,11.8807535
2339,C:\Users\DELL Precision 5550\Documents\GitHub\Terrasight-Eurosat-RGB-vs-Multispectral\data\raw\rgb\AnnualCrop\AnnualCrop_2005.jpg,0,AnnualCrop,0,AnnualCrop,0.9997938275337219,True,2.8580513,14.700729
2340,C:\Users\DELL Precision 5550\Documents\GitHub\Terrasight-Eurosat-RGB-vs-Multispectral\data\raw\rgb\Pasture\Pasture_434.jpg,5,Pasture,5,Pasture,0.9939367175102234,True,6.466862,5.1448483
2341,C:\Users\DELL Precision 5550\Documents\GitHub\Terrasight-Eurosat-RGB-vs-Multispectral\data\raw\rgb\River\River_1994.jpg,8,River,8,River,0.9995049238204956,True,4.882827,10.8906975
2342,C:\Users\DELL Precision 5550\Documents\GitHub\Terrasight-Eurosat-RGB-vs-Multispectral\data\raw\rgb\HerbaceousVegetation\HerbaceousVegetation_149.jpg,2,HerbaceousVegetation,2,HerbaceousVegetation,0.9497240781784058,True,3.2839677,3.6672418
2343,C:\Users\DELL Precision 5550\Documents\GitHub\Terrasight-Eurosat-RGB-vs-Multispectral\data\raw\rgb\Highway\Highway_753.jpg,3,Highway,3,Highway,0.9799745082855225,True,0.4828842,9.894098
2344,C:\Users\DELL Precision 5550\Documents\GitHub\Terrasight-Eurosat-RGB-vs-Multispectral\data\raw\rgb\River\River_1641.jpg,8,River,8,River,0.9999966621398926,True,6.0196466,10.617873
2345,C:\Users\DELL Precision 5550\Documents\GitHub\Terrasight-Eurosat-RGB-vs-Multispectral\data\raw\rgb\SeaLake\SeaLake_1491.jpg,9,SeaLake,9,SeaLake,0.9999692440032959,True,17.232918,13.272775
2346,C:\Users\DELL Precision 5550\Documents\GitHub\Terrasight-Eurosat-RGB-vs-Multispectral\data\raw\rgb\AnnualCrop\AnnualCrop_1570.jpg,0,AnnualCrop,0,AnnualCrop,0.9999997615814209,True,2.522359,15.721194
2347,C:\Users\DELL Precision 5550\Documents\GitHub\Terrasight-Eurosat-RGB-vs-Multispectral\data\raw\rgb\Forest\Forest_2783.jpg,1,Forest,1,Forest,0.9999986886978149,True,14.011323,-3.095114
2348,C:\Users\DELL Precision 5550\Documents\GitHub\Terrasight-Eurosat-RGB-vs-Multispectral\data\raw\rgb\Forest\Forest_2679.jpg,1,Forest,1,Forest,1.0,True,14.839759,-3.2884834
2349,C:\Users\DELL Precision 5550\Documents\GitHub\Terrasight-Eurosat-RGB-vs-Multispectral\data\raw\rgb\Forest\Forest_2448.jpg,1,Forest,1,Forest,0.9995025396347046,True,14.723486,-3.0144825
2350,C:\Users\DELL Precision 5550\Documents\GitHub\Terrasight-Eurosat-RGB-vs-Multispectral\data\raw\rgb\Forest\Forest_1356.jpg,1,Forest,1,Forest,0.9995226860046387,True,13.251597,-1.7989974
2351,C:\Users\DELL Precision 5550\Documents\GitHub\Terrasight-Eurosat-RGB-vs-Multispectral\data\raw\rgb\Residential\Residential_2780.jpg,7,Residential,7,Residential,0.9998321533203125,True,-6.264446,-3.796739
2352,C:\Users\DELL Precision 5550\Documents\GitHub\Terrasight-Eurosat-RGB-vs-Multispectral\data\raw\rgb\River\River_2097.jpg,8,River,8,River,0.9999634027481079,True,5.443909,10.912252
2353,C:\Users\DELL Precision 5550\Documents\GitHub\Terrasight-Eurosat-RGB-vs-Multispectral\data\raw\rgb\Forest\Forest_1948.jpg,1,Forest,1,Forest,0.9999090433120728,True,14.362167,-1.5258328
2354,C:\Users\DELL Precision 5550\Documents\GitHub\Terrasight-Eurosat-RGB-vs-Multispectral\data\raw\rgb\PermanentCrop\PermanentCrop_865.jpg,6,PermanentCrop,2,HerbaceousVegetation,0.6488028168678284,False,3.1750839,3.7385504
2355,C:\Users\DELL Precision 5550\Documents\GitHub\Terrasight-Eurosat-RGB-vs-Multispectral\data\raw\rgb\SeaLake\SeaLake_2546.jpg,9,SeaLake,9,SeaLake,0.9978896975517273,True,15.934136,10.709476
2356,C:\Users\DELL Precision 5550\Documents\GitHub\Terrasight-Eurosat-RGB-vs-Multispectral\data\raw\rgb\HerbaceousVegetation\HerbaceousVegetation_2443.jpg,2,HerbaceousVegetation,2,HerbaceousVegetation,0.9999998807907104,True,3.2025402,-0.16541882
2357,C:\Users\DELL Precision 5550\Documents\GitHub\Terrasight-Eurosat-RGB-vs-Multispectral\data\raw\rgb\Forest\Forest_2574.jpg,1,Forest,1,Forest,0.9999815225601196,True,13.757544,-2.5724053
2358,C:\Users\DELL Precision 5550\Documents\GitHub\Terrasight-Eurosat-RGB-vs-Multispectral\data\raw\rgb\AnnualCrop\AnnualCrop_2434.jpg,0,AnnualCrop,0,AnnualCrop,0.6138364672660828,True,3.4943902,11.329278
2359,C:\Users\DELL Precision 5550\Documents\GitHub\Terrasight-Eurosat-RGB-vs-Multispectral\data\raw\rgb\SeaLake\SeaLake_1355.jpg,9,SeaLake,9,SeaLake,0.9995558857917786,True,16.221104,10.604978
2360,C:\Users\DELL Precision 5550\Documents\GitHub\Terrasight-Eurosat-RGB-vs-Multispectral\data\raw\rgb\HerbaceousVegetation\HerbaceousVegetation_173.jpg,2,HerbaceousVegetation,2,HerbaceousVegetation,0.9996423721313477,True,3.8443353,0.49185365
2361,C:\Users\DELL Precision 5550\Documents\GitHub\Terrasight-Eurosat-RGB-vs-Multispectral\data\raw\rgb\Industrial\Industrial_575.jpg,4,Industrial,4,Industrial,0.9998032450675964,True,-8.093429,2.1242213
2362,C:\Users\DELL Precision 5550\Documents\GitHub\Terrasight-Eurosat-RGB-vs-Multispectral\data\raw\rgb\Residential\Residential_740.jpg,7,Residential,7,Residential,0.987557053565979,True,-5.9920464,-3.2476788
2363,C:\Users\DELL Precision 5550\Documents\GitHub\Terrasight-Eurosat-RGB-vs-Multispectral\data\raw\rgb\HerbaceousVegetation\HerbaceousVegetation_215.jpg,2,HerbaceousVegetation,2,HerbaceousVegetation,0.9999994039535522,True,3.4814608,0.86277854
2364,C:\Users\DELL Precision 5550\Documents\GitHub\Terrasight-Eurosat-RGB-vs-Multispectral\data\raw\rgb\River\River_160.jpg,8,River,8,River,0.9989156723022461,True,6.0889273,10.144416
2365,C:\Users\DELL Precision 5550\Documents\GitHub\Terrasight-Eurosat-RGB-vs-Multispectral\data\raw\rgb\SeaLake\SeaLake_203.jpg,9,SeaLake,9,SeaLake,0.9999759197235107,True,17.390173,12.613306
2366,C:\Users\DELL Precision 5550\Documents\GitHub\Terrasight-Eurosat-RGB-vs-Multispectral\data\raw\rgb\Industrial\Industrial_256.jpg,4,Industrial,4,Industrial,0.9928212761878967,True,-7.123487,1.5802841
2367,C:\Users\DELL Precision 5550\Documents\GitHub\Terrasight-Eurosat-RGB-vs-Multispectral\data\raw\rgb\SeaLake\SeaLake_1176.jpg,9,SeaLake,9,SeaLake,0.9991301894187927,True,16.44372,11.582235
2368,C:\Users\DELL Precision 5550\Documents\GitHub\Terrasight-Eurosat-RGB-vs-Multispectral\data\raw\rgb\Pasture\Pasture_210.jpg,5,Pasture,5,Pasture,0.9982026815414429,True,6.969503,5.121586
2369,C:\Users\DELL Precision 5550\Documents\GitHub\Terrasight-Eurosat-RGB-vs-Multispectral\data\raw\rgb\AnnualCrop\AnnualCrop_1448.jpg,0,AnnualCrop,0,AnnualCrop,0.9991357922554016,True,2.2121992,13.608814
2370,C:\Users\DELL Precision 5550\Documents\GitHub\Terrasight-Eurosat-RGB-vs-Multispectral\data\raw\rgb\PermanentCrop\PermanentCrop_1353.jpg,6,PermanentCrop,6,PermanentCrop,0.9999963045120239,True,0.89894074,4.0416946
2371,C:\Users\DELL Precision 5550\Documents\GitHub\Terrasight-Eurosat-RGB-vs-Multispectral\data\raw\rgb\HerbaceousVegetation\HerbaceousVegetation_1854.jpg,2,HerbaceousVegetation,2,HerbaceousVegetation,0.9999346733093262,True,3.3245583,1.0202954
2372,C:\Users\DELL Precision 5550\Documents\GitHub\Terrasight-Eurosat-RGB-vs-Multispectral\data\raw\rgb\PermanentCrop\PermanentCrop_2421.jpg,6,PermanentCrop,6,PermanentCrop,0.9999334812164307,True,1.460128,4.231271
2373,C:\Users\DELL Precision 5550\Documents\GitHub\Terrasight-Eurosat-RGB-vs-Multispectral\data\raw\rgb\SeaLake\SeaLake_2653.jpg,9,SeaLake,9,SeaLake,0.9994685053825378,True,16.445288,11.557201
2374,C:\Users\DELL Precision 5550\Documents\GitHub\Terrasight-Eurosat-RGB-vs-Multispectral\data\raw\rgb\Pasture\Pasture_1240.jpg,5,Pasture,5,Pasture,0.9998621940612793,True,7.388023,5.453682
2375,C:\Users\DELL Precision 5550\Documents\GitHub\Terrasight-Eurosat-RGB-vs-Multispectral\data\raw\rgb\Forest\Forest_601.jpg,1,Forest,1,Forest,0.9999982118606567,True,14.443038,-2.05983
2376,C:\Users\DELL Precision 5550\Documents\GitHub\Terrasight-Eurosat-RGB-vs-Multispectral\data\raw\rgb\Highway\Highway_2336.jpg,3,Highway,3,Highway,0.9995905756950378,True,-0.9285451,10.863155
2377,C:\Users\DELL Precision 5550\Documents\GitHub\Terrasight-Eurosat-RGB-vs-Multispectral\data\raw\rgb\Forest\Forest_362.jpg,1,Forest,1,Forest,0.9997830986976624,True,13.697323,-2.2506528
2378,C:\Users\DELL Precision 5550\Documents\GitHub\Terrasight-Eurosat-RGB-vs-Multispectral\data\raw\rgb\AnnualCrop\AnnualCrop_2387.jpg,0,AnnualCrop,0,AnnualCrop,0.9956247210502625,True,2.6232584,12.430465
2379,C:\Users\DELL Precision 5550\Documents\GitHub\Terrasight-Eurosat-RGB-vs-Multispectral\data\raw\rgb\River\River_1042.jpg,8,River,8,River,0.9865632057189941,True,4.403055,10.502168
2380,C:\Users\DELL Precision 5550\Documents\GitHub\Terrasight-Eurosat-RGB-vs-Multispectral\data\raw\rgb\River\River_749.jpg,8,River,8,River,0.998975396156311,True,5.522678,10.279703
2381,C:\Users\DELL Precision 5550\Documents\GitHub\Terrasight-Eurosat-RGB-vs-Multispectral\data\raw\rgb\AnnualCrop\AnnualCrop_740.jpg,0,AnnualCrop,0,AnnualCrop,0.9999897480010986,True,2.479584,14.351785
2382,C:\Users\DELL Precision 5550\Documents\GitHub\Terrasight-Eurosat-RGB-vs-Multispectral\data\raw\rgb\Industrial\Industrial_22.jpg,4,Industrial,4,Industrial,0.9960402250289917,True,-7.399142,1.6617914
2383,C:\Users\DELL Precision 5550\Documents\GitHub\Terrasight-Eurosat-RGB-vs-Multispectral\data\raw\rgb\Highway\Highway_2034.jpg,3,Highway,3,Highway,0.9991913437843323,True,-0.214534,10.266252
2384,C:\Users\DELL Precision 5550\Documents\GitHub\Terrasight-Eurosat-RGB-vs-Multispectral\data\raw\rgb\Residential\Residential_576.jpg,7,Residential,7,Residential,0.9999990463256836,True,-5.577207,-4.505244
2385,C:\Users\DELL Precision 5550\Documents\GitHub\Terrasight-Eurosat-RGB-vs-Multispectral\data\raw\rgb\Forest\Forest_2999.jpg,1,Forest,1,Forest,0.9999864101409912,True,13.521661,-2.0027623
2386,C:\Users\DELL Precision 5550\Documents\GitHub\Terrasight-Eurosat-RGB-vs-Multispectral\data\raw\rgb\HerbaceousVegetation\HerbaceousVegetation_2932.jpg,2,HerbaceousVegetation,2,HerbaceousVegetation,0.9999998807907104,True,3.3958037,-0.2935297
2387,C:\Users\DELL Precision 5550\Documents\GitHub\Terrasight-Eurosat-RGB-vs-Multispectral\data\raw\rgb\Forest\Forest_2839.jpg,1,Forest,1,Forest,0.9999542236328125,True,14.334727,-2.3864257
2388,C:\Users\DELL Precision 5550\Documents\GitHub\Terrasight-Eurosat-RGB-vs-Multispectral\data\raw\rgb\AnnualCrop\AnnualCrop_945.jpg,0,AnnualCrop,0,AnnualCrop,1.0,True,2.5183785,16.188536
2389,C:\Users\DELL Precision 5550\Documents\GitHub\Terrasight-Eurosat-RGB-vs-Multispectral\data\raw\rgb\Residential\Residential_2568.jpg,7,Residential,7,Residential,0.9998651742935181,True,-6.2418795,-4.2526865
2390,C:\Users\DELL Precision 5550\Documents\GitHub\Terrasight-Eurosat-RGB-vs-Multispectral\data\raw\rgb\SeaLake\SeaLake_2422.jpg,9,SeaLake,9,SeaLake,0.9997184872627258,True,16.039873,11.985903
2391,C:\Users\DELL Precision 5550\Documents\GitHub\Terrasight-Eurosat-RGB-vs-Multispectral\data\raw\rgb\Pasture\Pasture_1277.jpg,5,Pasture,1,Forest,0.41289517283439636,False,6.378461,4.742148
2392,C:\Users\DELL Precision 5550\Documents\GitHub\Terrasight-Eurosat-RGB-vs-Multispectral\data\raw\rgb\Industrial\Industrial_2362.jpg,4,Industrial,4,Industrial,0.975920557975769,True,-7.2048674,1.0339292
2393,C:\Users\DELL Precision 5550\Documents\GitHub\Terrasight-Eurosat-RGB-vs-Multispectral\data\raw\rgb\Pasture\Pasture_430.jpg,5,Pasture,5,Pasture,0.9989709854125977,True,6.5831513,5.3927917
2394,C:\Users\DELL Precision 5550\Documents\GitHub\Terrasight-Eurosat-RGB-vs-Multispectral\data\raw\rgb\Forest\Forest_154.jpg,1,Forest,1,Forest,0.999976396560669,True,14.734183,-3.5243828
2395,C:\Users\DELL Precision 5550\Documents\GitHub\Terrasight-Eurosat-RGB-vs-Multispectral\data\raw\rgb\Pasture\Pasture_1776.jpg,5,Pasture,5,Pasture,0.9990567564964294,True,7.185208,5.2230215
2396,C:\Users\DELL Precision 5550\Documents\GitHub\Terrasight-Eurosat-RGB-vs-Multispectral\data\raw\rgb\Residential\Residential_1942.jpg,7,Residential,7,Residential,0.9914746284484863,True,-5.0793924,-2.8607185
2397,C:\Users\DELL Precision 5550\Documents\GitHub\Terrasight-Eurosat-RGB-vs-Multispectral\data\raw\rgb\SeaLake\SeaLake_357.jpg,9,SeaLake,9,SeaLake,0.9934157133102417,True,15.82864,11.205842
2398,C:\Users\DELL Precision 5550\Documents\GitHub\Terrasight-Eurosat-RGB-vs-Multispectral\data\raw\rgb\Highway\Highway_1258.jpg,3,Highway,3,Highway,0.9996095299720764,True,-1.1187282,9.925336
2399,C:\Users\DELL Precision 5550\Documents\GitHub\Terrasight-Eurosat-RGB-vs-Multispectral\data\raw\rgb\Industrial\Industrial_1333.jpg,4,Industrial,4,Industrial,0.9999562501907349,True,-8.944204,1.7422293
2400,C:\Users\DELL Precision 5550\Documents\GitHub\Terrasight-Eurosat-RGB-vs-Multispectral\data\raw\rgb\SeaLake\SeaLake_1533.jpg,9,SeaLake,9,SeaLake,0.999932050704956,True,16.984701,12.586744
2401,C:\Users\DELL Precision 5550\Documents\GitHub\Terrasight-Eurosat-RGB-vs-Multispectral\data\raw\rgb\HerbaceousVegetation\HerbaceousVegetation_527.jpg,2,HerbaceousVegetation,2,HerbaceousVegetation,0.9994051456451416,True,4.0664268,1.3534492
2402,C:\Users\DELL Precision 5550\Documents\GitHub\Terrasight-Eurosat-RGB-vs-Multispectral\data\raw\rgb\Pasture\Pasture_424.jpg,5,Pasture,5,Pasture,0.9999977350234985,True,8.006094,5.5679235
2403,C:\Users\DELL Precision 5550\Documents\GitHub\Terrasight-Eurosat-RGB-vs-Multispectral\data\raw\rgb\SeaLake\SeaLake_2087.jpg,9,SeaLake,9,SeaLake,0.999915599822998,True,16.974249,10.941912
2404,C:\Users\DELL Precision 5550\Documents\GitHub\Terrasight-Eurosat-RGB-vs-Multispectral\data\raw\rgb\River\River_2155.jpg,8,River,8,River,0.998828113079071,True,5.981934,10.081277
2405,C:\Users\DELL Precision 5550\Documents\GitHub\Terrasight-Eurosat-RGB-vs-Multispectral\data\raw\rgb\Residential\Residential_473.jpg,7,Residential,7,Residential,0.985630989074707,True,-5.9829187,-2.7956972
2406,C:\Users\DELL Precision 5550\Documents\GitHub\Terrasight-Eurosat-RGB-vs-Multispectral\data\raw\rgb\PermanentCrop\PermanentCrop_2064.jpg,6,PermanentCrop,6,PermanentCrop,0.99937504529953,True,1.342154,4.3466253
2407,C:\Users\DELL Precision 5550\Documents\GitHub\Terrasight-Eurosat-RGB-vs-Multispectral\data\raw\rgb\AnnualCrop\AnnualCrop_2636.jpg,0,AnnualCrop,0,AnnualCrop,0.9999996423721313,True,2.5762851,15.954695
2408,C:\Users\DELL Precision 5550\Documents\GitHub\Terrasight-Eurosat-RGB-vs-Multispectral\data\raw\rgb\Forest\Forest_192.jpg,1,Forest,1,Forest,0.9999997615814209,True,14.73442,-3.47022
2409,C:\Users\DELL Precision 5550\Documents\GitHub\Terrasight-Eurosat-RGB-vs-Multispectral\data\raw\rgb\AnnualCrop\AnnualCrop_2524.jpg,0,AnnualCrop,0,AnnualCrop,0.999957799911499,True,2.6325529,14.263668
2410,C:\Users\DELL Precision 5550\Documents\GitHub\Terrasight-Eurosat-RGB-vs-Multispectral\data\raw\rgb\Highway\Highway_115.jpg,3,Highway,3,Highway,0.9996519088745117,True,-0.4735259,9.53866
2411,C:\Users\DELL Precision 5550\Documents\GitHub\Terrasight-Eurosat-RGB-vs-Multispectral\data\raw\rgb\Industrial\Industrial_1270.jpg,4,Industrial,4,Industrial,0.9998946189880371,True,-8.252464,2.0515637
2412,C:\Users\DELL Precision 5550\Documents\GitHub\Terrasight-Eurosat-RGB-vs-Multispectral\data\raw\rgb\Highway\Highway_2480.jpg,3,Highway,3,Highway,0.9975444674491882,True,0.01037156,10.351626
2413,C:\Users\DELL Precision 5550\Documents\GitHub\Terrasight-Eurosat-RGB-vs-Multispectral\data\raw\rgb\Highway\Highway_1378.jpg,3,Highway,3,Highway,0.9976673126220703,True,0.032994773,9.94121
2414,C:\Users\DELL Precision 5550\Documents\GitHub\Terrasight-Eurosat-RGB-vs-Multispectral\data\raw\rgb\PermanentCrop\PermanentCrop_492.jpg,6,PermanentCrop,6,PermanentCrop,0.9986268281936646,True,2.1553109,3.7721934
2415,C:\Users\DELL Precision 5550\Documents\GitHub\Terrasight-Eurosat-RGB-vs-Multispectral\data\raw\rgb\Residential\Residential_1208.jpg,7,Residential,7,Residential,0.9999986886978149,True,-5.642881,-4.550743
2416,C:\Users\DELL Precision 5550\Documents\GitHub\Terrasight-Eurosat-RGB-vs-Multispectral\data\raw\rgb\AnnualCrop\AnnualCrop_1102.jpg,0,AnnualCrop,0,AnnualCrop,0.9992592930793762,True,2.7074356,12.565323
2417,C:\Users\DELL Precision 5550\Documents\GitHub\Terrasight-Eurosat-RGB-vs-Multispectral\data\raw\rgb\HerbaceousVegetation\HerbaceousVegetation_2104.jpg,2,HerbaceousVegetation,2,HerbaceousVegetation,0.9999794960021973,True,3.7397864,-0.009868597
2418,C:\Users\DELL Precision 5550\Documents\GitHub\Terrasight-Eurosat-RGB-vs-Multispectral\data\raw\rgb\Highway\Highway_417.jpg,3,Highway,3,Highway,0.9997666478157043,True,-0.23415582,10.260754
2419,C:\Users\DELL Precision 5550\Documents\GitHub\Terrasight-Eurosat-RGB-vs-Multispectral\data\raw\rgb\HerbaceousVegetation\HerbaceousVegetation_2175.jpg,2,HerbaceousVegetation,2,HerbaceousVegetation,0.9996885061264038,True,2.9208543,1.1750106
2420,C:\Users\DELL Precision 5550\Documents\GitHub\Terrasight-Eurosat-RGB-vs-Multispectral\data\raw\rgb\Forest\Forest_2177.jpg,1,Forest,1,Forest,0.9824607968330383,True,13.19555,-1.6192467
2421,C:\Users\DELL Precision 5550\Documents\GitHub\Terrasight-Eurosat-RGB-vs-Multispectral\data\raw\rgb\Highway\Highway_1844.jpg,3,Highway,3,Highway,0.9995471835136414,True,-0.7068225,10.028238
2422,C:\Users\DELL Precision 5550\Documents\GitHub\Terrasight-Eurosat-RGB-vs-Multispectral\data\raw\rgb\River\River_2382.jpg,8,River,8,River,0.5570456981658936,True,3.992278,10.48785
2423,C:\Users\DELL Precision 5550\Documents\GitHub\Terrasight-Eurosat-RGB-vs-Multispectral\data\raw\rgb\Highway\Highway_446.jpg,3,Highway,3,Highway,0.999962329864502,True,-1.2019138,10.431979
2424,C:\Users\DELL Precision 5550\Documents\GitHub\Terrasight-Eurosat-RGB-vs-Multispectral\data\raw\rgb\SeaLake\SeaLake_933.jpg,9,SeaLake,9,SeaLake,0.9988044500350952,True,15.931816,11.728826
2425,C:\Users\DELL Precision 5550\Documents\GitHub\Terrasight-Eurosat-RGB-vs-Multispectral\data\raw\rgb\AnnualCrop\AnnualCrop_1091.jpg,0,AnnualCrop,0,AnnualCrop,0.9295417070388794,True,3.1743853,11.587172
2426,C:\Users\DELL Precision 5550\Documents\GitHub\Terrasight-Eurosat-RGB-vs-Multispectral\data\raw\rgb\Forest\Forest_644.jpg,1,Forest,1,Forest,0.9999998807907104,True,15.031579,-2.4146142
2427,C:\Users\DELL Precision 5550\Documents\GitHub\Terrasight-Eurosat-RGB-vs-Multispectral\data\raw\rgb\Pasture\Pasture_1691.jpg,5,Pasture,5,Pasture,1.0,True,10.719705,7.8882794
2428,C:\Users\DELL Precision 5550\Documents\GitHub\Terrasight-Eurosat-RGB-vs-Multispectral\data\raw\rgb\Highway\Highway_461.jpg,3,Highway,3,Highway,0.9988462924957275,True,-0.1067246,10.218087
2429,C:\Users\DELL Precision 5550\Documents\GitHub\Terrasight-Eurosat-RGB-vs-Multispectral\data\raw\rgb\AnnualCrop\AnnualCrop_578.jpg,0,AnnualCrop,0,AnnualCrop,0.999997615814209,True,2.4063206,14.943242
2430,C:\Users\DELL Precision 5550\Documents\GitHub\Terrasight-Eurosat-RGB-vs-Multispectral\data\raw\rgb\Residential\Residential_2895.jpg,7,Residential,7,Residential,0.9993034601211548,True,-6.109289,-3.112362
2431,C:\Users\DELL Precision 5550\Documents\GitHub\Terrasight-Eurosat-RGB-vs-Multispectral\data\raw\rgb\PermanentCrop\PermanentCrop_1032.jpg,6,PermanentCrop,4,Industrial,0.5094395279884338,False,-5.5553136,-2.126018
2432,C:\Users\DELL Precision 5550\Documents\GitHub\Terrasight-Eurosat-RGB-vs-Multispectral\data\raw\rgb\AnnualCrop\AnnualCrop_146.jpg,0,AnnualCrop,0,AnnualCrop,1.0,True,2.4605737,16.19866
2433,C:\Users\DELL Precision 5550\Documents\GitHub\Terrasight-Eurosat-RGB-vs-Multispectral\data\raw\rgb\Forest\Forest_1816.jpg,1,Forest,1,Forest,0.9987468719482422,True,14.128663,-1.2549143
2434,C:\Users\DELL Precision 5550\Documents\GitHub\Terrasight-Eurosat-RGB-vs-Multispectral\data\raw\rgb\Pasture\Pasture_15.jpg,5,Pasture,5,Pasture,0.9933956265449524,True,6.509108,5.2687273
2435,C:\Users\DELL Precision 5550\Documents\GitHub\Terrasight-Eurosat-RGB-vs-Multispectral\data\raw\rgb\Highway\Highway_2221.jpg,3,Highway,3,Highway,0.9909926652908325,True,-0.34686127,10.061004
2436,C:\Users\DELL Precision 5550\Documents\GitHub\Terrasight-Eurosat-RGB-vs-Multispectral\data\raw\rgb\River\River_2038.jpg,8,River,8,River,1.0,True,7.060875,10.984307
2437,C:\Users\DELL Precision 5550\Documents\GitHub\Terrasight-Eurosat-RGB-vs-Multispectral\data\raw\rgb\Pasture\Pasture_797.jpg,5,Pasture,5,Pasture,0.9991074204444885,True,7.0280323,5.43004
2438,C:\Users\DELL Precision 5550\Documents\GitHub\Terrasight-Eurosat-RGB-vs-Multispectral\data\raw\rgb\Industrial\Industrial_1717.jpg,4,Industrial,4,Industrial,0.9994939565658569,True,-7.6835165,2.0973
2439,C:\Users\DELL Precision 5550\Documents\GitHub\Terrasight-Eurosat-RGB-vs-Multispectral\data\raw\rgb\Industrial\Industrial_1509.jpg,4,Industrial,4,Industrial,0.9991044402122498,True,-8.054156,1.7732056
2440,C:\Users\DELL Precision 5550\Documents\GitHub\Terrasight-Eurosat-RGB-vs-Multispectral\data\raw\rgb\River\River_2394.jpg,8,River,8,River,0.7920904159545898,True,4.8076577,11.035112
2441,C:\Users\DELL Precision 5550\Documents\GitHub\Terrasight-Eurosat-RGB-vs-Multispectral\data\raw\rgb\Residential\Residential_828.jpg,7,Residential,7,Residential,0.9999979734420776,True,-6.4550686,-4.8847365
2442,C:\Users\DELL Precision 5550\Documents\GitHub\Terrasight-Eurosat-RGB-vs-Multispectral\data\raw\rgb\River\River_1156.jpg,8,River,8,River,0.9992129802703857,True,4.78675,10.736249
2443,C:\Users\DELL Precision 5550\Documents\GitHub\Terrasight-Eurosat-RGB-vs-Multispectral\data\raw\rgb\Highway\Highway_32.jpg,3,Highway,3,Highway,0.9981807470321655,True,-1.0621817,9.638429
2444,C:\Users\DELL Precision 5550\Documents\GitHub\Terrasight-Eurosat-RGB-vs-Multispectral\data\raw\rgb\SeaLake\SeaLake_1069.jpg,9,SeaLake,9,SeaLake,0.9999761581420898,True,17.144228,13.121651
2445,C:\Users\DELL Precision 5550\Documents\GitHub\Terrasight-Eurosat-RGB-vs-Multispectral\data\raw\rgb\SeaLake\SeaLake_2963.jpg,9,SeaLake,9,SeaLake,0.9998447895050049,True,16.499844,12.62308
2446,C:\Users\DELL Precision 5550\Documents\GitHub\Terrasight-Eurosat-RGB-vs-Multispectral\data\raw\rgb\AnnualCrop\AnnualCrop_937.jpg,0,AnnualCrop,0,AnnualCrop,0.9999988079071045,True,2.296499,15.088457
2447,C:\Users\DELL Precision 5550\Documents\GitHub\Terrasight-Eurosat-RGB-vs-Multispectral\data\raw\rgb\Industrial\Industrial_517.jpg,4,Industrial,4,Industrial,0.999829888343811,True,-8.761544,1.5930946
2448,C:\Users\DELL Precision 5550\Documents\GitHub\Terrasight-Eurosat-RGB-vs-Multispectral\data\raw\rgb\HerbaceousVegetation\HerbaceousVegetation_2240.jpg,2,HerbaceousVegetation,2,HerbaceousVegetation,0.9998712539672852,True,3.3790774,1.0172269
2449,C:\Users\DELL Precision 5550\Documents\GitHub\Terrasight-Eurosat-RGB-vs-Multispectral\data\raw\rgb\Residential\Residential_2609.jpg,7,Residential,7,Residential,0.9635188579559326,True,-5.506317,-2.43227
2450,C:\Users\DELL Precision 5550\Documents\GitHub\Terrasight-Eurosat-RGB-vs-Multispectral\data\raw\rgb\SeaLake\SeaLake_1594.jpg,9,SeaLake,9,SeaLake,0.9944233298301697,True,16.550888,11.299691
2451,C:\Users\DELL Precision 5550\Documents\GitHub\Terrasight-Eurosat-RGB-vs-Multispectral\data\raw\rgb\Residential\Residential_1984.jpg,7,Residential,7,Residential,0.9999927282333374,True,-5.59501,-4.5032735
2452,C:\Users\DELL Precision 5550\Documents\GitHub\Terrasight-Eurosat-RGB-vs-Multispectral\data\raw\rgb\Highway\Highway_1709.jpg,3,Highway,3,Highway,0.9973383545875549,True,-0.82994485,9.546571
2453,C:\Users\DELL Precision 5550\Documents\GitHub\Terrasight-Eurosat-RGB-vs-Multispectral\data\raw\rgb\River\River_2253.jpg,8,River,8,River,0.9999997615814209,True,6.4006257,10.840826
2454,C:\Users\DELL Precision 5550\Documents\GitHub\Terrasight-Eurosat-RGB-vs-Multispectral\data\raw\rgb\HerbaceousVegetation\HerbaceousVegetation_1994.jpg,2,HerbaceousVegetation,2,HerbaceousVegetation,0.9997830986976624,True,3.1799653,0.8936706
2455,C:\Users\DELL Precision 5550\Documents\GitHub\Terrasight-Eurosat-RGB-vs-Multispectral\data\raw\rgb\SeaLake\SeaLake_1155.jpg,9,SeaLake,9,SeaLake,0.9999682903289795,True,16.646275,10.249328
2456,C:\Users\DELL Precision 5550\Documents\GitHub\Terrasight-Eurosat-RGB-vs-Multispectral\data\raw\rgb\Industrial\Industrial_826.jpg,4,Industrial,4,Industrial,0.8215001821517944,True,-5.635702,-2.102969
2457,C:\Users\DELL Precision 5550\Documents\GitHub\Terrasight-Eurosat-RGB-vs-Multispectral\data\raw\rgb\AnnualCrop\AnnualCrop_194.jpg,0,AnnualCrop,0,AnnualCrop,0.9999996423721313,True,2.4090867,15.693255
2458,C:\Users\DELL Precision 5550\Documents\GitHub\Terrasight-Eurosat-RGB-vs-Multispectral\data\raw\rgb\AnnualCrop\AnnualCrop_1857.jpg,0,AnnualCrop,0,AnnualCrop,0.9998798370361328,True,2.208789,13.877422
2459,C:\Users\DELL Precision 5550\Documents\GitHub\Terrasight-Eurosat-RGB-vs-Multispectral\data\raw\rgb\Forest\Forest_2191.jpg,1,Forest,1,Forest,0.9996703863143921,True,14.310646,-2.5020292
2460,C:\Users\DELL Precision 5550\Documents\GitHub\Terrasight-Eurosat-RGB-vs-Multispectral\data\raw\rgb\PermanentCrop\PermanentCrop_2150.jpg,6,PermanentCrop,6,PermanentCrop,0.999987006187439,True,0.8447998,3.6524549
2461,C:\Users\DELL Precision 5550\Documents\GitHub\Terrasight-Eurosat-RGB-vs-Multispectral\data\raw\rgb\Forest\Forest_1199.jpg,1,Forest,1,Forest,0.9999173879623413,True,14.227306,-1.0304717
2462,C:\Users\DELL Precision 5550\Documents\GitHub\Terrasight-Eurosat-RGB-vs-Multispectral\data\raw\rgb\PermanentCrop\PermanentCrop_1328.jpg,6,PermanentCrop,2,HerbaceousVegetation,0.7449823617935181,False,3.1633031,3.6873293
2463,C:\Users\DELL Precision 5550\Documents\GitHub\Terrasight-Eurosat-RGB-vs-Multispectral\data\raw\rgb\SeaLake\SeaLake_2311.jpg,9,SeaLake,9,SeaLake,0.9928731918334961,True,15.988198,11.018513
2464,C:\Users\DELL Precision 5550\Documents\GitHub\Terrasight-Eurosat-RGB-vs-Multispectral\data\raw\rgb\AnnualCrop\AnnualCrop_819.jpg,0,AnnualCrop,0,AnnualCrop,0.99936443567276,True,2.8777428,13.547697
2465,C:\Users\DELL Precision 5550\Documents\GitHub\Terrasight-Eurosat-RGB-vs-Multispectral\data\raw\rgb\AnnualCrop\AnnualCrop_117.jpg,0,AnnualCrop,0,AnnualCrop,0.99928879737854,True,2.8090236,13.043392
2466,C:\Users\DELL Precision 5550\Documents\GitHub\Terrasight-Eurosat-RGB-vs-Multispectral\data\raw\rgb\SeaLake\SeaLake_2892.jpg,9,SeaLake,9,SeaLake,0.9997562766075134,True,16.158712,11.948337
2467,C:\Users\DELL Precision 5550\Documents\GitHub\Terrasight-Eurosat-RGB-vs-Multispectral\data\raw\rgb\Residential\Residential_143.jpg,7,Residential,7,Residential,0.9999730587005615,True,-5.336511,-4.0198855
2468,C:\Users\DELL Precision 5550\Documents\GitHub\Terrasight-Eurosat-RGB-vs-Multispectral\data\raw\rgb\Industrial\Industrial_404.jpg,4,Industrial,4,Industrial,0.9995618462562561,True,-8.414204,1.909652
2469,C:\Users\DELL Precision 5550\Documents\GitHub\Terrasight-Eurosat-RGB-vs-Multispectral\data\raw\rgb\Highway\Highway_2298.jpg,3,Highway,4,Industrial,0.7614591121673584,False,-7.1790423,2.1226707
2470,C:\Users\DELL Precision 5550\Documents\GitHub\Terrasight-Eurosat-RGB-vs-Multispectral\data\raw\rgb\Highway\Highway_2230.jpg,3,Highway,3,Highway,0.9996243715286255,True,-1.0289216,10.853744
2471,C:\Users\DELL Precision 5550\Documents\GitHub\Terrasight-Eurosat-RGB-vs-Multispectral\data\raw\rgb\Pasture\Pasture_366.jpg,5,Pasture,5,Pasture,0.9805768132209778,True,6.7082267,4.9043508
2472,C:\Users\DELL Precision 5550\Documents\GitHub\Terrasight-Eurosat-RGB-vs-Multispectral\data\raw\rgb\HerbaceousVegetation\HerbaceousVegetation_656.jpg,2,HerbaceousVegetation,2,HerbaceousVegetation,0.9935729503631592,True,4.2161355,1.8498772
2473,C:\Users\DELL Precision 5550\Documents\GitHub\Terrasight-Eurosat-RGB-vs-Multispectral\data\raw\rgb\AnnualCrop\AnnualCrop_1510.jpg,0,AnnualCrop,0,AnnualCrop,0.9996848106384277,True,2.3649893,13.441225
2474,C:\Users\DELL Precision 5550\Documents\GitHub\Terrasight-Eurosat-RGB-vs-Multispectral\data\raw\rgb\SeaLake\SeaLake_154.jpg,9,SeaLake,9,SeaLake,0.9990888833999634,True,15.864701,11.317292
2475,C:\Users\DELL Precision 5550\Documents\GitHub\Terrasight-Eurosat-RGB-vs-Multispectral\data\raw\rgb\River\River_1195.jpg,8,River,8,River,0.9999998807907104,True,6.9074516,10.927429
2476,C:\Users\DELL Precision 5550\Documents\GitHub\Terrasight-Eurosat-RGB-vs-Multispectral\data\raw\rgb\River\River_1753.jpg,8,River,8,River,0.994510293006897,True,4.9982324,10.158912
2477,C:\Users\DELL Precision 5550\Documents\GitHub\Terrasight-Eurosat-RGB-vs-Multispectral\data\raw\rgb\Forest\Forest_479.jpg,1,Forest,1,Forest,0.9981196522712708,True,13.155813,-0.7328692
2478,C:\Users\DELL Precision 5550\Documents\GitHub\Terrasight-Eurosat-RGB-vs-Multispectral\data\raw\rgb\AnnualCrop\AnnualCrop_384.jpg,0,AnnualCrop,0,AnnualCrop,1.0,True,2.5847137,16.11165
2479,C:\Users\DELL Precision 5550\Documents\GitHub\Terrasight-Eurosat-RGB-vs-Multispectral\data\raw\rgb\Industrial\Industrial_1283.jpg,4,Industrial,4,Industrial,0.9434136748313904,True,-6.68385,1.7224845
2480,C:\Users\DELL Precision 5550\Documents\GitHub\Terrasight-Eurosat-RGB-vs-Multispectral\data\raw\rgb\River\River_1218.jpg,8,River,8,River,0.9298021197319031,True,4.756638,10.012074
2481,C:\Users\DELL Precision 5550\Documents\GitHub\Terrasight-Eurosat-RGB-vs-Multispectral\data\raw\rgb\Industrial\Industrial_1310.jpg,4,Industrial,6,PermanentCrop,0.5802430510520935,False,-6.5479712,1.7175136
2482,C:\Users\DELL Precision 5550\Documents\GitHub\Terrasight-Eurosat-RGB-vs-Multispectral\data\raw\rgb\PermanentCrop\PermanentCrop_2031.jpg,6,PermanentCrop,6,PermanentCrop,0.9876068234443665,True,1.9195461,4.864443
2483,C:\Users\DELL Precision 5550\Documents\GitHub\Terrasight-Eurosat-RGB-vs-Multispectral\data\raw\rgb\Pasture\Pasture_192.jpg,5,Pasture,5,Pasture,0.9992733597755432,True,10.334139,7.8202987
2484,C:\Users\DELL Precision 5550\Documents\GitHub\Terrasight-Eurosat-RGB-vs-Multispectral\data\raw\rgb\Forest\Forest_828.jpg,1,Forest,1,Forest,0.9995859265327454,True,13.244168,-1.6275847
2485,C:\Users\DELL Precision 5550\Documents\GitHub\Terrasight-Eurosat-RGB-vs-Multispectral\data\raw\rgb\River\River_1800.jpg,8,River,8,River,0.9999865293502808,True,6.176322,10.695739
2486,C:\Users\DELL Precision 5550\Documents\GitHub\Terrasight-Eurosat-RGB-vs-Multispectral\data\raw\rgb\Forest\Forest_1469.jpg,1,Forest,1,Forest,0.9899573922157288,True,13.69001,-0.57039374
2487,C:\Users\DELL Precision 5550\Documents\GitHub\Terrasight-Eurosat-RGB-vs-Multispectral\data\raw\rgb\Industrial\Industrial_309.jpg,4,Industrial,4,Industrial,0.9544627666473389,True,-7.154646,1.2733492
2488,C:\Users\DELL Precision 5550\Documents\GitHub\Terrasight-Eurosat-RGB-vs-Multispectral\data\raw\rgb\AnnualCrop\AnnualCrop_174.jpg,0,AnnualCrop,0,AnnualCrop,0.9999004602432251,True,2.390798,14.470958
2489,C:\Users\DELL Precision 5550\Documents\GitHub\Terrasight-Eurosat-RGB-vs-Multispectral\data\raw\rgb\Highway\Highway_1247.jpg,3,Highway,3,Highway,0.9985765218734741,True,-0.42756227,9.5441065
2490,C:\Users\DELL Precision 5550\Documents\GitHub\Terrasight-Eurosat-RGB-vs-Multispectral\data\raw\rgb\SeaLake\SeaLake_1545.jpg,9,SeaLake,9,SeaLake,0.9990110397338867,True,16.077019,10.71048
2491,C:\Users\DELL Precision 5550\Documents\GitHub\Terrasight-Eurosat-RGB-vs-Multispectral\data\raw\rgb\PermanentCrop\PermanentCrop_1357.jpg,6,PermanentCrop,6,PermanentCrop,0.9933690428733826,True,2.492493,4.2854257
2492,C:\Users\DELL Precision 5550\Documents\GitHub\Terrasight-Eurosat-RGB-vs-Multispectral\data\raw\rgb\PermanentCrop\PermanentCrop_1787.jpg,6,PermanentCrop,6,PermanentCrop,0.9996849298477173,True,1.1334858,4.541019
2493,C:\Users\DELL Precision 5550\Documents\GitHub\Terrasight-Eurosat-RGB-vs-Multispectral\data\raw\rgb\Industrial\Industrial_1467.jpg,4,Industrial,4,Industrial,0.9999958276748657,True,-8.321514,2.1315248
2494,C:\Users\DELL Precision 5550\Documents\GitHub\Terrasight-Eurosat-RGB-vs-Multispectral\data\raw\rgb\Forest\Forest_912.jpg,1,Forest,1,Forest,0.9989915490150452,True,13.110043,-1.345012
2495,C:\Users\DELL Precision 5550\Documents\GitHub\Terrasight-Eurosat-RGB-vs-Multispectral\data\raw\rgb\SeaLake\SeaLake_675.jpg,9,SeaLake,9,SeaLake,0.9999498128890991,True,16.495136,10.246787
2496,C:\Users\DELL Precision 5550\Documents\GitHub\Terrasight-Eurosat-RGB-vs-Multispectral\data\raw\rgb\River\River_269.jpg,8,River,8,River,0.9995868802070618,True,4.789797,10.519152
2497,C:\Users\DELL Precision 5550\Documents\GitHub\Terrasight-Eurosat-RGB-vs-Multispectral\data\raw\rgb\SeaLake\SeaLake_1593.jpg,9,SeaLake,9,SeaLake,0.9999769926071167,True,17.186237,13.26776
2498,C:\Users\DELL Precision 5550\Documents\GitHub\Terrasight-Eurosat-RGB-vs-Multispectral\data\raw\rgb\River\River_2266.jpg,8,River,8,River,0.9988499879837036,True,4.6118565,10.698363
2499,C:\Users\DELL Precision 5550\Documents\GitHub\Terrasight-Eurosat-RGB-vs-Multispectral\data\raw\rgb\Highway\Highway_121.jpg,3,Highway,3,Highway,0.9933381080627441,True,0.2713159,10.023329
2500,C:\Users\DELL Precision 5550\Documents\GitHub\Terrasight-Eurosat-RGB-vs-Multispectral\data\raw\rgb\HerbaceousVegetation\HerbaceousVegetation_2939.jpg,2,HerbaceousVegetation,2,HerbaceousVegetation,0.9999996423721313,True,3.5929382,0.8816168
2501,C:\Users\DELL Precision 5550\Documents\GitHub\Terrasight-Eurosat-RGB-vs-Multispectral\data\raw\rgb\Industrial\Industrial_2132.jpg,4,Industrial,4,Industrial,0.997616171836853,True,-8.324593,1.1448176
2502,C:\Users\DELL Precision 5550\Documents\GitHub\Terrasight-Eurosat-RGB-vs-Multispectral\data\raw\rgb\River\River_2191.jpg,8,River,8,River,0.44765710830688477,True,4.266243,10.3079405
2503,C:\Users\DELL Precision 5550\Documents\GitHub\Terrasight-Eurosat-RGB-vs-Multispectral\data\raw\rgb\Residential\Residential_94.jpg,7,Residential,7,Residential,0.9839187860488892,True,-5.91458,-2.57692
2504,C:\Users\DELL Precision 5550\Documents\GitHub\Terrasight-Eurosat-RGB-vs-Multispectral\data\raw\rgb\Pasture\Pasture_459.jpg,5,Pasture,5,Pasture,0.999948263168335,True,7.8977623,5.519961
2505,C:\Users\DELL Precision 5550\Documents\GitHub\Terrasight-Eurosat-RGB-vs-Multispectral\data\raw\rgb\Residential\Residential_1963.jpg,7,Residential,7,Residential,1.0,True,-6.2733045,-4.981756
2506,C:\Users\DELL Precision 5550\Documents\GitHub\Terrasight-Eurosat-RGB-vs-Multispectral\data\raw\rgb\Industrial\Industrial_1776.jpg,4,Industrial,4,Industrial,0.9998937845230103,True,-8.772507,1.5946286
2507,C:\Users\DELL Precision 5550\Documents\GitHub\Terrasight-Eurosat-RGB-vs-Multispectral\data\raw\rgb\Residential\Residential_1909.jpg,7,Residential,7,Residential,0.9998999834060669,True,-5.532597,-4.029457
2508,C:\Users\DELL Precision 5550\Documents\GitHub\Terrasight-Eurosat-RGB-vs-Multispectral\data\raw\rgb\AnnualCrop\AnnualCrop_1374.jpg,0,AnnualCrop,0,AnnualCrop,0.9644347429275513,True,2.8062823,12.050876
2509,C:\Users\DELL Precision 5550\Documents\GitHub\Terrasight-Eurosat-RGB-vs-Multispectral\data\raw\rgb\HerbaceousVegetation\HerbaceousVegetation_2674.jpg,2,HerbaceousVegetation,2,HerbaceousVegetation,0.9967746138572693,True,2.7903452,0.9153242
2510,C:\Users\DELL Precision 5550\Documents\GitHub\Terrasight-Eurosat-RGB-vs-Multispectral\data\raw\rgb\River\River_1949.jpg,8,River,8,River,0.9989253878593445,True,4.6716866,10.811087
2511,C:\Users\DELL Precision 5550\Documents\GitHub\Terrasight-Eurosat-RGB-vs-Multispectral\data\raw\rgb\Pasture\Pasture_257.jpg,5,Pasture,5,Pasture,0.9999712705612183,True,7.5741954,5.5662107
2512,C:\Users\DELL Precision 5550\Documents\GitHub\Terrasight-Eurosat-RGB-vs-Multispectral\data\raw\rgb\Pasture\Pasture_602.jpg,5,Pasture,5,Pasture,0.999994158744812,True,10.45105,7.892161
2513,C:\Users\DELL Precision 5550\Documents\GitHub\Terrasight-Eurosat-RGB-vs-Multispectral\data\raw\rgb\Highway\Highway_1336.jpg,3,Highway,3,Highway,0.6491609215736389,True,0.33991066,9.703321
2514,C:\Users\DELL Precision 5550\Documents\GitHub\Terrasight-Eurosat-RGB-vs-Multispectral\data\raw\rgb\River\River_1542.jpg,8,River,8,River,0.9996535778045654,True,4.937089,10.8700905
2515,C:\Users\DELL Precision 5550\Documents\GitHub\Terrasight-Eurosat-RGB-vs-Multispectral\data\raw\rgb\Residential\Residential_1710.jpg,7,Residential,7,Residential,0.9994900226593018,True,-6.74759,-4.6546483
2516,C:\Users\DELL Precision 5550\Documents\GitHub\Terrasight-Eurosat-RGB-vs-Multispectral\data\raw\rgb\Industrial\Industrial_1720.jpg,4,Industrial,4,Industrial,0.9966366291046143,True,-7.061985,1.3453561
2517,C:\Users\DELL Precision 5550\Documents\GitHub\Terrasight-Eurosat-RGB-vs-Multispectral\data\raw\rgb\HerbaceousVegetation\HerbaceousVegetation_803.jpg,2,HerbaceousVegetation,2,HerbaceousVegetation,0.9999994039535522,True,3.5410154,-0.41622502
2518,C:\Users\DELL Precision 5550\Documents\GitHub\Terrasight-Eurosat-RGB-vs-Multispectral\data\raw\rgb\Forest\Forest_253.jpg,1,Forest,1,Forest,0.9999778270721436,True,13.804694,-2.5724845
2519,C:\Users\DELL Precision 5550\Documents\GitHub\Terrasight-Eurosat-RGB-vs-Multispectral\data\raw\rgb\Highway\Highway_942.jpg,3,Highway,3,Highway,0.9897928237915039,True,-0.03724005,9.523943
2520,C:\Users\DELL Precision 5550\Documents\GitHub\Terrasight-Eurosat-RGB-vs-Multispectral\data\raw\rgb\SeaLake\SeaLake_1861.jpg,9,SeaLake,9,SeaLake,0.998932421207428,True,15.879298,10.507721
2521,C:\Users\DELL Precision 5550\Documents\GitHub\Terrasight-Eurosat-RGB-vs-Multispectral\data\raw\rgb\Forest\Forest_2772.jpg,1,Forest,2,HerbaceousVegetation,0.8769412040710449,False,5.836859,4.6201615
2522,C:\Users\DELL Precision 5550\Documents\GitHub\Terrasight-Eurosat-RGB-vs-Multispectral\data\raw\rgb\Residential\Residential_731.jpg,7,Residential,7,Residential,0.9996242523193359,True,-5.110601,-3.536355
2523,C:\Users\DELL Precision 5550\Documents\GitHub\Terrasight-Eurosat-RGB-vs-Multispectral\data\raw\rgb\SeaLake\SeaLake_2901.jpg,9,SeaLake,9,SeaLake,0.9999717473983765,True,16.694672,10.2805805
2524,C:\Users\DELL Precision 5550\Documents\GitHub\Terrasight-Eurosat-RGB-vs-Multispectral\data\raw\rgb\HerbaceousVegetation\HerbaceousVegetation_908.jpg,2,HerbaceousVegetation,2,HerbaceousVegetation,0.6896008849143982,True,2.717478,2.7815983
2525,C:\Users\DELL Precision 5550\Documents\GitHub\Terrasight-Eurosat-RGB-vs-Multispectral\data\raw\rgb\PermanentCrop\PermanentCrop_2057.jpg,6,PermanentCrop,6,PermanentCrop,0.9145634174346924,True,1.953721,2.9957156
2526,C:\Users\DELL Precision 5550\Documents\GitHub\Terrasight-Eurosat-RGB-vs-Multispectral\data\raw\rgb\AnnualCrop\AnnualCrop_2618.jpg,0,AnnualCrop,0,AnnualCrop,0.9999994039535522,True,2.3038878,15.177067
2527,C:\Users\DELL Precision 5550\Documents\GitHub\Terrasight-Eurosat-RGB-vs-Multispectral\data\raw\rgb\AnnualCrop\AnnualCrop_613.jpg,0,AnnualCrop,0,AnnualCrop,0.9754189848899841,True,2.5928469,11.95793
2528,C:\Users\DELL Precision 5550\Documents\GitHub\Terrasight-Eurosat-RGB-vs-Multispectral\data\raw\rgb\Pasture\Pasture_1503.jpg,5,Pasture,5,Pasture,1.0,True,10.752618,7.915503
2529,C:\Users\DELL Precision 5550\Documents\GitHub\Terrasight-Eurosat-RGB-vs-Multispectral\data\raw\rgb\Residential\Residential_2794.jpg,7,Residential,7,Residential,0.9994319081306458,True,-6.683759,-4.0370626
2530,C:\Users\DELL Precision 5550\Documents\GitHub\Terrasight-Eurosat-RGB-vs-Multispectral\data\raw\rgb\PermanentCrop\PermanentCrop_277.jpg,6,PermanentCrop,6,PermanentCrop,0.9343785047531128,True,2.8407006,4.211572
2531,C:\Users\DELL Precision 5550\Documents\GitHub\Terrasight-Eurosat-RGB-vs-Multispectral\data\raw\rgb\HerbaceousVegetation\HerbaceousVegetation_139.jpg,2,HerbaceousVegetation,2,HerbaceousVegetation,0.9993473887443542,True,3.8462882,1.5498145
2532,C:\Users\DELL Precision 5550\Documents\GitHub\Terrasight-Eurosat-RGB-vs-Multispectral\data\raw\rgb\Industrial\Industrial_1298.jpg,4,Industrial,4,Industrial,0.7646121978759766,True,-7.19245,0.85145277
2533,C:\Users\DELL Precision 5550\Documents\GitHub\Terrasight-Eurosat-RGB-vs-Multispectral\data\raw\rgb\Residential\Residential_14.jpg,7,Residential,7,Residential,0.999127209186554,True,-5.340981,-3.0901248
2534,C:\Users\DELL Precision 5550\Documents\GitHub\Terrasight-Eurosat-RGB-vs-Multispectral\data\raw\rgb\Residential\Residential_999.jpg,7,Residential,7,Residential,0.9992465972900391,True,-6.676732,-4.478648
2535,C:\Users\DELL Precision 5550\Documents\GitHub\Terrasight-Eurosat-RGB-vs-Multispectral\data\raw\rgb\Industrial\Industrial_1374.jpg,4,Industrial,4,Industrial,0.9992740750312805,True,-7.508689,1.829495
2536,C:\Users\DELL Precision 5550\Documents\GitHub\Terrasight-Eurosat-RGB-vs-Multispectral\data\raw\rgb\Forest\Forest_675.jpg,1,Forest,1,Forest,0.9999260902404785,True,13.4515915,-0.9206103
2537,C:\Users\DELL Precision 5550\Documents\GitHub\Terrasight-Eurosat-RGB-vs-Multispectral\data\raw\rgb\Residential\Residential_2589.jpg,7,Residential,4,Industrial,0.9245434999465942,False,-6.8053923,1.3681378
2538,C:\Users\DELL Precision 5550\Documents\GitHub\Terrasight-Eurosat-RGB-vs-Multispectral\data\raw\rgb\Highway\Highway_1389.jpg,3,Highway,3,Highway,0.9968106150627136,True,0.30616844,9.748536
2539,C:\Users\DELL Precision 5550\Documents\GitHub\Terrasight-Eurosat-RGB-vs-Multispectral\data\raw\rgb\Highway\Highway_1501.jpg,3,Highway,3,Highway,0.9908182621002197,True,-0.3024739,9.911977
2540,C:\Users\DELL Precision 5550\Documents\GitHub\Terrasight-Eurosat-RGB-vs-Multispectral\data\raw\rgb\PermanentCrop\PermanentCrop_1862.jpg,6,PermanentCrop,6,PermanentCrop,0.891304612159729,True,2.9901233,3.9371574
2541,C:\Users\DELL Precision 5550\Documents\GitHub\Terrasight-Eurosat-RGB-vs-Multispectral\data\raw\rgb\SeaLake\SeaLake_1573.jpg,9,SeaLake,9,SeaLake,0.9642748832702637,True,16.157677,10.674253
2542,C:\Users\DELL Precision 5550\Documents\GitHub\Terrasight-Eurosat-RGB-vs-Multispectral\data\raw\rgb\Industrial\Industrial_1258.jpg,4,Industrial,4,Industrial,0.9973389506340027,True,-7.8617544,1.2845855
2543,C:\Users\DELL Precision 5550\Documents\GitHub\Terrasight-Eurosat-RGB-vs-Multispectral\data\raw\rgb\Pasture\Pasture_480.jpg,5,Pasture,5,Pasture,0.9999936819076538,True,7.893826,5.559296
2544,C:\Users\DELL Precision 5550\Documents\GitHub\Terrasight-Eurosat-RGB-vs-Multispectral\data\raw\rgb\River\River_1680.jpg,8,River,8,River,0.9990979433059692,True,4.610617,10.766109
2545,C:\Users\DELL Precision 5550\Documents\GitHub\Terrasight-Eurosat-RGB-vs-Multispectral\data\raw\rgb\PermanentCrop\PermanentCrop_343.jpg,6,PermanentCrop,6,PermanentCrop,0.6594070792198181,True,3.1136546,3.7504208
2546,C:\Users\DELL Precision 5550\Documents\GitHub\Terrasight-Eurosat-RGB-vs-Multispectral\data\raw\rgb\SeaLake\SeaLake_2171.jpg,9,SeaLake,9,SeaLake,0.9994378685951233,True,16.54793,11.548403
2547,C:\Users\DELL Precision 5550\Documents\GitHub\Terrasight-Eurosat-RGB-vs-Multispectral\data\raw\rgb\Residential\Residential_2759.jpg,7,Residential,7,Residential,0.9998095631599426,True,-5.3808928,-4.2026196
2548,C:\Users\DELL Precision 5550\Documents\GitHub\Terrasight-Eurosat-RGB-vs-Multispectral\data\raw\rgb\Highway\Highway_14.jpg,3,Highway,3,Highway,0.9886466860771179,True,-0.08496699,9.445209
2549,C:\Users\DELL Precision 5550\Documents\GitHub\Terrasight-Eurosat-RGB-vs-Multispectral\data\raw\rgb\PermanentCrop\PermanentCrop_2153.jpg,6,PermanentCrop,2,HerbaceousVegetation,0.5260561108589172,False,2.8485394,3.2876844
2550,C:\Users\DELL Precision 5550\Documents\GitHub\Terrasight-Eurosat-RGB-vs-Multispectral\data\raw\rgb\Residential\Residential_1512.jpg,7,Residential,7,Residential,0.9999995231628418,True,-6.3390718,-4.994343
2551,C:\Users\DELL Precision 5550\Documents\GitHub\Terrasight-Eurosat-RGB-vs-Multispectral\data\raw\rgb\River\River_2194.jpg,8,River,8,River,0.9986849427223206,True,4.767842,9.908492
2552,C:\Users\DELL Precision 5550\Documents\GitHub\Terrasight-Eurosat-RGB-vs-Multispectral\data\raw\rgb\SeaLake\SeaLake_2446.jpg,9,SeaLake,9,SeaLake,0.9999935626983643,True,17.235476,13.281442
2553,C:\Users\DELL Precision 5550\Documents\GitHub\Terrasight-Eurosat-RGB-vs-Multispectral\data\raw\rgb\HerbaceousVegetation\HerbaceousVegetation_2418.jpg,2,HerbaceousVegetation,2,HerbaceousVegetation,0.9899820685386658,True,4.2607756,1.0145291
2554,C:\Users\DELL Precision 5550\Documents\GitHub\Terrasight-Eurosat-RGB-vs-Multispectral\data\raw\rgb\HerbaceousVegetation\HerbaceousVegetation_574.jpg,2,HerbaceousVegetation,2,HerbaceousVegetation,0.9999974966049194,True,4.434946,0.68635416
2555,C:\Users\DELL Precision 5550\Documents\GitHub\Terrasight-Eurosat-RGB-vs-Multispectral\data\raw\rgb\Residential\Residential_1232.jpg,7,Residential,7,Residential,0.9991933703422546,True,-5.6307235,-3.7005854
2556,C:\Users\DELL Precision 5550\Documents\GitHub\Terrasight-Eurosat-RGB-vs-Multispectral\data\raw\rgb\Forest\Forest_2103.jpg,1,Forest,1,Forest,0.9996746778488159,True,13.488233,-1.2497121
2557,C:\Users\DELL Precision 5550\Documents\GitHub\Terrasight-Eurosat-RGB-vs-Multispectral\data\raw\rgb\Residential\Residential_451.jpg,7,Residential,7,Residential,0.9998282194137573,True,-6.6229005,-4.375889
2558,C:\Users\DELL Precision 5550\Documents\GitHub\Terrasight-Eurosat-RGB-vs-Multispectral\data\raw\rgb\AnnualCrop\AnnualCrop_1226.jpg,0,AnnualCrop,0,AnnualCrop,0.999981164932251,True,2.674819,14.351011
2559,C:\Users\DELL Precision 5550\Documents\GitHub\Terrasight-Eurosat-RGB-vs-Multispectral\data\raw\rgb\AnnualCrop\AnnualCrop_1539.jpg,0,AnnualCrop,0,AnnualCrop,0.9975879192352295,True,2.4253712,12.727235
2560,C:\Users\DELL Precision 5550\Documents\GitHub\Terrasight-Eurosat-RGB-vs-Multispectral\data\raw\rgb\River\River_1487.jpg,8,River,8,River,0.9999994039535522,True,6.3890224,10.393744
2561,C:\Users\DELL Precision 5550\Documents\GitHub\Terrasight-Eurosat-RGB-vs-Multispectral\data\raw\rgb\PermanentCrop\PermanentCrop_434.jpg,6,PermanentCrop,6,PermanentCrop,0.9638801217079163,True,2.1970704,4.7629232
2562,C:\Users\DELL Precision 5550\Documents\GitHub\Terrasight-Eurosat-RGB-vs-Multispectral\data\raw\rgb\AnnualCrop\AnnualCrop_907.jpg,0,AnnualCrop,0,AnnualCrop,0.9575421214103699,True,2.5126786,12.162066
2563,C:\Users\DELL Precision 5550\Documents\GitHub\Terrasight-Eurosat-RGB-vs-Multispectral\data\raw\rgb\PermanentCrop\PermanentCrop_1932.jpg,6,PermanentCrop,6,PermanentCrop,0.9991468191146851,True,2.0235019,4.5172443
2564,C:\Users\DELL Precision 5550\Documents\GitHub\Terrasight-Eurosat-RGB-vs-Multispectral\data\raw\rgb\Forest\Forest_27.jpg,1,Forest,1,Forest,0.9915178418159485,True,13.574413,-0.51603407
2565,C:\Users\DELL Precision 5550\Documents\GitHub\Terrasight-Eurosat-RGB-vs-Multispectral\data\raw\rgb\Highway\Highway_2150.jpg,3,Highway,3,Highway,0.9859581589698792,True,-0.16858038,10.111482
2566,C:\Users\DELL Precision 5550\Documents\GitHub\Terrasight-Eurosat-RGB-vs-Multispectral\data\raw\rgb\River\River_2212.jpg,8,River,8,River,0.9982019662857056,True,4.9002786,10.062537
2567,C:\Users\DELL Precision 5550\Documents\GitHub\Terrasight-Eurosat-RGB-vs-Multispectral\data\raw\rgb\Highway\Highway_986.jpg,3,Highway,3,Highway,0.9993813037872314,True,-0.37172478,9.94164
2568,C:\Users\DELL Precision 5550\Documents\GitHub\Terrasight-Eurosat-RGB-vs-Multispectral\data\raw\rgb\SeaLake\SeaLake_2806.jpg,9,SeaLake,9,SeaLake,0.9999878406524658,True,17.401014,12.664101
2569,C:\Users\DELL Precision 5550\Documents\GitHub\Terrasight-Eurosat-RGB-vs-Multispectral\data\raw\rgb\SeaLake\SeaLake_1679.jpg,9,SeaLake,9,SeaLake,0.9990266561508179,True,15.802815,10.737486
2570,C:\Users\DELL Precision 5550\Documents\GitHub\Terrasight-Eurosat-RGB-vs-Multispectral\data\raw\rgb\SeaLake\SeaLake_1579.jpg,9,SeaLake,9,SeaLake,0.9997112154960632,True,15.864145,10.554212
2571,C:\Users\DELL Precision 5550\Documents\GitHub\Terrasight-Eurosat-RGB-vs-Multispectral\data\raw\rgb\SeaLake\SeaLake_2861.jpg,9,SeaLake,9,SeaLake,0.9993946552276611,True,15.834251,10.580116
2572,C:\Users\DELL Precision 5550\Documents\GitHub\Terrasight-Eurosat-RGB-vs-Multispectral\data\raw\rgb\Forest\Forest_2167.jpg,1,Forest,1,Forest,0.9918649792671204,True,13.566515,-0.8860228
2573,C:\Users\DELL Precision 5550\Documents\GitHub\Terrasight-Eurosat-RGB-vs-Multispectral\data\raw\rgb\PermanentCrop\PermanentCrop_394.jpg,6,PermanentCrop,6,PermanentCrop,0.9988412261009216,True,1.4822056,4.856645
2574,C:\Users\DELL Precision 5550\Documents\GitHub\Terrasight-Eurosat-RGB-vs-Multispectral\data\raw\rgb\Industrial\Industrial_2377.jpg,4,Industrial,4,Industrial,0.9857072234153748,True,-6.7304215,1.3812218
2575,C:\Users\DELL Precision 5550\Documents\GitHub\Terrasight-Eurosat-RGB-vs-Multispectral\data\raw\rgb\AnnualCrop\AnnualCrop_2823.jpg,0,AnnualCrop,0,AnnualCrop,0.9939893484115601,True,2.604308,12.942325
2576,C:\Users\DELL Precision 5550\Documents\GitHub\Terrasight-Eurosat-RGB-vs-Multispectral\data\raw\rgb\Industrial\Industrial_106.jpg,4,Industrial,4,Industrial,0.9999744892120361,True,-9.024298,1.7898612
2577,C:\Users\DELL Precision 5550\Documents\GitHub\Terrasight-Eurosat-RGB-vs-Multispectral\data\raw\rgb\Highway\Highway_1354.jpg,3,Highway,3,Highway,0.9998276233673096,True,-0.9370915,10.924936
2578,C:\Users\DELL Precision 5550\Documents\GitHub\Terrasight-Eurosat-RGB-vs-Multispectral\data\raw\rgb\River\River_284.jpg,8,River,8,River,0.7569119930267334,True,3.8724592,11.045895
2579,C:\Users\DELL Precision 5550\Documents\GitHub\Terrasight-Eurosat-RGB-vs-Multispectral\data\raw\rgb\Residential\Residential_1236.jpg,7,Residential,7,Residential,0.9999723434448242,True,-6.345517,-3.9199407
2580,C:\Users\DELL Precision 5550\Documents\GitHub\Terrasight-Eurosat-RGB-vs-Multispectral\data\raw\rgb\SeaLake\SeaLake_413.jpg,9,SeaLake,9,SeaLake,0.9999744892120361,True,17.159689,13.296631
2581,C:\Users\DELL Precision 5550\Documents\GitHub\Terrasight-Eurosat-RGB-vs-Multispectral\data\raw\rgb\Industrial\Industrial_1213.jpg,4,Industrial,6,PermanentCrop,0.8127764463424683,False,2.6197622,4.213513
2582,C:\Users\DELL Precision 5550\Documents\GitHub\Terrasight-Eurosat-RGB-vs-Multispectral\data\raw\rgb\Residential\Residential_57.jpg,7,Residential,7,Residential,1.0,True,-6.4091287,-4.8940496
2583,C:\Users\DELL Precision 5550\Documents\GitHub\Terrasight-Eurosat-RGB-vs-Multispectral\data\raw\rgb\River\River_2440.jpg,8,River,8,River,0.9876647591590881,True,6.036039,10.671308
2584,C:\Users\DELL Precision 5550\Documents\GitHub\Terrasight-Eurosat-RGB-vs-Multispectral\data\raw\rgb\SeaLake\SeaLake_815.jpg,9,SeaLake,9,SeaLake,0.9997888207435608,True,16.486063,12.618689
2585,C:\Users\DELL Precision 5550\Documents\GitHub\Terrasight-Eurosat-RGB-vs-Multispectral\data\raw\rgb\River\River_1232.jpg,8,River,8,River,0.9917758703231812,True,4.7633386,9.92582
2586,C:\Users\DELL Precision 5550\Documents\GitHub\Terrasight-Eurosat-RGB-vs-Multispectral\data\raw\rgb\Industrial\Industrial_1166.jpg,4,Industrial,4,Industrial,0.9962305426597595,True,-7.7200065,1.4895556
2587,C:\Users\DELL Precision 5550\Documents\GitHub\Terrasight-Eurosat-RGB-vs-Multispectral\data\raw\rgb\River\River_1835.jpg,8,River,8,River,0.9999691247940063,True,5.972505,10.508089
2588,C:\Users\DELL Precision 5550\Documents\GitHub\Terrasight-Eurosat-RGB-vs-Multispectral\data\raw\rgb\HerbaceousVegetation\HerbaceousVegetation_2358.jpg,2,HerbaceousVegetation,2,HerbaceousVegetation,0.9999991655349731,True,3.6450944,0.85784817
2589,C:\Users\DELL Precision 5550\Documents\GitHub\Terrasight-Eurosat-RGB-vs-Multispectral\data\raw\rgb\HerbaceousVegetation\HerbaceousVegetation_2749.jpg,2,HerbaceousVegetation,2,HerbaceousVegetation,0.9986636638641357,True,4.3405786,1.49518
2590,C:\Users\DELL Precision 5550\Documents\GitHub\Terrasight-Eurosat-RGB-vs-Multispectral\data\raw\rgb\Highway\Highway_74.jpg,3,Highway,3,Highway,0.9996247291564941,True,-0.009157169,9.911849
2591,C:\Users\DELL Precision 5550\Documents\GitHub\Terrasight-Eurosat-RGB-vs-Multispectral\data\raw\rgb\Highway\Highway_478.jpg,3,Highway,3,Highway,0.9999798536300659,True,-1.3098665,10.525189
2592,C:\Users\DELL Precision 5550\Documents\GitHub\Terrasight-Eurosat-RGB-vs-Multispectral\data\raw\rgb\Residential\Residential_1538.jpg,7,Residential,7,Residential,0.9903327822685242,True,-6.618775,-3.7726395
2593,C:\Users\DELL Precision 5550\Documents\GitHub\Terrasight-Eurosat-RGB-vs-Multispectral\data\raw\rgb\Forest\Forest_2414.jpg,1,Forest,1,Forest,0.9999998807907104,True,15.019404,-2.512351
2594,C:\Users\DELL Precision 5550\Documents\GitHub\Terrasight-Eurosat-RGB-vs-Multispectral\data\raw\rgb\Industrial\Industrial_2419.jpg,4,Industrial,4,Industrial,0.991936206817627,True,-6.829003,1.5297769
2595,C:\Users\DELL Precision 5550\Documents\GitHub\Terrasight-Eurosat-RGB-vs-Multispectral\data\raw\rgb\HerbaceousVegetation\HerbaceousVegetation_625.jpg,2,HerbaceousVegetation,2,HerbaceousVegetation,0.9999953508377075,True,3.1497514,0.06627168
2596,C:\Users\DELL Precision 5550\Documents\GitHub\Terrasight-Eurosat-RGB-vs-Multispectral\data\raw\rgb\PermanentCrop\PermanentCrop_634.jpg,6,PermanentCrop,6,PermanentCrop,0.9995794892311096,True,1.4935832,4.6247263
2597,C:\Users\DELL Precision 5550\Documents\GitHub\Terrasight-Eurosat-RGB-vs-Multispectral\data\raw\rgb\AnnualCrop\AnnualCrop_61.jpg,0,AnnualCrop,0,AnnualCrop,0.9999431371688843,True,2.1796074,13.997402
2598,C:\Users\DELL Precision 5550\Documents\GitHub\Terrasight-Eurosat-RGB-vs-Multispectral\data\raw\rgb\Industrial\Industrial_2072.jpg,4,Industrial,4,Industrial,0.9982802867889404,True,-7.7716045,1.4451449
2599,C:\Users\DELL Precision 5550\Documents\GitHub\Terrasight-Eurosat-RGB-vs-Multispectral\data\raw\rgb\Forest\Forest_1144.jpg,1,Forest,1,Forest,0.9998188614845276,True,14.157603,-1.3055593
2600,C:\Users\DELL Precision 5550\Documents\GitHub\Terrasight-Eurosat-RGB-vs-Multispectral\data\raw\rgb\PermanentCrop\PermanentCrop_1515.jpg,6,PermanentCrop,6,PermanentCrop,0.999985933303833,True,1.1384044,4.306747
2601,C:\Users\DELL Precision 5550\Documents\GitHub\Terrasight-Eurosat-RGB-vs-Multispectral\data\raw\rgb\Residential\Residential_2241.jpg,7,Residential,7,Residential,0.9953808784484863,True,-5.491065,-2.8927567
2602,C:\Users\DELL Precision 5550\Documents\GitHub\Terrasight-Eurosat-RGB-vs-Multispectral\data\raw\rgb\Industrial\Industrial_1585.jpg,4,Industrial,4,Industrial,0.9929977655410767,True,-8.77978,1.6067574
2603,C:\Users\DELL Precision 5550\Documents\GitHub\Terrasight-Eurosat-RGB-vs-Multispectral\data\raw\rgb\Forest\Forest_1734.jpg,1,Forest,1,Forest,0.998344898223877,True,13.414498,-1.1361874
2604,C:\Users\DELL Precision 5550\Documents\GitHub\Terrasight-Eurosat-RGB-vs-Multispectral\data\raw\rgb\SeaLake\SeaLake_1313.jpg,9,SeaLake,9,SeaLake,0.9998012185096741,True,15.979279,11.80577
2605,C:\Users\DELL Precision 5550\Documents\GitHub\Terrasight-Eurosat-RGB-vs-Multispectral\data\raw\rgb\AnnualCrop\AnnualCrop_786.jpg,0,AnnualCrop,0,AnnualCrop,0.9999767541885376,True,2.5928378,14.520831
2606,C:\Users\DELL Precision 5550\Documents\GitHub\Terrasight-Eurosat-RGB-vs-Multispectral\data\raw\rgb\PermanentCrop\PermanentCrop_253.jpg,6,PermanentCrop,6,PermanentCrop,0.9999332427978516,True,1.1776866,3.751515
2607,C:\Users\DELL Precision 5550\Documents\GitHub\Terrasight-Eurosat-RGB-vs-Multispectral\data\raw\rgb\Highway\Highway_2039.jpg,3,Highway,3,Highway,0.9999960660934448,True,-1.5596163,10.584969
2608,C:\Users\DELL Precision 5550\Documents\GitHub\Terrasight-Eurosat-RGB-vs-Multispectral\data\raw\rgb\SeaLake\SeaLake_1473.jpg,9,SeaLake,9,SeaLake,0.9992561936378479,True,16.11433,12.113236
2609,C:\Users\DELL Precision 5550\Documents\GitHub\Terrasight-Eurosat-RGB-vs-Multispectral\data\raw\rgb\PermanentCrop\PermanentCrop_1944.jpg,6,PermanentCrop,2,HerbaceousVegetation,0.9934817552566528,False,3.706832,1.9744109
2610,C:\Users\DELL Precision 5550\Documents\GitHub\Terrasight-Eurosat-RGB-vs-Multispectral\data\raw\rgb\Residential\Residential_1210.jpg,7,Residential,7,Residential,1.0,True,-6.3879747,-4.91943
2611,C:\Users\DELL Precision 5550\Documents\GitHub\Terrasight-Eurosat-RGB-vs-Multispectral\data\raw\rgb\PermanentCrop\PermanentCrop_1430.jpg,6,PermanentCrop,6,PermanentCrop,0.9997469782829285,True,1.6392196,3.525693
2612,C:\Users\DELL Precision 5550\Documents\GitHub\Terrasight-Eurosat-RGB-vs-Multispectral\data\raw\rgb\Highway\Highway_1655.jpg,3,Highway,3,Highway,0.9926055669784546,True,0.36713138,9.890532
2613,C:\Users\DELL Precision 5550\Documents\GitHub\Terrasight-Eurosat-RGB-vs-Multispectral\data\raw\rgb\Residential\Residential_1879.jpg,7,Residential,7,Residential,0.7380557656288147,True,-5.162805,-2.2892668
2614,C:\Users\DELL Precision 5550\Documents\GitHub\Terrasight-Eurosat-RGB-vs-Multispectral\data\raw\rgb\PermanentCrop\PermanentCrop_1855.jpg,6,PermanentCrop,6,PermanentCrop,0.9996349811553955,True,1.3842118,4.307844
2615,C:\Users\DELL Precision 5550\Documents\GitHub\Terrasight-Eurosat-RGB-vs-Multispectral\data\raw\rgb\Residential\Residential_1921.jpg,7,Residential,7,Residential,0.9977558255195618,True,-6.032535,-3.1612628
2616,C:\Users\DELL Precision 5550\Documents\GitHub\Terrasight-Eurosat-RGB-vs-Multispectral\data\raw\rgb\AnnualCrop\AnnualCrop_134.jpg,0,AnnualCrop,0,AnnualCrop,0.9999943971633911,True,2.51118,14.767058
2617,C:\Users\DELL Precision 5550\Documents\GitHub\Terrasight-Eurosat-RGB-vs-Multispectral\data\raw\rgb\SeaLake\SeaLake_2490.jpg,9,SeaLake,9,SeaLake,0.9994946718215942,True,16.191925,12.808449
2618,C:\Users\DELL Precision 5550\Documents\GitHub\Terrasight-Eurosat-RGB-vs-Multispectral\data\raw\rgb\Pasture\Pasture_67.jpg,5,Pasture,5,Pasture,0.7414314150810242,True,6.077195,4.9157615
2619,C:\Users\DELL Precision 5550\Documents\GitHub\Terrasight-Eurosat-RGB-vs-Multispectral\data\raw\rgb\Forest\Forest_919.jpg,1,Forest,1,Forest,0.9999983310699463,True,14.473274,-2.6632257
2620,C:\Users\DELL Precision 5550\Documents\GitHub\Terrasight-Eurosat-RGB-vs-Multispectral\data\raw\rgb\HerbaceousVegetation\HerbaceousVegetation_2308.jpg,2,HerbaceousVegetation,2,HerbaceousVegetation,0.652271568775177,True,2.790222,2.789215
2621,C:\Users\DELL Precision 5550\Documents\GitHub\Terrasight-Eurosat-RGB-vs-Multispectral\data\raw\rgb\Industrial\Industrial_2298.jpg,4,Industrial,4,Industrial,0.9975475668907166,True,-7.776947,1.2374423
2622,C:\Users\DELL Precision 5550\Documents\GitHub\Terrasight-Eurosat-RGB-vs-Multispectral\data\raw\rgb\Pasture\Pasture_802.jpg,5,Pasture,5,Pasture,0.9997982382774353,True,7.340619,5.298936
2623,C:\Users\DELL Precision 5550\Documents\GitHub\Terrasight-Eurosat-RGB-vs-Multispectral\data\raw\rgb\PermanentCrop\PermanentCrop_581.jpg,6,PermanentCrop,6,PermanentCrop,0.9999830722808838,True,1.17626,4.056338
2624,C:\Users\DELL Precision 5550\Documents\GitHub\Terrasight-Eurosat-RGB-vs-Multispectral\data\raw\rgb\SeaLake\SeaLake_880.jpg,9,SeaLake,9,SeaLake,0.9994137287139893,True,15.857095,10.485371
2625,C:\Users\DELL Precision 5550\Documents\GitHub\Terrasight-Eurosat-RGB-vs-Multispectral\data\raw\rgb\Industrial\Industrial_2068.jpg,4,Industrial,4,Industrial,0.9999889135360718,True,-8.843145,1.6146268
2626,C:\Users\DELL Precision 5550\Documents\GitHub\Terrasight-Eurosat-RGB-vs-Multispectral\data\raw\rgb\SeaLake\SeaLake_367.jpg,9,SeaLake,9,SeaLake,0.984943687915802,True,15.93982,11.106074
2627,C:\Users\DELL Precision 5550\Documents\GitHub\Terrasight-Eurosat-RGB-vs-Multispectral\data\raw\rgb\SeaLake\SeaLake_1915.jpg,9,SeaLake,9,SeaLake,0.9988831877708435,True,16.067078,12.69617
2628,C:\Users\DELL Precision 5550\Documents\GitHub\Terrasight-Eurosat-RGB-vs-Multispectral\data\raw\rgb\SeaLake\SeaLake_2438.jpg,9,SeaLake,9,SeaLake,0.9997757077217102,True,16.470007,12.627033
2629,C:\Users\DELL Precision 5550\Documents\GitHub\Terrasight-Eurosat-RGB-vs-Multispectral\data\raw\rgb\River\River_643.jpg,8,River,8,River,0.9811867475509644,True,4.4012713,10.575105
2630,C:\Users\DELL Precision 5550\Documents\GitHub\Terrasight-Eurosat-RGB-vs-Multispectral\data\raw\rgb\Residential\Residential_1513.jpg,7,Residential,7,Residential,0.9872924089431763,True,-5.013632,-3.329706
2631,C:\Users\DELL Precision 5550\Documents\GitHub\Terrasight-Eurosat-RGB-vs-Multispectral\data\raw\rgb\Highway\Highway_2160.jpg,3,Highway,3,Highway,0.9952197670936584,True,-0.7923063,10.063133
2632,C:\Users\DELL Precision 5550\Documents\GitHub\Terrasight-Eurosat-RGB-vs-Multispectral\data\raw\rgb\Forest\Forest_444.jpg,1,Forest,1,Forest,0.9990904331207275,True,13.578756,-2.7489045
2633,C:\Users\DELL Precision 5550\Documents\GitHub\Terrasight-Eurosat-RGB-vs-Multispectral\data\raw\rgb\HerbaceousVegetation\HerbaceousVegetation_2844.jpg,2,HerbaceousVegetation,2,HerbaceousVegetation,1.0,True,3.509311,-0.42147657
2634,C:\Users\DELL Precision 5550\Documents\GitHub\Terrasight-Eurosat-RGB-vs-Multispectral\data\raw\rgb\AnnualCrop\AnnualCrop_2951.jpg,0,AnnualCrop,0,AnnualCrop,0.9999425411224365,True,2.751611,14.352192
2635,C:\Users\DELL Precision 5550\Documents\GitHub\Terrasight-Eurosat-RGB-vs-Multispectral\data\raw\rgb\Industrial\Industrial_652.jpg,4,Industrial,4,Industrial,0.9996911287307739,True,-8.295759,1.5522869
2636,C:\Users\DELL Precision 5550\Documents\GitHub\Terrasight-Eurosat-RGB-vs-Multispectral\data\raw\rgb\Pasture\Pasture_576.jpg,5,Pasture,5,Pasture,0.9774069786071777,True,6.837954,5.258792
2637,C:\Users\DELL Precision 5550\Documents\GitHub\Terrasight-Eurosat-RGB-vs-Multispectral\data\raw\rgb\AnnualCrop\AnnualCrop_1462.jpg,0,AnnualCrop,0,AnnualCrop,0.9999791383743286,True,2.6836479,14.42132
2638,C:\Users\DELL Precision 5550\Documents\GitHub\Terrasight-Eurosat-RGB-vs-Multispectral\data\raw\rgb\Pasture\Pasture_782.jpg,5,Pasture,5,Pasture,0.848323404788971,True,6.145257,4.995791
2639,C:\Users\DELL Precision 5550\Documents\GitHub\Terrasight-Eurosat-RGB-vs-Multispectral\data\raw\rgb\PermanentCrop\PermanentCrop_964.jpg,6,PermanentCrop,6,PermanentCrop,0.9980106949806213,True,2.3399773,4.372324
2640,C:\Users\DELL Precision 5550\Documents\GitHub\Terrasight-Eurosat-RGB-vs-Multispectral\data\raw\rgb\Residential\Residential_1927.jpg,7,Residential,7,Residential,0.9810149669647217,True,-5.718028,-2.9701002
2641,C:\Users\DELL Precision 5550\Documents\GitHub\Terrasight-Eurosat-RGB-vs-Multispectral\data\raw\rgb\Pasture\Pasture_575.jpg,5,Pasture,5,Pasture,0.9999494552612305,True,10.346268,7.831608
2642,C:\Users\DELL Precision 5550\Documents\GitHub\Terrasight-Eurosat-RGB-vs-Multispectral\data\raw\rgb\HerbaceousVegetation\HerbaceousVegetation_906.jpg,2,HerbaceousVegetation,2,HerbaceousVegetation,0.9999985694885254,True,2.8754582,0.63621455
2643,C:\Users\DELL Precision 5550\Documents\GitHub\Terrasight-Eurosat-RGB-vs-Multispectral\data\raw\rgb\Forest\Forest_1993.jpg,1,Forest,1,Forest,0.9999850988388062,True,13.986992,-1.9912484
2644,C:\Users\DELL Precision 5550\Documents\GitHub\Terrasight-Eurosat-RGB-vs-Multispectral\data\raw\rgb\AnnualCrop\AnnualCrop_559.jpg,0,AnnualCrop,0,AnnualCrop,0.9999771118164062,True,2.754475,14.463096
2645,C:\Users\DELL Precision 5550\Documents\GitHub\Terrasight-Eurosat-RGB-vs-Multispectral\data\raw\rgb\Residential\Residential_2034.jpg,7,Residential,7,Residential,0.7859068512916565,True,-5.5023766,-2.3832777
2646,C:\Users\DELL Precision 5550\Documents\GitHub\Terrasight-Eurosat-RGB-vs-Multispectral\data\raw\rgb\AnnualCrop\AnnualCrop_2230.jpg,0,AnnualCrop,6,PermanentCrop,0.3297429084777832,False,2.7076228,10.965089
2647,C:\Users\DELL Precision 5550\Documents\GitHub\Terrasight-Eurosat-RGB-vs-Multispectral\data\raw\rgb\Residential\Residential_631.jpg,7,Residential,7,Residential,0.9959696531295776,True,-5.8685675,-3.2796588
2648,C:\Users\DELL Precision 5550\Documents\GitHub\Terrasight-Eurosat-RGB-vs-Multispectral\data\raw\rgb\River\River_1289.jpg,8,River,8,River,0.9742753505706787,True,4.516099,10.37156
2649,C:\Users\DELL Precision 5550\Documents\GitHub\Terrasight-Eurosat-RGB-vs-Multispectral\data\raw\rgb\AnnualCrop\AnnualCrop_2295.jpg,0,AnnualCrop,0,AnnualCrop,0.9794111847877502,True,2.6252275,12.537568
2650,C:\Users\DELL Precision 5550\Documents\GitHub\Terrasight-Eurosat-RGB-vs-Multispectral\data\raw\rgb\Residential\Residential_2074.jpg,7,Residential,7,Residential,0.9944226145744324,True,-6.105654,-3.0834458
2651,C:\Users\DELL Precision 5550\Documents\GitHub\Terrasight-Eurosat-RGB-vs-Multispectral\data\raw\rgb\SeaLake\SeaLake_763.jpg,9,SeaLake,9,SeaLake,0.9999240636825562,True,17.477041,12.16595
2652,C:\Users\DELL Precision 5550\Documents\GitHub\Terrasight-Eurosat-RGB-vs-Multispectral\data\raw\rgb\AnnualCrop\AnnualCrop_1520.jpg,0,AnnualCrop,0,AnnualCrop,0.9990381002426147,True,2.9239445,13.049418
2653,C:\Users\DELL Precision 5550\Documents\GitHub\Terrasight-Eurosat-RGB-vs-Multispectral\data\raw\rgb\HerbaceousVegetation\HerbaceousVegetation_1393.jpg,2,HerbaceousVegetation,2,HerbaceousVegetation,0.9992307424545288,True,4.3227234,0.35651934
2654,C:\Users\DELL Precision 5550\Documents\GitHub\Terrasight-Eurosat-RGB-vs-Multispectral\data\raw\rgb\Highway\Highway_1199.jpg,3,Highway,3,Highway,0.9987421631813049,True,-0.17846416,10.222544
2655,C:\Users\DELL Precision 5550\Documents\GitHub\Terrasight-Eurosat-RGB-vs-Multispectral\data\raw\rgb\AnnualCrop\AnnualCrop_2321.jpg,0,AnnualCrop,0,AnnualCrop,0.9999996423721313,True,2.3448608,15.141219
2656,C:\Users\DELL Precision 5550\Documents\GitHub\Terrasight-Eurosat-RGB-vs-Multispectral\data\raw\rgb\Industrial\Industrial_2150.jpg,4,Industrial,4,Industrial,0.9959518909454346,True,-7.2616453,1.6225471
2657,C:\Users\DELL Precision 5550\Documents\GitHub\Terrasight-Eurosat-RGB-vs-Multispectral\data\raw\rgb\AnnualCrop\AnnualCrop_2335.jpg,0,AnnualCrop,0,AnnualCrop,0.9899423122406006,True,2.951985,12.108937
2658,C:\Users\DELL Precision 5550\Documents\GitHub\Terrasight-Eurosat-RGB-vs-Multispectral\data\raw\rgb\Highway\Highway_1202.jpg,3,Highway,3,Highway,0.9991651773452759,True,-0.81994784,9.5306225
2659,C:\Users\DELL Precision 5550\Documents\GitHub\Terrasight-Eurosat-RGB-vs-Multispectral\data\raw\rgb\Industrial\Industrial_429.jpg,4,Industrial,4,Industrial,0.9863714575767517,True,-6.9954705,1.3402799
2660,C:\Users\DELL Precision 5550\Documents\GitHub\Terrasight-Eurosat-RGB-vs-Multispectral\data\raw\rgb\Forest\Forest_2798.jpg,1,Forest,1,Forest,0.9999574422836304,True,14.559925,-2.1645455
2661,C:\Users\DELL Precision 5550\Documents\GitHub\Terrasight-Eurosat-RGB-vs-Multispectral\data\raw\rgb\Residential\Residential_1158.jpg,7,Residential,7,Residential,0.9868533611297607,True,-6.464891,-3.4984345
2662,C:\Users\DELL Precision 5550\Documents\GitHub\Terrasight-Eurosat-RGB-vs-Multispectral\data\raw\rgb\Residential\Residential_2846.jpg,7,Residential,7,Residential,0.999283492565155,True,-5.100023,-3.4465666
2663,C:\Users\DELL Precision 5550\Documents\GitHub\Terrasight-Eurosat-RGB-vs-Multispectral\data\raw\rgb\Forest\Forest_1250.jpg,1,Forest,1,Forest,0.9999885559082031,True,14.078418,-2.9201858
2664,C:\Users\DELL Precision 5550\Documents\GitHub\Terrasight-Eurosat-RGB-vs-Multispectral\data\raw\rgb\Industrial\Industrial_2034.jpg,4,Industrial,4,Industrial,0.999904990196228,True,-8.069003,2.1207538
2665,C:\Users\DELL Precision 5550\Documents\GitHub\Terrasight-Eurosat-RGB-vs-Multispectral\data\raw\rgb\River\River_253.jpg,8,River,8,River,0.9976625442504883,True,4.646634,10.416056
2666,C:\Users\DELL Precision 5550\Documents\GitHub\Terrasight-Eurosat-RGB-vs-Multispectral\data\raw\rgb\Highway\Highway_306.jpg,3,Highway,3,Highway,0.9978148937225342,True,-0.18016976,10.516295
2667,C:\Users\DELL Precision 5550\Documents\GitHub\Terrasight-Eurosat-RGB-vs-Multispectral\data\raw\rgb\Residential\Residential_562.jpg,7,Residential,7,Residential,0.9999790191650391,True,-5.3442273,-4.004185
2668,C:\Users\DELL Precision 5550\Documents\GitHub\Terrasight-Eurosat-RGB-vs-Multispectral\data\raw\rgb\River\River_1164.jpg,8,River,8,River,1.0,True,6.7770147,10.893348
2669,C:\Users\DELL Precision 5550\Documents\GitHub\Terrasight-Eurosat-RGB-vs-Multispectral\data\raw\rgb\AnnualCrop\AnnualCrop_2512.jpg,0,AnnualCrop,0,AnnualCrop,1.0,True,2.479032,15.865546
2670,C:\Users\DELL Precision 5550\Documents\GitHub\Terrasight-Eurosat-RGB-vs-Multispectral\data\raw\rgb\Residential\Residential_1661.jpg,7,Residential,7,Residential,0.9997938275337219,True,-5.2794056,-3.4505298
2671,C:\Users\DELL Precision 5550\Documents\GitHub\Terrasight-Eurosat-RGB-vs-Multispectral\data\raw\rgb\Industrial\Industrial_938.jpg,4,Industrial,4,Industrial,0.9981162548065186,True,-8.720581,1.4265503
2672,C:\Users\DELL Precision 5550\Documents\GitHub\Terrasight-Eurosat-RGB-vs-Multispectral\data\raw\rgb\Forest\Forest_2593.jpg,1,Forest,1,Forest,0.9999994039535522,True,14.885202,-3.1603656
2673,C:\Users\DELL Precision 5550\Documents\GitHub\Terrasight-Eurosat-RGB-vs-Multispectral\data\raw\rgb\Highway\Highway_545.jpg,3,Highway,3,Highway,0.9903033375740051,True,-0.85278094,9.49857
2674,C:\Users\DELL Precision 5550\Documents\GitHub\Terrasight-Eurosat-RGB-vs-Multispectral\data\raw\rgb\SeaLake\SeaLake_1746.jpg,9,SeaLake,9,SeaLake,0.9998310804367065,True,16.516396,12.554296
2675,C:\Users\DELL Precision 5550\Documents\GitHub\Terrasight-Eurosat-RGB-vs-Multispectral\data\raw\rgb\HerbaceousVegetation\HerbaceousVegetation_2250.jpg,2,HerbaceousVegetation,2,HerbaceousVegetation,0.999411940574646,True,4.7163315,2.4552429
2676,C:\Users\DELL Precision 5550\Documents\GitHub\Terrasight-Eurosat-RGB-vs-Multispectral\data\raw\rgb\AnnualCrop\AnnualCrop_2117.jpg,0,AnnualCrop,9,SeaLake,0.5355528593063354,False,15.617448,11.0315695
2677,C:\Users\DELL Precision 5550\Documents\GitHub\Terrasight-Eurosat-RGB-vs-Multispectral\data\raw\rgb\AnnualCrop\AnnualCrop_2367.jpg,0,AnnualCrop,0,AnnualCrop,0.9999969005584717,True,2.6393816,15.127908
2678,C:\Users\DELL Precision 5550\Documents\GitHub\Terrasight-Eurosat-RGB-vs-Multispectral\data\raw\rgb\Industrial\Industrial_2498.jpg,4,Industrial,4,Industrial,0.9983987212181091,True,-7.347365,1.6517197
2679,C:\Users\DELL Precision 5550\Documents\GitHub\Terrasight-Eurosat-RGB-vs-Multispectral\data\raw\rgb\PermanentCrop\PermanentCrop_2347.jpg,6,PermanentCrop,6,PermanentCrop,0.9999150037765503,True,1.242475,3.6510885
2680,C:\Users\DELL Precision 5550\Documents\GitHub\Terrasight-Eurosat-RGB-vs-Multispectral\data\raw\rgb\River\River_1769.jpg,8,River,8,River,0.9996337890625,True,5.833043,10.639314
2681,C:\Users\DELL Precision 5550\Documents\GitHub\Terrasight-Eurosat-RGB-vs-Multispectral\data\raw\rgb\HerbaceousVegetation\HerbaceousVegetation_2320.jpg,2,HerbaceousVegetation,2,HerbaceousVegetation,0.9991604089736938,True,4.372603,0.15099117
2682,C:\Users\DELL Precision 5550\Documents\GitHub\Terrasight-Eurosat-RGB-vs-Multispectral\data\raw\rgb\Forest\Forest_81.jpg,1,Forest,1,Forest,0.999677300453186,True,13.523421,-0.8628153
2683,C:\Users\DELL Precision 5550\Documents\GitHub\Terrasight-Eurosat-RGB-vs-Multispectral\data\raw\rgb\Forest\Forest_138.jpg,1,Forest,1,Forest,0.9999911785125732,True,14.4481325,-2.0585911
2684,C:\Users\DELL Precision 5550\Documents\GitHub\Terrasight-Eurosat-RGB-vs-Multispectral\data\raw\rgb\PermanentCrop\PermanentCrop_737.jpg,6,PermanentCrop,6,PermanentCrop,0.999652624130249,True,1.3005162,3.3939335
2685,C:\Users\DELL Precision 5550\Documents\GitHub\Terrasight-Eurosat-RGB-vs-Multispectral\data\raw\rgb\River\River_2439.jpg,8,River,8,River,0.9999796152114868,True,6.5698204,11.099158
2686,C:\Users\DELL Precision 5550\Documents\GitHub\Terrasight-Eurosat-RGB-vs-Multispectral\data\raw\rgb\SeaLake\SeaLake_2747.jpg,9,SeaLake,9,SeaLake,0.9997931122779846,True,16.02953,10.58724
2687,C:\Users\DELL Precision 5550\Documents\GitHub\Terrasight-Eurosat-RGB-vs-Multispectral\data\raw\rgb\AnnualCrop\AnnualCrop_2977.jpg,0,AnnualCrop,0,AnnualCrop,0.9998218417167664,True,2.2782216,13.532186
2688,C:\Users\DELL Precision 5550\Documents\GitHub\Terrasight-Eurosat-RGB-vs-Multispectral\data\raw\rgb\SeaLake\SeaLake_120.jpg,9,SeaLake,9,SeaLake,0.9998329877853394,True,16.497972,12.614808
2689,C:\Users\DELL Precision 5550\Documents\GitHub\Terrasight-Eurosat-RGB-vs-Multispectral\data\raw\rgb\AnnualCrop\AnnualCrop_2776.jpg,0,AnnualCrop,0,AnnualCrop,0.9998077750205994,True,2.85158,15.145609
2690,C:\Users\DELL Precision 5550\Documents\GitHub\Terrasight-Eurosat-RGB-vs-Multispectral\data\raw\rgb\Pasture\Pasture_1757.jpg,5,Pasture,5,Pasture,0.9999396800994873,True,10.226353,7.7789993
2691,C:\Users\DELL Precision 5550\Documents\GitHub\Terrasight-Eurosat-RGB-vs-Multispectral\data\raw\rgb\HerbaceousVegetation\HerbaceousVegetation_2637.jpg,2,HerbaceousVegetation,2,HerbaceousVegetation,0.9985917210578918,True,4.5807214,2.345088
2692,C:\Users\DELL Precision 5550\Documents\GitHub\Terrasight-Eurosat-RGB-vs-Multispectral\data\raw\rgb\Residential\Residential_2695.jpg,7,Residential,7,Residential,0.999993085861206,True,-5.6785264,-4.3732347
2693,C:\Users\DELL Precision 5550\Documents\GitHub\Terrasight-Eurosat-RGB-vs-Multispectral\data\raw\rgb\HerbaceousVegetation\HerbaceousVegetation_687.jpg,2,HerbaceousVegetation,2,HerbaceousVegetation,0.9997075200080872,True,3.2149992,1.2146901
2694,C:\Users\DELL Precision 5550\Documents\GitHub\Terrasight-Eurosat-RGB-vs-Multispectral\data\raw\rgb\Highway\Highway_1295.jpg,3,Highway,3,Highway,0.9910411238670349,True,0.40670007,9.862003
2695,C:\Users\DELL Precision 5550\Documents\GitHub\Terrasight-Eurosat-RGB-vs-Multispectral\data\raw\rgb\HerbaceousVegetation\HerbaceousVegetation_2409.jpg,2,HerbaceousVegetation,2,HerbaceousVegetation,0.9996289014816284,True,3.8453486,1.5057607
2696,C:\Users\DELL Precision 5550\Documents\GitHub\Terrasight-Eurosat-RGB-vs-Multispectral\data\raw\rgb\AnnualCrop\AnnualCrop_2771.jpg,0,AnnualCrop,0,AnnualCrop,0.8447371125221252,True,2.6333058,12.36655
2697,C:\Users\DELL Precision 5550\Documents\GitHub\Terrasight-Eurosat-RGB-vs-Multispectral\data\raw\rgb\SeaLake\SeaLake_427.jpg,9,SeaLake,9,SeaLake,0.9895528554916382,True,16.2593,11.187007
2698,C:\Users\DELL Precision 5550\Documents\GitHub\Terrasight-Eurosat-RGB-vs-Multispectral\data\raw\rgb\Forest\Forest_2303.jpg,1,Forest,1,Forest,0.999997615814209,True,14.924009,-2.9444346
2699,C:\Users\DELL Precision 5550\Documents\GitHub\Terrasight-Eurosat-RGB-vs-Multispectral\data\raw\rgb\HerbaceousVegetation\HerbaceousVegetation_2214.jpg,2,HerbaceousVegetation,2,HerbaceousVegetation,0.9999973773956299,True,4.1335616,0.94749635
2700,C:\Users\DELL Precision 5550\Documents\GitHub\Terrasight-Eurosat-RGB-vs-Multispectral\data\raw\rgb\AnnualCrop\AnnualCrop_2542.jpg,0,AnnualCrop,0,AnnualCrop,0.9968395233154297,True,2.4021769,12.656693
2701,C:\Users\DELL Precision 5550\Documents\GitHub\Terrasight-Eurosat-RGB-vs-Multispectral\data\raw\rgb\Pasture\Pasture_937.jpg,5,Pasture,5,Pasture,0.9677318930625916,True,6.784155,5.80423
2702,C:\Users\DELL Precision 5550\Documents\GitHub\Terrasight-Eurosat-RGB-vs-Multispectral\data\raw\rgb\SeaLake\SeaLake_978.jpg,9,SeaLake,9,SeaLake,0.999792754650116,True,17.657063,11.691359
2703,C:\Users\DELL Precision 5550\Documents\GitHub\Terrasight-Eurosat-RGB-vs-Multispectral\data\raw\rgb\PermanentCrop\PermanentCrop_1167.jpg,6,PermanentCrop,6,PermanentCrop,0.9882506132125854,True,2.5609264,4.432058
2704,C:\Users\DELL Precision 5550\Documents\GitHub\Terrasight-Eurosat-RGB-vs-Multispectral\data\raw\rgb\AnnualCrop\AnnualCrop_1574.jpg,0,AnnualCrop,0,AnnualCrop,0.8079010844230652,True,2.529286,11.872987
2705,C:\Users\DELL Precision 5550\Documents\GitHub\Terrasight-Eurosat-RGB-vs-Multispectral\data\raw\rgb\SeaLake\SeaLake_717.jpg,9,SeaLake,9,SeaLake,0.9999639987945557,True,17.317406,12.467204
2706,C:\Users\DELL Precision 5550\Documents\GitHub\Terrasight-Eurosat-RGB-vs-Multispectral\data\raw\rgb\PermanentCrop\PermanentCrop_961.jpg,6,PermanentCrop,6,PermanentCrop,0.9999872446060181,True,0.8620718,3.5912068
2707,C:\Users\DELL Precision 5550\Documents\GitHub\Terrasight-Eurosat-RGB-vs-Multispectral\data\raw\rgb\Industrial\Industrial_1178.jpg,4,Industrial,4,Industrial,0.9734770059585571,True,-6.97448,1.8764828
2708,C:\Users\DELL Precision 5550\Documents\GitHub\Terrasight-Eurosat-RGB-vs-Multispectral\data\raw\rgb\Highway\Highway_2065.jpg,3,Highway,3,Highway,0.9990197420120239,True,-0.7459073,10.532489
2709,C:\Users\DELL Precision 5550\Documents\GitHub\Terrasight-Eurosat-RGB-vs-Multispectral\data\raw\rgb\River\River_1336.jpg,8,River,8,River,0.9992204904556274,True,4.807816,9.947932
2710,C:\Users\DELL Precision 5550\Documents\GitHub\Terrasight-Eurosat-RGB-vs-Multispectral\data\raw\rgb\SeaLake\SeaLake_1108.jpg,9,SeaLake,9,SeaLake,0.9999105930328369,True,16.65823,13.018086
2711,C:\Users\DELL Precision 5550\Documents\GitHub\Terrasight-Eurosat-RGB-vs-Multispectral\data\raw\rgb\Forest\Forest_2649.jpg,1,Forest,1,Forest,0.9999997615814209,True,15.050627,-2.2816334
2712,C:\Users\DELL Precision 5550\Documents\GitHub\Terrasight-Eurosat-RGB-vs-Multispectral\data\raw\rgb\Pasture\Pasture_133.jpg,5,Pasture,5,Pasture,0.9996542930603027,True,7.1113925,5.745379
2713,C:\Users\DELL Precision 5550\Documents\GitHub\Terrasight-Eurosat-RGB-vs-Multispectral\data\raw\rgb\Highway\Highway_1628.jpg,3,Highway,3,Highway,0.9995243549346924,True,-0.6205149,9.497112
2714,C:\Users\DELL Precision 5550\Documents\GitHub\Terrasight-Eurosat-RGB-vs-Multispectral\data\raw\rgb\River\River_575.jpg,8,River,8,River,0.990243136882782,True,4.5580926,10.475504
2715,C:\Users\DELL Precision 5550\Documents\GitHub\Terrasight-Eurosat-RGB-vs-Multispectral\data\raw\rgb\Industrial\Industrial_1823.jpg,4,Industrial,4,Industrial,0.9067084193229675,True,-8.087713,1.0620364
2716,C:\Users\DELL Precision 5550\Documents\GitHub\Terrasight-Eurosat-RGB-vs-Multispectral\data\raw\rgb\Forest\Forest_74.jpg,1,Forest,1,Forest,0.9952138662338257,True,13.44062,-1.1119889
2717,C:\Users\DELL Precision 5550\Documents\GitHub\Terrasight-Eurosat-RGB-vs-Multispectral\data\raw\rgb\PermanentCrop\PermanentCrop_1665.jpg,6,PermanentCrop,6,PermanentCrop,0.9934137463569641,True,2.4550443,4.3356667
2718,C:\Users\DELL Precision 5550\Documents\GitHub\Terrasight-Eurosat-RGB-vs-Multispectral\data\raw\rgb\Forest\Forest_2463.jpg,1,Forest,1,Forest,0.9999375343322754,True,13.539369,-1.8204964
2719,C:\Users\DELL Precision 5550\Documents\GitHub\Terrasight-Eurosat-RGB-vs-Multispectral\data\raw\rgb\Residential\Residential_1815.jpg,7,Residential,7,Residential,0.6356867551803589,True,-4.8866153,-2.4558973
2720,C:\Users\DELL Precision 5550\Documents\GitHub\Terrasight-Eurosat-RGB-vs-Multispectral\data\raw\rgb\Forest\Forest_2175.jpg,1,Forest,1,Forest,0.9997530579566956,True,13.328199,-0.84537035
2721,C:\Users\DELL Precision 5550\Documents\GitHub\Terrasight-Eurosat-RGB-vs-Multispectral\data\raw\rgb\PermanentCrop\PermanentCrop_1394.jpg,6,PermanentCrop,2,HerbaceousVegetation,0.7383182644844055,False,3.1828914,3.7164183
2722,C:\Users\DELL Precision 5550\Documents\GitHub\Terrasight-Eurosat-RGB-vs-Multispectral\data\raw\rgb\River\River_1837.jpg,8,River,8,River,0.9998513460159302,True,5.759092,10.8076105
2723,C:\Users\DELL Precision 5550\Documents\GitHub\Terrasight-Eurosat-RGB-vs-Multispectral\data\raw\rgb\Pasture\Pasture_1497.jpg,5,Pasture,5,Pasture,0.9996559619903564,True,7.53322,5.4327626
2724,C:\Users\DELL Precision 5550\Documents\GitHub\Terrasight-Eurosat-RGB-vs-Multispectral\data\raw\rgb\HerbaceousVegetation\HerbaceousVegetation_2405.jpg,2,HerbaceousVegetation,2,HerbaceousVegetation,0.9905524253845215,True,3.1964123,2.0334244
2725,C:\Users\DELL Precision 5550\Documents\GitHub\Terrasight-Eurosat-RGB-vs-Multispectral\data\raw\rgb\River\River_1961.jpg,8,River,8,River,0.9979767203330994,True,4.601285,10.828976
2726,C:\Users\DELL Precision 5550\Documents\GitHub\Terrasight-Eurosat-RGB-vs-Multispectral\data\raw\rgb\AnnualCrop\AnnualCrop_2060.jpg,0,AnnualCrop,0,AnnualCrop,0.9999998807907104,True,2.4227417,15.9387455
2727,C:\Users\DELL Precision 5550\Documents\GitHub\Terrasight-Eurosat-RGB-vs-Multispectral\data\raw\rgb\PermanentCrop\PermanentCrop_2026.jpg,6,PermanentCrop,6,PermanentCrop,0.999661922454834,True,1.7121856,4.6028023
2728,C:\Users\DELL Precision 5550\Documents\GitHub\Terrasight-Eurosat-RGB-vs-Multispectral\data\raw\rgb\HerbaceousVegetation\HerbaceousVegetation_523.jpg,2,HerbaceousVegetation,2,HerbaceousVegetation,0.9999997615814209,True,3.451307,-0.33386046
2729,C:\Users\DELL Precision 5550\Documents\GitHub\Terrasight-Eurosat-RGB-vs-Multispectral\data\raw\rgb\Residential\Residential_2336.jpg,7,Residential,7,Residential,0.8661540746688843,True,-5.6690855,-2.4225307
2730,C:\Users\DELL Precision 5550\Documents\GitHub\Terrasight-Eurosat-RGB-vs-Multispectral\data\raw\rgb\Industrial\Industrial_616.jpg,4,Industrial,4,Industrial,0.9980436563491821,True,-8.015957,1.4493271
2731,C:\Users\DELL Precision 5550\Documents\GitHub\Terrasight-Eurosat-RGB-vs-Multispectral\data\raw\rgb\Pasture\Pasture_1658.jpg,5,Pasture,5,Pasture,0.9994686245918274,True,6.9891834,5.1970882
2732,C:\Users\DELL Precision 5550\Documents\GitHub\Terrasight-Eurosat-RGB-vs-Multispectral\data\raw\rgb\Residential\Residential_2310.jpg,7,Residential,7,Residential,0.9307976365089417,True,-5.6433005,-2.9074755
2733,C:\Users\DELL Precision 5550\Documents\GitHub\Terrasight-Eurosat-RGB-vs-Multispectral\data\raw\rgb\Highway\Highway_1275.jpg,3,Highway,3,Highway,0.9999772310256958,True,-1.047588,10.824032
2734,C:\Users\DELL Precision 5550\Documents\GitHub\Terrasight-Eurosat-RGB-vs-Multispectral\data\raw\rgb\Forest\Forest_758.jpg,1,Forest,1,Forest,0.9943422079086304,True,13.162031,-1.3136407
2735,C:\Users\DELL Precision 5550\Documents\GitHub\Terrasight-Eurosat-RGB-vs-Multispectral\data\raw\rgb\Forest\Forest_2059.jpg,1,Forest,1,Forest,0.998304009437561,True,13.567001,-0.4862975
2736,C:\Users\DELL Precision 5550\Documents\GitHub\Terrasight-Eurosat-RGB-vs-Multispectral\data\raw\rgb\Forest\Forest_44.jpg,1,Forest,1,Forest,0.9990804195404053,True,13.232421,-1.1606143
2737,C:\Users\DELL Precision 5550\Documents\GitHub\Terrasight-Eurosat-RGB-vs-Multispectral\data\raw\rgb\Pasture\Pasture_951.jpg,5,Pasture,5,Pasture,0.9999697208404541,True,10.411395,7.862074
2738,C:\Users\DELL Precision 5550\Documents\GitHub\Terrasight-Eurosat-RGB-vs-Multispectral\data\raw\rgb\Residential\Residential_2276.jpg,7,Residential,7,Residential,0.9996551275253296,True,-6.7686973,-4.5554647
2739,C:\Users\DELL Precision 5550\Documents\GitHub\Terrasight-Eurosat-RGB-vs-Multispectral\data\raw\rgb\AnnualCrop\AnnualCrop_1008.jpg,0,AnnualCrop,0,AnnualCrop,0.9999685287475586,True,2.304049,14.14495
2740,C:\Users\DELL Precision 5550\Documents\GitHub\Terrasight-Eurosat-RGB-vs-Multispectral\data\raw\rgb\Highway\Highway_349.jpg,3,Highway,3,Highway,0.9998986721038818,True,-0.6257362,10.644414
2741,C:\Users\DELL Precision 5550\Documents\GitHub\Terrasight-Eurosat-RGB-vs-Multispectral\data\raw\rgb\SeaLake\SeaLake_2058.jpg,9,SeaLake,9,SeaLake,0.9999276399612427,True,16.48286,10.22639
2742,C:\Users\DELL Precision 5550\Documents\GitHub\Terrasight-Eurosat-RGB-vs-Multispectral\data\raw\rgb\Forest\Forest_237.jpg,1,Forest,1,Forest,0.9999923706054688,True,14.505193,-0.9458074
2743,C:\Users\DELL Precision 5550\Documents\GitHub\Terrasight-Eurosat-RGB-vs-Multispectral\data\raw\rgb\HerbaceousVegetation\HerbaceousVegetation_2051.jpg,2,HerbaceousVegetation,2,HerbaceousVegetation,0.9999343156814575,True,3.0424454,1.1993253
2744,C:\Users\DELL Precision 5550\Documents\GitHub\Terrasight-Eurosat-RGB-vs-Multispectral\data\raw\rgb\River\River_1302.jpg,8,River,8,River,0.9999973773956299,True,6.710443,11.117799
2745,C:\Users\DELL Precision 5550\Documents\GitHub\Terrasight-Eurosat-RGB-vs-Multispectral\data\raw\rgb\Residential\Residential_2635.jpg,7,Residential,7,Residential,0.9883307218551636,True,-6.2902517,-3.112246
2746,C:\Users\DELL Precision 5550\Documents\GitHub\Terrasight-Eurosat-RGB-vs-Multispectral\data\raw\rgb\Industrial\Industrial_2152.jpg,4,Industrial,4,Industrial,0.9979610443115234,True,-8.052688,1.6562943
2747,C:\Users\DELL Precision 5550\Documents\GitHub\Terrasight-Eurosat-RGB-vs-Multispectral\data\raw\rgb\Residential\Residential_1206.jpg,7,Residential,7,Residential,0.9983137845993042,True,-6.7314405,-3.7831933
2748,C:\Users\DELL Precision 5550\Documents\GitHub\Terrasight-Eurosat-RGB-vs-Multispectral\data\raw\rgb\HerbaceousVegetation\HerbaceousVegetation_333.jpg,2,HerbaceousVegetation,2,HerbaceousVegetation,0.9999816417694092,True,3.7520952,-0.10191464
2749,C:\Users\DELL Precision 5550\Documents\GitHub\Terrasight-Eurosat-RGB-vs-Multispectral\data\raw\rgb\Industrial\Industrial_2008.jpg,4,Industrial,4,Industrial,0.9997676014900208,True,-8.156858,2.0535896
2750,C:\Users\DELL Precision 5550\Documents\GitHub\Terrasight-Eurosat-RGB-vs-Multispectral\data\raw\rgb\SeaLake\SeaLake_2029.jpg,9,SeaLake,9,SeaLake,0.9998613595962524,True,17.558815,11.889205
2751,C:\Users\DELL Precision 5550\Documents\GitHub\Terrasight-Eurosat-RGB-vs-Multispectral\data\raw\rgb\River\River_1624.jpg,8,River,8,River,0.9999992847442627,True,6.2431126,10.794782
2752,C:\Users\DELL Precision 5550\Documents\GitHub\Terrasight-Eurosat-RGB-vs-Multispectral\data\raw\rgb\SeaLake\SeaLake_822.jpg,9,SeaLake,9,SeaLake,0.9997947812080383,True,17.552649,11.601511
2753,C:\Users\DELL Precision 5550\Documents\GitHub\Terrasight-Eurosat-RGB-vs-Multispectral\data\raw\rgb\River\River_1749.jpg,8,River,8,River,0.9999911785125732,True,6.1821604,10.527421
2754,C:\Users\DELL Precision 5550\Documents\GitHub\Terrasight-Eurosat-RGB-vs-Multispectral\data\raw\rgb\Forest\Forest_1049.jpg,1,Forest,1,Forest,0.9994053840637207,True,13.533214,-2.6970997
2755,C:\Users\DELL Precision 5550\Documents\GitHub\Terrasight-Eurosat-RGB-vs-Multispectral\data\raw\rgb\PermanentCrop\PermanentCrop_2185.jpg,6,PermanentCrop,6,PermanentCrop,0.9965118765830994,True,2.3303375,3.8766515
2756,C:\Users\DELL Precision 5550\Documents\GitHub\Terrasight-Eurosat-RGB-vs-Multispectral\data\raw\rgb\River\River_2236.jpg,8,River,8,River,1.0,True,6.890323,11.025603
2757,C:\Users\DELL Precision 5550\Documents\GitHub\Terrasight-Eurosat-RGB-vs-Multispectral\data\raw\rgb\SeaLake\SeaLake_1186.jpg,9,SeaLake,9,SeaLake,0.9994820952415466,True,16.134293,10.517412
2758,C:\Users\DELL Precision 5550\Documents\GitHub\Terrasight-Eurosat-RGB-vs-Multispectral\data\raw\rgb\Forest\Forest_2308.jpg,1,Forest,1,Forest,0.9999947547912598,True,14.0219755,-2.5448604
2759,C:\Users\DELL Precision 5550\Documents\GitHub\Terrasight-Eurosat-RGB-vs-Multispectral\data\raw\rgb\AnnualCrop\AnnualCrop_899.jpg,0,AnnualCrop,0,AnnualCrop,0.9998934268951416,True,2.4550297,14.245989
2760,C:\Users\DELL Precision 5550\Documents\GitHub\Terrasight-Eurosat-RGB-vs-Multispectral\data\raw\rgb\River\River_1817.jpg,8,River,8,River,0.9998722076416016,True,5.971992,10.111417
2761,C:\Users\DELL Precision 5550\Documents\GitHub\Terrasight-Eurosat-RGB-vs-Multispectral\data\raw\rgb\PermanentCrop\PermanentCrop_1481.jpg,6,PermanentCrop,2,HerbaceousVegetation,0.688295304775238,False,2.609062,11.820534
2762,C:\Users\DELL Precision 5550\Documents\GitHub\Terrasight-Eurosat-RGB-vs-Multispectral\data\raw\rgb\PermanentCrop\PermanentCrop_1987.jpg,6,PermanentCrop,6,PermanentCrop,0.9999974966049194,True,0.8412196,3.7816682
2763,C:\Users\DELL Precision 5550\Documents\GitHub\Terrasight-Eurosat-RGB-vs-Multispectral\data\raw\rgb\AnnualCrop\AnnualCrop_179.jpg,0,AnnualCrop,0,AnnualCrop,0.9999873638153076,True,2.4133863,14.919687
2764,C:\Users\DELL Precision 5550\Documents\GitHub\Terrasight-Eurosat-RGB-vs-Multispectral\data\raw\rgb\Highway\Highway_6.jpg,3,Highway,3,Highway,0.9985197186470032,True,-0.030464878,10.175108
2765,C:\Users\DELL Precision 5550\Documents\GitHub\Terrasight-Eurosat-RGB-vs-Multispectral\data\raw\rgb\HerbaceousVegetation\HerbaceousVegetation_301.jpg,2,HerbaceousVegetation,2,HerbaceousVegetation,0.9989812970161438,True,4.4055333,0.36547133
2766,C:\Users\DELL Precision 5550\Documents\GitHub\Terrasight-Eurosat-RGB-vs-Multispectral\data\raw\rgb\Forest\Forest_2951.jpg,1,Forest,1,Forest,0.9999842643737793,True,14.564133,-2.1754715
2767,C:\Users\DELL Precision 5550\Documents\GitHub\Terrasight-Eurosat-RGB-vs-Multispectral\data\raw\rgb\Forest\Forest_1897.jpg,1,Forest,1,Forest,0.9999983310699463,True,14.45703,-3.0667937
2768,C:\Users\DELL Precision 5550\Documents\GitHub\Terrasight-Eurosat-RGB-vs-Multispectral\data\raw\rgb\SeaLake\SeaLake_874.jpg,9,SeaLake,9,SeaLake,0.9999743700027466,True,16.68724,10.220375
2769,C:\Users\DELL Precision 5550\Documents\GitHub\Terrasight-Eurosat-RGB-vs-Multispectral\data\raw\rgb\River\River_1789.jpg,8,River,8,River,0.9999834299087524,True,5.8545785,10.393578
2770,C:\Users\DELL Precision 5550\Documents\GitHub\Terrasight-Eurosat-RGB-vs-Multispectral\data\raw\rgb\Pasture\Pasture_536.jpg,5,Pasture,5,Pasture,0.9999266862869263,True,7.736202,5.4533873
2771,C:\Users\DELL Precision 5550\Documents\GitHub\Terrasight-Eurosat-RGB-vs-Multispectral\data\raw\rgb\Industrial\Industrial_66.jpg,4,Industrial,4,Industrial,0.9990934133529663,True,-8.101703,1.7076517
2772,C:\Users\DELL Precision 5550\Documents\GitHub\Terrasight-Eurosat-RGB-vs-Multispectral\data\raw\rgb\SeaLake\SeaLake_1159.jpg,9,SeaLake,9,SeaLake,0.9999014139175415,True,16.673006,10.35887
2773,C:\Users\DELL Precision 5550\Documents\GitHub\Terrasight-Eurosat-RGB-vs-Multispectral\data\raw\rgb\AnnualCrop\AnnualCrop_1611.jpg,0,AnnualCrop,0,AnnualCrop,0.9999699592590332,True,2.8165703,15.119398
2774,C:\Users\DELL Precision 5550\Documents\GitHub\Terrasight-Eurosat-RGB-vs-Multispectral\data\raw\rgb\HerbaceousVegetation\HerbaceousVegetation_398.jpg,2,HerbaceousVegetation,2,HerbaceousVegetation,0.9999963045120239,True,4.1031113,-0.07050583
2775,C:\Users\DELL Precision 5550\Documents\GitHub\Terrasight-Eurosat-RGB-vs-Multispectral\data\raw\rgb\Residential\Residential_1218.jpg,7,Residential,7,Residential,0.9904728531837463,True,-6.1441445,-3.0214777
2776,C:\Users\DELL Precision 5550\Documents\GitHub\Terrasight-Eurosat-RGB-vs-Multispectral\data\raw\rgb\PermanentCrop\PermanentCrop_846.jpg,6,PermanentCrop,6,PermanentCrop,0.9999817609786987,True,1.1563532,4.5565467
2777,C:\Users\DELL Precision 5550\Documents\GitHub\Terrasight-Eurosat-RGB-vs-Multispectral\data\raw\rgb\Pasture\Pasture_1084.jpg,5,Pasture,5,Pasture,0.9986334443092346,True,6.687109,5.477336
2778,C:\Users\DELL Precision 5550\Documents\GitHub\Terrasight-Eurosat-RGB-vs-Multispectral\data\raw\rgb\SeaLake\SeaLake_2225.jpg,9,SeaLake,9,SeaLake,0.9984039664268494,True,15.656043,11.237834
2779,C:\Users\DELL Precision 5550\Documents\GitHub\Terrasight-Eurosat-RGB-vs-Multispectral\data\raw\rgb\Residential\Residential_2253.jpg,7,Residential,7,Residential,0.9999992847442627,True,-6.4171457,-4.880864
2780,C:\Users\DELL Precision 5550\Documents\GitHub\Terrasight-Eurosat-RGB-vs-Multispectral\data\raw\rgb\Residential\Residential_1699.jpg,7,Residential,7,Residential,0.9962377548217773,True,-5.8021436,-3.397213
2781,C:\Users\DELL Precision 5550\Documents\GitHub\Terrasight-Eurosat-RGB-vs-Multispectral\data\raw\rgb\River\River_913.jpg,8,River,8,River,0.9999951124191284,True,6.0120487,10.686183
2782,C:\Users\DELL Precision 5550\Documents\GitHub\Terrasight-Eurosat-RGB-vs-Multispectral\data\raw\rgb\Pasture\Pasture_1430.jpg,5,Pasture,2,HerbaceousVegetation,0.9886065125465393,False,4.4631033,1.0980507
2783,C:\Users\DELL Precision 5550\Documents\GitHub\Terrasight-Eurosat-RGB-vs-Multispectral\data\raw\rgb\AnnualCrop\AnnualCrop_570.jpg,0,AnnualCrop,0,AnnualCrop,0.9998903274536133,True,2.759888,14.506887
2784,C:\Users\DELL Precision 5550\Documents\GitHub\Terrasight-Eurosat-RGB-vs-Multispectral\data\raw\rgb\Residential\Residential_123.jpg,7,Residential,7,Residential,0.8233050107955933,True,-5.0888557,-2.2529407
2785,C:\Users\DELL Precision 5550\Documents\GitHub\Terrasight-Eurosat-RGB-vs-Multispectral\data\raw\rgb\AnnualCrop\AnnualCrop_642.jpg,0,AnnualCrop,0,AnnualCrop,0.9995905756950378,True,2.2969413,13.304284
2786,C:\Users\DELL Precision 5550\Documents\GitHub\Terrasight-Eurosat-RGB-vs-Multispectral\data\raw\rgb\AnnualCrop\AnnualCrop_1356.jpg,0,AnnualCrop,0,AnnualCrop,0.9402272701263428,True,3.474193,11.490465
2787,C:\Users\DELL Precision 5550\Documents\GitHub\Terrasight-Eurosat-RGB-vs-Multispectral\data\raw\rgb\SeaLake\SeaLake_2779.jpg,9,SeaLake,9,SeaLake,0.8405198454856873,True,15.49409,11.01404
2788,C:\Users\DELL Precision 5550\Documents\GitHub\Terrasight-Eurosat-RGB-vs-Multispectral\data\raw\rgb\Residential\Residential_1760.jpg,7,Residential,7,Residential,0.9692714214324951,True,-6.444087,-3.230404
2789,C:\Users\DELL Precision 5550\Documents\GitHub\Terrasight-Eurosat-RGB-vs-Multispectral\data\raw\rgb\Pasture\Pasture_654.jpg,5,Pasture,5,Pasture,0.9813424944877625,True,6.953112,5.155979
2790,C:\Users\DELL Precision 5550\Documents\GitHub\Terrasight-Eurosat-RGB-vs-Multispectral\data\raw\rgb\AnnualCrop\AnnualCrop_349.jpg,0,AnnualCrop,0,AnnualCrop,0.9999537467956543,True,2.3449516,13.605568
2791,C:\Users\DELL Precision 5550\Documents\GitHub\Terrasight-Eurosat-RGB-vs-Multispectral\data\raw\rgb\Highway\Highway_2022.jpg,3,Highway,3,Highway,0.9999774694442749,True,-1.2907791,10.819493
2792,C:\Users\DELL Precision 5550\Documents\GitHub\Terrasight-Eurosat-RGB-vs-Multispectral\data\raw\rgb\SeaLake\SeaLake_977.jpg,9,SeaLake,9,SeaLake,0.9998542070388794,True,16.53912,12.492819
2793,C:\Users\DELL Precision 5550\Documents\GitHub\Terrasight-Eurosat-RGB-vs-Multispectral\data\raw\rgb\Residential\Residential_2685.jpg,7,Residential,7,Residential,0.9734154343605042,True,-5.293823,-4.319748
2794,C:\Users\DELL Precision 5550\Documents\GitHub\Terrasight-Eurosat-RGB-vs-Multispectral\data\raw\rgb\Forest\Forest_337.jpg,1,Forest,1,Forest,0.9999943971633911,True,14.073104,-2.903637
2795,C:\Users\DELL Precision 5550\Documents\GitHub\Terrasight-Eurosat-RGB-vs-Multispectral\data\raw\rgb\SeaLake\SeaLake_1275.jpg,9,SeaLake,9,SeaLake,0.9979689717292786,True,15.685037,11.140349
2796,C:\Users\DELL Precision 5550\Documents\GitHub\Terrasight-Eurosat-RGB-vs-Multispectral\data\raw\rgb\Industrial\Industrial_1877.jpg,4,Industrial,4,Industrial,0.9987646341323853,True,-7.618412,2.1343317
2797,C:\Users\DELL Precision 5550\Documents\GitHub\Terrasight-Eurosat-RGB-vs-Multispectral\data\raw\rgb\HerbaceousVegetation\HerbaceousVegetation_2508.jpg,2,HerbaceousVegetation,2,HerbaceousVegetation,0.9999849796295166,True,3.372088,-0.037873697
2798,C:\Users\DELL Precision 5550\Documents\GitHub\Terrasight-Eurosat-RGB-vs-Multispectral\data\raw\rgb\Highway\Highway_1048.jpg,3,Highway,3,Highway,0.9999561309814453,True,-1.0170369,10.335164
2799,C:\Users\DELL Precision 5550\Documents\GitHub\Terrasight-Eurosat-RGB-vs-Multispectral\data\raw\rgb\Residential\Residential_1586.jpg,7,Residential,7,Residential,0.9761704206466675,True,-6.1264415,-2.868435
2800,C:\Users\DELL Precision 5550\Documents\GitHub\Terrasight-Eurosat-RGB-vs-Multispectral\data\raw\rgb\Forest\Forest_2661.jpg,1,Forest,1,Forest,0.9999010562896729,True,14.087116,-1.098861
2801,C:\Users\DELL Precision 5550\Documents\GitHub\Terrasight-Eurosat-RGB-vs-Multispectral\data\raw\rgb\Forest\Forest_1304.jpg,1,Forest,1,Forest,0.999998927116394,True,14.880183,-3.213501
2802,C:\Users\DELL Precision 5550\Documents\GitHub\Terrasight-Eurosat-RGB-vs-Multispectral\data\raw\rgb\HerbaceousVegetation\HerbaceousVegetation_725.jpg,2,HerbaceousVegetation,2,HerbaceousVegetation,0.9996925592422485,True,3.0740077,1.3640904
2803,C:\Users\DELL Precision 5550\Documents\GitHub\Terrasight-Eurosat-RGB-vs-Multispectral\data\raw\rgb\Forest\Forest_1514.jpg,1,Forest,1,Forest,0.9982262253761292,True,13.134207,-1.4617689
2804,C:\Users\DELL Precision 5550\Documents\GitHub\Terrasight-Eurosat-RGB-vs-Multispectral\data\raw\rgb\HerbaceousVegetation\HerbaceousVegetation_903.jpg,2,HerbaceousVegetation,2,HerbaceousVegetation,0.9825422763824463,True,3.3016183,3.6279237
2805,C:\Users\DELL Precision 5550\Documents\GitHub\Terrasight-Eurosat-RGB-vs-Multispectral\data\raw\rgb\River\River_493.jpg,8,River,8,River,0.999970555305481,True,6.164132,10.159247
2806,C:\Users\DELL Precision 5550\Documents\GitHub\Terrasight-Eurosat-RGB-vs-Multispectral\data\raw\rgb\Forest\Forest_2090.jpg,1,Forest,1,Forest,0.9999977350234985,True,14.586159,-2.9146538
2807,C:\Users\DELL Precision 5550\Documents\GitHub\Terrasight-Eurosat-RGB-vs-Multispectral\data\raw\rgb\Highway\Highway_795.jpg,3,Highway,3,Highway,0.9955754280090332,True,0.00033420915,10.618499
2808,C:\Users\DELL Precision 5550\Documents\GitHub\Terrasight-Eurosat-RGB-vs-Multispectral\data\raw\rgb\HerbaceousVegetation\HerbaceousVegetation_2980.jpg,2,HerbaceousVegetation,2,HerbaceousVegetation,0.9999996423721313,True,3.1405687,0.11840947
2809,C:\Users\DELL Precision 5550\Documents\GitHub\Terrasight-Eurosat-RGB-vs-Multispectral\data\raw\rgb\Industrial\Industrial_997.jpg,4,Industrial,4,Industrial,0.9974547028541565,True,-7.0865498,1.5407435
2810,C:\Users\DELL Precision 5550\Documents\GitHub\Terrasight-Eurosat-RGB-vs-Multispectral\data\raw\rgb\Forest\Forest_959.jpg,1,Forest,1,Forest,0.9999997615814209,True,14.867554,-2.9788325
2811,C:\Users\DELL Precision 5550\Documents\GitHub\Terrasight-Eurosat-RGB-vs-Multispectral\data\raw\rgb\HerbaceousVegetation\HerbaceousVegetation_1884.jpg,2,HerbaceousVegetation,2,HerbaceousVegetation,0.9999997615814209,True,3.4953058,-0.33686972
2812,C:\Users\DELL Precision 5550\Documents\GitHub\Terrasight-Eurosat-RGB-vs-Multispectral\data\raw\rgb\Industrial\Industrial_782.jpg,4,Industrial,4,Industrial,0.9899847507476807,True,-7.3145757,1.3903143
2813,C:\Users\DELL Precision 5550\Documents\GitHub\Terrasight-Eurosat-RGB-vs-Multispectral\data\raw\rgb\HerbaceousVegetation\HerbaceousVegetation_318.jpg,2,HerbaceousVegetation,2,HerbaceousVegetation,1.0,True,3.1348855,-0.19191189
2814,C:\Users\DELL Precision 5550\Documents\GitHub\Terrasight-Eurosat-RGB-vs-Multispectral\data\raw\rgb\Forest\Forest_1779.jpg,1,Forest,1,Forest,0.7965384125709534,True,12.974896,-1.295674
2815,C:\Users\DELL Precision 5550\Documents\GitHub\Terrasight-Eurosat-RGB-vs-Multispectral\data\raw\rgb\Residential\Residential_1036.jpg,7,Residential,7,Residential,0.9999997615814209,True,-6.3292623,-4.973479
2816,C:\Users\DELL Precision 5550\Documents\GitHub\Terrasight-Eurosat-RGB-vs-Multispectral\data\raw\rgb\SeaLake\SeaLake_2221.jpg,9,SeaLake,9,SeaLake,0.9997382760047913,True,16.134491,10.561025
2817,C:\Users\DELL Precision 5550\Documents\GitHub\Terrasight-Eurosat-RGB-vs-Multispectral\data\raw\rgb\AnnualCrop\AnnualCrop_724.jpg,0,AnnualCrop,0,AnnualCrop,0.9935280680656433,True,2.5781229,12.414095
2818,C:\Users\DELL Precision 5550\Documents\GitHub\Terrasight-Eurosat-RGB-vs-Multispectral\data\raw\rgb\Forest\Forest_2171.jpg,1,Forest,1,Forest,0.9999595880508423,True,13.925977,-1.095026
2819,C:\Users\DELL Precision 5550\Documents\GitHub\Terrasight-Eurosat-RGB-vs-Multispectral\data\raw\rgb\Industrial\Industrial_2358.jpg,4,Industrial,4,Industrial,0.9969871640205383,True,-7.121217,1.6817355
2820,C:\Users\DELL Precision 5550\Documents\GitHub\Terrasight-Eurosat-RGB-vs-Multispectral\data\raw\rgb\AnnualCrop\AnnualCrop_2266.jpg,0,AnnualCrop,0,AnnualCrop,0.9987006187438965,True,2.9421976,13.346134
2821,C:\Users\DELL Precision 5550\Documents\GitHub\Terrasight-Eurosat-RGB-vs-Multispectral\data\raw\rgb\SeaLake\SeaLake_2881.jpg,9,SeaLake,9,SeaLake,0.9999182224273682,True,16.865673,10.755248
2822,C:\Users\DELL Precision 5550\Documents\GitHub\Terrasight-Eurosat-RGB-vs-Multispectral\data\raw\rgb\Industrial\Industrial_1476.jpg,4,Industrial,4,Industrial,0.9999191761016846,True,-8.252932,1.9689469
2823,C:\Users\DELL Precision 5550\Documents\GitHub\Terrasight-Eurosat-RGB-vs-Multispectral\data\raw\rgb\Pasture\Pasture_1628.jpg,5,Pasture,5,Pasture,0.9985260367393494,True,7.2224436,5.3396287
2824,C:\Users\DELL Precision 5550\Documents\GitHub\Terrasight-Eurosat-RGB-vs-Multispectral\data\raw\rgb\Highway\Highway_628.jpg,3,Highway,3,Highway,0.9813750982284546,True,-0.67659885,10.017217
2825,C:\Users\DELL Precision 5550\Documents\GitHub\Terrasight-Eurosat-RGB-vs-Multispectral\data\raw\rgb\HerbaceousVegetation\HerbaceousVegetation_117.jpg,2,HerbaceousVegetation,2,HerbaceousVegetation,0.9999825954437256,True,4.2359343,0.3595114
2826,C:\Users\DELL Precision 5550\Documents\GitHub\Terrasight-Eurosat-RGB-vs-Multispectral\data\raw\rgb\SeaLake\SeaLake_1854.jpg,9,SeaLake,9,SeaLake,0.999588668346405,True,16.056763,12.050399
2827,C:\Users\DELL Precision 5550\Documents\GitHub\Terrasight-Eurosat-RGB-vs-Multispectral\data\raw\rgb\HerbaceousVegetation\HerbaceousVegetation_2533.jpg,2,HerbaceousVegetation,2,HerbaceousVegetation,0.999997615814209,True,4.128593,-0.073567
2828,C:\Users\DELL Precision 5550\Documents\GitHub\Terrasight-Eurosat-RGB-vs-Multispectral\data\raw\rgb\HerbaceousVegetation\HerbaceousVegetation_1988.jpg,2,HerbaceousVegetation,2,HerbaceousVegetation,1.0,True,3.105556,-0.044976935
2829,C:\Users\DELL Precision 5550\Documents\GitHub\Terrasight-Eurosat-RGB-vs-Multispectral\data\raw\rgb\Pasture\Pasture_847.jpg,5,Pasture,5,Pasture,0.9995403289794922,True,7.2300677,5.243534
2830,C:\Users\DELL Precision 5550\Documents\GitHub\Terrasight-Eurosat-RGB-vs-Multispectral\data\raw\rgb\Pasture\Pasture_942.jpg,5,Pasture,5,Pasture,0.9989961981773376,True,7.2470098,5.26546
2831,C:\Users\DELL Precision 5550\Documents\GitHub\Terrasight-Eurosat-RGB-vs-Multispectral\data\raw\rgb\Industrial\Industrial_904.jpg,4,Industrial,4,Industrial,0.9979919195175171,True,-8.31898,1.0378599
2832,C:\Users\DELL Precision 5550\Documents\GitHub\Terrasight-Eurosat-RGB-vs-Multispectral\data\raw\rgb\SeaLake\SeaLake_726.jpg,9,SeaLake,9,SeaLake,0.9999735355377197,True,17.296501,13.092444
2833,C:\Users\DELL Precision 5550\Documents\GitHub\Terrasight-Eurosat-RGB-vs-Multispectral\data\raw\rgb\HerbaceousVegetation\HerbaceousVegetation_2965.jpg,2,HerbaceousVegetation,2,HerbaceousVegetation,0.9988275170326233,True,4.6850343,2.4289823
2834,C:\Users\DELL Precision 5550\Documents\GitHub\Terrasight-Eurosat-RGB-vs-Multispectral\data\raw\rgb\AnnualCrop\AnnualCrop_1955.jpg,0,AnnualCrop,0,AnnualCrop,0.9936589598655701,True,2.5573242,12.47233
2835,C:\Users\DELL Precision 5550\Documents\GitHub\Terrasight-Eurosat-RGB-vs-Multispectral\data\raw\rgb\Industrial\Industrial_1604.jpg,4,Industrial,4,Industrial,0.9962594509124756,True,-7.414488,1.3413101
2836,C:\Users\DELL Precision 5550\Documents\GitHub\Terrasight-Eurosat-RGB-vs-Multispectral\data\raw\rgb\Pasture\Pasture_1903.jpg,5,Pasture,5,Pasture,0.9999998807907104,True,10.678097,7.892547
2837,C:\Users\DELL Precision 5550\Documents\GitHub\Terrasight-Eurosat-RGB-vs-Multispectral\data\raw\rgb\Forest\Forest_2645.jpg,1,Forest,1,Forest,1.0,True,15.074427,-2.6741154
2838,C:\Users\DELL Precision 5550\Documents\GitHub\Terrasight-Eurosat-RGB-vs-Multispectral\data\raw\rgb\Pasture\Pasture_1316.jpg,5,Pasture,5,Pasture,0.9998706579208374,True,7.5337873,5.479618
2839,C:\Users\DELL Precision 5550\Documents\GitHub\Terrasight-Eurosat-RGB-vs-Multispectral\data\raw\rgb\AnnualCrop\AnnualCrop_959.jpg,0,AnnualCrop,0,AnnualCrop,0.9994150400161743,True,2.566564,13.102429
2840,C:\Users\DELL Precision 5550\Documents\GitHub\Terrasight-Eurosat-RGB-vs-Multispectral\data\raw\rgb\Forest\Forest_1426.jpg,1,Forest,1,Forest,0.999998927116394,True,14.569904,-2.118713
2841,C:\Users\DELL Precision 5550\Documents\GitHub\Terrasight-Eurosat-RGB-vs-Multispectral\data\raw\rgb\AnnualCrop\AnnualCrop_567.jpg,0,AnnualCrop,0,AnnualCrop,0.9999580383300781,True,2.1954043,13.744765
2842,C:\Users\DELL Precision 5550\Documents\GitHub\Terrasight-Eurosat-RGB-vs-Multispectral\data\raw\rgb\Highway\Highway_2041.jpg,3,Highway,3,Highway,0.998565137386322,True,-0.4756697,10.533271
2843,C:\Users\DELL Precision 5550\Documents\GitHub\Terrasight-Eurosat-RGB-vs-Multispectral\data\raw\rgb\Highway\Highway_388.jpg,3,Highway,3,Highway,0.9990594983100891,True,-0.48848614,9.568924
2844,C:\Users\DELL Precision 5550\Documents\GitHub\Terrasight-Eurosat-RGB-vs-Multispectral\data\raw\rgb\Pasture\Pasture_50.jpg,5,Pasture,5,Pasture,0.9992061257362366,True,7.0986814,5.8244963
2845,C:\Users\DELL Precision 5550\Documents\GitHub\Terrasight-Eurosat-RGB-vs-Multispectral\data\raw\rgb\Forest\Forest_261.jpg,1,Forest,1,Forest,0.9997324347496033,True,14.276146,-0.7520613
2846,C:\Users\DELL Precision 5550\Documents\GitHub\Terrasight-Eurosat-RGB-vs-Multispectral\data\raw\rgb\Highway\Highway_2358.jpg,3,Highway,3,Highway,0.9973078966140747,True,-1.1950586,9.838531
2847,C:\Users\DELL Precision 5550\Documents\GitHub\Terrasight-Eurosat-RGB-vs-Multispectral\data\raw\rgb\Pasture\Pasture_1256.jpg,5,Pasture,5,Pasture,0.991417646408081,True,6.521363,5.1739655
2848,C:\Users\DELL Precision 5550\Documents\GitHub\Terrasight-Eurosat-RGB-vs-Multispectral\data\raw\rgb\Forest\Forest_2510.jpg,1,Forest,1,Forest,0.9999971389770508,True,14.869613,-1.8530437
2849,C:\Users\DELL Precision 5550\Documents\GitHub\Terrasight-Eurosat-RGB-vs-Multispectral\data\raw\rgb\HerbaceousVegetation\HerbaceousVegetation_350.jpg,2,HerbaceousVegetation,2,HerbaceousVegetation,0.9718230962753296,True,3.914847,1.698814
2850,C:\Users\DELL Precision 5550\Documents\GitHub\Terrasight-Eurosat-RGB-vs-Multispectral\data\raw\rgb\PermanentCrop\PermanentCrop_2140.jpg,6,PermanentCrop,6,PermanentCrop,0.999936580657959,True,1.210169,3.7496693
2851,C:\Users\DELL Precision 5550\Documents\GitHub\Terrasight-Eurosat-RGB-vs-Multispectral\data\raw\rgb\River\River_1497.jpg,8,River,8,River,0.9999961853027344,True,6.2438154,11.095498
2852,C:\Users\DELL Precision 5550\Documents\GitHub\Terrasight-Eurosat-RGB-vs-Multispectral\data\raw\rgb\HerbaceousVegetation\HerbaceousVegetation_1253.jpg,2,HerbaceousVegetation,2,HerbaceousVegetation,0.9999998807907104,True,3.1580884,-0.08422614
2853,C:\Users\DELL Precision 5550\Documents\GitHub\Terrasight-Eurosat-RGB-vs-Multispectral\data\raw\rgb\Industrial\Industrial_1285.jpg,4,Industrial,4,Industrial,0.999923825263977,True,-8.1569805,2.190106
2854,C:\Users\DELL Precision 5550\Documents\GitHub\Terrasight-Eurosat-RGB-vs-Multispectral\data\raw\rgb\Residential\Residential_1014.jpg,7,Residential,7,Residential,0.9992722868919373,True,-6.5695977,-3.886572
2855,C:\Users\DELL Precision 5550\Documents\GitHub\Terrasight-Eurosat-RGB-vs-Multispectral\data\raw\rgb\PermanentCrop\PermanentCrop_1575.jpg,6,PermanentCrop,6,PermanentCrop,0.9999891519546509,True,1.0096546,3.9401813
2856,C:\Users\DELL Precision 5550\Documents\GitHub\Terrasight-Eurosat-RGB-vs-Multispectral\data\raw\rgb\River\River_889.jpg,8,River,8,River,0.9999053478240967,True,5.7391934,10.730455
2857,C:\Users\DELL Precision 5550\Documents\GitHub\Terrasight-Eurosat-RGB-vs-Multispectral\data\raw\rgb\SeaLake\SeaLake_1611.jpg,9,SeaLake,9,SeaLake,0.9996371269226074,True,16.482286,12.732349
2858,C:\Users\DELL Precision 5550\Documents\GitHub\Terrasight-Eurosat-RGB-vs-Multispectral\data\raw\rgb\PermanentCrop\PermanentCrop_1761.jpg,6,PermanentCrop,6,PermanentCrop,0.9984650611877441,True,2.0767822,3.816726
2859,C:\Users\DELL Precision 5550\Documents\GitHub\Terrasight-Eurosat-RGB-vs-Multispectral\data\raw\rgb\Highway\Highway_1317.jpg,3,Highway,3,Highway,0.9705051779747009,True,-0.17277601,9.409331
2860,C:\Users\DELL Precision 5550\Documents\GitHub\Terrasight-Eurosat-RGB-vs-Multispectral\data\raw\rgb\River\River_694.jpg,8,River,8,River,0.9999064207077026,True,5.149089,10.591388
2861,C:\Users\DELL Precision 5550\Documents\GitHub\Terrasight-Eurosat-RGB-vs-Multispectral\data\raw\rgb\HerbaceousVegetation\HerbaceousVegetation_1632.jpg,2,HerbaceousVegetation,2,HerbaceousVegetation,0.9412509202957153,True,3.794414,1.876468
2862,C:\Users\DELL Precision 5550\Documents\GitHub\Terrasight-Eurosat-RGB-vs-Multispectral\data\raw\rgb\Highway\Highway_2366.jpg,3,Highway,3,Highway,0.999884843826294,True,-0.59144837,9.991601
2863,C:\Users\DELL Precision 5550\Documents\GitHub\Terrasight-Eurosat-RGB-vs-Multispectral\data\raw\rgb\Pasture\Pasture_151.jpg,5,Pasture,2,HerbaceousVegetation,0.7933293581008911,False,5.9473553,4.6965094
2864,C:\Users\DELL Precision 5550\Documents\GitHub\Terrasight-Eurosat-RGB-vs-Multispectral\data\raw\rgb\PermanentCrop\PermanentCrop_1891.jpg,6,PermanentCrop,6,PermanentCrop,0.8889593482017517,True,2.59473,3.5254302
2865,C:\Users\DELL Precision 5550\Documents\GitHub\Terrasight-Eurosat-RGB-vs-Multispectral\data\raw\rgb\Pasture\Pasture_1001.jpg,5,Pasture,5,Pasture,0.9959255456924438,True,6.480068,4.9867554
2866,C:\Users\DELL Precision 5550\Documents\GitHub\Terrasight-Eurosat-RGB-vs-Multispectral\data\raw\rgb\SeaLake\SeaLake_315.jpg,9,SeaLake,9,SeaLake,0.9997084736824036,True,16.965061,13.112855
2867,C:\Users\DELL Precision 5550\Documents\GitHub\Terrasight-Eurosat-RGB-vs-Multispectral\data\raw\rgb\Industrial\Industrial_2118.jpg,4,Industrial,4,Industrial,0.9961709380149841,True,-7.3855424,2.1148036
2868,C:\Users\DELL Precision 5550\Documents\GitHub\Terrasight-Eurosat-RGB-vs-Multispectral\data\raw\rgb\HerbaceousVegetation\HerbaceousVegetation_1620.jpg,2,HerbaceousVegetation,2,HerbaceousVegetation,0.9999977350234985,True,3.189326,0.007716901
2869,C:\Users\DELL Precision 5550\Documents\GitHub\Terrasight-Eurosat-RGB-vs-Multispectral\data\raw\rgb\Industrial\Industrial_916.jpg,4,Industrial,4,Industrial,0.9999974966049194,True,-8.964702,1.8815435
2870,C:\Users\DELL Precision 5550\Documents\GitHub\Terrasight-Eurosat-RGB-vs-Multispectral\data\raw\rgb\SeaLake\SeaLake_706.jpg,9,SeaLake,9,SeaLake,0.99625563621521,True,16.01143,12.417964
2871,C:\Users\DELL Precision 5550\Documents\GitHub\Terrasight-Eurosat-RGB-vs-Multispectral\data\raw\rgb\River\River_64.jpg,8,River,8,River,0.9999979734420776,True,6.299073,10.653789
2872,C:\Users\DELL Precision 5550\Documents\GitHub\Terrasight-Eurosat-RGB-vs-Multispectral\data\raw\rgb\PermanentCrop\PermanentCrop_827.jpg,6,PermanentCrop,5,Pasture,0.8764694929122925,False,6.873943,5.1381483
2873,C:\Users\DELL Precision 5550\Documents\GitHub\Terrasight-Eurosat-RGB-vs-Multispectral\data\raw\rgb\AnnualCrop\AnnualCrop_448.jpg,0,AnnualCrop,0,AnnualCrop,0.9999998807907104,True,2.4719853,15.938913
2874,C:\Users\DELL Precision 5550\Documents\GitHub\Terrasight-Eurosat-RGB-vs-Multispectral\data\raw\rgb\SeaLake\SeaLake_2718.jpg,9,SeaLake,9,SeaLake,0.9997147917747498,True,17.51827,11.5620985
2875,C:\Users\DELL Precision 5550\Documents\GitHub\Terrasight-Eurosat-RGB-vs-Multispectral\data\raw\rgb\River\River_1559.jpg,8,River,8,River,0.9977375268936157,True,4.5058017,10.566175
2876,C:\Users\DELL Precision 5550\Documents\GitHub\Terrasight-Eurosat-RGB-vs-Multispectral\data\raw\rgb\Forest\Forest_702.jpg,1,Forest,1,Forest,0.6676225662231445,True,6.707064,4.725209
2877,C:\Users\DELL Precision 5550\Documents\GitHub\Terrasight-Eurosat-RGB-vs-Multispectral\data\raw\rgb\Residential\Residential_2488.jpg,7,Residential,2,HerbaceousVegetation,0.6458203792572021,False,-5.2689013,-2.2108006
2878,C:\Users\DELL Precision 5550\Documents\GitHub\Terrasight-Eurosat-RGB-vs-Multispectral\data\raw\rgb\SeaLake\SeaLake_813.jpg,9,SeaLake,9,SeaLake,0.9996274709701538,True,15.820283,10.544521
2879,C:\Users\DELL Precision 5550\Documents\GitHub\Terrasight-Eurosat-RGB-vs-Multispectral\data\raw\rgb\Highway\Highway_1600.jpg,3,Highway,3,Highway,0.9991388320922852,True,-1.0397472,9.758198
2880,C:\Users\DELL Precision 5550\Documents\GitHub\Terrasight-Eurosat-RGB-vs-Multispectral\data\raw\rgb\AnnualCrop\AnnualCrop_76.jpg,0,AnnualCrop,0,AnnualCrop,0.9991908669471741,True,3.0339344,13.742509
2881,C:\Users\DELL Precision 5550\Documents\GitHub\Terrasight-Eurosat-RGB-vs-Multispectral\data\raw\rgb\PermanentCrop\PermanentCrop_507.jpg,6,PermanentCrop,6,PermanentCrop,0.9999898672103882,True,0.85435253,3.5906549
2882,C:\Users\DELL Precision 5550\Documents\GitHub\Terrasight-Eurosat-RGB-vs-Multispectral\data\raw\rgb\Residential\Residential_402.jpg,7,Residential,7,Residential,0.847332775592804,True,-5.8896255,-2.4720466
2883,C:\Users\DELL Precision 5550\Documents\GitHub\Terrasight-Eurosat-RGB-vs-Multispectral\data\raw\rgb\HerbaceousVegetation\HerbaceousVegetation_1192.jpg,2,HerbaceousVegetation,2,HerbaceousVegetation,0.9853881001472473,True,4.5465636,1.3613294
2884,C:\Users\DELL Precision 5550\Documents\GitHub\Terrasight-Eurosat-RGB-vs-Multispectral\data\raw\rgb\SeaLake\SeaLake_2656.jpg,9,SeaLake,9,SeaLake,0.9999440908432007,True,16.549023,10.239131
2885,C:\Users\DELL Precision 5550\Documents\GitHub\Terrasight-Eurosat-RGB-vs-Multispectral\data\raw\rgb\SeaLake\SeaLake_896.jpg,9,SeaLake,9,SeaLake,0.9999293088912964,True,17.245678,12.295378
2886,C:\Users\DELL Precision 5550\Documents\GitHub\Terrasight-Eurosat-RGB-vs-Multispectral\data\raw\rgb\HerbaceousVegetation\HerbaceousVegetation_2882.jpg,2,HerbaceousVegetation,2,HerbaceousVegetation,0.9999963045120239,True,3.0804946,0.68906695
2887,C:\Users\DELL Precision 5550\Documents\GitHub\Terrasight-Eurosat-RGB-vs-Multispectral\data\raw\rgb\Highway\Highway_1969.jpg,3,Highway,3,Highway,0.9999510049819946,True,-1.0079441,10.841419
2888,C:\Users\DELL Precision 5550\Documents\GitHub\Terrasight-Eurosat-RGB-vs-Multispectral\data\raw\rgb\HerbaceousVegetation\HerbaceousVegetation_1467.jpg,2,HerbaceousVegetation,2,HerbaceousVegetation,0.985993504524231,True,3.9676704,1.6811033
2889,C:\Users\DELL Precision 5550\Documents\GitHub\Terrasight-Eurosat-RGB-vs-Multispectral\data\raw\rgb\HerbaceousVegetation\HerbaceousVegetation_1447.jpg,2,HerbaceousVegetation,2,HerbaceousVegetation,0.9888650178909302,True,4.508452,0.15449351
2890,C:\Users\DELL Precision 5550\Documents\GitHub\Terrasight-Eurosat-RGB-vs-Multispectral\data\raw\rgb\PermanentCrop\PermanentCrop_1526.jpg,6,PermanentCrop,6,PermanentCrop,0.9999678134918213,True,1.2016677,4.0042386
2891,C:\Users\DELL Precision 5550\Documents\GitHub\Terrasight-Eurosat-RGB-vs-Multispectral\data\raw\rgb\SeaLake\SeaLake_1227.jpg,9,SeaLake,9,SeaLake,0.9997338652610779,True,16.306929,10.48142
2892,C:\Users\DELL Precision 5550\Documents\GitHub\Terrasight-Eurosat-RGB-vs-Multispectral\data\raw\rgb\Highway\Highway_996.jpg,3,Highway,3,Highway,0.9840025305747986,True,-0.24288732,9.310933
2893,C:\Users\DELL Precision 5550\Documents\GitHub\Terrasight-Eurosat-RGB-vs-Multispectral\data\raw\rgb\River\River_1480.jpg,8,River,8,River,0.989926815032959,True,4.34408,10.542784
2894,C:\Users\DELL Precision 5550\Documents\GitHub\Terrasight-Eurosat-RGB-vs-Multispectral\data\raw\rgb\SeaLake\SeaLake_393.jpg,9,SeaLake,9,SeaLake,0.9990367889404297,True,15.686766,11.321346
2895,C:\Users\DELL Precision 5550\Documents\GitHub\Terrasight-Eurosat-RGB-vs-Multispectral\data\raw\rgb\Highway\Highway_201.jpg,3,Highway,3,Highway,0.999998927116394,True,-1.5002507,10.749811
2896,C:\Users\DELL Precision 5550\Documents\GitHub\Terrasight-Eurosat-RGB-vs-Multispectral\data\raw\rgb\HerbaceousVegetation\HerbaceousVegetation_1512.jpg,2,HerbaceousVegetation,2,HerbaceousVegetation,0.999931812286377,True,3.3732424,1.0101773
2897,C:\Users\DELL Precision 5550\Documents\GitHub\Terrasight-Eurosat-RGB-vs-Multispectral\data\raw\rgb\AnnualCrop\AnnualCrop_2044.jpg,0,AnnualCrop,0,AnnualCrop,0.9578949809074402,True,2.9880643,12.230124
2898,C:\Users\DELL Precision 5550\Documents\GitHub\Terrasight-Eurosat-RGB-vs-Multispectral\data\raw\rgb\Pasture\Pasture_1022.jpg,5,Pasture,5,Pasture,0.9999802112579346,True,7.8601613,5.512852
2899,C:\Users\DELL Precision 5550\Documents\GitHub\Terrasight-Eurosat-RGB-vs-Multispectral\data\raw\rgb\Pasture\Pasture_1611.jpg,5,Pasture,5,Pasture,0.9998261332511902,True,7.364367,5.317469
2900,C:\Users\DELL Precision 5550\Documents\GitHub\Terrasight-Eurosat-RGB-vs-Multispectral\data\raw\rgb\River\River_1713.jpg,8,River,2,HerbaceousVegetation,0.9985260963439941,False,3.7436948,1.3228637
2901,C:\Users\DELL Precision 5550\Documents\GitHub\Terrasight-Eurosat-RGB-vs-Multispectral\data\raw\rgb\River\River_2428.jpg,8,River,8,River,0.999953031539917,True,6.5571585,11.050139
2902,C:\Users\DELL Precision 5550\Documents\GitHub\Terrasight-Eurosat-RGB-vs-Multispectral\data\raw\rgb\Industrial\Industrial_2262.jpg,4,Industrial,4,Industrial,0.9999768733978271,True,-8.25878,2.1279898
2903,C:\Users\DELL Precision 5550\Documents\GitHub\Terrasight-Eurosat-RGB-vs-Multispectral\data\raw\rgb\Forest\Forest_1692.jpg,1,Forest,1,Forest,0.9909377098083496,True,13.177723,-0.689642
2904,C:\Users\DELL Precision 5550\Documents\GitHub\Terrasight-Eurosat-RGB-vs-Multispectral\data\raw\rgb\River\River_2074.jpg,8,River,8,River,0.9999854564666748,True,6.1859508,10.631937
2905,C:\Users\DELL Precision 5550\Documents\GitHub\Terrasight-Eurosat-RGB-vs-Multispectral\data\raw\rgb\Pasture\Pasture_43.jpg,5,Pasture,5,Pasture,0.9995713829994202,True,7.438932,5.4082575
2906,C:\Users\DELL Precision 5550\Documents\GitHub\Terrasight-Eurosat-RGB-vs-Multispectral\data\raw\rgb\River\River_2402.jpg,8,River,8,River,0.9673745632171631,True,4.523847,10.267568
2907,C:\Users\DELL Precision 5550\Documents\GitHub\Terrasight-Eurosat-RGB-vs-Multispectral\data\raw\rgb\AnnualCrop\AnnualCrop_2267.jpg,0,AnnualCrop,0,AnnualCrop,0.999562680721283,True,2.16861,13.611326
2908,C:\Users\DELL Precision 5550\Documents\GitHub\Terrasight-Eurosat-RGB-vs-Multispectral\data\raw\rgb\Residential\Residential_1417.jpg,7,Residential,7,Residential,0.9994584918022156,True,-6.6982307,-4.4769263
2909,C:\Users\DELL Precision 5550\Documents\GitHub\Terrasight-Eurosat-RGB-vs-Multispectral\data\raw\rgb\Forest\Forest_2329.jpg,1,Forest,1,Forest,0.9407460689544678,True,13.142972,-0.82029444
2910,C:\Users\DELL Precision 5550\Documents\GitHub\Terrasight-Eurosat-RGB-vs-Multispectral\data\raw\rgb\Forest\Forest_4.jpg,1,Forest,1,Forest,0.9895784258842468,True,13.413732,-0.99239933
2911,C:\Users\DELL Precision 5550\Documents\GitHub\Terrasight-Eurosat-RGB-vs-Multispectral\data\raw\rgb\Industrial\Industrial_529.jpg,4,Industrial,4,Industrial,0.9999760389328003,True,-8.815608,1.7718295
2912,C:\Users\DELL Precision 5550\Documents\GitHub\Terrasight-Eurosat-RGB-vs-Multispectral\data\raw\rgb\Residential\Residential_1828.jpg,7,Residential,2,HerbaceousVegetation,0.5656831860542297,False,-5.136522,-2.2339504
2913,C:\Users\DELL Precision 5550\Documents\GitHub\Terrasight-Eurosat-RGB-vs-Multispectral\data\raw\rgb\HerbaceousVegetation\HerbaceousVegetation_748.jpg,2,HerbaceousVegetation,2,HerbaceousVegetation,0.9999996423721313,True,3.224822,0.087925844
2914,C:\Users\DELL Precision 5550\Documents\GitHub\Terrasight-Eurosat-RGB-vs-Multispectral\data\raw\rgb\Forest\Forest_808.jpg,1,Forest,1,Forest,0.999998927116394,True,14.5497875,-2.9223087
2915,C:\Users\DELL Precision 5550\Documents\GitHub\Terrasight-Eurosat-RGB-vs-Multispectral\data\raw\rgb\Industrial\Industrial_816.jpg,4,Industrial,4,Industrial,0.9999831914901733,True,-8.966899,1.7633675
2916,C:\Users\DELL Precision 5550\Documents\GitHub\Terrasight-Eurosat-RGB-vs-Multispectral\data\raw\rgb\HerbaceousVegetation\HerbaceousVegetation_502.jpg,2,HerbaceousVegetation,2,HerbaceousVegetation,0.9708813428878784,True,3.2738404,2.020022
2917,C:\Users\DELL Precision 5550\Documents\GitHub\Terrasight-Eurosat-RGB-vs-Multispectral\data\raw\rgb\Industrial\Industrial_541.jpg,4,Industrial,3,Highway,0.7050307393074036,False,0.11288289,9.20362
2918,C:\Users\DELL Precision 5550\Documents\GitHub\Terrasight-Eurosat-RGB-vs-Multispectral\data\raw\rgb\HerbaceousVegetation\HerbaceousVegetation_1243.jpg,2,HerbaceousVegetation,2,HerbaceousVegetation,0.9999984502792358,True,3.7103062,-0.35458356
2919,C:\Users\DELL Precision 5550\Documents\GitHub\Terrasight-Eurosat-RGB-vs-Multispectral\data\raw\rgb\Pasture\Pasture_903.jpg,5,Pasture,5,Pasture,0.9987679123878479,True,6.663743,5.4380326
2920,C:\Users\DELL Precision 5550\Documents\GitHub\Terrasight-Eurosat-RGB-vs-Multispectral\data\raw\rgb\Highway\Highway_833.jpg,3,Highway,3,Highway,0.9950969815254211,True,0.02665096,10.489632
2921,C:\Users\DELL Precision 5550\Documents\GitHub\Terrasight-Eurosat-RGB-vs-Multispectral\data\raw\rgb\Forest\Forest_441.jpg,1,Forest,1,Forest,0.9999585151672363,True,13.937046,-2.6307259
2922,C:\Users\DELL Precision 5550\Documents\GitHub\Terrasight-Eurosat-RGB-vs-Multispectral\data\raw\rgb\Pasture\Pasture_1759.jpg,5,Pasture,5,Pasture,0.9882982969284058,True,6.326999,5.1689467
2923,C:\Users\DELL Precision 5550\Documents\GitHub\Terrasight-Eurosat-RGB-vs-Multispectral\data\raw\rgb\PermanentCrop\PermanentCrop_1090.jpg,6,PermanentCrop,6,PermanentCrop,0.9694660902023315,True,1.9539846,3.1242578
2924,C:\Users\DELL Precision 5550\Documents\GitHub\Terrasight-Eurosat-RGB-vs-Multispectral\data\raw\rgb\River\River_1371.jpg,8,River,8,River,0.9956271648406982,True,5.0142326,10.316587
2925,C:\Users\DELL Precision 5550\Documents\GitHub\Terrasight-Eurosat-RGB-vs-Multispectral\data\raw\rgb\Pasture\Pasture_99.jpg,5,Pasture,2,HerbaceousVegetation,0.5760059356689453,False,5.934259,4.6858463
2926,C:\Users\DELL Precision 5550\Documents\GitHub\Terrasight-Eurosat-RGB-vs-Multispectral\data\raw\rgb\PermanentCrop\PermanentCrop_1475.jpg,6,PermanentCrop,6,PermanentCrop,0.9999085664749146,True,0.89795,3.5381658
2927,C:\Users\DELL Precision 5550\Documents\GitHub\Terrasight-Eurosat-RGB-vs-Multispectral\data\raw\rgb\SeaLake\SeaLake_996.jpg,9,SeaLake,9,SeaLake,0.9975988268852234,True,16.195534,12.503229
2928,C:\Users\DELL Precision 5550\Documents\GitHub\Terrasight-Eurosat-RGB-vs-Multispectral\data\raw\rgb\River\River_86.jpg,8,River,8,River,0.9999464750289917,True,6.0024176,10.706956
2929,C:\Users\DELL Precision 5550\Documents\GitHub\Terrasight-Eurosat-RGB-vs-Multispectral\data\raw\rgb\HerbaceousVegetation\HerbaceousVegetation_621.jpg,2,HerbaceousVegetation,2,HerbaceousVegetation,0.9760624766349792,True,4.4296255,1.5434368
2930,C:\Users\DELL Precision 5550\Documents\GitHub\Terrasight-Eurosat-RGB-vs-Multispectral\data\raw\rgb\Forest\Forest_2482.jpg,1,Forest,1,Forest,0.9999725818634033,True,13.902544,-1.531948
2931,C:\Users\DELL Precision 5550\Documents\GitHub\Terrasight-Eurosat-RGB-vs-Multispectral\data\raw\rgb\PermanentCrop\PermanentCrop_1087.jpg,6,PermanentCrop,6,PermanentCrop,0.9999998807907104,True,0.8013387,4.0487967
2932,C:\Users\DELL Precision 5550\Documents\GitHub\Terrasight-Eurosat-RGB-vs-Multispectral\data\raw\rgb\HerbaceousVegetation\HerbaceousVegetation_2395.jpg,2,HerbaceousVegetation,2,HerbaceousVegetation,0.9989814162254333,True,4.0002723,1.8325548
2933,C:\Users\DELL Precision 5550\Documents\GitHub\Terrasight-Eurosat-RGB-vs-Multispectral\data\raw\rgb\Pasture\Pasture_805.jpg,5,Pasture,5,Pasture,0.9998486042022705,True,7.428326,5.3976665
2934,C:\Users\DELL Precision 5550\Documents\GitHub\Terrasight-Eurosat-RGB-vs-Multispectral\data\raw\rgb\SeaLake\SeaLake_1139.jpg,9,SeaLake,9,SeaLake,0.9996366500854492,True,17.100794,11.503562
2935,C:\Users\DELL Precision 5550\Documents\GitHub\Terrasight-Eurosat-RGB-vs-Multispectral\data\raw\rgb\SeaLake\SeaLake_713.jpg,9,SeaLake,9,SeaLake,0.9999511241912842,True,17.314959,12.398326
2936,C:\Users\DELL Precision 5550\Documents\GitHub\Terrasight-Eurosat-RGB-vs-Multispectral\data\raw\rgb\Highway\Highway_224.jpg,3,Highway,3,Highway,0.9981908202171326,True,0.22480956,9.79174
2937,C:\Users\DELL Precision 5550\Documents\GitHub\Terrasight-Eurosat-RGB-vs-Multispectral\data\raw\rgb\Residential\Residential_803.jpg,7,Residential,7,Residential,0.9934977293014526,True,-6.7647285,-4.216754
2938,C:\Users\DELL Precision 5550\Documents\GitHub\Terrasight-Eurosat-RGB-vs-Multispectral\data\raw\rgb\Highway\Highway_952.jpg,3,Highway,3,Highway,0.9996639490127563,True,-0.32791647,9.751962
2939,C:\Users\DELL Precision 5550\Documents\GitHub\Terrasight-Eurosat-RGB-vs-Multispectral\data\raw\rgb\Residential\Residential_1365.jpg,7,Residential,7,Residential,0.9995285272598267,True,-5.7821617,-3.459231
2940,C:\Users\DELL Precision 5550\Documents\GitHub\Terrasight-Eurosat-RGB-vs-Multispectral\data\raw\rgb\Pasture\Pasture_388.jpg,5,Pasture,5,Pasture,0.9533816576004028,True,6.4471097,4.818089
2941,C:\Users\DELL Precision 5550\Documents\GitHub\Terrasight-Eurosat-RGB-vs-Multispectral\data\raw\rgb\HerbaceousVegetation\HerbaceousVegetation_821.jpg,2,HerbaceousVegetation,2,HerbaceousVegetation,0.9999984502792358,True,4.147191,0.9270988
2942,C:\Users\DELL Precision 5550\Documents\GitHub\Terrasight-Eurosat-RGB-vs-Multispectral\data\raw\rgb\Forest\Forest_382.jpg,1,Forest,1,Forest,0.9999971389770508,True,14.50732,-2.0884137
2943,C:\Users\DELL Precision 5550\Documents\GitHub\Terrasight-Eurosat-RGB-vs-Multispectral\data\raw\rgb\AnnualCrop\AnnualCrop_2527.jpg,0,AnnualCrop,0,AnnualCrop,0.9999799728393555,True,2.3256912,14.513022
2944,C:\Users\DELL Precision 5550\Documents\GitHub\Terrasight-Eurosat-RGB-vs-Multispectral\data\raw\rgb\River\River_601.jpg,8,River,8,River,0.96833336353302,True,4.2597275,10.626903
2945,C:\Users\DELL Precision 5550\Documents\GitHub\Terrasight-Eurosat-RGB-vs-Multispectral\data\raw\rgb\Industrial\Industrial_2347.jpg,4,Industrial,4,Industrial,0.972247838973999,True,-7.1829467,2.039518
2946,C:\Users\DELL Precision 5550\Documents\GitHub\Terrasight-Eurosat-RGB-vs-Multispectral\data\raw\rgb\Industrial\Industrial_1856.jpg,4,Industrial,4,Industrial,0.9996522665023804,True,-7.8690095,1.7381852
2947,C:\Users\DELL Precision 5550\Documents\GitHub\Terrasight-Eurosat-RGB-vs-Multispectral\data\raw\rgb\Industrial\Industrial_1286.jpg,4,Industrial,4,Industrial,0.9934317469596863,True,-8.057417,1.370107
2948,C:\Users\DELL Precision 5550\Documents\GitHub\Terrasight-Eurosat-RGB-vs-Multispectral\data\raw\rgb\Residential\Residential_71.jpg,7,Residential,7,Residential,0.9939695596694946,True,-6.7847457,-4.1079216
2949,C:\Users\DELL Precision 5550\Documents\GitHub\Terrasight-Eurosat-RGB-vs-Multispectral\data\raw\rgb\Highway\Highway_20.jpg,3,Highway,3,Highway,0.9991330504417419,True,-0.8554019,9.758442
2950,C:\Users\DELL Precision 5550\Documents\GitHub\Terrasight-Eurosat-RGB-vs-Multispectral\data\raw\rgb\Forest\Forest_2369.jpg,1,Forest,1,Forest,0.9999794960021973,True,13.920417,-2.866407
2951,C:\Users\DELL Precision 5550\Documents\GitHub\Terrasight-Eurosat-RGB-vs-Multispectral\data\raw\rgb\SeaLake\SeaLake_2452.jpg,9,SeaLake,9,SeaLake,0.9991639852523804,True,15.990909,12.080376
2952,C:\Users\DELL Precision 5550\Documents\GitHub\Terrasight-Eurosat-RGB-vs-Multispectral\data\raw\rgb\Industrial\Industrial_2210.jpg,4,Industrial,4,Industrial,0.9553792476654053,True,-6.6958566,1.2630898
2953,C:\Users\DELL Precision 5550\Documents\GitHub\Terrasight-Eurosat-RGB-vs-Multispectral\data\raw\rgb\AnnualCrop\AnnualCrop_979.jpg,0,AnnualCrop,0,AnnualCrop,0.8011791110038757,True,2.7576149,11.725123
2954,C:\Users\DELL Precision 5550\Documents\GitHub\Terrasight-Eurosat-RGB-vs-Multispectral\data\raw\rgb\SeaLake\SeaLake_891.jpg,9,SeaLake,9,SeaLake,0.9999895095825195,True,17.217306,13.239664
2955,C:\Users\DELL Precision 5550\Documents\GitHub\Terrasight-Eurosat-RGB-vs-Multispectral\data\raw\rgb\Forest\Forest_2417.jpg,1,Forest,1,Forest,0.9999850988388062,True,14.800408,-1.6639624
2956,C:\Users\DELL Precision 5550\Documents\GitHub\Terrasight-Eurosat-RGB-vs-Multispectral\data\raw\rgb\PermanentCrop\PermanentCrop_273.jpg,6,PermanentCrop,6,PermanentCrop,0.997337281703949,True,2.124118,3.826518
2957,C:\Users\DELL Precision 5550\Documents\GitHub\Terrasight-Eurosat-RGB-vs-Multispectral\data\raw\rgb\PermanentCrop\PermanentCrop_1407.jpg,6,PermanentCrop,6,PermanentCrop,0.9834611415863037,True,1.5822748,4.857915
2958,C:\Users\DELL Precision 5550\Documents\GitHub\Terrasight-Eurosat-RGB-vs-Multispectral\data\raw\rgb\Residential\Residential_105.jpg,7,Residential,7,Residential,0.9986059069633484,True,-5.6315527,-3.6010675
2959,C:\Users\DELL Precision 5550\Documents\GitHub\Terrasight-Eurosat-RGB-vs-Multispectral\data\raw\rgb\Forest\Forest_182.jpg,1,Forest,1,Forest,0.9999972581863403,True,14.768273,-1.985557
2960,C:\Users\DELL Precision 5550\Documents\GitHub\Terrasight-Eurosat-RGB-vs-Multispectral\data\raw\rgb\AnnualCrop\AnnualCrop_1592.jpg,0,AnnualCrop,6,PermanentCrop,0.8449426293373108,False,2.7831063,4.4515057
2961,C:\Users\DELL Precision 5550\Documents\GitHub\Terrasight-Eurosat-RGB-vs-Multispectral\data\raw\rgb\SeaLake\SeaLake_2859.jpg,9,SeaLake,9,SeaLake,0.9987998008728027,True,16.912455,11.348569
2962,C:\Users\DELL Precision 5550\Documents\GitHub\Terrasight-Eurosat-RGB-vs-Multispectral\data\raw\rgb\Industrial\Industrial_806.jpg,4,Industrial,4,Industrial,0.9999145269393921,True,-8.0289955,1.888846
2963,C:\Users\DELL Precision 5550\Documents\GitHub\Terrasight-Eurosat-RGB-vs-Multispectral\data\raw\rgb\Pasture\Pasture_222.jpg,5,Pasture,5,Pasture,0.9997788071632385,True,7.452492,5.3825607
2964,C:\Users\DELL Precision 5550\Documents\GitHub\Terrasight-Eurosat-RGB-vs-Multispectral\data\raw\rgb\Residential\Residential_2246.jpg,7,Residential,7,Residential,0.997031569480896,True,-6.699372,-3.7673438
2965,C:\Users\DELL Precision 5550\Documents\GitHub\Terrasight-Eurosat-RGB-vs-Multispectral\data\raw\rgb\AnnualCrop\AnnualCrop_2334.jpg,0,AnnualCrop,0,AnnualCrop,0.9985688924789429,True,2.3677244,13.123977
2966,C:\Users\DELL Precision 5550\Documents\GitHub\Terrasight-Eurosat-RGB-vs-Multispectral\data\raw\rgb\SeaLake\SeaLake_2292.jpg,9,SeaLake,9,SeaLake,0.9999836683273315,True,17.391941,12.678663
2967,C:\Users\DELL Precision 5550\Documents\GitHub\Terrasight-Eurosat-RGB-vs-Multispectral\data\raw\rgb\PermanentCrop\PermanentCrop_873.jpg,6,PermanentCrop,6,PermanentCrop,0.5252659916877747,True,3.1012185,3.797357
2968,C:\Users\DELL Precision 5550\Documents\GitHub\Terrasight-Eurosat-RGB-vs-Multispectral\data\raw\rgb\SeaLake\SeaLake_786.jpg,9,SeaLake,9,SeaLake,0.9993096590042114,True,15.954994,11.902793
2969,C:\Users\DELL Precision 5550\Documents\GitHub\Terrasight-Eurosat-RGB-vs-Multispectral\data\raw\rgb\HerbaceousVegetation\HerbaceousVegetation_869.jpg,2,HerbaceousVegetation,6,PermanentCrop,0.6492816805839539,False,2.230897,2.9026885
2970,C:\Users\DELL Precision 5550\Documents\GitHub\Terrasight-Eurosat-RGB-vs-Multispectral\data\raw\rgb\Forest\Forest_2611.jpg,1,Forest,1,Forest,0.8646578788757324,True,13.642552,-0.45886067
2971,C:\Users\DELL Precision 5550\Documents\GitHub\Terrasight-Eurosat-RGB-vs-Multispectral\data\raw\rgb\HerbaceousVegetation\HerbaceousVegetation_2475.jpg,2,HerbaceousVegetation,2,HerbaceousVegetation,0.9999889135360718,True,2.9161537,0.67152184
2972,C:\Users\DELL Precision 5550\Documents\GitHub\Terrasight-Eurosat-RGB-vs-Multispectral\data\raw\rgb\AnnualCrop\AnnualCrop_877.jpg,0,AnnualCrop,0,AnnualCrop,1.0,True,2.5699158,16.11792
2973,C:\Users\DELL Precision 5550\Documents\GitHub\Terrasight-Eurosat-RGB-vs-Multispectral\data\raw\rgb\AnnualCrop\AnnualCrop_445.jpg,0,AnnualCrop,2,HerbaceousVegetation,0.43574491143226624,False,3.1795876,11.1320505
2974,C:\Users\DELL Precision 5550\Documents\GitHub\Terrasight-Eurosat-RGB-vs-Multispectral\data\raw\rgb\AnnualCrop\AnnualCrop_831.jpg,0,AnnualCrop,0,AnnualCrop,0.9972378015518188,True,3.0300603,12.563228
2975,C:\Users\DELL Precision 5550\Documents\GitHub\Terrasight-Eurosat-RGB-vs-Multispectral\data\raw\rgb\SeaLake\SeaLake_1871.jpg,9,SeaLake,9,SeaLake,0.9994328618049622,True,16.20075,12.104007
2976,C:\Users\DELL Precision 5550\Documents\GitHub\Terrasight-Eurosat-RGB-vs-Multispectral\data\raw\rgb\Forest\Forest_2041.jpg,1,Forest,1,Forest,1.0,True,14.913202,-3.203171
2977,C:\Users\DELL Precision 5550\Documents\GitHub\Terrasight-Eurosat-RGB-vs-Multispectral\data\raw\rgb\SeaLake\SeaLake_193.jpg,9,SeaLake,9,SeaLake,0.9999622106552124,True,17.003712,13.177728
2978,C:\Users\DELL Precision 5550\Documents\GitHub\Terrasight-Eurosat-RGB-vs-Multispectral\data\raw\rgb\AnnualCrop\AnnualCrop_313.jpg,0,AnnualCrop,0,AnnualCrop,0.9999983310699463,True,2.7437499,15.209703
2979,C:\Users\DELL Precision 5550\Documents\GitHub\Terrasight-Eurosat-RGB-vs-Multispectral\data\raw\rgb\HerbaceousVegetation\HerbaceousVegetation_171.jpg,2,HerbaceousVegetation,2,HerbaceousVegetation,0.9999792575836182,True,4.235999,0.25751394
2980,C:\Users\DELL Precision 5550\Documents\GitHub\Terrasight-Eurosat-RGB-vs-Multispectral\data\raw\rgb\AnnualCrop\AnnualCrop_592.jpg,0,AnnualCrop,5,Pasture,0.8606964349746704,False,6.836005,5.059732
2981,C:\Users\DELL Precision 5550\Documents\GitHub\Terrasight-Eurosat-RGB-vs-Multispectral\data\raw\rgb\HerbaceousVegetation\HerbaceousVegetation_415.jpg,2,HerbaceousVegetation,2,HerbaceousVegetation,0.9999933242797852,True,3.8109934,0.9683432
2982,C:\Users\DELL Precision 5550\Documents\GitHub\Terrasight-Eurosat-RGB-vs-Multispectral\data\raw\rgb\Highway\Highway_319.jpg,3,Highway,3,Highway,0.9993854761123657,True,-0.7833512,10.48423
2983,C:\Users\DELL Precision 5550\Documents\GitHub\Terrasight-Eurosat-RGB-vs-Multispectral\data\raw\rgb\AnnualCrop\AnnualCrop_2930.jpg,0,AnnualCrop,0,AnnualCrop,0.9984073042869568,True,2.2510908,13.059811
2984,C:\Users\DELL Precision 5550\Documents\GitHub\Terrasight-Eurosat-RGB-vs-Multispectral\data\raw\rgb\PermanentCrop\PermanentCrop_537.jpg,6,PermanentCrop,6,PermanentCrop,0.9458804726600647,True,2.5975757,3.9261842
2985,C:\Users\DELL Precision 5550\Documents\GitHub\Terrasight-Eurosat-RGB-vs-Multispectral\data\raw\rgb\Forest\Forest_2619.jpg,1,Forest,1,Forest,0.9999997615814209,True,14.703225,-3.513467
2986,C:\Users\DELL Precision 5550\Documents\GitHub\Terrasight-Eurosat-RGB-vs-Multispectral\data\raw\rgb\Industrial\Industrial_1529.jpg,4,Industrial,4,Industrial,0.999467670917511,True,-8.092458,2.1155355
2987,C:\Users\DELL Precision 5550\Documents\GitHub\Terrasight-Eurosat-RGB-vs-Multispectral\data\raw\rgb\Residential\Residential_2375.jpg,7,Residential,7,Residential,0.9995819926261902,True,-5.2793784,-4.13702
2988,C:\Users\DELL Precision 5550\Documents\GitHub\Terrasight-Eurosat-RGB-vs-Multispectral\data\raw\rgb\Industrial\Industrial_1606.jpg,4,Industrial,4,Industrial,0.949569046497345,True,-8.130618,1.061596
2989,C:\Users\DELL Precision 5550\Documents\GitHub\Terrasight-Eurosat-RGB-vs-Multispectral\data\raw\rgb\Highway\Highway_1642.jpg,3,Highway,3,Highway,0.997326135635376,True,-0.3531897,9.892753
2990,C:\Users\DELL Precision 5550\Documents\GitHub\Terrasight-Eurosat-RGB-vs-Multispectral\data\raw\rgb\Residential\Residential_332.jpg,7,Residential,7,Residential,0.999981164932251,True,-6.1754065,-4.105899
2991,C:\Users\DELL Precision 5550\Documents\GitHub\Terrasight-Eurosat-RGB-vs-Multispectral\data\raw\rgb\AnnualCrop\AnnualCrop_2836.jpg,0,AnnualCrop,0,AnnualCrop,0.9998636245727539,True,2.1580594,13.726134
2992,C:\Users\DELL Precision 5550\Documents\GitHub\Terrasight-Eurosat-RGB-vs-Multispectral\data\raw\rgb\Highway\Highway_1555.jpg,3,Highway,3,Highway,0.9993970394134521,True,-0.74360895,10.568354
2993,C:\Users\DELL Precision 5550\Documents\GitHub\Terrasight-Eurosat-RGB-vs-Multispectral\data\raw\rgb\Industrial\Industrial_574.jpg,4,Industrial,4,Industrial,0.9995118379592896,True,-8.349772,1.3615996
2994,C:\Users\DELL Precision 5550\Documents\GitHub\Terrasight-Eurosat-RGB-vs-Multispectral\data\raw\rgb\AnnualCrop\AnnualCrop_452.jpg,0,AnnualCrop,0,AnnualCrop,0.9999995231628418,True,2.4829464,15.245885
2995,C:\Users\DELL Precision 5550\Documents\GitHub\Terrasight-Eurosat-RGB-vs-Multispectral\data\raw\rgb\PermanentCrop\PermanentCrop_1781.jpg,6,PermanentCrop,6,PermanentCrop,0.9530172944068909,True,2.611428,3.4907176
2996,C:\Users\DELL Precision 5550\Documents\GitHub\Terrasight-Eurosat-RGB-vs-Multispectral\data\raw\rgb\AnnualCrop\AnnualCrop_1913.jpg,0,AnnualCrop,0,AnnualCrop,0.999996542930603,True,2.2781668,14.624811
2997,C:\Users\DELL Precision 5550\Documents\GitHub\Terrasight-Eurosat-RGB-vs-Multispectral\data\raw\rgb\AnnualCrop\AnnualCrop_2595.jpg,0,AnnualCrop,0,AnnualCrop,0.8970323801040649,True,2.8180006,11.57385
2998,C:\Users\DELL Precision 5550\Documents\GitHub\Terrasight-Eurosat-RGB-vs-Multispectral\data\raw\rgb\Highway\Highway_1851.jpg,3,Highway,3,Highway,0.9998987913131714,True,-0.39949688,10.303179
2999,C:\Users\DELL Precision 5550\Documents\GitHub\Terrasight-Eurosat-RGB-vs-Multispectral\data\raw\rgb\SeaLake\SeaLake_774.jpg,9,SeaLake,9,SeaLake,0.9998501539230347,True,15.861799,10.509306
