sample_index,path,true_label,true_class,predicted_label,predicted_class,confidence,correct,dim1,dim2
0,C:\Users\DELL Precision 5550\Documents\GitHub\Terrasight-Eurosat-RGB-vs-Multispectral\data\raw\multispectral\AnnualCrop\AnnualCrop_2035.tif,0,AnnualCrop,0,AnnualCrop,0.9860072135925293,True,-33.01495,-22.747223
1,C:\Users\DELL Precision 5550\Documents\GitHub\Terrasight-Eurosat-RGB-vs-Multispectral\data\raw\multispectral\Industrial\Industrial_926.tif,4,Industrial,4,Industrial,0.9992198944091797,True,44.189255,-20.701817
2,C:\Users\DELL Precision 5550\Documents\GitHub\Terrasight-Eurosat-RGB-vs-Multispectral\data\raw\multispectral\AnnualCrop\AnnualCrop_705.tif,0,AnnualCrop,0,AnnualCrop,0.9761533737182617,True,-23.96493,-32.468178
3,C:\Users\DELL Precision 5550\Documents\GitHub\Terrasight-Eurosat-RGB-vs-Multispectral\data\raw\multispectral\Forest\Forest_2954.tif,1,Forest,1,Forest,0.9985663294792175,True,23.594873,29.543142
4,C:\Users\DELL Precision 5550\Documents\GitHub\Terrasight-Eurosat-RGB-vs-Multispectral\data\raw\multispectral\Industrial\Industrial_70.tif,4,Industrial,4,Industrial,0.9999783039093018,True,44.448235,-28.915834
5,C:\Users\DELL Precision 5550\Documents\GitHub\Terrasight-Eurosat-RGB-vs-Multispectral\data\raw\multispectral\PermanentCrop\PermanentCrop_1176.tif,6,PermanentCrop,6,PermanentCrop,0.9991338849067688,True,-2.1652253,-25.512547
6,C:\Users\DELL Precision 5550\Documents\GitHub\Terrasight-Eurosat-RGB-vs-Multispectral\data\raw\multispectral\HerbaceousVegetation\HerbaceousVegetation_2302.tif,2,HerbaceousVegetation,2,HerbaceousVegetation,0.9991562366485596,True,-3.547049,5.311301
7,C:\Users\DELL Precision 5550\Documents\GitHub\Terrasight-Eurosat-RGB-vs-Multispectral\data\raw\multispectral\Pasture\Pasture_683.tif,5,Pasture,5,Pasture,0.9916951060295105,True,-39.620712,-6.0898485
8,C:\Users\DELL Precision 5550\Documents\GitHub\Terrasight-Eurosat-RGB-vs-Multispectral\data\raw\multispectral\PermanentCrop\PermanentCrop_580.tif,6,PermanentCrop,6,PermanentCrop,0.5950821042060852,True,-15.342445,-29.333925
9,C:\Users\DELL Precision 5550\Documents\GitHub\Terrasight-Eurosat-RGB-vs-Multispectral\data\raw\multispectral\Pasture\Pasture_1171.tif,5,Pasture,5,Pasture,0.9869133830070496,True,-32.472782,-7.431356
10,C:\Users\DELL Precision 5550\Documents\GitHub\Terrasight-Eurosat-RGB-vs-Multispectral\data\raw\multispectral\HerbaceousVegetation\HerbaceousVegetation_1929.tif,2,HerbaceousVegetation,2,HerbaceousVegetation,0.9999243021011353,True,-4.6156096,12.179821
11,C:\Users\DELL Precision 5550\Documents\GitHub\Terrasight-Eurosat-RGB-vs-Multispectral\data\raw\multispectral\SeaLake\SeaLake_1146.tif,9,SeaLake,9,SeaLake,0.999992847442627,True,-6.350729,63.82904
12,C:\Users\DELL Precision 5550\Documents\GitHub\Terrasight-Eurosat-RGB-vs-Multispectral\data\raw\multispectral\Highway\Highway_1805.tif,3,Highway,3,Highway,0.9989331364631653,True,18.624811,-51.283188
13,C:\Users\DELL Precision 5550\Documents\GitHub\Terrasight-Eurosat-RGB-vs-Multispectral\data\raw\multispectral\Forest\Forest_947.tif,1,Forest,1,Forest,0.9992604851722717,True,23.02448,39.618137
14,C:\Users\DELL Precision 5550\Documents\GitHub\Terrasight-Eurosat-RGB-vs-Multispectral\data\raw\multispectral\Highway\Highway_2329.tif,3,Highway,3,Highway,0.9628456830978394,True,9.758634,-59.856495
15,C:\Users\DELL Precision 5550\Documents\GitHub\Terrasight-Eurosat-RGB-vs-Multispectral\data\raw\multispectral\SeaLake\SeaLake_2057.tif,9,SeaLake,9,SeaLake,0.99989914894104,True,-12.399856,55.297775
16,C:\Users\DELL Precision 5550\Documents\GitHub\Terrasight-Eurosat-RGB-vs-Multispectral\data\raw\multispectral\AnnualCrop\AnnualCrop_1674.tif,0,AnnualCrop,0,AnnualCrop,0.8173800706863403,True,-34.368847,-18.287092
17,C:\Users\DELL Precision 5550\Documents\GitHub\Terrasight-Eurosat-RGB-vs-Multispectral\data\raw\multispectral\SeaLake\SeaLake_1387.tif,9,SeaLake,9,SeaLake,0.9999639987945557,True,-9.284039,54.373325
18,C:\Users\DELL Precision 5550\Documents\GitHub\Terrasight-Eurosat-RGB-vs-Multispectral\data\raw\multispectral\Forest\Forest_1109.tif,1,Forest,1,Forest,0.9972004890441895,True,13.880909,31.532513
19,C:\Users\DELL Precision 5550\Documents\GitHub\Terrasight-Eurosat-RGB-vs-Multispectral\data\raw\multispectral\AnnualCrop\AnnualCrop_799.tif,0,AnnualCrop,0,AnnualCrop,0.8029090762138367,True,-37.20504,-22.796387
20,C:\Users\DELL Precision 5550\Documents\GitHub\Terrasight-Eurosat-RGB-vs-Multispectral\data\raw\multispectral\AnnualCrop\AnnualCrop_2030.tif,0,AnnualCrop,0,AnnualCrop,0.9752010107040405,True,-26.25444,-32.26575
21,C:\Users\DELL Precision 5550\Documents\GitHub\Terrasight-Eurosat-RGB-vs-Multispectral\data\raw\multispectral\SeaLake\SeaLake_2697.tif,9,SeaLake,9,SeaLake,0.9999067783355713,True,-13.177961,54.64407
22,C:\Users\DELL Precision 5550\Documents\GitHub\Terrasight-Eurosat-RGB-vs-Multispectral\data\raw\multispectral\AnnualCrop\AnnualCrop_922.tif,0,AnnualCrop,0,AnnualCrop,0.998068630695343,True,-28.85996,-33.80325
23,C:\Users\DELL Precision 5550\Documents\GitHub\Terrasight-Eurosat-RGB-vs-Multispectral\data\raw\multispectral\HerbaceousVegetation\HerbaceousVegetation_2337.tif,2,HerbaceousVegetation,2,HerbaceousVegetation,0.9990857839584351,True,-6.9413104,10.234223
24,C:\Users\DELL Precision 5550\Documents\GitHub\Terrasight-Eurosat-RGB-vs-Multispectral\data\raw\multispectral\Pasture\Pasture_18.tif,5,Pasture,5,Pasture,0.9759718775749207,True,-43.0562,-7.4376154
25,C:\Users\DELL Precision 5550\Documents\GitHub\Terrasight-Eurosat-RGB-vs-Multispectral\data\raw\multispectral\Industrial\Industrial_1837.tif,4,Industrial,4,Industrial,0.9987426400184631,True,45.176544,-19.282911
26,C:\Users\DELL Precision 5550\Documents\GitHub\Terrasight-Eurosat-RGB-vs-Multispectral\data\raw\multispectral\SeaLake\SeaLake_376.tif,9,SeaLake,9,SeaLake,0.9999585151672363,True,-9.833564,54.526886
27,C:\Users\DELL Precision 5550\Documents\GitHub\Terrasight-Eurosat-RGB-vs-Multispectral\data\raw\multispectral\Residential\Residential_1129.tif,7,Residential,7,Residential,0.9999998807907104,True,57.371616,13.434288
28,C:\Users\DELL Precision 5550\Documents\GitHub\Terrasight-Eurosat-RGB-vs-Multispectral\data\raw\multispectral\HerbaceousVegetation\HerbaceousVegetation_2853.tif,2,HerbaceousVegetation,2,HerbaceousVegetation,0.9954883456230164,True,1.9212782,5.5688148
29,C:\Users\DELL Precision 5550\Documents\GitHub\Terrasight-Eurosat-RGB-vs-Multispectral\data\raw\multispectral\PermanentCrop\PermanentCrop_1680.tif,6,PermanentCrop,6,PermanentCrop,0.9962702989578247,True,-5.286485,-22.640379
30,C:\Users\DELL Precision 5550\Documents\GitHub\Terrasight-Eurosat-RGB-vs-Multispectral\data\raw\multispectral\Residential\Residential_2920.tif,7,Residential,7,Residential,0.999885082244873,True,42.268425,4.2835727
31,C:\Users\DELL Precision 5550\Documents\GitHub\Terrasight-Eurosat-RGB-vs-Multispectral\data\raw\multispectral\SeaLake\SeaLake_859.tif,9,SeaLake,9,SeaLake,0.9997658133506775,True,-9.807354,49.369396
32,C:\Users\DELL Precision 5550\Documents\GitHub\Terrasight-Eurosat-RGB-vs-Multispectral\data\raw\multispectral\PermanentCrop\PermanentCrop_2348.tif,6,PermanentCrop,6,PermanentCrop,0.9999845027923584,True,-3.3388443,-33.079018
33,C:\Users\DELL Precision 5550\Documents\GitHub\Terrasight-Eurosat-RGB-vs-Multispectral\data\raw\multispectral\PermanentCrop\PermanentCrop_1643.tif,6,PermanentCrop,6,PermanentCrop,0.9691560864448547,True,-7.2293787,-22.195007
34,C:\Users\DELL Precision 5550\Documents\GitHub\Terrasight-Eurosat-RGB-vs-Multispectral\data\raw\multispectral\Forest\Forest_2229.tif,1,Forest,1,Forest,0.9948083758354187,True,9.409236,32.355053
35,C:\Users\DELL Precision 5550\Documents\GitHub\Terrasight-Eurosat-RGB-vs-Multispectral\data\raw\multispectral\River\River_555.tif,8,River,8,River,0.9998810291290283,True,-49.17311,23.74723
36,C:\Users\DELL Precision 5550\Documents\GitHub\Terrasight-Eurosat-RGB-vs-Multispectral\data\raw\multispectral\Highway\Highway_1344.tif,3,Highway,3,Highway,0.9962608218193054,True,19.027378,-53.582615
37,C:\Users\DELL Precision 5550\Documents\GitHub\Terrasight-Eurosat-RGB-vs-Multispectral\data\raw\multispectral\Industrial\Industrial_1198.tif,4,Industrial,4,Industrial,0.9999760389328003,True,42.343155,-27.393057
38,C:\Users\DELL Precision 5550\Documents\GitHub\Terrasight-Eurosat-RGB-vs-Multispectral\data\raw\multispectral\Pasture\Pasture_1196.tif,5,Pasture,0,AnnualCrop,0.8009070158004761,False,-29.80988,-11.538188
39,C:\Users\DELL Precision 5550\Documents\GitHub\Terrasight-Eurosat-RGB-vs-Multispectral\data\raw\multispectral\Industrial\Industrial_2004.tif,4,Industrial,4,Industrial,0.991907000541687,True,38.309658,-17.353409
40,C:\Users\DELL Precision 5550\Documents\GitHub\Terrasight-Eurosat-RGB-vs-Multispectral\data\raw\multispectral\HerbaceousVegetation\HerbaceousVegetation_2584.tif,2,HerbaceousVegetation,2,HerbaceousVegetation,0.9723560214042664,True,-15.71426,4.203569
41,C:\Users\DELL Precision 5550\Documents\GitHub\Terrasight-Eurosat-RGB-vs-Multispectral\data\raw\multispectral\Forest\Forest_2101.tif,1,Forest,1,Forest,0.9005946516990662,True,20.349566,34.724335
42,C:\Users\DELL Precision 5550\Documents\GitHub\Terrasight-Eurosat-RGB-vs-Multispectral\data\raw\multispectral\AnnualCrop\AnnualCrop_565.tif,0,AnnualCrop,0,AnnualCrop,0.9985315799713135,True,-27.664883,-34.762474
43,C:\Users\DELL Precision 5550\Documents\GitHub\Terrasight-Eurosat-RGB-vs-Multispectral\data\raw\multispectral\AnnualCrop\AnnualCrop_2984.tif,0,AnnualCrop,0,AnnualCrop,0.9902978539466858,True,-29.725082,-25.756308
44,C:\Users\DELL Precision 5550\Documents\GitHub\Terrasight-Eurosat-RGB-vs-Multispectral\data\raw\multispectral\Highway\Highway_1130.tif,3,Highway,3,Highway,0.925399661064148,True,16.688774,-43.769306
45,C:\Users\DELL Precision 5550\Documents\GitHub\Terrasight-Eurosat-RGB-vs-Multispectral\data\raw\multispectral\HerbaceousVegetation\HerbaceousVegetation_2698.tif,2,HerbaceousVegetation,2,HerbaceousVegetation,0.9949091076850891,True,5.8575544,-3.0821154
46,C:\Users\DELL Precision 5550\Documents\GitHub\Terrasight-Eurosat-RGB-vs-Multispectral\data\raw\multispectral\Forest\Forest_1045.tif,1,Forest,1,Forest,0.9994837045669556,True,19.969622,37.02143
47,C:\Users\DELL Precision 5550\Documents\GitHub\Terrasight-Eurosat-RGB-vs-Multispectral\data\raw\multispectral\SeaLake\SeaLake_2979.tif,9,SeaLake,9,SeaLake,0.9999992847442627,True,2.2270281,67.42309
48,C:\Users\DELL Precision 5550\Documents\GitHub\Terrasight-Eurosat-RGB-vs-Multispectral\data\raw\multispectral\Highway\Highway_491.tif,3,Highway,3,Highway,0.992508590221405,True,6.3407416,-54.754456
49,C:\Users\DELL Precision 5550\Documents\GitHub\Terrasight-Eurosat-RGB-vs-Multispectral\data\raw\multispectral\HerbaceousVegetation\HerbaceousVegetation_832.tif,2,HerbaceousVegetation,2,HerbaceousVegetation,0.9841280579566956,True,-13.016318,-2.0463252
50,C:\Users\DELL Precision 5550\Documents\GitHub\Terrasight-Eurosat-RGB-vs-Multispectral\data\raw\multispectral\Forest\Forest_1.tif,1,Forest,1,Forest,0.9776645302772522,True,9.020452,21.42631
51,C:\Users\DELL Precision 5550\Documents\GitHub\Terrasight-Eurosat-RGB-vs-Multispectral\data\raw\multispectral\River\River_651.tif,8,River,8,River,0.9997014403343201,True,-38.604607,30.077606
52,C:\Users\DELL Precision 5550\Documents\GitHub\Terrasight-Eurosat-RGB-vs-Multispectral\data\raw\multispectral\AnnualCrop\AnnualCrop_2833.tif,0,AnnualCrop,0,AnnualCrop,0.9939950108528137,True,-29.830236,-36.338867
53,C:\Users\DELL Precision 5550\Documents\GitHub\Terrasight-Eurosat-RGB-vs-Multispectral\data\raw\multispectral\Residential\Residential_478.tif,7,Residential,7,Residential,0.7484279274940491,True,32.37688,-12.783648
54,C:\Users\DELL Precision 5550\Documents\GitHub\Terrasight-Eurosat-RGB-vs-Multispectral\data\raw\multispectral\HerbaceousVegetation\HerbaceousVegetation_773.tif,2,HerbaceousVegetation,2,HerbaceousVegetation,0.9878968000411987,True,0.77082163,0.058712535
55,C:\Users\DELL Precision 5550\Documents\GitHub\Terrasight-Eurosat-RGB-vs-Multispectral\data\raw\multispectral\AnnualCrop\AnnualCrop_2516.tif,0,AnnualCrop,0,AnnualCrop,0.9916744828224182,True,-34.936108,-20.273123
56,C:\Users\DELL Precision 5550\Documents\GitHub\Terrasight-Eurosat-RGB-vs-Multispectral\data\raw\multispectral\HerbaceousVegetation\HerbaceousVegetation_396.tif,2,HerbaceousVegetation,2,HerbaceousVegetation,0.996775209903717,True,-2.3265896,7.0376315
57,C:\Users\DELL Precision 5550\Documents\GitHub\Terrasight-Eurosat-RGB-vs-Multispectral\data\raw\multispectral\AnnualCrop\AnnualCrop_2533.tif,0,AnnualCrop,6,PermanentCrop,0.8491780757904053,False,-1.3035033,-16.878853
58,C:\Users\DELL Precision 5550\Documents\GitHub\Terrasight-Eurosat-RGB-vs-Multispectral\data\raw\multispectral\AnnualCrop\AnnualCrop_978.tif,0,AnnualCrop,0,AnnualCrop,0.901016891002655,True,-31.211054,-21.293036
59,C:\Users\DELL Precision 5550\Documents\GitHub\Terrasight-Eurosat-RGB-vs-Multispectral\data\raw\multispectral\AnnualCrop\AnnualCrop_2711.tif,0,AnnualCrop,0,AnnualCrop,0.9946755170822144,True,-41.06301,-30.437834
60,C:\Users\DELL Precision 5550\Documents\GitHub\Terrasight-Eurosat-RGB-vs-Multispectral\data\raw\multispectral\PermanentCrop\PermanentCrop_1131.tif,6,PermanentCrop,6,PermanentCrop,0.7405689358711243,True,4.6666107,-10.459208
61,C:\Users\DELL Precision 5550\Documents\GitHub\Terrasight-Eurosat-RGB-vs-Multispectral\data\raw\multispectral\Industrial\Industrial_1196.tif,4,Industrial,4,Industrial,0.9995618462562561,True,35.16526,-24.143307
62,C:\Users\DELL Precision 5550\Documents\GitHub\Terrasight-Eurosat-RGB-vs-Multispectral\data\raw\multispectral\River\River_606.tif,8,River,8,River,0.996997594833374,True,-40.84382,22.423918
63,C:\Users\DELL Precision 5550\Documents\GitHub\Terrasight-Eurosat-RGB-vs-Multispectral\data\raw\multispectral\PermanentCrop\PermanentCrop_417.tif,6,PermanentCrop,2,HerbaceousVegetation,0.8637733459472656,False,10.196195,0.15071608
64,C:\Users\DELL Precision 5550\Documents\GitHub\Terrasight-Eurosat-RGB-vs-Multispectral\data\raw\multispectral\Industrial\Industrial_1540.tif,4,Industrial,4,Industrial,0.9823123812675476,True,31.674082,-16.674547
65,C:\Users\DELL Precision 5550\Documents\GitHub\Terrasight-Eurosat-RGB-vs-Multispectral\data\raw\multispectral\Forest\Forest_573.tif,1,Forest,1,Forest,0.9894723296165466,True,14.73028,21.69199
66,C:\Users\DELL Precision 5550\Documents\GitHub\Terrasight-Eurosat-RGB-vs-Multispectral\data\raw\multispectral\SeaLake\SeaLake_336.tif,9,SeaLake,9,SeaLake,0.9690034985542297,True,-13.907151,39.12804
67,C:\Users\DELL Precision 5550\Documents\GitHub\Terrasight-Eurosat-RGB-vs-Multispectral\data\raw\multispectral\River\River_1798.tif,8,River,8,River,0.9996623992919922,True,-42.69702,26.584724
68,C:\Users\DELL Precision 5550\Documents\GitHub\Terrasight-Eurosat-RGB-vs-Multispectral\data\raw\multispectral\SeaLake\SeaLake_2426.tif,9,SeaLake,9,SeaLake,0.9999778270721436,True,-8.525553,59.038826
69,C:\Users\DELL Precision 5550\Documents\GitHub\Terrasight-Eurosat-RGB-vs-Multispectral\data\raw\multispectral\Forest\Forest_88.tif,1,Forest,1,Forest,0.9997499585151672,True,24.052492,40.199924
70,C:\Users\DELL Precision 5550\Documents\GitHub\Terrasight-Eurosat-RGB-vs-Multispectral\data\raw\multispectral\Forest\Forest_1323.tif,1,Forest,1,Forest,0.9988924860954285,True,25.147816,28.653643
71,C:\Users\DELL Precision 5550\Documents\GitHub\Terrasight-Eurosat-RGB-vs-Multispectral\data\raw\multispectral\SeaLake\SeaLake_1936.tif,9,SeaLake,9,SeaLake,0.9988192915916443,True,-10.96404,40.689495
72,C:\Users\DELL Precision 5550\Documents\GitHub\Terrasight-Eurosat-RGB-vs-Multispectral\data\raw\multispectral\Residential\Residential_397.tif,7,Residential,7,Residential,0.999998927116394,True,49.01988,7.451636
73,C:\Users\DELL Precision 5550\Documents\GitHub\Terrasight-Eurosat-RGB-vs-Multispectral\data\raw\multispectral\Residential\Residential_1747.tif,7,Residential,7,Residential,0.9995455145835876,True,38.10496,6.3492627
74,C:\Users\DELL Precision 5550\Documents\GitHub\Terrasight-Eurosat-RGB-vs-Multispectral\data\raw\multispectral\Pasture\Pasture_1033.tif,5,Pasture,5,Pasture,0.8104271292686462,True,-27.8851,-6.3023057
75,C:\Users\DELL Precision 5550\Documents\GitHub\Terrasight-Eurosat-RGB-vs-Multispectral\data\raw\multispectral\Highway\Highway_1062.tif,3,Highway,3,Highway,0.9990668892860413,True,12.916589,-56.060852
76,C:\Users\DELL Precision 5550\Documents\GitHub\Terrasight-Eurosat-RGB-vs-Multispectral\data\raw\multispectral\Pasture\Pasture_547.tif,5,Pasture,5,Pasture,0.9378752708435059,True,-33.16809,-10.170473
77,C:\Users\DELL Precision 5550\Documents\GitHub\Terrasight-Eurosat-RGB-vs-Multispectral\data\raw\multispectral\SeaLake\SeaLake_1902.tif,9,SeaLake,9,SeaLake,0.9999940395355225,True,-3.8588793,63.69358
78,C:\Users\DELL Precision 5550\Documents\GitHub\Terrasight-Eurosat-RGB-vs-Multispectral\data\raw\multispectral\Residential\Residential_1071.tif,7,Residential,7,Residential,0.9999998807907104,True,49.255825,11.273039
79,C:\Users\DELL Precision 5550\Documents\GitHub\Terrasight-Eurosat-RGB-vs-Multispectral\data\raw\multispectral\PermanentCrop\PermanentCrop_542.tif,6,PermanentCrop,6,PermanentCrop,0.9664688110351562,True,-12.675923,-31.20589
80,C:\Users\DELL Precision 5550\Documents\GitHub\Terrasight-Eurosat-RGB-vs-Multispectral\data\raw\multispectral\SeaLake\SeaLake_1554.tif,9,SeaLake,9,SeaLake,0.9999998807907104,True,1.5747397,71.18059
81,C:\Users\DELL Precision 5550\Documents\GitHub\Terrasight-Eurosat-RGB-vs-Multispectral\data\raw\multispectral\Residential\Residential_27.tif,7,Residential,7,Residential,0.99993896484375,True,43.148476,5.3516464
82,C:\Users\DELL Precision 5550\Documents\GitHub\Terrasight-Eurosat-RGB-vs-Multispectral\data\raw\multispectral\SeaLake\SeaLake_630.tif,9,SeaLake,9,SeaLake,0.9998366832733154,True,-16.185698,52.671894
83,C:\Users\DELL Precision 5550\Documents\GitHub\Terrasight-Eurosat-RGB-vs-Multispectral\data\raw\multispectral\AnnualCrop\AnnualCrop_618.tif,0,AnnualCrop,0,AnnualCrop,0.999792754650116,True,-37.815697,-33.351723
84,C:\Users\DELL Precision 5550\Documents\GitHub\Terrasight-Eurosat-RGB-vs-Multispectral\data\raw\multispectral\HerbaceousVegetation\HerbaceousVegetation_290.tif,2,HerbaceousVegetation,2,HerbaceousVegetation,0.9976323843002319,True,-0.8410669,4.3857913
85,C:\Users\DELL Precision 5550\Documents\GitHub\Terrasight-Eurosat-RGB-vs-Multispectral\data\raw\multispectral\River\River_550.tif,8,River,8,River,0.9861763119697571,True,-37.842117,17.697767
86,C:\Users\DELL Precision 5550\Documents\GitHub\Terrasight-Eurosat-RGB-vs-Multispectral\data\raw\multispectral\HerbaceousVegetation\HerbaceousVegetation_2626.tif,2,HerbaceousVegetation,2,HerbaceousVegetation,0.99221271276474,True,-9.764625,2.6065886
87,C:\Users\DELL Precision 5550\Documents\GitHub\Terrasight-Eurosat-RGB-vs-Multispectral\data\raw\multispectral\Highway\Highway_2174.tif,3,Highway,3,Highway,0.9964614510536194,True,19.90052,-47.573402
88,C:\Users\DELL Precision 5550\Documents\GitHub\Terrasight-Eurosat-RGB-vs-Multispectral\data\raw\multispectral\Residential\Residential_669.tif,7,Residential,7,Residential,0.9999603033065796,True,38.823353,0.16334288
89,C:\Users\DELL Precision 5550\Documents\GitHub\Terrasight-Eurosat-RGB-vs-Multispectral\data\raw\multispectral\HerbaceousVegetation\HerbaceousVegetation_450.tif,2,HerbaceousVegetation,2,HerbaceousVegetation,0.886500895023346,True,-2.6730816,-7.013026
90,C:\Users\DELL Precision 5550\Documents\GitHub\Terrasight-Eurosat-RGB-vs-Multispectral\data\raw\multispectral\SeaLake\SeaLake_2880.tif,9,SeaLake,9,SeaLake,0.9999991655349731,True,1.379469,66.61964
91,C:\Users\DELL Precision 5550\Documents\GitHub\Terrasight-Eurosat-RGB-vs-Multispectral\data\raw\multispectral\Residential\Residential_2641.tif,7,Residential,7,Residential,0.9999511241912842,True,41.66028,12.226774
92,C:\Users\DELL Precision 5550\Documents\GitHub\Terrasight-Eurosat-RGB-vs-Multispectral\data\raw\multispectral\HerbaceousVegetation\HerbaceousVegetation_330.tif,2,HerbaceousVegetation,2,HerbaceousVegetation,0.9959614872932434,True,6.790252,0.8236762
93,C:\Users\DELL Precision 5550\Documents\GitHub\Terrasight-Eurosat-RGB-vs-Multispectral\data\raw\multispectral\AnnualCrop\AnnualCrop_1411.tif,0,AnnualCrop,0,AnnualCrop,0.991095781326294,True,-27.2596,-29.488472
94,C:\Users\DELL Precision 5550\Documents\GitHub\Terrasight-Eurosat-RGB-vs-Multispectral\data\raw\multispectral\SeaLake\SeaLake_1301.tif,9,SeaLake,9,SeaLake,0.9999958276748657,True,-0.3015538,63.90268
95,C:\Users\DELL Precision 5550\Documents\GitHub\Terrasight-Eurosat-RGB-vs-Multispectral\data\raw\multispectral\PermanentCrop\PermanentCrop_1221.tif,6,PermanentCrop,6,PermanentCrop,0.975543737411499,True,-9.575505,-24.735952
96,C:\Users\DELL Precision 5550\Documents\GitHub\Terrasight-Eurosat-RGB-vs-Multispectral\data\raw\multispectral\River\River_840.tif,8,River,8,River,0.9999011754989624,True,-42.177887,28.023354
97,C:\Users\DELL Precision 5550\Documents\GitHub\Terrasight-Eurosat-RGB-vs-Multispectral\data\raw\multispectral\Industrial\Industrial_283.tif,4,Industrial,4,Industrial,0.9789612293243408,True,36.311913,-16.334766
98,C:\Users\DELL Precision 5550\Documents\GitHub\Terrasight-Eurosat-RGB-vs-Multispectral\data\raw\multispectral\River\River_542.tif,8,River,8,River,0.9979650974273682,True,-37.184555,30.439451
99,C:\Users\DELL Precision 5550\Documents\GitHub\Terrasight-Eurosat-RGB-vs-Multispectral\data\raw\multispectral\HerbaceousVegetation\HerbaceousVegetation_2820.tif,2,HerbaceousVegetation,2,HerbaceousVegetation,0.987934947013855,True,7.978007,-1.1348352
100,C:\Users\DELL Precision 5550\Documents\GitHub\Terrasight-Eurosat-RGB-vs-Multispectral\data\raw\multispectral\Pasture\Pasture_1481.tif,5,Pasture,2,HerbaceousVegetation,0.8975454568862915,False,-18.383736,-1.2819787
101,C:\Users\DELL Precision 5550\Documents\GitHub\Terrasight-Eurosat-RGB-vs-Multispectral\data\raw\multispectral\River\River_1117.tif,8,River,8,River,0.8735466003417969,True,-35.628376,15.605498
102,C:\Users\DELL Precision 5550\Documents\GitHub\Terrasight-Eurosat-RGB-vs-Multispectral\data\raw\multispectral\PermanentCrop\PermanentCrop_813.tif,6,PermanentCrop,6,PermanentCrop,0.9185301661491394,True,-8.780295,-23.000315
103,C:\Users\DELL Precision 5550\Documents\GitHub\Terrasight-Eurosat-RGB-vs-Multispectral\data\raw\multispectral\Residential\Residential_730.tif,7,Residential,7,Residential,0.9999929666519165,True,41.511818,11.055999
104,C:\Users\DELL Precision 5550\Documents\GitHub\Terrasight-Eurosat-RGB-vs-Multispectral\data\raw\multispectral\HerbaceousVegetation\HerbaceousVegetation_363.tif,2,HerbaceousVegetation,2,HerbaceousVegetation,0.9975663423538208,True,-1.5373454,2.480642
105,C:\Users\DELL Precision 5550\Documents\GitHub\Terrasight-Eurosat-RGB-vs-Multispectral\data\raw\multispectral\Industrial\Industrial_2331.tif,4,Industrial,4,Industrial,0.9997653365135193,True,40.304886,-25.099724
106,C:\Users\DELL Precision 5550\Documents\GitHub\Terrasight-Eurosat-RGB-vs-Multispectral\data\raw\multispectral\SeaLake\SeaLake_47.tif,9,SeaLake,9,SeaLake,0.9948214292526245,True,-12.200998,41.641903
107,C:\Users\DELL Precision 5550\Documents\GitHub\Terrasight-Eurosat-RGB-vs-Multispectral\data\raw\multispectral\Residential\Residential_2368.tif,7,Residential,7,Residential,0.9999955892562866,True,42.64197,10.034637
108,C:\Users\DELL Precision 5550\Documents\GitHub\Terrasight-Eurosat-RGB-vs-Multispectral\data\raw\multispectral\Forest\Forest_397.tif,1,Forest,1,Forest,0.9971951246261597,True,17.145432,29.524748
109,C:\Users\DELL Precision 5550\Documents\GitHub\Terrasight-Eurosat-RGB-vs-Multispectral\data\raw\multispectral\SeaLake\SeaLake_1996.tif,9,SeaLake,9,SeaLake,0.9999911785125732,True,-4.3343086,63.166042
110,C:\Users\DELL Precision 5550\Documents\GitHub\Terrasight-Eurosat-RGB-vs-Multispectral\data\raw\multispectral\SeaLake\SeaLake_303.tif,9,SeaLake,9,SeaLake,0.9902770519256592,True,-12.160462,36.570724
111,C:\Users\DELL Precision 5550\Documents\GitHub\Terrasight-Eurosat-RGB-vs-Multispectral\data\raw\multispectral\PermanentCrop\PermanentCrop_1321.tif,6,PermanentCrop,6,PermanentCrop,0.999180257320404,True,-0.9662297,-24.264439
112,C:\Users\DELL Precision 5550\Documents\GitHub\Terrasight-Eurosat-RGB-vs-Multispectral\data\raw\multispectral\PermanentCrop\PermanentCrop_2366.tif,6,PermanentCrop,6,PermanentCrop,0.839564859867096,True,8.019422,-10.704995
113,C:\Users\DELL Precision 5550\Documents\GitHub\Terrasight-Eurosat-RGB-vs-Multispectral\data\raw\multispectral\Industrial\Industrial_1754.tif,4,Industrial,4,Industrial,0.9998120665550232,True,50.09017,-21.866941
114,C:\Users\DELL Precision 5550\Documents\GitHub\Terrasight-Eurosat-RGB-vs-Multispectral\data\raw\multispectral\PermanentCrop\PermanentCrop_428.tif,6,PermanentCrop,6,PermanentCrop,0.9995926022529602,True,-3.0426142,-31.827045
115,C:\Users\DELL Precision 5550\Documents\GitHub\Terrasight-Eurosat-RGB-vs-Multispectral\data\raw\multispectral\SeaLake\SeaLake_251.tif,9,SeaLake,9,SeaLake,0.9987382292747498,True,-10.004287,41.708538
116,C:\Users\DELL Precision 5550\Documents\GitHub\Terrasight-Eurosat-RGB-vs-Multispectral\data\raw\multispectral\Forest\Forest_1003.tif,1,Forest,1,Forest,0.9707489609718323,True,13.541566,26.999496
117,C:\Users\DELL Precision 5550\Documents\GitHub\Terrasight-Eurosat-RGB-vs-Multispectral\data\raw\multispectral\HerbaceousVegetation\HerbaceousVegetation_1595.tif,2,HerbaceousVegetation,2,HerbaceousVegetation,0.9699068665504456,True,3.2567332,-0.51556695
118,C:\Users\DELL Precision 5550\Documents\GitHub\Terrasight-Eurosat-RGB-vs-Multispectral\data\raw\multispectral\Highway\Highway_1891.tif,3,Highway,3,Highway,0.9998177886009216,True,14.904577,-59.248474
119,C:\Users\DELL Precision 5550\Documents\GitHub\Terrasight-Eurosat-RGB-vs-Multispectral\data\raw\multispectral\HerbaceousVegetation\HerbaceousVegetation_305.tif,2,HerbaceousVegetation,2,HerbaceousVegetation,0.9895625710487366,True,7.053248,-1.5243812
120,C:\Users\DELL Precision 5550\Documents\GitHub\Terrasight-Eurosat-RGB-vs-Multispectral\data\raw\multispectral\SeaLake\SeaLake_2515.tif,9,SeaLake,9,SeaLake,0.9999552965164185,True,-6.2050586,57.789967
121,C:\Users\DELL Precision 5550\Documents\GitHub\Terrasight-Eurosat-RGB-vs-Multispectral\data\raw\multispectral\Forest\Forest_2967.tif,1,Forest,1,Forest,0.9836011528968811,True,12.501589,27.722355
122,C:\Users\DELL Precision 5550\Documents\GitHub\Terrasight-Eurosat-RGB-vs-Multispectral\data\raw\multispectral\AnnualCrop\AnnualCrop_369.tif,0,AnnualCrop,0,AnnualCrop,0.998173713684082,True,-32.248352,-26.661354
123,C:\Users\DELL Precision 5550\Documents\GitHub\Terrasight-Eurosat-RGB-vs-Multispectral\data\raw\multispectral\AnnualCrop\AnnualCrop_2076.tif,0,AnnualCrop,0,AnnualCrop,0.9964402318000793,True,-26.227448,-41.4091
124,C:\Users\DELL Precision 5550\Documents\GitHub\Terrasight-Eurosat-RGB-vs-Multispectral\data\raw\multispectral\PermanentCrop\PermanentCrop_1387.tif,6,PermanentCrop,6,PermanentCrop,0.9996852874755859,True,-3.0895987,-26.90609
125,C:\Users\DELL Precision 5550\Documents\GitHub\Terrasight-Eurosat-RGB-vs-Multispectral\data\raw\multispectral\AnnualCrop\AnnualCrop_1485.tif,0,AnnualCrop,0,AnnualCrop,0.7897190451622009,True,-19.681314,-27.057148
126,C:\Users\DELL Precision 5550\Documents\GitHub\Terrasight-Eurosat-RGB-vs-Multispectral\data\raw\multispectral\AnnualCrop\AnnualCrop_525.tif,0,AnnualCrop,0,AnnualCrop,0.9987258315086365,True,-33.010544,-34.7764
127,C:\Users\DELL Precision 5550\Documents\GitHub\Terrasight-Eurosat-RGB-vs-Multispectral\data\raw\multispectral\River\River_1279.tif,8,River,8,River,0.9976699948310852,True,-42.892086,20.43377
128,C:\Users\DELL Precision 5550\Documents\GitHub\Terrasight-Eurosat-RGB-vs-Multispectral\data\raw\multispectral\Forest\Forest_579.tif,1,Forest,1,Forest,0.9999959468841553,True,25.178738,42.65543
129,C:\Users\DELL Precision 5550\Documents\GitHub\Terrasight-Eurosat-RGB-vs-Multispectral\data\raw\multispectral\River\River_1023.tif,8,River,8,River,0.9993042945861816,True,-40.31282,23.7708
130,C:\Users\DELL Precision 5550\Documents\GitHub\Terrasight-Eurosat-RGB-vs-Multispectral\data\raw\multispectral\Forest\Forest_1071.tif,1,Forest,1,Forest,0.9941204190254211,True,24.426853,29.502335
131,C:\Users\DELL Precision 5550\Documents\GitHub\Terrasight-Eurosat-RGB-vs-Multispectral\data\raw\multispectral\Forest\Forest_2550.tif,1,Forest,1,Forest,0.9982072114944458,True,16.125477,24.025507
132,C:\Users\DELL Precision 5550\Documents\GitHub\Terrasight-Eurosat-RGB-vs-Multispectral\data\raw\multispectral\SeaLake\SeaLake_2823.tif,9,SeaLake,9,SeaLake,0.9863330721855164,True,-10.947933,36.35176
133,C:\Users\DELL Precision 5550\Documents\GitHub\Terrasight-Eurosat-RGB-vs-Multispectral\data\raw\multispectral\AnnualCrop\AnnualCrop_1795.tif,0,AnnualCrop,0,AnnualCrop,0.99583899974823,True,-41.36007,-32.35514
134,C:\Users\DELL Precision 5550\Documents\GitHub\Terrasight-Eurosat-RGB-vs-Multispectral\data\raw\multispectral\Industrial\Industrial_111.tif,4,Industrial,4,Industrial,0.99988853931427,True,46.694878,-19.745104
135,C:\Users\DELL Precision 5550\Documents\GitHub\Terrasight-Eurosat-RGB-vs-Multispectral\data\raw\multispectral\PermanentCrop\PermanentCrop_1870.tif,6,PermanentCrop,6,PermanentCrop,0.9226676225662231,True,-15.922744,-26.86292
136,C:\Users\DELL Precision 5550\Documents\GitHub\Terrasight-Eurosat-RGB-vs-Multispectral\data\raw\multispectral\SeaLake\SeaLake_1110.tif,9,SeaLake,9,SeaLake,0.9964386224746704,True,-11.828412,37.681057
137,C:\Users\DELL Precision 5550\Documents\GitHub\Terrasight-Eurosat-RGB-vs-Multispectral\data\raw\multispectral\AnnualCrop\AnnualCrop_2024.tif,0,AnnualCrop,0,AnnualCrop,0.9613642692565918,True,-29.826233,-28.214678
138,C:\Users\DELL Precision 5550\Documents\GitHub\Terrasight-Eurosat-RGB-vs-Multispectral\data\raw\multispectral\River\River_1005.tif,8,River,8,River,0.9999990463256836,True,-49.66741,28.872389
139,C:\Users\DELL Precision 5550\Documents\GitHub\Terrasight-Eurosat-RGB-vs-Multispectral\data\raw\multispectral\Highway\Highway_454.tif,3,Highway,3,Highway,0.9998408555984497,True,16.320179,-55.367786
140,C:\Users\DELL Precision 5550\Documents\GitHub\Terrasight-Eurosat-RGB-vs-Multispectral\data\raw\multispectral\Forest\Forest_2261.tif,1,Forest,1,Forest,0.9878919124603271,True,10.817423,31.887327
141,C:\Users\DELL Precision 5550\Documents\GitHub\Terrasight-Eurosat-RGB-vs-Multispectral\data\raw\multispectral\PermanentCrop\PermanentCrop_86.tif,6,PermanentCrop,6,PermanentCrop,0.9994052648544312,True,1.1281564,-22.347307
142,C:\Users\DELL Precision 5550\Documents\GitHub\Terrasight-Eurosat-RGB-vs-Multispectral\data\raw\multispectral\River\River_140.tif,8,River,8,River,0.9999582767486572,True,-46.091217,31.302958
143,C:\Users\DELL Precision 5550\Documents\GitHub\Terrasight-Eurosat-RGB-vs-Multispectral\data\raw\multispectral\Industrial\Industrial_173.tif,4,Industrial,4,Industrial,0.9987840056419373,True,36.714317,-28.545973
144,C:\Users\DELL Precision 5550\Documents\GitHub\Terrasight-Eurosat-RGB-vs-Multispectral\data\raw\multispectral\Forest\Forest_2705.tif,1,Forest,1,Forest,0.975205659866333,True,7.183186,23.01872
145,C:\Users\DELL Precision 5550\Documents\GitHub\Terrasight-Eurosat-RGB-vs-Multispectral\data\raw\multispectral\River\River_1331.tif,8,River,8,River,0.9989757537841797,True,-36.114975,21.311678
146,C:\Users\DELL Precision 5550\Documents\GitHub\Terrasight-Eurosat-RGB-vs-Multispectral\data\raw\multispectral\Industrial\Industrial_625.tif,4,Industrial,4,Industrial,0.9999785423278809,True,42.999676,-28.549198
147,C:\Users\DELL Precision 5550\Documents\GitHub\Terrasight-Eurosat-RGB-vs-Multispectral\data\raw\multispectral\Pasture\Pasture_458.tif,5,Pasture,0,AnnualCrop,0.7531318068504333,False,-37.45687,-14.053449
148,C:\Users\DELL Precision 5550\Documents\GitHub\Terrasight-Eurosat-RGB-vs-Multispectral\data\raw\multispectral\PermanentCrop\PermanentCrop_293.tif,6,PermanentCrop,4,Industrial,0.6655645370483398,False,28.717203,-16.428122
149,C:\Users\DELL Precision 5550\Documents\GitHub\Terrasight-Eurosat-RGB-vs-Multispectral\data\raw\multispectral\AnnualCrop\AnnualCrop_2580.tif,0,AnnualCrop,0,AnnualCrop,0.9992905855178833,True,-37.89989,-31.08669
150,C:\Users\DELL Precision 5550\Documents\GitHub\Terrasight-Eurosat-RGB-vs-Multispectral\data\raw\multispectral\HerbaceousVegetation\HerbaceousVegetation_2855.tif,2,HerbaceousVegetation,2,HerbaceousVegetation,0.9300622344017029,True,4.5177326,-5.9290385
151,C:\Users\DELL Precision 5550\Documents\GitHub\Terrasight-Eurosat-RGB-vs-Multispectral\data\raw\multispectral\Highway\Highway_383.tif,3,Highway,3,Highway,0.9987772107124329,True,16.979538,-53.342224
152,C:\Users\DELL Precision 5550\Documents\GitHub\Terrasight-Eurosat-RGB-vs-Multispectral\data\raw\multispectral\SeaLake\SeaLake_2738.tif,9,SeaLake,9,SeaLake,0.9742761254310608,True,-12.381841,34.403385
153,C:\Users\DELL Precision 5550\Documents\GitHub\Terrasight-Eurosat-RGB-vs-Multispectral\data\raw\multispectral\HerbaceousVegetation\HerbaceousVegetation_2131.tif,2,HerbaceousVegetation,2,HerbaceousVegetation,0.9995201826095581,True,-1.7202432,2.2571144
154,C:\Users\DELL Precision 5550\Documents\GitHub\Terrasight-Eurosat-RGB-vs-Multispectral\data\raw\multispectral\SeaLake\SeaLake_821.tif,9,SeaLake,9,SeaLake,0.9999412298202515,True,-11.449495,58.70886
155,C:\Users\DELL Precision 5550\Documents\GitHub\Terrasight-Eurosat-RGB-vs-Multispectral\data\raw\multispectral\AnnualCrop\AnnualCrop_2522.tif,0,AnnualCrop,0,AnnualCrop,0.5616342425346375,True,-19.872812,-36.8286
156,C:\Users\DELL Precision 5550\Documents\GitHub\Terrasight-Eurosat-RGB-vs-Multispectral\data\raw\multispectral\SeaLake\SeaLake_872.tif,9,SeaLake,9,SeaLake,0.9999512434005737,True,-1.1044372,57.59371
157,C:\Users\DELL Precision 5550\Documents\GitHub\Terrasight-Eurosat-RGB-vs-Multispectral\data\raw\multispectral\Residential\Residential_2378.tif,7,Residential,7,Residential,0.9999996423721313,True,48.063633,11.110023
158,C:\Users\DELL Precision 5550\Documents\GitHub\Terrasight-Eurosat-RGB-vs-Multispectral\data\raw\multispectral\SeaLake\SeaLake_1888.tif,9,SeaLake,9,SeaLake,0.9999414682388306,True,-5.5126734,55.279083
159,C:\Users\DELL Precision 5550\Documents\GitHub\Terrasight-Eurosat-RGB-vs-Multispectral\data\raw\multispectral\River\River_2047.tif,8,River,8,River,0.999983549118042,True,-47.39541,29.861902
160,C:\Users\DELL Precision 5550\Documents\GitHub\Terrasight-Eurosat-RGB-vs-Multispectral\data\raw\multispectral\HerbaceousVegetation\HerbaceousVegetation_2682.tif,2,HerbaceousVegetation,2,HerbaceousVegetation,0.971109926700592,True,-9.311973,-4.165918
161,C:\Users\DELL Precision 5550\Documents\GitHub\Terrasight-Eurosat-RGB-vs-Multispectral\data\raw\multispectral\Industrial\Industrial_615.tif,4,Industrial,4,Industrial,0.9977164268493652,True,30.917572,-23.13141
162,C:\Users\DELL Precision 5550\Documents\GitHub\Terrasight-Eurosat-RGB-vs-Multispectral\data\raw\multispectral\Residential\Residential_2971.tif,7,Residential,7,Residential,0.9999653100967407,True,44.26758,8.315136
163,C:\Users\DELL Precision 5550\Documents\GitHub\Terrasight-Eurosat-RGB-vs-Multispectral\data\raw\multispectral\AnnualCrop\AnnualCrop_8.tif,0,AnnualCrop,0,AnnualCrop,0.9955834746360779,True,-30.968613,-26.201422
164,C:\Users\DELL Precision 5550\Documents\GitHub\Terrasight-Eurosat-RGB-vs-Multispectral\data\raw\multispectral\AnnualCrop\AnnualCrop_241.tif,0,AnnualCrop,0,AnnualCrop,0.9997393488883972,True,-29.126251,-39.148777
165,C:\Users\DELL Precision 5550\Documents\GitHub\Terrasight-Eurosat-RGB-vs-Multispectral\data\raw\multispectral\HerbaceousVegetation\HerbaceousVegetation_435.tif,2,HerbaceousVegetation,2,HerbaceousVegetation,0.9977872371673584,True,-6.691805,3.562305
166,C:\Users\DELL Precision 5550\Documents\GitHub\Terrasight-Eurosat-RGB-vs-Multispectral\data\raw\multispectral\PermanentCrop\PermanentCrop_1810.tif,6,PermanentCrop,6,PermanentCrop,0.9985585808753967,True,2.251754,-25.922762
167,C:\Users\DELL Precision 5550\Documents\GitHub\Terrasight-Eurosat-RGB-vs-Multispectral\data\raw\multispectral\PermanentCrop\PermanentCrop_26.tif,6,PermanentCrop,6,PermanentCrop,0.8858175277709961,True,-10.869763,-24.39231
168,C:\Users\DELL Precision 5550\Documents\GitHub\Terrasight-Eurosat-RGB-vs-Multispectral\data\raw\multispectral\Pasture\Pasture_456.tif,5,Pasture,5,Pasture,0.9997740387916565,True,-39.01637,-2.816811
169,C:\Users\DELL Precision 5550\Documents\GitHub\Terrasight-Eurosat-RGB-vs-Multispectral\data\raw\multispectral\PermanentCrop\PermanentCrop_493.tif,6,PermanentCrop,6,PermanentCrop,0.9974837303161621,True,-6.521033,-24.520304
170,C:\Users\DELL Precision 5550\Documents\GitHub\Terrasight-Eurosat-RGB-vs-Multispectral\data\raw\multispectral\SeaLake\SeaLake_130.tif,9,SeaLake,9,SeaLake,0.9999573230743408,True,-9.551802,57.78621
171,C:\Users\DELL Precision 5550\Documents\GitHub\Terrasight-Eurosat-RGB-vs-Multispectral\data\raw\multispectral\Highway\Highway_2242.tif,3,Highway,3,Highway,0.828811764717102,True,7.3239284,-58.936058
172,C:\Users\DELL Precision 5550\Documents\GitHub\Terrasight-Eurosat-RGB-vs-Multispectral\data\raw\multispectral\Residential\Residential_1378.tif,7,Residential,7,Residential,0.9986918568611145,True,37.974625,-0.81434274
173,C:\Users\DELL Precision 5550\Documents\GitHub\Terrasight-Eurosat-RGB-vs-Multispectral\data\raw\multispectral\River\River_1031.tif,8,River,8,River,0.9999775886535645,True,-51.536182,26.834845
174,C:\Users\DELL Precision 5550\Documents\GitHub\Terrasight-Eurosat-RGB-vs-Multispectral\data\raw\multispectral\SeaLake\SeaLake_2383.tif,9,SeaLake,9,SeaLake,0.9967142343521118,True,-11.641077,47.49333
175,C:\Users\DELL Precision 5550\Documents\GitHub\Terrasight-Eurosat-RGB-vs-Multispectral\data\raw\multispectral\AnnualCrop\AnnualCrop_379.tif,0,AnnualCrop,0,AnnualCrop,0.9471747875213623,True,-26.103455,-32.26823
176,C:\Users\DELL Precision 5550\Documents\GitHub\Terrasight-Eurosat-RGB-vs-Multispectral\data\raw\multispectral\Industrial\Industrial_2335.tif,4,Industrial,4,Industrial,0.9999831914901733,True,48.438236,-22.897903
177,C:\Users\DELL Precision 5550\Documents\GitHub\Terrasight-Eurosat-RGB-vs-Multispectral\data\raw\multispectral\HerbaceousVegetation\HerbaceousVegetation_1631.tif,2,HerbaceousVegetation,2,HerbaceousVegetation,0.9864565134048462,True,-14.916433,5.4228225
178,C:\Users\DELL Precision 5550\Documents\GitHub\Terrasight-Eurosat-RGB-vs-Multispectral\data\raw\multispectral\Industrial\Industrial_737.tif,4,Industrial,4,Industrial,0.9998132586479187,True,44.28758,-22.954737
179,C:\Users\DELL Precision 5550\Documents\GitHub\Terrasight-Eurosat-RGB-vs-Multispectral\data\raw\multispectral\AnnualCrop\AnnualCrop_1862.tif,0,AnnualCrop,0,AnnualCrop,0.9947351813316345,True,-31.824541,-28.139545
180,C:\Users\DELL Precision 5550\Documents\GitHub\Terrasight-Eurosat-RGB-vs-Multispectral\data\raw\multispectral\River\River_2150.tif,8,River,8,River,0.9999336004257202,True,-46.462326,31.3275
181,C:\Users\DELL Precision 5550\Documents\GitHub\Terrasight-Eurosat-RGB-vs-Multispectral\data\raw\multispectral\Pasture\Pasture_1098.tif,5,Pasture,5,Pasture,0.9998359680175781,True,-47.057137,-4.098389
182,C:\Users\DELL Precision 5550\Documents\GitHub\Terrasight-Eurosat-RGB-vs-Multispectral\data\raw\multispectral\SeaLake\SeaLake_1143.tif,9,SeaLake,9,SeaLake,0.9999817609786987,True,-7.383741,64.00407
183,C:\Users\DELL Precision 5550\Documents\GitHub\Terrasight-Eurosat-RGB-vs-Multispectral\data\raw\multispectral\HerbaceousVegetation\HerbaceousVegetation_871.tif,2,HerbaceousVegetation,2,HerbaceousVegetation,0.9786746501922607,True,1.9676872,-2.4017003
184,C:\Users\DELL Precision 5550\Documents\GitHub\Terrasight-Eurosat-RGB-vs-Multispectral\data\raw\multispectral\HerbaceousVegetation\HerbaceousVegetation_1757.tif,2,HerbaceousVegetation,6,PermanentCrop,0.700348436832428,False,4.028863,-10.718039
185,C:\Users\DELL Precision 5550\Documents\GitHub\Terrasight-Eurosat-RGB-vs-Multispectral\data\raw\multispectral\River\River_1742.tif,8,River,8,River,0.9047662615776062,True,-33.663,20.646217
186,C:\Users\DELL Precision 5550\Documents\GitHub\Terrasight-Eurosat-RGB-vs-Multispectral\data\raw\multispectral\Forest\Forest_1927.tif,1,Forest,1,Forest,0.7932085394859314,True,13.671123,16.43342
187,C:\Users\DELL Precision 5550\Documents\GitHub\Terrasight-Eurosat-RGB-vs-Multispectral\data\raw\multispectral\River\River_1530.tif,8,River,8,River,0.915898859500885,True,-33.176807,21.567064
188,C:\Users\DELL Precision 5550\Documents\GitHub\Terrasight-Eurosat-RGB-vs-Multispectral\data\raw\multispectral\Residential\Residential_2287.tif,7,Residential,7,Residential,1.0,True,53.840874,16.636446
189,C:\Users\DELL Precision 5550\Documents\GitHub\Terrasight-Eurosat-RGB-vs-Multispectral\data\raw\multispectral\River\River_335.tif,8,River,8,River,0.9981649518013,True,-44.151493,20.48665
190,C:\Users\DELL Precision 5550\Documents\GitHub\Terrasight-Eurosat-RGB-vs-Multispectral\data\raw\multispectral\Forest\Forest_1748.tif,1,Forest,1,Forest,0.994761049747467,True,15.105424,23.521313
191,C:\Users\DELL Precision 5550\Documents\GitHub\Terrasight-Eurosat-RGB-vs-Multispectral\data\raw\multispectral\SeaLake\SeaLake_975.tif,9,SeaLake,9,SeaLake,0.9998974800109863,True,-8.038814,52.3199
192,C:\Users\DELL Precision 5550\Documents\GitHub\Terrasight-Eurosat-RGB-vs-Multispectral\data\raw\multispectral\HerbaceousVegetation\HerbaceousVegetation_856.tif,2,HerbaceousVegetation,2,HerbaceousVegetation,0.9990525841712952,True,-4.835382,7.336046
193,C:\Users\DELL Precision 5550\Documents\GitHub\Terrasight-Eurosat-RGB-vs-Multispectral\data\raw\multispectral\Residential\Residential_648.tif,7,Residential,7,Residential,0.9999936819076538,True,47.33907,7.0393915
194,C:\Users\DELL Precision 5550\Documents\GitHub\Terrasight-Eurosat-RGB-vs-Multispectral\data\raw\multispectral\Highway\Highway_2267.tif,3,Highway,3,Highway,0.9986318945884705,True,19.29122,-50.630882
195,C:\Users\DELL Precision 5550\Documents\GitHub\Terrasight-Eurosat-RGB-vs-Multispectral\data\raw\multispectral\Industrial\Industrial_1229.tif,4,Industrial,4,Industrial,0.9999042749404907,True,38.160828,-24.96667
196,C:\Users\DELL Precision 5550\Documents\GitHub\Terrasight-Eurosat-RGB-vs-Multispectral\data\raw\multispectral\Residential\Residential_1259.tif,7,Residential,7,Residential,0.9999998807907104,True,48.28842,10.980654
197,C:\Users\DELL Precision 5550\Documents\GitHub\Terrasight-Eurosat-RGB-vs-Multispectral\data\raw\multispectral\Forest\Forest_194.tif,1,Forest,1,Forest,0.9779918789863586,True,8.898432,24.900745
198,C:\Users\DELL Precision 5550\Documents\GitHub\Terrasight-Eurosat-RGB-vs-Multispectral\data\raw\multispectral\HerbaceousVegetation\HerbaceousVegetation_198.tif,2,HerbaceousVegetation,2,HerbaceousVegetation,0.9873468279838562,True,-13.375192,-1.736704
199,C:\Users\DELL Precision 5550\Documents\GitHub\Terrasight-Eurosat-RGB-vs-Multispectral\data\raw\multispectral\River\River_227.tif,8,River,8,River,0.9999805688858032,True,-49.001385,31.187458
200,C:\Users\DELL Precision 5550\Documents\GitHub\Terrasight-Eurosat-RGB-vs-Multispectral\data\raw\multispectral\SeaLake\SeaLake_1877.tif,9,SeaLake,9,SeaLake,0.9999723434448242,True,-17.075497,54.877872
201,C:\Users\DELL Precision 5550\Documents\GitHub\Terrasight-Eurosat-RGB-vs-Multispectral\data\raw\multispectral\River\River_1446.tif,8,River,8,River,0.9995438456535339,True,-49.329193,21.599915
202,C:\Users\DELL Precision 5550\Documents\GitHub\Terrasight-Eurosat-RGB-vs-Multispectral\data\raw\multispectral\Pasture\Pasture_58.tif,5,Pasture,5,Pasture,0.9973356127738953,True,-42.78317,-0.22864304
203,C:\Users\DELL Precision 5550\Documents\GitHub\Terrasight-Eurosat-RGB-vs-Multispectral\data\raw\multispectral\AnnualCrop\AnnualCrop_1458.tif,0,AnnualCrop,0,AnnualCrop,0.9981497526168823,True,-31.070211,-37.48551
204,C:\Users\DELL Precision 5550\Documents\GitHub\Terrasight-Eurosat-RGB-vs-Multispectral\data\raw\multispectral\River\River_2160.tif,8,River,8,River,0.9988110065460205,True,-43.638157,17.460562
205,C:\Users\DELL Precision 5550\Documents\GitHub\Terrasight-Eurosat-RGB-vs-Multispectral\data\raw\multispectral\HerbaceousVegetation\HerbaceousVegetation_1882.tif,2,HerbaceousVegetation,2,HerbaceousVegetation,0.9999071359634399,True,-2.8012507,11.959426
206,C:\Users\DELL Precision 5550\Documents\GitHub\Terrasight-Eurosat-RGB-vs-Multispectral\data\raw\multispectral\AnnualCrop\AnnualCrop_1580.tif,0,AnnualCrop,0,AnnualCrop,0.9994383454322815,True,-32.532497,-39.13274
207,C:\Users\DELL Precision 5550\Documents\GitHub\Terrasight-Eurosat-RGB-vs-Multispectral\data\raw\multispectral\Residential\Residential_2099.tif,7,Residential,7,Residential,1.0,True,48.752472,14.826725
208,C:\Users\DELL Precision 5550\Documents\GitHub\Terrasight-Eurosat-RGB-vs-Multispectral\data\raw\multispectral\HerbaceousVegetation\HerbaceousVegetation_2842.tif,2,HerbaceousVegetation,2,HerbaceousVegetation,0.9696027040481567,True,6.779924,-1.9099919
209,C:\Users\DELL Precision 5550\Documents\GitHub\Terrasight-Eurosat-RGB-vs-Multispectral\data\raw\multispectral\Forest\Forest_950.tif,1,Forest,8,River,0.8734951615333557,False,17.671362,32.308666
210,C:\Users\DELL Precision 5550\Documents\GitHub\Terrasight-Eurosat-RGB-vs-Multispectral\data\raw\multispectral\Highway\Highway_1667.tif,3,Highway,3,Highway,0.9976115226745605,True,23.17525,-51.108276
211,C:\Users\DELL Precision 5550\Documents\GitHub\Terrasight-Eurosat-RGB-vs-Multispectral\data\raw\multispectral\SeaLake\SeaLake_2179.tif,9,SeaLake,9,SeaLake,0.9999785423278809,True,-7.238741,59.19712
212,C:\Users\DELL Precision 5550\Documents\GitHub\Terrasight-Eurosat-RGB-vs-Multispectral\data\raw\multispectral\River\River_235.tif,8,River,8,River,0.9992984533309937,True,-39.990837,26.764406
213,C:\Users\DELL Precision 5550\Documents\GitHub\Terrasight-Eurosat-RGB-vs-Multispectral\data\raw\multispectral\Residential\Residential_38.tif,7,Residential,7,Residential,0.9999834299087524,True,54.830326,8.9068575
214,C:\Users\DELL Precision 5550\Documents\GitHub\Terrasight-Eurosat-RGB-vs-Multispectral\data\raw\multispectral\AnnualCrop\AnnualCrop_1953.tif,0,AnnualCrop,0,AnnualCrop,0.8987836837768555,True,-20.165981,-31.038675
215,C:\Users\DELL Precision 5550\Documents\GitHub\Terrasight-Eurosat-RGB-vs-Multispectral\data\raw\multispectral\HerbaceousVegetation\HerbaceousVegetation_4.tif,2,HerbaceousVegetation,2,HerbaceousVegetation,0.8813347816467285,True,-10.232647,-3.9991972
216,C:\Users\DELL Precision 5550\Documents\GitHub\Terrasight-Eurosat-RGB-vs-Multispectral\data\raw\multispectral\Industrial\Industrial_1232.tif,4,Industrial,4,Industrial,0.9998493194580078,True,40.96535,-27.381193
217,C:\Users\DELL Precision 5550\Documents\GitHub\Terrasight-Eurosat-RGB-vs-Multispectral\data\raw\multispectral\Forest\Forest_2172.tif,1,Forest,1,Forest,0.9514428377151489,True,14.057346,17.160543
218,C:\Users\DELL Precision 5550\Documents\GitHub\Terrasight-Eurosat-RGB-vs-Multispectral\data\raw\multispectral\Pasture\Pasture_647.tif,5,Pasture,5,Pasture,0.7093205451965332,True,-26.532978,-6.8495364
219,C:\Users\DELL Precision 5550\Documents\GitHub\Terrasight-Eurosat-RGB-vs-Multispectral\data\raw\multispectral\SeaLake\SeaLake_1427.tif,9,SeaLake,9,SeaLake,0.9999263286590576,True,-12.211772,57.80028
220,C:\Users\DELL Precision 5550\Documents\GitHub\Terrasight-Eurosat-RGB-vs-Multispectral\data\raw\multispectral\River\River_1585.tif,8,River,8,River,0.9997971653938293,True,-37.740894,27.668852
221,C:\Users\DELL Precision 5550\Documents\GitHub\Terrasight-Eurosat-RGB-vs-Multispectral\data\raw\multispectral\PermanentCrop\PermanentCrop_1749.tif,6,PermanentCrop,6,PermanentCrop,0.9786590337753296,True,-10.44324,-31.557236
222,C:\Users\DELL Precision 5550\Documents\GitHub\Terrasight-Eurosat-RGB-vs-Multispectral\data\raw\multispectral\PermanentCrop\PermanentCrop_1508.tif,6,PermanentCrop,6,PermanentCrop,0.9998619556427002,True,-5.5124083,-30.215454
223,C:\Users\DELL Precision 5550\Documents\GitHub\Terrasight-Eurosat-RGB-vs-Multispectral\data\raw\multispectral\Highway\Highway_1970.tif,3,Highway,3,Highway,0.9749994874000549,True,5.552467,-52.74885
224,C:\Users\DELL Precision 5550\Documents\GitHub\Terrasight-Eurosat-RGB-vs-Multispectral\data\raw\multispectral\Residential\Residential_2027.tif,7,Residential,7,Residential,0.9999779462814331,True,41.124603,9.373555
225,C:\Users\DELL Precision 5550\Documents\GitHub\Terrasight-Eurosat-RGB-vs-Multispectral\data\raw\multispectral\Highway\Highway_298.tif,3,Highway,3,Highway,0.9977402687072754,True,22.504612,-48.922783
226,C:\Users\DELL Precision 5550\Documents\GitHub\Terrasight-Eurosat-RGB-vs-Multispectral\data\raw\multispectral\Pasture\Pasture_541.tif,5,Pasture,5,Pasture,0.999447762966156,True,-47.589848,-3.7520616
227,C:\Users\DELL Precision 5550\Documents\GitHub\Terrasight-Eurosat-RGB-vs-Multispectral\data\raw\multispectral\AnnualCrop\AnnualCrop_2497.tif,0,AnnualCrop,0,AnnualCrop,0.9946829676628113,True,-24.876959,-26.25361
228,C:\Users\DELL Precision 5550\Documents\GitHub\Terrasight-Eurosat-RGB-vs-Multispectral\data\raw\multispectral\Forest\Forest_2741.tif,1,Forest,1,Forest,0.9608889818191528,True,22.63335,25.872427
229,C:\Users\DELL Precision 5550\Documents\GitHub\Terrasight-Eurosat-RGB-vs-Multispectral\data\raw\multispectral\Industrial\Industrial_63.tif,4,Industrial,4,Industrial,0.9999030828475952,True,41.404167,-21.372133
230,C:\Users\DELL Precision 5550\Documents\GitHub\Terrasight-Eurosat-RGB-vs-Multispectral\data\raw\multispectral\HerbaceousVegetation\HerbaceousVegetation_2921.tif,2,HerbaceousVegetation,2,HerbaceousVegetation,0.9996129870414734,True,-11.324727,7.927766
231,C:\Users\DELL Precision 5550\Documents\GitHub\Terrasight-Eurosat-RGB-vs-Multispectral\data\raw\multispectral\SeaLake\SeaLake_626.tif,9,SeaLake,9,SeaLake,0.9767395853996277,True,-13.660113,41.32818
232,C:\Users\DELL Precision 5550\Documents\GitHub\Terrasight-Eurosat-RGB-vs-Multispectral\data\raw\multispectral\HerbaceousVegetation\HerbaceousVegetation_1936.tif,2,HerbaceousVegetation,2,HerbaceousVegetation,0.9959184527397156,True,2.6454952,6.027306
233,C:\Users\DELL Precision 5550\Documents\GitHub\Terrasight-Eurosat-RGB-vs-Multispectral\data\raw\multispectral\PermanentCrop\PermanentCrop_1769.tif,6,PermanentCrop,6,PermanentCrop,0.8909049034118652,True,0.70642406,-16.938704
234,C:\Users\DELL Precision 5550\Documents\GitHub\Terrasight-Eurosat-RGB-vs-Multispectral\data\raw\multispectral\Pasture\Pasture_1205.tif,5,Pasture,5,Pasture,0.9981745481491089,True,-34.425823,-5.3085413
235,C:\Users\DELL Precision 5550\Documents\GitHub\Terrasight-Eurosat-RGB-vs-Multispectral\data\raw\multispectral\Forest\Forest_1736.tif,1,Forest,2,HerbaceousVegetation,0.6492948532104492,False,10.454124,15.023628
236,C:\Users\DELL Precision 5550\Documents\GitHub\Terrasight-Eurosat-RGB-vs-Multispectral\data\raw\multispectral\SeaLake\SeaLake_2789.tif,9,SeaLake,9,SeaLake,0.9999991655349731,True,-0.20128036,67.641884
237,C:\Users\DELL Precision 5550\Documents\GitHub\Terrasight-Eurosat-RGB-vs-Multispectral\data\raw\multispectral\Forest\Forest_2085.tif,1,Forest,1,Forest,0.9984840750694275,True,18.009054,37.636753
238,C:\Users\DELL Precision 5550\Documents\GitHub\Terrasight-Eurosat-RGB-vs-Multispectral\data\raw\multispectral\Forest\Forest_263.tif,1,Forest,1,Forest,0.8807862401008606,True,18.80654,38.353065
239,C:\Users\DELL Precision 5550\Documents\GitHub\Terrasight-Eurosat-RGB-vs-Multispectral\data\raw\multispectral\Highway\Highway_2101.tif,3,Highway,3,Highway,0.9807923436164856,True,10.136624,-49.790947
240,C:\Users\DELL Precision 5550\Documents\GitHub\Terrasight-Eurosat-RGB-vs-Multispectral\data\raw\multispectral\Industrial\Industrial_1079.tif,4,Industrial,4,Industrial,0.9997764229774475,True,44.099712,-23.163284
241,C:\Users\DELL Precision 5550\Documents\GitHub\Terrasight-Eurosat-RGB-vs-Multispectral\data\raw\multispectral\Pasture\Pasture_719.tif,5,Pasture,5,Pasture,0.9886776804924011,True,-41.82764,-7.64192
242,C:\Users\DELL Precision 5550\Documents\GitHub\Terrasight-Eurosat-RGB-vs-Multispectral\data\raw\multispectral\Industrial\Industrial_1472.tif,4,Industrial,4,Industrial,0.9965722560882568,True,35.028027,-20.994152
243,C:\Users\DELL Precision 5550\Documents\GitHub\Terrasight-Eurosat-RGB-vs-Multispectral\data\raw\multispectral\PermanentCrop\PermanentCrop_2257.tif,6,PermanentCrop,6,PermanentCrop,0.9507430791854858,True,-13.269455,-29.36512
244,C:\Users\DELL Precision 5550\Documents\GitHub\Terrasight-Eurosat-RGB-vs-Multispectral\data\raw\multispectral\Forest\Forest_1136.tif,1,Forest,1,Forest,0.9818697571754456,True,24.367552,26.26289
245,C:\Users\DELL Precision 5550\Documents\GitHub\Terrasight-Eurosat-RGB-vs-Multispectral\data\raw\multispectral\SeaLake\SeaLake_412.tif,9,SeaLake,9,SeaLake,0.9998716115951538,True,-16.761108,53.17394
246,C:\Users\DELL Precision 5550\Documents\GitHub\Terrasight-Eurosat-RGB-vs-Multispectral\data\raw\multispectral\River\River_1890.tif,8,River,8,River,0.9918789863586426,True,-36.896168,30.392757
247,C:\Users\DELL Precision 5550\Documents\GitHub\Terrasight-Eurosat-RGB-vs-Multispectral\data\raw\multispectral\HerbaceousVegetation\HerbaceousVegetation_2349.tif,2,HerbaceousVegetation,2,HerbaceousVegetation,0.9926290512084961,True,8.023574,-1.0618898
248,C:\Users\DELL Precision 5550\Documents\GitHub\Terrasight-Eurosat-RGB-vs-Multispectral\data\raw\multispectral\HerbaceousVegetation\HerbaceousVegetation_1611.tif,2,HerbaceousVegetation,2,HerbaceousVegetation,0.6433394551277161,True,1.5205101,-9.667301
249,C:\Users\DELL Precision 5550\Documents\GitHub\Terrasight-Eurosat-RGB-vs-Multispectral\data\raw\multispectral\Highway\Highway_1586.tif,3,Highway,3,Highway,0.6261098384857178,True,18.896038,-44.058826
250,C:\Users\DELL Precision 5550\Documents\GitHub\Terrasight-Eurosat-RGB-vs-Multispectral\data\raw\multispectral\HerbaceousVegetation\HerbaceousVegetation_738.tif,2,HerbaceousVegetation,2,HerbaceousVegetation,0.9938887357711792,True,-14.486879,5.8864956
251,C:\Users\DELL Precision 5550\Documents\GitHub\Terrasight-Eurosat-RGB-vs-Multispectral\data\raw\multispectral\Residential\Residential_1403.tif,7,Residential,7,Residential,0.8980078101158142,True,34.481213,-2.368222
252,C:\Users\DELL Precision 5550\Documents\GitHub\Terrasight-Eurosat-RGB-vs-Multispectral\data\raw\multispectral\PermanentCrop\PermanentCrop_1060.tif,6,PermanentCrop,6,PermanentCrop,0.998305082321167,True,-6.841528,-30.511261
253,C:\Users\DELL Precision 5550\Documents\GitHub\Terrasight-Eurosat-RGB-vs-Multispectral\data\raw\multispectral\SeaLake\SeaLake_283.tif,9,SeaLake,9,SeaLake,0.9999909400939941,True,-7.2107925,64.52053
254,C:\Users\DELL Precision 5550\Documents\GitHub\Terrasight-Eurosat-RGB-vs-Multispectral\data\raw\multispectral\PermanentCrop\PermanentCrop_1774.tif,6,PermanentCrop,6,PermanentCrop,0.7655892968177795,True,3.1522942,-11.304369
255,C:\Users\DELL Precision 5550\Documents\GitHub\Terrasight-Eurosat-RGB-vs-Multispectral\data\raw\multispectral\Forest\Forest_2364.tif,1,Forest,1,Forest,0.9976621866226196,True,25.76327,29.378761
256,C:\Users\DELL Precision 5550\Documents\GitHub\Terrasight-Eurosat-RGB-vs-Multispectral\data\raw\multispectral\Highway\Highway_93.tif,3,Highway,3,Highway,0.9888466000556946,True,15.828328,-44.57809
257,C:\Users\DELL Precision 5550\Documents\GitHub\Terrasight-Eurosat-RGB-vs-Multispectral\data\raw\multispectral\Forest\Forest_508.tif,1,Forest,1,Forest,0.909619927406311,True,8.065512,17.549768
258,C:\Users\DELL Precision 5550\Documents\GitHub\Terrasight-Eurosat-RGB-vs-Multispectral\data\raw\multispectral\Highway\Highway_1922.tif,3,Highway,3,Highway,0.9999531507492065,True,16.498291,-57.122852
259,C:\Users\DELL Precision 5550\Documents\GitHub\Terrasight-Eurosat-RGB-vs-Multispectral\data\raw\multispectral\HerbaceousVegetation\HerbaceousVegetation_172.tif,2,HerbaceousVegetation,2,HerbaceousVegetation,0.9721305966377258,True,3.2239072,-2.7630455
260,C:\Users\DELL Precision 5550\Documents\GitHub\Terrasight-Eurosat-RGB-vs-Multispectral\data\raw\multispectral\Highway\Highway_880.tif,3,Highway,3,Highway,0.9951707720756531,True,12.060482,-52.151054
261,C:\Users\DELL Precision 5550\Documents\GitHub\Terrasight-Eurosat-RGB-vs-Multispectral\data\raw\multispectral\River\River_1366.tif,8,River,3,Highway,0.7385755181312561,False,1.7432427,-52.05389
262,C:\Users\DELL Precision 5550\Documents\GitHub\Terrasight-Eurosat-RGB-vs-Multispectral\data\raw\multispectral\SeaLake\SeaLake_54.tif,9,SeaLake,9,SeaLake,0.9999839067459106,True,-5.9007087,60.06794
263,C:\Users\DELL Precision 5550\Documents\GitHub\Terrasight-Eurosat-RGB-vs-Multispectral\data\raw\multispectral\Highway\Highway_655.tif,3,Highway,3,Highway,0.9996055960655212,True,19.300863,-54.58801
264,C:\Users\DELL Precision 5550\Documents\GitHub\Terrasight-Eurosat-RGB-vs-Multispectral\data\raw\multispectral\HerbaceousVegetation\HerbaceousVegetation_1920.tif,2,HerbaceousVegetation,2,HerbaceousVegetation,0.995705783367157,True,0.42147422,3.7911665
265,C:\Users\DELL Precision 5550\Documents\GitHub\Terrasight-Eurosat-RGB-vs-Multispectral\data\raw\multispectral\Industrial\Industrial_322.tif,4,Industrial,4,Industrial,0.9770504236221313,True,30.419779,-21.576872
266,C:\Users\DELL Precision 5550\Documents\GitHub\Terrasight-Eurosat-RGB-vs-Multispectral\data\raw\multispectral\Forest\Forest_860.tif,1,Forest,1,Forest,0.9962049126625061,True,23.400454,26.569172
267,C:\Users\DELL Precision 5550\Documents\GitHub\Terrasight-Eurosat-RGB-vs-Multispectral\data\raw\multispectral\Forest\Forest_2285.tif,1,Forest,1,Forest,0.9978451728820801,True,13.202748,35.065186
268,C:\Users\DELL Precision 5550\Documents\GitHub\Terrasight-Eurosat-RGB-vs-Multispectral\data\raw\multispectral\Forest\Forest_1376.tif,1,Forest,1,Forest,0.9945599436759949,True,17.528711,28.60741
269,C:\Users\DELL Precision 5550\Documents\GitHub\Terrasight-Eurosat-RGB-vs-Multispectral\data\raw\multispectral\Residential\Residential_1903.tif,7,Residential,7,Residential,0.9999998807907104,True,46.39611,12.877713
270,C:\Users\DELL Precision 5550\Documents\GitHub\Terrasight-Eurosat-RGB-vs-Multispectral\data\raw\multispectral\HerbaceousVegetation\HerbaceousVegetation_432.tif,2,HerbaceousVegetation,2,HerbaceousVegetation,0.7066113352775574,True,-16.616385,-2.3704221
271,C:\Users\DELL Precision 5550\Documents\GitHub\Terrasight-Eurosat-RGB-vs-Multispectral\data\raw\multispectral\Industrial\Industrial_1336.tif,4,Industrial,4,Industrial,0.999427080154419,True,47.35779,-20.07406
272,C:\Users\DELL Precision 5550\Documents\GitHub\Terrasight-Eurosat-RGB-vs-Multispectral\data\raw\multispectral\Residential\Residential_2192.tif,7,Residential,7,Residential,0.9029552936553955,True,41.34827,-8.7613945
273,C:\Users\DELL Precision 5550\Documents\GitHub\Terrasight-Eurosat-RGB-vs-Multispectral\data\raw\multispectral\HerbaceousVegetation\HerbaceousVegetation_2143.tif,2,HerbaceousVegetation,2,HerbaceousVegetation,0.9604083299636841,True,-8.882699,-1.7677892
274,C:\Users\DELL Precision 5550\Documents\GitHub\Terrasight-Eurosat-RGB-vs-Multispectral\data\raw\multispectral\HerbaceousVegetation\HerbaceousVegetation_2996.tif,2,HerbaceousVegetation,2,HerbaceousVegetation,0.9961804151535034,True,-12.257185,4.778611
275,C:\Users\DELL Precision 5550\Documents\GitHub\Terrasight-Eurosat-RGB-vs-Multispectral\data\raw\multispectral\Forest\Forest_2734.tif,1,Forest,1,Forest,0.9855844378471375,True,13.2357435,24.841413
276,C:\Users\DELL Precision 5550\Documents\GitHub\Terrasight-Eurosat-RGB-vs-Multispectral\data\raw\multispectral\HerbaceousVegetation\HerbaceousVegetation_757.tif,2,HerbaceousVegetation,2,HerbaceousVegetation,0.9993958473205566,True,-12.340541,8.525534
277,C:\Users\DELL Precision 5550\Documents\GitHub\Terrasight-Eurosat-RGB-vs-Multispectral\data\raw\multispectral\Forest\Forest_172.tif,1,Forest,1,Forest,0.9904093742370605,True,10.041271,20.82065
278,C:\Users\DELL Precision 5550\Documents\GitHub\Terrasight-Eurosat-RGB-vs-Multispectral\data\raw\multispectral\Forest\Forest_2244.tif,1,Forest,1,Forest,0.9992639422416687,True,22.853277,34.85201
279,C:\Users\DELL Precision 5550\Documents\GitHub\Terrasight-Eurosat-RGB-vs-Multispectral\data\raw\multispectral\River\River_266.tif,8,River,8,River,0.9997425675392151,True,-41.603687,27.127253
280,C:\Users\DELL Precision 5550\Documents\GitHub\Terrasight-Eurosat-RGB-vs-Multispectral\data\raw\multispectral\PermanentCrop\PermanentCrop_930.tif,6,PermanentCrop,6,PermanentCrop,0.9982678890228271,True,-4.7468686,-28.06359
281,C:\Users\DELL Precision 5550\Documents\GitHub\Terrasight-Eurosat-RGB-vs-Multispectral\data\raw\multispectral\Pasture\Pasture_265.tif,5,Pasture,5,Pasture,0.9935396313667297,True,-34.492653,-7.332482
282,C:\Users\DELL Precision 5550\Documents\GitHub\Terrasight-Eurosat-RGB-vs-Multispectral\data\raw\multispectral\Residential\Residential_2418.tif,7,Residential,7,Residential,0.9995229244232178,True,43.4092,0.61254185
283,C:\Users\DELL Precision 5550\Documents\GitHub\Terrasight-Eurosat-RGB-vs-Multispectral\data\raw\multispectral\SeaLake\SeaLake_2531.tif,9,SeaLake,9,SeaLake,0.9999996423721313,True,0.8407945,69.485405
284,C:\Users\DELL Precision 5550\Documents\GitHub\Terrasight-Eurosat-RGB-vs-Multispectral\data\raw\multispectral\Highway\Highway_706.tif,3,Highway,3,Highway,0.9773684740066528,True,18.805914,-48.37511
285,C:\Users\DELL Precision 5550\Documents\GitHub\Terrasight-Eurosat-RGB-vs-Multispectral\data\raw\multispectral\Residential\Residential_593.tif,7,Residential,7,Residential,1.0,True,57.272457,14.866914
286,C:\Users\DELL Precision 5550\Documents\GitHub\Terrasight-Eurosat-RGB-vs-Multispectral\data\raw\multispectral\Forest\Forest_589.tif,1,Forest,1,Forest,0.41175463795661926,True,7.2265778,16.469652
287,C:\Users\DELL Precision 5550\Documents\GitHub\Terrasight-Eurosat-RGB-vs-Multispectral\data\raw\multispectral\AnnualCrop\AnnualCrop_802.tif,0,AnnualCrop,0,AnnualCrop,0.9732239842414856,True,-26.67545,-30.036676
288,C:\Users\DELL Precision 5550\Documents\GitHub\Terrasight-Eurosat-RGB-vs-Multispectral\data\raw\multispectral\AnnualCrop\AnnualCrop_294.tif,0,AnnualCrop,0,AnnualCrop,0.9988561868667603,True,-39.065582,-31.91518
289,C:\Users\DELL Precision 5550\Documents\GitHub\Terrasight-Eurosat-RGB-vs-Multispectral\data\raw\multispectral\Residential\Residential_1701.tif,7,Residential,7,Residential,0.9999994039535522,True,56.001656,11.824687
290,C:\Users\DELL Precision 5550\Documents\GitHub\Terrasight-Eurosat-RGB-vs-Multispectral\data\raw\multispectral\Residential\Residential_1167.tif,7,Residential,7,Residential,0.9999996423721313,True,47.620617,12.7698345
291,C:\Users\DELL Precision 5550\Documents\GitHub\Terrasight-Eurosat-RGB-vs-Multispectral\data\raw\multispectral\Residential\Residential_1282.tif,7,Residential,7,Residential,0.9999970197677612,True,42.55913,9.813937
292,C:\Users\DELL Precision 5550\Documents\GitHub\Terrasight-Eurosat-RGB-vs-Multispectral\data\raw\multispectral\AnnualCrop\AnnualCrop_2470.tif,0,AnnualCrop,0,AnnualCrop,0.9962286949157715,True,-33.19989,-24.413992
293,C:\Users\DELL Precision 5550\Documents\GitHub\Terrasight-Eurosat-RGB-vs-Multispectral\data\raw\multispectral\Residential\Residential_2532.tif,7,Residential,7,Residential,0.9999942779541016,True,50.938984,8.453628
294,C:\Users\DELL Precision 5550\Documents\GitHub\Terrasight-Eurosat-RGB-vs-Multispectral\data\raw\multispectral\HerbaceousVegetation\HerbaceousVegetation_2745.tif,2,HerbaceousVegetation,2,HerbaceousVegetation,0.994936466217041,True,1.9661789,1.2950728
295,C:\Users\DELL Precision 5550\Documents\GitHub\Terrasight-Eurosat-RGB-vs-Multispectral\data\raw\multispectral\PermanentCrop\PermanentCrop_1162.tif,6,PermanentCrop,6,PermanentCrop,0.9974077343940735,True,-1.5811902,-20.179829
296,C:\Users\DELL Precision 5550\Documents\GitHub\Terrasight-Eurosat-RGB-vs-Multispectral\data\raw\multispectral\Highway\Highway_680.tif,3,Highway,3,Highway,0.9847027659416199,True,10.391853,-47.01909
297,C:\Users\DELL Precision 5550\Documents\GitHub\Terrasight-Eurosat-RGB-vs-Multispectral\data\raw\multispectral\Forest\Forest_2025.tif,1,Forest,1,Forest,0.9317111372947693,True,10.575742,30.947104
298,C:\Users\DELL Precision 5550\Documents\GitHub\Terrasight-Eurosat-RGB-vs-Multispectral\data\raw\multispectral\PermanentCrop\PermanentCrop_400.tif,6,PermanentCrop,4,Industrial,0.5155168175697327,False,-22.54006,-30.529333
299,C:\Users\DELL Precision 5550\Documents\GitHub\Terrasight-Eurosat-RGB-vs-Multispectral\data\raw\multispectral\HerbaceousVegetation\HerbaceousVegetation_1970.tif,2,HerbaceousVegetation,2,HerbaceousVegetation,0.9968750476837158,True,-10.346529,4.6693597
300,C:\Users\DELL Precision 5550\Documents\GitHub\Terrasight-Eurosat-RGB-vs-Multispectral\data\raw\multispectral\Forest\Forest_843.tif,1,Forest,1,Forest,0.9147918224334717,True,12.61045,16.428318
301,C:\Users\DELL Precision 5550\Documents\GitHub\Terrasight-Eurosat-RGB-vs-Multispectral\data\raw\multispectral\HerbaceousVegetation\HerbaceousVegetation_593.tif,2,HerbaceousVegetation,2,HerbaceousVegetation,0.9877045154571533,True,5.696161,-1.0957369
302,C:\Users\DELL Precision 5550\Documents\GitHub\Terrasight-Eurosat-RGB-vs-Multispectral\data\raw\multispectral\Industrial\Industrial_1349.tif,4,Industrial,4,Industrial,0.9518320560455322,True,30.251217,-25.141888
303,C:\Users\DELL Precision 5550\Documents\GitHub\Terrasight-Eurosat-RGB-vs-Multispectral\data\raw\multispectral\River\River_479.tif,8,River,3,Highway,0.6045393347740173,False,3.659509,-49.805008
304,C:\Users\DELL Precision 5550\Documents\GitHub\Terrasight-Eurosat-RGB-vs-Multispectral\data\raw\multispectral\Forest\Forest_1034.tif,1,Forest,1,Forest,0.9999376535415649,True,25.57955,36.48244
305,C:\Users\DELL Precision 5550\Documents\GitHub\Terrasight-Eurosat-RGB-vs-Multispectral\data\raw\multispectral\Industrial\Industrial_2398.tif,4,Industrial,4,Industrial,0.9967781901359558,True,31.530636,-20.48791
306,C:\Users\DELL Precision 5550\Documents\GitHub\Terrasight-Eurosat-RGB-vs-Multispectral\data\raw\multispectral\River\River_2488.tif,8,River,0,AnnualCrop,0.949480414390564,False,-37.773705,-24.473358
307,C:\Users\DELL Precision 5550\Documents\GitHub\Terrasight-Eurosat-RGB-vs-Multispectral\data\raw\multispectral\HerbaceousVegetation\HerbaceousVegetation_659.tif,2,HerbaceousVegetation,2,HerbaceousVegetation,0.744576096534729,True,9.582721,5.7670965
308,C:\Users\DELL Precision 5550\Documents\GitHub\Terrasight-Eurosat-RGB-vs-Multispectral\data\raw\multispectral\Industrial\Industrial_215.tif,4,Industrial,4,Industrial,0.9971897006034851,True,35.756203,-18.888828
309,C:\Users\DELL Precision 5550\Documents\GitHub\Terrasight-Eurosat-RGB-vs-Multispectral\data\raw\multispectral\Residential\Residential_2097.tif,7,Residential,7,Residential,0.9999861717224121,True,51.836227,6.7833185
310,C:\Users\DELL Precision 5550\Documents\GitHub\Terrasight-Eurosat-RGB-vs-Multispectral\data\raw\multispectral\Pasture\Pasture_250.tif,5,Pasture,5,Pasture,0.9777349233627319,True,-34.35961,-8.15479
311,C:\Users\DELL Precision 5550\Documents\GitHub\Terrasight-Eurosat-RGB-vs-Multispectral\data\raw\multispectral\PermanentCrop\PermanentCrop_1235.tif,6,PermanentCrop,6,PermanentCrop,0.9950220584869385,True,4.927888,-15.828836
312,C:\Users\DELL Precision 5550\Documents\GitHub\Terrasight-Eurosat-RGB-vs-Multispectral\data\raw\multispectral\Highway\Highway_2126.tif,3,Highway,3,Highway,0.9996795654296875,True,12.359524,-59.89322
313,C:\Users\DELL Precision 5550\Documents\GitHub\Terrasight-Eurosat-RGB-vs-Multispectral\data\raw\multispectral\Forest\Forest_259.tif,1,Forest,1,Forest,0.8736932277679443,True,8.256921,19.201097
314,C:\Users\DELL Precision 5550\Documents\GitHub\Terrasight-Eurosat-RGB-vs-Multispectral\data\raw\multispectral\Industrial\Industrial_1920.tif,4,Industrial,4,Industrial,0.9723404049873352,True,32.142776,-17.969307
315,C:\Users\DELL Precision 5550\Documents\GitHub\Terrasight-Eurosat-RGB-vs-Multispectral\data\raw\multispectral\AnnualCrop\AnnualCrop_2163.tif,0,AnnualCrop,0,AnnualCrop,0.9386858344078064,True,-21.137522,-36.763283
316,C:\Users\DELL Precision 5550\Documents\GitHub\Terrasight-Eurosat-RGB-vs-Multispectral\data\raw\multispectral\Highway\Highway_1239.tif,3,Highway,3,Highway,0.9121922850608826,True,10.216821,-45.62142
317,C:\Users\DELL Precision 5550\Documents\GitHub\Terrasight-Eurosat-RGB-vs-Multispectral\data\raw\multispectral\PermanentCrop\PermanentCrop_2176.tif,6,PermanentCrop,6,PermanentCrop,0.9846858978271484,True,-1.805235,-19.332125
318,C:\Users\DELL Precision 5550\Documents\GitHub\Terrasight-Eurosat-RGB-vs-Multispectral\data\raw\multispectral\AnnualCrop\AnnualCrop_2613.tif,0,AnnualCrop,0,AnnualCrop,0.9996570348739624,True,-36.55287,-36.21033
319,C:\Users\DELL Precision 5550\Documents\GitHub\Terrasight-Eurosat-RGB-vs-Multispectral\data\raw\multispectral\Pasture\Pasture_486.tif,5,Pasture,5,Pasture,0.9988682270050049,True,-36.569168,-6.094763
320,C:\Users\DELL Precision 5550\Documents\GitHub\Terrasight-Eurosat-RGB-vs-Multispectral\data\raw\multispectral\HerbaceousVegetation\HerbaceousVegetation_2718.tif,2,HerbaceousVegetation,2,HerbaceousVegetation,0.9994034767150879,True,-1.82307,10.039984
321,C:\Users\DELL Precision 5550\Documents\GitHub\Terrasight-Eurosat-RGB-vs-Multispectral\data\raw\multispectral\Highway\Highway_976.tif,3,Highway,3,Highway,0.9718986749649048,True,5.406707,-54.162556
322,C:\Users\DELL Precision 5550\Documents\GitHub\Terrasight-Eurosat-RGB-vs-Multispectral\data\raw\multispectral\River\River_380.tif,8,River,8,River,0.9999628067016602,True,-44.614292,29.926304
323,C:\Users\DELL Precision 5550\Documents\GitHub\Terrasight-Eurosat-RGB-vs-Multispectral\data\raw\multispectral\SeaLake\SeaLake_728.tif,9,SeaLake,9,SeaLake,0.9999306201934814,True,-10.123574,53.66134
324,C:\Users\DELL Precision 5550\Documents\GitHub\Terrasight-Eurosat-RGB-vs-Multispectral\data\raw\multispectral\River\River_362.tif,8,River,8,River,0.9999943971633911,True,-49.798874,25.932482
325,C:\Users\DELL Precision 5550\Documents\GitHub\Terrasight-Eurosat-RGB-vs-Multispectral\data\raw\multispectral\PermanentCrop\PermanentCrop_1795.tif,6,PermanentCrop,6,PermanentCrop,0.8557689189910889,True,1.3832335,-12.287946
326,C:\Users\DELL Precision 5550\Documents\GitHub\Terrasight-Eurosat-RGB-vs-Multispectral\data\raw\multispectral\River\River_2152.tif,8,River,8,River,0.9998408555984497,True,-39.765633,27.461433
327,C:\Users\DELL Precision 5550\Documents\GitHub\Terrasight-Eurosat-RGB-vs-Multispectral\data\raw\multispectral\AnnualCrop\AnnualCrop_2963.tif,0,AnnualCrop,6,PermanentCrop,0.6892991065979004,False,-17.556854,-31.024504
328,C:\Users\DELL Precision 5550\Documents\GitHub\Terrasight-Eurosat-RGB-vs-Multispectral\data\raw\multispectral\Industrial\Industrial_900.tif,4,Industrial,4,Industrial,0.9999164342880249,True,39.354332,-28.26103
329,C:\Users\DELL Precision 5550\Documents\GitHub\Terrasight-Eurosat-RGB-vs-Multispectral\data\raw\multispectral\Residential\Residential_1592.tif,7,Residential,7,Residential,1.0,True,56.157734,15.92652
330,C:\Users\DELL Precision 5550\Documents\GitHub\Terrasight-Eurosat-RGB-vs-Multispectral\data\raw\multispectral\Industrial\Industrial_543.tif,4,Industrial,4,Industrial,0.9991853833198547,True,50.285275,-21.097971
331,C:\Users\DELL Precision 5550\Documents\GitHub\Terrasight-Eurosat-RGB-vs-Multispectral\data\raw\multispectral\PermanentCrop\PermanentCrop_2428.tif,6,PermanentCrop,6,PermanentCrop,0.9988873600959778,True,-6.608673,-30.513594
332,C:\Users\DELL Precision 5550\Documents\GitHub\Terrasight-Eurosat-RGB-vs-Multispectral\data\raw\multispectral\AnnualCrop\AnnualCrop_483.tif,0,AnnualCrop,0,AnnualCrop,0.995530903339386,True,-34.494514,-29.52593
333,C:\Users\DELL Precision 5550\Documents\GitHub\Terrasight-Eurosat-RGB-vs-Multispectral\data\raw\multispectral\SeaLake\SeaLake_1351.tif,9,SeaLake,9,SeaLake,0.595064640045166,True,-12.63755,33.658924
334,C:\Users\DELL Precision 5550\Documents\GitHub\Terrasight-Eurosat-RGB-vs-Multispectral\data\raw\multispectral\Industrial\Industrial_1218.tif,4,Industrial,4,Industrial,0.9039559364318848,True,39.69474,-16.148083
335,C:\Users\DELL Precision 5550\Documents\GitHub\Terrasight-Eurosat-RGB-vs-Multispectral\data\raw\multispectral\Forest\Forest_2538.tif,1,Forest,1,Forest,0.9870391488075256,True,13.963375,23.838036
336,C:\Users\DELL Precision 5550\Documents\GitHub\Terrasight-Eurosat-RGB-vs-Multispectral\data\raw\multispectral\Industrial\Industrial_1551.tif,4,Industrial,4,Industrial,0.9964661598205566,True,49.957302,-20.257221
337,C:\Users\DELL Precision 5550\Documents\GitHub\Terrasight-Eurosat-RGB-vs-Multispectral\data\raw\multispectral\Forest\Forest_2941.tif,1,Forest,1,Forest,0.9867956638336182,True,13.800854,23.879517
338,C:\Users\DELL Precision 5550\Documents\GitHub\Terrasight-Eurosat-RGB-vs-Multispectral\data\raw\multispectral\Pasture\Pasture_419.tif,5,Pasture,5,Pasture,0.99924635887146,True,-44.3179,-1.9048017
339,C:\Users\DELL Precision 5550\Documents\GitHub\Terrasight-Eurosat-RGB-vs-Multispectral\data\raw\multispectral\SeaLake\SeaLake_1368.tif,9,SeaLake,9,SeaLake,0.9999988079071045,True,3.6031835,67.24553
340,C:\Users\DELL Precision 5550\Documents\GitHub\Terrasight-Eurosat-RGB-vs-Multispectral\data\raw\multispectral\Forest\Forest_997.tif,1,Forest,1,Forest,0.9981119632720947,True,12.036738,33.80716
341,C:\Users\DELL Precision 5550\Documents\GitHub\Terrasight-Eurosat-RGB-vs-Multispectral\data\raw\multispectral\Highway\Highway_1381.tif,3,Highway,3,Highway,0.998892605304718,True,16.563606,-50.743607
342,C:\Users\DELL Precision 5550\Documents\GitHub\Terrasight-Eurosat-RGB-vs-Multispectral\data\raw\multispectral\Forest\Forest_352.tif,1,Forest,1,Forest,0.9978316426277161,True,20.761478,26.029987
343,C:\Users\DELL Precision 5550\Documents\GitHub\Terrasight-Eurosat-RGB-vs-Multispectral\data\raw\multispectral\SeaLake\SeaLake_1870.tif,9,SeaLake,9,SeaLake,0.9999951124191284,True,-3.8137167,64.54486
344,C:\Users\DELL Precision 5550\Documents\GitHub\Terrasight-Eurosat-RGB-vs-Multispectral\data\raw\multispectral\PermanentCrop\PermanentCrop_254.tif,6,PermanentCrop,6,PermanentCrop,0.9999080896377563,True,-0.18153027,-26.910393
345,C:\Users\DELL Precision 5550\Documents\GitHub\Terrasight-Eurosat-RGB-vs-Multispectral\data\raw\multispectral\Highway\Highway_1618.tif,3,Highway,3,Highway,0.9938873648643494,True,18.180983,-46.91889
346,C:\Users\DELL Precision 5550\Documents\GitHub\Terrasight-Eurosat-RGB-vs-Multispectral\data\raw\multispectral\AnnualCrop\AnnualCrop_1973.tif,0,AnnualCrop,0,AnnualCrop,0.8717860579490662,True,-21.096304,-33.543278
347,C:\Users\DELL Precision 5550\Documents\GitHub\Terrasight-Eurosat-RGB-vs-Multispectral\data\raw\multispectral\PermanentCrop\PermanentCrop_288.tif,6,PermanentCrop,6,PermanentCrop,0.9582933783531189,True,0.19727981,-13.613811
348,C:\Users\DELL Precision 5550\Documents\GitHub\Terrasight-Eurosat-RGB-vs-Multispectral\data\raw\multispectral\Residential\Residential_1735.tif,7,Residential,7,Residential,0.9992212057113647,True,51.303757,0.6264275
349,C:\Users\DELL Precision 5550\Documents\GitHub\Terrasight-Eurosat-RGB-vs-Multispectral\data\raw\multispectral\Industrial\Industrial_510.tif,4,Industrial,4,Industrial,0.9998805522918701,True,35.609478,-24.820549
350,C:\Users\DELL Precision 5550\Documents\GitHub\Terrasight-Eurosat-RGB-vs-Multispectral\data\raw\multispectral\Pasture\Pasture_1836.tif,5,Pasture,5,Pasture,0.9925464987754822,True,-31.809828,-5.836596
351,C:\Users\DELL Precision 5550\Documents\GitHub\Terrasight-Eurosat-RGB-vs-Multispectral\data\raw\multispectral\AnnualCrop\AnnualCrop_2525.tif,0,AnnualCrop,0,AnnualCrop,0.9994035959243774,True,-34.0978,-33.336765
352,C:\Users\DELL Precision 5550\Documents\GitHub\Terrasight-Eurosat-RGB-vs-Multispectral\data\raw\multispectral\Highway\Highway_670.tif,3,Highway,3,Highway,0.9909852743148804,True,17.740885,-47.240913
353,C:\Users\DELL Precision 5550\Documents\GitHub\Terrasight-Eurosat-RGB-vs-Multispectral\data\raw\multispectral\Pasture\Pasture_1612.tif,5,Pasture,5,Pasture,0.995434582233429,True,-41.24377,-8.979692
354,C:\Users\DELL Precision 5550\Documents\GitHub\Terrasight-Eurosat-RGB-vs-Multispectral\data\raw\multispectral\River\River_1318.tif,8,River,8,River,0.9973834156990051,True,-40.930607,18.363253
355,C:\Users\DELL Precision 5550\Documents\GitHub\Terrasight-Eurosat-RGB-vs-Multispectral\data\raw\multispectral\Pasture\Pasture_1009.tif,5,Pasture,5,Pasture,0.9973702430725098,True,-37.957928,-6.2159066
356,C:\Users\DELL Precision 5550\Documents\GitHub\Terrasight-Eurosat-RGB-vs-Multispectral\data\raw\multispectral\Residential\Residential_2410.tif,7,Residential,7,Residential,0.9943792223930359,True,36.59984,-2.7732675
357,C:\Users\DELL Precision 5550\Documents\GitHub\Terrasight-Eurosat-RGB-vs-Multispectral\data\raw\multispectral\AnnualCrop\AnnualCrop_938.tif,0,AnnualCrop,0,AnnualCrop,0.9976208806037903,True,-41.566063,-32.4259
358,C:\Users\DELL Precision 5550\Documents\GitHub\Terrasight-Eurosat-RGB-vs-Multispectral\data\raw\multispectral\Forest\Forest_853.tif,1,Forest,1,Forest,0.9999852180480957,True,25.511728,42.114933
359,C:\Users\DELL Precision 5550\Documents\GitHub\Terrasight-Eurosat-RGB-vs-Multispectral\data\raw\multispectral\SeaLake\SeaLake_689.tif,9,SeaLake,9,SeaLake,0.9998533725738525,True,-14.39848,55.812885
360,C:\Users\DELL Precision 5550\Documents\GitHub\Terrasight-Eurosat-RGB-vs-Multispectral\data\raw\multispectral\PermanentCrop\PermanentCrop_1339.tif,6,PermanentCrop,6,PermanentCrop,0.9973551034927368,True,-4.9224696,-22.667603
361,C:\Users\DELL Precision 5550\Documents\GitHub\Terrasight-Eurosat-RGB-vs-Multispectral\data\raw\multispectral\SeaLake\SeaLake_2848.tif,9,SeaLake,9,SeaLake,0.9999105930328369,True,-11.463986,55.89319
362,C:\Users\DELL Precision 5550\Documents\GitHub\Terrasight-Eurosat-RGB-vs-Multispectral\data\raw\multispectral\Forest\Forest_1120.tif,1,Forest,1,Forest,0.999879002571106,True,26.3662,34.88185
363,C:\Users\DELL Precision 5550\Documents\GitHub\Terrasight-Eurosat-RGB-vs-Multispectral\data\raw\multispectral\Highway\Highway_2078.tif,3,Highway,3,Highway,0.9948529601097107,True,22.042557,-50.566776
364,C:\Users\DELL Precision 5550\Documents\GitHub\Terrasight-Eurosat-RGB-vs-Multispectral\data\raw\multispectral\Industrial\Industrial_1104.tif,4,Industrial,4,Industrial,0.9999523162841797,True,47.403263,-23.86284
365,C:\Users\DELL Precision 5550\Documents\GitHub\Terrasight-Eurosat-RGB-vs-Multispectral\data\raw\multispectral\HerbaceousVegetation\HerbaceousVegetation_827.tif,2,HerbaceousVegetation,2,HerbaceousVegetation,0.9730981588363647,True,8.218008,1.4986186
366,C:\Users\DELL Precision 5550\Documents\GitHub\Terrasight-Eurosat-RGB-vs-Multispectral\data\raw\multispectral\Residential\Residential_135.tif,7,Residential,7,Residential,0.9999990463256836,True,41.13894,11.062411
367,C:\Users\DELL Precision 5550\Documents\GitHub\Terrasight-Eurosat-RGB-vs-Multispectral\data\raw\multispectral\River\River_2340.tif,8,River,8,River,0.9950609803199768,True,-41.25003,19.431171
368,C:\Users\DELL Precision 5550\Documents\GitHub\Terrasight-Eurosat-RGB-vs-Multispectral\data\raw\multispectral\Industrial\Industrial_760.tif,4,Industrial,4,Industrial,0.9861441850662231,True,31.50856,-19.21322
369,C:\Users\DELL Precision 5550\Documents\GitHub\Terrasight-Eurosat-RGB-vs-Multispectral\data\raw\multispectral\AnnualCrop\AnnualCrop_2369.tif,0,AnnualCrop,0,AnnualCrop,0.8732874393463135,True,-20.777346,-25.787706
370,C:\Users\DELL Precision 5550\Documents\GitHub\Terrasight-Eurosat-RGB-vs-Multispectral\data\raw\multispectral\PermanentCrop\PermanentCrop_2324.tif,6,PermanentCrop,6,PermanentCrop,0.9870210289955139,True,-6.079679,-26.843464
371,C:\Users\DELL Precision 5550\Documents\GitHub\Terrasight-Eurosat-RGB-vs-Multispectral\data\raw\multispectral\PermanentCrop\PermanentCrop_1568.tif,6,PermanentCrop,6,PermanentCrop,0.9997170567512512,True,1.8351824,-22.131762
372,C:\Users\DELL Precision 5550\Documents\GitHub\Terrasight-Eurosat-RGB-vs-Multispectral\data\raw\multispectral\Residential\Residential_2800.tif,7,Residential,7,Residential,0.9999938011169434,True,46.51785,6.4165916
373,C:\Users\DELL Precision 5550\Documents\GitHub\Terrasight-Eurosat-RGB-vs-Multispectral\data\raw\multispectral\Pasture\Pasture_1062.tif,5,Pasture,0,AnnualCrop,0.5439851880073547,False,-33.75553,-12.613246
374,C:\Users\DELL Precision 5550\Documents\GitHub\Terrasight-Eurosat-RGB-vs-Multispectral\data\raw\multispectral\Forest\Forest_1146.tif,1,Forest,1,Forest,0.9905142784118652,True,8.847982,21.653023
375,C:\Users\DELL Precision 5550\Documents\GitHub\Terrasight-Eurosat-RGB-vs-Multispectral\data\raw\multispectral\Residential\Residential_2028.tif,7,Residential,7,Residential,0.9993124008178711,True,48.396183,3.0092974
376,C:\Users\DELL Precision 5550\Documents\GitHub\Terrasight-Eurosat-RGB-vs-Multispectral\data\raw\multispectral\Residential\Residential_2862.tif,7,Residential,7,Residential,1.0,True,53.370663,14.979818
377,C:\Users\DELL Precision 5550\Documents\GitHub\Terrasight-Eurosat-RGB-vs-Multispectral\data\raw\multispectral\River\River_191.tif,8,River,8,River,0.9953837990760803,True,-37.156258,18.871464
378,C:\Users\DELL Precision 5550\Documents\GitHub\Terrasight-Eurosat-RGB-vs-Multispectral\data\raw\multispectral\River\River_418.tif,8,River,8,River,0.9990479350090027,True,-40.99733,22.70478
379,C:\Users\DELL Precision 5550\Documents\GitHub\Terrasight-Eurosat-RGB-vs-Multispectral\data\raw\multispectral\Forest\Forest_576.tif,1,Forest,1,Forest,0.9996970891952515,True,26.489233,37.40283
380,C:\Users\DELL Precision 5550\Documents\GitHub\Terrasight-Eurosat-RGB-vs-Multispectral\data\raw\multispectral\Forest\Forest_1363.tif,1,Forest,1,Forest,0.9991922974586487,True,20.548986,25.971369
381,C:\Users\DELL Precision 5550\Documents\GitHub\Terrasight-Eurosat-RGB-vs-Multispectral\data\raw\multispectral\Highway\Highway_1557.tif,3,Highway,3,Highway,0.9929720759391785,True,20.355368,-56.183235
382,C:\Users\DELL Precision 5550\Documents\GitHub\Terrasight-Eurosat-RGB-vs-Multispectral\data\raw\multispectral\Industrial\Industrial_1165.tif,4,Industrial,4,Industrial,0.9994364380836487,True,38.29993,-27.794106
383,C:\Users\DELL Precision 5550\Documents\GitHub\Terrasight-Eurosat-RGB-vs-Multispectral\data\raw\multispectral\River\River_1675.tif,8,River,8,River,0.9999147653579712,True,-47.888554,23.86558
384,C:\Users\DELL Precision 5550\Documents\GitHub\Terrasight-Eurosat-RGB-vs-Multispectral\data\raw\multispectral\HerbaceousVegetation\HerbaceousVegetation_2827.tif,2,HerbaceousVegetation,2,HerbaceousVegetation,0.9997417330741882,True,-3.724514,8.609861
385,C:\Users\DELL Precision 5550\Documents\GitHub\Terrasight-Eurosat-RGB-vs-Multispectral\data\raw\multispectral\PermanentCrop\PermanentCrop_194.tif,6,PermanentCrop,6,PermanentCrop,0.9841938614845276,True,-0.40220365,-20.213806
386,C:\Users\DELL Precision 5550\Documents\GitHub\Terrasight-Eurosat-RGB-vs-Multispectral\data\raw\multispectral\PermanentCrop\PermanentCrop_224.tif,6,PermanentCrop,6,PermanentCrop,0.9964159727096558,True,-1.0835283,-20.763262
387,C:\Users\DELL Precision 5550\Documents\GitHub\Terrasight-Eurosat-RGB-vs-Multispectral\data\raw\multispectral\AnnualCrop\AnnualCrop_2761.tif,0,AnnualCrop,0,AnnualCrop,0.9934558272361755,True,-28.902822,-43.62584
388,C:\Users\DELL Precision 5550\Documents\GitHub\Terrasight-Eurosat-RGB-vs-Multispectral\data\raw\multispectral\AnnualCrop\AnnualCrop_2273.tif,0,AnnualCrop,0,AnnualCrop,0.9993934631347656,True,-36.267635,-32.683994
389,C:\Users\DELL Precision 5550\Documents\GitHub\Terrasight-Eurosat-RGB-vs-Multispectral\data\raw\multispectral\PermanentCrop\PermanentCrop_1175.tif,6,PermanentCrop,6,PermanentCrop,0.9935473799705505,True,-3.41639,-21.857788
390,C:\Users\DELL Precision 5550\Documents\GitHub\Terrasight-Eurosat-RGB-vs-Multispectral\data\raw\multispectral\SeaLake\SeaLake_1336.tif,9,SeaLake,9,SeaLake,0.9969643950462341,True,-11.131667,38.298264
391,C:\Users\DELL Precision 5550\Documents\GitHub\Terrasight-Eurosat-RGB-vs-Multispectral\data\raw\multispectral\Forest\Forest_2425.tif,1,Forest,1,Forest,0.9995651841163635,True,20.717878,36.905216
392,C:\Users\DELL Precision 5550\Documents\GitHub\Terrasight-Eurosat-RGB-vs-Multispectral\data\raw\multispectral\Industrial\Industrial_2323.tif,4,Industrial,4,Industrial,0.9999597072601318,True,46.11191,-22.554611
393,C:\Users\DELL Precision 5550\Documents\GitHub\Terrasight-Eurosat-RGB-vs-Multispectral\data\raw\multispectral\AnnualCrop\AnnualCrop_2708.tif,0,AnnualCrop,0,AnnualCrop,0.9383925199508667,True,-21.056135,-35.132812
394,C:\Users\DELL Precision 5550\Documents\GitHub\Terrasight-Eurosat-RGB-vs-Multispectral\data\raw\multispectral\Industrial\Industrial_1603.tif,4,Industrial,4,Industrial,0.992925763130188,True,37.911953,-20.53817
395,C:\Users\DELL Precision 5550\Documents\GitHub\Terrasight-Eurosat-RGB-vs-Multispectral\data\raw\multispectral\AnnualCrop\AnnualCrop_1359.tif,0,AnnualCrop,0,AnnualCrop,0.8327404856681824,True,-38.580837,-24.890533
396,C:\Users\DELL Precision 5550\Documents\GitHub\Terrasight-Eurosat-RGB-vs-Multispectral\data\raw\multispectral\AnnualCrop\AnnualCrop_1768.tif,0,AnnualCrop,0,AnnualCrop,0.9910791516304016,True,-29.6063,-28.272118
397,C:\Users\DELL Precision 5550\Documents\GitHub\Terrasight-Eurosat-RGB-vs-Multispectral\data\raw\multispectral\Forest\Forest_1122.tif,1,Forest,1,Forest,0.9999977350234985,True,22.628063,41.737083
398,C:\Users\DELL Precision 5550\Documents\GitHub\Terrasight-Eurosat-RGB-vs-Multispectral\data\raw\multispectral\HerbaceousVegetation\HerbaceousVegetation_2647.tif,2,HerbaceousVegetation,2,HerbaceousVegetation,0.9929599165916443,True,-12.963353,4.5957227
399,C:\Users\DELL Precision 5550\Documents\GitHub\Terrasight-Eurosat-RGB-vs-Multispectral\data\raw\multispectral\SeaLake\SeaLake_450.tif,9,SeaLake,9,SeaLake,0.9999645948410034,True,-9.855813,55.603363
400,C:\Users\DELL Precision 5550\Documents\GitHub\Terrasight-Eurosat-RGB-vs-Multispectral\data\raw\multispectral\PermanentCrop\PermanentCrop_904.tif,6,PermanentCrop,6,PermanentCrop,0.9834948182106018,True,-4.743712,-25.453156
401,C:\Users\DELL Precision 5550\Documents\GitHub\Terrasight-Eurosat-RGB-vs-Multispectral\data\raw\multispectral\Forest\Forest_2646.tif,1,Forest,1,Forest,0.9827243685722351,True,20.416643,35.18653
402,C:\Users\DELL Precision 5550\Documents\GitHub\Terrasight-Eurosat-RGB-vs-Multispectral\data\raw\multispectral\Industrial\Industrial_2017.tif,4,Industrial,4,Industrial,0.9255425930023193,True,32.7343,-17.291847
403,C:\Users\DELL Precision 5550\Documents\GitHub\Terrasight-Eurosat-RGB-vs-Multispectral\data\raw\multispectral\SeaLake\SeaLake_1423.tif,9,SeaLake,9,SeaLake,0.9999200105667114,True,-11.813079,55.533207
404,C:\Users\DELL Precision 5550\Documents\GitHub\Terrasight-Eurosat-RGB-vs-Multispectral\data\raw\multispectral\HerbaceousVegetation\HerbaceousVegetation_813.tif,2,HerbaceousVegetation,3,Highway,0.5275237560272217,False,4.873961,-47.264954
405,C:\Users\DELL Precision 5550\Documents\GitHub\Terrasight-Eurosat-RGB-vs-Multispectral\data\raw\multispectral\Residential\Residential_1093.tif,7,Residential,7,Residential,0.9990487694740295,True,36.502693,2.1185675
406,C:\Users\DELL Precision 5550\Documents\GitHub\Terrasight-Eurosat-RGB-vs-Multispectral\data\raw\multispectral\Pasture\Pasture_528.tif,5,Pasture,5,Pasture,0.9929715991020203,True,-29.95945,-6.889876
407,C:\Users\DELL Precision 5550\Documents\GitHub\Terrasight-Eurosat-RGB-vs-Multispectral\data\raw\multispectral\Residential\Residential_386.tif,7,Residential,7,Residential,0.6139945387840271,True,34.152565,3.0045846
408,C:\Users\DELL Precision 5550\Documents\GitHub\Terrasight-Eurosat-RGB-vs-Multispectral\data\raw\multispectral\HerbaceousVegetation\HerbaceousVegetation_1264.tif,2,HerbaceousVegetation,2,HerbaceousVegetation,0.9977988600730896,True,-8.056989,5.946602
409,C:\Users\DELL Precision 5550\Documents\GitHub\Terrasight-Eurosat-RGB-vs-Multispectral\data\raw\multispectral\Residential\Residential_2130.tif,7,Residential,7,Residential,0.9967067837715149,True,42.103386,-2.2150464
410,C:\Users\DELL Precision 5550\Documents\GitHub\Terrasight-Eurosat-RGB-vs-Multispectral\data\raw\multispectral\Industrial\Industrial_1299.tif,4,Industrial,4,Industrial,0.9983866214752197,True,33.324974,-20.918562
411,C:\Users\DELL Precision 5550\Documents\GitHub\Terrasight-Eurosat-RGB-vs-Multispectral\data\raw\multispectral\AnnualCrop\AnnualCrop_82.tif,0,AnnualCrop,0,AnnualCrop,0.9868609309196472,True,-26.958578,-30.257626
412,C:\Users\DELL Precision 5550\Documents\GitHub\Terrasight-Eurosat-RGB-vs-Multispectral\data\raw\multispectral\Pasture\Pasture_983.tif,5,Pasture,5,Pasture,0.6415249109268188,True,-33.908516,-11.908987
413,C:\Users\DELL Precision 5550\Documents\GitHub\Terrasight-Eurosat-RGB-vs-Multispectral\data\raw\multispectral\AnnualCrop\AnnualCrop_2165.tif,0,AnnualCrop,0,AnnualCrop,0.992318868637085,True,-26.16199,-41.070248
414,C:\Users\DELL Precision 5550\Documents\GitHub\Terrasight-Eurosat-RGB-vs-Multispectral\data\raw\multispectral\Forest\Forest_645.tif,1,Forest,1,Forest,0.9616208076477051,True,25.669495,27.124054
415,C:\Users\DELL Precision 5550\Documents\GitHub\Terrasight-Eurosat-RGB-vs-Multispectral\data\raw\multispectral\Industrial\Industrial_507.tif,4,Industrial,4,Industrial,0.7886399030685425,True,40.265743,-16.409716
416,C:\Users\DELL Precision 5550\Documents\GitHub\Terrasight-Eurosat-RGB-vs-Multispectral\data\raw\multispectral\AnnualCrop\AnnualCrop_2515.tif,0,AnnualCrop,0,AnnualCrop,0.9859132170677185,True,-30.024187,-33.961964
417,C:\Users\DELL Precision 5550\Documents\GitHub\Terrasight-Eurosat-RGB-vs-Multispectral\data\raw\multispectral\Industrial\Industrial_559.tif,4,Industrial,4,Industrial,0.9999551773071289,True,42.617283,-29.161112
418,C:\Users\DELL Precision 5550\Documents\GitHub\Terrasight-Eurosat-RGB-vs-Multispectral\data\raw\multispectral\AnnualCrop\AnnualCrop_2227.tif,0,AnnualCrop,0,AnnualCrop,0.8010491132736206,True,-19.118408,-31.099566
419,C:\Users\DELL Precision 5550\Documents\GitHub\Terrasight-Eurosat-RGB-vs-Multispectral\data\raw\multispectral\Industrial\Industrial_1556.tif,4,Industrial,4,Industrial,0.9997000694274902,True,35.144806,-24.193691
420,C:\Users\DELL Precision 5550\Documents\GitHub\Terrasight-Eurosat-RGB-vs-Multispectral\data\raw\multispectral\HerbaceousVegetation\HerbaceousVegetation_1504.tif,2,HerbaceousVegetation,2,HerbaceousVegetation,0.9946517944335938,True,-5.629456,2.433073
421,C:\Users\DELL Precision 5550\Documents\GitHub\Terrasight-Eurosat-RGB-vs-Multispectral\data\raw\multispectral\AnnualCrop\AnnualCrop_2436.tif,0,AnnualCrop,0,AnnualCrop,0.9964529275894165,True,-25.138369,-41.7623
422,C:\Users\DELL Precision 5550\Documents\GitHub\Terrasight-Eurosat-RGB-vs-Multispectral\data\raw\multispectral\Pasture\Pasture_750.tif,5,Pasture,5,Pasture,0.9986782670021057,True,-42.546284,0.21229155
423,C:\Users\DELL Precision 5550\Documents\GitHub\Terrasight-Eurosat-RGB-vs-Multispectral\data\raw\multispectral\River\River_758.tif,8,River,8,River,0.9999701976776123,True,-50.21565,24.714298
424,C:\Users\DELL Precision 5550\Documents\GitHub\Terrasight-Eurosat-RGB-vs-Multispectral\data\raw\multispectral\SeaLake\SeaLake_166.tif,9,SeaLake,9,SeaLake,0.999862790107727,True,-12.051271,54.670986
425,C:\Users\DELL Precision 5550\Documents\GitHub\Terrasight-Eurosat-RGB-vs-Multispectral\data\raw\multispectral\HerbaceousVegetation\HerbaceousVegetation_2632.tif,2,HerbaceousVegetation,2,HerbaceousVegetation,0.9982321858406067,True,-12.729061,2.415595
426,C:\Users\DELL Precision 5550\Documents\GitHub\Terrasight-Eurosat-RGB-vs-Multispectral\data\raw\multispectral\AnnualCrop\AnnualCrop_2217.tif,0,AnnualCrop,0,AnnualCrop,0.9859614372253418,True,-28.742739,-28.791252
427,C:\Users\DELL Precision 5550\Documents\GitHub\Terrasight-Eurosat-RGB-vs-Multispectral\data\raw\multispectral\SeaLake\SeaLake_36.tif,9,SeaLake,9,SeaLake,0.9986259937286377,True,-15.058817,47.7494
428,C:\Users\DELL Precision 5550\Documents\GitHub\Terrasight-Eurosat-RGB-vs-Multispectral\data\raw\multispectral\HerbaceousVegetation\HerbaceousVegetation_1991.tif,2,HerbaceousVegetation,2,HerbaceousVegetation,0.9979400038719177,True,6.5210013,-3.9510198
429,C:\Users\DELL Precision 5550\Documents\GitHub\Terrasight-Eurosat-RGB-vs-Multispectral\data\raw\multispectral\Highway\Highway_1030.tif,3,Highway,3,Highway,0.9657757878303528,True,6.992751,-48.744785
430,C:\Users\DELL Precision 5550\Documents\GitHub\Terrasight-Eurosat-RGB-vs-Multispectral\data\raw\multispectral\Forest\Forest_946.tif,1,Forest,1,Forest,0.9996709823608398,True,14.0077505,33.39423
431,C:\Users\DELL Precision 5550\Documents\GitHub\Terrasight-Eurosat-RGB-vs-Multispectral\data\raw\multispectral\Forest\Forest_429.tif,1,Forest,1,Forest,0.9936797618865967,True,18.502802,28.535736
432,C:\Users\DELL Precision 5550\Documents\GitHub\Terrasight-Eurosat-RGB-vs-Multispectral\data\raw\multispectral\HerbaceousVegetation\HerbaceousVegetation_1022.tif,2,HerbaceousVegetation,2,HerbaceousVegetation,0.9222153425216675,True,-15.49913,-2.4102957
433,C:\Users\DELL Precision 5550\Documents\GitHub\Terrasight-Eurosat-RGB-vs-Multispectral\data\raw\multispectral\SeaLake\SeaLake_1386.tif,9,SeaLake,9,SeaLake,0.8872820138931274,True,-16.64387,44.257153
434,C:\Users\DELL Precision 5550\Documents\GitHub\Terrasight-Eurosat-RGB-vs-Multispectral\data\raw\multispectral\Forest\Forest_948.tif,1,Forest,1,Forest,0.9905057549476624,True,13.18835,23.254019
435,C:\Users\DELL Precision 5550\Documents\GitHub\Terrasight-Eurosat-RGB-vs-Multispectral\data\raw\multispectral\SeaLake\SeaLake_177.tif,9,SeaLake,9,SeaLake,0.984533429145813,True,-9.06509,40.649315
436,C:\Users\DELL Precision 5550\Documents\GitHub\Terrasight-Eurosat-RGB-vs-Multispectral\data\raw\multispectral\Pasture\Pasture_219.tif,5,Pasture,5,Pasture,0.9607264399528503,True,-27.07732,-6.4980903
437,C:\Users\DELL Precision 5550\Documents\GitHub\Terrasight-Eurosat-RGB-vs-Multispectral\data\raw\multispectral\Industrial\Industrial_2445.tif,4,Industrial,4,Industrial,0.6170465350151062,True,32.408936,-14.154697
438,C:\Users\DELL Precision 5550\Documents\GitHub\Terrasight-Eurosat-RGB-vs-Multispectral\data\raw\multispectral\HerbaceousVegetation\HerbaceousVegetation_2573.tif,2,HerbaceousVegetation,2,HerbaceousVegetation,0.7925558686256409,True,9.294246,14.955126
439,C:\Users\DELL Precision 5550\Documents\GitHub\Terrasight-Eurosat-RGB-vs-Multispectral\data\raw\multispectral\Pasture\Pasture_1437.tif,5,Pasture,5,Pasture,0.9937585592269897,True,-37.44535,-5.1293945
440,C:\Users\DELL Precision 5550\Documents\GitHub\Terrasight-Eurosat-RGB-vs-Multispectral\data\raw\multispectral\PermanentCrop\PermanentCrop_2070.tif,6,PermanentCrop,6,PermanentCrop,0.9985767602920532,True,0.9602638,-24.547619
441,C:\Users\DELL Precision 5550\Documents\GitHub\Terrasight-Eurosat-RGB-vs-Multispectral\data\raw\multispectral\AnnualCrop\AnnualCrop_1640.tif,0,AnnualCrop,0,AnnualCrop,0.9986503720283508,True,-32.988903,-25.22725
442,C:\Users\DELL Precision 5550\Documents\GitHub\Terrasight-Eurosat-RGB-vs-Multispectral\data\raw\multispectral\Pasture\Pasture_650.tif,5,Pasture,0,AnnualCrop,0.7768737077713013,False,-36.145126,-14.3478155
443,C:\Users\DELL Precision 5550\Documents\GitHub\Terrasight-Eurosat-RGB-vs-Multispectral\data\raw\multispectral\Industrial\Industrial_1849.tif,4,Industrial,4,Industrial,0.9998131394386292,True,39.684906,-23.610361
444,C:\Users\DELL Precision 5550\Documents\GitHub\Terrasight-Eurosat-RGB-vs-Multispectral\data\raw\multispectral\SeaLake\SeaLake_21.tif,9,SeaLake,9,SeaLake,0.9999779462814331,True,-6.3047466,58.431797
445,C:\Users\DELL Precision 5550\Documents\GitHub\Terrasight-Eurosat-RGB-vs-Multispectral\data\raw\multispectral\AnnualCrop\AnnualCrop_1879.tif,0,AnnualCrop,0,AnnualCrop,0.999702513217926,True,-41.155647,-32.720688
446,C:\Users\DELL Precision 5550\Documents\GitHub\Terrasight-Eurosat-RGB-vs-Multispectral\data\raw\multispectral\PermanentCrop\PermanentCrop_1495.tif,6,PermanentCrop,4,Industrial,0.9990547299385071,False,33.66514,-26.097475
447,C:\Users\DELL Precision 5550\Documents\GitHub\Terrasight-Eurosat-RGB-vs-Multispectral\data\raw\multispectral\Forest\Forest_884.tif,1,Forest,1,Forest,0.998542308807373,True,24.501612,33.974174
448,C:\Users\DELL Precision 5550\Documents\GitHub\Terrasight-Eurosat-RGB-vs-Multispectral\data\raw\multispectral\Pasture\Pasture_1105.tif,5,Pasture,5,Pasture,0.9981871247291565,True,-34.971382,-5.7235684
449,C:\Users\DELL Precision 5550\Documents\GitHub\Terrasight-Eurosat-RGB-vs-Multispectral\data\raw\multispectral\SeaLake\SeaLake_2710.tif,9,SeaLake,9,SeaLake,0.9998514652252197,True,-7.8895364,54.570885
450,C:\Users\DELL Precision 5550\Documents\GitHub\Terrasight-Eurosat-RGB-vs-Multispectral\data\raw\multispectral\Pasture\Pasture_989.tif,5,Pasture,5,Pasture,0.9998284578323364,True,-43.334194,-4.311446
451,C:\Users\DELL Precision 5550\Documents\GitHub\Terrasight-Eurosat-RGB-vs-Multispectral\data\raw\multispectral\SeaLake\SeaLake_1070.tif,9,SeaLake,9,SeaLake,0.9998949766159058,True,-12.587002,55.5186
452,C:\Users\DELL Precision 5550\Documents\GitHub\Terrasight-Eurosat-RGB-vs-Multispectral\data\raw\multispectral\SeaLake\SeaLake_2910.tif,9,SeaLake,9,SeaLake,0.8953530192375183,True,-16.07644,44.943222
453,C:\Users\DELL Precision 5550\Documents\GitHub\Terrasight-Eurosat-RGB-vs-Multispectral\data\raw\multispectral\HerbaceousVegetation\HerbaceousVegetation_2085.tif,2,HerbaceousVegetation,2,HerbaceousVegetation,0.9985718727111816,True,-1.6190338,6.1464677
454,C:\Users\DELL Precision 5550\Documents\GitHub\Terrasight-Eurosat-RGB-vs-Multispectral\data\raw\multispectral\Highway\Highway_269.tif,3,Highway,3,Highway,0.9995039701461792,True,19.907225,-54.929943
455,C:\Users\DELL Precision 5550\Documents\GitHub\Terrasight-Eurosat-RGB-vs-Multispectral\data\raw\multispectral\SeaLake\SeaLake_2286.tif,9,SeaLake,9,SeaLake,0.9995421171188354,True,-9.282297,49.04007
456,C:\Users\DELL Precision 5550\Documents\GitHub\Terrasight-Eurosat-RGB-vs-Multispectral\data\raw\multispectral\Pasture\Pasture_1782.tif,5,Pasture,5,Pasture,0.9308582544326782,True,-31.253235,-6.6564813
457,C:\Users\DELL Precision 5550\Documents\GitHub\Terrasight-Eurosat-RGB-vs-Multispectral\data\raw\multispectral\Forest\Forest_1890.tif,1,Forest,1,Forest,0.9994693398475647,True,17.434807,27.138287
458,C:\Users\DELL Precision 5550\Documents\GitHub\Terrasight-Eurosat-RGB-vs-Multispectral\data\raw\multispectral\SeaLake\SeaLake_211.tif,9,SeaLake,9,SeaLake,0.9924547672271729,True,-12.979537,35.993603
459,C:\Users\DELL Precision 5550\Documents\GitHub\Terrasight-Eurosat-RGB-vs-Multispectral\data\raw\multispectral\River\River_2352.tif,8,River,8,River,0.9984310269355774,True,-37.52208,29.343628
460,C:\Users\DELL Precision 5550\Documents\GitHub\Terrasight-Eurosat-RGB-vs-Multispectral\data\raw\multispectral\AnnualCrop\AnnualCrop_1179.tif,0,AnnualCrop,0,AnnualCrop,0.9974355101585388,True,-27.691656,-39.959362
461,C:\Users\DELL Precision 5550\Documents\GitHub\Terrasight-Eurosat-RGB-vs-Multispectral\data\raw\multispectral\Residential\Residential_134.tif,7,Residential,7,Residential,0.9686787724494934,True,35.323166,4.4945617
462,C:\Users\DELL Precision 5550\Documents\GitHub\Terrasight-Eurosat-RGB-vs-Multispectral\data\raw\multispectral\Highway\Highway_1784.tif,3,Highway,3,Highway,0.9936699271202087,True,11.712932,-56.546986
463,C:\Users\DELL Precision 5550\Documents\GitHub\Terrasight-Eurosat-RGB-vs-Multispectral\data\raw\multispectral\Pasture\Pasture_1329.tif,5,Pasture,5,Pasture,0.9998704195022583,True,-46.080345,-2.5633035
464,C:\Users\DELL Precision 5550\Documents\GitHub\Terrasight-Eurosat-RGB-vs-Multispectral\data\raw\multispectral\River\River_673.tif,8,River,8,River,0.9667147397994995,True,-36.130917,15.198634
465,C:\Users\DELL Precision 5550\Documents\GitHub\Terrasight-Eurosat-RGB-vs-Multispectral\data\raw\multispectral\SeaLake\SeaLake_2587.tif,9,SeaLake,9,SeaLake,0.9920014142990112,True,-11.676874,34.566307
466,C:\Users\DELL Precision 5550\Documents\GitHub\Terrasight-Eurosat-RGB-vs-Multispectral\data\raw\multispectral\SeaLake\SeaLake_2103.tif,9,SeaLake,9,SeaLake,0.9983555674552917,True,-12.017839,41.52424
467,C:\Users\DELL Precision 5550\Documents\GitHub\Terrasight-Eurosat-RGB-vs-Multispectral\data\raw\multispectral\Residential\Residential_2515.tif,7,Residential,7,Residential,0.999998927116394,True,46.038208,13.853939
468,C:\Users\DELL Precision 5550\Documents\GitHub\Terrasight-Eurosat-RGB-vs-Multispectral\data\raw\multispectral\SeaLake\SeaLake_1672.tif,9,SeaLake,9,SeaLake,0.998883068561554,True,-10.040237,41.109753
469,C:\Users\DELL Precision 5550\Documents\GitHub\Terrasight-Eurosat-RGB-vs-Multispectral\data\raw\multispectral\HerbaceousVegetation\HerbaceousVegetation_10.tif,2,HerbaceousVegetation,2,HerbaceousVegetation,0.9656060338020325,True,-4.2630286,-7.251769
470,C:\Users\DELL Precision 5550\Documents\GitHub\Terrasight-Eurosat-RGB-vs-Multispectral\data\raw\multispectral\Forest\Forest_1320.tif,1,Forest,1,Forest,0.9893112778663635,True,14.258208,19.189005
471,C:\Users\DELL Precision 5550\Documents\GitHub\Terrasight-Eurosat-RGB-vs-Multispectral\data\raw\multispectral\Residential\Residential_494.tif,7,Residential,7,Residential,0.9999998807907104,True,50.387924,11.338992
472,C:\Users\DELL Precision 5550\Documents\GitHub\Terrasight-Eurosat-RGB-vs-Multispectral\data\raw\multispectral\PermanentCrop\PermanentCrop_768.tif,6,PermanentCrop,6,PermanentCrop,0.9976332187652588,True,-4.5221024,-29.528189
473,C:\Users\DELL Precision 5550\Documents\GitHub\Terrasight-Eurosat-RGB-vs-Multispectral\data\raw\multispectral\Industrial\Industrial_1567.tif,4,Industrial,4,Industrial,0.8971941471099854,True,29.10519,-22.467405
474,C:\Users\DELL Precision 5550\Documents\GitHub\Terrasight-Eurosat-RGB-vs-Multispectral\data\raw\multispectral\HerbaceousVegetation\HerbaceousVegetation_1107.tif,2,HerbaceousVegetation,2,HerbaceousVegetation,0.9592205286026001,True,2.3078961,-2.9800472
475,C:\Users\DELL Precision 5550\Documents\GitHub\Terrasight-Eurosat-RGB-vs-Multispectral\data\raw\multispectral\HerbaceousVegetation\HerbaceousVegetation_2582.tif,2,HerbaceousVegetation,2,HerbaceousVegetation,0.890723705291748,True,4.774461,-2.1025932
476,C:\Users\DELL Precision 5550\Documents\GitHub\Terrasight-Eurosat-RGB-vs-Multispectral\data\raw\multispectral\Residential\Residential_2313.tif,7,Residential,7,Residential,0.9999995231628418,True,51.56746,11.712381
477,C:\Users\DELL Precision 5550\Documents\GitHub\Terrasight-Eurosat-RGB-vs-Multispectral\data\raw\multispectral\Industrial\Industrial_2405.tif,4,Industrial,4,Industrial,0.9944327473640442,True,44.114437,-19.096956
478,C:\Users\DELL Precision 5550\Documents\GitHub\Terrasight-Eurosat-RGB-vs-Multispectral\data\raw\multispectral\Residential\Residential_2087.tif,7,Residential,7,Residential,0.8657658696174622,True,32.750835,-13.538887
479,C:\Users\DELL Precision 5550\Documents\GitHub\Terrasight-Eurosat-RGB-vs-Multispectral\data\raw\multispectral\HerbaceousVegetation\HerbaceousVegetation_1646.tif,2,HerbaceousVegetation,2,HerbaceousVegetation,0.9998273253440857,True,-3.024535,9.245368
480,C:\Users\DELL Precision 5550\Documents\GitHub\Terrasight-Eurosat-RGB-vs-Multispectral\data\raw\multispectral\HerbaceousVegetation\HerbaceousVegetation_873.tif,2,HerbaceousVegetation,2,HerbaceousVegetation,0.9998373985290527,True,-10.6998005,8.483533
481,C:\Users\DELL Precision 5550\Documents\GitHub\Terrasight-Eurosat-RGB-vs-Multispectral\data\raw\multispectral\HerbaceousVegetation\HerbaceousVegetation_2372.tif,2,HerbaceousVegetation,2,HerbaceousVegetation,0.9959420561790466,True,-12.333681,2.6710186
482,C:\Users\DELL Precision 5550\Documents\GitHub\Terrasight-Eurosat-RGB-vs-Multispectral\data\raw\multispectral\SeaLake\SeaLake_300.tif,9,SeaLake,9,SeaLake,0.9999544620513916,True,-6.102811,56.974384
483,C:\Users\DELL Precision 5550\Documents\GitHub\Terrasight-Eurosat-RGB-vs-Multispectral\data\raw\multispectral\AnnualCrop\AnnualCrop_1209.tif,0,AnnualCrop,0,AnnualCrop,0.9986312985420227,True,-35.85839,-34.137943
484,C:\Users\DELL Precision 5550\Documents\GitHub\Terrasight-Eurosat-RGB-vs-Multispectral\data\raw\multispectral\Highway\Highway_565.tif,3,Highway,3,Highway,0.9922767281532288,True,20.631273,-50.65496
485,C:\Users\DELL Precision 5550\Documents\GitHub\Terrasight-Eurosat-RGB-vs-Multispectral\data\raw\multispectral\Forest\Forest_590.tif,1,Forest,1,Forest,0.9957066178321838,True,15.615255,24.29322
486,C:\Users\DELL Precision 5550\Documents\GitHub\Terrasight-Eurosat-RGB-vs-Multispectral\data\raw\multispectral\Residential\Residential_2187.tif,7,Residential,7,Residential,0.9999995231628418,True,47.703594,13.191928
487,C:\Users\DELL Precision 5550\Documents\GitHub\Terrasight-Eurosat-RGB-vs-Multispectral\data\raw\multispectral\PermanentCrop\PermanentCrop_205.tif,6,PermanentCrop,6,PermanentCrop,0.9364529848098755,True,5.9801226,-15.29895
488,C:\Users\DELL Precision 5550\Documents\GitHub\Terrasight-Eurosat-RGB-vs-Multispectral\data\raw\multispectral\Forest\Forest_375.tif,1,Forest,1,Forest,0.9996477365493774,True,22.249325,35.95122
489,C:\Users\DELL Precision 5550\Documents\GitHub\Terrasight-Eurosat-RGB-vs-Multispectral\data\raw\multispectral\PermanentCrop\PermanentCrop_267.tif,6,PermanentCrop,6,PermanentCrop,0.7736029028892517,True,-17.495398,-31.759363
490,C:\Users\DELL Precision 5550\Documents\GitHub\Terrasight-Eurosat-RGB-vs-Multispectral\data\raw\multispectral\SeaLake\SeaLake_124.tif,9,SeaLake,9,SeaLake,0.9995226860046387,True,-8.689333,49.059933
491,C:\Users\DELL Precision 5550\Documents\GitHub\Terrasight-Eurosat-RGB-vs-Multispectral\data\raw\multispectral\Residential\Residential_66.tif,7,Residential,7,Residential,0.9997368454933167,True,42.31018,-0.06633844
492,C:\Users\DELL Precision 5550\Documents\GitHub\Terrasight-Eurosat-RGB-vs-Multispectral\data\raw\multispectral\HerbaceousVegetation\HerbaceousVegetation_1820.tif,2,HerbaceousVegetation,2,HerbaceousVegetation,0.9905601143836975,True,-9.264227,2.361671
493,C:\Users\DELL Precision 5550\Documents\GitHub\Terrasight-Eurosat-RGB-vs-Multispectral\data\raw\multispectral\HerbaceousVegetation\HerbaceousVegetation_2912.tif,2,HerbaceousVegetation,2,HerbaceousVegetation,0.9984470009803772,True,-9.424696,5.3876553
494,C:\Users\DELL Precision 5550\Documents\GitHub\Terrasight-Eurosat-RGB-vs-Multispectral\data\raw\multispectral\Forest\Forest_377.tif,1,Forest,1,Forest,0.9999226331710815,True,25.074352,40.802162
495,C:\Users\DELL Precision 5550\Documents\GitHub\Terrasight-Eurosat-RGB-vs-Multispectral\data\raw\multispectral\Forest\Forest_1154.tif,1,Forest,1,Forest,0.9904338121414185,True,8.005715,22.631924
496,C:\Users\DELL Precision 5550\Documents\GitHub\Terrasight-Eurosat-RGB-vs-Multispectral\data\raw\multispectral\River\River_1303.tif,8,River,8,River,0.8394777178764343,True,2.7434149,-49.607975
497,C:\Users\DELL Precision 5550\Documents\GitHub\Terrasight-Eurosat-RGB-vs-Multispectral\data\raw\multispectral\Residential\Residential_1153.tif,7,Residential,7,Residential,0.9993508458137512,True,38.698418,5.29356
498,C:\Users\DELL Precision 5550\Documents\GitHub\Terrasight-Eurosat-RGB-vs-Multispectral\data\raw\multispectral\Forest\Forest_730.tif,1,Forest,1,Forest,0.9813977479934692,True,15.383224,27.992928
499,C:\Users\DELL Precision 5550\Documents\GitHub\Terrasight-Eurosat-RGB-vs-Multispectral\data\raw\multispectral\AnnualCrop\AnnualCrop_2643.tif,0,AnnualCrop,0,AnnualCrop,0.998831570148468,True,-26.574213,-35.419872
500,C:\Users\DELL Precision 5550\Documents\GitHub\Terrasight-Eurosat-RGB-vs-Multispectral\data\raw\multispectral\AnnualCrop\AnnualCrop_2329.tif,0,AnnualCrop,0,AnnualCrop,0.9390844106674194,True,-21.742887,-28.17103
501,C:\Users\DELL Precision 5550\Documents\GitHub\Terrasight-Eurosat-RGB-vs-Multispectral\data\raw\multispectral\PermanentCrop\PermanentCrop_2230.tif,6,PermanentCrop,6,PermanentCrop,0.6014032959938049,True,-18.695574,-27.084692
502,C:\Users\DELL Precision 5550\Documents\GitHub\Terrasight-Eurosat-RGB-vs-Multispectral\data\raw\multispectral\Residential\Residential_136.tif,7,Residential,7,Residential,0.9982147216796875,True,34.572796,0.70887935
503,C:\Users\DELL Precision 5550\Documents\GitHub\Terrasight-Eurosat-RGB-vs-Multispectral\data\raw\multispectral\SeaLake\SeaLake_1997.tif,9,SeaLake,9,SeaLake,0.9852609038352966,True,-11.430457,35.167904
504,C:\Users\DELL Precision 5550\Documents\GitHub\Terrasight-Eurosat-RGB-vs-Multispectral\data\raw\multispectral\Residential\Residential_743.tif,7,Residential,7,Residential,0.9616420269012451,True,36.72992,-3.5808141
505,C:\Users\DELL Precision 5550\Documents\GitHub\Terrasight-Eurosat-RGB-vs-Multispectral\data\raw\multispectral\Residential\Residential_2183.tif,7,Residential,7,Residential,0.9999955892562866,True,48.91378,7.0077634
506,C:\Users\DELL Precision 5550\Documents\GitHub\Terrasight-Eurosat-RGB-vs-Multispectral\data\raw\multispectral\Pasture\Pasture_165.tif,5,Pasture,5,Pasture,0.9984434247016907,True,-39.29061,-4.5106893
507,C:\Users\DELL Precision 5550\Documents\GitHub\Terrasight-Eurosat-RGB-vs-Multispectral\data\raw\multispectral\PermanentCrop\PermanentCrop_195.tif,6,PermanentCrop,6,PermanentCrop,0.9961063265800476,True,-12.125575,-28.98182
508,C:\Users\DELL Precision 5550\Documents\GitHub\Terrasight-Eurosat-RGB-vs-Multispectral\data\raw\multispectral\Forest\Forest_2341.tif,1,Forest,1,Forest,0.9994149208068848,True,17.341053,36.80154
509,C:\Users\DELL Precision 5550\Documents\GitHub\Terrasight-Eurosat-RGB-vs-Multispectral\data\raw\multispectral\Industrial\Industrial_1927.tif,4,Industrial,4,Industrial,0.9996887445449829,True,42.29657,-20.932213
510,C:\Users\DELL Precision 5550\Documents\GitHub\Terrasight-Eurosat-RGB-vs-Multispectral\data\raw\multispectral\Forest\Forest_698.tif,1,Forest,1,Forest,0.8989825248718262,True,9.612085,17.76441
511,C:\Users\DELL Precision 5550\Documents\GitHub\Terrasight-Eurosat-RGB-vs-Multispectral\data\raw\multispectral\SeaLake\SeaLake_884.tif,9,SeaLake,9,SeaLake,0.9338997602462769,True,-12.464351,34.542103
512,C:\Users\DELL Precision 5550\Documents\GitHub\Terrasight-Eurosat-RGB-vs-Multispectral\data\raw\multispectral\Pasture\Pasture_772.tif,5,Pasture,5,Pasture,0.9952097535133362,True,-34.647987,-3.3504763
513,C:\Users\DELL Precision 5550\Documents\GitHub\Terrasight-Eurosat-RGB-vs-Multispectral\data\raw\multispectral\Residential\Residential_1736.tif,7,Residential,7,Residential,0.9999991655349731,True,46.93411,8.065046
514,C:\Users\DELL Precision 5550\Documents\GitHub\Terrasight-Eurosat-RGB-vs-Multispectral\data\raw\multispectral\Industrial\Industrial_971.tif,4,Industrial,4,Industrial,0.9769850969314575,True,30.87294,-18.132881
515,C:\Users\DELL Precision 5550\Documents\GitHub\Terrasight-Eurosat-RGB-vs-Multispectral\data\raw\multispectral\Highway\Highway_777.tif,3,Highway,3,Highway,0.9885899424552917,True,20.807362,-52.97939
516,C:\Users\DELL Precision 5550\Documents\GitHub\Terrasight-Eurosat-RGB-vs-Multispectral\data\raw\multispectral\Industrial\Industrial_942.tif,4,Industrial,4,Industrial,0.9941430687904358,True,42.7836,-17.87126
517,C:\Users\DELL Precision 5550\Documents\GitHub\Terrasight-Eurosat-RGB-vs-Multispectral\data\raw\multispectral\HerbaceousVegetation\HerbaceousVegetation_1021.tif,2,HerbaceousVegetation,2,HerbaceousVegetation,0.9489182233810425,True,7.1657224,-2.6040645
518,C:\Users\DELL Precision 5550\Documents\GitHub\Terrasight-Eurosat-RGB-vs-Multispectral\data\raw\multispectral\River\River_451.tif,8,River,8,River,0.9997261166572571,True,-40.967438,25.849522
519,C:\Users\DELL Precision 5550\Documents\GitHub\Terrasight-Eurosat-RGB-vs-Multispectral\data\raw\multispectral\Highway\Highway_1176.tif,3,Highway,3,Highway,0.9724202752113342,True,24.03208,-53.052433
520,C:\Users\DELL Precision 5550\Documents\GitHub\Terrasight-Eurosat-RGB-vs-Multispectral\data\raw\multispectral\HerbaceousVegetation\HerbaceousVegetation_852.tif,2,HerbaceousVegetation,2,HerbaceousVegetation,0.9988065958023071,True,1.8917077,5.679183
521,C:\Users\DELL Precision 5550\Documents\GitHub\Terrasight-Eurosat-RGB-vs-Multispectral\data\raw\multispectral\AnnualCrop\AnnualCrop_1697.tif,0,AnnualCrop,0,AnnualCrop,0.997908353805542,True,-24.769958,-34.613384
522,C:\Users\DELL Precision 5550\Documents\GitHub\Terrasight-Eurosat-RGB-vs-Multispectral\data\raw\multispectral\River\River_2436.tif,8,River,8,River,0.9997255206108093,True,-50.026134,22.331621
523,C:\Users\DELL Precision 5550\Documents\GitHub\Terrasight-Eurosat-RGB-vs-Multispectral\data\raw\multispectral\River\River_2177.tif,8,River,9,SeaLake,0.8834228515625,False,-16.578276,46.03449
524,C:\Users\DELL Precision 5550\Documents\GitHub\Terrasight-Eurosat-RGB-vs-Multispectral\data\raw\multispectral\SeaLake\SeaLake_2931.tif,9,SeaLake,9,SeaLake,0.9999681711196899,True,-10.440594,58.570694
525,C:\Users\DELL Precision 5550\Documents\GitHub\Terrasight-Eurosat-RGB-vs-Multispectral\data\raw\multispectral\SeaLake\SeaLake_2739.tif,9,SeaLake,9,SeaLake,0.9998252987861633,True,-10.815995,50.974285
526,C:\Users\DELL Precision 5550\Documents\GitHub\Terrasight-Eurosat-RGB-vs-Multispectral\data\raw\multispectral\AnnualCrop\AnnualCrop_247.tif,0,AnnualCrop,0,AnnualCrop,0.8779353499412537,True,-23.525673,-29.717785
527,C:\Users\DELL Precision 5550\Documents\GitHub\Terrasight-Eurosat-RGB-vs-Multispectral\data\raw\multispectral\Forest\Forest_2618.tif,1,Forest,1,Forest,0.9341520667076111,True,11.403451,17.481524
528,C:\Users\DELL Precision 5550\Documents\GitHub\Terrasight-Eurosat-RGB-vs-Multispectral\data\raw\multispectral\Residential\Residential_696.tif,7,Residential,7,Residential,0.9999977350234985,True,54.265556,10.579218
529,C:\Users\DELL Precision 5550\Documents\GitHub\Terrasight-Eurosat-RGB-vs-Multispectral\data\raw\multispectral\Residential\Residential_1833.tif,7,Residential,7,Residential,0.9999747276306152,True,49.84238,6.3100495
530,C:\Users\DELL Precision 5550\Documents\GitHub\Terrasight-Eurosat-RGB-vs-Multispectral\data\raw\multispectral\Forest\Forest_815.tif,1,Forest,1,Forest,0.9221877455711365,True,7.2435293,21.311567
531,C:\Users\DELL Precision 5550\Documents\GitHub\Terrasight-Eurosat-RGB-vs-Multispectral\data\raw\multispectral\HerbaceousVegetation\HerbaceousVegetation_1525.tif,2,HerbaceousVegetation,2,HerbaceousVegetation,0.9991518259048462,True,-8.304903,6.081138
532,C:\Users\DELL Precision 5550\Documents\GitHub\Terrasight-Eurosat-RGB-vs-Multispectral\data\raw\multispectral\Pasture\Pasture_891.tif,5,Pasture,5,Pasture,0.9998000264167786,True,-47.05905,-1.0617535
533,C:\Users\DELL Precision 5550\Documents\GitHub\Terrasight-Eurosat-RGB-vs-Multispectral\data\raw\multispectral\AnnualCrop\AnnualCrop_867.tif,0,AnnualCrop,0,AnnualCrop,0.9892590641975403,True,-25.101591,-41.689026
534,C:\Users\DELL Precision 5550\Documents\GitHub\Terrasight-Eurosat-RGB-vs-Multispectral\data\raw\multispectral\Forest\Forest_2508.tif,1,Forest,1,Forest,0.9999942779541016,True,25.388582,42.539043
535,C:\Users\DELL Precision 5550\Documents\GitHub\Terrasight-Eurosat-RGB-vs-Multispectral\data\raw\multispectral\Residential\Residential_2300.tif,7,Residential,7,Residential,0.9999982118606567,True,54.358837,8.624892
536,C:\Users\DELL Precision 5550\Documents\GitHub\Terrasight-Eurosat-RGB-vs-Multispectral\data\raw\multispectral\AnnualCrop\AnnualCrop_502.tif,0,AnnualCrop,0,AnnualCrop,0.994121253490448,True,-35.811134,-24.752813
537,C:\Users\DELL Precision 5550\Documents\GitHub\Terrasight-Eurosat-RGB-vs-Multispectral\data\raw\multispectral\Industrial\Industrial_1215.tif,4,Industrial,4,Industrial,0.9848939776420593,True,30.418856,-23.041374
538,C:\Users\DELL Precision 5550\Documents\GitHub\Terrasight-Eurosat-RGB-vs-Multispectral\data\raw\multispectral\Pasture\Pasture_1294.tif,5,Pasture,5,Pasture,0.9969568252563477,True,-38.853226,-7.41411
539,C:\Users\DELL Precision 5550\Documents\GitHub\Terrasight-Eurosat-RGB-vs-Multispectral\data\raw\multispectral\HerbaceousVegetation\HerbaceousVegetation_1168.tif,2,HerbaceousVegetation,2,HerbaceousVegetation,0.9957745671272278,True,-13.284587,5.275251
540,C:\Users\DELL Precision 5550\Documents\GitHub\Terrasight-Eurosat-RGB-vs-Multispectral\data\raw\multispectral\Residential\Residential_2835.tif,7,Residential,7,Residential,0.9999977350234985,True,51.577885,10.566785
541,C:\Users\DELL Precision 5550\Documents\GitHub\Terrasight-Eurosat-RGB-vs-Multispectral\data\raw\multispectral\Residential\Residential_723.tif,7,Residential,7,Residential,0.9579281210899353,True,34.193615,-0.0009846549
542,C:\Users\DELL Precision 5550\Documents\GitHub\Terrasight-Eurosat-RGB-vs-Multispectral\data\raw\multispectral\SeaLake\SeaLake_1438.tif,9,SeaLake,9,SeaLake,0.9958246946334839,True,-15.004944,44.357666
543,C:\Users\DELL Precision 5550\Documents\GitHub\Terrasight-Eurosat-RGB-vs-Multispectral\data\raw\multispectral\Forest\Forest_2257.tif,1,Forest,1,Forest,0.9901317358016968,True,12.271252,30.870024
544,C:\Users\DELL Precision 5550\Documents\GitHub\Terrasight-Eurosat-RGB-vs-Multispectral\data\raw\multispectral\AnnualCrop\AnnualCrop_1215.tif,0,AnnualCrop,0,AnnualCrop,0.9985729455947876,True,-34.88222,-31.936169
545,C:\Users\DELL Precision 5550\Documents\GitHub\Terrasight-Eurosat-RGB-vs-Multispectral\data\raw\multispectral\Industrial\Industrial_531.tif,4,Industrial,4,Industrial,0.9992225170135498,True,42.373238,-19.600805
546,C:\Users\DELL Precision 5550\Documents\GitHub\Terrasight-Eurosat-RGB-vs-Multispectral\data\raw\multispectral\Pasture\Pasture_264.tif,5,Pasture,5,Pasture,0.9484947323799133,True,-40.372787,-0.06399263
547,C:\Users\DELL Precision 5550\Documents\GitHub\Terrasight-Eurosat-RGB-vs-Multispectral\data\raw\multispectral\Forest\Forest_1652.tif,1,Forest,1,Forest,0.9996685981750488,True,21.119427,41.603107
548,C:\Users\DELL Precision 5550\Documents\GitHub\Terrasight-Eurosat-RGB-vs-Multispectral\data\raw\multispectral\Forest\Forest_430.tif,1,Forest,2,HerbaceousVegetation,0.8711919784545898,False,8.985605,2.8582587
549,C:\Users\DELL Precision 5550\Documents\GitHub\Terrasight-Eurosat-RGB-vs-Multispectral\data\raw\multispectral\HerbaceousVegetation\HerbaceousVegetation_2061.tif,2,HerbaceousVegetation,2,HerbaceousVegetation,0.9821447134017944,True,-16.805704,0.57068956
550,C:\Users\DELL Precision 5550\Documents\GitHub\Terrasight-Eurosat-RGB-vs-Multispectral\data\raw\multispectral\Forest\Forest_627.tif,1,Forest,1,Forest,0.9583019018173218,True,8.701083,21.70209
551,C:\Users\DELL Precision 5550\Documents\GitHub\Terrasight-Eurosat-RGB-vs-Multispectral\data\raw\multispectral\HerbaceousVegetation\HerbaceousVegetation_399.tif,2,HerbaceousVegetation,2,HerbaceousVegetation,0.9990807771682739,True,-9.176682,6.210587
552,C:\Users\DELL Precision 5550\Documents\GitHub\Terrasight-Eurosat-RGB-vs-Multispectral\data\raw\multispectral\Industrial\Industrial_549.tif,4,Industrial,4,Industrial,0.872596263885498,True,34.251953,-16.229101
553,C:\Users\DELL Precision 5550\Documents\GitHub\Terrasight-Eurosat-RGB-vs-Multispectral\data\raw\multispectral\SeaLake\SeaLake_69.tif,9,SeaLake,9,SeaLake,0.9984784722328186,True,-11.397115,40.999744
554,C:\Users\DELL Precision 5550\Documents\GitHub\Terrasight-Eurosat-RGB-vs-Multispectral\data\raw\multispectral\PermanentCrop\PermanentCrop_2073.tif,6,PermanentCrop,6,PermanentCrop,0.999840497970581,True,-0.78196263,-25.906382
555,C:\Users\DELL Precision 5550\Documents\GitHub\Terrasight-Eurosat-RGB-vs-Multispectral\data\raw\multispectral\SeaLake\SeaLake_590.tif,9,SeaLake,9,SeaLake,0.9999563694000244,True,-11.248825,58.315247
556,C:\Users\DELL Precision 5550\Documents\GitHub\Terrasight-Eurosat-RGB-vs-Multispectral\data\raw\multispectral\AnnualCrop\AnnualCrop_2341.tif,0,AnnualCrop,0,AnnualCrop,0.9324474930763245,True,-26.782799,-24.86394
557,C:\Users\DELL Precision 5550\Documents\GitHub\Terrasight-Eurosat-RGB-vs-Multispectral\data\raw\multispectral\Residential\Residential_2129.tif,7,Residential,7,Residential,0.9999998807907104,True,48.445026,11.381817
558,C:\Users\DELL Precision 5550\Documents\GitHub\Terrasight-Eurosat-RGB-vs-Multispectral\data\raw\multispectral\River\River_342.tif,8,River,8,River,0.9999524354934692,True,-51.12758,23.548664
559,C:\Users\DELL Precision 5550\Documents\GitHub\Terrasight-Eurosat-RGB-vs-Multispectral\data\raw\multispectral\River\River_1712.tif,8,River,8,River,0.9999884366989136,True,-52.30468,25.108618
560,C:\Users\DELL Precision 5550\Documents\GitHub\Terrasight-Eurosat-RGB-vs-Multispectral\data\raw\multispectral\Residential\Residential_839.tif,7,Residential,7,Residential,0.9999550580978394,True,43.894485,4.969076
561,C:\Users\DELL Precision 5550\Documents\GitHub\Terrasight-Eurosat-RGB-vs-Multispectral\data\raw\multispectral\AnnualCrop\AnnualCrop_390.tif,0,AnnualCrop,0,AnnualCrop,0.9533523917198181,True,-26.897396,-24.741983
562,C:\Users\DELL Precision 5550\Documents\GitHub\Terrasight-Eurosat-RGB-vs-Multispectral\data\raw\multispectral\SeaLake\SeaLake_2631.tif,9,SeaLake,9,SeaLake,0.9923678040504456,True,-12.647564,36.290497
563,C:\Users\DELL Precision 5550\Documents\GitHub\Terrasight-Eurosat-RGB-vs-Multispectral\data\raw\multispectral\SeaLake\SeaLake_2974.tif,9,SeaLake,9,SeaLake,0.9999959468841553,True,-2.3559275,64.376076
564,C:\Users\DELL Precision 5550\Documents\GitHub\Terrasight-Eurosat-RGB-vs-Multispectral\data\raw\multispectral\River\River_1553.tif,8,River,8,River,0.9996984004974365,True,-40.30734,24.601128
565,C:\Users\DELL Precision 5550\Documents\GitHub\Terrasight-Eurosat-RGB-vs-Multispectral\data\raw\multispectral\Forest\Forest_2316.tif,1,Forest,1,Forest,0.9976014494895935,True,20.37074,35.22026
566,C:\Users\DELL Precision 5550\Documents\GitHub\Terrasight-Eurosat-RGB-vs-Multispectral\data\raw\multispectral\PermanentCrop\PermanentCrop_1704.tif,6,PermanentCrop,6,PermanentCrop,0.999984622001648,True,-4.2147236,-33.635925
567,C:\Users\DELL Precision 5550\Documents\GitHub\Terrasight-Eurosat-RGB-vs-Multispectral\data\raw\multispectral\River\River_2121.tif,8,River,8,River,0.9905829429626465,True,-40.92471,19.537605
568,C:\Users\DELL Precision 5550\Documents\GitHub\Terrasight-Eurosat-RGB-vs-Multispectral\data\raw\multispectral\Industrial\Industrial_1969.tif,4,Industrial,4,Industrial,0.91046142578125,True,29.27377,-19.94853
569,C:\Users\DELL Precision 5550\Documents\GitHub\Terrasight-Eurosat-RGB-vs-Multispectral\data\raw\multispectral\Forest\Forest_2909.tif,1,Forest,1,Forest,0.9913321733474731,True,11.072394,27.721731
570,C:\Users\DELL Precision 5550\Documents\GitHub\Terrasight-Eurosat-RGB-vs-Multispectral\data\raw\multispectral\PermanentCrop\PermanentCrop_742.tif,6,PermanentCrop,6,PermanentCrop,0.8032999038696289,True,-7.2933116,-21.501762
571,C:\Users\DELL Precision 5550\Documents\GitHub\Terrasight-Eurosat-RGB-vs-Multispectral\data\raw\multispectral\HerbaceousVegetation\HerbaceousVegetation_857.tif,2,HerbaceousVegetation,2,HerbaceousVegetation,0.9979642629623413,True,-1.4451026,3.7294302
572,C:\Users\DELL Precision 5550\Documents\GitHub\Terrasight-Eurosat-RGB-vs-Multispectral\data\raw\multispectral\SeaLake\SeaLake_2019.tif,9,SeaLake,9,SeaLake,0.9992609620094299,True,-11.128983,43.062588
573,C:\Users\DELL Precision 5550\Documents\GitHub\Terrasight-Eurosat-RGB-vs-Multispectral\data\raw\multispectral\Highway\Highway_849.tif,3,Highway,3,Highway,0.9933742880821228,True,7.580945,-50.72814
574,C:\Users\DELL Precision 5550\Documents\GitHub\Terrasight-Eurosat-RGB-vs-Multispectral\data\raw\multispectral\Industrial\Industrial_1630.tif,4,Industrial,4,Industrial,0.9999887943267822,True,44.94246,-28.502176
575,C:\Users\DELL Precision 5550\Documents\GitHub\Terrasight-Eurosat-RGB-vs-Multispectral\data\raw\multispectral\Forest\Forest_221.tif,1,Forest,1,Forest,0.7484675049781799,True,6.5715613,22.514599
576,C:\Users\DELL Precision 5550\Documents\GitHub\Terrasight-Eurosat-RGB-vs-Multispectral\data\raw\multispectral\HerbaceousVegetation\HerbaceousVegetation_2004.tif,2,HerbaceousVegetation,2,HerbaceousVegetation,0.9439932107925415,True,-13.256026,-2.3757172
577,C:\Users\DELL Precision 5550\Documents\GitHub\Terrasight-Eurosat-RGB-vs-Multispectral\data\raw\multispectral\HerbaceousVegetation\HerbaceousVegetation_1545.tif,2,HerbaceousVegetation,2,HerbaceousVegetation,0.9196853041648865,True,5.1646395,-1.6710778
578,C:\Users\DELL Precision 5550\Documents\GitHub\Terrasight-Eurosat-RGB-vs-Multispectral\data\raw\multispectral\River\River_2345.tif,8,River,8,River,0.9986311793327332,True,-37.758774,22.684847
579,C:\Users\DELL Precision 5550\Documents\GitHub\Terrasight-Eurosat-RGB-vs-Multispectral\data\raw\multispectral\AnnualCrop\AnnualCrop_81.tif,0,AnnualCrop,0,AnnualCrop,0.9954089522361755,True,-34.39999,-21.085379
580,C:\Users\DELL Precision 5550\Documents\GitHub\Terrasight-Eurosat-RGB-vs-Multispectral\data\raw\multispectral\Forest\Forest_799.tif,1,Forest,1,Forest,0.9997316002845764,True,20.68902,40.01194
581,C:\Users\DELL Precision 5550\Documents\GitHub\Terrasight-Eurosat-RGB-vs-Multispectral\data\raw\multispectral\River\River_2273.tif,8,River,8,River,0.9999978542327881,True,-48.723022,31.20051
582,C:\Users\DELL Precision 5550\Documents\GitHub\Terrasight-Eurosat-RGB-vs-Multispectral\data\raw\multispectral\River\River_647.tif,8,River,8,River,0.999977707862854,True,-48.729046,26.639936
583,C:\Users\DELL Precision 5550\Documents\GitHub\Terrasight-Eurosat-RGB-vs-Multispectral\data\raw\multispectral\Pasture\Pasture_710.tif,5,Pasture,5,Pasture,0.9999634027481079,True,-46.747284,-1.6075058
584,C:\Users\DELL Precision 5550\Documents\GitHub\Terrasight-Eurosat-RGB-vs-Multispectral\data\raw\multispectral\Pasture\Pasture_1149.tif,5,Pasture,5,Pasture,0.9999123811721802,True,-46.83526,-2.6231892
585,C:\Users\DELL Precision 5550\Documents\GitHub\Terrasight-Eurosat-RGB-vs-Multispectral\data\raw\multispectral\Pasture\Pasture_1582.tif,5,Pasture,5,Pasture,0.9925008416175842,True,-41.25303,-6.023759
586,C:\Users\DELL Precision 5550\Documents\GitHub\Terrasight-Eurosat-RGB-vs-Multispectral\data\raw\multispectral\SeaLake\SeaLake_490.tif,9,SeaLake,9,SeaLake,0.9999268054962158,True,-14.160697,53.340733
587,C:\Users\DELL Precision 5550\Documents\GitHub\Terrasight-Eurosat-RGB-vs-Multispectral\data\raw\multispectral\Industrial\Industrial_1501.tif,4,Industrial,4,Industrial,0.9998621940612793,True,41.791466,-23.018044
588,C:\Users\DELL Precision 5550\Documents\GitHub\Terrasight-Eurosat-RGB-vs-Multispectral\data\raw\multispectral\Highway\Highway_822.tif,3,Highway,3,Highway,0.9670243263244629,True,5.519929,-52.417515
589,C:\Users\DELL Precision 5550\Documents\GitHub\Terrasight-Eurosat-RGB-vs-Multispectral\data\raw\multispectral\Forest\Forest_692.tif,1,Forest,1,Forest,0.9998044371604919,True,25.435398,40.306686
590,C:\Users\DELL Precision 5550\Documents\GitHub\Terrasight-Eurosat-RGB-vs-Multispectral\data\raw\multispectral\PermanentCrop\PermanentCrop_1229.tif,6,PermanentCrop,6,PermanentCrop,0.9414660930633545,True,4.212929,-13.517892
591,C:\Users\DELL Precision 5550\Documents\GitHub\Terrasight-Eurosat-RGB-vs-Multispectral\data\raw\multispectral\River\River_167.tif,8,River,8,River,0.9999399185180664,True,-44.989147,28.884802
592,C:\Users\DELL Precision 5550\Documents\GitHub\Terrasight-Eurosat-RGB-vs-Multispectral\data\raw\multispectral\River\River_602.tif,8,River,8,River,0.9988433122634888,True,-42.487415,17.972204
593,C:\Users\DELL Precision 5550\Documents\GitHub\Terrasight-Eurosat-RGB-vs-Multispectral\data\raw\multispectral\Residential\Residential_2738.tif,7,Residential,7,Residential,1.0,True,51.352894,12.815623
594,C:\Users\DELL Precision 5550\Documents\GitHub\Terrasight-Eurosat-RGB-vs-Multispectral\data\raw\multispectral\Residential\Residential_2942.tif,7,Residential,7,Residential,0.9999823570251465,True,46.894344,9.113687
595,C:\Users\DELL Precision 5550\Documents\GitHub\Terrasight-Eurosat-RGB-vs-Multispectral\data\raw\multispectral\Pasture\Pasture_1713.tif,5,Pasture,5,Pasture,0.9931355714797974,True,-37.908875,-6.043188
596,C:\Users\DELL Precision 5550\Documents\GitHub\Terrasight-Eurosat-RGB-vs-Multispectral\data\raw\multispectral\AnnualCrop\AnnualCrop_1032.tif,0,AnnualCrop,0,AnnualCrop,0.9977018237113953,True,-27.029577,-40.28652
597,C:\Users\DELL Precision 5550\Documents\GitHub\Terrasight-Eurosat-RGB-vs-Multispectral\data\raw\multispectral\Pasture\Pasture_1954.tif,5,Pasture,5,Pasture,0.9998667240142822,True,-47.284584,-3.6373205
598,C:\Users\DELL Precision 5550\Documents\GitHub\Terrasight-Eurosat-RGB-vs-Multispectral\data\raw\multispectral\Forest\Forest_537.tif,1,Forest,1,Forest,0.9988380074501038,True,8.925494,23.350382
599,C:\Users\DELL Precision 5550\Documents\GitHub\Terrasight-Eurosat-RGB-vs-Multispectral\data\raw\multispectral\HerbaceousVegetation\HerbaceousVegetation_294.tif,2,HerbaceousVegetation,6,PermanentCrop,0.5751161575317383,False,-0.43406686,-11.6573105
600,C:\Users\DELL Precision 5550\Documents\GitHub\Terrasight-Eurosat-RGB-vs-Multispectral\data\raw\multispectral\River\River_297.tif,8,River,8,River,0.9961391091346741,True,-33.456863,22.583906
601,C:\Users\DELL Precision 5550\Documents\GitHub\Terrasight-Eurosat-RGB-vs-Multispectral\data\raw\multispectral\SeaLake\SeaLake_2673.tif,9,SeaLake,9,SeaLake,0.9999749660491943,True,-7.0325093,58.45589
602,C:\Users\DELL Precision 5550\Documents\GitHub\Terrasight-Eurosat-RGB-vs-Multispectral\data\raw\multispectral\Residential\Residential_1077.tif,7,Residential,7,Residential,1.0,True,56.532673,16.296404
603,C:\Users\DELL Precision 5550\Documents\GitHub\Terrasight-Eurosat-RGB-vs-Multispectral\data\raw\multispectral\Forest\Forest_1814.tif,1,Forest,1,Forest,0.9999449253082275,True,26.947721,34.942833
604,C:\Users\DELL Precision 5550\Documents\GitHub\Terrasight-Eurosat-RGB-vs-Multispectral\data\raw\multispectral\SeaLake\SeaLake_1538.tif,9,SeaLake,9,SeaLake,0.9999628067016602,True,-3.1271656,57.092785
605,C:\Users\DELL Precision 5550\Documents\GitHub\Terrasight-Eurosat-RGB-vs-Multispectral\data\raw\multispectral\PermanentCrop\PermanentCrop_2291.tif,6,PermanentCrop,6,PermanentCrop,0.9764853715896606,True,-8.660791,-32.953217
606,C:\Users\DELL Precision 5550\Documents\GitHub\Terrasight-Eurosat-RGB-vs-Multispectral\data\raw\multispectral\HerbaceousVegetation\HerbaceousVegetation_620.tif,2,HerbaceousVegetation,2,HerbaceousVegetation,0.9731923937797546,True,-15.418362,6.622179
607,C:\Users\DELL Precision 5550\Documents\GitHub\Terrasight-Eurosat-RGB-vs-Multispectral\data\raw\multispectral\AnnualCrop\AnnualCrop_1858.tif,0,AnnualCrop,0,AnnualCrop,0.9979191422462463,True,-40.776585,-32.598564
608,C:\Users\DELL Precision 5550\Documents\GitHub\Terrasight-Eurosat-RGB-vs-Multispectral\data\raw\multispectral\Pasture\Pasture_886.tif,5,Pasture,5,Pasture,0.9858757853507996,True,-38.073574,-9.851
609,C:\Users\DELL Precision 5550\Documents\GitHub\Terrasight-Eurosat-RGB-vs-Multispectral\data\raw\multispectral\HerbaceousVegetation\HerbaceousVegetation_245.tif,2,HerbaceousVegetation,2,HerbaceousVegetation,0.9948384165763855,True,-11.983235,4.71241
610,C:\Users\DELL Precision 5550\Documents\GitHub\Terrasight-Eurosat-RGB-vs-Multispectral\data\raw\multispectral\PermanentCrop\PermanentCrop_1843.tif,6,PermanentCrop,7,Residential,0.6819218397140503,False,11.110572,-0.33210796
611,C:\Users\DELL Precision 5550\Documents\GitHub\Terrasight-Eurosat-RGB-vs-Multispectral\data\raw\multispectral\Residential\Residential_630.tif,7,Residential,7,Residential,0.9999943971633911,True,41.53295,9.778207
612,C:\Users\DELL Precision 5550\Documents\GitHub\Terrasight-Eurosat-RGB-vs-Multispectral\data\raw\multispectral\AnnualCrop\AnnualCrop_2385.tif,0,AnnualCrop,6,PermanentCrop,0.6498453617095947,False,-13.3548565,-32.13577
613,C:\Users\DELL Precision 5550\Documents\GitHub\Terrasight-Eurosat-RGB-vs-Multispectral\data\raw\multispectral\River\River_867.tif,8,River,8,River,0.9991210103034973,True,-39.674683,31.478659
614,C:\Users\DELL Precision 5550\Documents\GitHub\Terrasight-Eurosat-RGB-vs-Multispectral\data\raw\multispectral\HerbaceousVegetation\HerbaceousVegetation_2786.tif,2,HerbaceousVegetation,2,HerbaceousVegetation,0.9621938467025757,True,0.86895996,-0.8744118
615,C:\Users\DELL Precision 5550\Documents\GitHub\Terrasight-Eurosat-RGB-vs-Multispectral\data\raw\multispectral\PermanentCrop\PermanentCrop_292.tif,6,PermanentCrop,6,PermanentCrop,0.9993119239807129,True,-5.6311426,-33.91213
616,C:\Users\DELL Precision 5550\Documents\GitHub\Terrasight-Eurosat-RGB-vs-Multispectral\data\raw\multispectral\Residential\Residential_886.tif,7,Residential,7,Residential,1.0,True,49.38181,14.985205
617,C:\Users\DELL Precision 5550\Documents\GitHub\Terrasight-Eurosat-RGB-vs-Multispectral\data\raw\multispectral\Forest\Forest_2407.tif,1,Forest,1,Forest,0.9999357461929321,True,26.810257,34.80913
618,C:\Users\DELL Precision 5550\Documents\GitHub\Terrasight-Eurosat-RGB-vs-Multispectral\data\raw\multispectral\HerbaceousVegetation\HerbaceousVegetation_1508.tif,2,HerbaceousVegetation,2,HerbaceousVegetation,0.9242995381355286,True,8.564459,2.8227508
619,C:\Users\DELL Precision 5550\Documents\GitHub\Terrasight-Eurosat-RGB-vs-Multispectral\data\raw\multispectral\River\River_2306.tif,8,River,8,River,0.9989443421363831,True,-36.853825,20.828135
620,C:\Users\DELL Precision 5550\Documents\GitHub\Terrasight-Eurosat-RGB-vs-Multispectral\data\raw\multispectral\Residential\Residential_76.tif,7,Residential,7,Residential,0.9999985694885254,True,46.000576,14.168257
621,C:\Users\DELL Precision 5550\Documents\GitHub\Terrasight-Eurosat-RGB-vs-Multispectral\data\raw\multispectral\AnnualCrop\AnnualCrop_1788.tif,0,AnnualCrop,0,AnnualCrop,0.9916558265686035,True,-30.221403,-29.655647
622,C:\Users\DELL Precision 5550\Documents\GitHub\Terrasight-Eurosat-RGB-vs-Multispectral\data\raw\multispectral\Forest\Forest_1255.tif,1,Forest,1,Forest,0.9998992681503296,True,23.181778,30.4308
623,C:\Users\DELL Precision 5550\Documents\GitHub\Terrasight-Eurosat-RGB-vs-Multispectral\data\raw\multispectral\SeaLake\SeaLake_2435.tif,9,SeaLake,2,HerbaceousVegetation,0.4609611928462982,False,-13.496538,33.439903
624,C:\Users\DELL Precision 5550\Documents\GitHub\Terrasight-Eurosat-RGB-vs-Multispectral\data\raw\multispectral\PermanentCrop\PermanentCrop_300.tif,6,PermanentCrop,6,PermanentCrop,0.9915265440940857,True,2.4017076,-19.204712
625,C:\Users\DELL Precision 5550\Documents\GitHub\Terrasight-Eurosat-RGB-vs-Multispectral\data\raw\multispectral\AnnualCrop\AnnualCrop_1631.tif,0,AnnualCrop,0,AnnualCrop,0.9858501553535461,True,-29.340485,-24.072355
626,C:\Users\DELL Precision 5550\Documents\GitHub\Terrasight-Eurosat-RGB-vs-Multispectral\data\raw\multispectral\Highway\Highway_2429.tif,3,Highway,3,Highway,0.9941695928573608,True,11.02375,-57.45962
627,C:\Users\DELL Precision 5550\Documents\GitHub\Terrasight-Eurosat-RGB-vs-Multispectral\data\raw\multispectral\SeaLake\SeaLake_2772.tif,9,SeaLake,9,SeaLake,0.9943700432777405,True,-11.497093,36.970547
628,C:\Users\DELL Precision 5550\Documents\GitHub\Terrasight-Eurosat-RGB-vs-Multispectral\data\raw\multispectral\AnnualCrop\AnnualCrop_1665.tif,0,AnnualCrop,0,AnnualCrop,0.9824628829956055,True,-40.453133,-26.105766
629,C:\Users\DELL Precision 5550\Documents\GitHub\Terrasight-Eurosat-RGB-vs-Multispectral\data\raw\multispectral\Industrial\Industrial_2227.tif,4,Industrial,4,Industrial,0.9266217947006226,True,31.525253,-16.643185
630,C:\Users\DELL Precision 5550\Documents\GitHub\Terrasight-Eurosat-RGB-vs-Multispectral\data\raw\multispectral\Highway\Highway_2014.tif,3,Highway,3,Highway,0.9983306527137756,True,9.014388,-52.559196
631,C:\Users\DELL Precision 5550\Documents\GitHub\Terrasight-Eurosat-RGB-vs-Multispectral\data\raw\multispectral\Forest\Forest_546.tif,1,Forest,1,Forest,0.9979618787765503,True,13.536168,31.706535
632,C:\Users\DELL Precision 5550\Documents\GitHub\Terrasight-Eurosat-RGB-vs-Multispectral\data\raw\multispectral\HerbaceousVegetation\HerbaceousVegetation_1965.tif,2,HerbaceousVegetation,2,HerbaceousVegetation,0.9428712725639343,True,-4.4538684,-6.279122
633,C:\Users\DELL Precision 5550\Documents\GitHub\Terrasight-Eurosat-RGB-vs-Multispectral\data\raw\multispectral\Highway\Highway_1984.tif,3,Highway,3,Highway,0.9156020879745483,True,10.321657,-44.56004
634,C:\Users\DELL Precision 5550\Documents\GitHub\Terrasight-Eurosat-RGB-vs-Multispectral\data\raw\multispectral\Forest\Forest_2294.tif,1,Forest,1,Forest,0.9779295325279236,True,10.669913,20.849457
635,C:\Users\DELL Precision 5550\Documents\GitHub\Terrasight-Eurosat-RGB-vs-Multispectral\data\raw\multispectral\Highway\Highway_2196.tif,3,Highway,3,Highway,0.9941983222961426,True,7.759171,-55.73555
636,C:\Users\DELL Precision 5550\Documents\GitHub\Terrasight-Eurosat-RGB-vs-Multispectral\data\raw\multispectral\SeaLake\SeaLake_2571.tif,9,SeaLake,9,SeaLake,0.9999810457229614,True,-8.9179945,60.892868
637,C:\Users\DELL Precision 5550\Documents\GitHub\Terrasight-Eurosat-RGB-vs-Multispectral\data\raw\multispectral\AnnualCrop\AnnualCrop_118.tif,0,AnnualCrop,0,AnnualCrop,0.9946192502975464,True,-33.309757,-24.430096
638,C:\Users\DELL Precision 5550\Documents\GitHub\Terrasight-Eurosat-RGB-vs-Multispectral\data\raw\multispectral\PermanentCrop\PermanentCrop_1514.tif,6,PermanentCrop,6,PermanentCrop,0.8744574189186096,True,2.0798273,-14.517152
639,C:\Users\DELL Precision 5550\Documents\GitHub\Terrasight-Eurosat-RGB-vs-Multispectral\data\raw\multispectral\Forest\Forest_2536.tif,1,Forest,1,Forest,0.9988441467285156,True,13.107349,33.259823
640,C:\Users\DELL Precision 5550\Documents\GitHub\Terrasight-Eurosat-RGB-vs-Multispectral\data\raw\multispectral\Pasture\Pasture_1557.tif,5,Pasture,5,Pasture,0.8752440810203552,True,-30.959854,-4.605577
641,C:\Users\DELL Precision 5550\Documents\GitHub\Terrasight-Eurosat-RGB-vs-Multispectral\data\raw\multispectral\Pasture\Pasture_1940.tif,5,Pasture,5,Pasture,0.9999476671218872,True,-45.426285,-2.1206195
642,C:\Users\DELL Precision 5550\Documents\GitHub\Terrasight-Eurosat-RGB-vs-Multispectral\data\raw\multispectral\Forest\Forest_2060.tif,1,Forest,1,Forest,0.9777895212173462,True,13.437043,25.554838
643,C:\Users\DELL Precision 5550\Documents\GitHub\Terrasight-Eurosat-RGB-vs-Multispectral\data\raw\multispectral\Highway\Highway_894.tif,3,Highway,3,Highway,0.9997279047966003,True,16.581764,-55.38254
644,C:\Users\DELL Precision 5550\Documents\GitHub\Terrasight-Eurosat-RGB-vs-Multispectral\data\raw\multispectral\Forest\Forest_2458.tif,1,Forest,1,Forest,0.9407258033752441,True,14.4536,17.43161
645,C:\Users\DELL Precision 5550\Documents\GitHub\Terrasight-Eurosat-RGB-vs-Multispectral\data\raw\multispectral\Highway\Highway_65.tif,3,Highway,3,Highway,0.997954249382019,True,4.575804,-55.17632
646,C:\Users\DELL Precision 5550\Documents\GitHub\Terrasight-Eurosat-RGB-vs-Multispectral\data\raw\multispectral\HerbaceousVegetation\HerbaceousVegetation_2561.tif,2,HerbaceousVegetation,2,HerbaceousVegetation,0.9287081956863403,True,1.746671,-6.1635456
647,C:\Users\DELL Precision 5550\Documents\GitHub\Terrasight-Eurosat-RGB-vs-Multispectral\data\raw\multispectral\AnnualCrop\AnnualCrop_1515.tif,0,AnnualCrop,0,AnnualCrop,0.9296457171440125,True,-37.484013,-27.82795
648,C:\Users\DELL Precision 5550\Documents\GitHub\Terrasight-Eurosat-RGB-vs-Multispectral\data\raw\multispectral\River\River_2475.tif,8,River,8,River,0.9875503182411194,True,-38.796833,16.846941
649,C:\Users\DELL Precision 5550\Documents\GitHub\Terrasight-Eurosat-RGB-vs-Multispectral\data\raw\multispectral\Residential\Residential_1344.tif,7,Residential,7,Residential,0.9843642115592957,True,34.217632,-0.09703149
650,C:\Users\DELL Precision 5550\Documents\GitHub\Terrasight-Eurosat-RGB-vs-Multispectral\data\raw\multispectral\Residential\Residential_2426.tif,7,Residential,7,Residential,0.9999740123748779,True,49.35983,4.49996
651,C:\Users\DELL Precision 5550\Documents\GitHub\Terrasight-Eurosat-RGB-vs-Multispectral\data\raw\multispectral\HerbaceousVegetation\HerbaceousVegetation_1048.tif,2,HerbaceousVegetation,2,HerbaceousVegetation,0.9948604702949524,True,3.370519,3.4617853
652,C:\Users\DELL Precision 5550\Documents\GitHub\Terrasight-Eurosat-RGB-vs-Multispectral\data\raw\multispectral\AnnualCrop\AnnualCrop_425.tif,0,AnnualCrop,0,AnnualCrop,0.9997060894966125,True,-31.95068,-39.35863
653,C:\Users\DELL Precision 5550\Documents\GitHub\Terrasight-Eurosat-RGB-vs-Multispectral\data\raw\multispectral\Residential\Residential_2165.tif,7,Residential,7,Residential,0.999876856803894,True,44.18314,7.8703594
654,C:\Users\DELL Precision 5550\Documents\GitHub\Terrasight-Eurosat-RGB-vs-Multispectral\data\raw\multispectral\River\River_1335.tif,8,River,8,River,0.9999877214431763,True,-49.533722,25.567835
655,C:\Users\DELL Precision 5550\Documents\GitHub\Terrasight-Eurosat-RGB-vs-Multispectral\data\raw\multispectral\HerbaceousVegetation\HerbaceousVegetation_2670.tif,2,HerbaceousVegetation,2,HerbaceousVegetation,0.9991303086280823,True,-6.1900973,6.556813
656,C:\Users\DELL Precision 5550\Documents\GitHub\Terrasight-Eurosat-RGB-vs-Multispectral\data\raw\multispectral\HerbaceousVegetation\HerbaceousVegetation_2098.tif,2,HerbaceousVegetation,2,HerbaceousVegetation,0.9981285929679871,True,-12.724459,5.4194584
657,C:\Users\DELL Precision 5550\Documents\GitHub\Terrasight-Eurosat-RGB-vs-Multispectral\data\raw\multispectral\River\River_858.tif,8,River,8,River,0.9999252557754517,True,-51.855022,28.03977
658,C:\Users\DELL Precision 5550\Documents\GitHub\Terrasight-Eurosat-RGB-vs-Multispectral\data\raw\multispectral\Pasture\Pasture_380.tif,5,Pasture,5,Pasture,0.9995392560958862,True,-44.35037,-0.6989243
659,C:\Users\DELL Precision 5550\Documents\GitHub\Terrasight-Eurosat-RGB-vs-Multispectral\data\raw\multispectral\Industrial\Industrial_1020.tif,4,Industrial,4,Industrial,0.9838032722473145,True,19.654724,-39.792587
660,C:\Users\DELL Precision 5550\Documents\GitHub\Terrasight-Eurosat-RGB-vs-Multispectral\data\raw\multispectral\PermanentCrop\PermanentCrop_489.tif,6,PermanentCrop,6,PermanentCrop,0.999840259552002,True,1.5656592,-27.415207
661,C:\Users\DELL Precision 5550\Documents\GitHub\Terrasight-Eurosat-RGB-vs-Multispectral\data\raw\multispectral\Industrial\Industrial_1853.tif,4,Industrial,4,Industrial,0.9955021739006042,True,29.873692,-22.229147
662,C:\Users\DELL Precision 5550\Documents\GitHub\Terrasight-Eurosat-RGB-vs-Multispectral\data\raw\multispectral\HerbaceousVegetation\HerbaceousVegetation_722.tif,2,HerbaceousVegetation,2,HerbaceousVegetation,0.9981728792190552,True,-7.985407,5.392911
663,C:\Users\DELL Precision 5550\Documents\GitHub\Terrasight-Eurosat-RGB-vs-Multispectral\data\raw\multispectral\Residential\Residential_885.tif,7,Residential,7,Residential,0.999991774559021,True,46.372627,6.258318
664,C:\Users\DELL Precision 5550\Documents\GitHub\Terrasight-Eurosat-RGB-vs-Multispectral\data\raw\multispectral\Industrial\Industrial_306.tif,4,Industrial,4,Industrial,0.9999165534973145,True,39.727245,-30.128633
665,C:\Users\DELL Precision 5550\Documents\GitHub\Terrasight-Eurosat-RGB-vs-Multispectral\data\raw\multispectral\Industrial\Industrial_1021.tif,4,Industrial,4,Industrial,0.9999998807907104,True,49.513157,-26.084703
666,C:\Users\DELL Precision 5550\Documents\GitHub\Terrasight-Eurosat-RGB-vs-Multispectral\data\raw\multispectral\PermanentCrop\PermanentCrop_2215.tif,6,PermanentCrop,6,PermanentCrop,0.9840059876441956,True,0.06179878,-17.62692
667,C:\Users\DELL Precision 5550\Documents\GitHub\Terrasight-Eurosat-RGB-vs-Multispectral\data\raw\multispectral\PermanentCrop\PermanentCrop_1899.tif,6,PermanentCrop,2,HerbaceousVegetation,0.856801450252533,False,-10.233162,-3.3378925
668,C:\Users\DELL Precision 5550\Documents\GitHub\Terrasight-Eurosat-RGB-vs-Multispectral\data\raw\multispectral\PermanentCrop\PermanentCrop_1303.tif,6,PermanentCrop,6,PermanentCrop,0.9378165006637573,True,-9.362209,-22.255554
669,C:\Users\DELL Precision 5550\Documents\GitHub\Terrasight-Eurosat-RGB-vs-Multispectral\data\raw\multispectral\SeaLake\SeaLake_2832.tif,9,SeaLake,9,SeaLake,0.9999998807907104,True,1.6703544,70.273346
670,C:\Users\DELL Precision 5550\Documents\GitHub\Terrasight-Eurosat-RGB-vs-Multispectral\data\raw\multispectral\Highway\Highway_389.tif,3,Highway,3,Highway,0.9995900988578796,True,14.346922,-55.806553
671,C:\Users\DELL Precision 5550\Documents\GitHub\Terrasight-Eurosat-RGB-vs-Multispectral\data\raw\multispectral\Residential\Residential_964.tif,7,Residential,7,Residential,0.999222993850708,True,44.25825,0.023646165
672,C:\Users\DELL Precision 5550\Documents\GitHub\Terrasight-Eurosat-RGB-vs-Multispectral\data\raw\multispectral\Residential\Residential_619.tif,7,Residential,7,Residential,0.9985927939414978,True,53.534588,2.9319289
673,C:\Users\DELL Precision 5550\Documents\GitHub\Terrasight-Eurosat-RGB-vs-Multispectral\data\raw\multispectral\SeaLake\SeaLake_2864.tif,9,SeaLake,9,SeaLake,1.0,True,2.3157988,70.23551
674,C:\Users\DELL Precision 5550\Documents\GitHub\Terrasight-Eurosat-RGB-vs-Multispectral\data\raw\multispectral\Forest\Forest_620.tif,1,Forest,1,Forest,0.9965247511863708,True,12.679411,20.367365
675,C:\Users\DELL Precision 5550\Documents\GitHub\Terrasight-Eurosat-RGB-vs-Multispectral\data\raw\multispectral\Highway\Highway_2375.tif,3,Highway,3,Highway,0.994404673576355,True,8.4179735,-51.51641
676,C:\Users\DELL Precision 5550\Documents\GitHub\Terrasight-Eurosat-RGB-vs-Multispectral\data\raw\multispectral\Residential\Residential_1234.tif,7,Residential,7,Residential,0.9999983310699463,True,54.84869,5.3022285
677,C:\Users\DELL Precision 5550\Documents\GitHub\Terrasight-Eurosat-RGB-vs-Multispectral\data\raw\multispectral\HerbaceousVegetation\HerbaceousVegetation_1242.tif,2,HerbaceousVegetation,2,HerbaceousVegetation,0.8100974559783936,True,1.8872248,-6.3140893
678,C:\Users\DELL Precision 5550\Documents\GitHub\Terrasight-Eurosat-RGB-vs-Multispectral\data\raw\multispectral\Pasture\Pasture_1108.tif,5,Pasture,5,Pasture,0.8561199903488159,True,-43.68174,-8.375057
679,C:\Users\DELL Precision 5550\Documents\GitHub\Terrasight-Eurosat-RGB-vs-Multispectral\data\raw\multispectral\Forest\Forest_2756.tif,1,Forest,1,Forest,0.997952938079834,True,14.611728,31.197966
680,C:\Users\DELL Precision 5550\Documents\GitHub\Terrasight-Eurosat-RGB-vs-Multispectral\data\raw\multispectral\HerbaceousVegetation\HerbaceousVegetation_2669.tif,2,HerbaceousVegetation,7,Residential,0.7433084845542908,False,30.492128,-11.911405
681,C:\Users\DELL Precision 5550\Documents\GitHub\Terrasight-Eurosat-RGB-vs-Multispectral\data\raw\multispectral\HerbaceousVegetation\HerbaceousVegetation_2067.tif,2,HerbaceousVegetation,2,HerbaceousVegetation,0.9858176112174988,True,5.7757897,3.2189085
682,C:\Users\DELL Precision 5550\Documents\GitHub\Terrasight-Eurosat-RGB-vs-Multispectral\data\raw\multispectral\Forest\Forest_54.tif,1,Forest,1,Forest,0.9932811260223389,True,15.373092,24.17481
683,C:\Users\DELL Precision 5550\Documents\GitHub\Terrasight-Eurosat-RGB-vs-Multispectral\data\raw\multispectral\Forest\Forest_1449.tif,1,Forest,1,Forest,0.9916502237319946,True,15.903742,26.17921
684,C:\Users\DELL Precision 5550\Documents\GitHub\Terrasight-Eurosat-RGB-vs-Multispectral\data\raw\multispectral\PermanentCrop\PermanentCrop_1130.tif,6,PermanentCrop,6,PermanentCrop,0.8946775794029236,True,3.9190044,-12.913415
685,C:\Users\DELL Precision 5550\Documents\GitHub\Terrasight-Eurosat-RGB-vs-Multispectral\data\raw\multispectral\Residential\Residential_1489.tif,7,Residential,7,Residential,0.999944806098938,True,40.8899,2.779002
686,C:\Users\DELL Precision 5550\Documents\GitHub\Terrasight-Eurosat-RGB-vs-Multispectral\data\raw\multispectral\River\River_951.tif,8,River,8,River,0.999984622001648,True,-50.605644,25.574984
687,C:\Users\DELL Precision 5550\Documents\GitHub\Terrasight-Eurosat-RGB-vs-Multispectral\data\raw\multispectral\HerbaceousVegetation\HerbaceousVegetation_1332.tif,2,HerbaceousVegetation,2,HerbaceousVegetation,0.9792278409004211,True,-15.471171,0.38671982
688,C:\Users\DELL Precision 5550\Documents\GitHub\Terrasight-Eurosat-RGB-vs-Multispectral\data\raw\multispectral\Industrial\Industrial_1288.tif,4,Industrial,4,Industrial,0.8727370500564575,True,30.719782,-20.299854
689,C:\Users\DELL Precision 5550\Documents\GitHub\Terrasight-Eurosat-RGB-vs-Multispectral\data\raw\multispectral\Residential\Residential_2086.tif,7,Residential,7,Residential,0.9999991655349731,True,56.316105,11.357825
690,C:\Users\DELL Precision 5550\Documents\GitHub\Terrasight-Eurosat-RGB-vs-Multispectral\data\raw\multispectral\HerbaceousVegetation\HerbaceousVegetation_1151.tif,2,HerbaceousVegetation,2,HerbaceousVegetation,0.9950041174888611,True,-2.07076,0.3979743
691,C:\Users\DELL Precision 5550\Documents\GitHub\Terrasight-Eurosat-RGB-vs-Multispectral\data\raw\multispectral\River\River_621.tif,8,River,8,River,0.9985995888710022,True,-40.284336,18.560167
692,C:\Users\DELL Precision 5550\Documents\GitHub\Terrasight-Eurosat-RGB-vs-Multispectral\data\raw\multispectral\HerbaceousVegetation\HerbaceousVegetation_203.tif,2,HerbaceousVegetation,2,HerbaceousVegetation,0.9998075366020203,True,-2.2613924,10.155711
693,C:\Users\DELL Precision 5550\Documents\GitHub\Terrasight-Eurosat-RGB-vs-Multispectral\data\raw\multispectral\Forest\Forest_2916.tif,1,Forest,1,Forest,0.9958943128585815,True,19.993519,27.895903
694,C:\Users\DELL Precision 5550\Documents\GitHub\Terrasight-Eurosat-RGB-vs-Multispectral\data\raw\multispectral\Forest\Forest_2149.tif,1,Forest,1,Forest,0.9999485015869141,True,25.391396,41.12531
695,C:\Users\DELL Precision 5550\Documents\GitHub\Terrasight-Eurosat-RGB-vs-Multispectral\data\raw\multispectral\Forest\Forest_2428.tif,1,Forest,1,Forest,0.989944577217102,True,17.878368,29.259945
696,C:\Users\DELL Precision 5550\Documents\GitHub\Terrasight-Eurosat-RGB-vs-Multispectral\data\raw\multispectral\Residential\Residential_2815.tif,7,Residential,7,Residential,1.0,True,54.445454,16.577795
697,C:\Users\DELL Precision 5550\Documents\GitHub\Terrasight-Eurosat-RGB-vs-Multispectral\data\raw\multispectral\Forest\Forest_170.tif,1,Forest,1,Forest,0.9917290806770325,True,9.196543,20.60951
698,C:\Users\DELL Precision 5550\Documents\GitHub\Terrasight-Eurosat-RGB-vs-Multispectral\data\raw\multispectral\Industrial\Industrial_2440.tif,4,Industrial,4,Industrial,0.9999959468841553,True,47.733974,-26.379389
699,C:\Users\DELL Precision 5550\Documents\GitHub\Terrasight-Eurosat-RGB-vs-Multispectral\data\raw\multispectral\SeaLake\SeaLake_1032.tif,9,SeaLake,9,SeaLake,0.9999963045120239,True,0.6654079,61.560413
700,C:\Users\DELL Precision 5550\Documents\GitHub\Terrasight-Eurosat-RGB-vs-Multispectral\data\raw\multispectral\AnnualCrop\AnnualCrop_242.tif,0,AnnualCrop,0,AnnualCrop,0.9905886650085449,True,-25.009428,-41.928738
701,C:\Users\DELL Precision 5550\Documents\GitHub\Terrasight-Eurosat-RGB-vs-Multispectral\data\raw\multispectral\Pasture\Pasture_1011.tif,5,Pasture,5,Pasture,0.9993818998336792,True,-42.395638,-1.3947699
702,C:\Users\DELL Precision 5550\Documents\GitHub\Terrasight-Eurosat-RGB-vs-Multispectral\data\raw\multispectral\River\River_2036.tif,8,River,8,River,0.9995900988578796,True,-49.480396,20.505095
703,C:\Users\DELL Precision 5550\Documents\GitHub\Terrasight-Eurosat-RGB-vs-Multispectral\data\raw\multispectral\Pasture\Pasture_1283.tif,5,Pasture,5,Pasture,0.9974677562713623,True,-38.279934,-6.2414427
704,C:\Users\DELL Precision 5550\Documents\GitHub\Terrasight-Eurosat-RGB-vs-Multispectral\data\raw\multispectral\Residential\Residential_1262.tif,7,Residential,7,Residential,1.0,True,54.32789,16.128098
705,C:\Users\DELL Precision 5550\Documents\GitHub\Terrasight-Eurosat-RGB-vs-Multispectral\data\raw\multispectral\HerbaceousVegetation\HerbaceousVegetation_2049.tif,2,HerbaceousVegetation,2,HerbaceousVegetation,0.9852513074874878,True,-9.004376,-4.620326
706,C:\Users\DELL Precision 5550\Documents\GitHub\Terrasight-Eurosat-RGB-vs-Multispectral\data\raw\multispectral\Highway\Highway_895.tif,3,Highway,3,Highway,0.9991488456726074,True,11.551365,-60.211548
707,C:\Users\DELL Precision 5550\Documents\GitHub\Terrasight-Eurosat-RGB-vs-Multispectral\data\raw\multispectral\AnnualCrop\AnnualCrop_675.tif,0,AnnualCrop,0,AnnualCrop,0.9995284080505371,True,-34.298622,-37.921593
708,C:\Users\DELL Precision 5550\Documents\GitHub\Terrasight-Eurosat-RGB-vs-Multispectral\data\raw\multispectral\Residential\Residential_851.tif,7,Residential,7,Residential,0.9998985528945923,True,43.418556,4.457736
709,C:\Users\DELL Precision 5550\Documents\GitHub\Terrasight-Eurosat-RGB-vs-Multispectral\data\raw\multispectral\Highway\Highway_2208.tif,3,Highway,3,Highway,0.9974002838134766,True,8.578358,-52.279606
710,C:\Users\DELL Precision 5550\Documents\GitHub\Terrasight-Eurosat-RGB-vs-Multispectral\data\raw\multispectral\Industrial\Industrial_1412.tif,4,Industrial,4,Industrial,0.9999997615814209,True,50.779087,-26.244041
711,C:\Users\DELL Precision 5550\Documents\GitHub\Terrasight-Eurosat-RGB-vs-Multispectral\data\raw\multispectral\Highway\Highway_1125.tif,3,Highway,3,Highway,0.994915246963501,True,10.237846,-59.252537
712,C:\Users\DELL Precision 5550\Documents\GitHub\Terrasight-Eurosat-RGB-vs-Multispectral\data\raw\multispectral\PermanentCrop\PermanentCrop_1798.tif,6,PermanentCrop,2,HerbaceousVegetation,0.8512200713157654,False,2.2964249,-3.2752635
713,C:\Users\DELL Precision 5550\Documents\GitHub\Terrasight-Eurosat-RGB-vs-Multispectral\data\raw\multispectral\Pasture\Pasture_732.tif,5,Pasture,5,Pasture,0.9992151260375977,True,-36.516273,-5.991176
714,C:\Users\DELL Precision 5550\Documents\GitHub\Terrasight-Eurosat-RGB-vs-Multispectral\data\raw\multispectral\Forest\Forest_564.tif,1,Forest,1,Forest,0.9173981547355652,True,9.493734,25.217333
715,C:\Users\DELL Precision 5550\Documents\GitHub\Terrasight-Eurosat-RGB-vs-Multispectral\data\raw\multispectral\Highway\Highway_2168.tif,3,Highway,3,Highway,0.9978346228599548,True,10.610282,-57.12031
716,C:\Users\DELL Precision 5550\Documents\GitHub\Terrasight-Eurosat-RGB-vs-Multispectral\data\raw\multispectral\Forest\Forest_454.tif,1,Forest,1,Forest,0.9987725615501404,True,22.416273,28.088667
717,C:\Users\DELL Precision 5550\Documents\GitHub\Terrasight-Eurosat-RGB-vs-Multispectral\data\raw\multispectral\PermanentCrop\PermanentCrop_380.tif,6,PermanentCrop,6,PermanentCrop,0.7221137285232544,True,6.71331,-11.063975
718,C:\Users\DELL Precision 5550\Documents\GitHub\Terrasight-Eurosat-RGB-vs-Multispectral\data\raw\multispectral\SeaLake\SeaLake_2845.tif,9,SeaLake,9,SeaLake,0.9999713897705078,True,-8.547339,58.992016
719,C:\Users\DELL Precision 5550\Documents\GitHub\Terrasight-Eurosat-RGB-vs-Multispectral\data\raw\multispectral\HerbaceousVegetation\HerbaceousVegetation_1244.tif,2,HerbaceousVegetation,2,HerbaceousVegetation,0.8096155524253845,True,-1.9966946,-4.078307
720,C:\Users\DELL Precision 5550\Documents\GitHub\Terrasight-Eurosat-RGB-vs-Multispectral\data\raw\multispectral\HerbaceousVegetation\HerbaceousVegetation_1130.tif,2,HerbaceousVegetation,2,HerbaceousVegetation,0.9984323382377625,True,-7.242049,3.9131184
721,C:\Users\DELL Precision 5550\Documents\GitHub\Terrasight-Eurosat-RGB-vs-Multispectral\data\raw\multispectral\Forest\Forest_1335.tif,1,Forest,1,Forest,0.9962778687477112,True,24.220623,29.216011
722,C:\Users\DELL Precision 5550\Documents\GitHub\Terrasight-Eurosat-RGB-vs-Multispectral\data\raw\multispectral\Industrial\Industrial_150.tif,4,Industrial,4,Industrial,0.9761537909507751,True,30.851849,-18.279726
723,C:\Users\DELL Precision 5550\Documents\GitHub\Terrasight-Eurosat-RGB-vs-Multispectral\data\raw\multispectral\AnnualCrop\AnnualCrop_2366.tif,0,AnnualCrop,0,AnnualCrop,0.997329592704773,True,-33.131138,-33.976006
724,C:\Users\DELL Precision 5550\Documents\GitHub\Terrasight-Eurosat-RGB-vs-Multispectral\data\raw\multispectral\Industrial\Industrial_753.tif,4,Industrial,4,Industrial,0.9661779403686523,True,34.06501,-16.76342
725,C:\Users\DELL Precision 5550\Documents\GitHub\Terrasight-Eurosat-RGB-vs-Multispectral\data\raw\multispectral\SeaLake\SeaLake_140.tif,9,SeaLake,9,SeaLake,0.9999977350234985,True,-1.501996,65.304985
726,C:\Users\DELL Precision 5550\Documents\GitHub\Terrasight-Eurosat-RGB-vs-Multispectral\data\raw\multispectral\AnnualCrop\AnnualCrop_2298.tif,0,AnnualCrop,0,AnnualCrop,0.997972309589386,True,-33.131535,-25.184143
727,C:\Users\DELL Precision 5550\Documents\GitHub\Terrasight-Eurosat-RGB-vs-Multispectral\data\raw\multispectral\HerbaceousVegetation\HerbaceousVegetation_2541.tif,2,HerbaceousVegetation,2,HerbaceousVegetation,0.7246834635734558,True,-16.37371,-2.9743688
728,C:\Users\DELL Precision 5550\Documents\GitHub\Terrasight-Eurosat-RGB-vs-Multispectral\data\raw\multispectral\SeaLake\SeaLake_965.tif,9,SeaLake,9,SeaLake,0.9999985694885254,True,-0.15358253,66.83569
729,C:\Users\DELL Precision 5550\Documents\GitHub\Terrasight-Eurosat-RGB-vs-Multispectral\data\raw\multispectral\Industrial\Industrial_471.tif,4,Industrial,4,Industrial,0.9971741437911987,True,36.00294,-21.312359
730,C:\Users\DELL Precision 5550\Documents\GitHub\Terrasight-Eurosat-RGB-vs-Multispectral\data\raw\multispectral\Industrial\Industrial_1296.tif,4,Industrial,4,Industrial,0.9998093247413635,True,41.413315,-22.16991
731,C:\Users\DELL Precision 5550\Documents\GitHub\Terrasight-Eurosat-RGB-vs-Multispectral\data\raw\multispectral\PermanentCrop\PermanentCrop_797.tif,6,PermanentCrop,6,PermanentCrop,0.8493372797966003,True,-14.279226,-31.828442
732,C:\Users\DELL Precision 5550\Documents\GitHub\Terrasight-Eurosat-RGB-vs-Multispectral\data\raw\multispectral\AnnualCrop\AnnualCrop_1425.tif,0,AnnualCrop,0,AnnualCrop,0.9961144924163818,True,-24.591045,-35.183548
733,C:\Users\DELL Precision 5550\Documents\GitHub\Terrasight-Eurosat-RGB-vs-Multispectral\data\raw\multispectral\River\River_162.tif,8,River,8,River,0.999421238899231,True,-39.42886,20.152456
734,C:\Users\DELL Precision 5550\Documents\GitHub\Terrasight-Eurosat-RGB-vs-Multispectral\data\raw\multispectral\HerbaceousVegetation\HerbaceousVegetation_2664.tif,2,HerbaceousVegetation,3,Highway,0.9875143766403198,False,19.226948,-49.246574
735,C:\Users\DELL Precision 5550\Documents\GitHub\Terrasight-Eurosat-RGB-vs-Multispectral\data\raw\multispectral\Highway\Highway_2066.tif,3,Highway,3,Highway,0.9920992851257324,True,8.159641,-51.25403
736,C:\Users\DELL Precision 5550\Documents\GitHub\Terrasight-Eurosat-RGB-vs-Multispectral\data\raw\multispectral\Residential\Residential_1558.tif,7,Residential,7,Residential,0.9999995231628418,True,50.884262,10.829835
737,C:\Users\DELL Precision 5550\Documents\GitHub\Terrasight-Eurosat-RGB-vs-Multispectral\data\raw\multispectral\AnnualCrop\AnnualCrop_328.tif,0,AnnualCrop,0,AnnualCrop,0.9523979425430298,True,-22.282759,-26.448782
738,C:\Users\DELL Precision 5550\Documents\GitHub\Terrasight-Eurosat-RGB-vs-Multispectral\data\raw\multispectral\HerbaceousVegetation\HerbaceousVegetation_1889.tif,2,HerbaceousVegetation,2,HerbaceousVegetation,0.8251297473907471,True,-16.177794,-2.57724
739,C:\Users\DELL Precision 5550\Documents\GitHub\Terrasight-Eurosat-RGB-vs-Multispectral\data\raw\multispectral\Highway\Highway_1066.tif,3,Highway,3,Highway,0.9940622448921204,True,9.207256,-57.414486
740,C:\Users\DELL Precision 5550\Documents\GitHub\Terrasight-Eurosat-RGB-vs-Multispectral\data\raw\multispectral\Industrial\Industrial_196.tif,4,Industrial,4,Industrial,0.9994609951972961,True,49.409607,-20.986483
741,C:\Users\DELL Precision 5550\Documents\GitHub\Terrasight-Eurosat-RGB-vs-Multispectral\data\raw\multispectral\Forest\Forest_2628.tif,1,Forest,1,Forest,0.8269568681716919,True,11.594197,16.683989
742,C:\Users\DELL Precision 5550\Documents\GitHub\Terrasight-Eurosat-RGB-vs-Multispectral\data\raw\multispectral\AnnualCrop\AnnualCrop_941.tif,0,AnnualCrop,0,AnnualCrop,0.9891229271888733,True,-27.969906,-25.747936
743,C:\Users\DELL Precision 5550\Documents\GitHub\Terrasight-Eurosat-RGB-vs-Multispectral\data\raw\multispectral\Highway\Highway_1064.tif,3,Highway,3,Highway,0.9764513969421387,True,4.1399775,-54.530037
744,C:\Users\DELL Precision 5550\Documents\GitHub\Terrasight-Eurosat-RGB-vs-Multispectral\data\raw\multispectral\PermanentCrop\PermanentCrop_1336.tif,6,PermanentCrop,6,PermanentCrop,0.9908087253570557,True,-9.328747,-25.25026
745,C:\Users\DELL Precision 5550\Documents\GitHub\Terrasight-Eurosat-RGB-vs-Multispectral\data\raw\multispectral\River\River_2393.tif,8,River,8,River,0.9998610019683838,True,-42.832233,31.009945
746,C:\Users\DELL Precision 5550\Documents\GitHub\Terrasight-Eurosat-RGB-vs-Multispectral\data\raw\multispectral\SeaLake\SeaLake_2481.tif,9,SeaLake,9,SeaLake,0.99527907371521,True,-11.548987,38.828968
747,C:\Users\DELL Precision 5550\Documents\GitHub\Terrasight-Eurosat-RGB-vs-Multispectral\data\raw\multispectral\Industrial\Industrial_959.tif,4,Industrial,4,Industrial,0.9927282333374023,True,36.670532,-16.956535
748,C:\Users\DELL Precision 5550\Documents\GitHub\Terrasight-Eurosat-RGB-vs-Multispectral\data\raw\multispectral\River\River_1795.tif,8,River,8,River,0.9769470691680908,True,-37.56047,15.360937
749,C:\Users\DELL Precision 5550\Documents\GitHub\Terrasight-Eurosat-RGB-vs-Multispectral\data\raw\multispectral\SeaLake\SeaLake_2372.tif,9,SeaLake,9,SeaLake,0.9992534518241882,True,-10.755339,44.709103
750,C:\Users\DELL Precision 5550\Documents\GitHub\Terrasight-Eurosat-RGB-vs-Multispectral\data\raw\multispectral\AnnualCrop\AnnualCrop_2160.tif,0,AnnualCrop,0,AnnualCrop,0.9998664855957031,True,-32.266983,-39.8501
751,C:\Users\DELL Precision 5550\Documents\GitHub\Terrasight-Eurosat-RGB-vs-Multispectral\data\raw\multispectral\Residential\Residential_2096.tif,7,Residential,7,Residential,0.9999924898147583,True,45.788494,15.366205
752,C:\Users\DELL Precision 5550\Documents\GitHub\Terrasight-Eurosat-RGB-vs-Multispectral\data\raw\multispectral\Residential\Residential_892.tif,7,Residential,7,Residential,0.8939010500907898,True,45.779575,-10.608758
753,C:\Users\DELL Precision 5550\Documents\GitHub\Terrasight-Eurosat-RGB-vs-Multispectral\data\raw\multispectral\Forest\Forest_1346.tif,1,Forest,1,Forest,0.9872515201568604,True,14.50848,21.409863
754,C:\Users\DELL Precision 5550\Documents\GitHub\Terrasight-Eurosat-RGB-vs-Multispectral\data\raw\multispectral\AnnualCrop\AnnualCrop_336.tif,0,AnnualCrop,0,AnnualCrop,0.9985119700431824,True,-32.207134,-28.708212
755,C:\Users\DELL Precision 5550\Documents\GitHub\Terrasight-Eurosat-RGB-vs-Multispectral\data\raw\multispectral\Pasture\Pasture_784.tif,5,Pasture,5,Pasture,0.9872798919677734,True,-38.04726,-10.283234
756,C:\Users\DELL Precision 5550\Documents\GitHub\Terrasight-Eurosat-RGB-vs-Multispectral\data\raw\multispectral\Pasture\Pasture_735.tif,5,Pasture,5,Pasture,0.9638563990592957,True,-34.202812,-9.679477
757,C:\Users\DELL Precision 5550\Documents\GitHub\Terrasight-Eurosat-RGB-vs-Multispectral\data\raw\multispectral\Forest\Forest_716.tif,1,Forest,1,Forest,0.9984006285667419,True,19.119352,24.57412
758,C:\Users\DELL Precision 5550\Documents\GitHub\Terrasight-Eurosat-RGB-vs-Multispectral\data\raw\multispectral\River\River_186.tif,8,River,8,River,0.9995694756507874,True,-39.512966,28.627115
759,C:\Users\DELL Precision 5550\Documents\GitHub\Terrasight-Eurosat-RGB-vs-Multispectral\data\raw\multispectral\Industrial\Industrial_558.tif,4,Industrial,4,Industrial,0.9977397918701172,True,37.63928,-29.251804
760,C:\Users\DELL Precision 5550\Documents\GitHub\Terrasight-Eurosat-RGB-vs-Multispectral\data\raw\multispectral\Industrial\Industrial_298.tif,4,Industrial,4,Industrial,0.9999105930328369,True,38.878628,-24.900747
761,C:\Users\DELL Precision 5550\Documents\GitHub\Terrasight-Eurosat-RGB-vs-Multispectral\data\raw\multispectral\HerbaceousVegetation\HerbaceousVegetation_1707.tif,2,HerbaceousVegetation,6,PermanentCrop,0.871527373790741,False,4.272824,-12.895232
762,C:\Users\DELL Precision 5550\Documents\GitHub\Terrasight-Eurosat-RGB-vs-Multispectral\data\raw\multispectral\Highway\Highway_2246.tif,3,Highway,3,Highway,0.9993341565132141,True,18.304813,-53.105762
763,C:\Users\DELL Precision 5550\Documents\GitHub\Terrasight-Eurosat-RGB-vs-Multispectral\data\raw\multispectral\PermanentCrop\PermanentCrop_1468.tif,6,PermanentCrop,6,PermanentCrop,0.9998311996459961,True,-1.056918,-30.0991
764,C:\Users\DELL Precision 5550\Documents\GitHub\Terrasight-Eurosat-RGB-vs-Multispectral\data\raw\multispectral\Forest\Forest_1944.tif,1,Forest,1,Forest,0.9999719858169556,True,21.452845,37.451546
765,C:\Users\DELL Precision 5550\Documents\GitHub\Terrasight-Eurosat-RGB-vs-Multispectral\data\raw\multispectral\Industrial\Industrial_1931.tif,4,Industrial,4,Industrial,0.9972172975540161,True,50.01901,-20.559084
766,C:\Users\DELL Precision 5550\Documents\GitHub\Terrasight-Eurosat-RGB-vs-Multispectral\data\raw\multispectral\SeaLake\SeaLake_1476.tif,9,SeaLake,9,SeaLake,0.9999914169311523,True,-5.216582,63.10096
767,C:\Users\DELL Precision 5550\Documents\GitHub\Terrasight-Eurosat-RGB-vs-Multispectral\data\raw\multispectral\AnnualCrop\AnnualCrop_839.tif,0,AnnualCrop,0,AnnualCrop,0.9810135960578918,True,-25.44967,-30.877909
768,C:\Users\DELL Precision 5550\Documents\GitHub\Terrasight-Eurosat-RGB-vs-Multispectral\data\raw\multispectral\Forest\Forest_2998.tif,1,Forest,1,Forest,0.9666738510131836,True,16.48672,21.337465
769,C:\Users\DELL Precision 5550\Documents\GitHub\Terrasight-Eurosat-RGB-vs-Multispectral\data\raw\multispectral\SeaLake\SeaLake_1669.tif,9,SeaLake,9,SeaLake,0.9998495578765869,True,-2.6805658,56.174053
770,C:\Users\DELL Precision 5550\Documents\GitHub\Terrasight-Eurosat-RGB-vs-Multispectral\data\raw\multispectral\SeaLake\SeaLake_2562.tif,9,SeaLake,9,SeaLake,0.9996445178985596,True,-9.327214,48.885536
771,C:\Users\DELL Precision 5550\Documents\GitHub\Terrasight-Eurosat-RGB-vs-Multispectral\data\raw\multispectral\HerbaceousVegetation\HerbaceousVegetation_1101.tif,2,HerbaceousVegetation,6,PermanentCrop,0.929850161075592,False,3.7738998,-14.270521
772,C:\Users\DELL Precision 5550\Documents\GitHub\Terrasight-Eurosat-RGB-vs-Multispectral\data\raw\multispectral\Pasture\Pasture_1270.tif,5,Pasture,5,Pasture,0.9994981288909912,True,-45.134117,-3.9474928
773,C:\Users\DELL Precision 5550\Documents\GitHub\Terrasight-Eurosat-RGB-vs-Multispectral\data\raw\multispectral\Forest\Forest_2865.tif,1,Forest,1,Forest,0.9990524649620056,True,24.535467,37.863457
774,C:\Users\DELL Precision 5550\Documents\GitHub\Terrasight-Eurosat-RGB-vs-Multispectral\data\raw\multispectral\PermanentCrop\PermanentCrop_1937.tif,6,PermanentCrop,6,PermanentCrop,0.9994878768920898,True,-2.494273,-26.890686
775,C:\Users\DELL Precision 5550\Documents\GitHub\Terrasight-Eurosat-RGB-vs-Multispectral\data\raw\multispectral\AnnualCrop\AnnualCrop_1166.tif,0,AnnualCrop,0,AnnualCrop,0.926478922367096,True,-21.657173,-28.036657
776,C:\Users\DELL Precision 5550\Documents\GitHub\Terrasight-Eurosat-RGB-vs-Multispectral\data\raw\multispectral\AnnualCrop\AnnualCrop_2362.tif,0,AnnualCrop,0,AnnualCrop,0.9844073057174683,True,-25.526045,-27.803553
777,C:\Users\DELL Precision 5550\Documents\GitHub\Terrasight-Eurosat-RGB-vs-Multispectral\data\raw\multispectral\HerbaceousVegetation\HerbaceousVegetation_2693.tif,2,HerbaceousVegetation,2,HerbaceousVegetation,0.9678842425346375,True,-14.040096,-1.4802355
778,C:\Users\DELL Precision 5550\Documents\GitHub\Terrasight-Eurosat-RGB-vs-Multispectral\data\raw\multispectral\River\River_1351.tif,8,River,8,River,0.9999598264694214,True,-47.90292,24.552813
779,C:\Users\DELL Precision 5550\Documents\GitHub\Terrasight-Eurosat-RGB-vs-Multispectral\data\raw\multispectral\River\River_1962.tif,8,River,8,River,0.9974073767662048,True,-42.932373,17.261768
780,C:\Users\DELL Precision 5550\Documents\GitHub\Terrasight-Eurosat-RGB-vs-Multispectral\data\raw\multispectral\Pasture\Pasture_562.tif,5,Pasture,5,Pasture,0.9992792010307312,True,-43.40921,-1.4652505
781,C:\Users\DELL Precision 5550\Documents\GitHub\Terrasight-Eurosat-RGB-vs-Multispectral\data\raw\multispectral\Industrial\Industrial_379.tif,4,Industrial,4,Industrial,0.9662394523620605,True,31.186024,-15.286264
782,C:\Users\DELL Precision 5550\Documents\GitHub\Terrasight-Eurosat-RGB-vs-Multispectral\data\raw\multispectral\Residential\Residential_438.tif,7,Residential,7,Residential,0.9999986886978149,True,55.739822,9.7983055
783,C:\Users\DELL Precision 5550\Documents\GitHub\Terrasight-Eurosat-RGB-vs-Multispectral\data\raw\multispectral\SeaLake\SeaLake_1832.tif,9,SeaLake,9,SeaLake,0.9857516884803772,True,-13.411389,41.343185
784,C:\Users\DELL Precision 5550\Documents\GitHub\Terrasight-Eurosat-RGB-vs-Multispectral\data\raw\multispectral\HerbaceousVegetation\HerbaceousVegetation_2469.tif,2,HerbaceousVegetation,2,HerbaceousVegetation,0.9971510767936707,True,0.4238436,4.697634
785,C:\Users\DELL Precision 5550\Documents\GitHub\Terrasight-Eurosat-RGB-vs-Multispectral\data\raw\multispectral\SeaLake\SeaLake_2246.tif,9,SeaLake,9,SeaLake,0.9999876022338867,True,-3.5532582,59.0411
786,C:\Users\DELL Precision 5550\Documents\GitHub\Terrasight-Eurosat-RGB-vs-Multispectral\data\raw\multispectral\Industrial\Industrial_2015.tif,4,Industrial,4,Industrial,0.9999854564666748,True,46.018993,-24.618544
787,C:\Users\DELL Precision 5550\Documents\GitHub\Terrasight-Eurosat-RGB-vs-Multispectral\data\raw\multispectral\Forest\Forest_2019.tif,1,Forest,1,Forest,0.9997487664222717,True,23.832415,39.652695
788,C:\Users\DELL Precision 5550\Documents\GitHub\Terrasight-Eurosat-RGB-vs-Multispectral\data\raw\multispectral\Pasture\Pasture_130.tif,5,Pasture,5,Pasture,0.9662773013114929,True,-40.78056,-4.7768064
789,C:\Users\DELL Precision 5550\Documents\GitHub\Terrasight-Eurosat-RGB-vs-Multispectral\data\raw\multispectral\PermanentCrop\PermanentCrop_1827.tif,6,PermanentCrop,6,PermanentCrop,0.9973449110984802,True,-5.487394,-24.024273
790,C:\Users\DELL Precision 5550\Documents\GitHub\Terrasight-Eurosat-RGB-vs-Multispectral\data\raw\multispectral\AnnualCrop\AnnualCrop_2087.tif,0,AnnualCrop,6,PermanentCrop,0.5160770416259766,False,-16.75548,-27.527447
791,C:\Users\DELL Precision 5550\Documents\GitHub\Terrasight-Eurosat-RGB-vs-Multispectral\data\raw\multispectral\AnnualCrop\AnnualCrop_159.tif,0,AnnualCrop,6,PermanentCrop,0.9481224417686462,False,-12.955869,-31.704813
792,C:\Users\DELL Precision 5550\Documents\GitHub\Terrasight-Eurosat-RGB-vs-Multispectral\data\raw\multispectral\Industrial\Industrial_2128.tif,4,Industrial,4,Industrial,0.9999525547027588,True,41.612232,-26.499287
793,C:\Users\DELL Precision 5550\Documents\GitHub\Terrasight-Eurosat-RGB-vs-Multispectral\data\raw\multispectral\Pasture\Pasture_113.tif,5,Pasture,5,Pasture,0.9554202556610107,True,-40.883114,-4.64934
794,C:\Users\DELL Precision 5550\Documents\GitHub\Terrasight-Eurosat-RGB-vs-Multispectral\data\raw\multispectral\Highway\Highway_380.tif,3,Highway,3,Highway,0.9913365840911865,True,23.351013,-52.70647
795,C:\Users\DELL Precision 5550\Documents\GitHub\Terrasight-Eurosat-RGB-vs-Multispectral\data\raw\multispectral\Residential\Residential_1636.tif,7,Residential,7,Residential,0.9999997615814209,True,56.752323,13.443104
796,C:\Users\DELL Precision 5550\Documents\GitHub\Terrasight-Eurosat-RGB-vs-Multispectral\data\raw\multispectral\Industrial\Industrial_366.tif,4,Industrial,4,Industrial,0.9999862909317017,True,47.177094,-27.079876
797,C:\Users\DELL Precision 5550\Documents\GitHub\Terrasight-Eurosat-RGB-vs-Multispectral\data\raw\multispectral\Pasture\Pasture_1843.tif,5,Pasture,5,Pasture,0.9422607421875,True,-39.12772,-9.5005455
798,C:\Users\DELL Precision 5550\Documents\GitHub\Terrasight-Eurosat-RGB-vs-Multispectral\data\raw\multispectral\Forest\Forest_350.tif,1,Forest,1,Forest,0.9998220801353455,True,14.015457,33.293682
799,C:\Users\DELL Precision 5550\Documents\GitHub\Terrasight-Eurosat-RGB-vs-Multispectral\data\raw\multispectral\AnnualCrop\AnnualCrop_1470.tif,0,AnnualCrop,0,AnnualCrop,0.6688215136528015,True,-20.075062,-35.054607
800,C:\Users\DELL Precision 5550\Documents\GitHub\Terrasight-Eurosat-RGB-vs-Multispectral\data\raw\multispectral\Highway\Highway_1509.tif,3,Highway,3,Highway,0.9636451601982117,True,10.998113,-51.190166
801,C:\Users\DELL Precision 5550\Documents\GitHub\Terrasight-Eurosat-RGB-vs-Multispectral\data\raw\multispectral\Highway\Highway_806.tif,3,Highway,3,Highway,0.9911640882492065,True,22.925323,-53.82979
802,C:\Users\DELL Precision 5550\Documents\GitHub\Terrasight-Eurosat-RGB-vs-Multispectral\data\raw\multispectral\HerbaceousVegetation\HerbaceousVegetation_1186.tif,2,HerbaceousVegetation,2,HerbaceousVegetation,0.9974672794342041,True,0.38985294,5.2322664
803,C:\Users\DELL Precision 5550\Documents\GitHub\Terrasight-Eurosat-RGB-vs-Multispectral\data\raw\multispectral\Highway\Highway_1523.tif,3,Highway,3,Highway,0.9949187636375427,True,12.801229,-52.925663
804,C:\Users\DELL Precision 5550\Documents\GitHub\Terrasight-Eurosat-RGB-vs-Multispectral\data\raw\multispectral\HerbaceousVegetation\HerbaceousVegetation_1627.tif,2,HerbaceousVegetation,2,HerbaceousVegetation,0.9814742207527161,True,-15.93272,4.479391
805,C:\Users\DELL Precision 5550\Documents\GitHub\Terrasight-Eurosat-RGB-vs-Multispectral\data\raw\multispectral\Forest\Forest_1631.tif,1,Forest,1,Forest,0.9965696334838867,True,15.28966,22.784185
806,C:\Users\DELL Precision 5550\Documents\GitHub\Terrasight-Eurosat-RGB-vs-Multispectral\data\raw\multispectral\Pasture\Pasture_821.tif,5,Pasture,5,Pasture,0.9962571859359741,True,-32.736263,-4.3978815
807,C:\Users\DELL Precision 5550\Documents\GitHub\Terrasight-Eurosat-RGB-vs-Multispectral\data\raw\multispectral\Highway\Highway_582.tif,3,Highway,8,River,0.6980471014976501,False,-35.959656,14.814027
808,C:\Users\DELL Precision 5550\Documents\GitHub\Terrasight-Eurosat-RGB-vs-Multispectral\data\raw\multispectral\AnnualCrop\AnnualCrop_658.tif,0,AnnualCrop,0,AnnualCrop,0.9955079555511475,True,-33.780186,-25.364449
809,C:\Users\DELL Precision 5550\Documents\GitHub\Terrasight-Eurosat-RGB-vs-Multispectral\data\raw\multispectral\PermanentCrop\PermanentCrop_1254.tif,6,PermanentCrop,6,PermanentCrop,0.99134361743927,True,-2.1599977,-20.615278
810,C:\Users\DELL Precision 5550\Documents\GitHub\Terrasight-Eurosat-RGB-vs-Multispectral\data\raw\multispectral\River\River_438.tif,8,River,8,River,0.977062463760376,True,-44.384903,17.38302
811,C:\Users\DELL Precision 5550\Documents\GitHub\Terrasight-Eurosat-RGB-vs-Multispectral\data\raw\multispectral\Forest\Forest_1519.tif,1,Forest,1,Forest,0.9604619145393372,True,10.82699,30.533379
812,C:\Users\DELL Precision 5550\Documents\GitHub\Terrasight-Eurosat-RGB-vs-Multispectral\data\raw\multispectral\Residential\Residential_1891.tif,7,Residential,7,Residential,0.9984039664268494,True,37.076748,0.3123073
813,C:\Users\DELL Precision 5550\Documents\GitHub\Terrasight-Eurosat-RGB-vs-Multispectral\data\raw\multispectral\AnnualCrop\AnnualCrop_2995.tif,0,AnnualCrop,0,AnnualCrop,0.98484867811203,True,-30.480806,-34.258358
814,C:\Users\DELL Precision 5550\Documents\GitHub\Terrasight-Eurosat-RGB-vs-Multispectral\data\raw\multispectral\Highway\Highway_2394.tif,3,Highway,3,Highway,0.9696248769760132,True,22.075916,-50.428253
815,C:\Users\DELL Precision 5550\Documents\GitHub\Terrasight-Eurosat-RGB-vs-Multispectral\data\raw\multispectral\Highway\Highway_51.tif,3,Highway,3,Highway,0.5201560258865356,True,24.629185,-53.48998
816,C:\Users\DELL Precision 5550\Documents\GitHub\Terrasight-Eurosat-RGB-vs-Multispectral\data\raw\multispectral\HerbaceousVegetation\HerbaceousVegetation_439.tif,2,HerbaceousVegetation,2,HerbaceousVegetation,0.999345600605011,True,-13.983715,7.722809
817,C:\Users\DELL Precision 5550\Documents\GitHub\Terrasight-Eurosat-RGB-vs-Multispectral\data\raw\multispectral\Residential\Residential_1297.tif,7,Residential,7,Residential,0.8889736533164978,True,33.319828,1.9178131
818,C:\Users\DELL Precision 5550\Documents\GitHub\Terrasight-Eurosat-RGB-vs-Multispectral\data\raw\multispectral\Forest\Forest_2799.tif,1,Forest,1,Forest,0.9539403319358826,True,7.2301774,22.731068
819,C:\Users\DELL Precision 5550\Documents\GitHub\Terrasight-Eurosat-RGB-vs-Multispectral\data\raw\multispectral\PermanentCrop\PermanentCrop_1118.tif,6,PermanentCrop,6,PermanentCrop,0.994255006313324,True,-10.039732,-32.016144
820,C:\Users\DELL Precision 5550\Documents\GitHub\Terrasight-Eurosat-RGB-vs-Multispectral\data\raw\multispectral\Highway\Highway_2354.tif,3,Highway,3,Highway,0.996678352355957,True,7.3866744,-52.515194
821,C:\Users\DELL Precision 5550\Documents\GitHub\Terrasight-Eurosat-RGB-vs-Multispectral\data\raw\multispectral\AnnualCrop\AnnualCrop_363.tif,0,AnnualCrop,0,AnnualCrop,0.9980092644691467,True,-28.636103,-31.919315
822,C:\Users\DELL Precision 5550\Documents\GitHub\Terrasight-Eurosat-RGB-vs-Multispectral\data\raw\multispectral\SeaLake\SeaLake_558.tif,9,SeaLake,9,SeaLake,0.9999815225601196,True,-7.0957823,59.65412
823,C:\Users\DELL Precision 5550\Documents\GitHub\Terrasight-Eurosat-RGB-vs-Multispectral\data\raw\multispectral\Residential\Residential_2673.tif,7,Residential,7,Residential,0.9999643564224243,True,41.77898,13.420448
824,C:\Users\DELL Precision 5550\Documents\GitHub\Terrasight-Eurosat-RGB-vs-Multispectral\data\raw\multispectral\Residential\Residential_555.tif,7,Residential,7,Residential,1.0,True,55.066772,15.222602
825,C:\Users\DELL Precision 5550\Documents\GitHub\Terrasight-Eurosat-RGB-vs-Multispectral\data\raw\multispectral\HerbaceousVegetation\HerbaceousVegetation_2192.tif,2,HerbaceousVegetation,2,HerbaceousVegetation,0.9984694123268127,True,1.4047154,3.4382863
826,C:\Users\DELL Precision 5550\Documents\GitHub\Terrasight-Eurosat-RGB-vs-Multispectral\data\raw\multispectral\HerbaceousVegetation\HerbaceousVegetation_2723.tif,2,HerbaceousVegetation,2,HerbaceousVegetation,0.9993264675140381,True,-6.2065253,6.707309
827,C:\Users\DELL Precision 5550\Documents\GitHub\Terrasight-Eurosat-RGB-vs-Multispectral\data\raw\multispectral\SeaLake\SeaLake_2392.tif,9,SeaLake,9,SeaLake,0.9999967813491821,True,-1.8934654,64.991066
828,C:\Users\DELL Precision 5550\Documents\GitHub\Terrasight-Eurosat-RGB-vs-Multispectral\data\raw\multispectral\Highway\Highway_1110.tif,3,Highway,3,Highway,0.9874030351638794,True,14.305445,-51.22271
829,C:\Users\DELL Precision 5550\Documents\GitHub\Terrasight-Eurosat-RGB-vs-Multispectral\data\raw\multispectral\PermanentCrop\PermanentCrop_1132.tif,6,PermanentCrop,6,PermanentCrop,0.9995280504226685,True,-5.763634,-32.498577
830,C:\Users\DELL Precision 5550\Documents\GitHub\Terrasight-Eurosat-RGB-vs-Multispectral\data\raw\multispectral\SeaLake\SeaLake_161.tif,9,SeaLake,9,SeaLake,0.9929031729698181,True,-11.743281,45.42858
831,C:\Users\DELL Precision 5550\Documents\GitHub\Terrasight-Eurosat-RGB-vs-Multispectral\data\raw\multispectral\Industrial\Industrial_100.tif,4,Industrial,4,Industrial,0.9967702627182007,True,32.89877,-23.19539
832,C:\Users\DELL Precision 5550\Documents\GitHub\Terrasight-Eurosat-RGB-vs-Multispectral\data\raw\multispectral\Forest\Forest_2181.tif,1,Forest,1,Forest,0.9994593262672424,True,24.636703,37.626575
833,C:\Users\DELL Precision 5550\Documents\GitHub\Terrasight-Eurosat-RGB-vs-Multispectral\data\raw\multispectral\River\River_1261.tif,8,River,8,River,0.9990870952606201,True,-33.515316,23.395193
834,C:\Users\DELL Precision 5550\Documents\GitHub\Terrasight-Eurosat-RGB-vs-Multispectral\data\raw\multispectral\Highway\Highway_605.tif,3,Highway,3,Highway,0.9743893146514893,True,12.922932,-48.29207
835,C:\Users\DELL Precision 5550\Documents\GitHub\Terrasight-Eurosat-RGB-vs-Multispectral\data\raw\multispectral\Forest\Forest_2687.tif,1,Forest,1,Forest,0.9995511174201965,True,22.161705,39.824028
836,C:\Users\DELL Precision 5550\Documents\GitHub\Terrasight-Eurosat-RGB-vs-Multispectral\data\raw\multispectral\Highway\Highway_1067.tif,3,Highway,3,Highway,0.9778013825416565,True,22.16322,-45.062443
837,C:\Users\DELL Precision 5550\Documents\GitHub\Terrasight-Eurosat-RGB-vs-Multispectral\data\raw\multispectral\HerbaceousVegetation\HerbaceousVegetation_416.tif,2,HerbaceousVegetation,2,HerbaceousVegetation,0.9994291663169861,True,-4.7780323,7.50476
838,C:\Users\DELL Precision 5550\Documents\GitHub\Terrasight-Eurosat-RGB-vs-Multispectral\data\raw\multispectral\Forest\Forest_1799.tif,1,Forest,1,Forest,0.8491269946098328,True,9.5542755,31.782537
839,C:\Users\DELL Precision 5550\Documents\GitHub\Terrasight-Eurosat-RGB-vs-Multispectral\data\raw\multispectral\PermanentCrop\PermanentCrop_759.tif,6,PermanentCrop,6,PermanentCrop,0.999559223651886,True,-9.364035,-31.221867
840,C:\Users\DELL Precision 5550\Documents\GitHub\Terrasight-Eurosat-RGB-vs-Multispectral\data\raw\multispectral\HerbaceousVegetation\HerbaceousVegetation_924.tif,2,HerbaceousVegetation,2,HerbaceousVegetation,0.8971065878868103,True,-17.68393,0.6033965
841,C:\Users\DELL Precision 5550\Documents\GitHub\Terrasight-Eurosat-RGB-vs-Multispectral\data\raw\multispectral\AnnualCrop\AnnualCrop_1912.tif,0,AnnualCrop,0,AnnualCrop,0.9996778964996338,True,-29.506601,-39.95214
842,C:\Users\DELL Precision 5550\Documents\GitHub\Terrasight-Eurosat-RGB-vs-Multispectral\data\raw\multispectral\Highway\Highway_1971.tif,3,Highway,3,Highway,0.993699312210083,True,20.675217,-44.44943
843,C:\Users\DELL Precision 5550\Documents\GitHub\Terrasight-Eurosat-RGB-vs-Multispectral\data\raw\multispectral\River\River_2368.tif,8,River,8,River,0.999852180480957,True,-41.019882,29.120455
844,C:\Users\DELL Precision 5550\Documents\GitHub\Terrasight-Eurosat-RGB-vs-Multispectral\data\raw\multispectral\Highway\Highway_2448.tif,3,Highway,3,Highway,0.9432218670845032,True,11.097636,-44.66413
845,C:\Users\DELL Precision 5550\Documents\GitHub\Terrasight-Eurosat-RGB-vs-Multispectral\data\raw\multispectral\Pasture\Pasture_494.tif,5,Pasture,5,Pasture,0.9997621178627014,True,-47.880062,-1.0432568
846,C:\Users\DELL Precision 5550\Documents\GitHub\Terrasight-Eurosat-RGB-vs-Multispectral\data\raw\multispectral\Pasture\Pasture_1679.tif,5,Pasture,5,Pasture,0.9996412992477417,True,-38.893585,-2.590337
847,C:\Users\DELL Precision 5550\Documents\GitHub\Terrasight-Eurosat-RGB-vs-Multispectral\data\raw\multispectral\Industrial\Industrial_1514.tif,4,Industrial,4,Industrial,0.9999047517776489,True,47.91893,-20.219116
848,C:\Users\DELL Precision 5550\Documents\GitHub\Terrasight-Eurosat-RGB-vs-Multispectral\data\raw\multispectral\AnnualCrop\AnnualCrop_1015.tif,0,AnnualCrop,0,AnnualCrop,0.9800097346305847,True,-28.740946,-24.22021
849,C:\Users\DELL Precision 5550\Documents\GitHub\Terrasight-Eurosat-RGB-vs-Multispectral\data\raw\multispectral\PermanentCrop\PermanentCrop_164.tif,6,PermanentCrop,2,HerbaceousVegetation,0.750862181186676,False,0.9036062,-9.68831
850,C:\Users\DELL Precision 5550\Documents\GitHub\Terrasight-Eurosat-RGB-vs-Multispectral\data\raw\multispectral\River\River_650.tif,8,River,8,River,0.9997208714485168,True,-34.95406,23.755104
851,C:\Users\DELL Precision 5550\Documents\GitHub\Terrasight-Eurosat-RGB-vs-Multispectral\data\raw\multispectral\Pasture\Pasture_1157.tif,5,Pasture,2,HerbaceousVegetation,0.9823166728019714,False,-16.808783,4.5906415
852,C:\Users\DELL Precision 5550\Documents\GitHub\Terrasight-Eurosat-RGB-vs-Multispectral\data\raw\multispectral\SeaLake\SeaLake_1350.tif,9,SeaLake,9,SeaLake,0.9905182719230652,True,-12.288548,35.19261
853,C:\Users\DELL Precision 5550\Documents\GitHub\Terrasight-Eurosat-RGB-vs-Multispectral\data\raw\multispectral\Industrial\Industrial_1937.tif,4,Industrial,4,Industrial,0.9968515038490295,True,32.304607,-23.959703
854,C:\Users\DELL Precision 5550\Documents\GitHub\Terrasight-Eurosat-RGB-vs-Multispectral\data\raw\multispectral\River\River_276.tif,8,River,8,River,0.9619266390800476,True,-32.874073,22.175886
855,C:\Users\DELL Precision 5550\Documents\GitHub\Terrasight-Eurosat-RGB-vs-Multispectral\data\raw\multispectral\Highway\Highway_1663.tif,3,Highway,3,Highway,0.9954280853271484,True,10.636561,-56.760532
856,C:\Users\DELL Precision 5550\Documents\GitHub\Terrasight-Eurosat-RGB-vs-Multispectral\data\raw\multispectral\River\River_1019.tif,8,River,8,River,0.9982194304466248,True,-42.26451,20.961086
857,C:\Users\DELL Precision 5550\Documents\GitHub\Terrasight-Eurosat-RGB-vs-Multispectral\data\raw\multispectral\River\River_341.tif,8,River,8,River,0.9996746778488159,True,-37.181904,22.172098
858,C:\Users\DELL Precision 5550\Documents\GitHub\Terrasight-Eurosat-RGB-vs-Multispectral\data\raw\multispectral\PermanentCrop\PermanentCrop_2273.tif,6,PermanentCrop,2,HerbaceousVegetation,0.6335048079490662,False,9.959357,4.5847516
859,C:\Users\DELL Precision 5550\Documents\GitHub\Terrasight-Eurosat-RGB-vs-Multispectral\data\raw\multispectral\Industrial\Industrial_1580.tif,4,Industrial,4,Industrial,0.9998062252998352,True,47.257774,-19.10545
860,C:\Users\DELL Precision 5550\Documents\GitHub\Terrasight-Eurosat-RGB-vs-Multispectral\data\raw\multispectral\AnnualCrop\AnnualCrop_539.tif,0,AnnualCrop,0,AnnualCrop,0.6189196705818176,True,-38.19366,-24.339264
861,C:\Users\DELL Precision 5550\Documents\GitHub\Terrasight-Eurosat-RGB-vs-Multispectral\data\raw\multispectral\Residential\Residential_1664.tif,7,Residential,7,Residential,1.0,True,48.239544,14.775691
862,C:\Users\DELL Precision 5550\Documents\GitHub\Terrasight-Eurosat-RGB-vs-Multispectral\data\raw\multispectral\SeaLake\SeaLake_1529.tif,9,SeaLake,9,SeaLake,0.9925722479820251,True,-9.605852,40.74985
863,C:\Users\DELL Precision 5550\Documents\GitHub\Terrasight-Eurosat-RGB-vs-Multispectral\data\raw\multispectral\HerbaceousVegetation\HerbaceousVegetation_629.tif,2,HerbaceousVegetation,2,HerbaceousVegetation,0.955140233039856,True,-16.14215,4.3695927
864,C:\Users\DELL Precision 5550\Documents\GitHub\Terrasight-Eurosat-RGB-vs-Multispectral\data\raw\multispectral\PermanentCrop\PermanentCrop_2147.tif,6,PermanentCrop,6,PermanentCrop,0.9987462759017944,True,0.17444588,-22.496565
865,C:\Users\DELL Precision 5550\Documents\GitHub\Terrasight-Eurosat-RGB-vs-Multispectral\data\raw\multispectral\HerbaceousVegetation\HerbaceousVegetation_1155.tif,2,HerbaceousVegetation,2,HerbaceousVegetation,0.9686747193336487,True,-2.5694327,-0.955441
866,C:\Users\DELL Precision 5550\Documents\GitHub\Terrasight-Eurosat-RGB-vs-Multispectral\data\raw\multispectral\Forest\Forest_1609.tif,1,Forest,1,Forest,0.7137010097503662,True,9.798829,26.751856
867,C:\Users\DELL Precision 5550\Documents\GitHub\Terrasight-Eurosat-RGB-vs-Multispectral\data\raw\multispectral\River\River_1995.tif,8,River,8,River,0.9999501705169678,True,-46.298126,28.965996
868,C:\Users\DELL Precision 5550\Documents\GitHub\Terrasight-Eurosat-RGB-vs-Multispectral\data\raw\multispectral\Residential\Residential_1822.tif,7,Residential,7,Residential,0.9999972581863403,True,48.962784,8.3656845
869,C:\Users\DELL Precision 5550\Documents\GitHub\Terrasight-Eurosat-RGB-vs-Multispectral\data\raw\multispectral\AnnualCrop\AnnualCrop_1576.tif,0,AnnualCrop,0,AnnualCrop,0.930732786655426,True,-20.89434,-26.672758
870,C:\Users\DELL Precision 5550\Documents\GitHub\Terrasight-Eurosat-RGB-vs-Multispectral\data\raw\multispectral\Industrial\Industrial_1295.tif,4,Industrial,4,Industrial,0.9999279975891113,True,50.591293,-22.208286
871,C:\Users\DELL Precision 5550\Documents\GitHub\Terrasight-Eurosat-RGB-vs-Multispectral\data\raw\multispectral\PermanentCrop\PermanentCrop_198.tif,6,PermanentCrop,6,PermanentCrop,0.9989738464355469,True,1.6091939,-26.167063
872,C:\Users\DELL Precision 5550\Documents\GitHub\Terrasight-Eurosat-RGB-vs-Multispectral\data\raw\multispectral\Residential\Residential_1830.tif,7,Residential,7,Residential,0.946617603302002,True,47.651382,-0.98838127
873,C:\Users\DELL Precision 5550\Documents\GitHub\Terrasight-Eurosat-RGB-vs-Multispectral\data\raw\multispectral\HerbaceousVegetation\HerbaceousVegetation_190.tif,2,HerbaceousVegetation,2,HerbaceousVegetation,0.961921215057373,True,1.2785621,1.62076
874,C:\Users\DELL Precision 5550\Documents\GitHub\Terrasight-Eurosat-RGB-vs-Multispectral\data\raw\multispectral\AnnualCrop\AnnualCrop_1881.tif,0,AnnualCrop,0,AnnualCrop,0.9945249557495117,True,-40.426315,-26.372517
875,C:\Users\DELL Precision 5550\Documents\GitHub\Terrasight-Eurosat-RGB-vs-Multispectral\data\raw\multispectral\SeaLake\SeaLake_2609.tif,9,SeaLake,9,SeaLake,0.9999414682388306,True,-10.876762,56.719864
876,C:\Users\DELL Precision 5550\Documents\GitHub\Terrasight-Eurosat-RGB-vs-Multispectral\data\raw\multispectral\River\River_29.tif,8,River,8,River,0.9919982552528381,True,-40.7458,17.144838
877,C:\Users\DELL Precision 5550\Documents\GitHub\Terrasight-Eurosat-RGB-vs-Multispectral\data\raw\multispectral\Forest\Forest_254.tif,1,Forest,1,Forest,0.9975753426551819,True,12.062845,33.750675
878,C:\Users\DELL Precision 5550\Documents\GitHub\Terrasight-Eurosat-RGB-vs-Multispectral\data\raw\multispectral\SeaLake\SeaLake_2520.tif,9,SeaLake,9,SeaLake,0.9997697472572327,True,-14.447515,52.054684
879,C:\Users\DELL Precision 5550\Documents\GitHub\Terrasight-Eurosat-RGB-vs-Multispectral\data\raw\multispectral\Pasture\Pasture_1018.tif,5,Pasture,5,Pasture,0.9974557757377625,True,-33.641315,-6.7486463
880,C:\Users\DELL Precision 5550\Documents\GitHub\Terrasight-Eurosat-RGB-vs-Multispectral\data\raw\multispectral\HerbaceousVegetation\HerbaceousVegetation_2136.tif,2,HerbaceousVegetation,2,HerbaceousVegetation,0.9997465014457703,True,-7.932698,10.332995
881,C:\Users\DELL Precision 5550\Documents\GitHub\Terrasight-Eurosat-RGB-vs-Multispectral\data\raw\multispectral\PermanentCrop\PermanentCrop_1275.tif,6,PermanentCrop,6,PermanentCrop,0.9998719692230225,True,-2.793752,-32.13716
882,C:\Users\DELL Precision 5550\Documents\GitHub\Terrasight-Eurosat-RGB-vs-Multispectral\data\raw\multispectral\Industrial\Industrial_2119.tif,4,Industrial,4,Industrial,0.999996542930603,True,50.51619,-23.900484
883,C:\Users\DELL Precision 5550\Documents\GitHub\Terrasight-Eurosat-RGB-vs-Multispectral\data\raw\multispectral\River\River_531.tif,8,River,8,River,0.5207091569900513,True,-38.215164,-23.690197
884,C:\Users\DELL Precision 5550\Documents\GitHub\Terrasight-Eurosat-RGB-vs-Multispectral\data\raw\multispectral\PermanentCrop\PermanentCrop_2235.tif,6,PermanentCrop,6,PermanentCrop,0.7687695622444153,True,4.058372,-12.785358
885,C:\Users\DELL Precision 5550\Documents\GitHub\Terrasight-Eurosat-RGB-vs-Multispectral\data\raw\multispectral\Residential\Residential_70.tif,7,Residential,7,Residential,0.9999978542327881,True,42.876144,10.415427
886,C:\Users\DELL Precision 5550\Documents\GitHub\Terrasight-Eurosat-RGB-vs-Multispectral\data\raw\multispectral\Highway\Highway_780.tif,3,Highway,3,Highway,0.9994992017745972,True,15.316411,-54.94323
887,C:\Users\DELL Precision 5550\Documents\GitHub\Terrasight-Eurosat-RGB-vs-Multispectral\data\raw\multispectral\Residential\Residential_1229.tif,7,Residential,7,Residential,0.9999982118606567,True,48.85881,7.449533
888,C:\Users\DELL Precision 5550\Documents\GitHub\Terrasight-Eurosat-RGB-vs-Multispectral\data\raw\multispectral\SeaLake\SeaLake_1620.tif,9,SeaLake,9,SeaLake,0.9968839287757874,True,-11.784027,40.00783
889,C:\Users\DELL Precision 5550\Documents\GitHub\Terrasight-Eurosat-RGB-vs-Multispectral\data\raw\multispectral\AnnualCrop\AnnualCrop_127.tif,0,AnnualCrop,9,SeaLake,0.9967820644378662,False,-3.1713035,54.82093
890,C:\Users\DELL Precision 5550\Documents\GitHub\Terrasight-Eurosat-RGB-vs-Multispectral\data\raw\multispectral\Forest\Forest_333.tif,1,Forest,1,Forest,0.9943806529045105,True,16.544619,22.49495
891,C:\Users\DELL Precision 5550\Documents\GitHub\Terrasight-Eurosat-RGB-vs-Multispectral\data\raw\multispectral\Highway\Highway_1212.tif,3,Highway,3,Highway,0.9929445385932922,True,4.774817,-53.901966
892,C:\Users\DELL Precision 5550\Documents\GitHub\Terrasight-Eurosat-RGB-vs-Multispectral\data\raw\multispectral\PermanentCrop\PermanentCrop_913.tif,6,PermanentCrop,6,PermanentCrop,0.9942842125892639,True,-7.5075293,-24.82984
893,C:\Users\DELL Precision 5550\Documents\GitHub\Terrasight-Eurosat-RGB-vs-Multispectral\data\raw\multispectral\Highway\Highway_1267.tif,3,Highway,3,Highway,0.958472490310669,True,24.14971,-53.21629
894,C:\Users\DELL Precision 5550\Documents\GitHub\Terrasight-Eurosat-RGB-vs-Multispectral\data\raw\multispectral\HerbaceousVegetation\HerbaceousVegetation_1600.tif,2,HerbaceousVegetation,2,HerbaceousVegetation,0.996961772441864,True,-9.41561,4.977264
895,C:\Users\DELL Precision 5550\Documents\GitHub\Terrasight-Eurosat-RGB-vs-Multispectral\data\raw\multispectral\Pasture\Pasture_1869.tif,5,Pasture,1,Forest,0.3703533113002777,False,7.317127,18.390137
896,C:\Users\DELL Precision 5550\Documents\GitHub\Terrasight-Eurosat-RGB-vs-Multispectral\data\raw\multispectral\Highway\Highway_987.tif,3,Highway,3,Highway,0.987007200717926,True,18.541464,-46.1254
897,C:\Users\DELL Precision 5550\Documents\GitHub\Terrasight-Eurosat-RGB-vs-Multispectral\data\raw\multispectral\AnnualCrop\AnnualCrop_1658.tif,0,AnnualCrop,0,AnnualCrop,0.9861191511154175,True,-27.964752,-37.382233
898,C:\Users\DELL Precision 5550\Documents\GitHub\Terrasight-Eurosat-RGB-vs-Multispectral\data\raw\multispectral\SeaLake\SeaLake_2760.tif,9,SeaLake,9,SeaLake,0.9995502829551697,True,-11.089608,48.532177
899,C:\Users\DELL Precision 5550\Documents\GitHub\Terrasight-Eurosat-RGB-vs-Multispectral\data\raw\multispectral\Highway\Highway_1117.tif,3,Highway,3,Highway,0.9979996085166931,True,12.175423,-57.556046
900,C:\Users\DELL Precision 5550\Documents\GitHub\Terrasight-Eurosat-RGB-vs-Multispectral\data\raw\multispectral\AnnualCrop\AnnualCrop_2169.tif,0,AnnualCrop,0,AnnualCrop,0.9730398654937744,True,-38.016296,-24.927086
901,C:\Users\DELL Precision 5550\Documents\GitHub\Terrasight-Eurosat-RGB-vs-Multispectral\data\raw\multispectral\Highway\Highway_183.tif,3,Highway,3,Highway,0.9971272349357605,True,15.788739,-52.996075
902,C:\Users\DELL Precision 5550\Documents\GitHub\Terrasight-Eurosat-RGB-vs-Multispectral\data\raw\multispectral\River\River_1723.tif,8,River,8,River,0.9998759031295776,True,-39.579834,27.678885
903,C:\Users\DELL Precision 5550\Documents\GitHub\Terrasight-Eurosat-RGB-vs-Multispectral\data\raw\multispectral\River\River_1108.tif,8,River,8,River,0.9999758005142212,True,-48.16044,25.734995
904,C:\Users\DELL Precision 5550\Documents\GitHub\Terrasight-Eurosat-RGB-vs-Multispectral\data\raw\multispectral\Industrial\Industrial_1456.tif,4,Industrial,4,Industrial,0.9987450838088989,True,38.018097,-21.285028
905,C:\Users\DELL Precision 5550\Documents\GitHub\Terrasight-Eurosat-RGB-vs-Multispectral\data\raw\multispectral\Highway\Highway_784.tif,3,Highway,3,Highway,0.9991369843482971,True,16.021034,-54.5063
906,C:\Users\DELL Precision 5550\Documents\GitHub\Terrasight-Eurosat-RGB-vs-Multispectral\data\raw\multispectral\Forest\Forest_1988.tif,1,Forest,1,Forest,0.99198979139328,True,7.4367886,24.768433
907,C:\Users\DELL Precision 5550\Documents\GitHub\Terrasight-Eurosat-RGB-vs-Multispectral\data\raw\multispectral\Industrial\Industrial_2169.tif,4,Industrial,4,Industrial,0.9968504309654236,True,36.60059,-18.599167
908,C:\Users\DELL Precision 5550\Documents\GitHub\Terrasight-Eurosat-RGB-vs-Multispectral\data\raw\multispectral\Pasture\Pasture_1823.tif,5,Pasture,5,Pasture,0.9514389634132385,True,-30.494139,-8.872882
909,C:\Users\DELL Precision 5550\Documents\GitHub\Terrasight-Eurosat-RGB-vs-Multispectral\data\raw\multispectral\AnnualCrop\AnnualCrop_1985.tif,0,AnnualCrop,0,AnnualCrop,0.9879665970802307,True,-41.020542,-30.233093
910,C:\Users\DELL Precision 5550\Documents\GitHub\Terrasight-Eurosat-RGB-vs-Multispectral\data\raw\multispectral\SeaLake\SeaLake_216.tif,9,SeaLake,9,SeaLake,0.9999337196350098,True,-11.097387,56.42514
911,C:\Users\DELL Precision 5550\Documents\GitHub\Terrasight-Eurosat-RGB-vs-Multispectral\data\raw\multispectral\Highway\Highway_2176.tif,3,Highway,3,Highway,0.8715218901634216,True,4.4585404,-50.541172
912,C:\Users\DELL Precision 5550\Documents\GitHub\Terrasight-Eurosat-RGB-vs-Multispectral\data\raw\multispectral\Highway\Highway_1610.tif,3,Highway,3,Highway,0.9979130625724792,True,16.537708,-51.857628
913,C:\Users\DELL Precision 5550\Documents\GitHub\Terrasight-Eurosat-RGB-vs-Multispectral\data\raw\multispectral\PermanentCrop\PermanentCrop_1161.tif,6,PermanentCrop,6,PermanentCrop,0.9976112842559814,True,-5.024389,-29.17203
914,C:\Users\DELL Precision 5550\Documents\GitHub\Terrasight-Eurosat-RGB-vs-Multispectral\data\raw\multispectral\Highway\Highway_267.tif,3,Highway,3,Highway,0.9997521042823792,True,16.924116,-55.517445
915,C:\Users\DELL Precision 5550\Documents\GitHub\Terrasight-Eurosat-RGB-vs-Multispectral\data\raw\multispectral\Forest\Forest_11.tif,1,Forest,1,Forest,0.9946541786193848,True,14.916598,23.37042
916,C:\Users\DELL Precision 5550\Documents\GitHub\Terrasight-Eurosat-RGB-vs-Multispectral\data\raw\multispectral\River\River_238.tif,8,River,8,River,0.9999994039535522,True,-52.38208,25.838968
917,C:\Users\DELL Precision 5550\Documents\GitHub\Terrasight-Eurosat-RGB-vs-Multispectral\data\raw\multispectral\SeaLake\SeaLake_2117.tif,9,SeaLake,9,SeaLake,0.9915869235992432,True,-12.993666,38.983414
918,C:\Users\DELL Precision 5550\Documents\GitHub\Terrasight-Eurosat-RGB-vs-Multispectral\data\raw\multispectral\AnnualCrop\AnnualCrop_1959.tif,0,AnnualCrop,0,AnnualCrop,0.99764484167099,True,-38.97387,-27.538113
919,C:\Users\DELL Precision 5550\Documents\GitHub\Terrasight-Eurosat-RGB-vs-Multispectral\data\raw\multispectral\PermanentCrop\PermanentCrop_1901.tif,6,PermanentCrop,6,PermanentCrop,0.9996163845062256,True,-2.756761,-27.728767
920,C:\Users\DELL Precision 5550\Documents\GitHub\Terrasight-Eurosat-RGB-vs-Multispectral\data\raw\multispectral\River\River_51.tif,8,River,8,River,0.9985312223434448,True,-43.602158,20.48305
921,C:\Users\DELL Precision 5550\Documents\GitHub\Terrasight-Eurosat-RGB-vs-Multispectral\data\raw\multispectral\Highway\Highway_59.tif,3,Highway,3,Highway,0.9968124032020569,True,10.1889305,-56.570892
922,C:\Users\DELL Precision 5550\Documents\GitHub\Terrasight-Eurosat-RGB-vs-Multispectral\data\raw\multispectral\Residential\Residential_2363.tif,7,Residential,7,Residential,0.9999996423721313,True,48.418926,12.625091
923,C:\Users\DELL Precision 5550\Documents\GitHub\Terrasight-Eurosat-RGB-vs-Multispectral\data\raw\multispectral\Industrial\Industrial_1359.tif,4,Industrial,4,Industrial,0.8875073194503784,True,29.02536,-18.744692
924,C:\Users\DELL Precision 5550\Documents\GitHub\Terrasight-Eurosat-RGB-vs-Multispectral\data\raw\multispectral\HerbaceousVegetation\HerbaceousVegetation_733.tif,2,HerbaceousVegetation,2,HerbaceousVegetation,0.9989327788352966,True,-2.4477334,8.041418
925,C:\Users\DELL Precision 5550\Documents\GitHub\Terrasight-Eurosat-RGB-vs-Multispectral\data\raw\multispectral\River\River_6.tif,8,River,8,River,0.9999762773513794,True,-47.14767,29.732565
926,C:\Users\DELL Precision 5550\Documents\GitHub\Terrasight-Eurosat-RGB-vs-Multispectral\data\raw\multispectral\Industrial\Industrial_187.tif,4,Industrial,4,Industrial,0.9997518658638,True,38.643547,-27.589737
927,C:\Users\DELL Precision 5550\Documents\GitHub\Terrasight-Eurosat-RGB-vs-Multispectral\data\raw\multispectral\SeaLake\SeaLake_817.tif,9,SeaLake,9,SeaLake,0.999932050704956,True,-10.371715,51.905403
928,C:\Users\DELL Precision 5550\Documents\GitHub\Terrasight-Eurosat-RGB-vs-Multispectral\data\raw\multispectral\Pasture\Pasture_1898.tif,5,Pasture,5,Pasture,0.9987381100654602,True,-42.579777,-6.1841536
929,C:\Users\DELL Precision 5550\Documents\GitHub\Terrasight-Eurosat-RGB-vs-Multispectral\data\raw\multispectral\Highway\Highway_1641.tif,3,Highway,3,Highway,0.9838773608207703,True,18.373152,-48.94639
930,C:\Users\DELL Precision 5550\Documents\GitHub\Terrasight-Eurosat-RGB-vs-Multispectral\data\raw\multispectral\SeaLake\SeaLake_1953.tif,9,SeaLake,9,SeaLake,0.9999978542327881,True,-1.9901555,66.10879
931,C:\Users\DELL Precision 5550\Documents\GitHub\Terrasight-Eurosat-RGB-vs-Multispectral\data\raw\multispectral\Industrial\Industrial_1051.tif,4,Industrial,4,Industrial,0.989397406578064,True,38.425007,-17.027845
932,C:\Users\DELL Precision 5550\Documents\GitHub\Terrasight-Eurosat-RGB-vs-Multispectral\data\raw\multispectral\Highway\Highway_1708.tif,3,Highway,3,Highway,0.9768896698951721,True,17.875202,-44.811134
933,C:\Users\DELL Precision 5550\Documents\GitHub\Terrasight-Eurosat-RGB-vs-Multispectral\data\raw\multispectral\PermanentCrop\PermanentCrop_838.tif,6,PermanentCrop,6,PermanentCrop,0.9987356066703796,True,-6.086118,-32.967655
934,C:\Users\DELL Precision 5550\Documents\GitHub\Terrasight-Eurosat-RGB-vs-Multispectral\data\raw\multispectral\PermanentCrop\PermanentCrop_1140.tif,6,PermanentCrop,6,PermanentCrop,0.9992771744728088,True,-5.682061,-33.305187
935,C:\Users\DELL Precision 5550\Documents\GitHub\Terrasight-Eurosat-RGB-vs-Multispectral\data\raw\multispectral\PermanentCrop\PermanentCrop_2326.tif,6,PermanentCrop,6,PermanentCrop,0.951698362827301,True,-0.5960754,-13.794391
936,C:\Users\DELL Precision 5550\Documents\GitHub\Terrasight-Eurosat-RGB-vs-Multispectral\data\raw\multispectral\AnnualCrop\AnnualCrop_2374.tif,0,AnnualCrop,0,AnnualCrop,0.9981356859207153,True,-24.76374,-37.499405
937,C:\Users\DELL Precision 5550\Documents\GitHub\Terrasight-Eurosat-RGB-vs-Multispectral\data\raw\multispectral\Residential\Residential_575.tif,7,Residential,7,Residential,0.9989720582962036,True,38.40567,1.607232
938,C:\Users\DELL Precision 5550\Documents\GitHub\Terrasight-Eurosat-RGB-vs-Multispectral\data\raw\multispectral\Highway\Highway_113.tif,3,Highway,3,Highway,0.9695712327957153,True,10.02907,-45.950436
939,C:\Users\DELL Precision 5550\Documents\GitHub\Terrasight-Eurosat-RGB-vs-Multispectral\data\raw\multispectral\HerbaceousVegetation\HerbaceousVegetation_550.tif,2,HerbaceousVegetation,2,HerbaceousVegetation,0.9778709411621094,True,-9.405666,-2.0296278
940,C:\Users\DELL Precision 5550\Documents\GitHub\Terrasight-Eurosat-RGB-vs-Multispectral\data\raw\multispectral\SeaLake\SeaLake_2530.tif,9,SeaLake,9,SeaLake,0.9737617373466492,True,-7.693001,47.475338
941,C:\Users\DELL Precision 5550\Documents\GitHub\Terrasight-Eurosat-RGB-vs-Multispectral\data\raw\multispectral\AnnualCrop\AnnualCrop_1494.tif,0,AnnualCrop,0,AnnualCrop,0.9852073192596436,True,-27.81404,-28.967564
942,C:\Users\DELL Precision 5550\Documents\GitHub\Terrasight-Eurosat-RGB-vs-Multispectral\data\raw\multispectral\SeaLake\SeaLake_2100.tif,9,SeaLake,9,SeaLake,0.991025447845459,True,-12.301136,40.110207
943,C:\Users\DELL Precision 5550\Documents\GitHub\Terrasight-Eurosat-RGB-vs-Multispectral\data\raw\multispectral\Industrial\Industrial_709.tif,4,Industrial,4,Industrial,0.9999785423278809,True,43.239265,-27.91422
944,C:\Users\DELL Precision 5550\Documents\GitHub\Terrasight-Eurosat-RGB-vs-Multispectral\data\raw\multispectral\Forest\Forest_2376.tif,1,Forest,1,Forest,0.9999411106109619,True,24.433708,40.12427
945,C:\Users\DELL Precision 5550\Documents\GitHub\Terrasight-Eurosat-RGB-vs-Multispectral\data\raw\multispectral\Forest\Forest_1017.tif,1,Forest,1,Forest,0.9938338994979858,True,24.555956,25.023985
946,C:\Users\DELL Precision 5550\Documents\GitHub\Terrasight-Eurosat-RGB-vs-Multispectral\data\raw\multispectral\Residential\Residential_1806.tif,7,Residential,7,Residential,0.9919020533561707,True,35.734856,2.0813324
947,C:\Users\DELL Precision 5550\Documents\GitHub\Terrasight-Eurosat-RGB-vs-Multispectral\data\raw\multispectral\HerbaceousVegetation\HerbaceousVegetation_935.tif,2,HerbaceousVegetation,2,HerbaceousVegetation,0.9859111309051514,True,-7.6421843,3.11295
948,C:\Users\DELL Precision 5550\Documents\GitHub\Terrasight-Eurosat-RGB-vs-Multispectral\data\raw\multispectral\Highway\Highway_431.tif,3,Highway,3,Highway,0.9970999956130981,True,7.9860864,-53.226986
949,C:\Users\DELL Precision 5550\Documents\GitHub\Terrasight-Eurosat-RGB-vs-Multispectral\data\raw\multispectral\Residential\Residential_311.tif,7,Residential,7,Residential,0.9999936819076538,True,56.956387,10.426767
950,C:\Users\DELL Precision 5550\Documents\GitHub\Terrasight-Eurosat-RGB-vs-Multispectral\data\raw\multispectral\Residential\Residential_921.tif,7,Residential,7,Residential,0.9999994039535522,True,52.22999,7.4718356
951,C:\Users\DELL Precision 5550\Documents\GitHub\Terrasight-Eurosat-RGB-vs-Multispectral\data\raw\multispectral\PermanentCrop\PermanentCrop_1231.tif,6,PermanentCrop,6,PermanentCrop,0.9998601675033569,True,-5.2376842,-32.41169
952,C:\Users\DELL Precision 5550\Documents\GitHub\Terrasight-Eurosat-RGB-vs-Multispectral\data\raw\multispectral\Highway\Highway_1735.tif,3,Highway,3,Highway,0.9948175549507141,True,11.740935,-52.172024
953,C:\Users\DELL Precision 5550\Documents\GitHub\Terrasight-Eurosat-RGB-vs-Multispectral\data\raw\multispectral\Industrial\Industrial_2219.tif,4,Industrial,4,Industrial,0.9702228903770447,True,30.257235,-25.152842
954,C:\Users\DELL Precision 5550\Documents\GitHub\Terrasight-Eurosat-RGB-vs-Multispectral\data\raw\multispectral\Forest\Forest_2752.tif,1,Forest,1,Forest,0.9961212277412415,True,8.702281,23.832579
955,C:\Users\DELL Precision 5550\Documents\GitHub\Terrasight-Eurosat-RGB-vs-Multispectral\data\raw\multispectral\HerbaceousVegetation\HerbaceousVegetation_561.tif,2,HerbaceousVegetation,2,HerbaceousVegetation,0.998695433139801,True,-1.6308377,1.8889139
956,C:\Users\DELL Precision 5550\Documents\GitHub\Terrasight-Eurosat-RGB-vs-Multispectral\data\raw\multispectral\HerbaceousVegetation\HerbaceousVegetation_1127.tif,2,HerbaceousVegetation,2,HerbaceousVegetation,0.9981448650360107,True,0.39743587,3.1224842
957,C:\Users\DELL Precision 5550\Documents\GitHub\Terrasight-Eurosat-RGB-vs-Multispectral\data\raw\multispectral\SeaLake\SeaLake_591.tif,9,SeaLake,9,SeaLake,0.9999033212661743,True,-12.769065,54.467342
958,C:\Users\DELL Precision 5550\Documents\GitHub\Terrasight-Eurosat-RGB-vs-Multispectral\data\raw\multispectral\Highway\Highway_2499.tif,3,Highway,0,AnnualCrop,0.9468417763710022,False,-36.36019,-27.688463
959,C:\Users\DELL Precision 5550\Documents\GitHub\Terrasight-Eurosat-RGB-vs-Multispectral\data\raw\multispectral\River\River_1762.tif,8,River,8,River,0.9999676942825317,True,-48.11681,25.642132
960,C:\Users\DELL Precision 5550\Documents\GitHub\Terrasight-Eurosat-RGB-vs-Multispectral\data\raw\multispectral\AnnualCrop\AnnualCrop_1859.tif,0,AnnualCrop,2,HerbaceousVegetation,0.610415518283844,False,-26.079576,-21.978716
961,C:\Users\DELL Precision 5550\Documents\GitHub\Terrasight-Eurosat-RGB-vs-Multispectral\data\raw\multispectral\Residential\Residential_2479.tif,7,Residential,7,Residential,0.9989457726478577,True,46.003376,1.0949341
962,C:\Users\DELL Precision 5550\Documents\GitHub\Terrasight-Eurosat-RGB-vs-Multispectral\data\raw\multispectral\Industrial\Industrial_1228.tif,4,Industrial,4,Industrial,0.9971259236335754,True,46.16697,-17.830841
963,C:\Users\DELL Precision 5550\Documents\GitHub\Terrasight-Eurosat-RGB-vs-Multispectral\data\raw\multispectral\AnnualCrop\AnnualCrop_1732.tif,0,AnnualCrop,0,AnnualCrop,0.9988555908203125,True,-27.345972,-41.16536
964,C:\Users\DELL Precision 5550\Documents\GitHub\Terrasight-Eurosat-RGB-vs-Multispectral\data\raw\multispectral\PermanentCrop\PermanentCrop_702.tif,6,PermanentCrop,2,HerbaceousVegetation,0.4793446958065033,False,6.2008224,-10.198259
965,C:\Users\DELL Precision 5550\Documents\GitHub\Terrasight-Eurosat-RGB-vs-Multispectral\data\raw\multispectral\HerbaceousVegetation\HerbaceousVegetation_547.tif,2,HerbaceousVegetation,2,HerbaceousVegetation,0.9993158578872681,True,-6.3161225,10.423434
966,C:\Users\DELL Precision 5550\Documents\GitHub\Terrasight-Eurosat-RGB-vs-Multispectral\data\raw\multispectral\PermanentCrop\PermanentCrop_287.tif,6,PermanentCrop,6,PermanentCrop,0.9959825277328491,True,1.6729127,-27.128819
967,C:\Users\DELL Precision 5550\Documents\GitHub\Terrasight-Eurosat-RGB-vs-Multispectral\data\raw\multispectral\Highway\Highway_2149.tif,3,Highway,3,Highway,0.994425892829895,True,19.37592,-50.199898
968,C:\Users\DELL Precision 5550\Documents\GitHub\Terrasight-Eurosat-RGB-vs-Multispectral\data\raw\multispectral\HerbaceousVegetation\HerbaceousVegetation_642.tif,2,HerbaceousVegetation,2,HerbaceousVegetation,0.9908925294876099,True,-5.9467287,4.5487895
969,C:\Users\DELL Precision 5550\Documents\GitHub\Terrasight-Eurosat-RGB-vs-Multispectral\data\raw\multispectral\AnnualCrop\AnnualCrop_2293.tif,0,AnnualCrop,0,AnnualCrop,0.9993953704833984,True,-37.002293,-34.109863
970,C:\Users\DELL Precision 5550\Documents\GitHub\Terrasight-Eurosat-RGB-vs-Multispectral\data\raw\multispectral\Industrial\Industrial_702.tif,4,Industrial,4,Industrial,0.8418364524841309,True,30.278215,-24.951088
971,C:\Users\DELL Precision 5550\Documents\GitHub\Terrasight-Eurosat-RGB-vs-Multispectral\data\raw\multispectral\PermanentCrop\PermanentCrop_1589.tif,6,PermanentCrop,6,PermanentCrop,0.987694501876831,True,-7.9060626,-32.882565
972,C:\Users\DELL Precision 5550\Documents\GitHub\Terrasight-Eurosat-RGB-vs-Multispectral\data\raw\multispectral\Industrial\Industrial_2193.tif,4,Industrial,4,Industrial,0.9925193786621094,True,31.478952,-20.075468
973,C:\Users\DELL Precision 5550\Documents\GitHub\Terrasight-Eurosat-RGB-vs-Multispectral\data\raw\multispectral\Forest\Forest_2754.tif,1,Forest,1,Forest,0.998415470123291,True,16.316648,26.43757
974,C:\Users\DELL Precision 5550\Documents\GitHub\Terrasight-Eurosat-RGB-vs-Multispectral\data\raw\multispectral\PermanentCrop\PermanentCrop_986.tif,6,PermanentCrop,6,PermanentCrop,0.999969482421875,True,-1.6464287,-29.615007
975,C:\Users\DELL Precision 5550\Documents\GitHub\Terrasight-Eurosat-RGB-vs-Multispectral\data\raw\multispectral\PermanentCrop\PermanentCrop_1478.tif,6,PermanentCrop,6,PermanentCrop,0.9967953562736511,True,-6.857791,-29.219929
976,C:\Users\DELL Precision 5550\Documents\GitHub\Terrasight-Eurosat-RGB-vs-Multispectral\data\raw\multispectral\Residential\Residential_2462.tif,7,Residential,7,Residential,0.9996389150619507,True,39.6379,-0.5452223
977,C:\Users\DELL Precision 5550\Documents\GitHub\Terrasight-Eurosat-RGB-vs-Multispectral\data\raw\multispectral\Pasture\Pasture_614.tif,5,Pasture,5,Pasture,0.9984972476959229,True,-35.705532,-5.4407086
978,C:\Users\DELL Precision 5550\Documents\GitHub\Terrasight-Eurosat-RGB-vs-Multispectral\data\raw\multispectral\Forest\Forest_2180.tif,1,Forest,1,Forest,0.9976800084114075,True,19.238827,24.450129
979,C:\Users\DELL Precision 5550\Documents\GitHub\Terrasight-Eurosat-RGB-vs-Multispectral\data\raw\multispectral\SeaLake\SeaLake_2990.tif,9,SeaLake,9,SeaLake,0.9999527931213379,True,-11.237083,58.574223
980,C:\Users\DELL Precision 5550\Documents\GitHub\Terrasight-Eurosat-RGB-vs-Multispectral\data\raw\multispectral\Highway\Highway_1476.tif,3,Highway,3,Highway,0.9989000558853149,True,13.3871765,-52.682064
981,C:\Users\DELL Precision 5550\Documents\GitHub\Terrasight-Eurosat-RGB-vs-Multispectral\data\raw\multispectral\Industrial\Industrial_1425.tif,4,Industrial,4,Industrial,0.9990523457527161,True,40.950806,-29.250996
982,C:\Users\DELL Precision 5550\Documents\GitHub\Terrasight-Eurosat-RGB-vs-Multispectral\data\raw\multispectral\Pasture\Pasture_1320.tif,5,Pasture,2,HerbaceousVegetation,0.8781972527503967,False,-8.098069,-4.775837
983,C:\Users\DELL Precision 5550\Documents\GitHub\Terrasight-Eurosat-RGB-vs-Multispectral\data\raw\multispectral\PermanentCrop\PermanentCrop_1272.tif,6,PermanentCrop,6,PermanentCrop,0.9508379697799683,True,-0.79760015,-16.88875
984,C:\Users\DELL Precision 5550\Documents\GitHub\Terrasight-Eurosat-RGB-vs-Multispectral\data\raw\multispectral\Residential\Residential_2118.tif,7,Residential,7,Residential,0.9998984336853027,True,39.05209,8.1075115
985,C:\Users\DELL Precision 5550\Documents\GitHub\Terrasight-Eurosat-RGB-vs-Multispectral\data\raw\multispectral\SeaLake\SeaLake_2873.tif,9,SeaLake,9,SeaLake,0.9999394416809082,True,-10.538478,52.170963
986,C:\Users\DELL Precision 5550\Documents\GitHub\Terrasight-Eurosat-RGB-vs-Multispectral\data\raw\multispectral\AnnualCrop\AnnualCrop_2633.tif,0,AnnualCrop,0,AnnualCrop,0.9995465874671936,True,-34.384377,-36.94839
987,C:\Users\DELL Precision 5550\Documents\GitHub\Terrasight-Eurosat-RGB-vs-Multispectral\data\raw\multispectral\PermanentCrop\PermanentCrop_2123.tif,6,PermanentCrop,6,PermanentCrop,0.8979645371437073,True,3.1034102,-14.94494
988,C:\Users\DELL Precision 5550\Documents\GitHub\Terrasight-Eurosat-RGB-vs-Multispectral\data\raw\multispectral\AnnualCrop\AnnualCrop_2971.tif,0,AnnualCrop,0,AnnualCrop,0.9990314245223999,True,-38.866364,-31.536385
989,C:\Users\DELL Precision 5550\Documents\GitHub\Terrasight-Eurosat-RGB-vs-Multispectral\data\raw\multispectral\Industrial\Industrial_1830.tif,4,Industrial,6,PermanentCrop,0.9622288346290588,False,4.1350145,-19.41151
990,C:\Users\DELL Precision 5550\Documents\GitHub\Terrasight-Eurosat-RGB-vs-Multispectral\data\raw\multispectral\Residential\Residential_764.tif,7,Residential,7,Residential,0.9950946569442749,True,34.70606,1.702923
991,C:\Users\DELL Precision 5550\Documents\GitHub\Terrasight-Eurosat-RGB-vs-Multispectral\data\raw\multispectral\Forest\Forest_315.tif,1,Forest,1,Forest,0.9985331296920776,True,20.767853,32.000534
992,C:\Users\DELL Precision 5550\Documents\GitHub\Terrasight-Eurosat-RGB-vs-Multispectral\data\raw\multispectral\Forest\Forest_941.tif,1,Forest,1,Forest,0.9999052286148071,True,25.853212,36.210964
993,C:\Users\DELL Precision 5550\Documents\GitHub\Terrasight-Eurosat-RGB-vs-Multispectral\data\raw\multispectral\Residential\Residential_2558.tif,7,Residential,7,Residential,0.99931800365448,True,40.135532,-2.3559074
994,C:\Users\DELL Precision 5550\Documents\GitHub\Terrasight-Eurosat-RGB-vs-Multispectral\data\raw\multispectral\Pasture\Pasture_460.tif,5,Pasture,5,Pasture,0.6949524283409119,True,-30.073122,-10.6728525
995,C:\Users\DELL Precision 5550\Documents\GitHub\Terrasight-Eurosat-RGB-vs-Multispectral\data\raw\multispectral\Forest\Forest_1159.tif,1,Forest,1,Forest,0.9982074499130249,True,25.662495,28.483805
996,C:\Users\DELL Precision 5550\Documents\GitHub\Terrasight-Eurosat-RGB-vs-Multispectral\data\raw\multispectral\Residential\Residential_725.tif,7,Residential,7,Residential,0.9997279047966003,True,40.918053,2.587217
997,C:\Users\DELL Precision 5550\Documents\GitHub\Terrasight-Eurosat-RGB-vs-Multispectral\data\raw\multispectral\Highway\Highway_1218.tif,3,Highway,3,Highway,0.9188744425773621,True,13.424673,-44.564186
998,C:\Users\DELL Precision 5550\Documents\GitHub\Terrasight-Eurosat-RGB-vs-Multispectral\data\raw\multispectral\AnnualCrop\AnnualCrop_568.tif,0,AnnualCrop,0,AnnualCrop,0.9939128756523132,True,-34.957275,-27.389643
999,C:\Users\DELL Precision 5550\Documents\GitHub\Terrasight-Eurosat-RGB-vs-Multispectral\data\raw\multispectral\Forest\Forest_2465.tif,1,Forest,1,Forest,0.9982470273971558,True,22.909807,27.989697
1000,C:\Users\DELL Precision 5550\Documents\GitHub\Terrasight-Eurosat-RGB-vs-Multispectral\data\raw\multispectral\Residential\Residential_1773.tif,7,Residential,7,Residential,0.9955264925956726,True,46.109383,1.1605923
1001,C:\Users\DELL Precision 5550\Documents\GitHub\Terrasight-Eurosat-RGB-vs-Multispectral\data\raw\multispectral\SeaLake\SeaLake_2946.tif,9,SeaLake,9,SeaLake,0.9999995231628418,True,-0.21484953,68.65685
1002,C:\Users\DELL Precision 5550\Documents\GitHub\Terrasight-Eurosat-RGB-vs-Multispectral\data\raw\multispectral\Highway\Highway_156.tif,3,Highway,3,Highway,0.9957857728004456,True,10.2251215,-47.84366
1003,C:\Users\DELL Precision 5550\Documents\GitHub\Terrasight-Eurosat-RGB-vs-Multispectral\data\raw\multispectral\PermanentCrop\PermanentCrop_2007.tif,6,PermanentCrop,6,PermanentCrop,0.7206830978393555,True,3.2131991,-11.292963
1004,C:\Users\DELL Precision 5550\Documents\GitHub\Terrasight-Eurosat-RGB-vs-Multispectral\data\raw\multispectral\Highway\Highway_281.tif,3,Highway,0,AnnualCrop,0.8605159521102905,False,-37.09176,-27.46448
1005,C:\Users\DELL Precision 5550\Documents\GitHub\Terrasight-Eurosat-RGB-vs-Multispectral\data\raw\multispectral\Highway\Highway_1163.tif,3,Highway,3,Highway,0.9839357137680054,True,8.7493305,-58.212536
1006,C:\Users\DELL Precision 5550\Documents\GitHub\Terrasight-Eurosat-RGB-vs-Multispectral\data\raw\multispectral\AnnualCrop\AnnualCrop_600.tif,0,AnnualCrop,0,AnnualCrop,0.9982818365097046,True,-25.544361,-33.831844
1007,C:\Users\DELL Precision 5550\Documents\GitHub\Terrasight-Eurosat-RGB-vs-Multispectral\data\raw\multispectral\HerbaceousVegetation\HerbaceousVegetation_919.tif,2,HerbaceousVegetation,2,HerbaceousVegetation,0.6556273102760315,True,11.556249,14.7546
1008,C:\Users\DELL Precision 5550\Documents\GitHub\Terrasight-Eurosat-RGB-vs-Multispectral\data\raw\multispectral\Highway\Highway_536.tif,3,Highway,3,Highway,0.9913696050643921,True,18.872852,-45.585854
1009,C:\Users\DELL Precision 5550\Documents\GitHub\Terrasight-Eurosat-RGB-vs-Multispectral\data\raw\multispectral\HerbaceousVegetation\HerbaceousVegetation_931.tif,2,HerbaceousVegetation,2,HerbaceousVegetation,0.9995180368423462,True,-2.6684105,7.656347
1010,C:\Users\DELL Precision 5550\Documents\GitHub\Terrasight-Eurosat-RGB-vs-Multispectral\data\raw\multispectral\AnnualCrop\AnnualCrop_1686.tif,0,AnnualCrop,0,AnnualCrop,0.9884797930717468,True,-24.866379,-41.085594
1011,C:\Users\DELL Precision 5550\Documents\GitHub\Terrasight-Eurosat-RGB-vs-Multispectral\data\raw\multispectral\HerbaceousVegetation\HerbaceousVegetation_1981.tif,2,HerbaceousVegetation,2,HerbaceousVegetation,0.9999765157699585,True,-4.4716115,12.22871
1012,C:\Users\DELL Precision 5550\Documents\GitHub\Terrasight-Eurosat-RGB-vs-Multispectral\data\raw\multispectral\Industrial\Industrial_973.tif,4,Industrial,4,Industrial,0.9918901920318604,True,41.581135,-18.466127
1013,C:\Users\DELL Precision 5550\Documents\GitHub\Terrasight-Eurosat-RGB-vs-Multispectral\data\raw\multispectral\Pasture\Pasture_1865.tif,5,Pasture,5,Pasture,0.9205806255340576,True,-28.733366,-5.5284524
1014,C:\Users\DELL Precision 5550\Documents\GitHub\Terrasight-Eurosat-RGB-vs-Multispectral\data\raw\multispectral\Highway\Highway_652.tif,3,Highway,3,Highway,0.9985331296920776,True,17.168854,-50.98707
1015,C:\Users\DELL Precision 5550\Documents\GitHub\Terrasight-Eurosat-RGB-vs-Multispectral\data\raw\multispectral\Residential\Residential_49.tif,7,Residential,7,Residential,0.9995817542076111,True,48.405563,2.9213006
1016,C:\Users\DELL Precision 5550\Documents\GitHub\Terrasight-Eurosat-RGB-vs-Multispectral\data\raw\multispectral\AnnualCrop\AnnualCrop_2510.tif,0,AnnualCrop,0,AnnualCrop,0.9852317571640015,True,-27.780851,-27.556835
1017,C:\Users\DELL Precision 5550\Documents\GitHub\Terrasight-Eurosat-RGB-vs-Multispectral\data\raw\multispectral\AnnualCrop\AnnualCrop_1361.tif,0,AnnualCrop,0,AnnualCrop,0.9498254060745239,True,-22.704285,-29.016527
1018,C:\Users\DELL Precision 5550\Documents\GitHub\Terrasight-Eurosat-RGB-vs-Multispectral\data\raw\multispectral\Residential\Residential_2909.tif,7,Residential,7,Residential,0.9999966621398926,True,50.315052,8.950967
1019,C:\Users\DELL Precision 5550\Documents\GitHub\Terrasight-Eurosat-RGB-vs-Multispectral\data\raw\multispectral\AnnualCrop\AnnualCrop_1445.tif,0,AnnualCrop,0,AnnualCrop,0.5771594047546387,True,-33.29046,-16.792505
1020,C:\Users\DELL Precision 5550\Documents\GitHub\Terrasight-Eurosat-RGB-vs-Multispectral\data\raw\multispectral\HerbaceousVegetation\HerbaceousVegetation_1415.tif,2,HerbaceousVegetation,2,HerbaceousVegetation,0.9940608143806458,True,-5.496249,2.3163848
1021,C:\Users\DELL Precision 5550\Documents\GitHub\Terrasight-Eurosat-RGB-vs-Multispectral\data\raw\multispectral\HerbaceousVegetation\HerbaceousVegetation_2942.tif,2,HerbaceousVegetation,2,HerbaceousVegetation,0.9987390637397766,True,-0.34544802,5.530848
1022,C:\Users\DELL Precision 5550\Documents\GitHub\Terrasight-Eurosat-RGB-vs-Multispectral\data\raw\multispectral\Forest\Forest_2882.tif,1,Forest,1,Forest,0.9993640780448914,True,21.783901,34.745598
1023,C:\Users\DELL Precision 5550\Documents\GitHub\Terrasight-Eurosat-RGB-vs-Multispectral\data\raw\multispectral\River\River_1870.tif,8,River,8,River,0.9993429780006409,True,-37.412254,23.603062
1024,C:\Users\DELL Precision 5550\Documents\GitHub\Terrasight-Eurosat-RGB-vs-Multispectral\data\raw\multispectral\Pasture\Pasture_1057.tif,5,Pasture,5,Pasture,0.8243772983551025,True,-31.271402,-7.067997
1025,C:\Users\DELL Precision 5550\Documents\GitHub\Terrasight-Eurosat-RGB-vs-Multispectral\data\raw\multispectral\PermanentCrop\PermanentCrop_1442.tif,6,PermanentCrop,6,PermanentCrop,0.9999327659606934,True,-4.393857,-34.00103
1026,C:\Users\DELL Precision 5550\Documents\GitHub\Terrasight-Eurosat-RGB-vs-Multispectral\data\raw\multispectral\Highway\Highway_1543.tif,3,Highway,3,Highway,0.9964871406555176,True,17.460068,-49.34364
1027,C:\Users\DELL Precision 5550\Documents\GitHub\Terrasight-Eurosat-RGB-vs-Multispectral\data\raw\multispectral\Residential\Residential_215.tif,7,Residential,7,Residential,0.9999998807907104,True,49.529137,13.216928
1028,C:\Users\DELL Precision 5550\Documents\GitHub\Terrasight-Eurosat-RGB-vs-Multispectral\data\raw\multispectral\Highway\Highway_637.tif,3,Highway,3,Highway,0.9976140260696411,True,20.831959,-49.150394
1029,C:\Users\DELL Precision 5550\Documents\GitHub\Terrasight-Eurosat-RGB-vs-Multispectral\data\raw\multispectral\HerbaceousVegetation\HerbaceousVegetation_2479.tif,2,HerbaceousVegetation,2,HerbaceousVegetation,0.9432677030563354,True,8.180185,-2.532229
1030,C:\Users\DELL Precision 5550\Documents\GitHub\Terrasight-Eurosat-RGB-vs-Multispectral\data\raw\multispectral\Residential\Residential_997.tif,7,Residential,7,Residential,0.9999916553497314,True,54.6109,10.919538
1031,C:\Users\DELL Precision 5550\Documents\GitHub\Terrasight-Eurosat-RGB-vs-Multispectral\data\raw\multispectral\PermanentCrop\PermanentCrop_847.tif,6,PermanentCrop,6,PermanentCrop,0.9998182654380798,True,-5.4404273,-30.537361
1032,C:\Users\DELL Precision 5550\Documents\GitHub\Terrasight-Eurosat-RGB-vs-Multispectral\data\raw\multispectral\HerbaceousVegetation\HerbaceousVegetation_1774.tif,2,HerbaceousVegetation,2,HerbaceousVegetation,0.47362199425697327,True,8.280103,16.8385
1033,C:\Users\DELL Precision 5550\Documents\GitHub\Terrasight-Eurosat-RGB-vs-Multispectral\data\raw\multispectral\Forest\Forest_2258.tif,1,Forest,1,Forest,0.9857681393623352,True,11.035924,30.43573
1034,C:\Users\DELL Precision 5550\Documents\GitHub\Terrasight-Eurosat-RGB-vs-Multispectral\data\raw\multispectral\Pasture\Pasture_587.tif,5,Pasture,5,Pasture,0.9997746348381042,True,-40.879555,-3.0892818
1035,C:\Users\DELL Precision 5550\Documents\GitHub\Terrasight-Eurosat-RGB-vs-Multispectral\data\raw\multispectral\Residential\Residential_1980.tif,7,Residential,7,Residential,0.9999961853027344,True,55.513374,11.566507
1036,C:\Users\DELL Precision 5550\Documents\GitHub\Terrasight-Eurosat-RGB-vs-Multispectral\data\raw\multispectral\PermanentCrop\PermanentCrop_88.tif,6,PermanentCrop,0,AnnualCrop,0.828003466129303,False,-21.265326,-37.813114
1037,C:\Users\DELL Precision 5550\Documents\GitHub\Terrasight-Eurosat-RGB-vs-Multispectral\data\raw\multispectral\SeaLake\SeaLake_2411.tif,9,SeaLake,9,SeaLake,0.9999819993972778,True,-7.479704,52.736862
1038,C:\Users\DELL Precision 5550\Documents\GitHub\Terrasight-Eurosat-RGB-vs-Multispectral\data\raw\multispectral\Forest\Forest_2395.tif,1,Forest,1,Forest,0.9996951818466187,True,17.342728,36.712162
1039,C:\Users\DELL Precision 5550\Documents\GitHub\Terrasight-Eurosat-RGB-vs-Multispectral\data\raw\multispectral\Residential\Residential_1086.tif,7,Residential,7,Residential,0.9999591112136841,True,44.42384,3.931302
1040,C:\Users\DELL Precision 5550\Documents\GitHub\Terrasight-Eurosat-RGB-vs-Multispectral\data\raw\multispectral\River\River_1515.tif,8,River,8,River,0.9992828965187073,True,-49.22347,20.04459
1041,C:\Users\DELL Precision 5550\Documents\GitHub\Terrasight-Eurosat-RGB-vs-Multispectral\data\raw\multispectral\Residential\Residential_1714.tif,7,Residential,7,Residential,0.999977707862854,True,47.535343,8.51873
1042,C:\Users\DELL Precision 5550\Documents\GitHub\Terrasight-Eurosat-RGB-vs-Multispectral\data\raw\multispectral\SeaLake\SeaLake_2576.tif,9,SeaLake,9,SeaLake,0.999900221824646,True,-14.830935,51.574207
1043,C:\Users\DELL Precision 5550\Documents\GitHub\Terrasight-Eurosat-RGB-vs-Multispectral\data\raw\multispectral\Residential\Residential_2209.tif,7,Residential,7,Residential,0.9999904632568359,True,54.622536,8.8582535
1044,C:\Users\DELL Precision 5550\Documents\GitHub\Terrasight-Eurosat-RGB-vs-Multispectral\data\raw\multispectral\AnnualCrop\AnnualCrop_2862.tif,0,AnnualCrop,0,AnnualCrop,0.999232292175293,True,-29.6394,-41.595284
1045,C:\Users\DELL Precision 5550\Documents\GitHub\Terrasight-Eurosat-RGB-vs-Multispectral\data\raw\multispectral\PermanentCrop\PermanentCrop_1593.tif,6,PermanentCrop,6,PermanentCrop,0.977809488773346,True,5.1820483,-15.204158
1046,C:\Users\DELL Precision 5550\Documents\GitHub\Terrasight-Eurosat-RGB-vs-Multispectral\data\raw\multispectral\Highway\Highway_2163.tif,3,Highway,3,Highway,0.9981182813644409,True,16.787722,-49.697598
1047,C:\Users\DELL Precision 5550\Documents\GitHub\Terrasight-Eurosat-RGB-vs-Multispectral\data\raw\multispectral\River\River_1535.tif,8,River,8,River,0.8275108933448792,True,-36.557663,30.784472
1048,C:\Users\DELL Precision 5550\Documents\GitHub\Terrasight-Eurosat-RGB-vs-Multispectral\data\raw\multispectral\Industrial\Industrial_1212.tif,4,Industrial,4,Industrial,0.9745838642120361,True,31.705067,-24.498116
1049,C:\Users\DELL Precision 5550\Documents\GitHub\Terrasight-Eurosat-RGB-vs-Multispectral\data\raw\multispectral\Residential\Residential_897.tif,7,Residential,7,Residential,1.0,True,53.805984,16.047972
1050,C:\Users\DELL Precision 5550\Documents\GitHub\Terrasight-Eurosat-RGB-vs-Multispectral\data\raw\multispectral\Residential\Residential_1691.tif,7,Residential,7,Residential,0.9999932050704956,True,40.625626,9.797754
1051,C:\Users\DELL Precision 5550\Documents\GitHub\Terrasight-Eurosat-RGB-vs-Multispectral\data\raw\multispectral\AnnualCrop\AnnualCrop_760.tif,0,AnnualCrop,8,River,0.484136164188385,False,-38.23986,-24.009775
1052,C:\Users\DELL Precision 5550\Documents\GitHub\Terrasight-Eurosat-RGB-vs-Multispectral\data\raw\multispectral\Residential\Residential_1595.tif,7,Residential,7,Residential,0.9998193383216858,True,53.505882,3.1574652
1053,C:\Users\DELL Precision 5550\Documents\GitHub\Terrasight-Eurosat-RGB-vs-Multispectral\data\raw\multispectral\Industrial\Industrial_2232.tif,4,Industrial,4,Industrial,0.9998579025268555,True,39.39764,-27.568241
1054,C:\Users\DELL Precision 5550\Documents\GitHub\Terrasight-Eurosat-RGB-vs-Multispectral\data\raw\multispectral\River\River_1354.tif,8,River,8,River,0.9993757605552673,True,-40.527615,26.6662
1055,C:\Users\DELL Precision 5550\Documents\GitHub\Terrasight-Eurosat-RGB-vs-Multispectral\data\raw\multispectral\PermanentCrop\PermanentCrop_1143.tif,6,PermanentCrop,6,PermanentCrop,0.9865461587905884,True,-7.2422204,-23.525133
1056,C:\Users\DELL Precision 5550\Documents\GitHub\Terrasight-Eurosat-RGB-vs-Multispectral\data\raw\multispectral\HerbaceousVegetation\HerbaceousVegetation_334.tif,2,HerbaceousVegetation,2,HerbaceousVegetation,0.9899529814720154,True,7.096443,0.59716475
1057,C:\Users\DELL Precision 5550\Documents\GitHub\Terrasight-Eurosat-RGB-vs-Multispectral\data\raw\multispectral\PermanentCrop\PermanentCrop_152.tif,6,PermanentCrop,6,PermanentCrop,0.9830152988433838,True,-7.821657,-24.912636
1058,C:\Users\DELL Precision 5550\Documents\GitHub\Terrasight-Eurosat-RGB-vs-Multispectral\data\raw\multispectral\PermanentCrop\PermanentCrop_40.tif,6,PermanentCrop,6,PermanentCrop,0.48235806822776794,True,-2.3904686,-11.773783
1059,C:\Users\DELL Precision 5550\Documents\GitHub\Terrasight-Eurosat-RGB-vs-Multispectral\data\raw\multispectral\Forest\Forest_1898.tif,1,Forest,1,Forest,0.9679879546165466,True,11.032474,29.18358
1060,C:\Users\DELL Precision 5550\Documents\GitHub\Terrasight-Eurosat-RGB-vs-Multispectral\data\raw\multispectral\Residential\Residential_1795.tif,7,Residential,7,Residential,0.9999520778656006,True,40.360962,7.76304
1061,C:\Users\DELL Precision 5550\Documents\GitHub\Terrasight-Eurosat-RGB-vs-Multispectral\data\raw\multispectral\AnnualCrop\AnnualCrop_2392.tif,0,AnnualCrop,0,AnnualCrop,0.8898036479949951,True,-22.727861,-25.79002
1062,C:\Users\DELL Precision 5550\Documents\GitHub\Terrasight-Eurosat-RGB-vs-Multispectral\data\raw\multispectral\Residential\Residential_1631.tif,7,Residential,7,Residential,0.9997566342353821,True,41.903046,-3.9246845
1063,C:\Users\DELL Precision 5550\Documents\GitHub\Terrasight-Eurosat-RGB-vs-Multispectral\data\raw\multispectral\HerbaceousVegetation\HerbaceousVegetation_338.tif,2,HerbaceousVegetation,2,HerbaceousVegetation,0.9684455990791321,True,6.9505677,3.108272
1064,C:\Users\DELL Precision 5550\Documents\GitHub\Terrasight-Eurosat-RGB-vs-Multispectral\data\raw\multispectral\SeaLake\SeaLake_501.tif,9,SeaLake,9,SeaLake,0.999992847442627,True,-3.4254055,62.98021
1065,C:\Users\DELL Precision 5550\Documents\GitHub\Terrasight-Eurosat-RGB-vs-Multispectral\data\raw\multispectral\SeaLake\SeaLake_844.tif,9,SeaLake,9,SeaLake,0.9991361498832703,True,-12.074083,48.7279
1066,C:\Users\DELL Precision 5550\Documents\GitHub\Terrasight-Eurosat-RGB-vs-Multispectral\data\raw\multispectral\Industrial\Industrial_1953.tif,4,Industrial,4,Industrial,0.9999890327453613,True,48.728878,-24.190035
1067,C:\Users\DELL Precision 5550\Documents\GitHub\Terrasight-Eurosat-RGB-vs-Multispectral\data\raw\multispectral\Pasture\Pasture_579.tif,5,Pasture,5,Pasture,0.9947487711906433,True,-37.086758,-2.4940166
1068,C:\Users\DELL Precision 5550\Documents\GitHub\Terrasight-Eurosat-RGB-vs-Multispectral\data\raw\multispectral\Forest\Forest_2717.tif,1,Forest,8,River,0.674004852771759,False,22.51411,38.220585
1069,C:\Users\DELL Precision 5550\Documents\GitHub\Terrasight-Eurosat-RGB-vs-Multispectral\data\raw\multispectral\PermanentCrop\PermanentCrop_1455.tif,6,PermanentCrop,4,Industrial,0.6260467171669006,False,17.872274,-42.04183
1070,C:\Users\DELL Precision 5550\Documents\GitHub\Terrasight-Eurosat-RGB-vs-Multispectral\data\raw\multispectral\HerbaceousVegetation\HerbaceousVegetation_1878.tif,2,HerbaceousVegetation,2,HerbaceousVegetation,0.9572281837463379,True,9.380223,1.6026273
1071,C:\Users\DELL Precision 5550\Documents\GitHub\Terrasight-Eurosat-RGB-vs-Multispectral\data\raw\multispectral\River\River_2012.tif,8,River,8,River,0.9998142123222351,True,-51.59588,27.321995
1072,C:\Users\DELL Precision 5550\Documents\GitHub\Terrasight-Eurosat-RGB-vs-Multispectral\data\raw\multispectral\Industrial\Industrial_26.tif,4,Industrial,4,Industrial,0.9999994039535522,True,50.644886,-24.871687
1073,C:\Users\DELL Precision 5550\Documents\GitHub\Terrasight-Eurosat-RGB-vs-Multispectral\data\raw\multispectral\AnnualCrop\AnnualCrop_1234.tif,0,AnnualCrop,0,AnnualCrop,0.9782997369766235,True,-22.498415,-37.566475
1074,C:\Users\DELL Precision 5550\Documents\GitHub\Terrasight-Eurosat-RGB-vs-Multispectral\data\raw\multispectral\PermanentCrop\PermanentCrop_410.tif,6,PermanentCrop,6,PermanentCrop,0.9804304242134094,True,-8.229694,-32.660717
1075,C:\Users\DELL Precision 5550\Documents\GitHub\Terrasight-Eurosat-RGB-vs-Multispectral\data\raw\multispectral\SeaLake\SeaLake_2712.tif,9,SeaLake,9,SeaLake,0.9483606219291687,True,-12.727255,34.36614
1076,C:\Users\DELL Precision 5550\Documents\GitHub\Terrasight-Eurosat-RGB-vs-Multispectral\data\raw\multispectral\AnnualCrop\AnnualCrop_2898.tif,0,AnnualCrop,0,AnnualCrop,0.9990530610084534,True,-31.80004,-36.071434
1077,C:\Users\DELL Precision 5550\Documents\GitHub\Terrasight-Eurosat-RGB-vs-Multispectral\data\raw\multispectral\Highway\Highway_945.tif,3,Highway,3,Highway,0.9987884163856506,True,16.656715,-48.386635
1078,C:\Users\DELL Precision 5550\Documents\GitHub\Terrasight-Eurosat-RGB-vs-Multispectral\data\raw\multispectral\Industrial\Industrial_1967.tif,4,Industrial,4,Industrial,0.9985451698303223,True,36.75662,-28.60282
1079,C:\Users\DELL Precision 5550\Documents\GitHub\Terrasight-Eurosat-RGB-vs-Multispectral\data\raw\multispectral\SeaLake\SeaLake_1995.tif,9,SeaLake,9,SeaLake,0.9950587749481201,True,-11.397728,46.830765
1080,C:\Users\DELL Precision 5550\Documents\GitHub\Terrasight-Eurosat-RGB-vs-Multispectral\data\raw\multispectral\AnnualCrop\AnnualCrop_2229.tif,0,AnnualCrop,0,AnnualCrop,0.9985876083374023,True,-24.400675,-36.06001
1081,C:\Users\DELL Precision 5550\Documents\GitHub\Terrasight-Eurosat-RGB-vs-Multispectral\data\raw\multispectral\SeaLake\SeaLake_1730.tif,9,SeaLake,9,SeaLake,0.997654914855957,True,-13.634248,37.411644
1082,C:\Users\DELL Precision 5550\Documents\GitHub\Terrasight-Eurosat-RGB-vs-Multispectral\data\raw\multispectral\PermanentCrop\PermanentCrop_675.tif,6,PermanentCrop,6,PermanentCrop,0.9977949857711792,True,-3.5631647,-25.695217
1083,C:\Users\DELL Precision 5550\Documents\GitHub\Terrasight-Eurosat-RGB-vs-Multispectral\data\raw\multispectral\PermanentCrop\PermanentCrop_1700.tif,6,PermanentCrop,6,PermanentCrop,0.9996559619903564,True,0.070856206,-23.479193
1084,C:\Users\DELL Precision 5550\Documents\GitHub\Terrasight-Eurosat-RGB-vs-Multispectral\data\raw\multispectral\HerbaceousVegetation\HerbaceousVegetation_904.tif,2,HerbaceousVegetation,2,HerbaceousVegetation,0.9990019202232361,True,1.3678186,5.7964044
1085,C:\Users\DELL Precision 5550\Documents\GitHub\Terrasight-Eurosat-RGB-vs-Multispectral\data\raw\multispectral\PermanentCrop\PermanentCrop_888.tif,6,PermanentCrop,6,PermanentCrop,0.6627020835876465,True,-15.395942,-29.493275
1086,C:\Users\DELL Precision 5550\Documents\GitHub\Terrasight-Eurosat-RGB-vs-Multispectral\data\raw\multispectral\AnnualCrop\AnnualCrop_1716.tif,0,AnnualCrop,0,AnnualCrop,0.9997290968894958,True,-38.757782,-33.384758
1087,C:\Users\DELL Precision 5550\Documents\GitHub\Terrasight-Eurosat-RGB-vs-Multispectral\data\raw\multispectral\HerbaceousVegetation\HerbaceousVegetation_2307.tif,2,HerbaceousVegetation,2,HerbaceousVegetation,0.9847849607467651,True,3.6980157,4.194945
1088,C:\Users\DELL Precision 5550\Documents\GitHub\Terrasight-Eurosat-RGB-vs-Multispectral\data\raw\multispectral\Industrial\Industrial_1485.tif,4,Industrial,4,Industrial,0.9998544454574585,True,42.21538,-23.973478
1089,C:\Users\DELL Precision 5550\Documents\GitHub\Terrasight-Eurosat-RGB-vs-Multispectral\data\raw\multispectral\Forest\Forest_2489.tif,1,Forest,8,River,0.838986337184906,False,8.357329,28.216434
1090,C:\Users\DELL Precision 5550\Documents\GitHub\Terrasight-Eurosat-RGB-vs-Multispectral\data\raw\multispectral\Pasture\Pasture_1735.tif,5,Pasture,5,Pasture,0.9971387386322021,True,-34.18587,-3.4814317
1091,C:\Users\DELL Precision 5550\Documents\GitHub\Terrasight-Eurosat-RGB-vs-Multispectral\data\raw\multispectral\Forest\Forest_1143.tif,1,Forest,1,Forest,0.9969022274017334,True,19.722935,28.330196
1092,C:\Users\DELL Precision 5550\Documents\GitHub\Terrasight-Eurosat-RGB-vs-Multispectral\data\raw\multispectral\PermanentCrop\PermanentCrop_534.tif,6,PermanentCrop,6,PermanentCrop,0.9252750873565674,True,-15.343045,-27.864094
1093,C:\Users\DELL Precision 5550\Documents\GitHub\Terrasight-Eurosat-RGB-vs-Multispectral\data\raw\multispectral\HerbaceousVegetation\HerbaceousVegetation_2014.tif,2,HerbaceousVegetation,2,HerbaceousVegetation,0.9993034601211548,True,-8.685496,7.358723
1094,C:\Users\DELL Precision 5550\Documents\GitHub\Terrasight-Eurosat-RGB-vs-Multispectral\data\raw\multispectral\Residential\Residential_1622.tif,7,Residential,7,Residential,1.0,True,57.735374,13.405009
1095,C:\Users\DELL Precision 5550\Documents\GitHub\Terrasight-Eurosat-RGB-vs-Multispectral\data\raw\multispectral\River\River_391.tif,8,River,8,River,0.99983811378479,True,-42.713894,31.094738
1096,C:\Users\DELL Precision 5550\Documents\GitHub\Terrasight-Eurosat-RGB-vs-Multispectral\data\raw\multispectral\AnnualCrop\AnnualCrop_1180.tif,0,AnnualCrop,0,AnnualCrop,0.9856520891189575,True,-25.918863,-26.957003
1097,C:\Users\DELL Precision 5550\Documents\GitHub\Terrasight-Eurosat-RGB-vs-Multispectral\data\raw\multispectral\SeaLake\SeaLake_1321.tif,9,SeaLake,9,SeaLake,0.9997274279594421,True,-13.020733,51.22593
1098,C:\Users\DELL Precision 5550\Documents\GitHub\Terrasight-Eurosat-RGB-vs-Multispectral\data\raw\multispectral\Highway\Highway_1312.tif,3,Highway,3,Highway,0.9743248820304871,True,7.627645,-58.696945
1099,C:\Users\DELL Precision 5550\Documents\GitHub\Terrasight-Eurosat-RGB-vs-Multispectral\data\raw\multispectral\HerbaceousVegetation\HerbaceousVegetation_1236.tif,2,HerbaceousVegetation,2,HerbaceousVegetation,0.9983429908752441,True,-11.989796,1.5935273
1100,C:\Users\DELL Precision 5550\Documents\GitHub\Terrasight-Eurosat-RGB-vs-Multispectral\data\raw\multispectral\PermanentCrop\PermanentCrop_2226.tif,6,PermanentCrop,6,PermanentCrop,0.8538355231285095,True,5.0281863,-20.086288
1101,C:\Users\DELL Precision 5550\Documents\GitHub\Terrasight-Eurosat-RGB-vs-Multispectral\data\raw\multispectral\AnnualCrop\AnnualCrop_2656.tif,0,AnnualCrop,0,AnnualCrop,0.9972677230834961,True,-31.38155,-29.83338
1102,C:\Users\DELL Precision 5550\Documents\GitHub\Terrasight-Eurosat-RGB-vs-Multispectral\data\raw\multispectral\River\River_865.tif,8,River,8,River,0.9999949932098389,True,-49.24782,30.221014
1103,C:\Users\DELL Precision 5550\Documents\GitHub\Terrasight-Eurosat-RGB-vs-Multispectral\data\raw\multispectral\Forest\Forest_1878.tif,1,Forest,1,Forest,0.8504980802536011,True,8.029408,17.327042
1104,C:\Users\DELL Precision 5550\Documents\GitHub\Terrasight-Eurosat-RGB-vs-Multispectral\data\raw\multispectral\SeaLake\SeaLake_1035.tif,9,SeaLake,9,SeaLake,0.9997988343238831,True,-12.864054,52.407314
1105,C:\Users\DELL Precision 5550\Documents\GitHub\Terrasight-Eurosat-RGB-vs-Multispectral\data\raw\multispectral\HerbaceousVegetation\HerbaceousVegetation_2170.tif,2,HerbaceousVegetation,2,HerbaceousVegetation,0.9700606465339661,True,6.8875256,3.1220975
1106,C:\Users\DELL Precision 5550\Documents\GitHub\Terrasight-Eurosat-RGB-vs-Multispectral\data\raw\multispectral\HerbaceousVegetation\HerbaceousVegetation_882.tif,2,HerbaceousVegetation,2,HerbaceousVegetation,0.9963228702545166,True,-2.8155112,1.4649714
1107,C:\Users\DELL Precision 5550\Documents\GitHub\Terrasight-Eurosat-RGB-vs-Multispectral\data\raw\multispectral\Residential\Residential_2667.tif,7,Residential,7,Residential,0.9992432594299316,True,38.92241,-2.0501635
1108,C:\Users\DELL Precision 5550\Documents\GitHub\Terrasight-Eurosat-RGB-vs-Multispectral\data\raw\multispectral\AnnualCrop\AnnualCrop_2890.tif,0,AnnualCrop,0,AnnualCrop,0.9929839372634888,True,-30.209782,-29.520512
1109,C:\Users\DELL Precision 5550\Documents\GitHub\Terrasight-Eurosat-RGB-vs-Multispectral\data\raw\multispectral\Pasture\Pasture_1743.tif,5,Pasture,5,Pasture,0.9997308850288391,True,-47.70572,-1.4490552
1110,C:\Users\DELL Precision 5550\Documents\GitHub\Terrasight-Eurosat-RGB-vs-Multispectral\data\raw\multispectral\SeaLake\SeaLake_2767.tif,9,SeaLake,9,SeaLake,0.9966920614242554,True,-11.187217,36.60129
1111,C:\Users\DELL Precision 5550\Documents\GitHub\Terrasight-Eurosat-RGB-vs-Multispectral\data\raw\multispectral\HerbaceousVegetation\HerbaceousVegetation_222.tif,2,HerbaceousVegetation,2,HerbaceousVegetation,0.999546229839325,True,-4.9783206,8.729844
1112,C:\Users\DELL Precision 5550\Documents\GitHub\Terrasight-Eurosat-RGB-vs-Multispectral\data\raw\multispectral\HerbaceousVegetation\HerbaceousVegetation_453.tif,2,HerbaceousVegetation,2,HerbaceousVegetation,0.999698281288147,True,-4.9819694,7.8035765
1113,C:\Users\DELL Precision 5550\Documents\GitHub\Terrasight-Eurosat-RGB-vs-Multispectral\data\raw\multispectral\Industrial\Industrial_1631.tif,4,Industrial,4,Industrial,0.8986467123031616,True,30.859386,-14.940253
1114,C:\Users\DELL Precision 5550\Documents\GitHub\Terrasight-Eurosat-RGB-vs-Multispectral\data\raw\multispectral\Residential\Residential_1932.tif,7,Residential,7,Residential,1.0,True,50.67416,12.604528
1115,C:\Users\DELL Precision 5550\Documents\GitHub\Terrasight-Eurosat-RGB-vs-Multispectral\data\raw\multispectral\Forest\Forest_1504.tif,1,Forest,1,Forest,0.9999631643295288,True,26.09517,35.18794
1116,C:\Users\DELL Precision 5550\Documents\GitHub\Terrasight-Eurosat-RGB-vs-Multispectral\data\raw\multispectral\SeaLake\SeaLake_2275.tif,9,SeaLake,9,SeaLake,0.9998961687088013,True,-11.045049,53.42686
1117,C:\Users\DELL Precision 5550\Documents\GitHub\Terrasight-Eurosat-RGB-vs-Multispectral\data\raw\multispectral\Residential\Residential_2132.tif,7,Residential,7,Residential,0.9742808938026428,True,41.325775,13.690805
1118,C:\Users\DELL Precision 5550\Documents\GitHub\Terrasight-Eurosat-RGB-vs-Multispectral\data\raw\multispectral\HerbaceousVegetation\HerbaceousVegetation_166.tif,2,HerbaceousVegetation,2,HerbaceousVegetation,0.9931532144546509,True,-0.021361139,4.1192203
1119,C:\Users\DELL Precision 5550\Documents\GitHub\Terrasight-Eurosat-RGB-vs-Multispectral\data\raw\multispectral\River\River_1191.tif,8,River,8,River,0.9999945163726807,True,-52.32141,28.001059
1120,C:\Users\DELL Precision 5550\Documents\GitHub\Terrasight-Eurosat-RGB-vs-Multispectral\data\raw\multispectral\Residential\Residential_943.tif,7,Residential,7,Residential,0.9977769255638123,True,44.085796,-1.1013837
1121,C:\Users\DELL Precision 5550\Documents\GitHub\Terrasight-Eurosat-RGB-vs-Multispectral\data\raw\multispectral\Residential\Residential_54.tif,7,Residential,7,Residential,0.5438738465309143,True,41.30963,-8.920233
1122,C:\Users\DELL Precision 5550\Documents\GitHub\Terrasight-Eurosat-RGB-vs-Multispectral\data\raw\multispectral\Highway\Highway_2263.tif,3,Highway,3,Highway,0.9540207386016846,True,6.974001,-48.03136
1123,C:\Users\DELL Precision 5550\Documents\GitHub\Terrasight-Eurosat-RGB-vs-Multispectral\data\raw\multispectral\Highway\Highway_2447.tif,3,Highway,3,Highway,0.9971791505813599,True,10.411341,-58.806793
1124,C:\Users\DELL Precision 5550\Documents\GitHub\Terrasight-Eurosat-RGB-vs-Multispectral\data\raw\multispectral\Residential\Residential_430.tif,7,Residential,7,Residential,0.9999997615814209,True,46.951916,13.419889
1125,C:\Users\DELL Precision 5550\Documents\GitHub\Terrasight-Eurosat-RGB-vs-Multispectral\data\raw\multispectral\HerbaceousVegetation\HerbaceousVegetation_2870.tif,2,HerbaceousVegetation,2,HerbaceousVegetation,0.9953113198280334,True,-1.3137927,8.5957
1126,C:\Users\DELL Precision 5550\Documents\GitHub\Terrasight-Eurosat-RGB-vs-Multispectral\data\raw\multispectral\Pasture\Pasture_1909.tif,5,Pasture,5,Pasture,0.9987578392028809,True,-34.28769,-3.762852
1127,C:\Users\DELL Precision 5550\Documents\GitHub\Terrasight-Eurosat-RGB-vs-Multispectral\data\raw\multispectral\HerbaceousVegetation\HerbaceousVegetation_2854.tif,2,HerbaceousVegetation,2,HerbaceousVegetation,0.9973547458648682,True,0.39554083,2.5140076
1128,C:\Users\DELL Precision 5550\Documents\GitHub\Terrasight-Eurosat-RGB-vs-Multispectral\data\raw\multispectral\Forest\Forest_56.tif,1,Forest,1,Forest,0.9983494281768799,True,20.75942,38.936016
1129,C:\Users\DELL Precision 5550\Documents\GitHub\Terrasight-Eurosat-RGB-vs-Multispectral\data\raw\multispectral\Highway\Highway_1748.tif,3,Highway,3,Highway,0.9296576976776123,True,4.432679,-52.550278
1130,C:\Users\DELL Precision 5550\Documents\GitHub\Terrasight-Eurosat-RGB-vs-Multispectral\data\raw\multispectral\Highway\Highway_1565.tif,3,Highway,3,Highway,0.9990789890289307,True,17.293228,-52.042126
1131,C:\Users\DELL Precision 5550\Documents\GitHub\Terrasight-Eurosat-RGB-vs-Multispectral\data\raw\multispectral\HerbaceousVegetation\HerbaceousVegetation_627.tif,2,HerbaceousVegetation,2,HerbaceousVegetation,0.9786239862442017,True,5.105664,-1.0878327
1132,C:\Users\DELL Precision 5550\Documents\GitHub\Terrasight-Eurosat-RGB-vs-Multispectral\data\raw\multispectral\PermanentCrop\PermanentCrop_2234.tif,6,PermanentCrop,6,PermanentCrop,0.9984185695648193,True,-2.792245,-25.532246
1133,C:\Users\DELL Precision 5550\Documents\GitHub\Terrasight-Eurosat-RGB-vs-Multispectral\data\raw\multispectral\HerbaceousVegetation\HerbaceousVegetation_2604.tif,2,HerbaceousVegetation,2,HerbaceousVegetation,0.9843053221702576,True,-13.527139,-1.1298509
1134,C:\Users\DELL Precision 5550\Documents\GitHub\Terrasight-Eurosat-RGB-vs-Multispectral\data\raw\multispectral\AnnualCrop\AnnualCrop_1200.tif,0,AnnualCrop,0,AnnualCrop,0.9952099919319153,True,-30.890373,-29.249355
1135,C:\Users\DELL Precision 5550\Documents\GitHub\Terrasight-Eurosat-RGB-vs-Multispectral\data\raw\multispectral\AnnualCrop\AnnualCrop_423.tif,0,AnnualCrop,0,AnnualCrop,0.953023374080658,True,-24.055294,-30.57838
1136,C:\Users\DELL Precision 5550\Documents\GitHub\Terrasight-Eurosat-RGB-vs-Multispectral\data\raw\multispectral\Industrial\Industrial_780.tif,4,Industrial,4,Industrial,0.9997292160987854,True,40.988426,-28.732794
1137,C:\Users\DELL Precision 5550\Documents\GitHub\Terrasight-Eurosat-RGB-vs-Multispectral\data\raw\multispectral\River\River_183.tif,8,River,8,River,0.9999657869338989,True,-45.367622,27.045471
1138,C:\Users\DELL Precision 5550\Documents\GitHub\Terrasight-Eurosat-RGB-vs-Multispectral\data\raw\multispectral\Pasture\Pasture_77.tif,5,Pasture,5,Pasture,0.7103819847106934,True,-29.944248,-10.123355
1139,C:\Users\DELL Precision 5550\Documents\GitHub\Terrasight-Eurosat-RGB-vs-Multispectral\data\raw\multispectral\Forest\Forest_31.tif,1,Forest,1,Forest,0.9855753183364868,True,15.213692,18.815613
1140,C:\Users\DELL Precision 5550\Documents\GitHub\Terrasight-Eurosat-RGB-vs-Multispectral\data\raw\multispectral\Residential\Residential_275.tif,7,Residential,7,Residential,0.9977861642837524,True,45.794994,-2.9081373
1141,C:\Users\DELL Precision 5550\Documents\GitHub\Terrasight-Eurosat-RGB-vs-Multispectral\data\raw\multispectral\River\River_1729.tif,8,River,8,River,0.9990390539169312,True,-40.51395,20.882843
1142,C:\Users\DELL Precision 5550\Documents\GitHub\Terrasight-Eurosat-RGB-vs-Multispectral\data\raw\multispectral\Highway\Highway_1093.tif,3,Highway,3,Highway,0.9986554384231567,True,20.8686,-49.74565
1143,C:\Users\DELL Precision 5550\Documents\GitHub\Terrasight-Eurosat-RGB-vs-Multispectral\data\raw\multispectral\Highway\Highway_848.tif,3,Highway,3,Highway,0.8077828288078308,True,4.6615405,-50.342075
1144,C:\Users\DELL Precision 5550\Documents\GitHub\Terrasight-Eurosat-RGB-vs-Multispectral\data\raw\multispectral\Residential\Residential_1972.tif,7,Residential,7,Residential,0.9999954700469971,True,50.249928,8.920386
1145,C:\Users\DELL Precision 5550\Documents\GitHub\Terrasight-Eurosat-RGB-vs-Multispectral\data\raw\multispectral\SeaLake\SeaLake_2266.tif,9,SeaLake,9,SeaLake,0.9999998807907104,True,2.035747,69.14878
1146,C:\Users\DELL Precision 5550\Documents\GitHub\Terrasight-Eurosat-RGB-vs-Multispectral\data\raw\multispectral\SeaLake\SeaLake_1424.tif,9,SeaLake,9,SeaLake,0.9999897480010986,True,-6.53995,62.47234
1147,C:\Users\DELL Precision 5550\Documents\GitHub\Terrasight-Eurosat-RGB-vs-Multispectral\data\raw\multispectral\AnnualCrop\AnnualCrop_2704.tif,0,AnnualCrop,0,AnnualCrop,0.9930556416511536,True,-35.527267,-27.461948
1148,C:\Users\DELL Precision 5550\Documents\GitHub\Terrasight-Eurosat-RGB-vs-Multispectral\data\raw\multispectral\Highway\Highway_1812.tif,3,Highway,3,Highway,0.9981641173362732,True,19.345066,-52.341904
1149,C:\Users\DELL Precision 5550\Documents\GitHub\Terrasight-Eurosat-RGB-vs-Multispectral\data\raw\multispectral\Residential\Residential_1652.tif,7,Residential,7,Residential,0.9995971322059631,True,54.55897,3.1566334
1150,C:\Users\DELL Precision 5550\Documents\GitHub\Terrasight-Eurosat-RGB-vs-Multispectral\data\raw\multispectral\HerbaceousVegetation\HerbaceousVegetation_959.tif,2,HerbaceousVegetation,2,HerbaceousVegetation,0.9669245481491089,True,2.620648,-0.7745169
1151,C:\Users\DELL Precision 5550\Documents\GitHub\Terrasight-Eurosat-RGB-vs-Multispectral\data\raw\multispectral\Forest\Forest_868.tif,1,Forest,1,Forest,0.9998613595962524,True,19.619701,40.765278
1152,C:\Users\DELL Precision 5550\Documents\GitHub\Terrasight-Eurosat-RGB-vs-Multispectral\data\raw\multispectral\River\River_141.tif,8,River,8,River,0.9995272159576416,True,-43.40789,22.106325
1153,C:\Users\DELL Precision 5550\Documents\GitHub\Terrasight-Eurosat-RGB-vs-Multispectral\data\raw\multispectral\Residential\Residential_2990.tif,7,Residential,7,Residential,0.9999996423721313,True,46.52439,15.464297
1154,C:\Users\DELL Precision 5550\Documents\GitHub\Terrasight-Eurosat-RGB-vs-Multispectral\data\raw\multispectral\Industrial\Industrial_1375.tif,4,Industrial,4,Industrial,0.9999985694885254,True,50.09792,-25.413858
1155,C:\Users\DELL Precision 5550\Documents\GitHub\Terrasight-Eurosat-RGB-vs-Multispectral\data\raw\multispectral\HerbaceousVegetation\HerbaceousVegetation_971.tif,2,HerbaceousVegetation,2,HerbaceousVegetation,0.9858673214912415,True,8.627286,-0.8153335
1156,C:\Users\DELL Precision 5550\Documents\GitHub\Terrasight-Eurosat-RGB-vs-Multispectral\data\raw\multispectral\SeaLake\SeaLake_1804.tif,9,SeaLake,9,SeaLake,0.9999608993530273,True,-11.346852,59.159176
1157,C:\Users\DELL Precision 5550\Documents\GitHub\Terrasight-Eurosat-RGB-vs-Multispectral\data\raw\multispectral\Forest\Forest_746.tif,1,Forest,1,Forest,0.9982909560203552,True,14.273351,29.849707
1158,C:\Users\DELL Precision 5550\Documents\GitHub\Terrasight-Eurosat-RGB-vs-Multispectral\data\raw\multispectral\River\River_1941.tif,8,River,8,River,0.9998875856399536,True,-46.336647,31.049843
1159,C:\Users\DELL Precision 5550\Documents\GitHub\Terrasight-Eurosat-RGB-vs-Multispectral\data\raw\multispectral\Residential\Residential_1994.tif,7,Residential,7,Residential,0.9981865286827087,True,37.324585,-1.4503403
1160,C:\Users\DELL Precision 5550\Documents\GitHub\Terrasight-Eurosat-RGB-vs-Multispectral\data\raw\multispectral\HerbaceousVegetation\HerbaceousVegetation_2657.tif,2,HerbaceousVegetation,2,HerbaceousVegetation,0.9603109359741211,True,-2.9550147,-6.8003206
1161,C:\Users\DELL Precision 5550\Documents\GitHub\Terrasight-Eurosat-RGB-vs-Multispectral\data\raw\multispectral\Industrial\Industrial_1086.tif,4,Industrial,4,Industrial,0.9997296929359436,True,41.970806,-24.291681
1162,C:\Users\DELL Precision 5550\Documents\GitHub\Terrasight-Eurosat-RGB-vs-Multispectral\data\raw\multispectral\SeaLake\SeaLake_518.tif,9,SeaLake,9,SeaLake,0.9999710321426392,True,-10.7456,59.036575
1163,C:\Users\DELL Precision 5550\Documents\GitHub\Terrasight-Eurosat-RGB-vs-Multispectral\data\raw\multispectral\AnnualCrop\AnnualCrop_971.tif,0,AnnualCrop,0,AnnualCrop,0.5833147764205933,True,-26.82641,-20.95539
1164,C:\Users\DELL Precision 5550\Documents\GitHub\Terrasight-Eurosat-RGB-vs-Multispectral\data\raw\multispectral\Residential\Residential_2494.tif,7,Residential,7,Residential,0.9999682903289795,True,45.05424,3.8629274
1165,C:\Users\DELL Precision 5550\Documents\GitHub\Terrasight-Eurosat-RGB-vs-Multispectral\data\raw\multispectral\SeaLake\SeaLake_1622.tif,9,SeaLake,9,SeaLake,0.9999947547912598,True,-1.4423255,63.773483
1166,C:\Users\DELL Precision 5550\Documents\GitHub\Terrasight-Eurosat-RGB-vs-Multispectral\data\raw\multispectral\HerbaceousVegetation\HerbaceousVegetation_1419.tif,2,HerbaceousVegetation,1,Forest,0.5755946040153503,False,5.393583,19.896227
1167,C:\Users\DELL Precision 5550\Documents\GitHub\Terrasight-Eurosat-RGB-vs-Multispectral\data\raw\multispectral\HerbaceousVegetation\HerbaceousVegetation_1987.tif,2,HerbaceousVegetation,2,HerbaceousVegetation,0.9864811897277832,True,-14.072692,0.58409756
1168,C:\Users\DELL Precision 5550\Documents\GitHub\Terrasight-Eurosat-RGB-vs-Multispectral\data\raw\multispectral\Pasture\Pasture_890.tif,5,Pasture,5,Pasture,0.9944394826889038,True,-32.728264,-5.5973916
1169,C:\Users\DELL Precision 5550\Documents\GitHub\Terrasight-Eurosat-RGB-vs-Multispectral\data\raw\multispectral\Highway\Highway_1654.tif,3,Highway,3,Highway,0.7743706107139587,True,4.238836,-50.304115
1170,C:\Users\DELL Precision 5550\Documents\GitHub\Terrasight-Eurosat-RGB-vs-Multispectral\data\raw\multispectral\Highway\Highway_223.tif,3,Highway,3,Highway,0.914017915725708,True,12.896491,-47.43352
1171,C:\Users\DELL Precision 5550\Documents\GitHub\Terrasight-Eurosat-RGB-vs-Multispectral\data\raw\multispectral\Forest\Forest_1357.tif,1,Forest,2,HerbaceousVegetation,0.9278618693351746,False,5.5035005,4.294077
1172,C:\Users\DELL Precision 5550\Documents\GitHub\Terrasight-Eurosat-RGB-vs-Multispectral\data\raw\multispectral\Highway\Highway_127.tif,3,Highway,3,Highway,0.7505092024803162,True,25.199633,-51.27465
1173,C:\Users\DELL Precision 5550\Documents\GitHub\Terrasight-Eurosat-RGB-vs-Multispectral\data\raw\multispectral\Forest\Forest_1238.tif,1,Forest,1,Forest,0.999982476234436,True,25.396357,41.96847
1174,C:\Users\DELL Precision 5550\Documents\GitHub\Terrasight-Eurosat-RGB-vs-Multispectral\data\raw\multispectral\HerbaceousVegetation\HerbaceousVegetation_1869.tif,2,HerbaceousVegetation,2,HerbaceousVegetation,0.9899667501449585,True,-4.6235027,2.9385848
1175,C:\Users\DELL Precision 5550\Documents\GitHub\Terrasight-Eurosat-RGB-vs-Multispectral\data\raw\multispectral\PermanentCrop\PermanentCrop_2211.tif,6,PermanentCrop,6,PermanentCrop,0.982086181640625,True,-6.027308,-22.478804
1176,C:\Users\DELL Precision 5550\Documents\GitHub\Terrasight-Eurosat-RGB-vs-Multispectral\data\raw\multispectral\Pasture\Pasture_1228.tif,5,Pasture,6,PermanentCrop,0.8423041105270386,False,-15.300741,-29.346943
1177,C:\Users\DELL Precision 5550\Documents\GitHub\Terrasight-Eurosat-RGB-vs-Multispectral\data\raw\multispectral\River\River_1602.tif,8,River,8,River,0.999657154083252,True,-41.020954,26.827723
1178,C:\Users\DELL Precision 5550\Documents\GitHub\Terrasight-Eurosat-RGB-vs-Multispectral\data\raw\multispectral\Residential\Residential_2044.tif,7,Residential,7,Residential,0.9999998807907104,True,57.98725,15.594062
1179,C:\Users\DELL Precision 5550\Documents\GitHub\Terrasight-Eurosat-RGB-vs-Multispectral\data\raw\multispectral\PermanentCrop\PermanentCrop_2461.tif,6,PermanentCrop,6,PermanentCrop,0.9988584518432617,True,-5.9639034,-28.553385
1180,C:\Users\DELL Precision 5550\Documents\GitHub\Terrasight-Eurosat-RGB-vs-Multispectral\data\raw\multispectral\Highway\Highway_1241.tif,3,Highway,3,Highway,0.9997804760932922,True,12.916755,-59.19674
1181,C:\Users\DELL Precision 5550\Documents\GitHub\Terrasight-Eurosat-RGB-vs-Multispectral\data\raw\multispectral\Industrial\Industrial_498.tif,4,Industrial,4,Industrial,0.9998431205749512,True,44.23278,-21.546444
1182,C:\Users\DELL Precision 5550\Documents\GitHub\Terrasight-Eurosat-RGB-vs-Multispectral\data\raw\multispectral\Residential\Residential_2402.tif,7,Residential,7,Residential,0.9997050166130066,True,43.475677,3.604331
1183,C:\Users\DELL Precision 5550\Documents\GitHub\Terrasight-Eurosat-RGB-vs-Multispectral\data\raw\multispectral\Residential\Residential_2433.tif,7,Residential,7,Residential,0.9970667958259583,True,38.790417,3.4409637
1184,C:\Users\DELL Precision 5550\Documents\GitHub\Terrasight-Eurosat-RGB-vs-Multispectral\data\raw\multispectral\HerbaceousVegetation\HerbaceousVegetation_1537.tif,2,HerbaceousVegetation,2,HerbaceousVegetation,0.9951318502426147,True,-13.219336,4.067321
1185,C:\Users\DELL Precision 5550\Documents\GitHub\Terrasight-Eurosat-RGB-vs-Multispectral\data\raw\multispectral\Pasture\Pasture_1527.tif,5,Pasture,5,Pasture,0.9937044978141785,True,-35.348976,-6.610484
1186,C:\Users\DELL Precision 5550\Documents\GitHub\Terrasight-Eurosat-RGB-vs-Multispectral\data\raw\multispectral\Forest\Forest_2313.tif,1,Forest,1,Forest,0.9759078025817871,True,23.790283,38.850323
1187,C:\Users\DELL Precision 5550\Documents\GitHub\Terrasight-Eurosat-RGB-vs-Multispectral\data\raw\multispectral\Pasture\Pasture_429.tif,5,Pasture,6,PermanentCrop,0.6984894871711731,False,-14.205505,-28.84963
1188,C:\Users\DELL Precision 5550\Documents\GitHub\Terrasight-Eurosat-RGB-vs-Multispectral\data\raw\multispectral\HerbaceousVegetation\HerbaceousVegetation_1649.tif,2,HerbaceousVegetation,2,HerbaceousVegetation,0.9984038472175598,True,-13.9720955,6.5152984
1189,C:\Users\DELL Precision 5550\Documents\GitHub\Terrasight-Eurosat-RGB-vs-Multispectral\data\raw\multispectral\Forest\Forest_817.tif,1,Forest,1,Forest,0.977070689201355,True,12.831148,35.557037
1190,C:\Users\DELL Precision 5550\Documents\GitHub\Terrasight-Eurosat-RGB-vs-Multispectral\data\raw\multispectral\AnnualCrop\AnnualCrop_218.tif,0,AnnualCrop,6,PermanentCrop,0.8272951245307922,False,-11.291693,-24.104128
1191,C:\Users\DELL Precision 5550\Documents\GitHub\Terrasight-Eurosat-RGB-vs-Multispectral\data\raw\multispectral\Highway\Highway_100.tif,3,Highway,3,Highway,0.9705190658569336,True,19.033213,-47.08273
1192,C:\Users\DELL Precision 5550\Documents\GitHub\Terrasight-Eurosat-RGB-vs-Multispectral\data\raw\multispectral\Industrial\Industrial_2406.tif,4,Industrial,4,Industrial,0.9963350296020508,True,44.17878,-19.387976
1193,C:\Users\DELL Precision 5550\Documents\GitHub\Terrasight-Eurosat-RGB-vs-Multispectral\data\raw\multispectral\SeaLake\SeaLake_446.tif,9,SeaLake,9,SeaLake,0.9975923895835876,True,-11.411105,37.47399
1194,C:\Users\DELL Precision 5550\Documents\GitHub\Terrasight-Eurosat-RGB-vs-Multispectral\data\raw\multispectral\Highway\Highway_914.tif,3,Highway,3,Highway,0.9980456829071045,True,15.376677,-49.385853
1195,C:\Users\DELL Precision 5550\Documents\GitHub\Terrasight-Eurosat-RGB-vs-Multispectral\data\raw\multispectral\PermanentCrop\PermanentCrop_643.tif,6,PermanentCrop,6,PermanentCrop,0.9775095582008362,True,-9.713242,-25.326448
1196,C:\Users\DELL Precision 5550\Documents\GitHub\Terrasight-Eurosat-RGB-vs-Multispectral\data\raw\multispectral\Forest\Forest_2656.tif,1,Forest,1,Forest,0.9674547910690308,True,10.583907,26.132833
1197,C:\Users\DELL Precision 5550\Documents\GitHub\Terrasight-Eurosat-RGB-vs-Multispectral\data\raw\multispectral\Pasture\Pasture_1838.tif,5,Pasture,5,Pasture,0.9998775720596313,True,-47.67583,-1.2021853
1198,C:\Users\DELL Precision 5550\Documents\GitHub\Terrasight-Eurosat-RGB-vs-Multispectral\data\raw\multispectral\Forest\Forest_1342.tif,1,Forest,1,Forest,0.9998573064804077,True,20.817673,36.971848
1199,C:\Users\DELL Precision 5550\Documents\GitHub\Terrasight-Eurosat-RGB-vs-Multispectral\data\raw\multispectral\Industrial\Industrial_1315.tif,4,Industrial,4,Industrial,0.668944776058197,True,28.820671,-22.240313
1200,C:\Users\DELL Precision 5550\Documents\GitHub\Terrasight-Eurosat-RGB-vs-Multispectral\data\raw\multispectral\Industrial\Industrial_174.tif,4,Industrial,4,Industrial,0.9994781613349915,True,33.868473,-23.325651
1201,C:\Users\DELL Precision 5550\Documents\GitHub\Terrasight-Eurosat-RGB-vs-Multispectral\data\raw\multispectral\Residential\Residential_453.tif,7,Residential,7,Residential,0.9985039234161377,True,41.922565,6.074832
1202,C:\Users\DELL Precision 5550\Documents\GitHub\Terrasight-Eurosat-RGB-vs-Multispectral\data\raw\multispectral\AnnualCrop\AnnualCrop_1127.tif,0,AnnualCrop,0,AnnualCrop,0.9943280816078186,True,-28.849903,-25.04966
1203,C:\Users\DELL Precision 5550\Documents\GitHub\Terrasight-Eurosat-RGB-vs-Multispectral\data\raw\multispectral\SeaLake\SeaLake_2989.tif,9,SeaLake,9,SeaLake,0.9996591806411743,True,-13.02379,51.32292
1204,C:\Users\DELL Precision 5550\Documents\GitHub\Terrasight-Eurosat-RGB-vs-Multispectral\data\raw\multispectral\Pasture\Pasture_106.tif,5,Pasture,5,Pasture,0.9999140501022339,True,-44.137913,-2.8295305
1205,C:\Users\DELL Precision 5550\Documents\GitHub\Terrasight-Eurosat-RGB-vs-Multispectral\data\raw\multispectral\River\River_2256.tif,8,River,8,River,0.997236967086792,True,-36.225384,28.952625
1206,C:\Users\DELL Precision 5550\Documents\GitHub\Terrasight-Eurosat-RGB-vs-Multispectral\data\raw\multispectral\SeaLake\SeaLake_533.tif,9,SeaLake,9,SeaLake,0.9954921007156372,True,-10.79982,40.61078
1207,C:\Users\DELL Precision 5550\Documents\GitHub\Terrasight-Eurosat-RGB-vs-Multispectral\data\raw\multispectral\Forest\Forest_1116.tif,1,Forest,1,Forest,0.9651071429252625,True,12.769675,23.189026
1208,C:\Users\DELL Precision 5550\Documents\GitHub\Terrasight-Eurosat-RGB-vs-Multispectral\data\raw\multispectral\HerbaceousVegetation\HerbaceousVegetation_335.tif,2,HerbaceousVegetation,6,PermanentCrop,0.4082106053829193,False,9.699294,-43.214798
1209,C:\Users\DELL Precision 5550\Documents\GitHub\Terrasight-Eurosat-RGB-vs-Multispectral\data\raw\multispectral\HerbaceousVegetation\HerbaceousVegetation_181.tif,2,HerbaceousVegetation,2,HerbaceousVegetation,0.9815031290054321,True,4.763452,-0.9562133
1210,C:\Users\DELL Precision 5550\Documents\GitHub\Terrasight-Eurosat-RGB-vs-Multispectral\data\raw\multispectral\AnnualCrop\AnnualCrop_1236.tif,0,AnnualCrop,0,AnnualCrop,0.9899405837059021,True,-34.781548,-20.442135
1211,C:\Users\DELL Precision 5550\Documents\GitHub\Terrasight-Eurosat-RGB-vs-Multispectral\data\raw\multispectral\Forest\Forest_1391.tif,1,Forest,1,Forest,0.9986860156059265,True,17.865784,25.296219
1212,C:\Users\DELL Precision 5550\Documents\GitHub\Terrasight-Eurosat-RGB-vs-Multispectral\data\raw\multispectral\Highway\Highway_1988.tif,3,Highway,3,Highway,0.9843043684959412,True,22.873768,-53.04063
1213,C:\Users\DELL Precision 5550\Documents\GitHub\Terrasight-Eurosat-RGB-vs-Multispectral\data\raw\multispectral\Forest\Forest_2492.tif,1,Forest,1,Forest,0.9980760812759399,True,25.293175,30.232124
1214,C:\Users\DELL Precision 5550\Documents\GitHub\Terrasight-Eurosat-RGB-vs-Multispectral\data\raw\multispectral\AnnualCrop\AnnualCrop_758.tif,0,AnnualCrop,0,AnnualCrop,0.9976365566253662,True,-33.318302,-26.670767
1215,C:\Users\DELL Precision 5550\Documents\GitHub\Terrasight-Eurosat-RGB-vs-Multispectral\data\raw\multispectral\Pasture\Pasture_1278.tif,5,Pasture,5,Pasture,0.9991664886474609,True,-44.59078,-3.985281
1216,C:\Users\DELL Precision 5550\Documents\GitHub\Terrasight-Eurosat-RGB-vs-Multispectral\data\raw\multispectral\River\River_107.tif,8,River,8,River,0.9997773766517639,True,-47.32996,22.80687
1217,C:\Users\DELL Precision 5550\Documents\GitHub\Terrasight-Eurosat-RGB-vs-Multispectral\data\raw\multispectral\SeaLake\SeaLake_1752.tif,9,SeaLake,9,SeaLake,0.9999924898147583,True,-2.8498197,63.670063
1218,C:\Users\DELL Precision 5550\Documents\GitHub\Terrasight-Eurosat-RGB-vs-Multispectral\data\raw\multispectral\Highway\Highway_2428.tif,3,Highway,3,Highway,0.9987420439720154,True,16.855598,-48.89452
1219,C:\Users\DELL Precision 5550\Documents\GitHub\Terrasight-Eurosat-RGB-vs-Multispectral\data\raw\multispectral\HerbaceousVegetation\HerbaceousVegetation_1559.tif,2,HerbaceousVegetation,2,HerbaceousVegetation,0.9171903133392334,True,-9.104638,-2.1081593
1220,C:\Users\DELL Precision 5550\Documents\GitHub\Terrasight-Eurosat-RGB-vs-Multispectral\data\raw\multispectral\SeaLake\SeaLake_1495.tif,9,SeaLake,9,SeaLake,0.9572492837905884,True,-13.638288,34.860687
1221,C:\Users\DELL Precision 5550\Documents\GitHub\Terrasight-Eurosat-RGB-vs-Multispectral\data\raw\multispectral\AnnualCrop\AnnualCrop_1782.tif,0,AnnualCrop,0,AnnualCrop,0.9965789914131165,True,-25.873278,-35.992565
1222,C:\Users\DELL Precision 5550\Documents\GitHub\Terrasight-Eurosat-RGB-vs-Multispectral\data\raw\multispectral\Highway\Highway_488.tif,3,Highway,3,Highway,0.9913193583488464,True,22.142687,-48.75322
1223,C:\Users\DELL Precision 5550\Documents\GitHub\Terrasight-Eurosat-RGB-vs-Multispectral\data\raw\multispectral\SeaLake\SeaLake_1619.tif,9,SeaLake,9,SeaLake,0.9999997615814209,True,1.5720462,68.33034
1224,C:\Users\DELL Precision 5550\Documents\GitHub\Terrasight-Eurosat-RGB-vs-Multispectral\data\raw\multispectral\HerbaceousVegetation\HerbaceousVegetation_148.tif,2,HerbaceousVegetation,2,HerbaceousVegetation,0.994441568851471,True,4.5037794,-0.44219714
1225,C:\Users\DELL Precision 5550\Documents\GitHub\Terrasight-Eurosat-RGB-vs-Multispectral\data\raw\multispectral\HerbaceousVegetation\HerbaceousVegetation_2206.tif,2,HerbaceousVegetation,2,HerbaceousVegetation,0.9773804545402527,True,8.645263,0.9210166
1226,C:\Users\DELL Precision 5550\Documents\GitHub\Terrasight-Eurosat-RGB-vs-Multispectral\data\raw\multispectral\River\River_1969.tif,8,River,8,River,0.9991623163223267,True,-36.627426,21.858976
1227,C:\Users\DELL Precision 5550\Documents\GitHub\Terrasight-Eurosat-RGB-vs-Multispectral\data\raw\multispectral\HerbaceousVegetation\HerbaceousVegetation_2289.tif,2,HerbaceousVegetation,2,HerbaceousVegetation,0.930884063243866,True,9.636893,5.034023
1228,C:\Users\DELL Precision 5550\Documents\GitHub\Terrasight-Eurosat-RGB-vs-Multispectral\data\raw\multispectral\Residential\Residential_114.tif,7,Residential,7,Residential,0.9999706745147705,True,48.77759,5.714246
1229,C:\Users\DELL Precision 5550\Documents\GitHub\Terrasight-Eurosat-RGB-vs-Multispectral\data\raw\multispectral\AnnualCrop\AnnualCrop_1043.tif,0,AnnualCrop,0,AnnualCrop,0.9559141993522644,True,-35.960327,-14.720188
1230,C:\Users\DELL Precision 5550\Documents\GitHub\Terrasight-Eurosat-RGB-vs-Multispectral\data\raw\multispectral\HerbaceousVegetation\HerbaceousVegetation_1635.tif,2,HerbaceousVegetation,2,HerbaceousVegetation,0.997962236404419,True,-1.3163661,7.980257
1231,C:\Users\DELL Precision 5550\Documents\GitHub\Terrasight-Eurosat-RGB-vs-Multispectral\data\raw\multispectral\AnnualCrop\AnnualCrop_912.tif,0,AnnualCrop,0,AnnualCrop,0.971961498260498,True,-29.299202,-23.416794
1232,C:\Users\DELL Precision 5550\Documents\GitHub\Terrasight-Eurosat-RGB-vs-Multispectral\data\raw\multispectral\HerbaceousVegetation\HerbaceousVegetation_1063.tif,2,HerbaceousVegetation,2,HerbaceousVegetation,0.9849692583084106,True,-5.062645,-0.035180464
1233,C:\Users\DELL Precision 5550\Documents\GitHub\Terrasight-Eurosat-RGB-vs-Multispectral\data\raw\multispectral\AnnualCrop\AnnualCrop_2015.tif,0,AnnualCrop,0,AnnualCrop,0.9992576241493225,True,-40.170963,-32.604763
1234,C:\Users\DELL Precision 5550\Documents\GitHub\Terrasight-Eurosat-RGB-vs-Multispectral\data\raw\multispectral\AnnualCrop\AnnualCrop_1112.tif,0,AnnualCrop,0,AnnualCrop,0.998492956161499,True,-37.001972,-30.88941
1235,C:\Users\DELL Precision 5550\Documents\GitHub\Terrasight-Eurosat-RGB-vs-Multispectral\data\raw\multispectral\HerbaceousVegetation\HerbaceousVegetation_2368.tif,2,HerbaceousVegetation,2,HerbaceousVegetation,0.9813442230224609,True,-15.442226,0.44048497
1236,C:\Users\DELL Precision 5550\Documents\GitHub\Terrasight-Eurosat-RGB-vs-Multispectral\data\raw\multispectral\River\River_1212.tif,8,River,8,River,0.9987813830375671,True,-37.617355,24.687035
1237,C:\Users\DELL Precision 5550\Documents\GitHub\Terrasight-Eurosat-RGB-vs-Multispectral\data\raw\multispectral\Residential\Residential_1435.tif,7,Residential,7,Residential,0.9980577826499939,True,36.862705,-2.712089
1238,C:\Users\DELL Precision 5550\Documents\GitHub\Terrasight-Eurosat-RGB-vs-Multispectral\data\raw\multispectral\Residential\Residential_415.tif,7,Residential,7,Residential,0.9999978542327881,True,48.30481,9.255717
1239,C:\Users\DELL Precision 5550\Documents\GitHub\Terrasight-Eurosat-RGB-vs-Multispectral\data\raw\multispectral\PermanentCrop\PermanentCrop_822.tif,6,PermanentCrop,6,PermanentCrop,0.9680156707763672,True,1.600579,-14.089339
1240,C:\Users\DELL Precision 5550\Documents\GitHub\Terrasight-Eurosat-RGB-vs-Multispectral\data\raw\multispectral\Forest\Forest_1771.tif,1,Forest,1,Forest,0.9872274398803711,True,25.706102,39.35864
1241,C:\Users\DELL Precision 5550\Documents\GitHub\Terrasight-Eurosat-RGB-vs-Multispectral\data\raw\multispectral\Pasture\Pasture_1625.tif,5,Pasture,5,Pasture,0.9604911804199219,True,-35.090523,-9.432526
1242,C:\Users\DELL Precision 5550\Documents\GitHub\Terrasight-Eurosat-RGB-vs-Multispectral\data\raw\multispectral\Pasture\Pasture_1645.tif,5,Pasture,5,Pasture,0.9941210150718689,True,-38.22335,-4.5228615
1243,C:\Users\DELL Precision 5550\Documents\GitHub\Terrasight-Eurosat-RGB-vs-Multispectral\data\raw\multispectral\HerbaceousVegetation\HerbaceousVegetation_1993.tif,2,HerbaceousVegetation,2,HerbaceousVegetation,0.9475392699241638,True,-12.613089,-1.454351
1244,C:\Users\DELL Precision 5550\Documents\GitHub\Terrasight-Eurosat-RGB-vs-Multispectral\data\raw\multispectral\Highway\Highway_2279.tif,3,Highway,3,Highway,0.9912441968917847,True,22.02136,-48.850273
1245,C:\Users\DELL Precision 5550\Documents\GitHub\Terrasight-Eurosat-RGB-vs-Multispectral\data\raw\multispectral\Forest\Forest_24.tif,1,Forest,1,Forest,0.9854419231414795,True,24.384434,38.096886
1246,C:\Users\DELL Precision 5550\Documents\GitHub\Terrasight-Eurosat-RGB-vs-Multispectral\data\raw\multispectral\Residential\Residential_2312.tif,7,Residential,7,Residential,0.999817430973053,True,55.094463,3.3237655
1247,C:\Users\DELL Precision 5550\Documents\GitHub\Terrasight-Eurosat-RGB-vs-Multispectral\data\raw\multispectral\PermanentCrop\PermanentCrop_726.tif,6,PermanentCrop,6,PermanentCrop,0.9715747833251953,True,-7.609049,-22.775433
1248,C:\Users\DELL Precision 5550\Documents\GitHub\Terrasight-Eurosat-RGB-vs-Multispectral\data\raw\multispectral\HerbaceousVegetation\HerbaceousVegetation_2054.tif,2,HerbaceousVegetation,2,HerbaceousVegetation,0.9919824004173279,True,-2.4129033,-0.41862553
1249,C:\Users\DELL Precision 5550\Documents\GitHub\Terrasight-Eurosat-RGB-vs-Multispectral\data\raw\multispectral\HerbaceousVegetation\HerbaceousVegetation_1730.tif,2,HerbaceousVegetation,2,HerbaceousVegetation,0.988805890083313,True,4.4218473,3.9372733
1250,C:\Users\DELL Precision 5550\Documents\GitHub\Terrasight-Eurosat-RGB-vs-Multispectral\data\raw\multispectral\Industrial\Industrial_1098.tif,4,Industrial,4,Industrial,0.9999921321868896,True,45.536327,-25.476505
1251,C:\Users\DELL Precision 5550\Documents\GitHub\Terrasight-Eurosat-RGB-vs-Multispectral\data\raw\multispectral\SeaLake\SeaLake_862.tif,9,SeaLake,9,SeaLake,0.9993878602981567,True,-10.215718,42.80201
1252,C:\Users\DELL Precision 5550\Documents\GitHub\Terrasight-Eurosat-RGB-vs-Multispectral\data\raw\multispectral\HerbaceousVegetation\HerbaceousVegetation_2213.tif,2,HerbaceousVegetation,2,HerbaceousVegetation,0.9978078007698059,True,-13.814129,2.711119
1253,C:\Users\DELL Precision 5550\Documents\GitHub\Terrasight-Eurosat-RGB-vs-Multispectral\data\raw\multispectral\AnnualCrop\AnnualCrop_1695.tif,0,AnnualCrop,0,AnnualCrop,0.9978697299957275,True,-26.509926,-36.851257
1254,C:\Users\DELL Precision 5550\Documents\GitHub\Terrasight-Eurosat-RGB-vs-Multispectral\data\raw\multispectral\Highway\Highway_2080.tif,3,Highway,3,Highway,0.9996356964111328,True,14.247318,-58.28642
1255,C:\Users\DELL Precision 5550\Documents\GitHub\Terrasight-Eurosat-RGB-vs-Multispectral\data\raw\multispectral\Industrial\Industrial_2372.tif,4,Industrial,4,Industrial,0.9992105960845947,True,33.98633,-24.57947
1256,C:\Users\DELL Precision 5550\Documents\GitHub\Terrasight-Eurosat-RGB-vs-Multispectral\data\raw\multispectral\Highway\Highway_1765.tif,3,Highway,3,Highway,0.9998006224632263,True,10.631167,-53.51319
1257,C:\Users\DELL Precision 5550\Documents\GitHub\Terrasight-Eurosat-RGB-vs-Multispectral\data\raw\multispectral\Residential\Residential_2463.tif,7,Residential,7,Residential,1.0,True,56.72295,16.332954
1258,C:\Users\DELL Precision 5550\Documents\GitHub\Terrasight-Eurosat-RGB-vs-Multispectral\data\raw\multispectral\Forest\Forest_1564.tif,1,Forest,1,Forest,0.9998181462287903,True,17.952623,38.88839
1259,C:\Users\DELL Precision 5550\Documents\GitHub\Terrasight-Eurosat-RGB-vs-Multispectral\data\raw\multispectral\AnnualCrop\AnnualCrop_1972.tif,0,AnnualCrop,0,AnnualCrop,0.9959172606468201,True,-30.453062,-24.308939
1260,C:\Users\DELL Precision 5550\Documents\GitHub\Terrasight-Eurosat-RGB-vs-Multispectral\data\raw\multispectral\Highway\Highway_323.tif,3,Highway,3,Highway,0.9830254316329956,True,10.209588,-49.700047
1261,C:\Users\DELL Precision 5550\Documents\GitHub\Terrasight-Eurosat-RGB-vs-Multispectral\data\raw\multispectral\PermanentCrop\PermanentCrop_320.tif,6,PermanentCrop,6,PermanentCrop,0.5694596171379089,True,2.0855918,-16.000383
1262,C:\Users\DELL Precision 5550\Documents\GitHub\Terrasight-Eurosat-RGB-vs-Multispectral\data\raw\multispectral\HerbaceousVegetation\HerbaceousVegetation_94.tif,2,HerbaceousVegetation,2,HerbaceousVegetation,0.999783456325531,True,-11.163395,8.543371
1263,C:\Users\DELL Precision 5550\Documents\GitHub\Terrasight-Eurosat-RGB-vs-Multispectral\data\raw\multispectral\Forest\Forest_497.tif,1,Forest,1,Forest,0.9283028841018677,True,10.751827,24.20179
1264,C:\Users\DELL Precision 5550\Documents\GitHub\Terrasight-Eurosat-RGB-vs-Multispectral\data\raw\multispectral\Industrial\Industrial_723.tif,4,Industrial,4,Industrial,0.9999711513519287,True,48.38544,-24.109447
1265,C:\Users\DELL Precision 5550\Documents\GitHub\Terrasight-Eurosat-RGB-vs-Multispectral\data\raw\multispectral\Highway\Highway_2159.tif,3,Highway,3,Highway,0.9942668080329895,True,9.267796,-56.204414
1266,C:\Users\DELL Precision 5550\Documents\GitHub\Terrasight-Eurosat-RGB-vs-Multispectral\data\raw\multispectral\HerbaceousVegetation\HerbaceousVegetation_2790.tif,2,HerbaceousVegetation,2,HerbaceousVegetation,0.989342212677002,True,-13.222068,1.0097749
1267,C:\Users\DELL Precision 5550\Documents\GitHub\Terrasight-Eurosat-RGB-vs-Multispectral\data\raw\multispectral\Industrial\Industrial_362.tif,4,Industrial,4,Industrial,0.998820960521698,True,37.688488,-21.225006
1268,C:\Users\DELL Precision 5550\Documents\GitHub\Terrasight-Eurosat-RGB-vs-Multispectral\data\raw\multispectral\AnnualCrop\AnnualCrop_572.tif,0,AnnualCrop,0,AnnualCrop,0.9985892176628113,True,-28.419807,-32.7722
1269,C:\Users\DELL Precision 5550\Documents\GitHub\Terrasight-Eurosat-RGB-vs-Multispectral\data\raw\multispectral\Residential\Residential_675.tif,7,Residential,7,Residential,0.9999990463256836,True,45.43096,12.562489
1270,C:\Users\DELL Precision 5550\Documents\GitHub\Terrasight-Eurosat-RGB-vs-Multispectral\data\raw\multispectral\Highway\Highway_1387.tif,3,Highway,3,Highway,0.9018529057502747,True,24.851763,-50.921684
1271,C:\Users\DELL Precision 5550\Documents\GitHub\Terrasight-Eurosat-RGB-vs-Multispectral\data\raw\multispectral\Pasture\Pasture_1470.tif,5,Pasture,5,Pasture,0.9772042036056519,True,-35.72566,-7.323494
1272,C:\Users\DELL Precision 5550\Documents\GitHub\Terrasight-Eurosat-RGB-vs-Multispectral\data\raw\multispectral\Highway\Highway_425.tif,3,Highway,3,Highway,0.9988808035850525,True,13.936132,-55.563946
1273,C:\Users\DELL Precision 5550\Documents\GitHub\Terrasight-Eurosat-RGB-vs-Multispectral\data\raw\multispectral\River\River_869.tif,8,River,8,River,0.9996367692947388,True,-38.438255,25.87215
1274,C:\Users\DELL Precision 5550\Documents\GitHub\Terrasight-Eurosat-RGB-vs-Multispectral\data\raw\multispectral\Forest\Forest_1059.tif,1,Forest,1,Forest,0.993656575679779,True,12.897977,20.425043
1275,C:\Users\DELL Precision 5550\Documents\GitHub\Terrasight-Eurosat-RGB-vs-Multispectral\data\raw\multispectral\River\River_1431.tif,8,River,8,River,0.9991905093193054,True,-38.34179,30.184109
1276,C:\Users\DELL Precision 5550\Documents\GitHub\Terrasight-Eurosat-RGB-vs-Multispectral\data\raw\multispectral\PermanentCrop\PermanentCrop_1304.tif,6,PermanentCrop,6,PermanentCrop,0.9968273043632507,True,-4.7395105,-25.30283
1277,C:\Users\DELL Precision 5550\Documents\GitHub\Terrasight-Eurosat-RGB-vs-Multispectral\data\raw\multispectral\River\River_1311.tif,8,River,8,River,0.9997633099555969,True,-43.67579,27.688217
1278,C:\Users\DELL Precision 5550\Documents\GitHub\Terrasight-Eurosat-RGB-vs-Multispectral\data\raw\multispectral\HerbaceousVegetation\HerbaceousVegetation_1548.tif,2,HerbaceousVegetation,2,HerbaceousVegetation,0.9995788931846619,True,-3.3239284,8.81262
1279,C:\Users\DELL Precision 5550\Documents\GitHub\Terrasight-Eurosat-RGB-vs-Multispectral\data\raw\multispectral\Forest\Forest_2427.tif,1,Forest,1,Forest,0.9984797835350037,True,26.133213,41.296284
1280,C:\Users\DELL Precision 5550\Documents\GitHub\Terrasight-Eurosat-RGB-vs-Multispectral\data\raw\multispectral\River\River_786.tif,8,River,3,Highway,0.5634207725524902,False,2.3081398,-50.580315
1281,C:\Users\DELL Precision 5550\Documents\GitHub\Terrasight-Eurosat-RGB-vs-Multispectral\data\raw\multispectral\Industrial\Industrial_828.tif,4,Industrial,4,Industrial,0.9918815493583679,True,40.141468,-18.873144
1282,C:\Users\DELL Precision 5550\Documents\GitHub\Terrasight-Eurosat-RGB-vs-Multispectral\data\raw\multispectral\Pasture\Pasture_1309.tif,5,Pasture,5,Pasture,0.9994827508926392,True,-34.470253,-2.5075269
1283,C:\Users\DELL Precision 5550\Documents\GitHub\Terrasight-Eurosat-RGB-vs-Multispectral\data\raw\multispectral\HerbaceousVegetation\HerbaceousVegetation_1430.tif,2,HerbaceousVegetation,2,HerbaceousVegetation,0.9538043141365051,True,-13.813528,-2.0296295
1284,C:\Users\DELL Precision 5550\Documents\GitHub\Terrasight-Eurosat-RGB-vs-Multispectral\data\raw\multispectral\AnnualCrop\AnnualCrop_229.tif,0,AnnualCrop,0,AnnualCrop,0.9960228204727173,True,-28.950695,-25.333754
1285,C:\Users\DELL Precision 5550\Documents\GitHub\Terrasight-Eurosat-RGB-vs-Multispectral\data\raw\multispectral\Residential\Residential_1723.tif,7,Residential,7,Residential,0.9999898672103882,True,47.401493,8.366289
1286,C:\Users\DELL Precision 5550\Documents\GitHub\Terrasight-Eurosat-RGB-vs-Multispectral\data\raw\multispectral\Industrial\Industrial_864.tif,4,Industrial,4,Industrial,0.999981164932251,True,44.361034,-26.82245
1287,C:\Users\DELL Precision 5550\Documents\GitHub\Terrasight-Eurosat-RGB-vs-Multispectral\data\raw\multispectral\Forest\Forest_2240.tif,1,Forest,1,Forest,0.9999692440032959,True,27.282305,34.970757
1288,C:\Users\DELL Precision 5550\Documents\GitHub\Terrasight-Eurosat-RGB-vs-Multispectral\data\raw\multispectral\HerbaceousVegetation\HerbaceousVegetation_1827.tif,2,HerbaceousVegetation,2,HerbaceousVegetation,0.9982731342315674,True,-13.05716,4.966763
1289,C:\Users\DELL Precision 5550\Documents\GitHub\Terrasight-Eurosat-RGB-vs-Multispectral\data\raw\multispectral\PermanentCrop\PermanentCrop_805.tif,6,PermanentCrop,6,PermanentCrop,0.9982976317405701,True,-0.3505843,-22.825909
1290,C:\Users\DELL Precision 5550\Documents\GitHub\Terrasight-Eurosat-RGB-vs-Multispectral\data\raw\multispectral\Residential\Residential_289.tif,7,Residential,7,Residential,0.9999985694885254,True,49.775795,9.184661
1291,C:\Users\DELL Precision 5550\Documents\GitHub\Terrasight-Eurosat-RGB-vs-Multispectral\data\raw\multispectral\Residential\Residential_2638.tif,7,Residential,7,Residential,0.9873955845832825,True,34.26163,1.1514124
1292,C:\Users\DELL Precision 5550\Documents\GitHub\Terrasight-Eurosat-RGB-vs-Multispectral\data\raw\multispectral\HerbaceousVegetation\HerbaceousVegetation_2785.tif,2,HerbaceousVegetation,2,HerbaceousVegetation,0.9739884734153748,True,-1.2290187,-2.2974992
1293,C:\Users\DELL Precision 5550\Documents\GitHub\Terrasight-Eurosat-RGB-vs-Multispectral\data\raw\multispectral\AnnualCrop\AnnualCrop_879.tif,0,AnnualCrop,0,AnnualCrop,0.9928516745567322,True,-32.277363,-22.993551
1294,C:\Users\DELL Precision 5550\Documents\GitHub\Terrasight-Eurosat-RGB-vs-Multispectral\data\raw\multispectral\Residential\Residential_37.tif,7,Residential,7,Residential,0.9993135929107666,True,37.251205,-1.8040409
1295,C:\Users\DELL Precision 5550\Documents\GitHub\Terrasight-Eurosat-RGB-vs-Multispectral\data\raw\multispectral\SeaLake\SeaLake_1237.tif,9,SeaLake,9,SeaLake,0.9996110796928406,True,-3.239895,55.570873
1296,C:\Users\DELL Precision 5550\Documents\GitHub\Terrasight-Eurosat-RGB-vs-Multispectral\data\raw\multispectral\Industrial\Industrial_235.tif,4,Industrial,4,Industrial,0.9988344311714172,True,38.06071,-22.719347
1297,C:\Users\DELL Precision 5550\Documents\GitHub\Terrasight-Eurosat-RGB-vs-Multispectral\data\raw\multispectral\HerbaceousVegetation\HerbaceousVegetation_441.tif,2,HerbaceousVegetation,2,HerbaceousVegetation,0.97764652967453,True,-16.355877,4.5376267
1298,C:\Users\DELL Precision 5550\Documents\GitHub\Terrasight-Eurosat-RGB-vs-Multispectral\data\raw\multispectral\Highway\Highway_1489.tif,3,Highway,3,Highway,0.7941119074821472,True,6.43462,-47.55315
1299,C:\Users\DELL Precision 5550\Documents\GitHub\Terrasight-Eurosat-RGB-vs-Multispectral\data\raw\multispectral\HerbaceousVegetation\HerbaceousVegetation_1754.tif,2,HerbaceousVegetation,2,HerbaceousVegetation,0.97430419921875,True,-15.655647,0.61168176
1300,C:\Users\DELL Precision 5550\Documents\GitHub\Terrasight-Eurosat-RGB-vs-Multispectral\data\raw\multispectral\River\River_172.tif,8,River,8,River,0.9981902241706848,True,-48.614246,19.913263
1301,C:\Users\DELL Precision 5550\Documents\GitHub\Terrasight-Eurosat-RGB-vs-Multispectral\data\raw\multispectral\HerbaceousVegetation\HerbaceousVegetation_2228.tif,2,HerbaceousVegetation,2,HerbaceousVegetation,0.9820446968078613,True,-16.375015,4.9459352
1302,C:\Users\DELL Precision 5550\Documents\GitHub\Terrasight-Eurosat-RGB-vs-Multispectral\data\raw\multispectral\SeaLake\SeaLake_608.tif,9,SeaLake,9,SeaLake,0.9520936012268066,True,-12.008507,34.5381
1303,C:\Users\DELL Precision 5550\Documents\GitHub\Terrasight-Eurosat-RGB-vs-Multispectral\data\raw\multispectral\HerbaceousVegetation\HerbaceousVegetation_86.tif,2,HerbaceousVegetation,2,HerbaceousVegetation,0.9999525547027588,True,-4.4713645,12.152689
1304,C:\Users\DELL Precision 5550\Documents\GitHub\Terrasight-Eurosat-RGB-vs-Multispectral\data\raw\multispectral\Pasture\Pasture_1653.tif,5,Pasture,2,HerbaceousVegetation,0.7441347241401672,False,-17.460854,-1.4927922
1305,C:\Users\DELL Precision 5550\Documents\GitHub\Terrasight-Eurosat-RGB-vs-Multispectral\data\raw\multispectral\Forest\Forest_2748.tif,1,Forest,1,Forest,0.9988555908203125,True,20.815289,33.24596
1306,C:\Users\DELL Precision 5550\Documents\GitHub\Terrasight-Eurosat-RGB-vs-Multispectral\data\raw\multispectral\HerbaceousVegetation\HerbaceousVegetation_1262.tif,2,HerbaceousVegetation,2,HerbaceousVegetation,0.9545660614967346,True,-1.1411145,-2.6341507
1307,C:\Users\DELL Precision 5550\Documents\GitHub\Terrasight-Eurosat-RGB-vs-Multispectral\data\raw\multispectral\AnnualCrop\AnnualCrop_2193.tif,0,AnnualCrop,0,AnnualCrop,0.4629169702529907,True,-24.213778,-20.909306
1308,C:\Users\DELL Precision 5550\Documents\GitHub\Terrasight-Eurosat-RGB-vs-Multispectral\data\raw\multispectral\SeaLake\SeaLake_1638.tif,9,SeaLake,9,SeaLake,0.9998295307159424,True,-12.845166,53.216404
1309,C:\Users\DELL Precision 5550\Documents\GitHub\Terrasight-Eurosat-RGB-vs-Multispectral\data\raw\multispectral\River\River_1572.tif,8,River,8,River,0.9958212375640869,True,-40.040565,23.896997
1310,C:\Users\DELL Precision 5550\Documents\GitHub\Terrasight-Eurosat-RGB-vs-Multispectral\data\raw\multispectral\River\River_765.tif,8,River,8,River,0.9866042733192444,True,-43.891888,19.208046
1311,C:\Users\DELL Precision 5550\Documents\GitHub\Terrasight-Eurosat-RGB-vs-Multispectral\data\raw\multispectral\Pasture\Pasture_962.tif,5,Pasture,5,Pasture,0.9993519186973572,True,-35.437286,-5.172942
1312,C:\Users\DELL Precision 5550\Documents\GitHub\Terrasight-Eurosat-RGB-vs-Multispectral\data\raw\multispectral\Forest\Forest_15.tif,1,Forest,1,Forest,0.8990218043327332,True,9.293733,17.317062
1313,C:\Users\DELL Precision 5550\Documents\GitHub\Terrasight-Eurosat-RGB-vs-Multispectral\data\raw\multispectral\Residential\Residential_61.tif,7,Residential,7,Residential,0.999995231628418,True,40.86975,10.661954
1314,C:\Users\DELL Precision 5550\Documents\GitHub\Terrasight-Eurosat-RGB-vs-Multispectral\data\raw\multispectral\SeaLake\SeaLake_2347.tif,9,SeaLake,9,SeaLake,0.9999990463256836,True,-0.76991075,67.43804
1315,C:\Users\DELL Precision 5550\Documents\GitHub\Terrasight-Eurosat-RGB-vs-Multispectral\data\raw\multispectral\River\River_2181.tif,8,River,8,River,0.9988551139831543,True,-50.05544,19.98033
1316,C:\Users\DELL Precision 5550\Documents\GitHub\Terrasight-Eurosat-RGB-vs-Multispectral\data\raw\multispectral\Forest\Forest_1361.tif,1,Forest,1,Forest,0.9995922446250916,True,20.448153,39.899666
1317,C:\Users\DELL Precision 5550\Documents\GitHub\Terrasight-Eurosat-RGB-vs-Multispectral\data\raw\multispectral\PermanentCrop\PermanentCrop_377.tif,6,PermanentCrop,6,PermanentCrop,0.9911612272262573,True,2.752194,-18.18842
1318,C:\Users\DELL Precision 5550\Documents\GitHub\Terrasight-Eurosat-RGB-vs-Multispectral\data\raw\multispectral\PermanentCrop\PermanentCrop_2023.tif,6,PermanentCrop,6,PermanentCrop,0.9551972150802612,True,6.0701623,-15.480037
1319,C:\Users\DELL Precision 5550\Documents\GitHub\Terrasight-Eurosat-RGB-vs-Multispectral\data\raw\multispectral\Residential\Residential_88.tif,7,Residential,7,Residential,0.9544562101364136,True,45.775005,-2.1544049
1320,C:\Users\DELL Precision 5550\Documents\GitHub\Terrasight-Eurosat-RGB-vs-Multispectral\data\raw\multispectral\HerbaceousVegetation\HerbaceousVegetation_1052.tif,2,HerbaceousVegetation,2,HerbaceousVegetation,0.9706291556358337,True,-1.7927551,-3.049352
1321,C:\Users\DELL Precision 5550\Documents\GitHub\Terrasight-Eurosat-RGB-vs-Multispectral\data\raw\multispectral\SeaLake\SeaLake_2004.tif,9,SeaLake,9,SeaLake,0.9999806880950928,True,-8.908564,62.007706
1322,C:\Users\DELL Precision 5550\Documents\GitHub\Terrasight-Eurosat-RGB-vs-Multispectral\data\raw\multispectral\Highway\Highway_2238.tif,3,Highway,3,Highway,0.9962891340255737,True,8.150382,-53.333855
1323,C:\Users\DELL Precision 5550\Documents\GitHub\Terrasight-Eurosat-RGB-vs-Multispectral\data\raw\multispectral\Residential\Residential_1413.tif,7,Residential,7,Residential,0.9973478317260742,True,41.106194,12.780632
1324,C:\Users\DELL Precision 5550\Documents\GitHub\Terrasight-Eurosat-RGB-vs-Multispectral\data\raw\multispectral\HerbaceousVegetation\HerbaceousVegetation_225.tif,2,HerbaceousVegetation,2,HerbaceousVegetation,0.8781905770301819,True,9.005593,2.8441792
1325,C:\Users\DELL Precision 5550\Documents\GitHub\Terrasight-Eurosat-RGB-vs-Multispectral\data\raw\multispectral\Forest\Forest_329.tif,1,Forest,1,Forest,0.9997010231018066,True,17.292494,37.130463
1326,C:\Users\DELL Precision 5550\Documents\GitHub\Terrasight-Eurosat-RGB-vs-Multispectral\data\raw\multispectral\AnnualCrop\AnnualCrop_1749.tif,0,AnnualCrop,0,AnnualCrop,0.9801287055015564,True,-30.151308,-34.58631
1327,C:\Users\DELL Precision 5550\Documents\GitHub\Terrasight-Eurosat-RGB-vs-Multispectral\data\raw\multispectral\Forest\Forest_532.tif,1,Forest,1,Forest,0.9509900212287903,True,11.676236,22.919252
1328,C:\Users\DELL Precision 5550\Documents\GitHub\Terrasight-Eurosat-RGB-vs-Multispectral\data\raw\multispectral\AnnualCrop\AnnualCrop_2535.tif,0,AnnualCrop,0,AnnualCrop,0.9481850266456604,True,-21.286833,-26.817616
1329,C:\Users\DELL Precision 5550\Documents\GitHub\Terrasight-Eurosat-RGB-vs-Multispectral\data\raw\multispectral\Highway\Highway_1149.tif,3,Highway,3,Highway,0.9984821677207947,True,16.287975,-53.101753
1330,C:\Users\DELL Precision 5550\Documents\GitHub\Terrasight-Eurosat-RGB-vs-Multispectral\data\raw\multispectral\SeaLake\SeaLake_2431.tif,9,SeaLake,9,SeaLake,0.9993700385093689,True,-9.808985,47.980896
1331,C:\Users\DELL Precision 5550\Documents\GitHub\Terrasight-Eurosat-RGB-vs-Multispectral\data\raw\multispectral\HerbaceousVegetation\HerbaceousVegetation_867.tif,2,HerbaceousVegetation,2,HerbaceousVegetation,0.9943093061447144,True,-14.841823,2.63012
1332,C:\Users\DELL Precision 5550\Documents\GitHub\Terrasight-Eurosat-RGB-vs-Multispectral\data\raw\multispectral\AnnualCrop\AnnualCrop_1839.tif,0,AnnualCrop,0,AnnualCrop,0.9551550149917603,True,-25.231482,-30.808985
1333,C:\Users\DELL Precision 5550\Documents\GitHub\Terrasight-Eurosat-RGB-vs-Multispectral\data\raw\multispectral\SeaLake\SeaLake_2525.tif,9,SeaLake,9,SeaLake,0.9999655485153198,True,-6.963419,58.28189
1334,C:\Users\DELL Precision 5550\Documents\GitHub\Terrasight-Eurosat-RGB-vs-Multispectral\data\raw\multispectral\SeaLake\SeaLake_2817.tif,9,SeaLake,9,SeaLake,0.9989357590675354,True,-11.833993,43.43288
1335,C:\Users\DELL Precision 5550\Documents\GitHub\Terrasight-Eurosat-RGB-vs-Multispectral\data\raw\multispectral\SeaLake\SeaLake_507.tif,9,SeaLake,9,SeaLake,0.9999192953109741,True,-8.940485,56.2357
1336,C:\Users\DELL Precision 5550\Documents\GitHub\Terrasight-Eurosat-RGB-vs-Multispectral\data\raw\multispectral\AnnualCrop\AnnualCrop_859.tif,0,AnnualCrop,0,AnnualCrop,0.9990167617797852,True,-36.384827,-36.340355
1337,C:\Users\DELL Precision 5550\Documents\GitHub\Terrasight-Eurosat-RGB-vs-Multispectral\data\raw\multispectral\PermanentCrop\PermanentCrop_1956.tif,6,PermanentCrop,6,PermanentCrop,0.9998828172683716,True,-1.9030135,-28.578432
1338,C:\Users\DELL Precision 5550\Documents\GitHub\Terrasight-Eurosat-RGB-vs-Multispectral\data\raw\multispectral\Forest\Forest_1567.tif,1,Forest,1,Forest,0.9972336888313293,True,20.678892,34.229156
1339,C:\Users\DELL Precision 5550\Documents\GitHub\Terrasight-Eurosat-RGB-vs-Multispectral\data\raw\multispectral\HerbaceousVegetation\HerbaceousVegetation_402.tif,2,HerbaceousVegetation,2,HerbaceousVegetation,0.9505764245986938,True,-1.9591125,-3.6785092
1340,C:\Users\DELL Precision 5550\Documents\GitHub\Terrasight-Eurosat-RGB-vs-Multispectral\data\raw\multispectral\Residential\Residential_1896.tif,7,Residential,2,HerbaceousVegetation,0.5798349380493164,False,34.540226,4.508492
1341,C:\Users\DELL Precision 5550\Documents\GitHub\Terrasight-Eurosat-RGB-vs-Multispectral\data\raw\multispectral\SeaLake\SeaLake_1372.tif,9,SeaLake,9,SeaLake,0.9999804496765137,True,3.8350778,66.77092
1342,C:\Users\DELL Precision 5550\Documents\GitHub\Terrasight-Eurosat-RGB-vs-Multispectral\data\raw\multispectral\River\River_2356.tif,8,River,8,River,0.9995953440666199,True,-36.627388,21.504616
1343,C:\Users\DELL Precision 5550\Documents\GitHub\Terrasight-Eurosat-RGB-vs-Multispectral\data\raw\multispectral\Industrial\Industrial_1346.tif,4,Industrial,4,Industrial,0.8948976993560791,True,29.094961,-21.21424
1344,C:\Users\DELL Precision 5550\Documents\GitHub\Terrasight-Eurosat-RGB-vs-Multispectral\data\raw\multispectral\SeaLake\SeaLake_1732.tif,9,SeaLake,9,SeaLake,0.9891989827156067,True,-15.141732,45.730595
1345,C:\Users\DELL Precision 5550\Documents\GitHub\Terrasight-Eurosat-RGB-vs-Multispectral\data\raw\multispectral\Highway\Highway_1928.tif,3,Highway,3,Highway,0.9945995807647705,True,21.256441,-53.754402
1346,C:\Users\DELL Precision 5550\Documents\GitHub\Terrasight-Eurosat-RGB-vs-Multispectral\data\raw\multispectral\Forest\Forest_1817.tif,1,Forest,1,Forest,0.9992114305496216,True,12.430802,33.8763
1347,C:\Users\DELL Precision 5550\Documents\GitHub\Terrasight-Eurosat-RGB-vs-Multispectral\data\raw\multispectral\SeaLake\SeaLake_2059.tif,9,SeaLake,9,SeaLake,0.9999854564666748,True,-6.287274,61.119904
1348,C:\Users\DELL Precision 5550\Documents\GitHub\Terrasight-Eurosat-RGB-vs-Multispectral\data\raw\multispectral\River\River_1469.tif,8,River,8,River,0.9989446997642517,True,-48.19884,20.003904
1349,C:\Users\DELL Precision 5550\Documents\GitHub\Terrasight-Eurosat-RGB-vs-Multispectral\data\raw\multispectral\Forest\Forest_132.tif,1,Forest,1,Forest,0.9855269193649292,True,13.327623,26.622091
1350,C:\Users\DELL Precision 5550\Documents\GitHub\Terrasight-Eurosat-RGB-vs-Multispectral\data\raw\multispectral\AnnualCrop\AnnualCrop_1001.tif,0,AnnualCrop,0,AnnualCrop,0.9959010481834412,True,-25.1,-41.91593
1351,C:\Users\DELL Precision 5550\Documents\GitHub\Terrasight-Eurosat-RGB-vs-Multispectral\data\raw\multispectral\SeaLake\SeaLake_2805.tif,9,SeaLake,9,SeaLake,0.999993085861206,True,-4.4290543,64.561745
1352,C:\Users\DELL Precision 5550\Documents\GitHub\Terrasight-Eurosat-RGB-vs-Multispectral\data\raw\multispectral\HerbaceousVegetation\HerbaceousVegetation_1763.tif,2,HerbaceousVegetation,2,HerbaceousVegetation,0.9999327659606934,True,-5.4011445,12.114634
1353,C:\Users\DELL Precision 5550\Documents\GitHub\Terrasight-Eurosat-RGB-vs-Multispectral\data\raw\multispectral\River\River_823.tif,8,River,8,River,0.9889618754386902,True,-37.37171,16.351137
1354,C:\Users\DELL Precision 5550\Documents\GitHub\Terrasight-Eurosat-RGB-vs-Multispectral\data\raw\multispectral\PermanentCrop\PermanentCrop_2110.tif,6,PermanentCrop,2,HerbaceousVegetation,0.9599357843399048,False,-3.8170936,-7.3105927
1355,C:\Users\DELL Precision 5550\Documents\GitHub\Terrasight-Eurosat-RGB-vs-Multispectral\data\raw\multispectral\Industrial\Industrial_513.tif,4,Industrial,4,Industrial,0.9991791844367981,True,37.84247,-18.962479
1356,C:\Users\DELL Precision 5550\Documents\GitHub\Terrasight-Eurosat-RGB-vs-Multispectral\data\raw\multispectral\River\River_117.tif,8,River,8,River,0.9998124241828918,True,-43.052223,25.810064
1357,C:\Users\DELL Precision 5550\Documents\GitHub\Terrasight-Eurosat-RGB-vs-Multispectral\data\raw\multispectral\Highway\Highway_1789.tif,3,Highway,3,Highway,0.8583880066871643,True,21.135113,-46.88124
1358,C:\Users\DELL Precision 5550\Documents\GitHub\Terrasight-Eurosat-RGB-vs-Multispectral\data\raw\multispectral\Residential\Residential_264.tif,7,Residential,7,Residential,0.9983845949172974,True,36.221493,3.5710006
1359,C:\Users\DELL Precision 5550\Documents\GitHub\Terrasight-Eurosat-RGB-vs-Multispectral\data\raw\multispectral\Residential\Residential_2582.tif,7,Residential,7,Residential,0.9999991655349731,True,45.40714,12.896087
1360,C:\Users\DELL Precision 5550\Documents\GitHub\Terrasight-Eurosat-RGB-vs-Multispectral\data\raw\multispectral\Residential\Residential_233.tif,7,Residential,7,Residential,1.0,True,56.209614,14.670722
1361,C:\Users\DELL Precision 5550\Documents\GitHub\Terrasight-Eurosat-RGB-vs-Multispectral\data\raw\multispectral\Pasture\Pasture_1753.tif,5,Pasture,5,Pasture,0.9880362749099731,True,-29.861029,-6.957779
1362,C:\Users\DELL Precision 5550\Documents\GitHub\Terrasight-Eurosat-RGB-vs-Multispectral\data\raw\multispectral\Forest\Forest_2805.tif,1,Forest,1,Forest,0.999710738658905,True,19.156202,33.544376
1363,C:\Users\DELL Precision 5550\Documents\GitHub\Terrasight-Eurosat-RGB-vs-Multispectral\data\raw\multispectral\Pasture\Pasture_924.tif,5,Pasture,5,Pasture,0.8006505370140076,True,-28.217524,-7.0409307
1364,C:\Users\DELL Precision 5550\Documents\GitHub\Terrasight-Eurosat-RGB-vs-Multispectral\data\raw\multispectral\SeaLake\SeaLake_1708.tif,9,SeaLake,9,SeaLake,0.9999940395355225,True,0.6525154,61.692337
1365,C:\Users\DELL Precision 5550\Documents\GitHub\Terrasight-Eurosat-RGB-vs-Multispectral\data\raw\multispectral\PermanentCrop\PermanentCrop_2233.tif,6,PermanentCrop,6,PermanentCrop,0.9917117357254028,True,-10.181209,-31.353949
1366,C:\Users\DELL Precision 5550\Documents\GitHub\Terrasight-Eurosat-RGB-vs-Multispectral\data\raw\multispectral\Forest\Forest_1706.tif,1,Forest,1,Forest,0.9973223805427551,True,17.04576,35.297947
1367,C:\Users\DELL Precision 5550\Documents\GitHub\Terrasight-Eurosat-RGB-vs-Multispectral\data\raw\multispectral\Industrial\Industrial_451.tif,4,Industrial,4,Industrial,0.9986125230789185,True,37.776825,-29.190746
1368,C:\Users\DELL Precision 5550\Documents\GitHub\Terrasight-Eurosat-RGB-vs-Multispectral\data\raw\multispectral\River\River_1367.tif,8,River,8,River,0.9951693415641785,True,-35.490005,16.58369
1369,C:\Users\DELL Precision 5550\Documents\GitHub\Terrasight-Eurosat-RGB-vs-Multispectral\data\raw\multispectral\HerbaceousVegetation\HerbaceousVegetation_617.tif,2,HerbaceousVegetation,2,HerbaceousVegetation,0.9903546571731567,True,5.82739,-2.931774
1370,C:\Users\DELL Precision 5550\Documents\GitHub\Terrasight-Eurosat-RGB-vs-Multispectral\data\raw\multispectral\HerbaceousVegetation\HerbaceousVegetation_365.tif,2,HerbaceousVegetation,2,HerbaceousVegetation,0.999531626701355,True,-2.5653048,9.037645
1371,C:\Users\DELL Precision 5550\Documents\GitHub\Terrasight-Eurosat-RGB-vs-Multispectral\data\raw\multispectral\Highway\Highway_1711.tif,3,Highway,3,Highway,0.9942867159843445,True,15.187861,-51.413704
1372,C:\Users\DELL Precision 5550\Documents\GitHub\Terrasight-Eurosat-RGB-vs-Multispectral\data\raw\multispectral\Industrial\Industrial_1507.tif,4,Industrial,4,Industrial,0.9775093793869019,True,41.497116,-9.47393
1373,C:\Users\DELL Precision 5550\Documents\GitHub\Terrasight-Eurosat-RGB-vs-Multispectral\data\raw\multispectral\Pasture\Pasture_1786.tif,5,Pasture,9,SeaLake,0.9320015907287598,False,-14.499268,41.077637
1374,C:\Users\DELL Precision 5550\Documents\GitHub\Terrasight-Eurosat-RGB-vs-Multispectral\data\raw\multispectral\Forest\Forest_1541.tif,1,Forest,1,Forest,0.9629705548286438,True,9.920225,17.894299
1375,C:\Users\DELL Precision 5550\Documents\GitHub\Terrasight-Eurosat-RGB-vs-Multispectral\data\raw\multispectral\Pasture\Pasture_1076.tif,5,Pasture,5,Pasture,0.9830672144889832,True,-38.49207,-9.839164
1376,C:\Users\DELL Precision 5550\Documents\GitHub\Terrasight-Eurosat-RGB-vs-Multispectral\data\raw\multispectral\AnnualCrop\AnnualCrop_926.tif,0,AnnualCrop,0,AnnualCrop,0.9908711314201355,True,-34.68927,-28.670547
1377,C:\Users\DELL Precision 5550\Documents\GitHub\Terrasight-Eurosat-RGB-vs-Multispectral\data\raw\multispectral\Pasture\Pasture_997.tif,5,Pasture,5,Pasture,0.7391436100006104,True,-36.654682,-13.326654
1378,C:\Users\DELL Precision 5550\Documents\GitHub\Terrasight-Eurosat-RGB-vs-Multispectral\data\raw\multispectral\River\River_1786.tif,8,River,8,River,0.999610960483551,True,-38.002712,24.591478
1379,C:\Users\DELL Precision 5550\Documents\GitHub\Terrasight-Eurosat-RGB-vs-Multispectral\data\raw\multispectral\Pasture\Pasture_892.tif,5,Pasture,5,Pasture,0.9956547021865845,True,-33.98052,-8.359961
1380,C:\Users\DELL Precision 5550\Documents\GitHub\Terrasight-Eurosat-RGB-vs-Multispectral\data\raw\multispectral\Forest\Forest_607.tif,1,Forest,1,Forest,0.9997435212135315,True,17.465256,36.48919
1381,C:\Users\DELL Precision 5550\Documents\GitHub\Terrasight-Eurosat-RGB-vs-Multispectral\data\raw\multispectral\PermanentCrop\PermanentCrop_404.tif,6,PermanentCrop,6,PermanentCrop,0.951073944568634,True,-10.521664,-32.294884
1382,C:\Users\DELL Precision 5550\Documents\GitHub\Terrasight-Eurosat-RGB-vs-Multispectral\data\raw\multispectral\AnnualCrop\AnnualCrop_2102.tif,0,AnnualCrop,0,AnnualCrop,0.9941417574882507,True,-28.717518,-43.099453
1383,C:\Users\DELL Precision 5550\Documents\GitHub\Terrasight-Eurosat-RGB-vs-Multispectral\data\raw\multispectral\HerbaceousVegetation\HerbaceousVegetation_1532.tif,2,HerbaceousVegetation,2,HerbaceousVegetation,0.9833680987358093,True,-6.3225894,0.13465047
1384,C:\Users\DELL Precision 5550\Documents\GitHub\Terrasight-Eurosat-RGB-vs-Multispectral\data\raw\multispectral\Pasture\Pasture_1646.tif,5,Pasture,5,Pasture,0.9979075193405151,True,-42.827755,-3.0063298
1385,C:\Users\DELL Precision 5550\Documents\GitHub\Terrasight-Eurosat-RGB-vs-Multispectral\data\raw\multispectral\Residential\Residential_2019.tif,7,Residential,7,Residential,0.998728334903717,True,37.447655,6.025801
1386,C:\Users\DELL Precision 5550\Documents\GitHub\Terrasight-Eurosat-RGB-vs-Multispectral\data\raw\multispectral\Industrial\Industrial_2153.tif,4,Industrial,4,Industrial,0.9999042749404907,True,39.34758,-28.112646
1387,C:\Users\DELL Precision 5550\Documents\GitHub\Terrasight-Eurosat-RGB-vs-Multispectral\data\raw\multispectral\SeaLake\SeaLake_1174.tif,9,SeaLake,9,SeaLake,0.9999649524688721,True,-8.281712,58.172237
1388,C:\Users\DELL Precision 5550\Documents\GitHub\Terrasight-Eurosat-RGB-vs-Multispectral\data\raw\multispectral\SeaLake\SeaLake_677.tif,9,SeaLake,9,SeaLake,0.999951958656311,True,-2.6938155,58.020164
1389,C:\Users\DELL Precision 5550\Documents\GitHub\Terrasight-Eurosat-RGB-vs-Multispectral\data\raw\multispectral\River\River_1070.tif,8,River,8,River,0.9961689114570618,True,-38.138046,18.869385
1390,C:\Users\DELL Precision 5550\Documents\GitHub\Terrasight-Eurosat-RGB-vs-Multispectral\data\raw\multispectral\SeaLake\SeaLake_833.tif,9,SeaLake,9,SeaLake,0.9974658489227295,True,-13.492475,36.608456
1391,C:\Users\DELL Precision 5550\Documents\GitHub\Terrasight-Eurosat-RGB-vs-Multispectral\data\raw\multispectral\Highway\Highway_715.tif,3,Highway,3,Highway,0.9741438627243042,True,21.263252,-51.454617
1392,C:\Users\DELL Precision 5550\Documents\GitHub\Terrasight-Eurosat-RGB-vs-Multispectral\data\raw\multispectral\SeaLake\SeaLake_903.tif,9,SeaLake,9,SeaLake,0.9999921321868896,True,-5.0765457,63.462997
1393,C:\Users\DELL Precision 5550\Documents\GitHub\Terrasight-Eurosat-RGB-vs-Multispectral\data\raw\multispectral\Forest\Forest_3.tif,1,Forest,1,Forest,0.9993684887886047,True,20.041054,39.327
1394,C:\Users\DELL Precision 5550\Documents\GitHub\Terrasight-Eurosat-RGB-vs-Multispectral\data\raw\multispectral\Pasture\Pasture_789.tif,5,Pasture,0,AnnualCrop,0.8838326930999756,False,-34.30278,-15.693133
1395,C:\Users\DELL Precision 5550\Documents\GitHub\Terrasight-Eurosat-RGB-vs-Multispectral\data\raw\multispectral\AnnualCrop\AnnualCrop_624.tif,0,AnnualCrop,0,AnnualCrop,0.9995294809341431,True,-38.947433,-33.15019
1396,C:\Users\DELL Precision 5550\Documents\GitHub\Terrasight-Eurosat-RGB-vs-Multispectral\data\raw\multispectral\HerbaceousVegetation\HerbaceousVegetation_2755.tif,2,HerbaceousVegetation,2,HerbaceousVegetation,0.9918546676635742,True,7.1101522,0.5124645
1397,C:\Users\DELL Precision 5550\Documents\GitHub\Terrasight-Eurosat-RGB-vs-Multispectral\data\raw\multispectral\Pasture\Pasture_783.tif,5,Pasture,5,Pasture,0.5786129236221313,True,-28.398357,-3.9772818
1398,C:\Users\DELL Precision 5550\Documents\GitHub\Terrasight-Eurosat-RGB-vs-Multispectral\data\raw\multispectral\River\River_273.tif,8,River,8,River,0.9989314675331116,True,-45.19104,18.935892
1399,C:\Users\DELL Precision 5550\Documents\GitHub\Terrasight-Eurosat-RGB-vs-Multispectral\data\raw\multispectral\Industrial\Industrial_2382.tif,4,Industrial,4,Industrial,0.9997034668922424,True,39.49904,-27.301237
1400,C:\Users\DELL Precision 5550\Documents\GitHub\Terrasight-Eurosat-RGB-vs-Multispectral\data\raw\multispectral\Highway\Highway_1373.tif,3,Highway,3,Highway,0.9981396198272705,True,12.289078,-51.67672
1401,C:\Users\DELL Precision 5550\Documents\GitHub\Terrasight-Eurosat-RGB-vs-Multispectral\data\raw\multispectral\Forest\Forest_84.tif,1,Forest,1,Forest,0.9995481371879578,True,17.504087,39.044292
1402,C:\Users\DELL Precision 5550\Documents\GitHub\Terrasight-Eurosat-RGB-vs-Multispectral\data\raw\multispectral\SeaLake\SeaLake_2294.tif,9,SeaLake,9,SeaLake,0.9998468160629272,True,-3.6220188,56.42547
1403,C:\Users\DELL Precision 5550\Documents\GitHub\Terrasight-Eurosat-RGB-vs-Multispectral\data\raw\multispectral\River\River_2476.tif,8,River,8,River,0.9998617172241211,True,-49.250645,22.334446
1404,C:\Users\DELL Precision 5550\Documents\GitHub\Terrasight-Eurosat-RGB-vs-Multispectral\data\raw\multispectral\Forest\Forest_1976.tif,1,Forest,1,Forest,0.9991257786750793,True,17.943233,28.378033
1405,C:\Users\DELL Precision 5550\Documents\GitHub\Terrasight-Eurosat-RGB-vs-Multispectral\data\raw\multispectral\Industrial\Industrial_2144.tif,4,Industrial,6,PermanentCrop,0.9476605653762817,False,3.2662847,-24.173508
1406,C:\Users\DELL Precision 5550\Documents\GitHub\Terrasight-Eurosat-RGB-vs-Multispectral\data\raw\multispectral\Forest\Forest_2272.tif,1,Forest,1,Forest,0.9988164901733398,True,17.009647,27.87278
1407,C:\Users\DELL Precision 5550\Documents\GitHub\Terrasight-Eurosat-RGB-vs-Multispectral\data\raw\multispectral\PermanentCrop\PermanentCrop_1061.tif,6,PermanentCrop,6,PermanentCrop,0.9999016523361206,True,-1.7190669,-28.408966
1408,C:\Users\DELL Precision 5550\Documents\GitHub\Terrasight-Eurosat-RGB-vs-Multispectral\data\raw\multispectral\PermanentCrop\PermanentCrop_1169.tif,6,PermanentCrop,6,PermanentCrop,0.9905169606208801,True,0.51103663,-20.21265
1409,C:\Users\DELL Precision 5550\Documents\GitHub\Terrasight-Eurosat-RGB-vs-Multispectral\data\raw\multispectral\Residential\Residential_2919.tif,7,Residential,7,Residential,0.9999885559082031,True,52.58639,9.025198
1410,C:\Users\DELL Precision 5550\Documents\GitHub\Terrasight-Eurosat-RGB-vs-Multispectral\data\raw\multispectral\River\River_1376.tif,8,River,8,River,0.9988023042678833,True,-44.27452,17.837276
1411,C:\Users\DELL Precision 5550\Documents\GitHub\Terrasight-Eurosat-RGB-vs-Multispectral\data\raw\multispectral\Forest\Forest_2102.tif,1,Forest,1,Forest,0.9782182574272156,True,13.542054,18.528294
1412,C:\Users\DELL Precision 5550\Documents\GitHub\Terrasight-Eurosat-RGB-vs-Multispectral\data\raw\multispectral\Forest\Forest_2017.tif,1,Forest,1,Forest,0.9958223104476929,True,15.731175,38.23262
1413,C:\Users\DELL Precision 5550\Documents\GitHub\Terrasight-Eurosat-RGB-vs-Multispectral\data\raw\multispectral\Forest\Forest_2210.tif,1,Forest,1,Forest,0.9987472295761108,True,24.239502,27.52657
1414,C:\Users\DELL Precision 5550\Documents\GitHub\Terrasight-Eurosat-RGB-vs-Multispectral\data\raw\multispectral\Residential\Residential_2178.tif,7,Residential,7,Residential,0.9999902248382568,True,41.05683,9.127771
1415,C:\Users\DELL Precision 5550\Documents\GitHub\Terrasight-Eurosat-RGB-vs-Multispectral\data\raw\multispectral\Pasture\Pasture_1529.tif,5,Pasture,5,Pasture,0.9808245897293091,True,-36.652847,-8.157325
1416,C:\Users\DELL Precision 5550\Documents\GitHub\Terrasight-Eurosat-RGB-vs-Multispectral\data\raw\multispectral\Highway\Highway_591.tif,3,Highway,3,Highway,0.9905868172645569,True,7.4583464,-52.271366
1417,C:\Users\DELL Precision 5550\Documents\GitHub\Terrasight-Eurosat-RGB-vs-Multispectral\data\raw\multispectral\SeaLake\SeaLake_1001.tif,9,SeaLake,9,SeaLake,0.9999957084655762,True,-4.2153974,65.12656
1418,C:\Users\DELL Precision 5550\Documents\GitHub\Terrasight-Eurosat-RGB-vs-Multispectral\data\raw\multispectral\SeaLake\SeaLake_1173.tif,9,SeaLake,9,SeaLake,0.9999971389770508,True,-2.5822027,66.386406
1419,C:\Users\DELL Precision 5550\Documents\GitHub\Terrasight-Eurosat-RGB-vs-Multispectral\data\raw\multispectral\PermanentCrop\PermanentCrop_864.tif,6,PermanentCrop,6,PermanentCrop,0.5262337327003479,True,-16.513004,-27.682873
1420,C:\Users\DELL Precision 5550\Documents\GitHub\Terrasight-Eurosat-RGB-vs-Multispectral\data\raw\multispectral\Forest\Forest_1101.tif,1,Forest,1,Forest,0.9906103014945984,True,21.25149,25.977074
1421,C:\Users\DELL Precision 5550\Documents\GitHub\Terrasight-Eurosat-RGB-vs-Multispectral\data\raw\multispectral\HerbaceousVegetation\HerbaceousVegetation_637.tif,2,HerbaceousVegetation,6,PermanentCrop,0.9944086670875549,False,1.3790014,-18.459055
1422,C:\Users\DELL Precision 5550\Documents\GitHub\Terrasight-Eurosat-RGB-vs-Multispectral\data\raw\multispectral\Highway\Highway_2069.tif,3,Highway,3,Highway,0.9970665574073792,True,13.161993,-52.665558
1423,C:\Users\DELL Precision 5550\Documents\GitHub\Terrasight-Eurosat-RGB-vs-Multispectral\data\raw\multispectral\SeaLake\SeaLake_1581.tif,9,SeaLake,9,SeaLake,0.9999752044677734,True,-8.247814,59.68731
1424,C:\Users\DELL Precision 5550\Documents\GitHub\Terrasight-Eurosat-RGB-vs-Multispectral\data\raw\multispectral\Industrial\Industrial_1206.tif,4,Industrial,4,Industrial,0.9999961853027344,True,51.15646,-25.402029
1425,C:\Users\DELL Precision 5550\Documents\GitHub\Terrasight-Eurosat-RGB-vs-Multispectral\data\raw\multispectral\SeaLake\SeaLake_157.tif,9,SeaLake,9,SeaLake,0.9999629259109497,True,-8.200776,63.382698
1426,C:\Users\DELL Precision 5550\Documents\GitHub\Terrasight-Eurosat-RGB-vs-Multispectral\data\raw\multispectral\Forest\Forest_2238.tif,1,Forest,1,Forest,0.9236454367637634,True,5.7424936,23.109362
1427,C:\Users\DELL Precision 5550\Documents\GitHub\Terrasight-Eurosat-RGB-vs-Multispectral\data\raw\multispectral\River\River_1000.tif,8,River,2,HerbaceousVegetation,0.9662694334983826,False,-7.509548,2.9245322
1428,C:\Users\DELL Precision 5550\Documents\GitHub\Terrasight-Eurosat-RGB-vs-Multispectral\data\raw\multispectral\Residential\Residential_30.tif,7,Residential,7,Residential,0.9996762275695801,True,38.907345,5.1682215
1429,C:\Users\DELL Precision 5550\Documents\GitHub\Terrasight-Eurosat-RGB-vs-Multispectral\data\raw\multispectral\Residential\Residential_2104.tif,7,Residential,7,Residential,0.9999794960021973,True,54.07938,7.968996
1430,C:\Users\DELL Precision 5550\Documents\GitHub\Terrasight-Eurosat-RGB-vs-Multispectral\data\raw\multispectral\Pasture\Pasture_341.tif,5,Pasture,5,Pasture,0.9935663342475891,True,-41.10233,-8.130406
1431,C:\Users\DELL Precision 5550\Documents\GitHub\Terrasight-Eurosat-RGB-vs-Multispectral\data\raw\multispectral\River\River_662.tif,8,River,8,River,0.9999849796295166,True,-46.128212,32.02973
1432,C:\Users\DELL Precision 5550\Documents\GitHub\Terrasight-Eurosat-RGB-vs-Multispectral\data\raw\multispectral\Industrial\Industrial_2036.tif,4,Industrial,4,Industrial,0.9996954202651978,True,35.704212,-20.956697
1433,C:\Users\DELL Precision 5550\Documents\GitHub\Terrasight-Eurosat-RGB-vs-Multispectral\data\raw\multispectral\AnnualCrop\AnnualCrop_1100.tif,0,AnnualCrop,0,AnnualCrop,0.9997078776359558,True,-38.35954,-34.527477
1434,C:\Users\DELL Precision 5550\Documents\GitHub\Terrasight-Eurosat-RGB-vs-Multispectral\data\raw\multispectral\Forest\Forest_2241.tif,1,Forest,1,Forest,0.9883009791374207,True,8.850254,24.269196
1435,C:\Users\DELL Precision 5550\Documents\GitHub\Terrasight-Eurosat-RGB-vs-Multispectral\data\raw\multispectral\Forest\Forest_1999.tif,1,Forest,1,Forest,0.9998888969421387,True,26.24128,35.49634
1436,C:\Users\DELL Precision 5550\Documents\GitHub\Terrasight-Eurosat-RGB-vs-Multispectral\data\raw\multispectral\PermanentCrop\PermanentCrop_2459.tif,6,PermanentCrop,6,PermanentCrop,0.8171970844268799,True,-10.013175,-22.786608
1437,C:\Users\DELL Precision 5550\Documents\GitHub\Terrasight-Eurosat-RGB-vs-Multispectral\data\raw\multispectral\AnnualCrop\AnnualCrop_454.tif,0,AnnualCrop,0,AnnualCrop,0.8991808295249939,True,-25.85463,-32.216946
1438,C:\Users\DELL Precision 5550\Documents\GitHub\Terrasight-Eurosat-RGB-vs-Multispectral\data\raw\multispectral\Industrial\Industrial_461.tif,4,Industrial,3,Highway,0.8130104541778564,False,18.22769,-46.425632
1439,C:\Users\DELL Precision 5550\Documents\GitHub\Terrasight-Eurosat-RGB-vs-Multispectral\data\raw\multispectral\Highway\Highway_245.tif,3,Highway,3,Highway,0.9913378953933716,True,10.444993,-57.660973
1440,C:\Users\DELL Precision 5550\Documents\GitHub\Terrasight-Eurosat-RGB-vs-Multispectral\data\raw\multispectral\AnnualCrop\AnnualCrop_1575.tif,0,AnnualCrop,0,AnnualCrop,0.9887513518333435,True,-22.691704,-33.05722
1441,C:\Users\DELL Precision 5550\Documents\GitHub\Terrasight-Eurosat-RGB-vs-Multispectral\data\raw\multispectral\AnnualCrop\AnnualCrop_1627.tif,0,AnnualCrop,0,AnnualCrop,0.9983850717544556,True,-32.54326,-37.883366
1442,C:\Users\DELL Precision 5550\Documents\GitHub\Terrasight-Eurosat-RGB-vs-Multispectral\data\raw\multispectral\Industrial\Industrial_1241.tif,4,Industrial,4,Industrial,0.9992615580558777,True,38.56941,-21.457684
1443,C:\Users\DELL Precision 5550\Documents\GitHub\Terrasight-Eurosat-RGB-vs-Multispectral\data\raw\multispectral\HerbaceousVegetation\HerbaceousVegetation_2069.tif,2,HerbaceousVegetation,2,HerbaceousVegetation,0.996620774269104,True,-14.47559,6.619435
1444,C:\Users\DELL Precision 5550\Documents\GitHub\Terrasight-Eurosat-RGB-vs-Multispectral\data\raw\multispectral\SeaLake\SeaLake_796.tif,9,SeaLake,9,SeaLake,0.9804134964942932,True,-12.091249,35.519886
1445,C:\Users\DELL Precision 5550\Documents\GitHub\Terrasight-Eurosat-RGB-vs-Multispectral\data\raw\multispectral\Industrial\Industrial_2279.tif,4,Industrial,4,Industrial,0.9999951124191284,True,51.160297,-25.649797
1446,C:\Users\DELL Precision 5550\Documents\GitHub\Terrasight-Eurosat-RGB-vs-Multispectral\data\raw\multispectral\Forest\Forest_1067.tif,1,Forest,1,Forest,0.9999178647994995,True,25.864992,42.658016
1447,C:\Users\DELL Precision 5550\Documents\GitHub\Terrasight-Eurosat-RGB-vs-Multispectral\data\raw\multispectral\PermanentCrop\PermanentCrop_568.tif,6,PermanentCrop,6,PermanentCrop,0.9588225483894348,True,2.9399726,-24.393963
1448,C:\Users\DELL Precision 5550\Documents\GitHub\Terrasight-Eurosat-RGB-vs-Multispectral\data\raw\multispectral\Residential\Residential_773.tif,7,Residential,7,Residential,0.9999996423721313,True,48.267517,12.978481
1449,C:\Users\DELL Precision 5550\Documents\GitHub\Terrasight-Eurosat-RGB-vs-Multispectral\data\raw\multispectral\River\River_2185.tif,8,River,8,River,0.9972443580627441,True,-37.540142,22.049507
1450,C:\Users\DELL Precision 5550\Documents\GitHub\Terrasight-Eurosat-RGB-vs-Multispectral\data\raw\multispectral\PermanentCrop\PermanentCrop_1640.tif,6,PermanentCrop,6,PermanentCrop,0.9988937973976135,True,-5.985379,-33.31646
1451,C:\Users\DELL Precision 5550\Documents\GitHub\Terrasight-Eurosat-RGB-vs-Multispectral\data\raw\multispectral\Forest\Forest_2934.tif,1,Forest,1,Forest,0.9994959831237793,True,24.833784,38.360046
1452,C:\Users\DELL Precision 5550\Documents\GitHub\Terrasight-Eurosat-RGB-vs-Multispectral\data\raw\multispectral\Industrial\Industrial_1544.tif,4,Industrial,4,Industrial,0.9999856948852539,True,42.300682,-26.844442
1453,C:\Users\DELL Precision 5550\Documents\GitHub\Terrasight-Eurosat-RGB-vs-Multispectral\data\raw\multispectral\HerbaceousVegetation\HerbaceousVegetation_1265.tif,2,HerbaceousVegetation,2,HerbaceousVegetation,0.9944422841072083,True,-1.2779454,1.3673527
1454,C:\Users\DELL Precision 5550\Documents\GitHub\Terrasight-Eurosat-RGB-vs-Multispectral\data\raw\multispectral\Pasture\Pasture_1932.tif,5,Pasture,5,Pasture,0.9740177392959595,True,-30.94816,-8.383444
1455,C:\Users\DELL Precision 5550\Documents\GitHub\Terrasight-Eurosat-RGB-vs-Multispectral\data\raw\multispectral\Industrial\Industrial_1951.tif,4,Industrial,4,Industrial,0.9999561309814453,True,41.977276,-25.56124
1456,C:\Users\DELL Precision 5550\Documents\GitHub\Terrasight-Eurosat-RGB-vs-Multispectral\data\raw\multispectral\Forest\Forest_277.tif,1,Forest,1,Forest,0.9927090406417847,True,14.571278,22.87984
1457,C:\Users\DELL Precision 5550\Documents\GitHub\Terrasight-Eurosat-RGB-vs-Multispectral\data\raw\multispectral\River\River_292.tif,8,River,8,River,0.9999819993972778,True,-46.64575,31.236927
1458,C:\Users\DELL Precision 5550\Documents\GitHub\Terrasight-Eurosat-RGB-vs-Multispectral\data\raw\multispectral\Highway\Highway_406.tif,3,Highway,3,Highway,0.981428861618042,True,8.569962,-48.437836
1459,C:\Users\DELL Precision 5550\Documents\GitHub\Terrasight-Eurosat-RGB-vs-Multispectral\data\raw\multispectral\Highway\Highway_832.tif,3,Highway,3,Highway,0.983702540397644,True,10.755259,-48.854904
1460,C:\Users\DELL Precision 5550\Documents\GitHub\Terrasight-Eurosat-RGB-vs-Multispectral\data\raw\multispectral\River\River_228.tif,8,River,8,River,0.9974933862686157,True,-39.053837,31.325386
1461,C:\Users\DELL Precision 5550\Documents\GitHub\Terrasight-Eurosat-RGB-vs-Multispectral\data\raw\multispectral\Highway\Highway_2211.tif,3,Highway,3,Highway,0.9400516152381897,True,8.217426,-60.123535
1462,C:\Users\DELL Precision 5550\Documents\GitHub\Terrasight-Eurosat-RGB-vs-Multispectral\data\raw\multispectral\River\River_1606.tif,8,River,8,River,0.9993581175804138,True,-44.835743,24.373335
1463,C:\Users\DELL Precision 5550\Documents\GitHub\Terrasight-Eurosat-RGB-vs-Multispectral\data\raw\multispectral\SeaLake\SeaLake_2241.tif,9,SeaLake,9,SeaLake,0.9999643564224243,True,-7.3305807,57.044815
1464,C:\Users\DELL Precision 5550\Documents\GitHub\Terrasight-Eurosat-RGB-vs-Multispectral\data\raw\multispectral\Forest\Forest_1452.tif,1,Forest,1,Forest,0.9990517497062683,True,17.244112,29.9106
1465,C:\Users\DELL Precision 5550\Documents\GitHub\Terrasight-Eurosat-RGB-vs-Multispectral\data\raw\multispectral\SeaLake\SeaLake_1007.tif,9,SeaLake,9,SeaLake,0.927882730960846,True,-7.926821,47.20499
1466,C:\Users\DELL Precision 5550\Documents\GitHub\Terrasight-Eurosat-RGB-vs-Multispectral\data\raw\multispectral\Pasture\Pasture_631.tif,5,Pasture,5,Pasture,0.9996287822723389,True,-42.857605,-3.825352
1467,C:\Users\DELL Precision 5550\Documents\GitHub\Terrasight-Eurosat-RGB-vs-Multispectral\data\raw\multispectral\River\River_1710.tif,8,River,8,River,0.9999468326568604,True,-49.364586,23.575686
1468,C:\Users\DELL Precision 5550\Documents\GitHub\Terrasight-Eurosat-RGB-vs-Multispectral\data\raw\multispectral\Pasture\Pasture_940.tif,5,Pasture,0,AnnualCrop,0.8314080834388733,False,-38.000736,-14.97547
1469,C:\Users\DELL Precision 5550\Documents\GitHub\Terrasight-Eurosat-RGB-vs-Multispectral\data\raw\multispectral\Highway\Highway_1019.tif,3,Highway,3,Highway,0.96407151222229,True,12.951138,-48.26798
1470,C:\Users\DELL Precision 5550\Documents\GitHub\Terrasight-Eurosat-RGB-vs-Multispectral\data\raw\multispectral\Residential\Residential_119.tif,7,Residential,7,Residential,0.9999982118606567,True,46.679577,13.446847
1471,C:\Users\DELL Precision 5550\Documents\GitHub\Terrasight-Eurosat-RGB-vs-Multispectral\data\raw\multispectral\PermanentCrop\PermanentCrop_550.tif,6,PermanentCrop,6,PermanentCrop,0.9991320967674255,True,-3.4926984,-32.192894
1472,C:\Users\DELL Precision 5550\Documents\GitHub\Terrasight-Eurosat-RGB-vs-Multispectral\data\raw\multispectral\Pasture\Pasture_923.tif,5,Pasture,5,Pasture,0.9733698964118958,True,-40.54683,-1.1471367
1473,C:\Users\DELL Precision 5550\Documents\GitHub\Terrasight-Eurosat-RGB-vs-Multispectral\data\raw\multispectral\PermanentCrop\PermanentCrop_1933.tif,6,PermanentCrop,6,PermanentCrop,0.992172360420227,True,-2.1033602,-20.61529
1474,C:\Users\DELL Precision 5550\Documents\GitHub\Terrasight-Eurosat-RGB-vs-Multispectral\data\raw\multispectral\HerbaceousVegetation\HerbaceousVegetation_468.tif,2,HerbaceousVegetation,2,HerbaceousVegetation,0.9999582767486572,True,-4.880976,11.124703
1475,C:\Users\DELL Precision 5550\Documents\GitHub\Terrasight-Eurosat-RGB-vs-Multispectral\data\raw\multispectral\Forest\Forest_928.tif,1,Forest,1,Forest,0.9147830605506897,True,10.752803,16.240911
1476,C:\Users\DELL Precision 5550\Documents\GitHub\Terrasight-Eurosat-RGB-vs-Multispectral\data\raw\multispectral\SeaLake\SeaLake_563.tif,9,SeaLake,9,SeaLake,0.999975323677063,True,-5.9827337,58.61965
1477,C:\Users\DELL Precision 5550\Documents\GitHub\Terrasight-Eurosat-RGB-vs-Multispectral\data\raw\multispectral\HerbaceousVegetation\HerbaceousVegetation_369.tif,2,HerbaceousVegetation,2,HerbaceousVegetation,0.9950183629989624,True,2.5477316,5.778174
1478,C:\Users\DELL Precision 5550\Documents\GitHub\Terrasight-Eurosat-RGB-vs-Multispectral\data\raw\multispectral\Industrial\Industrial_1828.tif,4,Industrial,4,Industrial,0.9954184293746948,True,33.4332,-26.150448
1479,C:\Users\DELL Precision 5550\Documents\GitHub\Terrasight-Eurosat-RGB-vs-Multispectral\data\raw\multispectral\River\River_2255.tif,8,River,8,River,0.9431179761886597,True,-38.28309,15.525598
1480,C:\Users\DELL Precision 5550\Documents\GitHub\Terrasight-Eurosat-RGB-vs-Multispectral\data\raw\multispectral\AnnualCrop\AnnualCrop_311.tif,0,AnnualCrop,0,AnnualCrop,0.8836052417755127,True,-21.103483,-37.29449
1481,C:\Users\DELL Precision 5550\Documents\GitHub\Terrasight-Eurosat-RGB-vs-Multispectral\data\raw\multispectral\PermanentCrop\PermanentCrop_265.tif,6,PermanentCrop,6,PermanentCrop,0.9978025555610657,True,-0.4781992,-22.318867
1482,C:\Users\DELL Precision 5550\Documents\GitHub\Terrasight-Eurosat-RGB-vs-Multispectral\data\raw\multispectral\Industrial\Industrial_683.tif,4,Industrial,4,Industrial,0.9994933605194092,True,36.829323,-23.08526
1483,C:\Users\DELL Precision 5550\Documents\GitHub\Terrasight-Eurosat-RGB-vs-Multispectral\data\raw\multispectral\PermanentCrop\PermanentCrop_1883.tif,6,PermanentCrop,6,PermanentCrop,0.9996311664581299,True,-0.18908027,-24.900019
1484,C:\Users\DELL Precision 5550\Documents\GitHub\Terrasight-Eurosat-RGB-vs-Multispectral\data\raw\multispectral\Pasture\Pasture_57.tif,5,Pasture,5,Pasture,0.9993374943733215,True,-41.80607,-2.4304051
1485,C:\Users\DELL Precision 5550\Documents\GitHub\Terrasight-Eurosat-RGB-vs-Multispectral\data\raw\multispectral\PermanentCrop\PermanentCrop_842.tif,6,PermanentCrop,6,PermanentCrop,0.9997857213020325,True,-2.738419,-28.905895
1486,C:\Users\DELL Precision 5550\Documents\GitHub\Terrasight-Eurosat-RGB-vs-Multispectral\data\raw\multispectral\SeaLake\SeaLake_1192.tif,9,SeaLake,9,SeaLake,0.9968390464782715,True,-14.146206,39.69712
1487,C:\Users\DELL Precision 5550\Documents\GitHub\Terrasight-Eurosat-RGB-vs-Multispectral\data\raw\multispectral\Forest\Forest_2415.tif,1,Forest,1,Forest,0.9873762130737305,True,24.66077,26.219337
1488,C:\Users\DELL Precision 5550\Documents\GitHub\Terrasight-Eurosat-RGB-vs-Multispectral\data\raw\multispectral\Pasture\Pasture_488.tif,5,Pasture,5,Pasture,0.9981977343559265,True,-43.48567,0.079957
1489,C:\Users\DELL Precision 5550\Documents\GitHub\Terrasight-Eurosat-RGB-vs-Multispectral\data\raw\multispectral\Residential\Residential_157.tif,7,Residential,7,Residential,0.8750163912773132,True,32.42587,-13.353109
1490,C:\Users\DELL Precision 5550\Documents\GitHub\Terrasight-Eurosat-RGB-vs-Multispectral\data\raw\multispectral\Industrial\Industrial_1386.tif,4,Industrial,4,Industrial,0.6668318510055542,True,31.666437,-14.072417
1491,C:\Users\DELL Precision 5550\Documents\GitHub\Terrasight-Eurosat-RGB-vs-Multispectral\data\raw\multispectral\River\River_598.tif,8,River,8,River,0.7837685346603394,True,-36.850327,14.246569
1492,C:\Users\DELL Precision 5550\Documents\GitHub\Terrasight-Eurosat-RGB-vs-Multispectral\data\raw\multispectral\River\River_1104.tif,8,River,8,River,0.9987494945526123,True,-44.745308,17.953733
1493,C:\Users\DELL Precision 5550\Documents\GitHub\Terrasight-Eurosat-RGB-vs-Multispectral\data\raw\multispectral\SeaLake\SeaLake_1642.tif,9,SeaLake,9,SeaLake,0.9999533891677856,True,-5.523526,56.365757
1494,C:\Users\DELL Precision 5550\Documents\GitHub\Terrasight-Eurosat-RGB-vs-Multispectral\data\raw\multispectral\Residential\Residential_2859.tif,7,Residential,7,Residential,0.9999971389770508,True,45.535206,9.118801
1495,C:\Users\DELL Precision 5550\Documents\GitHub\Terrasight-Eurosat-RGB-vs-Multispectral\data\raw\multispectral\PermanentCrop\PermanentCrop_1561.tif,6,PermanentCrop,6,PermanentCrop,0.9998137354850769,True,-4.5436144,-32.257595
1496,C:\Users\DELL Precision 5550\Documents\GitHub\Terrasight-Eurosat-RGB-vs-Multispectral\data\raw\multispectral\Highway\Highway_2453.tif,3,Highway,3,Highway,0.998140811920166,True,17.451714,-53.305264
1497,C:\Users\DELL Precision 5550\Documents\GitHub\Terrasight-Eurosat-RGB-vs-Multispectral\data\raw\multispectral\AnnualCrop\AnnualCrop_1079.tif,0,AnnualCrop,0,AnnualCrop,0.5281819701194763,True,-19.899452,-24.017086
1498,C:\Users\DELL Precision 5550\Documents\GitHub\Terrasight-Eurosat-RGB-vs-Multispectral\data\raw\multispectral\PermanentCrop\PermanentCrop_2412.tif,6,PermanentCrop,6,PermanentCrop,0.9999665021896362,True,-1.5658231,-29.164297
1499,C:\Users\DELL Precision 5550\Documents\GitHub\Terrasight-Eurosat-RGB-vs-Multispectral\data\raw\multispectral\AnnualCrop\AnnualCrop_1108.tif,0,AnnualCrop,0,AnnualCrop,0.9978693723678589,True,-31.537817,-35.35682
1500,C:\Users\DELL Precision 5550\Documents\GitHub\Terrasight-Eurosat-RGB-vs-Multispectral\data\raw\multispectral\Forest\Forest_1431.tif,1,Forest,1,Forest,0.9991227984428406,True,23.563528,35.916496
1501,C:\Users\DELL Precision 5550\Documents\GitHub\Terrasight-Eurosat-RGB-vs-Multispectral\data\raw\multispectral\AnnualCrop\AnnualCrop_1501.tif,0,AnnualCrop,0,AnnualCrop,0.6791296005249023,True,-20.839817,-29.352467
1502,C:\Users\DELL Precision 5550\Documents\GitHub\Terrasight-Eurosat-RGB-vs-Multispectral\data\raw\multispectral\Highway\Highway_280.tif,3,Highway,3,Highway,0.9913433790206909,True,23.497196,-51.81453
1503,C:\Users\DELL Precision 5550\Documents\GitHub\Terrasight-Eurosat-RGB-vs-Multispectral\data\raw\multispectral\HerbaceousVegetation\HerbaceousVegetation_2269.tif,2,HerbaceousVegetation,2,HerbaceousVegetation,0.9984503984451294,True,-0.65951806,4.6693983
1504,C:\Users\DELL Precision 5550\Documents\GitHub\Terrasight-Eurosat-RGB-vs-Multispectral\data\raw\multispectral\Pasture\Pasture_1835.tif,5,Pasture,5,Pasture,0.8908956050872803,True,-36.05153,-8.487351
1505,C:\Users\DELL Precision 5550\Documents\GitHub\Terrasight-Eurosat-RGB-vs-Multispectral\data\raw\multispectral\Highway\Highway_436.tif,3,Highway,3,Highway,0.9967516660690308,True,21.19365,-45.16066
1506,C:\Users\DELL Precision 5550\Documents\GitHub\Terrasight-Eurosat-RGB-vs-Multispectral\data\raw\multispectral\Industrial\Industrial_71.tif,4,Industrial,4,Industrial,0.9988349080085754,True,46.080433,-17.870314
1507,C:\Users\DELL Precision 5550\Documents\GitHub\Terrasight-Eurosat-RGB-vs-Multispectral\data\raw\multispectral\Residential\Residential_774.tif,7,Residential,7,Residential,0.9876278638839722,True,34.72274,2.065438
1508,C:\Users\DELL Precision 5550\Documents\GitHub\Terrasight-Eurosat-RGB-vs-Multispectral\data\raw\multispectral\HerbaceousVegetation\HerbaceousVegetation_196.tif,2,HerbaceousVegetation,2,HerbaceousVegetation,0.9993783235549927,True,-6.7420244,8.688904
1509,C:\Users\DELL Precision 5550\Documents\GitHub\Terrasight-Eurosat-RGB-vs-Multispectral\data\raw\multispectral\AnnualCrop\AnnualCrop_1896.tif,0,AnnualCrop,0,AnnualCrop,0.9976444840431213,True,-31.979061,-24.8461
1510,C:\Users\DELL Precision 5550\Documents\GitHub\Terrasight-Eurosat-RGB-vs-Multispectral\data\raw\multispectral\AnnualCrop\AnnualCrop_2509.tif,0,AnnualCrop,0,AnnualCrop,0.9986226558685303,True,-39.666096,-31.884602
1511,C:\Users\DELL Precision 5550\Documents\GitHub\Terrasight-Eurosat-RGB-vs-Multispectral\data\raw\multispectral\Forest\Forest_2831.tif,1,Forest,1,Forest,0.9432955980300903,True,10.189581,29.218077
1512,C:\Users\DELL Precision 5550\Documents\GitHub\Terrasight-Eurosat-RGB-vs-Multispectral\data\raw\multispectral\SeaLake\SeaLake_2851.tif,9,SeaLake,9,SeaLake,0.9995064735412598,True,-10.403232,42.45388
1513,C:\Users\DELL Precision 5550\Documents\GitHub\Terrasight-Eurosat-RGB-vs-Multispectral\data\raw\multispectral\Residential\Residential_1581.tif,7,Residential,7,Residential,0.9990532994270325,True,51.6264,0.7235563
1514,C:\Users\DELL Precision 5550\Documents\GitHub\Terrasight-Eurosat-RGB-vs-Multispectral\data\raw\multispectral\Forest\Forest_2862.tif,1,Forest,1,Forest,0.9975334405899048,True,24.962412,33.355415
1515,C:\Users\DELL Precision 5550\Documents\GitHub\Terrasight-Eurosat-RGB-vs-Multispectral\data\raw\multispectral\Forest\Forest_1754.tif,1,Forest,1,Forest,0.900660514831543,True,12.585752,26.439056
1516,C:\Users\DELL Precision 5550\Documents\GitHub\Terrasight-Eurosat-RGB-vs-Multispectral\data\raw\multispectral\Residential\Residential_1912.tif,7,Residential,7,Residential,0.9876807928085327,True,42.8895,-2.445717
1517,C:\Users\DELL Precision 5550\Documents\GitHub\Terrasight-Eurosat-RGB-vs-Multispectral\data\raw\multispectral\SeaLake\SeaLake_2453.tif,9,SeaLake,9,SeaLake,0.9999995231628418,True,1.9834906,68.535576
1518,C:\Users\DELL Precision 5550\Documents\GitHub\Terrasight-Eurosat-RGB-vs-Multispectral\data\raw\multispectral\Pasture\Pasture_1096.tif,5,Pasture,5,Pasture,0.9958051443099976,True,-33.59366,-8.45502
1519,C:\Users\DELL Precision 5550\Documents\GitHub\Terrasight-Eurosat-RGB-vs-Multispectral\data\raw\multispectral\Residential\Residential_2123.tif,7,Residential,7,Residential,0.999983549118042,True,47.164215,5.7016973
1520,C:\Users\DELL Precision 5550\Documents\GitHub\Terrasight-Eurosat-RGB-vs-Multispectral\data\raw\multispectral\Forest\Forest_706.tif,1,Forest,1,Forest,0.9975714087486267,True,21.766672,28.44389
1521,C:\Users\DELL Precision 5550\Documents\GitHub\Terrasight-Eurosat-RGB-vs-Multispectral\data\raw\multispectral\HerbaceousVegetation\HerbaceousVegetation_2962.tif,2,HerbaceousVegetation,2,HerbaceousVegetation,0.9961065649986267,True,4.3883634,0.80685556
1522,C:\Users\DELL Precision 5550\Documents\GitHub\Terrasight-Eurosat-RGB-vs-Multispectral\data\raw\multispectral\HerbaceousVegetation\HerbaceousVegetation_2579.tif,2,HerbaceousVegetation,2,HerbaceousVegetation,0.9993715882301331,True,-9.73141,6.150257
1523,C:\Users\DELL Precision 5550\Documents\GitHub\Terrasight-Eurosat-RGB-vs-Multispectral\data\raw\multispectral\River\River_2120.tif,8,River,8,River,0.9997032284736633,True,-41.94249,25.04783
1524,C:\Users\DELL Precision 5550\Documents\GitHub\Terrasight-Eurosat-RGB-vs-Multispectral\data\raw\multispectral\HerbaceousVegetation\HerbaceousVegetation_447.tif,2,HerbaceousVegetation,2,HerbaceousVegetation,0.9796310663223267,True,5.2881427,-1.247025
1525,C:\Users\DELL Precision 5550\Documents\GitHub\Terrasight-Eurosat-RGB-vs-Multispectral\data\raw\multispectral\Industrial\Industrial_643.tif,4,Industrial,7,Residential,0.9272089600563049,False,43.895874,-2.4862716
1526,C:\Users\DELL Precision 5550\Documents\GitHub\Terrasight-Eurosat-RGB-vs-Multispectral\data\raw\multispectral\River\River_1326.tif,8,River,8,River,0.997255265712738,True,-44.065132,19.15286
1527,C:\Users\DELL Precision 5550\Documents\GitHub\Terrasight-Eurosat-RGB-vs-Multispectral\data\raw\multispectral\Residential\Residential_1402.tif,7,Residential,7,Residential,0.9990648627281189,True,37.26118,0.15572454
1528,C:\Users\DELL Precision 5550\Documents\GitHub\Terrasight-Eurosat-RGB-vs-Multispectral\data\raw\multispectral\PermanentCrop\PermanentCrop_1195.tif,6,PermanentCrop,6,PermanentCrop,0.7163588404655457,True,28.514675,-16.373802
1529,C:\Users\DELL Precision 5550\Documents\GitHub\Terrasight-Eurosat-RGB-vs-Multispectral\data\raw\multispectral\Industrial\Industrial_148.tif,4,Industrial,4,Industrial,0.9999921321868896,True,46.586086,-26.052095
1530,C:\Users\DELL Precision 5550\Documents\GitHub\Terrasight-Eurosat-RGB-vs-Multispectral\data\raw\multispectral\Residential\Residential_1593.tif,7,Residential,7,Residential,0.9982044696807861,True,35.962128,2.2703779
1531,C:\Users\DELL Precision 5550\Documents\GitHub\Terrasight-Eurosat-RGB-vs-Multispectral\data\raw\multispectral\Industrial\Industrial_867.tif,4,Industrial,4,Industrial,0.9960790276527405,True,37.442947,-17.918646
1532,C:\Users\DELL Precision 5550\Documents\GitHub\Terrasight-Eurosat-RGB-vs-Multispectral\data\raw\multispectral\River\River_22.tif,8,River,8,River,0.998703122138977,True,-38.329514,21.632713
1533,C:\Users\DELL Precision 5550\Documents\GitHub\Terrasight-Eurosat-RGB-vs-Multispectral\data\raw\multispectral\Industrial\Industrial_11.tif,4,Industrial,4,Industrial,0.9998028874397278,True,38.208138,-23.445683
1534,C:\Users\DELL Precision 5550\Documents\GitHub\Terrasight-Eurosat-RGB-vs-Multispectral\data\raw\multispectral\Highway\Highway_423.tif,3,Highway,3,Highway,0.9517663717269897,True,18.743017,-48.03765
1535,C:\Users\DELL Precision 5550\Documents\GitHub\Terrasight-Eurosat-RGB-vs-Multispectral\data\raw\multispectral\AnnualCrop\AnnualCrop_2601.tif,0,AnnualCrop,0,AnnualCrop,0.99730384349823,True,-32.530922,-35.10229
1536,C:\Users\DELL Precision 5550\Documents\GitHub\Terrasight-Eurosat-RGB-vs-Multispectral\data\raw\multispectral\HerbaceousVegetation\HerbaceousVegetation_1398.tif,2,HerbaceousVegetation,2,HerbaceousVegetation,0.9919112324714661,True,4.710301,0.8188491
1537,C:\Users\DELL Precision 5550\Documents\GitHub\Terrasight-Eurosat-RGB-vs-Multispectral\data\raw\multispectral\SeaLake\SeaLake_125.tif,9,SeaLake,9,SeaLake,0.999853253364563,True,-11.441979,54.22966
1538,C:\Users\DELL Precision 5550\Documents\GitHub\Terrasight-Eurosat-RGB-vs-Multispectral\data\raw\multispectral\Forest\Forest_2464.tif,1,Forest,1,Forest,0.9578855633735657,True,11.983165,20.976637
1539,C:\Users\DELL Precision 5550\Documents\GitHub\Terrasight-Eurosat-RGB-vs-Multispectral\data\raw\multispectral\AnnualCrop\AnnualCrop_2038.tif,0,AnnualCrop,0,AnnualCrop,0.9788913130760193,True,-30.497087,-23.394674
1540,C:\Users\DELL Precision 5550\Documents\GitHub\Terrasight-Eurosat-RGB-vs-Multispectral\data\raw\multispectral\Forest\Forest_1581.tif,1,Forest,1,Forest,0.9736195802688599,True,17.235586,33.941536
1541,C:\Users\DELL Precision 5550\Documents\GitHub\Terrasight-Eurosat-RGB-vs-Multispectral\data\raw\multispectral\Forest\Forest_2969.tif,1,Forest,1,Forest,0.9992914199829102,True,24.007153,28.102722
1542,C:\Users\DELL Precision 5550\Documents\GitHub\Terrasight-Eurosat-RGB-vs-Multispectral\data\raw\multispectral\Highway\Highway_571.tif,3,Highway,3,Highway,0.9693091511726379,True,6.275414,-52.831055
1543,C:\Users\DELL Precision 5550\Documents\GitHub\Terrasight-Eurosat-RGB-vs-Multispectral\data\raw\multispectral\AnnualCrop\AnnualCrop_2866.tif,0,AnnualCrop,0,AnnualCrop,0.9767726063728333,True,-27.333147,-24.321907
1544,C:\Users\DELL Precision 5550\Documents\GitHub\Terrasight-Eurosat-RGB-vs-Multispectral\data\raw\multispectral\Highway\Highway_1340.tif,3,Highway,3,Highway,0.9974735379219055,True,16.225779,-49.33572
1545,C:\Users\DELL Precision 5550\Documents\GitHub\Terrasight-Eurosat-RGB-vs-Multispectral\data\raw\multispectral\Residential\Residential_292.tif,7,Residential,7,Residential,1.0,True,57.4951,15.890599
1546,C:\Users\DELL Precision 5550\Documents\GitHub\Terrasight-Eurosat-RGB-vs-Multispectral\data\raw\multispectral\Pasture\Pasture_300.tif,5,Pasture,5,Pasture,0.9926335215568542,True,-38.208656,-2.2101986
1547,C:\Users\DELL Precision 5550\Documents\GitHub\Terrasight-Eurosat-RGB-vs-Multispectral\data\raw\multispectral\Highway\Highway_2381.tif,3,Highway,3,Highway,0.9985841512680054,True,18.753698,-53.92885
1548,C:\Users\DELL Precision 5550\Documents\GitHub\Terrasight-Eurosat-RGB-vs-Multispectral\data\raw\multispectral\SeaLake\SeaLake_221.tif,9,SeaLake,9,SeaLake,0.9999865293502808,True,1.5804039,61.76804
1549,C:\Users\DELL Precision 5550\Documents\GitHub\Terrasight-Eurosat-RGB-vs-Multispectral\data\raw\multispectral\Residential\Residential_1857.tif,7,Residential,7,Residential,0.9951906204223633,True,37.582714,5.7597427
1550,C:\Users\DELL Precision 5550\Documents\GitHub\Terrasight-Eurosat-RGB-vs-Multispectral\data\raw\multispectral\River\River_1404.tif,8,River,8,River,0.9925132393836975,True,-33.066273,22.860064
1551,C:\Users\DELL Precision 5550\Documents\GitHub\Terrasight-Eurosat-RGB-vs-Multispectral\data\raw\multispectral\Residential\Residential_2520.tif,7,Residential,7,Residential,0.9999955892562866,True,47.505966,10.630955
1552,C:\Users\DELL Precision 5550\Documents\GitHub\Terrasight-Eurosat-RGB-vs-Multispectral\data\raw\multispectral\Highway\Highway_2200.tif,3,Highway,3,Highway,0.9821146726608276,True,8.995152,-54.99171
1553,C:\Users\DELL Precision 5550\Documents\GitHub\Terrasight-Eurosat-RGB-vs-Multispectral\data\raw\multispectral\River\River_2247.tif,8,River,8,River,0.999890923500061,True,-43.36917,25.707415
1554,C:\Users\DELL Precision 5550\Documents\GitHub\Terrasight-Eurosat-RGB-vs-Multispectral\data\raw\multispectral\Industrial\Industrial_2316.tif,4,Industrial,4,Industrial,0.9978421926498413,True,32.949562,-24.396961
1555,C:\Users\DELL Precision 5550\Documents\GitHub\Terrasight-Eurosat-RGB-vs-Multispectral\data\raw\multispectral\SeaLake\SeaLake_791.tif,9,SeaLake,9,SeaLake,0.998816967010498,True,-10.821304,44.407555
1556,C:\Users\DELL Precision 5550\Documents\GitHub\Terrasight-Eurosat-RGB-vs-Multispectral\data\raw\multispectral\AnnualCrop\AnnualCrop_270.tif,0,AnnualCrop,0,AnnualCrop,0.9003128409385681,True,-34.359814,-17.427797
1557,C:\Users\DELL Precision 5550\Documents\GitHub\Terrasight-Eurosat-RGB-vs-Multispectral\data\raw\multispectral\SeaLake\SeaLake_1648.tif,9,SeaLake,9,SeaLake,0.996434211730957,True,-11.334816,38.325672
1558,C:\Users\DELL Precision 5550\Documents\GitHub\Terrasight-Eurosat-RGB-vs-Multispectral\data\raw\multispectral\Industrial\Industrial_832.tif,4,Industrial,4,Industrial,0.9999457597732544,True,44.281265,-25.83623
1559,C:\Users\DELL Precision 5550\Documents\GitHub\Terrasight-Eurosat-RGB-vs-Multispectral\data\raw\multispectral\AnnualCrop\AnnualCrop_1254.tif,0,AnnualCrop,0,AnnualCrop,0.9987558126449585,True,-32.398315,-37.487877
1560,C:\Users\DELL Precision 5550\Documents\GitHub\Terrasight-Eurosat-RGB-vs-Multispectral\data\raw\multispectral\PermanentCrop\PermanentCrop_2199.tif,6,PermanentCrop,6,PermanentCrop,0.9988246560096741,True,-5.102446,-23.182499
1561,C:\Users\DELL Precision 5550\Documents\GitHub\Terrasight-Eurosat-RGB-vs-Multispectral\data\raw\multispectral\Residential\Residential_1227.tif,7,Residential,7,Residential,0.9859536290168762,True,36.19014,0.39114237
1562,C:\Users\DELL Precision 5550\Documents\GitHub\Terrasight-Eurosat-RGB-vs-Multispectral\data\raw\multispectral\Highway\Highway_2418.tif,3,Highway,3,Highway,0.9941089153289795,True,8.676373,-52.249306
1563,C:\Users\DELL Precision 5550\Documents\GitHub\Terrasight-Eurosat-RGB-vs-Multispectral\data\raw\multispectral\PermanentCrop\PermanentCrop_555.tif,6,PermanentCrop,6,PermanentCrop,0.9977598190307617,True,-6.9753313,-29.935272
1564,C:\Users\DELL Precision 5550\Documents\GitHub\Terrasight-Eurosat-RGB-vs-Multispectral\data\raw\multispectral\AnnualCrop\AnnualCrop_1895.tif,0,AnnualCrop,0,AnnualCrop,0.9796897172927856,True,-31.78479,-22.274595
1565,C:\Users\DELL Precision 5550\Documents\GitHub\Terrasight-Eurosat-RGB-vs-Multispectral\data\raw\multispectral\Forest\Forest_747.tif,1,Forest,1,Forest,0.9990076422691345,True,13.778114,32.238415
1566,C:\Users\DELL Precision 5550\Documents\GitHub\Terrasight-Eurosat-RGB-vs-Multispectral\data\raw\multispectral\SeaLake\SeaLake_2027.tif,9,SeaLake,9,SeaLake,0.9999997615814209,True,1.1239896,70.25101
1567,C:\Users\DELL Precision 5550\Documents\GitHub\Terrasight-Eurosat-RGB-vs-Multispectral\data\raw\multispectral\Highway\Highway_911.tif,3,Highway,3,Highway,0.9762543439865112,True,9.279774,-57.51624
1568,C:\Users\DELL Precision 5550\Documents\GitHub\Terrasight-Eurosat-RGB-vs-Multispectral\data\raw\multispectral\Highway\Highway_92.tif,3,Highway,3,Highway,0.9955850839614868,True,12.952476,-53.359444
1569,C:\Users\DELL Precision 5550\Documents\GitHub\Terrasight-Eurosat-RGB-vs-Multispectral\data\raw\multispectral\Residential\Residential_1016.tif,7,Residential,7,Residential,0.9987581968307495,True,55.56604,7.07723
1570,C:\Users\DELL Precision 5550\Documents\GitHub\Terrasight-Eurosat-RGB-vs-Multispectral\data\raw\multispectral\Residential\Residential_975.tif,7,Residential,7,Residential,0.96720951795578,True,37.01566,5.5763063
1571,C:\Users\DELL Precision 5550\Documents\GitHub\Terrasight-Eurosat-RGB-vs-Multispectral\data\raw\multispectral\River\River_491.tif,8,River,8,River,0.9993318915367126,True,-40.742676,21.379
1572,C:\Users\DELL Precision 5550\Documents\GitHub\Terrasight-Eurosat-RGB-vs-Multispectral\data\raw\multispectral\River\River_1951.tif,8,River,8,River,0.9997808337211609,True,-36.45779,23.806866
1573,C:\Users\DELL Precision 5550\Documents\GitHub\Terrasight-Eurosat-RGB-vs-Multispectral\data\raw\multispectral\Highway\Highway_2131.tif,3,Highway,3,Highway,0.982839047908783,True,9.354315,-59.009396
1574,C:\Users\DELL Precision 5550\Documents\GitHub\Terrasight-Eurosat-RGB-vs-Multispectral\data\raw\multispectral\Residential\Residential_306.tif,7,Residential,7,Residential,0.9812126755714417,True,38.753254,-3.6215725
1575,C:\Users\DELL Precision 5550\Documents\GitHub\Terrasight-Eurosat-RGB-vs-Multispectral\data\raw\multispectral\PermanentCrop\PermanentCrop_53.tif,6,PermanentCrop,6,PermanentCrop,0.6556383967399597,True,1.7276992,-10.282524
1576,C:\Users\DELL Precision 5550\Documents\GitHub\Terrasight-Eurosat-RGB-vs-Multispectral\data\raw\multispectral\AnnualCrop\AnnualCrop_489.tif,0,AnnualCrop,0,AnnualCrop,0.9998397827148438,True,-34.143818,-38.53134
1577,C:\Users\DELL Precision 5550\Documents\GitHub\Terrasight-Eurosat-RGB-vs-Multispectral\data\raw\multispectral\River\River_1187.tif,8,River,8,River,0.9999432563781738,True,-43.197792,27.759665
1578,C:\Users\DELL Precision 5550\Documents\GitHub\Terrasight-Eurosat-RGB-vs-Multispectral\data\raw\multispectral\PermanentCrop\PermanentCrop_143.tif,6,PermanentCrop,6,PermanentCrop,0.9994257688522339,True,-1.0036224,-25.122377
1579,C:\Users\DELL Precision 5550\Documents\GitHub\Terrasight-Eurosat-RGB-vs-Multispectral\data\raw\multispectral\Forest\Forest_1247.tif,1,Forest,1,Forest,0.9977341890335083,True,23.302553,38.530125
1580,C:\Users\DELL Precision 5550\Documents\GitHub\Terrasight-Eurosat-RGB-vs-Multispectral\data\raw\multispectral\Forest\Forest_433.tif,1,Forest,1,Forest,0.8861491084098816,True,8.433399,20.545893
1581,C:\Users\DELL Precision 5550\Documents\GitHub\Terrasight-Eurosat-RGB-vs-Multispectral\data\raw\multispectral\Highway\Highway_562.tif,3,Highway,3,Highway,0.9615389108657837,True,18.595442,-45.144157
1582,C:\Users\DELL Precision 5550\Documents\GitHub\Terrasight-Eurosat-RGB-vs-Multispectral\data\raw\multispectral\HerbaceousVegetation\HerbaceousVegetation_2954.tif,2,HerbaceousVegetation,2,HerbaceousVegetation,0.9975739121437073,True,0.3508153,5.4201384
1583,C:\Users\DELL Precision 5550\Documents\GitHub\Terrasight-Eurosat-RGB-vs-Multispectral\data\raw\multispectral\AnnualCrop\AnnualCrop_1969.tif,0,AnnualCrop,6,PermanentCrop,0.6649515628814697,False,-16.909332,-31.211487
1584,C:\Users\DELL Precision 5550\Documents\GitHub\Terrasight-Eurosat-RGB-vs-Multispectral\data\raw\multispectral\HerbaceousVegetation\HerbaceousVegetation_2761.tif,2,HerbaceousVegetation,2,HerbaceousVegetation,0.5940107703208923,True,-7.958604,-6.6862116
1585,C:\Users\DELL Precision 5550\Documents\GitHub\Terrasight-Eurosat-RGB-vs-Multispectral\data\raw\multispectral\HerbaceousVegetation\HerbaceousVegetation_2468.tif,2,HerbaceousVegetation,2,HerbaceousVegetation,0.9991114735603333,True,-7.7200794,6.462494
1586,C:\Users\DELL Precision 5550\Documents\GitHub\Terrasight-Eurosat-RGB-vs-Multispectral\data\raw\multispectral\Highway\Highway_2177.tif,3,Highway,3,Highway,0.9773715734481812,True,10.041511,-49.918568
1587,C:\Users\DELL Precision 5550\Documents\GitHub\Terrasight-Eurosat-RGB-vs-Multispectral\data\raw\multispectral\AnnualCrop\AnnualCrop_2031.tif,0,AnnualCrop,0,AnnualCrop,0.9967447519302368,True,-27.920078,-33.2256
1588,C:\Users\DELL Precision 5550\Documents\GitHub\Terrasight-Eurosat-RGB-vs-Multispectral\data\raw\multispectral\PermanentCrop\PermanentCrop_189.tif,6,PermanentCrop,6,PermanentCrop,0.9652681946754456,True,3.9353108,-13.768129
1589,C:\Users\DELL Precision 5550\Documents\GitHub\Terrasight-Eurosat-RGB-vs-Multispectral\data\raw\multispectral\AnnualCrop\AnnualCrop_549.tif,0,AnnualCrop,0,AnnualCrop,0.6651407480239868,True,-19.368256,-25.919582
1590,C:\Users\DELL Precision 5550\Documents\GitHub\Terrasight-Eurosat-RGB-vs-Multispectral\data\raw\multispectral\Highway\Highway_924.tif,3,Highway,3,Highway,0.9708458185195923,True,11.025014,-45.53037
1591,C:\Users\DELL Precision 5550\Documents\GitHub\Terrasight-Eurosat-RGB-vs-Multispectral\data\raw\multispectral\Forest\Forest_1240.tif,1,Forest,1,Forest,0.8556092381477356,True,10.639284,23.915165
1592,C:\Users\DELL Precision 5550\Documents\GitHub\Terrasight-Eurosat-RGB-vs-Multispectral\data\raw\multispectral\SeaLake\SeaLake_2349.tif,9,SeaLake,9,SeaLake,0.9989676475524902,True,-11.009416,43.126637
1593,C:\Users\DELL Precision 5550\Documents\GitHub\Terrasight-Eurosat-RGB-vs-Multispectral\data\raw\multispectral\Industrial\Industrial_2304.tif,4,Industrial,4,Industrial,0.999771773815155,True,40.80573,-22.173733
1594,C:\Users\DELL Precision 5550\Documents\GitHub\Terrasight-Eurosat-RGB-vs-Multispectral\data\raw\multispectral\Highway\Highway_449.tif,3,Highway,3,Highway,0.9884366989135742,True,8.7109585,-51.800037
1595,C:\Users\DELL Precision 5550\Documents\GitHub\Terrasight-Eurosat-RGB-vs-Multispectral\data\raw\multispectral\Highway\Highway_1763.tif,3,Highway,3,Highway,0.9966357350349426,True,19.51187,-49.928516
1596,C:\Users\DELL Precision 5550\Documents\GitHub\Terrasight-Eurosat-RGB-vs-Multispectral\data\raw\multispectral\Forest\Forest_1594.tif,1,Forest,1,Forest,0.9999943971633911,True,26.852043,36.332733
1597,C:\Users\DELL Precision 5550\Documents\GitHub\Terrasight-Eurosat-RGB-vs-Multispectral\data\raw\multispectral\Industrial\Industrial_431.tif,4,Industrial,7,Residential,0.5924115777015686,False,31.495914,-12.950767
1598,C:\Users\DELL Precision 5550\Documents\GitHub\Terrasight-Eurosat-RGB-vs-Multispectral\data\raw\multispectral\AnnualCrop\AnnualCrop_1630.tif,0,AnnualCrop,0,AnnualCrop,0.5019654035568237,True,-20.057945,-23.500366
1599,C:\Users\DELL Precision 5550\Documents\GitHub\Terrasight-Eurosat-RGB-vs-Multispectral\data\raw\multispectral\Residential\Residential_1993.tif,7,Residential,7,Residential,0.9999823570251465,True,51.61708,8.717924
1600,C:\Users\DELL Precision 5550\Documents\GitHub\Terrasight-Eurosat-RGB-vs-Multispectral\data\raw\multispectral\AnnualCrop\AnnualCrop_826.tif,0,AnnualCrop,0,AnnualCrop,0.9813436269760132,True,-24.028519,-25.598598
1601,C:\Users\DELL Precision 5550\Documents\GitHub\Terrasight-Eurosat-RGB-vs-Multispectral\data\raw\multispectral\HerbaceousVegetation\HerbaceousVegetation_21.tif,2,HerbaceousVegetation,2,HerbaceousVegetation,0.9998939037322998,True,-4.0519767,10.63041
1602,C:\Users\DELL Precision 5550\Documents\GitHub\Terrasight-Eurosat-RGB-vs-Multispectral\data\raw\multispectral\PermanentCrop\PermanentCrop_142.tif,6,PermanentCrop,6,PermanentCrop,0.9999818801879883,True,-3.3997433,-33.27277
1603,C:\Users\DELL Precision 5550\Documents\GitHub\Terrasight-Eurosat-RGB-vs-Multispectral\data\raw\multispectral\Residential\Residential_1849.tif,7,Residential,7,Residential,0.9998997449874878,True,43.841545,7.446266
1604,C:\Users\DELL Precision 5550\Documents\GitHub\Terrasight-Eurosat-RGB-vs-Multispectral\data\raw\multispectral\Forest\Forest_2219.tif,1,Forest,1,Forest,0.9863436222076416,True,24.497576,24.611822
1605,C:\Users\DELL Precision 5550\Documents\GitHub\Terrasight-Eurosat-RGB-vs-Multispectral\data\raw\multispectral\Forest\Forest_1839.tif,1,Forest,1,Forest,0.9909870028495789,True,12.775688,31.171352
1606,C:\Users\DELL Precision 5550\Documents\GitHub\Terrasight-Eurosat-RGB-vs-Multispectral\data\raw\multispectral\Residential\Residential_900.tif,7,Residential,7,Residential,1.0,True,55.28594,14.24922
1607,C:\Users\DELL Precision 5550\Documents\GitHub\Terrasight-Eurosat-RGB-vs-Multispectral\data\raw\multispectral\Residential\Residential_2423.tif,7,Residential,7,Residential,0.9999996423721313,True,44.279964,14.782644
1608,C:\Users\DELL Precision 5550\Documents\GitHub\Terrasight-Eurosat-RGB-vs-Multispectral\data\raw\multispectral\SeaLake\SeaLake_1655.tif,9,SeaLake,9,SeaLake,0.9995883107185364,True,-14.24795,51.418514
1609,C:\Users\DELL Precision 5550\Documents\GitHub\Terrasight-Eurosat-RGB-vs-Multispectral\data\raw\multispectral\Highway\Highway_1036.tif,3,Highway,3,Highway,0.9996441602706909,True,11.819353,-59.77409
1610,C:\Users\DELL Precision 5550\Documents\GitHub\Terrasight-Eurosat-RGB-vs-Multispectral\data\raw\multispectral\Industrial\Industrial_1737.tif,4,Industrial,4,Industrial,0.9831556081771851,True,37.855263,-16.878483
1611,C:\Users\DELL Precision 5550\Documents\GitHub\Terrasight-Eurosat-RGB-vs-Multispectral\data\raw\multispectral\AnnualCrop\AnnualCrop_920.tif,0,AnnualCrop,0,AnnualCrop,0.99192214012146,True,-31.503056,-31.716764
1612,C:\Users\DELL Precision 5550\Documents\GitHub\Terrasight-Eurosat-RGB-vs-Multispectral\data\raw\multispectral\HerbaceousVegetation\HerbaceousVegetation_795.tif,2,HerbaceousVegetation,2,HerbaceousVegetation,0.9972027540206909,True,-2.5288868,7.0181346
1613,C:\Users\DELL Precision 5550\Documents\GitHub\Terrasight-Eurosat-RGB-vs-Multispectral\data\raw\multispectral\HerbaceousVegetation\HerbaceousVegetation_676.tif,2,HerbaceousVegetation,2,HerbaceousVegetation,0.9997851252555847,True,-5.4839573,9.417493
1614,C:\Users\DELL Precision 5550\Documents\GitHub\Terrasight-Eurosat-RGB-vs-Multispectral\data\raw\multispectral\Industrial\Industrial_903.tif,4,Industrial,4,Industrial,0.9801559448242188,True,31.28414,-17.701427
1615,C:\Users\DELL Precision 5550\Documents\GitHub\Terrasight-Eurosat-RGB-vs-Multispectral\data\raw\multispectral\Residential\Residential_1023.tif,7,Residential,7,Residential,0.9995344877243042,True,42.194252,3.3398263
1616,C:\Users\DELL Precision 5550\Documents\GitHub\Terrasight-Eurosat-RGB-vs-Multispectral\data\raw\multispectral\River\River_412.tif,8,River,8,River,0.998498797416687,True,-44.068142,29.554884
1617,C:\Users\DELL Precision 5550\Documents\GitHub\Terrasight-Eurosat-RGB-vs-Multispectral\data\raw\multispectral\SeaLake\SeaLake_635.tif,9,SeaLake,9,SeaLake,0.9999996423721313,True,1.029236,69.65111
1618,C:\Users\DELL Precision 5550\Documents\GitHub\Terrasight-Eurosat-RGB-vs-Multispectral\data\raw\multispectral\Forest\Forest_1733.tif,1,Forest,1,Forest,0.9981589913368225,True,13.013599,35.159473
1619,C:\Users\DELL Precision 5550\Documents\GitHub\Terrasight-Eurosat-RGB-vs-Multispectral\data\raw\multispectral\PermanentCrop\PermanentCrop_1587.tif,6,PermanentCrop,6,PermanentCrop,0.5306445360183716,True,3.0513926,-10.789971
1620,C:\Users\DELL Precision 5550\Documents\GitHub\Terrasight-Eurosat-RGB-vs-Multispectral\data\raw\multispectral\Residential\Residential_1369.tif,7,Residential,7,Residential,0.9999973773956299,True,51.647842,6.879725
1621,C:\Users\DELL Precision 5550\Documents\GitHub\Terrasight-Eurosat-RGB-vs-Multispectral\data\raw\multispectral\Forest\Forest_1486.tif,1,Forest,1,Forest,0.9008817076683044,True,9.777521,28.95393
1622,C:\Users\DELL Precision 5550\Documents\GitHub\Terrasight-Eurosat-RGB-vs-Multispectral\data\raw\multispectral\HerbaceousVegetation\HerbaceousVegetation_105.tif,2,HerbaceousVegetation,2,HerbaceousVegetation,0.9943522214889526,True,-13.579628,1.331666
1623,C:\Users\DELL Precision 5550\Documents\GitHub\Terrasight-Eurosat-RGB-vs-Multispectral\data\raw\multispectral\Industrial\Industrial_1037.tif,4,Industrial,4,Industrial,0.9999258518218994,True,40.910095,-26.643112
1624,C:\Users\DELL Precision 5550\Documents\GitHub\Terrasight-Eurosat-RGB-vs-Multispectral\data\raw\multispectral\River\River_625.tif,8,River,8,River,0.9937877655029297,True,-38.56988,18.043606
1625,C:\Users\DELL Precision 5550\Documents\GitHub\Terrasight-Eurosat-RGB-vs-Multispectral\data\raw\multispectral\Industrial\Industrial_1500.tif,4,Industrial,4,Industrial,0.9933886528015137,True,34.407757,-19.143372
1626,C:\Users\DELL Precision 5550\Documents\GitHub\Terrasight-Eurosat-RGB-vs-Multispectral\data\raw\multispectral\Residential\Residential_333.tif,7,Residential,7,Residential,0.9998546838760376,True,42.71714,1.1879144
1627,C:\Users\DELL Precision 5550\Documents\GitHub\Terrasight-Eurosat-RGB-vs-Multispectral\data\raw\multispectral\PermanentCrop\PermanentCrop_898.tif,6,PermanentCrop,6,PermanentCrop,0.9979123473167419,True,-1.2450527,-21.251276
1628,C:\Users\DELL Precision 5550\Documents\GitHub\Terrasight-Eurosat-RGB-vs-Multispectral\data\raw\multispectral\AnnualCrop\AnnualCrop_2014.tif,0,AnnualCrop,0,AnnualCrop,0.9851232171058655,True,-26.69551,-38.34926
1629,C:\Users\DELL Precision 5550\Documents\GitHub\Terrasight-Eurosat-RGB-vs-Multispectral\data\raw\multispectral\River\River_55.tif,8,River,8,River,0.9999300241470337,True,-46.454018,25.045845
1630,C:\Users\DELL Precision 5550\Documents\GitHub\Terrasight-Eurosat-RGB-vs-Multispectral\data\raw\multispectral\AnnualCrop\AnnualCrop_113.tif,0,AnnualCrop,0,AnnualCrop,0.6881493926048279,True,-7.9295077,46.936817
1631,C:\Users\DELL Precision 5550\Documents\GitHub\Terrasight-Eurosat-RGB-vs-Multispectral\data\raw\multispectral\Residential\Residential_1900.tif,7,Residential,7,Residential,0.9999992847442627,True,53.771065,10.960394
1632,C:\Users\DELL Precision 5550\Documents\GitHub\Terrasight-Eurosat-RGB-vs-Multispectral\data\raw\multispectral\River\River_1150.tif,8,River,8,River,0.998836100101471,True,-41.820206,22.221342
1633,C:\Users\DELL Precision 5550\Documents\GitHub\Terrasight-Eurosat-RGB-vs-Multispectral\data\raw\multispectral\AnnualCrop\AnnualCrop_2855.tif,0,AnnualCrop,0,AnnualCrop,0.9998642206192017,True,-29.242002,-40.773766
1634,C:\Users\DELL Precision 5550\Documents\GitHub\Terrasight-Eurosat-RGB-vs-Multispectral\data\raw\multispectral\Forest\Forest_1268.tif,1,Forest,1,Forest,0.7863622903823853,True,9.516793,16.908728
1635,C:\Users\DELL Precision 5550\Documents\GitHub\Terrasight-Eurosat-RGB-vs-Multispectral\data\raw\multispectral\HerbaceousVegetation\HerbaceousVegetation_644.tif,2,HerbaceousVegetation,2,HerbaceousVegetation,0.9997202754020691,True,-4.268448,9.315323
1636,C:\Users\DELL Precision 5550\Documents\GitHub\Terrasight-Eurosat-RGB-vs-Multispectral\data\raw\multispectral\Residential\Residential_1768.tif,7,Residential,7,Residential,0.9995114803314209,True,44.245956,-0.30274716
1637,C:\Users\DELL Precision 5550\Documents\GitHub\Terrasight-Eurosat-RGB-vs-Multispectral\data\raw\multispectral\AnnualCrop\AnnualCrop_170.tif,0,AnnualCrop,0,AnnualCrop,0.9964081645011902,True,-24.43784,-34.52908
1638,C:\Users\DELL Precision 5550\Documents\GitHub\Terrasight-Eurosat-RGB-vs-Multispectral\data\raw\multispectral\AnnualCrop\AnnualCrop_944.tif,0,AnnualCrop,0,AnnualCrop,0.9994251728057861,True,-31.996452,-40.95462
1639,C:\Users\DELL Precision 5550\Documents\GitHub\Terrasight-Eurosat-RGB-vs-Multispectral\data\raw\multispectral\Forest\Forest_1568.tif,1,Forest,1,Forest,0.9721264839172363,True,12.688375,26.990204
1640,C:\Users\DELL Precision 5550\Documents\GitHub\Terrasight-Eurosat-RGB-vs-Multispectral\data\raw\multispectral\SeaLake\SeaLake_2078.tif,9,SeaLake,9,SeaLake,0.9736464619636536,True,-15.339157,44.31982
1641,C:\Users\DELL Precision 5550\Documents\GitHub\Terrasight-Eurosat-RGB-vs-Multispectral\data\raw\multispectral\SeaLake\SeaLake_747.tif,9,SeaLake,9,SeaLake,0.9999996423721313,True,0.5747553,68.1568
1642,C:\Users\DELL Precision 5550\Documents\GitHub\Terrasight-Eurosat-RGB-vs-Multispectral\data\raw\multispectral\AnnualCrop\AnnualCrop_2701.tif,0,AnnualCrop,0,AnnualCrop,0.9963567852973938,True,-33.233776,-28.923216
1643,C:\Users\DELL Precision 5550\Documents\GitHub\Terrasight-Eurosat-RGB-vs-Multispectral\data\raw\multispectral\Pasture\Pasture_125.tif,5,Pasture,5,Pasture,0.9960706233978271,True,-40.803463,-1.2939001
1644,C:\Users\DELL Precision 5550\Documents\GitHub\Terrasight-Eurosat-RGB-vs-Multispectral\data\raw\multispectral\AnnualCrop\AnnualCrop_1789.tif,0,AnnualCrop,0,AnnualCrop,0.9968235492706299,True,-28.172598,-31.221712
1645,C:\Users\DELL Precision 5550\Documents\GitHub\Terrasight-Eurosat-RGB-vs-Multispectral\data\raw\multispectral\Forest\Forest_53.tif,1,Forest,1,Forest,0.9994102716445923,True,13.78703,32.974686
1646,C:\Users\DELL Precision 5550\Documents\GitHub\Terrasight-Eurosat-RGB-vs-Multispectral\data\raw\multispectral\River\River_2353.tif,8,River,8,River,0.9998925924301147,True,-47.879498,22.59089
1647,C:\Users\DELL Precision 5550\Documents\GitHub\Terrasight-Eurosat-RGB-vs-Multispectral\data\raw\multispectral\AnnualCrop\AnnualCrop_23.tif,0,AnnualCrop,0,AnnualCrop,0.9995400905609131,True,-34.73224,-36.369614
1648,C:\Users\DELL Precision 5550\Documents\GitHub\Terrasight-Eurosat-RGB-vs-Multispectral\data\raw\multispectral\SeaLake\SeaLake_2267.tif,9,SeaLake,9,SeaLake,0.9999402761459351,True,-13.133538,56.91303
1649,C:\Users\DELL Precision 5550\Documents\GitHub\Terrasight-Eurosat-RGB-vs-Multispectral\data\raw\multispectral\Highway\Highway_1777.tif,3,Highway,3,Highway,0.9562029838562012,True,7.4469175,-57.71499
1650,C:\Users\DELL Precision 5550\Documents\GitHub\Terrasight-Eurosat-RGB-vs-Multispectral\data\raw\multispectral\Residential\Residential_1161.tif,7,Residential,7,Residential,0.9997262358665466,True,40.694252,-1.0464163
1651,C:\Users\DELL Precision 5550\Documents\GitHub\Terrasight-Eurosat-RGB-vs-Multispectral\data\raw\multispectral\AnnualCrop\AnnualCrop_1561.tif,0,AnnualCrop,0,AnnualCrop,0.9984750151634216,True,-39.211174,-32.540443
1652,C:\Users\DELL Precision 5550\Documents\GitHub\Terrasight-Eurosat-RGB-vs-Multispectral\data\raw\multispectral\Residential\Residential_2991.tif,7,Residential,7,Residential,1.0,True,53.494434,15.138727
1653,C:\Users\DELL Precision 5550\Documents\GitHub\Terrasight-Eurosat-RGB-vs-Multispectral\data\raw\multispectral\SeaLake\SeaLake_327.tif,9,SeaLake,9,SeaLake,0.9973402619361877,True,-12.344044,37.870686
1654,C:\Users\DELL Precision 5550\Documents\GitHub\Terrasight-Eurosat-RGB-vs-Multispectral\data\raw\multispectral\Industrial\Industrial_824.tif,4,Industrial,4,Industrial,0.9996988773345947,True,42.686947,-20.695301
1655,C:\Users\DELL Precision 5550\Documents\GitHub\Terrasight-Eurosat-RGB-vs-Multispectral\data\raw\multispectral\SeaLake\SeaLake_2596.tif,9,SeaLake,9,SeaLake,0.9994850158691406,True,-9.900206,42.646572
1656,C:\Users\DELL Precision 5550\Documents\GitHub\Terrasight-Eurosat-RGB-vs-Multispectral\data\raw\multispectral\Highway\Highway_500.tif,3,Highway,3,Highway,0.9995598196983337,True,13.266823,-56.875328
1657,C:\Users\DELL Precision 5550\Documents\GitHub\Terrasight-Eurosat-RGB-vs-Multispectral\data\raw\multispectral\Residential\Residential_1261.tif,7,Residential,7,Residential,0.9999996423721313,True,52.77732,11.781843
1658,C:\Users\DELL Precision 5550\Documents\GitHub\Terrasight-Eurosat-RGB-vs-Multispectral\data\raw\multispectral\PermanentCrop\PermanentCrop_251.tif,6,PermanentCrop,6,PermanentCrop,0.9530026912689209,True,-0.5858891,-15.3221855
1659,C:\Users\DELL Precision 5550\Documents\GitHub\Terrasight-Eurosat-RGB-vs-Multispectral\data\raw\multispectral\Residential\Residential_1945.tif,7,Residential,7,Residential,0.9999821186065674,True,50.568798,0.7994917
1660,C:\Users\DELL Precision 5550\Documents\GitHub\Terrasight-Eurosat-RGB-vs-Multispectral\data\raw\multispectral\Pasture\Pasture_1265.tif,5,Pasture,5,Pasture,0.9977060556411743,True,-38.259274,-6.847309
1661,C:\Users\DELL Precision 5550\Documents\GitHub\Terrasight-Eurosat-RGB-vs-Multispectral\data\raw\multispectral\Forest\Forest_1383.tif,1,Forest,1,Forest,0.9310815334320068,True,8.946933,20.48062
1662,C:\Users\DELL Precision 5550\Documents\GitHub\Terrasight-Eurosat-RGB-vs-Multispectral\data\raw\multispectral\River\River_2334.tif,8,River,8,River,0.9992634654045105,True,-40.354156,20.932795
1663,C:\Users\DELL Precision 5550\Documents\GitHub\Terrasight-Eurosat-RGB-vs-Multispectral\data\raw\multispectral\SeaLake\SeaLake_1413.tif,9,SeaLake,9,SeaLake,0.9999780654907227,True,-7.7444963,59.221325
1664,C:\Users\DELL Precision 5550\Documents\GitHub\Terrasight-Eurosat-RGB-vs-Multispectral\data\raw\multispectral\HerbaceousVegetation\HerbaceousVegetation_2354.tif,2,HerbaceousVegetation,2,HerbaceousVegetation,0.999473512172699,True,-0.16674797,6.5816793
1665,C:\Users\DELL Precision 5550\Documents\GitHub\Terrasight-Eurosat-RGB-vs-Multispectral\data\raw\multispectral\Industrial\Industrial_2093.tif,4,Industrial,4,Industrial,0.5621870160102844,True,17.852295,-42.20088
1666,C:\Users\DELL Precision 5550\Documents\GitHub\Terrasight-Eurosat-RGB-vs-Multispectral\data\raw\multispectral\SeaLake\SeaLake_1105.tif,9,SeaLake,9,SeaLake,0.9941368103027344,True,-9.370704,40.964954
1667,C:\Users\DELL Precision 5550\Documents\GitHub\Terrasight-Eurosat-RGB-vs-Multispectral\data\raw\multispectral\Highway\Highway_2108.tif,3,Highway,3,Highway,0.9979516863822937,True,18.092337,-51.315628
1668,C:\Users\DELL Precision 5550\Documents\GitHub\Terrasight-Eurosat-RGB-vs-Multispectral\data\raw\multispectral\SeaLake\SeaLake_60.tif,9,SeaLake,9,SeaLake,0.9995031356811523,True,-9.476881,42.510853
1669,C:\Users\DELL Precision 5550\Documents\GitHub\Terrasight-Eurosat-RGB-vs-Multispectral\data\raw\multispectral\Industrial\Industrial_1852.tif,4,Industrial,4,Industrial,0.9954195022583008,True,44.890015,-18.780884
1670,C:\Users\DELL Precision 5550\Documents\GitHub\Terrasight-Eurosat-RGB-vs-Multispectral\data\raw\multispectral\River\River_2467.tif,8,River,8,River,0.999890923500061,True,-44.546925,28.6197
1671,C:\Users\DELL Precision 5550\Documents\GitHub\Terrasight-Eurosat-RGB-vs-Multispectral\data\raw\multispectral\Residential\Residential_2814.tif,7,Residential,7,Residential,0.9999988079071045,True,54.073296,10.808759
1672,C:\Users\DELL Precision 5550\Documents\GitHub\Terrasight-Eurosat-RGB-vs-Multispectral\data\raw\multispectral\Residential\Residential_1199.tif,7,Residential,7,Residential,0.9966679215431213,True,38.1528,5.149963
1673,C:\Users\DELL Precision 5550\Documents\GitHub\Terrasight-Eurosat-RGB-vs-Multispectral\data\raw\multispectral\River\River_1233.tif,8,River,8,River,0.9999756813049316,True,-45.904877,27.983088
1674,C:\Users\DELL Precision 5550\Documents\GitHub\Terrasight-Eurosat-RGB-vs-Multispectral\data\raw\multispectral\HerbaceousVegetation\HerbaceousVegetation_146.tif,2,HerbaceousVegetation,2,HerbaceousVegetation,0.9916858077049255,True,-5.2496357,0.344097
1675,C:\Users\DELL Precision 5550\Documents\GitHub\Terrasight-Eurosat-RGB-vs-Multispectral\data\raw\multispectral\SeaLake\SeaLake_1663.tif,9,SeaLake,9,SeaLake,0.9999769926071167,True,-8.349672,61.701313
1676,C:\Users\DELL Precision 5550\Documents\GitHub\Terrasight-Eurosat-RGB-vs-Multispectral\data\raw\multispectral\PermanentCrop\PermanentCrop_1794.tif,6,PermanentCrop,6,PermanentCrop,0.9995697140693665,True,-1.9388754,-25.899069
1677,C:\Users\DELL Precision 5550\Documents\GitHub\Terrasight-Eurosat-RGB-vs-Multispectral\data\raw\multispectral\Pasture\Pasture_1458.tif,5,Pasture,0,AnnualCrop,0.6983708739280701,False,-37.199444,-14.113776
1678,C:\Users\DELL Precision 5550\Documents\GitHub\Terrasight-Eurosat-RGB-vs-Multispectral\data\raw\multispectral\HerbaceousVegetation\HerbaceousVegetation_2767.tif,2,HerbaceousVegetation,2,HerbaceousVegetation,0.9718853831291199,True,-14.9014435,-2.2714446
1679,C:\Users\DELL Precision 5550\Documents\GitHub\Terrasight-Eurosat-RGB-vs-Multispectral\data\raw\multispectral\River\River_461.tif,8,River,8,River,0.9996843338012695,True,-42.358116,24.413313
1680,C:\Users\DELL Precision 5550\Documents\GitHub\Terrasight-Eurosat-RGB-vs-Multispectral\data\raw\multispectral\Highway\Highway_374.tif,3,Highway,3,Highway,0.959976315498352,True,9.713333,-59.88212
1681,C:\Users\DELL Precision 5550\Documents\GitHub\Terrasight-Eurosat-RGB-vs-Multispectral\data\raw\multispectral\River\River_880.tif,8,River,8,River,0.9998897314071655,True,-43.774494,31.168184
1682,C:\Users\DELL Precision 5550\Documents\GitHub\Terrasight-Eurosat-RGB-vs-Multispectral\data\raw\multispectral\Industrial\Industrial_1499.tif,4,Industrial,4,Industrial,0.9997935891151428,True,40.500935,-28.75492
1683,C:\Users\DELL Precision 5550\Documents\GitHub\Terrasight-Eurosat-RGB-vs-Multispectral\data\raw\multispectral\Highway\Highway_1690.tif,3,Highway,3,Highway,0.9998388290405273,True,14.436108,-59.53292
1684,C:\Users\DELL Precision 5550\Documents\GitHub\Terrasight-Eurosat-RGB-vs-Multispectral\data\raw\multispectral\River\River_83.tif,8,River,3,Highway,0.8798978328704834,False,4.415539,-50.64191
1685,C:\Users\DELL Precision 5550\Documents\GitHub\Terrasight-Eurosat-RGB-vs-Multispectral\data\raw\multispectral\HerbaceousVegetation\HerbaceousVegetation_2204.tif,2,HerbaceousVegetation,2,HerbaceousVegetation,0.9998250603675842,True,-12.95969,8.369867
1686,C:\Users\DELL Precision 5550\Documents\GitHub\Terrasight-Eurosat-RGB-vs-Multispectral\data\raw\multispectral\Pasture\Pasture_1747.tif,5,Pasture,5,Pasture,0.9386740326881409,True,-34.141663,-10.811781
1687,C:\Users\DELL Precision 5550\Documents\GitHub\Terrasight-Eurosat-RGB-vs-Multispectral\data\raw\multispectral\HerbaceousVegetation\HerbaceousVegetation_2732.tif,2,HerbaceousVegetation,2,HerbaceousVegetation,0.9993299245834351,True,-7.26411,10.0116625
1688,C:\Users\DELL Precision 5550\Documents\GitHub\Terrasight-Eurosat-RGB-vs-Multispectral\data\raw\multispectral\River\River_2111.tif,8,River,8,River,0.9988133907318115,True,-40.138218,24.192581
1689,C:\Users\DELL Precision 5550\Documents\GitHub\Terrasight-Eurosat-RGB-vs-Multispectral\data\raw\multispectral\Residential\Residential_1646.tif,7,Residential,7,Residential,0.9999996423721313,True,46.656033,12.256479
1690,C:\Users\DELL Precision 5550\Documents\GitHub\Terrasight-Eurosat-RGB-vs-Multispectral\data\raw\multispectral\AnnualCrop\AnnualCrop_53.tif,0,AnnualCrop,0,AnnualCrop,0.742655873298645,True,-38.13062,-23.662395
1691,C:\Users\DELL Precision 5550\Documents\GitHub\Terrasight-Eurosat-RGB-vs-Multispectral\data\raw\multispectral\PermanentCrop\PermanentCrop_638.tif,6,PermanentCrop,6,PermanentCrop,0.983198344707489,True,-9.501704,-24.826094
1692,C:\Users\DELL Precision 5550\Documents\GitHub\Terrasight-Eurosat-RGB-vs-Multispectral\data\raw\multispectral\Residential\Residential_2741.tif,7,Residential,7,Residential,0.9972891807556152,True,37.040997,2.4014108
1693,C:\Users\DELL Precision 5550\Documents\GitHub\Terrasight-Eurosat-RGB-vs-Multispectral\data\raw\multispectral\AnnualCrop\AnnualCrop_1375.tif,0,AnnualCrop,0,AnnualCrop,0.9763186573982239,True,-25.069916,-40.519314
1694,C:\Users\DELL Precision 5550\Documents\GitHub\Terrasight-Eurosat-RGB-vs-Multispectral\data\raw\multispectral\River\River_1349.tif,8,River,8,River,0.999529242515564,True,-39.223972,27.642563
1695,C:\Users\DELL Precision 5550\Documents\GitHub\Terrasight-Eurosat-RGB-vs-Multispectral\data\raw\multispectral\Industrial\Industrial_1814.tif,4,Industrial,4,Industrial,0.982987642288208,True,29.876097,-20.889006
1696,C:\Users\DELL Precision 5550\Documents\GitHub\Terrasight-Eurosat-RGB-vs-Multispectral\data\raw\multispectral\Residential\Residential_1859.tif,7,Residential,7,Residential,0.996402382850647,True,45.833412,-0.725328
1697,C:\Users\DELL Precision 5550\Documents\GitHub\Terrasight-Eurosat-RGB-vs-Multispectral\data\raw\multispectral\Residential\Residential_1550.tif,7,Residential,7,Residential,0.9999997615814209,True,46.23837,12.149947
1698,C:\Users\DELL Precision 5550\Documents\GitHub\Terrasight-Eurosat-RGB-vs-Multispectral\data\raw\multispectral\Highway\Highway_1097.tif,3,Highway,3,Highway,0.9874709248542786,True,9.066104,-51.440834
1699,C:\Users\DELL Precision 5550\Documents\GitHub\Terrasight-Eurosat-RGB-vs-Multispectral\data\raw\multispectral\HerbaceousVegetation\HerbaceousVegetation_1741.tif,2,HerbaceousVegetation,2,HerbaceousVegetation,0.9883264899253845,True,-15.918219,0.83524114
1700,C:\Users\DELL Precision 5550\Documents\GitHub\Terrasight-Eurosat-RGB-vs-Multispectral\data\raw\multispectral\River\River_1845.tif,8,River,8,River,0.9837659001350403,True,-37.3897,18.777956
1701,C:\Users\DELL Precision 5550\Documents\GitHub\Terrasight-Eurosat-RGB-vs-Multispectral\data\raw\multispectral\Residential\Residential_1732.tif,7,Residential,7,Residential,0.9650816321372986,True,34.125233,-0.41354403
1702,C:\Users\DELL Precision 5550\Documents\GitHub\Terrasight-Eurosat-RGB-vs-Multispectral\data\raw\multispectral\Forest\Forest_473.tif,1,Forest,8,River,0.7350300550460815,False,17.328335,32.208996
1703,C:\Users\DELL Precision 5550\Documents\GitHub\Terrasight-Eurosat-RGB-vs-Multispectral\data\raw\multispectral\SeaLake\SeaLake_1540.tif,9,SeaLake,9,SeaLake,0.9863195419311523,True,-15.979326,45.24652
1704,C:\Users\DELL Precision 5550\Documents\GitHub\Terrasight-Eurosat-RGB-vs-Multispectral\data\raw\multispectral\Residential\Residential_953.tif,7,Residential,7,Residential,0.9998345375061035,True,47.035015,2.0001428
1705,C:\Users\DELL Precision 5550\Documents\GitHub\Terrasight-Eurosat-RGB-vs-Multispectral\data\raw\multispectral\AnnualCrop\AnnualCrop_1084.tif,0,AnnualCrop,0,AnnualCrop,0.617883563041687,True,-19.5172,-25.76575
1706,C:\Users\DELL Precision 5550\Documents\GitHub\Terrasight-Eurosat-RGB-vs-Multispectral\data\raw\multispectral\Forest\Forest_2325.tif,1,Forest,1,Forest,0.9767794013023376,True,11.3334465,27.583565
1707,C:\Users\DELL Precision 5550\Documents\GitHub\Terrasight-Eurosat-RGB-vs-Multispectral\data\raw\multispectral\SeaLake\SeaLake_398.tif,9,SeaLake,9,SeaLake,0.9999697208404541,True,-2.2437117,59.895172
1708,C:\Users\DELL Precision 5550\Documents\GitHub\Terrasight-Eurosat-RGB-vs-Multispectral\data\raw\multispectral\Industrial\Industrial_20.tif,4,Industrial,4,Industrial,0.9999202489852905,True,38.714027,-24.149658
1709,C:\Users\DELL Precision 5550\Documents\GitHub\Terrasight-Eurosat-RGB-vs-Multispectral\data\raw\multispectral\Industrial\Industrial_2198.tif,4,Industrial,4,Industrial,0.9982280135154724,True,34.152306,-19.81495
1710,C:\Users\DELL Precision 5550\Documents\GitHub\Terrasight-Eurosat-RGB-vs-Multispectral\data\raw\multispectral\Forest\Forest_874.tif,1,Forest,1,Forest,0.9999802112579346,True,26.798544,36.320683
1711,C:\Users\DELL Precision 5550\Documents\GitHub\Terrasight-Eurosat-RGB-vs-Multispectral\data\raw\multispectral\AnnualCrop\AnnualCrop_1704.tif,0,AnnualCrop,0,AnnualCrop,0.7916695475578308,True,-19.89042,-26.26717
1712,C:\Users\DELL Precision 5550\Documents\GitHub\Terrasight-Eurosat-RGB-vs-Multispectral\data\raw\multispectral\Pasture\Pasture_216.tif,5,Pasture,5,Pasture,0.6265860199928284,True,-35.66799,-11.014252
1713,C:\Users\DELL Precision 5550\Documents\GitHub\Terrasight-Eurosat-RGB-vs-Multispectral\data\raw\multispectral\Highway\Highway_1494.tif,3,Highway,3,Highway,0.9577168226242065,True,16.302288,-43.864418
1714,C:\Users\DELL Precision 5550\Documents\GitHub\Terrasight-Eurosat-RGB-vs-Multispectral\data\raw\multispectral\AnnualCrop\AnnualCrop_2363.tif,0,AnnualCrop,0,AnnualCrop,0.7380823493003845,True,-20.08049,-29.678188
1715,C:\Users\DELL Precision 5550\Documents\GitHub\Terrasight-Eurosat-RGB-vs-Multispectral\data\raw\multispectral\River\River_67.tif,8,River,8,River,0.9999709129333496,True,-46.94826,30.492218
1716,C:\Users\DELL Precision 5550\Documents\GitHub\Terrasight-Eurosat-RGB-vs-Multispectral\data\raw\multispectral\Residential\Residential_893.tif,7,Residential,7,Residential,0.9992716908454895,True,52.19435,1.0003864
1717,C:\Users\DELL Precision 5550\Documents\GitHub\Terrasight-Eurosat-RGB-vs-Multispectral\data\raw\multispectral\Industrial\Industrial_332.tif,4,Industrial,4,Industrial,0.9883964657783508,True,32.117336,-23.496117
1718,C:\Users\DELL Precision 5550\Documents\GitHub\Terrasight-Eurosat-RGB-vs-Multispectral\data\raw\multispectral\Highway\Highway_45.tif,3,Highway,3,Highway,0.9990901947021484,True,11.199411,-60.014732
1719,C:\Users\DELL Precision 5550\Documents\GitHub\Terrasight-Eurosat-RGB-vs-Multispectral\data\raw\multispectral\River\River_1912.tif,8,River,8,River,0.9999983310699463,True,-49.29483,29.965004
1720,C:\Users\DELL Precision 5550\Documents\GitHub\Terrasight-Eurosat-RGB-vs-Multispectral\data\raw\multispectral\AnnualCrop\AnnualCrop_5.tif,0,AnnualCrop,0,AnnualCrop,0.5499229431152344,True,-30.31963,-19.62966
1721,C:\Users\DELL Precision 5550\Documents\GitHub\Terrasight-Eurosat-RGB-vs-Multispectral\data\raw\multispectral\Highway\Highway_2284.tif,3,Highway,3,Highway,0.9984685778617859,True,20.39792,-55.87406
1722,C:\Users\DELL Precision 5550\Documents\GitHub\Terrasight-Eurosat-RGB-vs-Multispectral\data\raw\multispectral\Residential\Residential_1035.tif,7,Residential,7,Residential,0.9999736547470093,True,44.29821,3.230055
1723,C:\Users\DELL Precision 5550\Documents\GitHub\Terrasight-Eurosat-RGB-vs-Multispectral\data\raw\multispectral\HerbaceousVegetation\HerbaceousVegetation_2408.tif,2,HerbaceousVegetation,2,HerbaceousVegetation,0.9699039459228516,True,-4.6514373,-1.0432321
1724,C:\Users\DELL Precision 5550\Documents\GitHub\Terrasight-Eurosat-RGB-vs-Multispectral\data\raw\multispectral\Industrial\Industrial_536.tif,4,Industrial,4,Industrial,0.9997567534446716,True,39.982525,-22.329756
1725,C:\Users\DELL Precision 5550\Documents\GitHub\Terrasight-Eurosat-RGB-vs-Multispectral\data\raw\multispectral\Forest\Forest_316.tif,1,Forest,1,Forest,0.9909005165100098,True,13.050293,30.67009
1726,C:\Users\DELL Precision 5550\Documents\GitHub\Terrasight-Eurosat-RGB-vs-Multispectral\data\raw\multispectral\Residential\Residential_1880.tif,7,Residential,7,Residential,0.9920348525047302,True,36.04489,3.3432372
1727,C:\Users\DELL Precision 5550\Documents\GitHub\Terrasight-Eurosat-RGB-vs-Multispectral\data\raw\multispectral\Industrial\Industrial_943.tif,4,Industrial,4,Industrial,0.9999873638153076,True,47.989048,-24.25087
1728,C:\Users\DELL Precision 5550\Documents\GitHub\Terrasight-Eurosat-RGB-vs-Multispectral\data\raw\multispectral\PermanentCrop\PermanentCrop_2279.tif,6,PermanentCrop,2,HerbaceousVegetation,0.5767494440078735,False,3.4058173,-9.473254
1729,C:\Users\DELL Precision 5550\Documents\GitHub\Terrasight-Eurosat-RGB-vs-Multispectral\data\raw\multispectral\AnnualCrop\AnnualCrop_710.tif,0,AnnualCrop,0,AnnualCrop,0.9994470477104187,True,-29.090206,-39.73611
1730,C:\Users\DELL Precision 5550\Documents\GitHub\Terrasight-Eurosat-RGB-vs-Multispectral\data\raw\multispectral\Forest\Forest_231.tif,1,Forest,1,Forest,0.999578058719635,True,24.941322,36.059372
1731,C:\Users\DELL Precision 5550\Documents\GitHub\Terrasight-Eurosat-RGB-vs-Multispectral\data\raw\multispectral\River\River_1521.tif,8,River,8,River,0.9994031190872192,True,-49.7018,20.109728
1732,C:\Users\DELL Precision 5550\Documents\GitHub\Terrasight-Eurosat-RGB-vs-Multispectral\data\raw\multispectral\AnnualCrop\AnnualCrop_794.tif,0,AnnualCrop,0,AnnualCrop,0.8236541152000427,True,-20.271343,-35.870365
1733,C:\Users\DELL Precision 5550\Documents\GitHub\Terrasight-Eurosat-RGB-vs-Multispectral\data\raw\multispectral\River\River_1476.tif,8,River,8,River,0.9990702271461487,True,-42.928802,31.455006
1734,C:\Users\DELL Precision 5550\Documents\GitHub\Terrasight-Eurosat-RGB-vs-Multispectral\data\raw\multispectral\Forest\Forest_2585.tif,1,Forest,1,Forest,0.9898052215576172,True,13.202727,29.270195
1735,C:\Users\DELL Precision 5550\Documents\GitHub\Terrasight-Eurosat-RGB-vs-Multispectral\data\raw\multispectral\Industrial\Industrial_2256.tif,4,Industrial,4,Industrial,0.9999516010284424,True,38.422005,-24.13159
1736,C:\Users\DELL Precision 5550\Documents\GitHub\Terrasight-Eurosat-RGB-vs-Multispectral\data\raw\multispectral\Highway\Highway_1014.tif,3,Highway,3,Highway,0.9965871572494507,True,23.478895,-50.918377
1737,C:\Users\DELL Precision 5550\Documents\GitHub\Terrasight-Eurosat-RGB-vs-Multispectral\data\raw\multispectral\PermanentCrop\PermanentCrop_988.tif,6,PermanentCrop,6,PermanentCrop,0.9950942993164062,True,2.0454059,-24.687864
1738,C:\Users\DELL Precision 5550\Documents\GitHub\Terrasight-Eurosat-RGB-vs-Multispectral\data\raw\multispectral\Forest\Forest_1820.tif,1,Forest,1,Forest,0.9995207786560059,True,19.508833,33.960983
1739,C:\Users\DELL Precision 5550\Documents\GitHub\Terrasight-Eurosat-RGB-vs-Multispectral\data\raw\multispectral\HerbaceousVegetation\HerbaceousVegetation_418.tif,2,HerbaceousVegetation,2,HerbaceousVegetation,0.9894983768463135,True,-13.168331,-0.7992368
1740,C:\Users\DELL Precision 5550\Documents\GitHub\Terrasight-Eurosat-RGB-vs-Multispectral\data\raw\multispectral\River\River_210.tif,8,River,8,River,0.8971372246742249,True,-36.62387,31.956318
1741,C:\Users\DELL Precision 5550\Documents\GitHub\Terrasight-Eurosat-RGB-vs-Multispectral\data\raw\multispectral\Industrial\Industrial_72.tif,4,Industrial,4,Industrial,0.9999608993530273,True,45.71521,-23.71562
1742,C:\Users\DELL Precision 5550\Documents\GitHub\Terrasight-Eurosat-RGB-vs-Multispectral\data\raw\multispectral\Residential\Residential_786.tif,7,Residential,7,Residential,0.9989656209945679,True,37.143967,-1.0825874
1743,C:\Users\DELL Precision 5550\Documents\GitHub\Terrasight-Eurosat-RGB-vs-Multispectral\data\raw\multispectral\Residential\Residential_766.tif,7,Residential,7,Residential,0.9999953508377075,True,42.43434,11.417172
1744,C:\Users\DELL Precision 5550\Documents\GitHub\Terrasight-Eurosat-RGB-vs-Multispectral\data\raw\multispectral\AnnualCrop\AnnualCrop_2190.tif,0,AnnualCrop,0,AnnualCrop,0.998337984085083,True,-33.963165,-28.426403
1745,C:\Users\DELL Precision 5550\Documents\GitHub\Terrasight-Eurosat-RGB-vs-Multispectral\data\raw\multispectral\Industrial\Industrial_1534.tif,4,Industrial,4,Industrial,0.9978088736534119,True,35.388638,-20.32752
1746,C:\Users\DELL Precision 5550\Documents\GitHub\Terrasight-Eurosat-RGB-vs-Multispectral\data\raw\multispectral\PermanentCrop\PermanentCrop_1465.tif,6,PermanentCrop,6,PermanentCrop,0.9725192785263062,True,1.0049936,-17.785847
1747,C:\Users\DELL Precision 5550\Documents\GitHub\Terrasight-Eurosat-RGB-vs-Multispectral\data\raw\multispectral\AnnualCrop\AnnualCrop_267.tif,0,AnnualCrop,0,AnnualCrop,0.9870344996452332,True,-28.590418,-35.6609
1748,C:\Users\DELL Precision 5550\Documents\GitHub\Terrasight-Eurosat-RGB-vs-Multispectral\data\raw\multispectral\Highway\Highway_2409.tif,3,Highway,3,Highway,0.9930118918418884,True,19.064991,-51.10171
1749,C:\Users\DELL Precision 5550\Documents\GitHub\Terrasight-Eurosat-RGB-vs-Multispectral\data\raw\multispectral\SeaLake\SeaLake_1583.tif,9,SeaLake,9,SeaLake,0.9999781847000122,True,-7.135284,59.17421
1750,C:\Users\DELL Precision 5550\Documents\GitHub\Terrasight-Eurosat-RGB-vs-Multispectral\data\raw\multispectral\HerbaceousVegetation\HerbaceousVegetation_163.tif,2,HerbaceousVegetation,2,HerbaceousVegetation,0.9365715384483337,True,6.2669816,-2.0676715
1751,C:\Users\DELL Precision 5550\Documents\GitHub\Terrasight-Eurosat-RGB-vs-Multispectral\data\raw\multispectral\Pasture\Pasture_1354.tif,5,Pasture,5,Pasture,0.9985155463218689,True,-37.151363,-2.5246673
1752,C:\Users\DELL Precision 5550\Documents\GitHub\Terrasight-Eurosat-RGB-vs-Multispectral\data\raw\multispectral\Industrial\Industrial_288.tif,4,Industrial,4,Industrial,0.9999568462371826,True,48.32575,-21.713852
1753,C:\Users\DELL Precision 5550\Documents\GitHub\Terrasight-Eurosat-RGB-vs-Multispectral\data\raw\multispectral\Industrial\Industrial_1945.tif,4,Industrial,4,Industrial,0.9999995231628418,True,51.4856,-25.858387
1754,C:\Users\DELL Precision 5550\Documents\GitHub\Terrasight-Eurosat-RGB-vs-Multispectral\data\raw\multispectral\Pasture\Pasture_441.tif,5,Pasture,5,Pasture,0.9990249872207642,True,-43.414867,-3.3932457
1755,C:\Users\DELL Precision 5550\Documents\GitHub\Terrasight-Eurosat-RGB-vs-Multispectral\data\raw\multispectral\Highway\Highway_15.tif,3,Highway,3,Highway,0.9987995624542236,True,11.350373,-59.738888
1756,C:\Users\DELL Precision 5550\Documents\GitHub\Terrasight-Eurosat-RGB-vs-Multispectral\data\raw\multispectral\Highway\Highway_2170.tif,3,Highway,3,Highway,0.961269199848175,True,10.014584,-44.774387
1757,C:\Users\DELL Precision 5550\Documents\GitHub\Terrasight-Eurosat-RGB-vs-Multispectral\data\raw\multispectral\Forest\Forest_1895.tif,1,Forest,1,Forest,0.9988433122634888,True,20.164862,28.63582
1758,C:\Users\DELL Precision 5550\Documents\GitHub\Terrasight-Eurosat-RGB-vs-Multispectral\data\raw\multispectral\PermanentCrop\PermanentCrop_2101.tif,6,PermanentCrop,6,PermanentCrop,0.986203670501709,True,-0.191371,-18.053572
1759,C:\Users\DELL Precision 5550\Documents\GitHub\Terrasight-Eurosat-RGB-vs-Multispectral\data\raw\multispectral\Pasture\Pasture_1463.tif,5,Pasture,5,Pasture,0.9632844924926758,True,-36.087982,-9.753347
1760,C:\Users\DELL Precision 5550\Documents\GitHub\Terrasight-Eurosat-RGB-vs-Multispectral\data\raw\multispectral\Forest\Forest_1167.tif,1,Forest,1,Forest,0.9985796213150024,True,16.771616,29.847843
1761,C:\Users\DELL Precision 5550\Documents\GitHub\Terrasight-Eurosat-RGB-vs-Multispectral\data\raw\multispectral\Forest\Forest_102.tif,1,Forest,1,Forest,0.9996021389961243,True,17.090767,36.569473
1762,C:\Users\DELL Precision 5550\Documents\GitHub\Terrasight-Eurosat-RGB-vs-Multispectral\data\raw\multispectral\AnnualCrop\AnnualCrop_890.tif,0,AnnualCrop,0,AnnualCrop,0.787006139755249,True,-35.949017,-15.634458
1763,C:\Users\DELL Precision 5550\Documents\GitHub\Terrasight-Eurosat-RGB-vs-Multispectral\data\raw\multispectral\SeaLake\SeaLake_1168.tif,9,SeaLake,9,SeaLake,0.9991298317909241,True,-10.6057005,39.429295
1764,C:\Users\DELL Precision 5550\Documents\GitHub\Terrasight-Eurosat-RGB-vs-Multispectral\data\raw\multispectral\AnnualCrop\AnnualCrop_1301.tif,0,AnnualCrop,0,AnnualCrop,0.998764157295227,True,-36.737858,-30.201717
1765,C:\Users\DELL Precision 5550\Documents\GitHub\Terrasight-Eurosat-RGB-vs-Multispectral\data\raw\multispectral\Residential\Residential_1373.tif,7,Residential,7,Residential,0.9999985694885254,True,46.183033,6.943874
1766,C:\Users\DELL Precision 5550\Documents\GitHub\Terrasight-Eurosat-RGB-vs-Multispectral\data\raw\multispectral\HerbaceousVegetation\HerbaceousVegetation_2423.tif,2,HerbaceousVegetation,2,HerbaceousVegetation,0.9973205924034119,True,-13.514622,4.238185
1767,C:\Users\DELL Precision 5550\Documents\GitHub\Terrasight-Eurosat-RGB-vs-Multispectral\data\raw\multispectral\Residential\Residential_2547.tif,7,Residential,7,Residential,1.0,True,56.95594,16.185083
1768,C:\Users\DELL Precision 5550\Documents\GitHub\Terrasight-Eurosat-RGB-vs-Multispectral\data\raw\multispectral\SeaLake\SeaLake_218.tif,9,SeaLake,9,SeaLake,0.9975026249885559,True,-11.537765,42.801746
1769,C:\Users\DELL Precision 5550\Documents\GitHub\Terrasight-Eurosat-RGB-vs-Multispectral\data\raw\multispectral\HerbaceousVegetation\HerbaceousVegetation_1139.tif,2,HerbaceousVegetation,2,HerbaceousVegetation,0.9901270866394043,True,5.755198,3.2262795
1770,C:\Users\DELL Precision 5550\Documents\GitHub\Terrasight-Eurosat-RGB-vs-Multispectral\data\raw\multispectral\Residential\Residential_335.tif,7,Residential,7,Residential,0.998885452747345,True,43.729107,-1.0088198
1771,C:\Users\DELL Precision 5550\Documents\GitHub\Terrasight-Eurosat-RGB-vs-Multispectral\data\raw\multispectral\River\River_1033.tif,8,River,8,River,0.999504804611206,True,-44.977013,20.577171
1772,C:\Users\DELL Precision 5550\Documents\GitHub\Terrasight-Eurosat-RGB-vs-Multispectral\data\raw\multispectral\Residential\Residential_1852.tif,7,Residential,7,Residential,0.9989514350891113,True,46.02641,-2.8810525
1773,C:\Users\DELL Precision 5550\Documents\GitHub\Terrasight-Eurosat-RGB-vs-Multispectral\data\raw\multispectral\Pasture\Pasture_591.tif,5,Pasture,5,Pasture,0.9943270087242126,True,-32.09815,-5.186119
1774,C:\Users\DELL Precision 5550\Documents\GitHub\Terrasight-Eurosat-RGB-vs-Multispectral\data\raw\multispectral\SeaLake\SeaLake_2886.tif,9,SeaLake,9,SeaLake,0.9997699856758118,True,-14.0724325,55.30102
1775,C:\Users\DELL Precision 5550\Documents\GitHub\Terrasight-Eurosat-RGB-vs-Multispectral\data\raw\multispectral\SeaLake\SeaLake_1078.tif,9,SeaLake,9,SeaLake,0.9998762607574463,True,-13.519439,54.64962
1776,C:\Users\DELL Precision 5550\Documents\GitHub\Terrasight-Eurosat-RGB-vs-Multispectral\data\raw\multispectral\River\River_1636.tif,8,River,8,River,0.9998055100440979,True,-41.331947,27.936579
1777,C:\Users\DELL Precision 5550\Documents\GitHub\Terrasight-Eurosat-RGB-vs-Multispectral\data\raw\multispectral\River\River_1894.tif,8,River,8,River,0.9999861717224121,True,-46.772915,29.21986
1778,C:\Users\DELL Precision 5550\Documents\GitHub\Terrasight-Eurosat-RGB-vs-Multispectral\data\raw\multispectral\Forest\Forest_75.tif,1,Forest,1,Forest,0.9982932209968567,True,22.934992,27.89927
1779,C:\Users\DELL Precision 5550\Documents\GitHub\Terrasight-Eurosat-RGB-vs-Multispectral\data\raw\multispectral\PermanentCrop\PermanentCrop_61.tif,6,PermanentCrop,6,PermanentCrop,0.9993677735328674,True,-5.6447954,-32.173462
1780,C:\Users\DELL Precision 5550\Documents\GitHub\Terrasight-Eurosat-RGB-vs-Multispectral\data\raw\multispectral\Residential\Residential_1727.tif,7,Residential,7,Residential,0.9999963045120239,True,41.668125,10.918506
1781,C:\Users\DELL Precision 5550\Documents\GitHub\Terrasight-Eurosat-RGB-vs-Multispectral\data\raw\multispectral\River\River_1965.tif,8,River,8,River,0.8921323418617249,True,1.5535067,-51.470203
1782,C:\Users\DELL Precision 5550\Documents\GitHub\Terrasight-Eurosat-RGB-vs-Multispectral\data\raw\multispectral\HerbaceousVegetation\HerbaceousVegetation_1473.tif,2,HerbaceousVegetation,2,HerbaceousVegetation,0.9998599290847778,True,-5.737093,7.6890965
1783,C:\Users\DELL Precision 5550\Documents\GitHub\Terrasight-Eurosat-RGB-vs-Multispectral\data\raw\multispectral\Residential\Residential_392.tif,7,Residential,7,Residential,0.9965658783912659,True,36.34629,3.4699638
1784,C:\Users\DELL Precision 5550\Documents\GitHub\Terrasight-Eurosat-RGB-vs-Multispectral\data\raw\multispectral\Forest\Forest_2477.tif,1,Forest,1,Forest,0.9251169562339783,True,18.550724,28.794535
1785,C:\Users\DELL Precision 5550\Documents\GitHub\Terrasight-Eurosat-RGB-vs-Multispectral\data\raw\multispectral\SeaLake\SeaLake_2639.tif,9,SeaLake,9,SeaLake,0.9975436329841614,True,-2.3499422,55.27444
1786,C:\Users\DELL Precision 5550\Documents\GitHub\Terrasight-Eurosat-RGB-vs-Multispectral\data\raw\multispectral\Highway\Highway_304.tif,3,Highway,3,Highway,0.9997242093086243,True,17.746407,-53.999203
1787,C:\Users\DELL Precision 5550\Documents\GitHub\Terrasight-Eurosat-RGB-vs-Multispectral\data\raw\multispectral\SeaLake\SeaLake_2256.tif,9,SeaLake,9,SeaLake,0.5205422639846802,True,-12.914859,45.89958
1788,C:\Users\DELL Precision 5550\Documents\GitHub\Terrasight-Eurosat-RGB-vs-Multispectral\data\raw\multispectral\Highway\Highway_1823.tif,3,Highway,3,Highway,0.9578800797462463,True,22.9677,-55.477985
1789,C:\Users\DELL Precision 5550\Documents\GitHub\Terrasight-Eurosat-RGB-vs-Multispectral\data\raw\multispectral\Residential\Residential_2938.tif,7,Residential,7,Residential,0.9998871088027954,True,47.88957,3.5703287
1790,C:\Users\DELL Precision 5550\Documents\GitHub\Terrasight-Eurosat-RGB-vs-Multispectral\data\raw\multispectral\Forest\Forest_921.tif,1,Forest,1,Forest,0.9987817406654358,True,21.358805,40.493603
1791,C:\Users\DELL Precision 5550\Documents\GitHub\Terrasight-Eurosat-RGB-vs-Multispectral\data\raw\multispectral\Forest\Forest_2246.tif,1,Forest,1,Forest,0.9686453342437744,True,22.958408,25.518095
1792,C:\Users\DELL Precision 5550\Documents\GitHub\Terrasight-Eurosat-RGB-vs-Multispectral\data\raw\multispectral\SeaLake\SeaLake_1948.tif,9,SeaLake,9,SeaLake,0.9949733018875122,True,-17.304962,45.255398
1793,C:\Users\DELL Precision 5550\Documents\GitHub\Terrasight-Eurosat-RGB-vs-Multispectral\data\raw\multispectral\AnnualCrop\AnnualCrop_625.tif,0,AnnualCrop,0,AnnualCrop,0.9998579025268555,True,-35.18299,-35.128914
1794,C:\Users\DELL Precision 5550\Documents\GitHub\Terrasight-Eurosat-RGB-vs-Multispectral\data\raw\multispectral\River\River_2248.tif,8,River,8,River,0.9296103119850159,True,-36.839256,14.763025
1795,C:\Users\DELL Precision 5550\Documents\GitHub\Terrasight-Eurosat-RGB-vs-Multispectral\data\raw\multispectral\Industrial\Industrial_603.tif,4,Industrial,4,Industrial,0.7742159962654114,True,45.76208,-10.881432
1796,C:\Users\DELL Precision 5550\Documents\GitHub\Terrasight-Eurosat-RGB-vs-Multispectral\data\raw\multispectral\Residential\Residential_2993.tif,7,Residential,7,Residential,0.9999735355377197,True,43.51408,6.5349007
1797,C:\Users\DELL Precision 5550\Documents\GitHub\Terrasight-Eurosat-RGB-vs-Multispectral\data\raw\multispectral\Industrial\Industrial_116.tif,4,Industrial,4,Industrial,0.9995080232620239,True,46.383938,-18.710827
1798,C:\Users\DELL Precision 5550\Documents\GitHub\Terrasight-Eurosat-RGB-vs-Multispectral\data\raw\multispectral\AnnualCrop\AnnualCrop_1591.tif,0,AnnualCrop,0,AnnualCrop,0.9980692267417908,True,-28.922548,-43.302776
1799,C:\Users\DELL Precision 5550\Documents\GitHub\Terrasight-Eurosat-RGB-vs-Multispectral\data\raw\multispectral\PermanentCrop\PermanentCrop_401.tif,6,PermanentCrop,6,PermanentCrop,0.9988836646080017,True,-2.5472903,-25.490988
1800,C:\Users\DELL Precision 5550\Documents\GitHub\Terrasight-Eurosat-RGB-vs-Multispectral\data\raw\multispectral\SeaLake\SeaLake_2825.tif,9,SeaLake,9,SeaLake,0.9998395442962646,True,-8.009356,54.34746
1801,C:\Users\DELL Precision 5550\Documents\GitHub\Terrasight-Eurosat-RGB-vs-Multispectral\data\raw\multispectral\Residential\Residential_1387.tif,7,Residential,7,Residential,1.0,True,50.77241,14.082807
1802,C:\Users\DELL Precision 5550\Documents\GitHub\Terrasight-Eurosat-RGB-vs-Multispectral\data\raw\multispectral\PermanentCrop\PermanentCrop_1259.tif,6,PermanentCrop,6,PermanentCrop,0.9927800297737122,True,-1.0072051,-19.771109
1803,C:\Users\DELL Precision 5550\Documents\GitHub\Terrasight-Eurosat-RGB-vs-Multispectral\data\raw\multispectral\Forest\Forest_519.tif,1,Forest,1,Forest,0.9997718930244446,True,22.341833,33.830868
1804,C:\Users\DELL Precision 5550\Documents\GitHub\Terrasight-Eurosat-RGB-vs-Multispectral\data\raw\multispectral\Pasture\Pasture_12.tif,5,Pasture,5,Pasture,0.9836139678955078,True,-37.653183,-8.409167
1805,C:\Users\DELL Precision 5550\Documents\GitHub\Terrasight-Eurosat-RGB-vs-Multispectral\data\raw\multispectral\PermanentCrop\PermanentCrop_520.tif,6,PermanentCrop,6,PermanentCrop,0.9968442916870117,True,-1.849042,-22.083733
1806,C:\Users\DELL Precision 5550\Documents\GitHub\Terrasight-Eurosat-RGB-vs-Multispectral\data\raw\multispectral\PermanentCrop\PermanentCrop_2236.tif,6,PermanentCrop,6,PermanentCrop,0.9792294502258301,True,1.5541276,-14.026999
1807,C:\Users\DELL Precision 5550\Documents\GitHub\Terrasight-Eurosat-RGB-vs-Multispectral\data\raw\multispectral\River\River_574.tif,8,River,8,River,0.9999922513961792,True,-47.026966,32.061954
1808,C:\Users\DELL Precision 5550\Documents\GitHub\Terrasight-Eurosat-RGB-vs-Multispectral\data\raw\multispectral\AnnualCrop\AnnualCrop_1450.tif,0,AnnualCrop,0,AnnualCrop,0.9997850060462952,True,-37.34238,-34.162655
1809,C:\Users\DELL Precision 5550\Documents\GitHub\Terrasight-Eurosat-RGB-vs-Multispectral\data\raw\multispectral\Residential\Residential_2261.tif,7,Residential,7,Residential,0.9999991655349731,True,50.59257,9.465539
1810,C:\Users\DELL Precision 5550\Documents\GitHub\Terrasight-Eurosat-RGB-vs-Multispectral\data\raw\multispectral\Highway\Highway_1259.tif,3,Highway,3,Highway,0.9278076887130737,True,7.1789284,-47.865513
1811,C:\Users\DELL Precision 5550\Documents\GitHub\Terrasight-Eurosat-RGB-vs-Multispectral\data\raw\multispectral\River\River_1827.tif,8,River,8,River,0.9979454874992371,True,-37.794598,30.570656
1812,C:\Users\DELL Precision 5550\Documents\GitHub\Terrasight-Eurosat-RGB-vs-Multispectral\data\raw\multispectral\AnnualCrop\AnnualCrop_1714.tif,0,AnnualCrop,0,AnnualCrop,0.9955719709396362,True,-26.352577,-34.12807
1813,C:\Users\DELL Precision 5550\Documents\GitHub\Terrasight-Eurosat-RGB-vs-Multispectral\data\raw\multispectral\PermanentCrop\PermanentCrop_2261.tif,6,PermanentCrop,6,PermanentCrop,0.6040916442871094,True,-2.6514008,-12.022238
1814,C:\Users\DELL Precision 5550\Documents\GitHub\Terrasight-Eurosat-RGB-vs-Multispectral\data\raw\multispectral\HerbaceousVegetation\HerbaceousVegetation_1599.tif,2,HerbaceousVegetation,2,HerbaceousVegetation,0.9193097949028015,True,-13.00474,-2.6616669
1815,C:\Users\DELL Precision 5550\Documents\GitHub\Terrasight-Eurosat-RGB-vs-Multispectral\data\raw\multispectral\PermanentCrop\PermanentCrop_806.tif,6,PermanentCrop,6,PermanentCrop,0.8228945136070251,True,1.8315612,-13.719003
1816,C:\Users\DELL Precision 5550\Documents\GitHub\Terrasight-Eurosat-RGB-vs-Multispectral\data\raw\multispectral\Pasture\Pasture_1365.tif,5,Pasture,0,AnnualCrop,0.48160281777381897,False,-19.008066,-24.740515
1817,C:\Users\DELL Precision 5550\Documents\GitHub\Terrasight-Eurosat-RGB-vs-Multispectral\data\raw\multispectral\AnnualCrop\AnnualCrop_2373.tif,0,AnnualCrop,0,AnnualCrop,0.9971345663070679,True,-32.16565,-26.376772
1818,C:\Users\DELL Precision 5550\Documents\GitHub\Terrasight-Eurosat-RGB-vs-Multispectral\data\raw\multispectral\SeaLake\SeaLake_2030.tif,9,SeaLake,9,SeaLake,0.9999991655349731,True,-1.1597866,67.985405
1819,C:\Users\DELL Precision 5550\Documents\GitHub\Terrasight-Eurosat-RGB-vs-Multispectral\data\raw\multispectral\AnnualCrop\AnnualCrop_1087.tif,0,AnnualCrop,0,AnnualCrop,0.9824389219284058,True,-33.40745,-22.544832
1820,C:\Users\DELL Precision 5550\Documents\GitHub\Terrasight-Eurosat-RGB-vs-Multispectral\data\raw\multispectral\SeaLake\SeaLake_175.tif,9,SeaLake,9,SeaLake,0.9999916553497314,True,-4.750469,63.88804
1821,C:\Users\DELL Precision 5550\Documents\GitHub\Terrasight-Eurosat-RGB-vs-Multispectral\data\raw\multispectral\Forest\Forest_1187.tif,1,Forest,1,Forest,0.9984160661697388,True,22.756908,35.218143
1822,C:\Users\DELL Precision 5550\Documents\GitHub\Terrasight-Eurosat-RGB-vs-Multispectral\data\raw\multispectral\PermanentCrop\PermanentCrop_1355.tif,6,PermanentCrop,6,PermanentCrop,0.9993619322776794,True,-5.9710555,-29.152876
1823,C:\Users\DELL Precision 5550\Documents\GitHub\Terrasight-Eurosat-RGB-vs-Multispectral\data\raw\multispectral\Industrial\Industrial_1504.tif,4,Industrial,4,Industrial,0.9843236804008484,True,30.063728,-22.57548
1824,C:\Users\DELL Precision 5550\Documents\GitHub\Terrasight-Eurosat-RGB-vs-Multispectral\data\raw\multispectral\Pasture\Pasture_81.tif,5,Pasture,5,Pasture,0.9791039228439331,True,-38.823223,-7.3344164
1825,C:\Users\DELL Precision 5550\Documents\GitHub\Terrasight-Eurosat-RGB-vs-Multispectral\data\raw\multispectral\River\River_319.tif,8,River,8,River,0.9999626874923706,True,-45.725807,28.171343
1826,C:\Users\DELL Precision 5550\Documents\GitHub\Terrasight-Eurosat-RGB-vs-Multispectral\data\raw\multispectral\Residential\Residential_771.tif,7,Residential,7,Residential,0.9999638795852661,True,43.750023,6.402119
1827,C:\Users\DELL Precision 5550\Documents\GitHub\Terrasight-Eurosat-RGB-vs-Multispectral\data\raw\multispectral\HerbaceousVegetation\HerbaceousVegetation_1429.tif,2,HerbaceousVegetation,2,HerbaceousVegetation,0.9972062706947327,True,-2.3149831,0.2623916
1828,C:\Users\DELL Precision 5550\Documents\GitHub\Terrasight-Eurosat-RGB-vs-Multispectral\data\raw\multispectral\Residential\Residential_1884.tif,7,Residential,7,Residential,0.8494118452072144,True,34.871944,-2.202436
1829,C:\Users\DELL Precision 5550\Documents\GitHub\Terrasight-Eurosat-RGB-vs-Multispectral\data\raw\multispectral\Forest\Forest_206.tif,1,Forest,1,Forest,0.999967098236084,True,21.69478,41.347897
1830,C:\Users\DELL Precision 5550\Documents\GitHub\Terrasight-Eurosat-RGB-vs-Multispectral\data\raw\multispectral\Industrial\Industrial_976.tif,4,Industrial,4,Industrial,0.9998266100883484,True,40.172825,-21.63385
1831,C:\Users\DELL Precision 5550\Documents\GitHub\Terrasight-Eurosat-RGB-vs-Multispectral\data\raw\multispectral\Highway\Highway_2334.tif,3,Highway,3,Highway,0.9972816705703735,True,16.112839,-53.05216
1832,C:\Users\DELL Precision 5550\Documents\GitHub\Terrasight-Eurosat-RGB-vs-Multispectral\data\raw\multispectral\Forest\Forest_118.tif,1,Forest,1,Forest,0.9268850088119507,True,16.424446,20.749826
1833,C:\Users\DELL Precision 5550\Documents\GitHub\Terrasight-Eurosat-RGB-vs-Multispectral\data\raw\multispectral\Highway\Highway_164.tif,3,Highway,3,Highway,0.9422452449798584,True,20.732046,-43.866604
1834,C:\Users\DELL Precision 5550\Documents\GitHub\Terrasight-Eurosat-RGB-vs-Multispectral\data\raw\multispectral\Forest\Forest_1750.tif,1,Forest,1,Forest,0.9999092817306519,True,22.35875,40.098103
1835,C:\Users\DELL Precision 5550\Documents\GitHub\Terrasight-Eurosat-RGB-vs-Multispectral\data\raw\multispectral\River\River_1573.tif,8,River,8,River,0.999674916267395,True,-40.74851,28.32756
1836,C:\Users\DELL Precision 5550\Documents\GitHub\Terrasight-Eurosat-RGB-vs-Multispectral\data\raw\multispectral\Residential\Residential_989.tif,7,Residential,7,Residential,0.999985933303833,True,54.286198,6.834122
1837,C:\Users\DELL Precision 5550\Documents\GitHub\Terrasight-Eurosat-RGB-vs-Multispectral\data\raw\multispectral\PermanentCrop\PermanentCrop_482.tif,6,PermanentCrop,6,PermanentCrop,0.5718628168106079,True,7.133394,-9.827821
1838,C:\Users\DELL Precision 5550\Documents\GitHub\Terrasight-Eurosat-RGB-vs-Multispectral\data\raw\multispectral\Highway\Highway_75.tif,3,Highway,3,Highway,0.9990425705909729,True,13.495724,-55.460278
1839,C:\Users\DELL Precision 5550\Documents\GitHub\Terrasight-Eurosat-RGB-vs-Multispectral\data\raw\multispectral\AnnualCrop\AnnualCrop_601.tif,0,AnnualCrop,0,AnnualCrop,0.9996618032455444,True,-34.291946,-32.80622
1840,C:\Users\DELL Precision 5550\Documents\GitHub\Terrasight-Eurosat-RGB-vs-Multispectral\data\raw\multispectral\Residential\Residential_352.tif,7,Residential,7,Residential,0.9977154731750488,True,44.754753,-0.39922273
1841,C:\Users\DELL Precision 5550\Documents\GitHub\Terrasight-Eurosat-RGB-vs-Multispectral\data\raw\multispectral\Pasture\Pasture_1502.tif,5,Pasture,5,Pasture,0.8114200234413147,True,-36.60863,-11.540306
1842,C:\Users\DELL Precision 5550\Documents\GitHub\Terrasight-Eurosat-RGB-vs-Multispectral\data\raw\multispectral\SeaLake\SeaLake_168.tif,9,SeaLake,9,SeaLake,1.0,True,2.7584245,70.76226
1843,C:\Users\DELL Precision 5550\Documents\GitHub\Terrasight-Eurosat-RGB-vs-Multispectral\data\raw\multispectral\Forest\Forest_2818.tif,1,Forest,1,Forest,0.9963248372077942,True,7.736105,24.547937
1844,C:\Users\DELL Precision 5550\Documents\GitHub\Terrasight-Eurosat-RGB-vs-Multispectral\data\raw\multispectral\Forest\Forest_2339.tif,1,Forest,1,Forest,0.9966588020324707,True,20.846146,26.781431
1845,C:\Users\DELL Precision 5550\Documents\GitHub\Terrasight-Eurosat-RGB-vs-Multispectral\data\raw\multispectral\SeaLake\SeaLake_156.tif,9,SeaLake,9,SeaLake,0.9999887943267822,True,-2.219886,60.57757
1846,C:\Users\DELL Precision 5550\Documents\GitHub\Terrasight-Eurosat-RGB-vs-Multispectral\data\raw\multispectral\PermanentCrop\PermanentCrop_2207.tif,6,PermanentCrop,6,PermanentCrop,0.6077544689178467,True,2.2965903,-9.593806
1847,C:\Users\DELL Precision 5550\Documents\GitHub\Terrasight-Eurosat-RGB-vs-Multispectral\data\raw\multispectral\AnnualCrop\AnnualCrop_2943.tif,0,AnnualCrop,0,AnnualCrop,0.9999905824661255,True,-35.480988,-38.989155
1848,C:\Users\DELL Precision 5550\Documents\GitHub\Terrasight-Eurosat-RGB-vs-Multispectral\data\raw\multispectral\Pasture\Pasture_493.tif,5,Pasture,5,Pasture,0.9701275825500488,True,-31.095417,-8.230347
1849,C:\Users\DELL Precision 5550\Documents\GitHub\Terrasight-Eurosat-RGB-vs-Multispectral\data\raw\multispectral\Pasture\Pasture_1385.tif,5,Pasture,5,Pasture,0.9210717082023621,True,-32.17082,-7.268785
1850,C:\Users\DELL Precision 5550\Documents\GitHub\Terrasight-Eurosat-RGB-vs-Multispectral\data\raw\multispectral\AnnualCrop\AnnualCrop_661.tif,0,AnnualCrop,0,AnnualCrop,0.9844145774841309,True,-31.543045,-23.107037
1851,C:\Users\DELL Precision 5550\Documents\GitHub\Terrasight-Eurosat-RGB-vs-Multispectral\data\raw\multispectral\SeaLake\SeaLake_2598.tif,9,SeaLake,9,SeaLake,0.9999608993530273,True,-8.995231,54.057934
1852,C:\Users\DELL Precision 5550\Documents\GitHub\Terrasight-Eurosat-RGB-vs-Multispectral\data\raw\multispectral\SeaLake\SeaLake_63.tif,9,SeaLake,9,SeaLake,0.9999995231628418,True,3.3193169,68.91759
1853,C:\Users\DELL Precision 5550\Documents\GitHub\Terrasight-Eurosat-RGB-vs-Multispectral\data\raw\multispectral\Forest\Forest_2522.tif,1,Forest,1,Forest,0.9930369257926941,True,13.897315,29.586765
1854,C:\Users\DELL Precision 5550\Documents\GitHub\Terrasight-Eurosat-RGB-vs-Multispectral\data\raw\multispectral\AnnualCrop\AnnualCrop_1752.tif,0,AnnualCrop,0,AnnualCrop,0.9994252920150757,True,-36.58443,-35.12131
1855,C:\Users\DELL Precision 5550\Documents\GitHub\Terrasight-Eurosat-RGB-vs-Multispectral\data\raw\multispectral\Forest\Forest_2429.tif,1,Forest,1,Forest,0.9456647634506226,True,11.158904,18.092636
1856,C:\Users\DELL Precision 5550\Documents\GitHub\Terrasight-Eurosat-RGB-vs-Multispectral\data\raw\multispectral\PermanentCrop\PermanentCrop_2474.tif,6,PermanentCrop,6,PermanentCrop,0.9939154982566833,True,0.99230045,-24.204746
1857,C:\Users\DELL Precision 5550\Documents\GitHub\Terrasight-Eurosat-RGB-vs-Multispectral\data\raw\multispectral\Highway\Highway_865.tif,3,Highway,3,Highway,0.9843899607658386,True,18.367508,-49.446514
1858,C:\Users\DELL Precision 5550\Documents\GitHub\Terrasight-Eurosat-RGB-vs-Multispectral\data\raw\multispectral\River\River_727.tif,8,River,8,River,0.9922907948493958,True,-33.002396,22.814116
1859,C:\Users\DELL Precision 5550\Documents\GitHub\Terrasight-Eurosat-RGB-vs-Multispectral\data\raw\multispectral\AnnualCrop\AnnualCrop_2094.tif,0,AnnualCrop,0,AnnualCrop,0.9980738162994385,True,-28.097607,-40.021942
1860,C:\Users\DELL Precision 5550\Documents\GitHub\Terrasight-Eurosat-RGB-vs-Multispectral\data\raw\multispectral\Highway\Highway_1415.tif,3,Highway,3,Highway,0.9814708828926086,True,8.915948,-48.249798
1861,C:\Users\DELL Precision 5550\Documents\GitHub\Terrasight-Eurosat-RGB-vs-Multispectral\data\raw\multispectral\Forest\Forest_911.tif,1,Forest,1,Forest,0.9959748387336731,True,14.876745,19.514172
1862,C:\Users\DELL Precision 5550\Documents\GitHub\Terrasight-Eurosat-RGB-vs-Multispectral\data\raw\multispectral\Residential\Residential_1098.tif,7,Residential,7,Residential,0.9999932050704956,True,51.978817,7.1539464
1863,C:\Users\DELL Precision 5550\Documents\GitHub\Terrasight-Eurosat-RGB-vs-Multispectral\data\raw\multispectral\Highway\Highway_1589.tif,3,Highway,3,Highway,0.9998968839645386,True,23.916906,-48.24886
1864,C:\Users\DELL Precision 5550\Documents\GitHub\Terrasight-Eurosat-RGB-vs-Multispectral\data\raw\multispectral\PermanentCrop\PermanentCrop_1839.tif,6,PermanentCrop,6,PermanentCrop,0.9780233502388,True,-10.46704,-23.853453
1865,C:\Users\DELL Precision 5550\Documents\GitHub\Terrasight-Eurosat-RGB-vs-Multispectral\data\raw\multispectral\Highway\Highway_1553.tif,3,Highway,3,Highway,0.9997876286506653,True,23.36993,-48.045223
1866,C:\Users\DELL Precision 5550\Documents\GitHub\Terrasight-Eurosat-RGB-vs-Multispectral\data\raw\multispectral\PermanentCrop\PermanentCrop_2027.tif,6,PermanentCrop,6,PermanentCrop,0.5430963039398193,True,-18.474977,-26.501076
1867,C:\Users\DELL Precision 5550\Documents\GitHub\Terrasight-Eurosat-RGB-vs-Multispectral\data\raw\multispectral\Industrial\Industrial_1961.tif,4,Industrial,4,Industrial,0.9999561309814453,True,48.47058,-21.204405
1868,C:\Users\DELL Precision 5550\Documents\GitHub\Terrasight-Eurosat-RGB-vs-Multispectral\data\raw\multispectral\AnnualCrop\AnnualCrop_1420.tif,0,AnnualCrop,0,AnnualCrop,0.9812431931495667,True,-25.612417,-39.282238
1869,C:\Users\DELL Precision 5550\Documents\GitHub\Terrasight-Eurosat-RGB-vs-Multispectral\data\raw\multispectral\River\River_505.tif,8,River,8,River,0.9998435974121094,True,-40.84064,26.20675
1870,C:\Users\DELL Precision 5550\Documents\GitHub\Terrasight-Eurosat-RGB-vs-Multispectral\data\raw\multispectral\Residential\Residential_1341.tif,7,Residential,7,Residential,1.0,True,51.401695,12.720134
1871,C:\Users\DELL Precision 5550\Documents\GitHub\Terrasight-Eurosat-RGB-vs-Multispectral\data\raw\multispectral\HerbaceousVegetation\HerbaceousVegetation_1114.tif,2,HerbaceousVegetation,2,HerbaceousVegetation,0.9978700876235962,True,-14.151084,3.3644938
1872,C:\Users\DELL Precision 5550\Documents\GitHub\Terrasight-Eurosat-RGB-vs-Multispectral\data\raw\multispectral\AnnualCrop\AnnualCrop_89.tif,0,AnnualCrop,0,AnnualCrop,0.7089688777923584,True,-25.91073,-21.940084
1873,C:\Users\DELL Precision 5550\Documents\GitHub\Terrasight-Eurosat-RGB-vs-Multispectral\data\raw\multispectral\PermanentCrop\PermanentCrop_999.tif,6,PermanentCrop,6,PermanentCrop,0.7614362239837646,True,6.454425,-11.366908
1874,C:\Users\DELL Precision 5550\Documents\GitHub\Terrasight-Eurosat-RGB-vs-Multispectral\data\raw\multispectral\SeaLake\SeaLake_2239.tif,9,SeaLake,9,SeaLake,0.9997360110282898,True,-1.2089002,57.421303
1875,C:\Users\DELL Precision 5550\Documents\GitHub\Terrasight-Eurosat-RGB-vs-Multispectral\data\raw\multispectral\Residential\Residential_668.tif,7,Residential,7,Residential,0.9999988079071045,True,46.698223,9.030076
1876,C:\Users\DELL Precision 5550\Documents\GitHub\Terrasight-Eurosat-RGB-vs-Multispectral\data\raw\multispectral\SeaLake\SeaLake_2174.tif,9,SeaLake,9,SeaLake,0.9999997615814209,True,0.92773885,68.632324
1877,C:\Users\DELL Precision 5550\Documents\GitHub\Terrasight-Eurosat-RGB-vs-Multispectral\data\raw\multispectral\Residential\Residential_2664.tif,7,Residential,7,Residential,0.9999315738677979,True,42.45663,2.1079128
1878,C:\Users\DELL Precision 5550\Documents\GitHub\Terrasight-Eurosat-RGB-vs-Multispectral\data\raw\multispectral\Forest\Forest_234.tif,1,Forest,1,Forest,0.9968369007110596,True,16.827332,34.844173
1879,C:\Users\DELL Precision 5550\Documents\GitHub\Terrasight-Eurosat-RGB-vs-Multispectral\data\raw\multispectral\PermanentCrop\PermanentCrop_754.tif,6,PermanentCrop,6,PermanentCrop,0.9797326326370239,True,-7.2452674,-23.210972
1880,C:\Users\DELL Precision 5550\Documents\GitHub\Terrasight-Eurosat-RGB-vs-Multispectral\data\raw\multispectral\Industrial\Industrial_1498.tif,4,Industrial,4,Industrial,0.9741137623786926,True,30.740387,-18.300585
1881,C:\Users\DELL Precision 5550\Documents\GitHub\Terrasight-Eurosat-RGB-vs-Multispectral\data\raw\multispectral\River\River_2013.tif,8,River,8,River,0.9988518953323364,True,-36.953594,20.484081
1882,C:\Users\DELL Precision 5550\Documents\GitHub\Terrasight-Eurosat-RGB-vs-Multispectral\data\raw\multispectral\PermanentCrop\PermanentCrop_1333.tif,6,PermanentCrop,6,PermanentCrop,0.9951038360595703,True,0.07880016,-20.401155
1883,C:\Users\DELL Precision 5550\Documents\GitHub\Terrasight-Eurosat-RGB-vs-Multispectral\data\raw\multispectral\PermanentCrop\PermanentCrop_459.tif,6,PermanentCrop,6,PermanentCrop,0.9991808533668518,True,-6.337554,-29.44391
1884,C:\Users\DELL Precision 5550\Documents\GitHub\Terrasight-Eurosat-RGB-vs-Multispectral\data\raw\multispectral\Highway\Highway_422.tif,3,Highway,3,Highway,0.9844590425491333,True,17.723843,-44.87652
1885,C:\Users\DELL Precision 5550\Documents\GitHub\Terrasight-Eurosat-RGB-vs-Multispectral\data\raw\multispectral\Industrial\Industrial_2165.tif,4,Industrial,4,Industrial,0.9988030195236206,True,35.368862,-20.453089
1886,C:\Users\DELL Precision 5550\Documents\GitHub\Terrasight-Eurosat-RGB-vs-Multispectral\data\raw\multispectral\Industrial\Industrial_1787.tif,4,Industrial,3,Highway,0.6848932504653931,False,18.10439,-43.22001
1887,C:\Users\DELL Precision 5550\Documents\GitHub\Terrasight-Eurosat-RGB-vs-Multispectral\data\raw\multispectral\Forest\Forest_300.tif,1,Forest,1,Forest,0.9979520440101624,True,15.441848,34.82771
1888,C:\Users\DELL Precision 5550\Documents\GitHub\Terrasight-Eurosat-RGB-vs-Multispectral\data\raw\multispectral\AnnualCrop\AnnualCrop_1918.tif,0,AnnualCrop,0,AnnualCrop,0.9991030693054199,True,-29.139587,-42.713547
1889,C:\Users\DELL Precision 5550\Documents\GitHub\Terrasight-Eurosat-RGB-vs-Multispectral\data\raw\multispectral\Residential\Residential_875.tif,7,Residential,7,Residential,1.0,True,55.485672,14.89472
1890,C:\Users\DELL Precision 5550\Documents\GitHub\Terrasight-Eurosat-RGB-vs-Multispectral\data\raw\multispectral\PermanentCrop\PermanentCrop_340.tif,6,PermanentCrop,2,HerbaceousVegetation,0.9701340794563293,False,9.189356,0.47228906
1891,C:\Users\DELL Precision 5550\Documents\GitHub\Terrasight-Eurosat-RGB-vs-Multispectral\data\raw\multispectral\SeaLake\SeaLake_2856.tif,9,SeaLake,9,SeaLake,0.9999959468841553,True,-2.847466,64.46343
1892,C:\Users\DELL Precision 5550\Documents\GitHub\Terrasight-Eurosat-RGB-vs-Multispectral\data\raw\multispectral\AnnualCrop\AnnualCrop_857.tif,0,AnnualCrop,0,AnnualCrop,0.9993705153465271,True,-35.909817,-31.98815
1893,C:\Users\DELL Precision 5550\Documents\GitHub\Terrasight-Eurosat-RGB-vs-Multispectral\data\raw\multispectral\Highway\Highway_1346.tif,3,Highway,3,Highway,0.9970347881317139,True,6.9496236,-53.32424
1894,C:\Users\DELL Precision 5550\Documents\GitHub\Terrasight-Eurosat-RGB-vs-Multispectral\data\raw\multispectral\HerbaceousVegetation\HerbaceousVegetation_898.tif,2,HerbaceousVegetation,2,HerbaceousVegetation,0.9991812109947205,True,-4.8788238,7.3232994
1895,C:\Users\DELL Precision 5550\Documents\GitHub\Terrasight-Eurosat-RGB-vs-Multispectral\data\raw\multispectral\Industrial\Industrial_1290.tif,4,Industrial,4,Industrial,0.9590108394622803,True,30.969381,-19.481718
1896,C:\Users\DELL Precision 5550\Documents\GitHub\Terrasight-Eurosat-RGB-vs-Multispectral\data\raw\multispectral\River\River_1975.tif,8,River,8,River,0.9994022846221924,True,-35.884697,22.338692
1897,C:\Users\DELL Precision 5550\Documents\GitHub\Terrasight-Eurosat-RGB-vs-Multispectral\data\raw\multispectral\Highway\Highway_2412.tif,3,Highway,3,Highway,0.9985339641571045,True,12.068334,-57.633343
1898,C:\Users\DELL Precision 5550\Documents\GitHub\Terrasight-Eurosat-RGB-vs-Multispectral\data\raw\multispectral\AnnualCrop\AnnualCrop_507.tif,0,AnnualCrop,0,AnnualCrop,0.5144852995872498,True,-16.653717,-27.705362
1899,C:\Users\DELL Precision 5550\Documents\GitHub\Terrasight-Eurosat-RGB-vs-Multispectral\data\raw\multispectral\AnnualCrop\AnnualCrop_1750.tif,0,AnnualCrop,0,AnnualCrop,0.9959757924079895,True,-23.49937,-40.07404
1900,C:\Users\DELL Precision 5550\Documents\GitHub\Terrasight-Eurosat-RGB-vs-Multispectral\data\raw\multispectral\Industrial\Industrial_862.tif,4,Industrial,4,Industrial,0.9999980926513672,True,50.162785,-24.170088
1901,C:\Users\DELL Precision 5550\Documents\GitHub\Terrasight-Eurosat-RGB-vs-Multispectral\data\raw\multispectral\Industrial\Industrial_2457.tif,4,Industrial,4,Industrial,0.9986585378646851,True,36.340034,-19.214588
1902,C:\Users\DELL Precision 5550\Documents\GitHub\Terrasight-Eurosat-RGB-vs-Multispectral\data\raw\multispectral\SeaLake\SeaLake_2198.tif,9,SeaLake,9,SeaLake,1.0,True,2.0376964,71.24062
1903,C:\Users\DELL Precision 5550\Documents\GitHub\Terrasight-Eurosat-RGB-vs-Multispectral\data\raw\multispectral\AnnualCrop\AnnualCrop_1184.tif,0,AnnualCrop,0,AnnualCrop,0.9934048056602478,True,-29.354618,-36.926746
1904,C:\Users\DELL Precision 5550\Documents\GitHub\Terrasight-Eurosat-RGB-vs-Multispectral\data\raw\multispectral\Forest\Forest_2320.tif,1,Forest,1,Forest,0.9926133155822754,True,12.33897,29.176859
1905,C:\Users\DELL Precision 5550\Documents\GitHub\Terrasight-Eurosat-RGB-vs-Multispectral\data\raw\multispectral\PermanentCrop\PermanentCrop_2011.tif,6,PermanentCrop,6,PermanentCrop,0.9992979764938354,True,-6.549114,-28.678518
1906,C:\Users\DELL Precision 5550\Documents\GitHub\Terrasight-Eurosat-RGB-vs-Multispectral\data\raw\multispectral\Industrial\Industrial_941.tif,4,Industrial,4,Industrial,0.9998716115951538,True,50.145363,-22.046375
1907,C:\Users\DELL Precision 5550\Documents\GitHub\Terrasight-Eurosat-RGB-vs-Multispectral\data\raw\multispectral\Residential\Residential_2286.tif,7,Residential,7,Residential,0.9235469102859497,True,34.538494,-2.1392262
1908,C:\Users\DELL Precision 5550\Documents\GitHub\Terrasight-Eurosat-RGB-vs-Multispectral\data\raw\multispectral\Residential\Residential_160.tif,7,Residential,7,Residential,0.9925245642662048,True,41.980972,-3.812236
1909,C:\Users\DELL Precision 5550\Documents\GitHub\Terrasight-Eurosat-RGB-vs-Multispectral\data\raw\multispectral\River\River_918.tif,8,River,8,River,0.9999978542327881,True,-51.74474,25.988829
1910,C:\Users\DELL Precision 5550\Documents\GitHub\Terrasight-Eurosat-RGB-vs-Multispectral\data\raw\multispectral\HerbaceousVegetation\HerbaceousVegetation_578.tif,2,HerbaceousVegetation,2,HerbaceousVegetation,0.9998846054077148,True,-4.618472,10.39376
1911,C:\Users\DELL Precision 5550\Documents\GitHub\Terrasight-Eurosat-RGB-vs-Multispectral\data\raw\multispectral\Industrial\Industrial_859.tif,4,Industrial,4,Industrial,0.5417542457580566,True,38.632454,-14.985047
1912,C:\Users\DELL Precision 5550\Documents\GitHub\Terrasight-Eurosat-RGB-vs-Multispectral\data\raw\multispectral\AnnualCrop\AnnualCrop_1437.tif,0,AnnualCrop,0,AnnualCrop,0.9897581338882446,True,-30.48725,-35.90561
1913,C:\Users\DELL Precision 5550\Documents\GitHub\Terrasight-Eurosat-RGB-vs-Multispectral\data\raw\multispectral\AnnualCrop\AnnualCrop_2605.tif,0,AnnualCrop,0,AnnualCrop,0.8135991096496582,True,-21.287127,-24.954662
1914,C:\Users\DELL Precision 5550\Documents\GitHub\Terrasight-Eurosat-RGB-vs-Multispectral\data\raw\multispectral\SeaLake\SeaLake_1288.tif,9,SeaLake,9,SeaLake,0.9999381303787231,True,-11.483191,56.374195
1915,C:\Users\DELL Precision 5550\Documents\GitHub\Terrasight-Eurosat-RGB-vs-Multispectral\data\raw\multispectral\AnnualCrop\AnnualCrop_2843.tif,0,AnnualCrop,0,AnnualCrop,0.9973406195640564,True,-33.597183,-28.47823
1916,C:\Users\DELL Precision 5550\Documents\GitHub\Terrasight-Eurosat-RGB-vs-Multispectral\data\raw\multispectral\Pasture\Pasture_139.tif,5,Pasture,5,Pasture,0.5837430953979492,True,-36.42422,-13.6165695
1917,C:\Users\DELL Precision 5550\Documents\GitHub\Terrasight-Eurosat-RGB-vs-Multispectral\data\raw\multispectral\HerbaceousVegetation\HerbaceousVegetation_269.tif,2,HerbaceousVegetation,2,HerbaceousVegetation,0.993918776512146,True,-14.488297,4.07816
1918,C:\Users\DELL Precision 5550\Documents\GitHub\Terrasight-Eurosat-RGB-vs-Multispectral\data\raw\multispectral\PermanentCrop\PermanentCrop_2002.tif,6,PermanentCrop,6,PermanentCrop,0.999014139175415,True,-1.1159117,-24.281248
1919,C:\Users\DELL Precision 5550\Documents\GitHub\Terrasight-Eurosat-RGB-vs-Multispectral\data\raw\multispectral\AnnualCrop\AnnualCrop_836.tif,0,AnnualCrop,0,AnnualCrop,0.9377459287643433,True,-21.138258,-27.108202
1920,C:\Users\DELL Precision 5550\Documents\GitHub\Terrasight-Eurosat-RGB-vs-Multispectral\data\raw\multispectral\Residential\Residential_1033.tif,7,Residential,7,Residential,0.999835729598999,True,39.143368,7.959889
1921,C:\Users\DELL Precision 5550\Documents\GitHub\Terrasight-Eurosat-RGB-vs-Multispectral\data\raw\multispectral\SeaLake\SeaLake_2621.tif,9,SeaLake,9,SeaLake,0.9999972581863403,True,-2.6254659,65.24233
1922,C:\Users\DELL Precision 5550\Documents\GitHub\Terrasight-Eurosat-RGB-vs-Multispectral\data\raw\multispectral\Highway\Highway_1034.tif,3,Highway,3,Highway,0.992988646030426,True,9.227171,-54.735497
1923,C:\Users\DELL Precision 5550\Documents\GitHub\Terrasight-Eurosat-RGB-vs-Multispectral\data\raw\multispectral\Industrial\Industrial_931.tif,4,Industrial,4,Industrial,0.8354487419128418,True,29.150099,-20.004751
1924,C:\Users\DELL Precision 5550\Documents\GitHub\Terrasight-Eurosat-RGB-vs-Multispectral\data\raw\multispectral\Industrial\Industrial_546.tif,4,Industrial,4,Industrial,0.5320871472358704,True,39.00604,-15.435227
1925,C:\Users\DELL Precision 5550\Documents\GitHub\Terrasight-Eurosat-RGB-vs-Multispectral\data\raw\multispectral\Residential\Residential_2496.tif,7,Residential,4,Industrial,0.6016349196434021,False,38.847244,-14.4762535
1926,C:\Users\DELL Precision 5550\Documents\GitHub\Terrasight-Eurosat-RGB-vs-Multispectral\data\raw\multispectral\AnnualCrop\AnnualCrop_1744.tif,0,AnnualCrop,0,AnnualCrop,0.9735389351844788,True,-28.676851,-21.321875
1927,C:\Users\DELL Precision 5550\Documents\GitHub\Terrasight-Eurosat-RGB-vs-Multispectral\data\raw\multispectral\AnnualCrop\AnnualCrop_392.tif,0,AnnualCrop,0,AnnualCrop,0.9963961243629456,True,-24.361029,-35.598347
1928,C:\Users\DELL Precision 5550\Documents\GitHub\Terrasight-Eurosat-RGB-vs-Multispectral\data\raw\multispectral\PermanentCrop\PermanentCrop_303.tif,6,PermanentCrop,6,PermanentCrop,0.9958128333091736,True,0.15780228,-18.466555
1929,C:\Users\DELL Precision 5550\Documents\GitHub\Terrasight-Eurosat-RGB-vs-Multispectral\data\raw\multispectral\River\River_2143.tif,8,River,8,River,0.9933085441589355,True,-43.97656,17.336443
1930,C:\Users\DELL Precision 5550\Documents\GitHub\Terrasight-Eurosat-RGB-vs-Multispectral\data\raw\multispectral\PermanentCrop\PermanentCrop_894.tif,6,PermanentCrop,6,PermanentCrop,0.9996770620346069,True,-1.3107578,-30.37467
1931,C:\Users\DELL Precision 5550\Documents\GitHub\Terrasight-Eurosat-RGB-vs-Multispectral\data\raw\multispectral\Residential\Residential_2141.tif,7,Residential,7,Residential,0.9999837875366211,True,47.943153,7.4389377
1932,C:\Users\DELL Precision 5550\Documents\GitHub\Terrasight-Eurosat-RGB-vs-Multispectral\data\raw\multispectral\SeaLake\SeaLake_2442.tif,9,SeaLake,9,SeaLake,0.9999557733535767,True,-11.145225,58.520603
1933,C:\Users\DELL Precision 5550\Documents\GitHub\Terrasight-Eurosat-RGB-vs-Multispectral\data\raw\multispectral\Highway\Highway_494.tif,3,Highway,3,Highway,0.9971007704734802,True,6.6038356,-53.50318
1934,C:\Users\DELL Precision 5550\Documents\GitHub\Terrasight-Eurosat-RGB-vs-Multispectral\data\raw\multispectral\HerbaceousVegetation\HerbaceousVegetation_2304.tif,2,HerbaceousVegetation,2,HerbaceousVegetation,0.8403757214546204,True,10.732056,14.749271
1935,C:\Users\DELL Precision 5550\Documents\GitHub\Terrasight-Eurosat-RGB-vs-Multispectral\data\raw\multispectral\SeaLake\SeaLake_213.tif,9,SeaLake,9,SeaLake,0.9989305138587952,True,-10.601108,41.28418
1936,C:\Users\DELL Precision 5550\Documents\GitHub\Terrasight-Eurosat-RGB-vs-Multispectral\data\raw\multispectral\Forest\Forest_2110.tif,1,Forest,1,Forest,0.9993707537651062,True,26.037066,41.645947
1937,C:\Users\DELL Precision 5550\Documents\GitHub\Terrasight-Eurosat-RGB-vs-Multispectral\data\raw\multispectral\HerbaceousVegetation\HerbaceousVegetation_353.tif,2,HerbaceousVegetation,2,HerbaceousVegetation,0.9951005578041077,True,7.477038,-0.41685763
1938,C:\Users\DELL Precision 5550\Documents\GitHub\Terrasight-Eurosat-RGB-vs-Multispectral\data\raw\multispectral\Highway\Highway_188.tif,3,Highway,3,Highway,0.9974907636642456,True,16.698545,-48.30225
1939,C:\Users\DELL Precision 5550\Documents\GitHub\Terrasight-Eurosat-RGB-vs-Multispectral\data\raw\multispectral\Industrial\Industrial_2130.tif,4,Industrial,4,Industrial,0.9997280240058899,True,41.154217,-21.327974
1940,C:\Users\DELL Precision 5550\Documents\GitHub\Terrasight-Eurosat-RGB-vs-Multispectral\data\raw\multispectral\Highway\Highway_1331.tif,3,Highway,3,Highway,0.9978139400482178,True,20.546967,-55.0925
1941,C:\Users\DELL Precision 5550\Documents\GitHub\Terrasight-Eurosat-RGB-vs-Multispectral\data\raw\multispectral\Forest\Forest_299.tif,1,Forest,1,Forest,0.9851726293563843,True,19.817923,38.46282
1942,C:\Users\DELL Precision 5550\Documents\GitHub\Terrasight-Eurosat-RGB-vs-Multispectral\data\raw\multispectral\SeaLake\SeaLake_699.tif,9,SeaLake,9,SeaLake,0.9999991655349731,True,-0.41573855,67.827324
1943,C:\Users\DELL Precision 5550\Documents\GitHub\Terrasight-Eurosat-RGB-vs-Multispectral\data\raw\multispectral\PermanentCrop\PermanentCrop_1696.tif,6,PermanentCrop,6,PermanentCrop,0.849212110042572,True,4.0591106,-12.876041
1944,C:\Users\DELL Precision 5550\Documents\GitHub\Terrasight-Eurosat-RGB-vs-Multispectral\data\raw\multispectral\AnnualCrop\AnnualCrop_499.tif,0,AnnualCrop,0,AnnualCrop,0.5737175941467285,True,-13.550068,45.71702
1945,C:\Users\DELL Precision 5550\Documents\GitHub\Terrasight-Eurosat-RGB-vs-Multispectral\data\raw\multispectral\Pasture\Pasture_1710.tif,5,Pasture,5,Pasture,0.9926032423973083,True,-37.820286,-5.0388026
1946,C:\Users\DELL Precision 5550\Documents\GitHub\Terrasight-Eurosat-RGB-vs-Multispectral\data\raw\multispectral\River\River_1090.tif,8,River,8,River,0.9955012202262878,True,-41.871185,19.665777
1947,C:\Users\DELL Precision 5550\Documents\GitHub\Terrasight-Eurosat-RGB-vs-Multispectral\data\raw\multispectral\AnnualCrop\AnnualCrop_1906.tif,0,AnnualCrop,0,AnnualCrop,0.9853848814964294,True,-23.729456,-32.709663
1948,C:\Users\DELL Precision 5550\Documents\GitHub\Terrasight-Eurosat-RGB-vs-Multispectral\data\raw\multispectral\HerbaceousVegetation\HerbaceousVegetation_2244.tif,2,HerbaceousVegetation,2,HerbaceousVegetation,0.9546654224395752,True,-16.885754,0.03329082
1949,C:\Users\DELL Precision 5550\Documents\GitHub\Terrasight-Eurosat-RGB-vs-Multispectral\data\raw\multispectral\Industrial\Industrial_2389.tif,4,Industrial,4,Industrial,0.9969569444656372,True,32.611027,-22.471687
1950,C:\Users\DELL Precision 5550\Documents\GitHub\Terrasight-Eurosat-RGB-vs-Multispectral\data\raw\multispectral\Industrial\Industrial_631.tif,4,Industrial,4,Industrial,0.9942790269851685,True,35.13058,-19.837742
1951,C:\Users\DELL Precision 5550\Documents\GitHub\Terrasight-Eurosat-RGB-vs-Multispectral\data\raw\multispectral\AnnualCrop\AnnualCrop_1482.tif,0,AnnualCrop,0,AnnualCrop,0.9990777969360352,True,-40.047943,-32.3471
1952,C:\Users\DELL Precision 5550\Documents\GitHub\Terrasight-Eurosat-RGB-vs-Multispectral\data\raw\multispectral\Forest\Forest_52.tif,1,Forest,1,Forest,0.9999392032623291,True,23.960999,40.47221
1953,C:\Users\DELL Precision 5550\Documents\GitHub\Terrasight-Eurosat-RGB-vs-Multispectral\data\raw\multispectral\SeaLake\SeaLake_2863.tif,9,SeaLake,9,SeaLake,0.9999969005584717,True,-1.7619123,62.704487
1954,C:\Users\DELL Precision 5550\Documents\GitHub\Terrasight-Eurosat-RGB-vs-Multispectral\data\raw\multispectral\Residential\Residential_1665.tif,7,Residential,7,Residential,0.9997298121452332,True,38.669193,-2.1178963
1955,C:\Users\DELL Precision 5550\Documents\GitHub\Terrasight-Eurosat-RGB-vs-Multispectral\data\raw\multispectral\River\River_402.tif,8,River,8,River,0.9999802112579346,True,-48.026367,24.323471
1956,C:\Users\DELL Precision 5550\Documents\GitHub\Terrasight-Eurosat-RGB-vs-Multispectral\data\raw\multispectral\AnnualCrop\AnnualCrop_1606.tif,0,AnnualCrop,0,AnnualCrop,0.9277997612953186,True,-27.680464,-22.56019
1957,C:\Users\DELL Precision 5550\Documents\GitHub\Terrasight-Eurosat-RGB-vs-Multispectral\data\raw\multispectral\SeaLake\SeaLake_1735.tif,9,SeaLake,9,SeaLake,0.9972254037857056,True,-14.224596,38.081436
1958,C:\Users\DELL Precision 5550\Documents\GitHub\Terrasight-Eurosat-RGB-vs-Multispectral\data\raw\multispectral\Pasture\Pasture_746.tif,5,Pasture,5,Pasture,0.9813884496688843,True,-40.174877,-4.159643
1959,C:\Users\DELL Precision 5550\Documents\GitHub\Terrasight-Eurosat-RGB-vs-Multispectral\data\raw\multispectral\AnnualCrop\AnnualCrop_2920.tif,0,AnnualCrop,0,AnnualCrop,0.998940646648407,True,-32.93902,-37.47682
1960,C:\Users\DELL Precision 5550\Documents\GitHub\Terrasight-Eurosat-RGB-vs-Multispectral\data\raw\multispectral\River\River_1598.tif,8,River,8,River,0.9999772310256958,True,-47.89261,23.469397
1961,C:\Users\DELL Precision 5550\Documents\GitHub\Terrasight-Eurosat-RGB-vs-Multispectral\data\raw\multispectral\PermanentCrop\PermanentCrop_1554.tif,6,PermanentCrop,6,PermanentCrop,0.9724801778793335,True,-11.161467,-22.19049
1962,C:\Users\DELL Precision 5550\Documents\GitHub\Terrasight-Eurosat-RGB-vs-Multispectral\data\raw\multispectral\SeaLake\SeaLake_2743.tif,9,SeaLake,9,SeaLake,0.9996565580368042,True,-16.819336,52.60723
1963,C:\Users\DELL Precision 5550\Documents\GitHub\Terrasight-Eurosat-RGB-vs-Multispectral\data\raw\multispectral\HerbaceousVegetation\HerbaceousVegetation_1951.tif,2,HerbaceousVegetation,2,HerbaceousVegetation,0.6951267719268799,True,2.0109951,-8.941705
1964,C:\Users\DELL Precision 5550\Documents\GitHub\Terrasight-Eurosat-RGB-vs-Multispectral\data\raw\multispectral\AnnualCrop\AnnualCrop_2482.tif,0,AnnualCrop,0,AnnualCrop,0.9865380525588989,True,-34.74499,-29.631989
1965,C:\Users\DELL Precision 5550\Documents\GitHub\Terrasight-Eurosat-RGB-vs-Multispectral\data\raw\multispectral\Highway\Highway_149.tif,3,Highway,3,Highway,0.6546010971069336,True,8.426168,-42.607265
1966,C:\Users\DELL Precision 5550\Documents\GitHub\Terrasight-Eurosat-RGB-vs-Multispectral\data\raw\multispectral\PermanentCrop\PermanentCrop_25.tif,6,PermanentCrop,6,PermanentCrop,0.8913824558258057,True,-17.67079,-25.765326
1967,C:\Users\DELL Precision 5550\Documents\GitHub\Terrasight-Eurosat-RGB-vs-Multispectral\data\raw\multispectral\Industrial\Industrial_2481.tif,4,Industrial,4,Industrial,0.9991959929466248,True,37.83233,-21.424532
1968,C:\Users\DELL Precision 5550\Documents\GitHub\Terrasight-Eurosat-RGB-vs-Multispectral\data\raw\multispectral\Residential\Residential_1419.tif,7,Residential,7,Residential,0.9999746084213257,True,54.978077,7.6313424
1969,C:\Users\DELL Precision 5550\Documents\GitHub\Terrasight-Eurosat-RGB-vs-Multispectral\data\raw\multispectral\AnnualCrop\AnnualCrop_2166.tif,0,AnnualCrop,0,AnnualCrop,0.9994919300079346,True,-30.205215,-40.689648
1970,C:\Users\DELL Precision 5550\Documents\GitHub\Terrasight-Eurosat-RGB-vs-Multispectral\data\raw\multispectral\Forest\Forest_953.tif,1,Forest,1,Forest,0.94380122423172,True,10.069238,29.884666
1971,C:\Users\DELL Precision 5550\Documents\GitHub\Terrasight-Eurosat-RGB-vs-Multispectral\data\raw\multispectral\Highway\Highway_25.tif,3,Highway,3,Highway,0.9968184232711792,True,19.255705,-53.105057
1972,C:\Users\DELL Precision 5550\Documents\GitHub\Terrasight-Eurosat-RGB-vs-Multispectral\data\raw\multispectral\SeaLake\SeaLake_2626.tif,9,SeaLake,9,SeaLake,0.9999494552612305,True,-10.460447,56.87709
1973,C:\Users\DELL Precision 5550\Documents\GitHub\Terrasight-Eurosat-RGB-vs-Multispectral\data\raw\multispectral\HerbaceousVegetation\HerbaceousVegetation_674.tif,2,HerbaceousVegetation,2,HerbaceousVegetation,0.9936118721961975,True,-11.40473,4.2346787
1974,C:\Users\DELL Precision 5550\Documents\GitHub\Terrasight-Eurosat-RGB-vs-Multispectral\data\raw\multispectral\Industrial\Industrial_2423.tif,4,Industrial,4,Industrial,0.9998831748962402,True,42.32262,-22.24045
1975,C:\Users\DELL Precision 5550\Documents\GitHub\Terrasight-Eurosat-RGB-vs-Multispectral\data\raw\multispectral\HerbaceousVegetation\HerbaceousVegetation_1375.tif,2,HerbaceousVegetation,2,HerbaceousVegetation,0.9922128319740295,True,-7.4419713,0.5503494
1976,C:\Users\DELL Precision 5550\Documents\GitHub\Terrasight-Eurosat-RGB-vs-Multispectral\data\raw\multispectral\River\River_534.tif,8,River,8,River,0.9596409201622009,True,-38.673912,16.585173
1977,C:\Users\DELL Precision 5550\Documents\GitHub\Terrasight-Eurosat-RGB-vs-Multispectral\data\raw\multispectral\HerbaceousVegetation\HerbaceousVegetation_1723.tif,2,HerbaceousVegetation,2,HerbaceousVegetation,0.8132055997848511,True,1.5834067,-8.797669
1978,C:\Users\DELL Precision 5550\Documents\GitHub\Terrasight-Eurosat-RGB-vs-Multispectral\data\raw\multispectral\Pasture\Pasture_1974.tif,5,Pasture,5,Pasture,0.9524675011634827,True,-37.528893,-11.041074
1979,C:\Users\DELL Precision 5550\Documents\GitHub\Terrasight-Eurosat-RGB-vs-Multispectral\data\raw\multispectral\Residential\Residential_1355.tif,7,Residential,7,Residential,0.9999595880508423,True,41.917664,7.8506484
1980,C:\Users\DELL Precision 5550\Documents\GitHub\Terrasight-Eurosat-RGB-vs-Multispectral\data\raw\multispectral\AnnualCrop\AnnualCrop_2349.tif,0,AnnualCrop,0,AnnualCrop,0.9984434247016907,True,-29.085022,-42.0071
1981,C:\Users\DELL Precision 5550\Documents\GitHub\Terrasight-Eurosat-RGB-vs-Multispectral\data\raw\multispectral\HerbaceousVegetation\HerbaceousVegetation_1206.tif,2,HerbaceousVegetation,2,HerbaceousVegetation,0.9995866417884827,True,-2.901512,8.950929
1982,C:\Users\DELL Precision 5550\Documents\GitHub\Terrasight-Eurosat-RGB-vs-Multispectral\data\raw\multispectral\SeaLake\SeaLake_1704.tif,9,SeaLake,9,SeaLake,0.9991010427474976,True,-10.138184,39.399517
1983,C:\Users\DELL Precision 5550\Documents\GitHub\Terrasight-Eurosat-RGB-vs-Multispectral\data\raw\multispectral\Industrial\Industrial_428.tif,4,Industrial,4,Industrial,0.9999860525131226,True,45.39253,-24.7561
1984,C:\Users\DELL Precision 5550\Documents\GitHub\Terrasight-Eurosat-RGB-vs-Multispectral\data\raw\multispectral\SeaLake\SeaLake_893.tif,9,SeaLake,9,SeaLake,0.9999243021011353,True,-10.506358,54.506542
1985,C:\Users\DELL Precision 5550\Documents\GitHub\Terrasight-Eurosat-RGB-vs-Multispectral\data\raw\multispectral\HerbaceousVegetation\HerbaceousVegetation_1843.tif,2,HerbaceousVegetation,2,HerbaceousVegetation,0.9996848106384277,True,-12.600792,7.5831327
1986,C:\Users\DELL Precision 5550\Documents\GitHub\Terrasight-Eurosat-RGB-vs-Multispectral\data\raw\multispectral\Pasture\Pasture_89.tif,5,Pasture,5,Pasture,0.7973554134368896,True,-35.08721,-12.312116
1987,C:\Users\DELL Precision 5550\Documents\GitHub\Terrasight-Eurosat-RGB-vs-Multispectral\data\raw\multispectral\PermanentCrop\PermanentCrop_1823.tif,6,PermanentCrop,6,PermanentCrop,0.9802501201629639,True,-10.50089,-30.780704
1988,C:\Users\DELL Precision 5550\Documents\GitHub\Terrasight-Eurosat-RGB-vs-Multispectral\data\raw\multispectral\PermanentCrop\PermanentCrop_1650.tif,6,PermanentCrop,6,PermanentCrop,0.9569717645645142,True,4.65826,-14.999284
1989,C:\Users\DELL Precision 5550\Documents\GitHub\Terrasight-Eurosat-RGB-vs-Multispectral\data\raw\multispectral\Industrial\Industrial_2195.tif,4,Industrial,4,Industrial,0.9447069764137268,True,34.03512,-16.433233
1990,C:\Users\DELL Precision 5550\Documents\GitHub\Terrasight-Eurosat-RGB-vs-Multispectral\data\raw\multispectral\Forest\Forest_2695.tif,1,Forest,1,Forest,0.8289695382118225,True,7.528587,17.293617
1991,C:\Users\DELL Precision 5550\Documents\GitHub\Terrasight-Eurosat-RGB-vs-Multispectral\data\raw\multispectral\Pasture\Pasture_14.tif,5,Pasture,5,Pasture,0.9985072016716003,True,-43.000347,-5.3378706
1992,C:\Users\DELL Precision 5550\Documents\GitHub\Terrasight-Eurosat-RGB-vs-Multispectral\data\raw\multispectral\Pasture\Pasture_955.tif,5,Pasture,5,Pasture,0.7187424898147583,True,-26.39173,-6.98819
1993,C:\Users\DELL Precision 5550\Documents\GitHub\Terrasight-Eurosat-RGB-vs-Multispectral\data\raw\multispectral\River\River_199.tif,8,River,8,River,0.9999788999557495,True,-48.22722,25.739485
1994,C:\Users\DELL Precision 5550\Documents\GitHub\Terrasight-Eurosat-RGB-vs-Multispectral\data\raw\multispectral\PermanentCrop\PermanentCrop_636.tif,6,PermanentCrop,6,PermanentCrop,0.9997043013572693,True,-0.1507695,-25.930765
1995,C:\Users\DELL Precision 5550\Documents\GitHub\Terrasight-Eurosat-RGB-vs-Multispectral\data\raw\multispectral\AnnualCrop\AnnualCrop_79.tif,0,AnnualCrop,0,AnnualCrop,0.9675090312957764,True,-22.617453,-26.077875
1996,C:\Users\DELL Precision 5550\Documents\GitHub\Terrasight-Eurosat-RGB-vs-Multispectral\data\raw\multispectral\HerbaceousVegetation\HerbaceousVegetation_1941.tif,2,HerbaceousVegetation,2,HerbaceousVegetation,0.9941452741622925,True,-5.1919703,4.4856815
1997,C:\Users\DELL Precision 5550\Documents\GitHub\Terrasight-Eurosat-RGB-vs-Multispectral\data\raw\multispectral\Industrial\Industrial_711.tif,4,Industrial,4,Industrial,0.9978320002555847,True,43.45348,-19.421442
1998,C:\Users\DELL Precision 5550\Documents\GitHub\Terrasight-Eurosat-RGB-vs-Multispectral\data\raw\multispectral\Industrial\Industrial_1650.tif,4,Industrial,4,Industrial,0.999970555305481,True,47.4594,-22.22894
1999,C:\Users\DELL Precision 5550\Documents\GitHub\Terrasight-Eurosat-RGB-vs-Multispectral\data\raw\multispectral\PermanentCrop\PermanentCrop_1712.tif,6,PermanentCrop,6,PermanentCrop,0.9999823570251465,True,-1.9363166,-31.43249
2000,C:\Users\DELL Precision 5550\Documents\GitHub\Terrasight-Eurosat-RGB-vs-Multispectral\data\raw\multispectral\Residential\Residential_2273.tif,7,Residential,7,Residential,0.9999244213104248,True,54.756584,4.416386
2001,C:\Users\DELL Precision 5550\Documents\GitHub\Terrasight-Eurosat-RGB-vs-Multispectral\data\raw\multispectral\River\River_499.tif,8,River,8,River,0.9999414682388306,True,-44.087635,24.947378
2002,C:\Users\DELL Precision 5550\Documents\GitHub\Terrasight-Eurosat-RGB-vs-Multispectral\data\raw\multispectral\Pasture\Pasture_117.tif,5,Pasture,5,Pasture,0.9998557567596436,True,-46.688988,-3.4534383
2003,C:\Users\DELL Precision 5550\Documents\GitHub\Terrasight-Eurosat-RGB-vs-Multispectral\data\raw\multispectral\Highway\Highway_618.tif,3,Highway,3,Highway,0.9596331119537354,True,4.997855,-51.11143
2004,C:\Users\DELL Precision 5550\Documents\GitHub\Terrasight-Eurosat-RGB-vs-Multispectral\data\raw\multispectral\AnnualCrop\AnnualCrop_256.tif,0,AnnualCrop,0,AnnualCrop,0.9338259696960449,True,-20.721666,-36.18402
2005,C:\Users\DELL Precision 5550\Documents\GitHub\Terrasight-Eurosat-RGB-vs-Multispectral\data\raw\multispectral\River\River_964.tif,8,River,8,River,0.9981666803359985,True,-39.335205,18.407225
2006,C:\Users\DELL Precision 5550\Documents\GitHub\Terrasight-Eurosat-RGB-vs-Multispectral\data\raw\multispectral\AnnualCrop\AnnualCrop_2676.tif,0,AnnualCrop,0,AnnualCrop,0.9977570176124573,True,-31.627464,-32.106247
2007,C:\Users\DELL Precision 5550\Documents\GitHub\Terrasight-Eurosat-RGB-vs-Multispectral\data\raw\multispectral\Forest\Forest_783.tif,1,Forest,2,HerbaceousVegetation,0.9289582371711731,False,9.56332,5.320182
2008,C:\Users\DELL Precision 5550\Documents\GitHub\Terrasight-Eurosat-RGB-vs-Multispectral\data\raw\multispectral\PermanentCrop\PermanentCrop_1562.tif,6,PermanentCrop,6,PermanentCrop,0.996866762638092,True,-4.267883,-26.956173
2009,C:\Users\DELL Precision 5550\Documents\GitHub\Terrasight-Eurosat-RGB-vs-Multispectral\data\raw\multispectral\Industrial\Industrial_2462.tif,4,Industrial,4,Industrial,0.9999871253967285,True,43.170246,-28.570625
2010,C:\Users\DELL Precision 5550\Documents\GitHub\Terrasight-Eurosat-RGB-vs-Multispectral\data\raw\multispectral\AnnualCrop\AnnualCrop_2783.tif,0,AnnualCrop,0,AnnualCrop,0.8834891319274902,True,-20.800915,-26.012947
2011,C:\Users\DELL Precision 5550\Documents\GitHub\Terrasight-Eurosat-RGB-vs-Multispectral\data\raw\multispectral\PermanentCrop\PermanentCrop_67.tif,6,PermanentCrop,6,PermanentCrop,0.7608634233474731,True,-14.5498495,-31.724718
2012,C:\Users\DELL Precision 5550\Documents\GitHub\Terrasight-Eurosat-RGB-vs-Multispectral\data\raw\multispectral\AnnualCrop\AnnualCrop_2375.tif,0,AnnualCrop,0,AnnualCrop,0.9941394329071045,True,-26.289637,-34.516216
2013,C:\Users\DELL Precision 5550\Documents\GitHub\Terrasight-Eurosat-RGB-vs-Multispectral\data\raw\multispectral\HerbaceousVegetation\HerbaceousVegetation_1200.tif,2,HerbaceousVegetation,2,HerbaceousVegetation,0.9889916181564331,True,2.940512,3.1014874
2014,C:\Users\DELL Precision 5550\Documents\GitHub\Terrasight-Eurosat-RGB-vs-Multispectral\data\raw\multispectral\SeaLake\SeaLake_93.tif,9,SeaLake,9,SeaLake,0.993948221206665,True,-11.640001,37.830524
2015,C:\Users\DELL Precision 5550\Documents\GitHub\Terrasight-Eurosat-RGB-vs-Multispectral\data\raw\multispectral\HerbaceousVegetation\HerbaceousVegetation_70.tif,2,HerbaceousVegetation,2,HerbaceousVegetation,0.9998617172241211,True,-5.4155674,10.693628
2016,C:\Users\DELL Precision 5550\Documents\GitHub\Terrasight-Eurosat-RGB-vs-Multispectral\data\raw\multispectral\HerbaceousVegetation\HerbaceousVegetation_1982.tif,2,HerbaceousVegetation,2,HerbaceousVegetation,0.9027837514877319,True,4.9809732,-6.246808
2017,C:\Users\DELL Precision 5550\Documents\GitHub\Terrasight-Eurosat-RGB-vs-Multispectral\data\raw\multispectral\Forest\Forest_691.tif,1,Forest,1,Forest,0.9964136481285095,True,14.560525,20.125553
2018,C:\Users\DELL Precision 5550\Documents\GitHub\Terrasight-Eurosat-RGB-vs-Multispectral\data\raw\multispectral\AnnualCrop\AnnualCrop_1330.tif,0,AnnualCrop,0,AnnualCrop,0.8965566158294678,True,-37.59363,-25.93358
2019,C:\Users\DELL Precision 5550\Documents\GitHub\Terrasight-Eurosat-RGB-vs-Multispectral\data\raw\multispectral\PermanentCrop\PermanentCrop_783.tif,6,PermanentCrop,6,PermanentCrop,0.6866514682769775,True,1.7565713,-10.290157
2020,C:\Users\DELL Precision 5550\Documents\GitHub\Terrasight-Eurosat-RGB-vs-Multispectral\data\raw\multispectral\AnnualCrop\AnnualCrop_2924.tif,0,AnnualCrop,0,AnnualCrop,0.9972244501113892,True,-31.960352,-24.975376
2021,C:\Users\DELL Precision 5550\Documents\GitHub\Terrasight-Eurosat-RGB-vs-Multispectral\data\raw\multispectral\HerbaceousVegetation\HerbaceousVegetation_798.tif,2,HerbaceousVegetation,2,HerbaceousVegetation,0.9975379705429077,True,-2.7955813,3.851045
2022,C:\Users\DELL Precision 5550\Documents\GitHub\Terrasight-Eurosat-RGB-vs-Multispectral\data\raw\multispectral\Industrial\Industrial_1990.tif,4,Industrial,4,Industrial,0.9996213912963867,True,36.720757,-25.765276
2023,C:\Users\DELL Precision 5550\Documents\GitHub\Terrasight-Eurosat-RGB-vs-Multispectral\data\raw\multispectral\River\River_2193.tif,8,River,8,River,0.9850280284881592,True,-35.95449,19.118643
2024,C:\Users\DELL Precision 5550\Documents\GitHub\Terrasight-Eurosat-RGB-vs-Multispectral\data\raw\multispectral\AnnualCrop\AnnualCrop_1596.tif,0,AnnualCrop,0,AnnualCrop,0.8867350816726685,True,-36.339603,-16.216284
2025,C:\Users\DELL Precision 5550\Documents\GitHub\Terrasight-Eurosat-RGB-vs-Multispectral\data\raw\multispectral\River\River_106.tif,8,River,8,River,0.9999650716781616,True,-46.726284,27.002468
2026,C:\Users\DELL Precision 5550\Documents\GitHub\Terrasight-Eurosat-RGB-vs-Multispectral\data\raw\multispectral\SeaLake\SeaLake_2483.tif,9,SeaLake,9,SeaLake,0.999997615814209,True,-0.68982565,65.68964
2027,C:\Users\DELL Precision 5550\Documents\GitHub\Terrasight-Eurosat-RGB-vs-Multispectral\data\raw\multispectral\Residential\Residential_383.tif,7,Residential,7,Residential,0.9999932050704956,True,55.206043,10.847142
2028,C:\Users\DELL Precision 5550\Documents\GitHub\Terrasight-Eurosat-RGB-vs-Multispectral\data\raw\multispectral\Residential\Residential_2764.tif,7,Residential,7,Residential,1.0,True,54.094868,16.059597
2029,C:\Users\DELL Precision 5550\Documents\GitHub\Terrasight-Eurosat-RGB-vs-Multispectral\data\raw\multispectral\Industrial\Industrial_273.tif,4,Industrial,4,Industrial,0.9990792274475098,True,33.901066,-21.521791
2030,C:\Users\DELL Precision 5550\Documents\GitHub\Terrasight-Eurosat-RGB-vs-Multispectral\data\raw\multispectral\Pasture\Pasture_705.tif,5,Pasture,5,Pasture,0.9962815642356873,True,-46.217964,-4.432703
2031,C:\Users\DELL Precision 5550\Documents\GitHub\Terrasight-Eurosat-RGB-vs-Multispectral\data\raw\multispectral\PermanentCrop\PermanentCrop_2494.tif,6,PermanentCrop,6,PermanentCrop,0.5276957750320435,True,-19.629625,-29.033436
2032,C:\Users\DELL Precision 5550\Documents\GitHub\Terrasight-Eurosat-RGB-vs-Multispectral\data\raw\multispectral\PermanentCrop\PermanentCrop_1842.tif,6,PermanentCrop,6,PermanentCrop,0.9959301352500916,True,-10.295822,-30.694876
2033,C:\Users\DELL Precision 5550\Documents\GitHub\Terrasight-Eurosat-RGB-vs-Multispectral\data\raw\multispectral\Forest\Forest_990.tif,1,Forest,1,Forest,0.6545752882957458,True,5.1924505,20.14997
2034,C:\Users\DELL Precision 5550\Documents\GitHub\Terrasight-Eurosat-RGB-vs-Multispectral\data\raw\multispectral\PermanentCrop\PermanentCrop_1157.tif,6,PermanentCrop,6,PermanentCrop,0.9937175512313843,True,-0.7564459,-20.568989
2035,C:\Users\DELL Precision 5550\Documents\GitHub\Terrasight-Eurosat-RGB-vs-Multispectral\data\raw\multispectral\Pasture\Pasture_1728.tif,5,Pasture,2,HerbaceousVegetation,0.562426745891571,False,-15.921968,-3.485872
2036,C:\Users\DELL Precision 5550\Documents\GitHub\Terrasight-Eurosat-RGB-vs-Multispectral\data\raw\multispectral\PermanentCrop\PermanentCrop_183.tif,6,PermanentCrop,6,PermanentCrop,0.6397910714149475,True,-18.37558,-26.440825
2037,C:\Users\DELL Precision 5550\Documents\GitHub\Terrasight-Eurosat-RGB-vs-Multispectral\data\raw\multispectral\Forest\Forest_291.tif,1,Forest,1,Forest,0.9942278861999512,True,14.414026,23.290178
2038,C:\Users\DELL Precision 5550\Documents\GitHub\Terrasight-Eurosat-RGB-vs-Multispectral\data\raw\multispectral\Forest\Forest_1478.tif,1,Forest,1,Forest,0.9994839429855347,True,19.683304,29.765837
2039,C:\Users\DELL Precision 5550\Documents\GitHub\Terrasight-Eurosat-RGB-vs-Multispectral\data\raw\multispectral\Residential\Residential_1766.tif,7,Residential,7,Residential,0.9999986886978149,True,51.239826,7.545396
2040,C:\Users\DELL Precision 5550\Documents\GitHub\Terrasight-Eurosat-RGB-vs-Multispectral\data\raw\multispectral\Residential\Residential_1862.tif,7,Residential,7,Residential,0.9967664480209351,True,36.823956,-1.8212818
2041,C:\Users\DELL Precision 5550\Documents\GitHub\Terrasight-Eurosat-RGB-vs-Multispectral\data\raw\multispectral\SeaLake\SeaLake_1547.tif,9,SeaLake,9,SeaLake,0.9791328310966492,True,-16.345861,44.99197
2042,C:\Users\DELL Precision 5550\Documents\GitHub\Terrasight-Eurosat-RGB-vs-Multispectral\data\raw\multispectral\Forest\Forest_2612.tif,1,Forest,1,Forest,0.9860308170318604,True,16.169476,20.418173
2043,C:\Users\DELL Precision 5550\Documents\GitHub\Terrasight-Eurosat-RGB-vs-Multispectral\data\raw\multispectral\SeaLake\SeaLake_1763.tif,9,SeaLake,9,SeaLake,0.9998928308486938,True,-16.78485,53.131058
2044,C:\Users\DELL Precision 5550\Documents\GitHub\Terrasight-Eurosat-RGB-vs-Multispectral\data\raw\multispectral\Highway\Highway_1870.tif,3,Highway,3,Highway,0.9938477873802185,True,14.514463,-44.502365
2045,C:\Users\DELL Precision 5550\Documents\GitHub\Terrasight-Eurosat-RGB-vs-Multispectral\data\raw\multispectral\Highway\Highway_629.tif,3,Highway,3,Highway,0.9597300887107849,True,7.6472597,-58.60614
2046,C:\Users\DELL Precision 5550\Documents\GitHub\Terrasight-Eurosat-RGB-vs-Multispectral\data\raw\multispectral\SeaLake\SeaLake_229.tif,9,SeaLake,9,SeaLake,0.999607503414154,True,-10.787327,49.75578
2047,C:\Users\DELL Precision 5550\Documents\GitHub\Terrasight-Eurosat-RGB-vs-Multispectral\data\raw\multispectral\Residential\Residential_1572.tif,7,Residential,7,Residential,0.9995937943458557,True,44.881794,2.2359333
2048,C:\Users\DELL Precision 5550\Documents\GitHub\Terrasight-Eurosat-RGB-vs-Multispectral\data\raw\multispectral\AnnualCrop\AnnualCrop_2602.tif,0,AnnualCrop,0,AnnualCrop,0.9997056126594543,True,-37.149426,-35.61941
2049,C:\Users\DELL Precision 5550\Documents\GitHub\Terrasight-Eurosat-RGB-vs-Multispectral\data\raw\multispectral\PermanentCrop\PermanentCrop_1896.tif,6,PermanentCrop,6,PermanentCrop,0.9999974966049194,True,-1.7237277,-32.20338
2050,C:\Users\DELL Precision 5550\Documents\GitHub\Terrasight-Eurosat-RGB-vs-Multispectral\data\raw\multispectral\Highway\Highway_739.tif,3,Highway,3,Highway,0.9876652956008911,True,13.446675,-51.703014
2051,C:\Users\DELL Precision 5550\Documents\GitHub\Terrasight-Eurosat-RGB-vs-Multispectral\data\raw\multispectral\Industrial\Industrial_1174.tif,4,Industrial,4,Industrial,0.9656782150268555,True,40.481083,-17.215878
2052,C:\Users\DELL Precision 5550\Documents\GitHub\Terrasight-Eurosat-RGB-vs-Multispectral\data\raw\multispectral\Residential\Residential_1377.tif,7,Residential,7,Residential,0.9999114274978638,True,40.05374,6.7519083
2053,C:\Users\DELL Precision 5550\Documents\GitHub\Terrasight-Eurosat-RGB-vs-Multispectral\data\raw\multispectral\River\River_2474.tif,8,River,8,River,0.9999997615814209,True,-49.671944,28.986208
2054,C:\Users\DELL Precision 5550\Documents\GitHub\Terrasight-Eurosat-RGB-vs-Multispectral\data\raw\multispectral\HerbaceousVegetation\HerbaceousVegetation_2929.tif,2,HerbaceousVegetation,2,HerbaceousVegetation,0.9928332567214966,True,6.5278625,2.5460744
2055,C:\Users\DELL Precision 5550\Documents\GitHub\Terrasight-Eurosat-RGB-vs-Multispectral\data\raw\multispectral\AnnualCrop\AnnualCrop_2496.tif,0,AnnualCrop,0,AnnualCrop,0.9951716065406799,True,-28.112991,-30.570362
2056,C:\Users\DELL Precision 5550\Documents\GitHub\Terrasight-Eurosat-RGB-vs-Multispectral\data\raw\multispectral\AnnualCrop\AnnualCrop_535.tif,0,AnnualCrop,0,AnnualCrop,0.9988865256309509,True,-31.882845,-35.819298
2057,C:\Users\DELL Precision 5550\Documents\GitHub\Terrasight-Eurosat-RGB-vs-Multispectral\data\raw\multispectral\AnnualCrop\AnnualCrop_2244.tif,0,AnnualCrop,0,AnnualCrop,0.9936269521713257,True,-30.993034,-23.597757
2058,C:\Users\DELL Precision 5550\Documents\GitHub\Terrasight-Eurosat-RGB-vs-Multispectral\data\raw\multispectral\Highway\Highway_381.tif,3,Highway,3,Highway,0.9957762360572815,True,21.630024,-54.13743
2059,C:\Users\DELL Precision 5550\Documents\GitHub\Terrasight-Eurosat-RGB-vs-Multispectral\data\raw\multispectral\River\River_945.tif,8,River,8,River,0.9999817609786987,True,-47.352077,29.871452
2060,C:\Users\DELL Precision 5550\Documents\GitHub\Terrasight-Eurosat-RGB-vs-Multispectral\data\raw\multispectral\Highway\Highway_667.tif,3,Highway,3,Highway,0.8675187826156616,True,23.42991,-53.89372
2061,C:\Users\DELL Precision 5550\Documents\GitHub\Terrasight-Eurosat-RGB-vs-Multispectral\data\raw\multispectral\AnnualCrop\AnnualCrop_221.tif,0,AnnualCrop,0,AnnualCrop,0.9687557220458984,True,-23.432377,-27.037735
2062,C:\Users\DELL Precision 5550\Documents\GitHub\Terrasight-Eurosat-RGB-vs-Multispectral\data\raw\multispectral\Residential\Residential_141.tif,7,Residential,7,Residential,0.9999957084655762,True,53.28837,5.9239936
2063,C:\Users\DELL Precision 5550\Documents\GitHub\Terrasight-Eurosat-RGB-vs-Multispectral\data\raw\multispectral\PermanentCrop\PermanentCrop_2289.tif,6,PermanentCrop,6,PermanentCrop,0.9854340553283691,True,4.090869,-19.559364
2064,C:\Users\DELL Precision 5550\Documents\GitHub\Terrasight-Eurosat-RGB-vs-Multispectral\data\raw\multispectral\River\River_2323.tif,8,River,8,River,0.9995588660240173,True,-37.61026,23.75359
2065,C:\Users\DELL Precision 5550\Documents\GitHub\Terrasight-Eurosat-RGB-vs-Multispectral\data\raw\multispectral\River\River_2258.tif,8,River,8,River,0.9999734163284302,True,-47.7029,25.86836
2066,C:\Users\DELL Precision 5550\Documents\GitHub\Terrasight-Eurosat-RGB-vs-Multispectral\data\raw\multispectral\Residential\Residential_1753.tif,7,Residential,7,Residential,0.9134396910667419,True,40.82664,-3.527817
2067,C:\Users\DELL Precision 5550\Documents\GitHub\Terrasight-Eurosat-RGB-vs-Multispectral\data\raw\multispectral\Industrial\Industrial_1882.tif,4,Industrial,4,Industrial,0.9958555102348328,True,41.357338,-18.72275
2068,C:\Users\DELL Precision 5550\Documents\GitHub\Terrasight-Eurosat-RGB-vs-Multispectral\data\raw\multispectral\Industrial\Industrial_515.tif,4,Industrial,4,Industrial,0.9999966621398926,True,50.680977,-23.737898
2069,C:\Users\DELL Precision 5550\Documents\GitHub\Terrasight-Eurosat-RGB-vs-Multispectral\data\raw\multispectral\Forest\Forest_1624.tif,1,Forest,1,Forest,0.9879421591758728,True,13.0424,23.07806
2070,C:\Users\DELL Precision 5550\Documents\GitHub\Terrasight-Eurosat-RGB-vs-Multispectral\data\raw\multispectral\Forest\Forest_1800.tif,1,Forest,8,River,0.397788941860199,False,8.475448,28.318602
2071,C:\Users\DELL Precision 5550\Documents\GitHub\Terrasight-Eurosat-RGB-vs-Multispectral\data\raw\multispectral\Highway\Highway_1932.tif,3,Highway,3,Highway,0.9967905879020691,True,19.812532,-50.45477
2072,C:\Users\DELL Precision 5550\Documents\GitHub\Terrasight-Eurosat-RGB-vs-Multispectral\data\raw\multispectral\River\River_1362.tif,8,River,8,River,0.9997745156288147,True,-37.640102,28.055815
2073,C:\Users\DELL Precision 5550\Documents\GitHub\Terrasight-Eurosat-RGB-vs-Multispectral\data\raw\multispectral\HerbaceousVegetation\HerbaceousVegetation_2713.tif,2,HerbaceousVegetation,2,HerbaceousVegetation,0.981847882270813,True,-3.6358416,-5.362198
2074,C:\Users\DELL Precision 5550\Documents\GitHub\Terrasight-Eurosat-RGB-vs-Multispectral\data\raw\multispectral\PermanentCrop\PermanentCrop_1811.tif,6,PermanentCrop,6,PermanentCrop,0.9974181652069092,True,5.8319235,-15.995416
2075,C:\Users\DELL Precision 5550\Documents\GitHub\Terrasight-Eurosat-RGB-vs-Multispectral\data\raw\multispectral\Forest\Forest_643.tif,1,Forest,1,Forest,0.9992603659629822,True,16.509012,35.094303
2076,C:\Users\DELL Precision 5550\Documents\GitHub\Terrasight-Eurosat-RGB-vs-Multispectral\data\raw\multispectral\AnnualCrop\AnnualCrop_1628.tif,0,AnnualCrop,0,AnnualCrop,0.9956638216972351,True,-30.992155,-36.537415
2077,C:\Users\DELL Precision 5550\Documents\GitHub\Terrasight-Eurosat-RGB-vs-Multispectral\data\raw\multispectral\PermanentCrop\PermanentCrop_173.tif,6,PermanentCrop,6,PermanentCrop,0.9995607733726501,True,-1.3193135,-25.273664
2078,C:\Users\DELL Precision 5550\Documents\GitHub\Terrasight-Eurosat-RGB-vs-Multispectral\data\raw\multispectral\AnnualCrop\AnnualCrop_1691.tif,0,AnnualCrop,0,AnnualCrop,0.9996894598007202,True,-28.556927,-41.05753
2079,C:\Users\DELL Precision 5550\Documents\GitHub\Terrasight-Eurosat-RGB-vs-Multispectral\data\raw\multispectral\Forest\Forest_2315.tif,1,Forest,1,Forest,0.9943114519119263,True,14.731874,36.86505
2080,C:\Users\DELL Precision 5550\Documents\GitHub\Terrasight-Eurosat-RGB-vs-Multispectral\data\raw\multispectral\SeaLake\SeaLake_1391.tif,9,SeaLake,9,SeaLake,0.9999724626541138,True,-3.1346583,58.484016
2081,C:\Users\DELL Precision 5550\Documents\GitHub\Terrasight-Eurosat-RGB-vs-Multispectral\data\raw\multispectral\Pasture\Pasture_1586.tif,5,Pasture,5,Pasture,0.997951090335846,True,-33.109596,-4.418233
2082,C:\Users\DELL Precision 5550\Documents\GitHub\Terrasight-Eurosat-RGB-vs-Multispectral\data\raw\multispectral\PermanentCrop\PermanentCrop_149.tif,6,PermanentCrop,0,AnnualCrop,0.7789114117622375,False,-29.999239,-19.928799
2083,C:\Users\DELL Precision 5550\Documents\GitHub\Terrasight-Eurosat-RGB-vs-Multispectral\data\raw\multispectral\Highway\Highway_1727.tif,3,Highway,3,Highway,0.9668446183204651,True,21.197847,-51.907967
2084,C:\Users\DELL Precision 5550\Documents\GitHub\Terrasight-Eurosat-RGB-vs-Multispectral\data\raw\multispectral\Forest\Forest_1653.tif,1,Forest,1,Forest,0.9984050393104553,True,15.999023,35.04664
2085,C:\Users\DELL Precision 5550\Documents\GitHub\Terrasight-Eurosat-RGB-vs-Multispectral\data\raw\multispectral\Pasture\Pasture_481.tif,5,Pasture,2,HerbaceousVegetation,0.4761911928653717,False,-3.0247695,-12.032084
2086,C:\Users\DELL Precision 5550\Documents\GitHub\Terrasight-Eurosat-RGB-vs-Multispectral\data\raw\multispectral\Highway\Highway_993.tif,3,Highway,3,Highway,0.9982154369354248,True,10.874588,-60.330135
2087,C:\Users\DELL Precision 5550\Documents\GitHub\Terrasight-Eurosat-RGB-vs-Multispectral\data\raw\multispectral\Industrial\Industrial_2417.tif,4,Industrial,4,Industrial,0.9997678399085999,True,42.778595,-21.214174
2088,C:\Users\DELL Precision 5550\Documents\GitHub\Terrasight-Eurosat-RGB-vs-Multispectral\data\raw\multispectral\Residential\Residential_2419.tif,7,Residential,7,Residential,0.9999958276748657,True,56.785038,10.650508
2089,C:\Users\DELL Precision 5550\Documents\GitHub\Terrasight-Eurosat-RGB-vs-Multispectral\data\raw\multispectral\Forest\Forest_2346.tif,1,Forest,1,Forest,0.9999597072601318,True,21.964542,41.018093
2090,C:\Users\DELL Precision 5550\Documents\GitHub\Terrasight-Eurosat-RGB-vs-Multispectral\data\raw\multispectral\SeaLake\SeaLake_705.tif,9,SeaLake,9,SeaLake,0.9933772683143616,True,-11.74989,35.276016
2091,C:\Users\DELL Precision 5550\Documents\GitHub\Terrasight-Eurosat-RGB-vs-Multispectral\data\raw\multispectral\Highway\Highway_1594.tif,3,Highway,3,Highway,0.9837620854377747,True,18.646921,-48.830048
2092,C:\Users\DELL Precision 5550\Documents\GitHub\Terrasight-Eurosat-RGB-vs-Multispectral\data\raw\multispectral\Forest\Forest_1888.tif,1,Forest,1,Forest,0.9992702603340149,True,21.78803,28.72165
2093,C:\Users\DELL Precision 5550\Documents\GitHub\Terrasight-Eurosat-RGB-vs-Multispectral\data\raw\multispectral\River\River_946.tif,8,River,8,River,0.99432373046875,True,-40.73924,17.62242
2094,C:\Users\DELL Precision 5550\Documents\GitHub\Terrasight-Eurosat-RGB-vs-Multispectral\data\raw\multispectral\Pasture\Pasture_1750.tif,5,Pasture,2,HerbaceousVegetation,0.8175316452980042,False,-15.946734,-2.635733
2095,C:\Users\DELL Precision 5550\Documents\GitHub\Terrasight-Eurosat-RGB-vs-Multispectral\data\raw\multispectral\Pasture\Pasture_1600.tif,5,Pasture,5,Pasture,0.9999692440032959,True,-47.500336,-1.124881
2096,C:\Users\DELL Precision 5550\Documents\GitHub\Terrasight-Eurosat-RGB-vs-Multispectral\data\raw\multispectral\River\River_2007.tif,8,River,8,River,0.9993971586227417,True,-43.549587,22.101843
2097,C:\Users\DELL Precision 5550\Documents\GitHub\Terrasight-Eurosat-RGB-vs-Multispectral\data\raw\multispectral\Forest\Forest_2418.tif,1,Forest,1,Forest,0.9895902276039124,True,16.266901,27.509779
2098,C:\Users\DELL Precision 5550\Documents\GitHub\Terrasight-Eurosat-RGB-vs-Multispectral\data\raw\multispectral\Industrial\Industrial_86.tif,4,Industrial,4,Industrial,0.9641503095626831,True,29.562632,-21.055761
2099,C:\Users\DELL Precision 5550\Documents\GitHub\Terrasight-Eurosat-RGB-vs-Multispectral\data\raw\multispectral\Forest\Forest_2470.tif,1,Forest,1,Forest,0.9891459941864014,True,12.623908,24.208054
2100,C:\Users\DELL Precision 5550\Documents\GitHub\Terrasight-Eurosat-RGB-vs-Multispectral\data\raw\multispectral\AnnualCrop\AnnualCrop_56.tif,0,AnnualCrop,0,AnnualCrop,0.999006450176239,True,-34.922108,-31.992266
2101,C:\Users\DELL Precision 5550\Documents\GitHub\Terrasight-Eurosat-RGB-vs-Multispectral\data\raw\multispectral\HerbaceousVegetation\HerbaceousVegetation_74.tif,2,HerbaceousVegetation,2,HerbaceousVegetation,0.9949009418487549,True,-16.165041,5.436653
2102,C:\Users\DELL Precision 5550\Documents\GitHub\Terrasight-Eurosat-RGB-vs-Multispectral\data\raw\multispectral\Highway\Highway_1165.tif,3,Highway,3,Highway,0.9938943982124329,True,9.172421,-55.477753
2103,C:\Users\DELL Precision 5550\Documents\GitHub\Terrasight-Eurosat-RGB-vs-Multispectral\data\raw\multispectral\River\River_261.tif,8,River,8,River,0.9991402626037598,True,-39.03859,23.360764
2104,C:\Users\DELL Precision 5550\Documents\GitHub\Terrasight-Eurosat-RGB-vs-Multispectral\data\raw\multispectral\SeaLake\SeaLake_2269.tif,9,SeaLake,9,SeaLake,0.9918484687805176,True,-15.109527,44.305054
2105,C:\Users\DELL Precision 5550\Documents\GitHub\Terrasight-Eurosat-RGB-vs-Multispectral\data\raw\multispectral\Industrial\Industrial_2300.tif,4,Industrial,4,Industrial,0.9998923540115356,True,47.465126,-20.397713
2106,C:\Users\DELL Precision 5550\Documents\GitHub\Terrasight-Eurosat-RGB-vs-Multispectral\data\raw\multispectral\SeaLake\SeaLake_562.tif,9,SeaLake,9,SeaLake,1.0,True,2.618728,70.95018
2107,C:\Users\DELL Precision 5550\Documents\GitHub\Terrasight-Eurosat-RGB-vs-Multispectral\data\raw\multispectral\AnnualCrop\AnnualCrop_2860.tif,0,AnnualCrop,0,AnnualCrop,0.9204872846603394,True,-34.90416,-17.275518
2108,C:\Users\DELL Precision 5550\Documents\GitHub\Terrasight-Eurosat-RGB-vs-Multispectral\data\raw\multispectral\AnnualCrop\AnnualCrop_1563.tif,0,AnnualCrop,0,AnnualCrop,0.9989100694656372,True,-27.847462,-40.466755
2109,C:\Users\DELL Precision 5550\Documents\GitHub\Terrasight-Eurosat-RGB-vs-Multispectral\data\raw\multispectral\SeaLake\SeaLake_260.tif,9,SeaLake,9,SeaLake,0.9999654293060303,True,-2.2764354,57.800533
2110,C:\Users\DELL Precision 5550\Documents\GitHub\Terrasight-Eurosat-RGB-vs-Multispectral\data\raw\multispectral\River\River_1196.tif,8,River,8,River,0.9998685121536255,True,-42.44504,24.635422
2111,C:\Users\DELL Precision 5550\Documents\GitHub\Terrasight-Eurosat-RGB-vs-Multispectral\data\raw\multispectral\PermanentCrop\PermanentCrop_522.tif,6,PermanentCrop,6,PermanentCrop,0.9440984129905701,True,-8.834675,-33.203785
2112,C:\Users\DELL Precision 5550\Documents\GitHub\Terrasight-Eurosat-RGB-vs-Multispectral\data\raw\multispectral\Residential\Residential_308.tif,7,Residential,7,Residential,0.9998445510864258,True,39.405487,7.716666
2113,C:\Users\DELL Precision 5550\Documents\GitHub\Terrasight-Eurosat-RGB-vs-Multispectral\data\raw\multispectral\Residential\Residential_1225.tif,7,Residential,7,Residential,0.9999990463256836,True,46.22587,14.492814
2114,C:\Users\DELL Precision 5550\Documents\GitHub\Terrasight-Eurosat-RGB-vs-Multispectral\data\raw\multispectral\Residential\Residential_1820.tif,7,Residential,7,Residential,0.995762825012207,True,36.264523,6.2057323
2115,C:\Users\DELL Precision 5550\Documents\GitHub\Terrasight-Eurosat-RGB-vs-Multispectral\data\raw\multispectral\AnnualCrop\AnnualCrop_2478.tif,0,AnnualCrop,0,AnnualCrop,0.9780129790306091,True,-26.421911,-32.206932
2116,C:\Users\DELL Precision 5550\Documents\GitHub\Terrasight-Eurosat-RGB-vs-Multispectral\data\raw\multispectral\SeaLake\SeaLake_1783.tif,9,SeaLake,9,SeaLake,0.9999995231628418,True,0.35644892,68.78128
2117,C:\Users\DELL Precision 5550\Documents\GitHub\Terrasight-Eurosat-RGB-vs-Multispectral\data\raw\multispectral\HerbaceousVegetation\HerbaceousVegetation_836.tif,2,HerbaceousVegetation,2,HerbaceousVegetation,0.9480775594711304,True,6.9523654,3.2001104
2118,C:\Users\DELL Precision 5550\Documents\GitHub\Terrasight-Eurosat-RGB-vs-Multispectral\data\raw\multispectral\Pasture\Pasture_1880.tif,5,Pasture,5,Pasture,0.9997943043708801,True,-46.972572,-2.822595
2119,C:\Users\DELL Precision 5550\Documents\GitHub\Terrasight-Eurosat-RGB-vs-Multispectral\data\raw\multispectral\River\River_347.tif,8,River,8,River,0.9965866804122925,True,-40.641647,18.593943
2120,C:\Users\DELL Precision 5550\Documents\GitHub\Terrasight-Eurosat-RGB-vs-Multispectral\data\raw\multispectral\Industrial\Industrial_1225.tif,4,Industrial,4,Industrial,0.99607253074646,True,37.642025,-17.777443
2121,C:\Users\DELL Precision 5550\Documents\GitHub\Terrasight-Eurosat-RGB-vs-Multispectral\data\raw\multispectral\HerbaceousVegetation\HerbaceousVegetation_1875.tif,2,HerbaceousVegetation,2,HerbaceousVegetation,0.996023416519165,True,-14.625817,3.5967836
2122,C:\Users\DELL Precision 5550\Documents\GitHub\Terrasight-Eurosat-RGB-vs-Multispectral\data\raw\multispectral\Pasture\Pasture_637.tif,5,Pasture,5,Pasture,0.9995867609977722,True,-46.88721,-3.9157941
2123,C:\Users\DELL Precision 5550\Documents\GitHub\Terrasight-Eurosat-RGB-vs-Multispectral\data\raw\multispectral\Forest\Forest_2557.tif,1,Forest,1,Forest,0.9970500469207764,True,17.747416,25.274488
2124,C:\Users\DELL Precision 5550\Documents\GitHub\Terrasight-Eurosat-RGB-vs-Multispectral\data\raw\multispectral\Pasture\Pasture_1912.tif,5,Pasture,5,Pasture,0.8402184844017029,True,-40.008583,-0.039117962
2125,C:\Users\DELL Precision 5550\Documents\GitHub\Terrasight-Eurosat-RGB-vs-Multispectral\data\raw\multispectral\PermanentCrop\PermanentCrop_1425.tif,6,PermanentCrop,6,PermanentCrop,0.6033839583396912,True,3.929447,-10.976247
2126,C:\Users\DELL Precision 5550\Documents\GitHub\Terrasight-Eurosat-RGB-vs-Multispectral\data\raw\multispectral\Highway\Highway_18.tif,3,Highway,3,Highway,0.9682433009147644,True,8.103251,-58.11994
2127,C:\Users\DELL Precision 5550\Documents\GitHub\Terrasight-Eurosat-RGB-vs-Multispectral\data\raw\multispectral\AnnualCrop\AnnualCrop_407.tif,0,AnnualCrop,0,AnnualCrop,0.7663678526878357,True,-26.33174,-22.24312
2128,C:\Users\DELL Precision 5550\Documents\GitHub\Terrasight-Eurosat-RGB-vs-Multispectral\data\raw\multispectral\Highway\Highway_1860.tif,3,Highway,6,PermanentCrop,0.9410852193832397,False,3.824935,-21.781124
2129,C:\Users\DELL Precision 5550\Documents\GitHub\Terrasight-Eurosat-RGB-vs-Multispectral\data\raw\multispectral\HerbaceousVegetation\HerbaceousVegetation_649.tif,2,HerbaceousVegetation,2,HerbaceousVegetation,0.999478280544281,True,-8.82621,8.3600025
2130,C:\Users\DELL Precision 5550\Documents\GitHub\Terrasight-Eurosat-RGB-vs-Multispectral\data\raw\multispectral\Residential\Residential_594.tif,7,Residential,7,Residential,0.9998459815979004,True,53.535378,4.445568
2131,C:\Users\DELL Precision 5550\Documents\GitHub\Terrasight-Eurosat-RGB-vs-Multispectral\data\raw\multispectral\Pasture\Pasture_1706.tif,5,Pasture,5,Pasture,0.9994494318962097,True,-48.372097,-2.4765344
2132,C:\Users\DELL Precision 5550\Documents\GitHub\Terrasight-Eurosat-RGB-vs-Multispectral\data\raw\multispectral\Residential\Residential_1658.tif,7,Residential,7,Residential,0.9999812841415405,True,44.761303,6.4100523
2133,C:\Users\DELL Precision 5550\Documents\GitHub\Terrasight-Eurosat-RGB-vs-Multispectral\data\raw\multispectral\PermanentCrop\PermanentCrop_385.tif,6,PermanentCrop,6,PermanentCrop,0.9511684775352478,True,4.3764396,-19.79435
2134,C:\Users\DELL Precision 5550\Documents\GitHub\Terrasight-Eurosat-RGB-vs-Multispectral\data\raw\multispectral\Forest\Forest_2111.tif,1,Forest,1,Forest,0.9999161958694458,True,26.410822,40.11126
2135,C:\Users\DELL Precision 5550\Documents\GitHub\Terrasight-Eurosat-RGB-vs-Multispectral\data\raw\multispectral\HerbaceousVegetation\HerbaceousVegetation_2490.tif,2,HerbaceousVegetation,2,HerbaceousVegetation,0.9134181141853333,True,0.8024888,-0.6846961
2136,C:\Users\DELL Precision 5550\Documents\GitHub\Terrasight-Eurosat-RGB-vs-Multispectral\data\raw\multispectral\PermanentCrop\PermanentCrop_2251.tif,6,PermanentCrop,6,PermanentCrop,0.7861720323562622,True,7.1530457,-9.972919
2137,C:\Users\DELL Precision 5550\Documents\GitHub\Terrasight-Eurosat-RGB-vs-Multispectral\data\raw\multispectral\Residential\Residential_2711.tif,7,Residential,7,Residential,0.999503493309021,True,41.795235,5.4752016
2138,C:\Users\DELL Precision 5550\Documents\GitHub\Terrasight-Eurosat-RGB-vs-Multispectral\data\raw\multispectral\Forest\Forest_1769.tif,1,Forest,1,Forest,0.9573689103126526,True,13.49057,24.794386
2139,C:\Users\DELL Precision 5550\Documents\GitHub\Terrasight-Eurosat-RGB-vs-Multispectral\data\raw\multispectral\Industrial\Industrial_2062.tif,4,Industrial,4,Industrial,0.999488353729248,True,38.297764,-27.672289
2140,C:\Users\DELL Precision 5550\Documents\GitHub\Terrasight-Eurosat-RGB-vs-Multispectral\data\raw\multispectral\Highway\Highway_2493.tif,3,Highway,3,Highway,0.8783397078514099,True,12.707938,-46.631294
2141,C:\Users\DELL Precision 5550\Documents\GitHub\Terrasight-Eurosat-RGB-vs-Multispectral\data\raw\multispectral\Industrial\Industrial_934.tif,4,Industrial,4,Industrial,0.9999990463256836,True,50.864346,-25.560398
2142,C:\Users\DELL Precision 5550\Documents\GitHub\Terrasight-Eurosat-RGB-vs-Multispectral\data\raw\multispectral\River\River_1137.tif,8,River,8,River,0.9973969459533691,True,-38.360435,19.249939
2143,C:\Users\DELL Precision 5550\Documents\GitHub\Terrasight-Eurosat-RGB-vs-Multispectral\data\raw\multispectral\Pasture\Pasture_326.tif,5,Pasture,5,Pasture,0.9901618957519531,True,-40.914425,-0.8973872
2144,C:\Users\DELL Precision 5550\Documents\GitHub\Terrasight-Eurosat-RGB-vs-Multispectral\data\raw\multispectral\River\River_1881.tif,8,River,0,AnnualCrop,0.7478094100952148,False,-28.744453,-21.003979
2145,C:\Users\DELL Precision 5550\Documents\GitHub\Terrasight-Eurosat-RGB-vs-Multispectral\data\raw\multispectral\HerbaceousVegetation\HerbaceousVegetation_268.tif,2,HerbaceousVegetation,2,HerbaceousVegetation,0.9962921142578125,True,-6.232455,5.407388
2146,C:\Users\DELL Precision 5550\Documents\GitHub\Terrasight-Eurosat-RGB-vs-Multispectral\data\raw\multispectral\Forest\Forest_1172.tif,1,Forest,1,Forest,0.6132251620292664,True,11.248541,16.875492
2147,C:\Users\DELL Precision 5550\Documents\GitHub\Terrasight-Eurosat-RGB-vs-Multispectral\data\raw\multispectral\Pasture\Pasture_1500.tif,5,Pasture,5,Pasture,0.9999618530273438,True,-45.31805,-1.4274373
2148,C:\Users\DELL Precision 5550\Documents\GitHub\Terrasight-Eurosat-RGB-vs-Multispectral\data\raw\multispectral\Industrial\Industrial_769.tif,4,Industrial,4,Industrial,0.9993973970413208,True,36.648876,-23.289305
2149,C:\Users\DELL Precision 5550\Documents\GitHub\Terrasight-Eurosat-RGB-vs-Multispectral\data\raw\multispectral\Residential\Residential_718.tif,7,Residential,7,Residential,0.6422708630561829,True,31.617624,-12.401109
2150,C:\Users\DELL Precision 5550\Documents\GitHub\Terrasight-Eurosat-RGB-vs-Multispectral\data\raw\multispectral\Residential\Residential_2549.tif,7,Residential,7,Residential,0.9893414378166199,True,36.309345,5.6657705
2151,C:\Users\DELL Precision 5550\Documents\GitHub\Terrasight-Eurosat-RGB-vs-Multispectral\data\raw\multispectral\Residential\Residential_2094.tif,7,Residential,7,Residential,0.9875872731208801,True,44.87628,-1.361766
2152,C:\Users\DELL Precision 5550\Documents\GitHub\Terrasight-Eurosat-RGB-vs-Multispectral\data\raw\multispectral\HerbaceousVegetation\HerbaceousVegetation_2998.tif,2,HerbaceousVegetation,2,HerbaceousVegetation,0.9917337894439697,True,-12.630384,4.1201005
2153,C:\Users\DELL Precision 5550\Documents\GitHub\Terrasight-Eurosat-RGB-vs-Multispectral\data\raw\multispectral\Residential\Residential_1091.tif,7,Residential,7,Residential,0.9999984502792358,True,46.215664,14.223789
2154,C:\Users\DELL Precision 5550\Documents\GitHub\Terrasight-Eurosat-RGB-vs-Multispectral\data\raw\multispectral\SeaLake\SeaLake_749.tif,9,SeaLake,9,SeaLake,0.999716579914093,True,-12.328314,51.63139
2155,C:\Users\DELL Precision 5550\Documents\GitHub\Terrasight-Eurosat-RGB-vs-Multispectral\data\raw\multispectral\HerbaceousVegetation\HerbaceousVegetation_2805.tif,2,HerbaceousVegetation,2,HerbaceousVegetation,0.9966170191764832,True,-13.490858,2.9688594
2156,C:\Users\DELL Precision 5550\Documents\GitHub\Terrasight-Eurosat-RGB-vs-Multispectral\data\raw\multispectral\Residential\Residential_1376.tif,7,Residential,7,Residential,1.0,True,56.533886,14.316486
2157,C:\Users\DELL Precision 5550\Documents\GitHub\Terrasight-Eurosat-RGB-vs-Multispectral\data\raw\multispectral\River\River_2041.tif,8,River,8,River,0.9507694840431213,True,-36.93363,15.25135
2158,C:\Users\DELL Precision 5550\Documents\GitHub\Terrasight-Eurosat-RGB-vs-Multispectral\data\raw\multispectral\Highway\Highway_1170.tif,3,Highway,3,Highway,0.9951808452606201,True,11.288855,-49.31964
2159,C:\Users\DELL Precision 5550\Documents\GitHub\Terrasight-Eurosat-RGB-vs-Multispectral\data\raw\multispectral\Industrial\Industrial_2356.tif,4,Industrial,4,Industrial,0.9945361614227295,True,35.008583,-18.327291
2160,C:\Users\DELL Precision 5550\Documents\GitHub\Terrasight-Eurosat-RGB-vs-Multispectral\data\raw\multispectral\SeaLake\SeaLake_2003.tif,9,SeaLake,9,SeaLake,0.9999998807907104,True,2.4699516,69.75575
2161,C:\Users\DELL Precision 5550\Documents\GitHub\Terrasight-Eurosat-RGB-vs-Multispectral\data\raw\multispectral\SeaLake\SeaLake_2929.tif,9,SeaLake,9,SeaLake,0.9999886751174927,True,-4.9096756,61.51752
2162,C:\Users\DELL Precision 5550\Documents\GitHub\Terrasight-Eurosat-RGB-vs-Multispectral\data\raw\multispectral\PermanentCrop\PermanentCrop_651.tif,6,PermanentCrop,6,PermanentCrop,0.9168456792831421,True,1.22299,-12.912751
2163,C:\Users\DELL Precision 5550\Documents\GitHub\Terrasight-Eurosat-RGB-vs-Multispectral\data\raw\multispectral\SeaLake\SeaLake_942.tif,9,SeaLake,9,SeaLake,0.9999960660934448,True,-3.4381375,64.29465
2164,C:\Users\DELL Precision 5550\Documents\GitHub\Terrasight-Eurosat-RGB-vs-Multispectral\data\raw\multispectral\Highway\Highway_207.tif,3,Highway,3,Highway,0.8290848731994629,True,24.510935,-50.26554
2165,C:\Users\DELL Precision 5550\Documents\GitHub\Terrasight-Eurosat-RGB-vs-Multispectral\data\raw\multispectral\Forest\Forest_2350.tif,1,Forest,1,Forest,0.9916577935218811,True,13.4443035,18.62093
2166,C:\Users\DELL Precision 5550\Documents\GitHub\Terrasight-Eurosat-RGB-vs-Multispectral\data\raw\multispectral\HerbaceousVegetation\HerbaceousVegetation_1381.tif,2,HerbaceousVegetation,2,HerbaceousVegetation,0.9569215774536133,True,-17.34455,0.851289
2167,C:\Users\DELL Precision 5550\Documents\GitHub\Terrasight-Eurosat-RGB-vs-Multispectral\data\raw\multispectral\River\River_215.tif,8,River,8,River,0.9938673377037048,True,-37.27097,26.525274
2168,C:\Users\DELL Precision 5550\Documents\GitHub\Terrasight-Eurosat-RGB-vs-Multispectral\data\raw\multispectral\Industrial\Industrial_2350.tif,4,Industrial,4,Industrial,0.9993220567703247,True,50.040283,-21.407217
2169,C:\Users\DELL Precision 5550\Documents\GitHub\Terrasight-Eurosat-RGB-vs-Multispectral\data\raw\multispectral\Forest\Forest_1938.tif,1,Forest,1,Forest,0.9997074007987976,True,22.09934,29.512392
2170,C:\Users\DELL Precision 5550\Documents\GitHub\Terrasight-Eurosat-RGB-vs-Multispectral\data\raw\multispectral\HerbaceousVegetation\HerbaceousVegetation_1885.tif,2,HerbaceousVegetation,2,HerbaceousVegetation,0.991055965423584,True,5.015939,-0.113954514
2171,C:\Users\DELL Precision 5550\Documents\GitHub\Terrasight-Eurosat-RGB-vs-Multispectral\data\raw\multispectral\River\River_975.tif,8,River,8,River,0.9984012246131897,True,-34.628983,21.599562
2172,C:\Users\DELL Precision 5550\Documents\GitHub\Terrasight-Eurosat-RGB-vs-Multispectral\data\raw\multispectral\Industrial\Industrial_1481.tif,4,Industrial,4,Industrial,0.99873286485672,True,39.503357,-29.657372
2173,C:\Users\DELL Precision 5550\Documents\GitHub\Terrasight-Eurosat-RGB-vs-Multispectral\data\raw\multispectral\HerbaceousVegetation\HerbaceousVegetation_2079.tif,2,HerbaceousVegetation,2,HerbaceousVegetation,0.8638546466827393,True,4.5205646,-6.1198735
2174,C:\Users\DELL Precision 5550\Documents\GitHub\Terrasight-Eurosat-RGB-vs-Multispectral\data\raw\multispectral\SeaLake\SeaLake_3.tif,9,SeaLake,9,SeaLake,0.9999998807907104,True,1.4347439,68.632545
2175,C:\Users\DELL Precision 5550\Documents\GitHub\Terrasight-Eurosat-RGB-vs-Multispectral\data\raw\multispectral\Residential\Residential_479.tif,7,Residential,7,Residential,1.0,True,55.57241,15.531604
2176,C:\Users\DELL Precision 5550\Documents\GitHub\Terrasight-Eurosat-RGB-vs-Multispectral\data\raw\multispectral\Residential\Residential_703.tif,7,Residential,7,Residential,0.998198926448822,True,52.647,3.671326
2177,C:\Users\DELL Precision 5550\Documents\GitHub\Terrasight-Eurosat-RGB-vs-Multispectral\data\raw\multispectral\HerbaceousVegetation\HerbaceousVegetation_1535.tif,2,HerbaceousVegetation,2,HerbaceousVegetation,0.9901080131530762,True,-4.1679163,0.35696992
2178,C:\Users\DELL Precision 5550\Documents\GitHub\Terrasight-Eurosat-RGB-vs-Multispectral\data\raw\multispectral\Residential\Residential_1126.tif,7,Residential,7,Residential,0.9996694326400757,True,53.755634,4.060048
2179,C:\Users\DELL Precision 5550\Documents\GitHub\Terrasight-Eurosat-RGB-vs-Multispectral\data\raw\multispectral\SeaLake\SeaLake_2245.tif,9,SeaLake,9,SeaLake,0.967748761177063,True,-15.959019,44.89416
2180,C:\Users\DELL Precision 5550\Documents\GitHub\Terrasight-Eurosat-RGB-vs-Multispectral\data\raw\multispectral\PermanentCrop\PermanentCrop_468.tif,6,PermanentCrop,6,PermanentCrop,0.970352828502655,True,4.8361683,-15.043153
2181,C:\Users\DELL Precision 5550\Documents\GitHub\Terrasight-Eurosat-RGB-vs-Multispectral\data\raw\multispectral\Pasture\Pasture_1683.tif,5,Pasture,5,Pasture,0.9972400665283203,True,-40.68462,-8.409417
2182,C:\Users\DELL Precision 5550\Documents\GitHub\Terrasight-Eurosat-RGB-vs-Multispectral\data\raw\multispectral\River\River_2183.tif,8,River,8,River,0.9996856451034546,True,-35.307156,23.777372
2183,C:\Users\DELL Precision 5550\Documents\GitHub\Terrasight-Eurosat-RGB-vs-Multispectral\data\raw\multispectral\HerbaceousVegetation\HerbaceousVegetation_2231.tif,2,HerbaceousVegetation,2,HerbaceousVegetation,0.9906434416770935,True,4.3179183,3.5528865
2184,C:\Users\DELL Precision 5550\Documents\GitHub\Terrasight-Eurosat-RGB-vs-Multispectral\data\raw\multispectral\Residential\Residential_528.tif,7,Residential,7,Residential,0.9999746084213257,True,44.955868,3.8976011
2185,C:\Users\DELL Precision 5550\Documents\GitHub\Terrasight-Eurosat-RGB-vs-Multispectral\data\raw\multispectral\Residential\Residential_1684.tif,7,Residential,7,Residential,1.0,True,56.1033,14.06738
2186,C:\Users\DELL Precision 5550\Documents\GitHub\Terrasight-Eurosat-RGB-vs-Multispectral\data\raw\multispectral\Highway\Highway_1127.tif,3,Highway,3,Highway,0.9369567036628723,True,8.81031,-58.74435
2187,C:\Users\DELL Precision 5550\Documents\GitHub\Terrasight-Eurosat-RGB-vs-Multispectral\data\raw\multispectral\Pasture\Pasture_1455.tif,5,Pasture,5,Pasture,0.9708795547485352,True,-36.34706,-9.521932
2188,C:\Users\DELL Precision 5550\Documents\GitHub\Terrasight-Eurosat-RGB-vs-Multispectral\data\raw\multispectral\River\River_783.tif,8,River,8,River,0.9964045286178589,True,-36.72087,29.508232
2189,C:\Users\DELL Precision 5550\Documents\GitHub\Terrasight-Eurosat-RGB-vs-Multispectral\data\raw\multispectral\SeaLake\SeaLake_1128.tif,9,SeaLake,9,SeaLake,0.9989001750946045,True,-11.958118,48.303017
2190,C:\Users\DELL Precision 5550\Documents\GitHub\Terrasight-Eurosat-RGB-vs-Multispectral\data\raw\multispectral\AnnualCrop\AnnualCrop_450.tif,0,AnnualCrop,0,AnnualCrop,0.9967723488807678,True,-26.398645,-33.857998
2191,C:\Users\DELL Precision 5550\Documents\GitHub\Terrasight-Eurosat-RGB-vs-Multispectral\data\raw\multispectral\River\River_332.tif,8,River,8,River,0.9999431371688843,True,-44.53726,27.07414
2192,C:\Users\DELL Precision 5550\Documents\GitHub\Terrasight-Eurosat-RGB-vs-Multispectral\data\raw\multispectral\River\River_1373.tif,8,River,8,River,0.9999816417694092,True,-49.4488,26.874254
2193,C:\Users\DELL Precision 5550\Documents\GitHub\Terrasight-Eurosat-RGB-vs-Multispectral\data\raw\multispectral\SeaLake\SeaLake_88.tif,9,SeaLake,9,SeaLake,0.9999368190765381,True,-9.783548,61.12
2194,C:\Users\DELL Precision 5550\Documents\GitHub\Terrasight-Eurosat-RGB-vs-Multispectral\data\raw\multispectral\PermanentCrop\PermanentCrop_1565.tif,6,PermanentCrop,6,PermanentCrop,0.9993354678153992,True,-1.6598829,-25.210047
2195,C:\Users\DELL Precision 5550\Documents\GitHub\Terrasight-Eurosat-RGB-vs-Multispectral\data\raw\multispectral\HerbaceousVegetation\HerbaceousVegetation_1044.tif,2,HerbaceousVegetation,2,HerbaceousVegetation,0.9994206428527832,True,-5.229318,7.313332
2196,C:\Users\DELL Precision 5550\Documents\GitHub\Terrasight-Eurosat-RGB-vs-Multispectral\data\raw\multispectral\AnnualCrop\AnnualCrop_1339.tif,0,AnnualCrop,0,AnnualCrop,0.9974628686904907,True,-40.940292,-32.50805
2197,C:\Users\DELL Precision 5550\Documents\GitHub\Terrasight-Eurosat-RGB-vs-Multispectral\data\raw\multispectral\Forest\Forest_1355.tif,1,Forest,1,Forest,0.9810989499092102,True,11.215349,26.957481
2198,C:\Users\DELL Precision 5550\Documents\GitHub\Terrasight-Eurosat-RGB-vs-Multispectral\data\raw\multispectral\SeaLake\SeaLake_2072.tif,9,SeaLake,9,SeaLake,0.9998010993003845,True,-2.6320155,56.08299
2199,C:\Users\DELL Precision 5550\Documents\GitHub\Terrasight-Eurosat-RGB-vs-Multispectral\data\raw\multispectral\River\River_2261.tif,8,River,8,River,0.9979255199432373,True,-34.90006,22.491848
2200,C:\Users\DELL Precision 5550\Documents\GitHub\Terrasight-Eurosat-RGB-vs-Multispectral\data\raw\multispectral\AnnualCrop\AnnualCrop_2008.tif,0,AnnualCrop,0,AnnualCrop,0.9984788298606873,True,-34.15725,-31.388813
2201,C:\Users\DELL Precision 5550\Documents\GitHub\Terrasight-Eurosat-RGB-vs-Multispectral\data\raw\multispectral\AnnualCrop\AnnualCrop_1773.tif,0,AnnualCrop,5,Pasture,0.4652073085308075,False,-38.706066,-13.524356
2202,C:\Users\DELL Precision 5550\Documents\GitHub\Terrasight-Eurosat-RGB-vs-Multispectral\data\raw\multispectral\River\River_1350.tif,8,River,8,River,0.8779341578483582,True,-36.854458,17.430582
2203,C:\Users\DELL Precision 5550\Documents\GitHub\Terrasight-Eurosat-RGB-vs-Multispectral\data\raw\multispectral\HerbaceousVegetation\HerbaceousVegetation_1934.tif,2,HerbaceousVegetation,2,HerbaceousVegetation,0.9965728521347046,True,-12.51618,4.6654153
2204,C:\Users\DELL Precision 5550\Documents\GitHub\Terrasight-Eurosat-RGB-vs-Multispectral\data\raw\multispectral\SeaLake\SeaLake_1934.tif,9,SeaLake,9,SeaLake,0.9817689657211304,True,-13.39389,35.729275
2205,C:\Users\DELL Precision 5550\Documents\GitHub\Terrasight-Eurosat-RGB-vs-Multispectral\data\raw\multispectral\Highway\Highway_685.tif,3,Highway,3,Highway,0.9968794584274292,True,11.037963,-60.54373
2206,C:\Users\DELL Precision 5550\Documents\GitHub\Terrasight-Eurosat-RGB-vs-Multispectral\data\raw\multispectral\Pasture\Pasture_1696.tif,5,Pasture,5,Pasture,0.9988434314727783,True,-33.965126,-4.743669
2207,C:\Users\DELL Precision 5550\Documents\GitHub\Terrasight-Eurosat-RGB-vs-Multispectral\data\raw\multispectral\SeaLake\SeaLake_1753.tif,9,SeaLake,9,SeaLake,0.9492953419685364,True,-13.760595,45.26147
2208,C:\Users\DELL Precision 5550\Documents\GitHub\Terrasight-Eurosat-RGB-vs-Multispectral\data\raw\multispectral\Pasture\Pasture_1217.tif,5,Pasture,5,Pasture,0.9989144802093506,True,-42.74453,0.111521535
2209,C:\Users\DELL Precision 5550\Documents\GitHub\Terrasight-Eurosat-RGB-vs-Multispectral\data\raw\multispectral\River\River_1237.tif,8,River,8,River,0.9999902248382568,True,-47.688828,31.306599
2210,C:\Users\DELL Precision 5550\Documents\GitHub\Terrasight-Eurosat-RGB-vs-Multispectral\data\raw\multispectral\PermanentCrop\PermanentCrop_1227.tif,6,PermanentCrop,6,PermanentCrop,0.9992449283599854,True,-2.2710412,-27.207178
2211,C:\Users\DELL Precision 5550\Documents\GitHub\Terrasight-Eurosat-RGB-vs-Multispectral\data\raw\multispectral\Forest\Forest_2302.tif,1,Forest,1,Forest,0.9980575442314148,True,22.32774,35.183544
2212,C:\Users\DELL Precision 5550\Documents\GitHub\Terrasight-Eurosat-RGB-vs-Multispectral\data\raw\multispectral\Residential\Residential_187.tif,7,Residential,7,Residential,0.9999998807907104,True,51.27727,12.10637
2213,C:\Users\DELL Precision 5550\Documents\GitHub\Terrasight-Eurosat-RGB-vs-Multispectral\data\raw\multispectral\Highway\Highway_2084.tif,3,Highway,3,Highway,0.9081608057022095,True,13.978591,-45.36347
2214,C:\Users\DELL Precision 5550\Documents\GitHub\Terrasight-Eurosat-RGB-vs-Multispectral\data\raw\multispectral\HerbaceousVegetation\HerbaceousVegetation_2780.tif,2,HerbaceousVegetation,2,HerbaceousVegetation,0.9992235898971558,True,-7.7908726,6.87114
2215,C:\Users\DELL Precision 5550\Documents\GitHub\Terrasight-Eurosat-RGB-vs-Multispectral\data\raw\multispectral\PermanentCrop\PermanentCrop_2058.tif,6,PermanentCrop,6,PermanentCrop,0.9894250631332397,True,5.345669,-14.660946
2216,C:\Users\DELL Precision 5550\Documents\GitHub\Terrasight-Eurosat-RGB-vs-Multispectral\data\raw\multispectral\AnnualCrop\AnnualCrop_795.tif,0,AnnualCrop,0,AnnualCrop,0.9846752285957336,True,-40.018307,-26.931469
2217,C:\Users\DELL Precision 5550\Documents\GitHub\Terrasight-Eurosat-RGB-vs-Multispectral\data\raw\multispectral\PermanentCrop\PermanentCrop_1893.tif,6,PermanentCrop,6,PermanentCrop,0.9970641732215881,True,2.1304877,-24.5595
2218,C:\Users\DELL Precision 5550\Documents\GitHub\Terrasight-Eurosat-RGB-vs-Multispectral\data\raw\multispectral\Highway\Highway_2037.tif,3,Highway,3,Highway,0.9980705380439758,True,7.1615295,-53.513218
2219,C:\Users\DELL Precision 5550\Documents\GitHub\Terrasight-Eurosat-RGB-vs-Multispectral\data\raw\multispectral\Highway\Highway_193.tif,3,Highway,3,Highway,0.8489673137664795,True,11.779324,-48.503777
2220,C:\Users\DELL Precision 5550\Documents\GitHub\Terrasight-Eurosat-RGB-vs-Multispectral\data\raw\multispectral\SeaLake\SeaLake_771.tif,9,SeaLake,9,SeaLake,0.9997078776359558,True,-12.5198555,51.724644
2221,C:\Users\DELL Precision 5550\Documents\GitHub\Terrasight-Eurosat-RGB-vs-Multispectral\data\raw\multispectral\Pasture\Pasture_1043.tif,5,Pasture,5,Pasture,0.986198365688324,True,-30.681866,-8.511189
2222,C:\Users\DELL Precision 5550\Documents\GitHub\Terrasight-Eurosat-RGB-vs-Multispectral\data\raw\multispectral\HerbaceousVegetation\HerbaceousVegetation_2353.tif,2,HerbaceousVegetation,2,HerbaceousVegetation,0.9890677332878113,True,-10.723825,-2.0352297
2223,C:\Users\DELL Precision 5550\Documents\GitHub\Terrasight-Eurosat-RGB-vs-Multispectral\data\raw\multispectral\Pasture\Pasture_1402.tif,5,Pasture,5,Pasture,0.9999144077301025,True,-47.788303,-0.9596945
2224,C:\Users\DELL Precision 5550\Documents\GitHub\Terrasight-Eurosat-RGB-vs-Multispectral\data\raw\multispectral\Pasture\Pasture_1712.tif,5,Pasture,5,Pasture,0.9920234680175781,True,-35.89562,-2.0962067
2225,C:\Users\DELL Precision 5550\Documents\GitHub\Terrasight-Eurosat-RGB-vs-Multispectral\data\raw\multispectral\River\River_2068.tif,8,River,8,River,0.9998880624771118,True,-42.730835,28.508654
2226,C:\Users\DELL Precision 5550\Documents\GitHub\Terrasight-Eurosat-RGB-vs-Multispectral\data\raw\multispectral\PermanentCrop\PermanentCrop_1397.tif,6,PermanentCrop,6,PermanentCrop,0.9583761692047119,True,-1.0180954,-17.516285
2227,C:\Users\DELL Precision 5550\Documents\GitHub\Terrasight-Eurosat-RGB-vs-Multispectral\data\raw\multispectral\AnnualCrop\AnnualCrop_59.tif,0,AnnualCrop,0,AnnualCrop,0.9963470101356506,True,-25.811262,-36.756386
2228,C:\Users\DELL Precision 5550\Documents\GitHub\Terrasight-Eurosat-RGB-vs-Multispectral\data\raw\multispectral\Residential\Residential_1720.tif,7,Residential,7,Residential,0.9999998807907104,True,50.30638,11.125129
2229,C:\Users\DELL Precision 5550\Documents\GitHub\Terrasight-Eurosat-RGB-vs-Multispectral\data\raw\multispectral\Residential\Residential_1453.tif,7,Residential,7,Residential,1.0,True,54.447372,14.897452
2230,C:\Users\DELL Precision 5550\Documents\GitHub\Terrasight-Eurosat-RGB-vs-Multispectral\data\raw\multispectral\AnnualCrop\AnnualCrop_87.tif,0,AnnualCrop,0,AnnualCrop,0.9998119473457336,True,-34.956226,-37.814255
2231,C:\Users\DELL Precision 5550\Documents\GitHub\Terrasight-Eurosat-RGB-vs-Multispectral\data\raw\multispectral\River\River_1765.tif,8,River,8,River,0.9940677881240845,True,-36.835106,31.211039
2232,C:\Users\DELL Precision 5550\Documents\GitHub\Terrasight-Eurosat-RGB-vs-Multispectral\data\raw\multispectral\Pasture\Pasture_270.tif,5,Pasture,5,Pasture,0.9188703298568726,True,-30.243427,-9.128063
2233,C:\Users\DELL Precision 5550\Documents\GitHub\Terrasight-Eurosat-RGB-vs-Multispectral\data\raw\multispectral\Industrial\Industrial_1102.tif,4,Industrial,4,Industrial,0.9995842576026917,True,35.190174,-24.356602
2234,C:\Users\DELL Precision 5550\Documents\GitHub\Terrasight-Eurosat-RGB-vs-Multispectral\data\raw\multispectral\AnnualCrop\AnnualCrop_225.tif,0,AnnualCrop,0,AnnualCrop,0.960693359375,True,-22.343134,-33.41611
2235,C:\Users\DELL Precision 5550\Documents\GitHub\Terrasight-Eurosat-RGB-vs-Multispectral\data\raw\multispectral\AnnualCrop\AnnualCrop_582.tif,0,AnnualCrop,0,AnnualCrop,0.9992520213127136,True,-34.49577,-37.29392
2236,C:\Users\DELL Precision 5550\Documents\GitHub\Terrasight-Eurosat-RGB-vs-Multispectral\data\raw\multispectral\Industrial\Industrial_168.tif,4,Industrial,4,Industrial,0.9981125593185425,True,32.930935,-20.882223
2237,C:\Users\DELL Precision 5550\Documents\GitHub\Terrasight-Eurosat-RGB-vs-Multispectral\data\raw\multispectral\Forest\Forest_1846.tif,1,Forest,1,Forest,0.8332274556159973,True,19.36268,26.568596
2238,C:\Users\DELL Precision 5550\Documents\GitHub\Terrasight-Eurosat-RGB-vs-Multispectral\data\raw\multispectral\Highway\Highway_656.tif,3,Highway,3,Highway,0.9886192083358765,True,11.806898,-48.844753
2239,C:\Users\DELL Precision 5550\Documents\GitHub\Terrasight-Eurosat-RGB-vs-Multispectral\data\raw\multispectral\HerbaceousVegetation\HerbaceousVegetation_1342.tif,2,HerbaceousVegetation,2,HerbaceousVegetation,0.9817694425582886,True,-1.9723152,4.967773
2240,C:\Users\DELL Precision 5550\Documents\GitHub\Terrasight-Eurosat-RGB-vs-Multispectral\data\raw\multispectral\Industrial\Industrial_356.tif,4,Industrial,4,Industrial,0.9228857755661011,True,36.54965,-15.93923
2241,C:\Users\DELL Precision 5550\Documents\GitHub\Terrasight-Eurosat-RGB-vs-Multispectral\data\raw\multispectral\Residential\Residential_432.tif,7,Residential,7,Residential,0.9815301299095154,True,36.13427,0.48201588
2242,C:\Users\DELL Precision 5550\Documents\GitHub\Terrasight-Eurosat-RGB-vs-Multispectral\data\raw\multispectral\SeaLake\SeaLake_2975.tif,9,SeaLake,9,SeaLake,0.9998084902763367,True,-15.338377,52.837494
2243,C:\Users\DELL Precision 5550\Documents\GitHub\Terrasight-Eurosat-RGB-vs-Multispectral\data\raw\multispectral\Pasture\Pasture_63.tif,5,Pasture,5,Pasture,0.9995836615562439,True,-36.258724,-1.3387475
2244,C:\Users\DELL Precision 5550\Documents\GitHub\Terrasight-Eurosat-RGB-vs-Multispectral\data\raw\multispectral\HerbaceousVegetation\HerbaceousVegetation_2025.tif,2,HerbaceousVegetation,2,HerbaceousVegetation,0.9935100674629211,True,-4.989743,3.2016923
2245,C:\Users\DELL Precision 5550\Documents\GitHub\Terrasight-Eurosat-RGB-vs-Multispectral\data\raw\multispectral\SeaLake\SeaLake_1967.tif,9,SeaLake,9,SeaLake,0.9999953508377075,True,-3.4905431,67.54489
2246,C:\Users\DELL Precision 5550\Documents\GitHub\Terrasight-Eurosat-RGB-vs-Multispectral\data\raw\multispectral\Industrial\Industrial_2465.tif,4,Industrial,4,Industrial,0.9999390840530396,True,45.91008,-22.72068
2247,C:\Users\DELL Precision 5550\Documents\GitHub\Terrasight-Eurosat-RGB-vs-Multispectral\data\raw\multispectral\River\River_483.tif,8,River,8,River,0.9990342855453491,True,-36.866676,21.093088
2248,C:\Users\DELL Precision 5550\Documents\GitHub\Terrasight-Eurosat-RGB-vs-Multispectral\data\raw\multispectral\Pasture\Pasture_1027.tif,5,Pasture,5,Pasture,0.9989539384841919,True,-44.134796,-6.3306684
2249,C:\Users\DELL Precision 5550\Documents\GitHub\Terrasight-Eurosat-RGB-vs-Multispectral\data\raw\multispectral\River\River_996.tif,8,River,8,River,0.999923825263977,True,-42.121017,26.927904
2250,C:\Users\DELL Precision 5550\Documents\GitHub\Terrasight-Eurosat-RGB-vs-Multispectral\data\raw\multispectral\Forest\Forest_405.tif,1,Forest,1,Forest,0.9874188303947449,True,13.67513,19.978859
2251,C:\Users\DELL Precision 5550\Documents\GitHub\Terrasight-Eurosat-RGB-vs-Multispectral\data\raw\multispectral\Residential\Residential_211.tif,7,Residential,7,Residential,0.9999979734420776,True,52.63416,9.363462
2252,C:\Users\DELL Precision 5550\Documents\GitHub\Terrasight-Eurosat-RGB-vs-Multispectral\data\raw\multispectral\Residential\Residential_1524.tif,7,Residential,7,Residential,0.9999980926513672,True,53.79364,12.104959
2253,C:\Users\DELL Precision 5550\Documents\GitHub\Terrasight-Eurosat-RGB-vs-Multispectral\data\raw\multispectral\AnnualCrop\AnnualCrop_191.tif,0,AnnualCrop,0,AnnualCrop,0.8023362159729004,True,-22.385038,-29.169659
2254,C:\Users\DELL Precision 5550\Documents\GitHub\Terrasight-Eurosat-RGB-vs-Multispectral\data\raw\multispectral\River\River_2264.tif,8,River,8,River,0.9999356269836426,True,-45.42714,31.497442
2255,C:\Users\DELL Precision 5550\Documents\GitHub\Terrasight-Eurosat-RGB-vs-Multispectral\data\raw\multispectral\Residential\Residential_347.tif,7,Residential,7,Residential,0.9919529557228088,True,36.232388,5.9669967
2256,C:\Users\DELL Precision 5550\Documents\GitHub\Terrasight-Eurosat-RGB-vs-Multispectral\data\raw\multispectral\Forest\Forest_2526.tif,1,Forest,1,Forest,0.9360139966011047,True,13.245609,22.114412
2257,C:\Users\DELL Precision 5550\Documents\GitHub\Terrasight-Eurosat-RGB-vs-Multispectral\data\raw\multispectral\Industrial\Industrial_581.tif,4,Industrial,4,Industrial,0.999894380569458,True,40.616783,-27.3078
2258,C:\Users\DELL Precision 5550\Documents\GitHub\Terrasight-Eurosat-RGB-vs-Multispectral\data\raw\multispectral\Residential\Residential_427.tif,7,Residential,7,Residential,0.9999995231628418,True,53.6577,12.655883
2259,C:\Users\DELL Precision 5550\Documents\GitHub\Terrasight-Eurosat-RGB-vs-Multispectral\data\raw\multispectral\AnnualCrop\AnnualCrop_919.tif,0,AnnualCrop,0,AnnualCrop,0.9343125820159912,True,-36.406445,-16.185333
2260,C:\Users\DELL Precision 5550\Documents\GitHub\Terrasight-Eurosat-RGB-vs-Multispectral\data\raw\multispectral\Pasture\Pasture_979.tif,5,Pasture,5,Pasture,0.991990864276886,True,-43.567772,-8.262459
2261,C:\Users\DELL Precision 5550\Documents\GitHub\Terrasight-Eurosat-RGB-vs-Multispectral\data\raw\multispectral\Pasture\Pasture_721.tif,5,Pasture,5,Pasture,0.9927248954772949,True,-31.922976,-5.0363717
2262,C:\Users\DELL Precision 5550\Documents\GitHub\Terrasight-Eurosat-RGB-vs-Multispectral\data\raw\multispectral\Pasture\Pasture_689.tif,5,Pasture,5,Pasture,0.8291119933128357,True,-17.152874,-3.5436206
2263,C:\Users\DELL Precision 5550\Documents\GitHub\Terrasight-Eurosat-RGB-vs-Multispectral\data\raw\multispectral\HerbaceousVegetation\HerbaceousVegetation_1898.tif,2,HerbaceousVegetation,2,HerbaceousVegetation,0.9985949397087097,True,-14.408442,7.998961
2264,C:\Users\DELL Precision 5550\Documents\GitHub\Terrasight-Eurosat-RGB-vs-Multispectral\data\raw\multispectral\AnnualCrop\AnnualCrop_2782.tif,0,AnnualCrop,0,AnnualCrop,0.9595849514007568,True,-28.408861,-35.547897
2265,C:\Users\DELL Precision 5550\Documents\GitHub\Terrasight-Eurosat-RGB-vs-Multispectral\data\raw\multispectral\River\River_845.tif,8,River,8,River,0.9987255930900574,True,-35.234886,22.473976
2266,C:\Users\DELL Precision 5550\Documents\GitHub\Terrasight-Eurosat-RGB-vs-Multispectral\data\raw\multispectral\Residential\Residential_2461.tif,7,Residential,7,Residential,0.999972939491272,True,53.74819,5.290456
2267,C:\Users\DELL Precision 5550\Documents\GitHub\Terrasight-Eurosat-RGB-vs-Multispectral\data\raw\multispectral\Pasture\Pasture_1537.tif,5,Pasture,5,Pasture,0.9952740669250488,True,-37.233818,-2.1095784
2268,C:\Users\DELL Precision 5550\Documents\GitHub\Terrasight-Eurosat-RGB-vs-Multispectral\data\raw\multispectral\Residential\Residential_202.tif,7,Residential,7,Residential,0.9997532963752747,True,40.983433,1.1882854
2269,C:\Users\DELL Precision 5550\Documents\GitHub\Terrasight-Eurosat-RGB-vs-Multispectral\data\raw\multispectral\Industrial\Industrial_130.tif,4,Industrial,4,Industrial,0.9237173795700073,True,19.314272,-40.420277
2270,C:\Users\DELL Precision 5550\Documents\GitHub\Terrasight-Eurosat-RGB-vs-Multispectral\data\raw\multispectral\SeaLake\SeaLake_585.tif,9,SeaLake,9,SeaLake,0.999567449092865,True,-15.27803,56.344128
2271,C:\Users\DELL Precision 5550\Documents\GitHub\Terrasight-Eurosat-RGB-vs-Multispectral\data\raw\multispectral\AnnualCrop\AnnualCrop_446.tif,0,AnnualCrop,0,AnnualCrop,0.972571611404419,True,-23.405375,-32.715553
2272,C:\Users\DELL Precision 5550\Documents\GitHub\Terrasight-Eurosat-RGB-vs-Multispectral\data\raw\multispectral\AnnualCrop\AnnualCrop_1968.tif,0,AnnualCrop,2,HerbaceousVegetation,0.6562235355377197,False,-4.8550425,-7.857359
2273,C:\Users\DELL Precision 5550\Documents\GitHub\Terrasight-Eurosat-RGB-vs-Multispectral\data\raw\multispectral\Highway\Highway_390.tif,3,Highway,3,Highway,0.9982742071151733,True,13.554078,-55.07435
2274,C:\Users\DELL Precision 5550\Documents\GitHub\Terrasight-Eurosat-RGB-vs-Multispectral\data\raw\multispectral\Residential\Residential_2519.tif,7,Residential,7,Residential,0.9999816417694092,True,46.4452,5.0792894
2275,C:\Users\DELL Precision 5550\Documents\GitHub\Terrasight-Eurosat-RGB-vs-Multispectral\data\raw\multispectral\Forest\Forest_55.tif,1,Forest,1,Forest,0.9962610602378845,True,25.22707,32.74591
2276,C:\Users\DELL Precision 5550\Documents\GitHub\Terrasight-Eurosat-RGB-vs-Multispectral\data\raw\multispectral\PermanentCrop\PermanentCrop_261.tif,6,PermanentCrop,6,PermanentCrop,0.9527807831764221,True,-6.5957246,-23.172377
2277,C:\Users\DELL Precision 5550\Documents\GitHub\Terrasight-Eurosat-RGB-vs-Multispectral\data\raw\multispectral\SeaLake\SeaLake_1432.tif,9,SeaLake,9,SeaLake,0.9999947547912598,True,-3.4418612,63.82816
2278,C:\Users\DELL Precision 5550\Documents\GitHub\Terrasight-Eurosat-RGB-vs-Multispectral\data\raw\multispectral\Pasture\Pasture_311.tif,5,Pasture,5,Pasture,0.999447762966156,True,-40.598965,-5.9252405
2279,C:\Users\DELL Precision 5550\Documents\GitHub\Terrasight-Eurosat-RGB-vs-Multispectral\data\raw\multispectral\Pasture\Pasture_396.tif,5,Pasture,5,Pasture,0.9504311680793762,True,-30.515924,-5.365762
2280,C:\Users\DELL Precision 5550\Documents\GitHub\Terrasight-Eurosat-RGB-vs-Multispectral\data\raw\multispectral\Forest\Forest_1395.tif,1,Forest,1,Forest,0.9999898672103882,True,26.689035,36.7056
2281,C:\Users\DELL Precision 5550\Documents\GitHub\Terrasight-Eurosat-RGB-vs-Multispectral\data\raw\multispectral\Highway\Highway_2140.tif,3,Highway,3,Highway,0.9971179962158203,True,20.158195,-48.214077
2282,C:\Users\DELL Precision 5550\Documents\GitHub\Terrasight-Eurosat-RGB-vs-Multispectral\data\raw\multispectral\AnnualCrop\AnnualCrop_1586.tif,0,AnnualCrop,0,AnnualCrop,0.9964397549629211,True,-27.01593,-40.919216
2283,C:\Users\DELL Precision 5550\Documents\GitHub\Terrasight-Eurosat-RGB-vs-Multispectral\data\raw\multispectral\HerbaceousVegetation\HerbaceousVegetation_2638.tif,2,HerbaceousVegetation,2,HerbaceousVegetation,0.9917405843734741,True,-13.089715,0.13820854
2284,C:\Users\DELL Precision 5550\Documents\GitHub\Terrasight-Eurosat-RGB-vs-Multispectral\data\raw\multispectral\Industrial\Industrial_1139.tif,4,Industrial,4,Industrial,0.996246874332428,True,41.77401,-18.71705
2285,C:\Users\DELL Precision 5550\Documents\GitHub\Terrasight-Eurosat-RGB-vs-Multispectral\data\raw\multispectral\HerbaceousVegetation\HerbaceousVegetation_2059.tif,2,HerbaceousVegetation,2,HerbaceousVegetation,0.5992311835289001,True,4.220453,-7.655923
2286,C:\Users\DELL Precision 5550\Documents\GitHub\Terrasight-Eurosat-RGB-vs-Multispectral\data\raw\multispectral\Forest\Forest_2836.tif,1,Forest,1,Forest,0.9998422861099243,True,26.020628,34.095104
2287,C:\Users\DELL Precision 5550\Documents\GitHub\Terrasight-Eurosat-RGB-vs-Multispectral\data\raw\multispectral\PermanentCrop\PermanentCrop_2246.tif,6,PermanentCrop,6,PermanentCrop,0.9989062547683716,True,0.7688896,-25.82692
2288,C:\Users\DELL Precision 5550\Documents\GitHub\Terrasight-Eurosat-RGB-vs-Multispectral\data\raw\multispectral\Industrial\Industrial_1235.tif,4,Industrial,4,Industrial,0.894907534122467,True,34.166153,-16.178448
2289,C:\Users\DELL Precision 5550\Documents\GitHub\Terrasight-Eurosat-RGB-vs-Multispectral\data\raw\multispectral\AnnualCrop\AnnualCrop_31.tif,0,AnnualCrop,0,AnnualCrop,0.9995904564857483,True,-38.31006,-33.85828
2290,C:\Users\DELL Precision 5550\Documents\GitHub\Terrasight-Eurosat-RGB-vs-Multispectral\data\raw\multispectral\SeaLake\SeaLake_1913.tif,9,SeaLake,9,SeaLake,0.9987173080444336,True,-11.286218,42.298843
2291,C:\Users\DELL Precision 5550\Documents\GitHub\Terrasight-Eurosat-RGB-vs-Multispectral\data\raw\multispectral\Residential\Residential_1426.tif,7,Residential,7,Residential,0.9999779462814331,True,52.431553,5.2229013
2292,C:\Users\DELL Precision 5550\Documents\GitHub\Terrasight-Eurosat-RGB-vs-Multispectral\data\raw\multispectral\SeaLake\SeaLake_1118.tif,9,SeaLake,9,SeaLake,0.9999896287918091,True,-4.0592046,62.337738
2293,C:\Users\DELL Precision 5550\Documents\GitHub\Terrasight-Eurosat-RGB-vs-Multispectral\data\raw\multispectral\River\River_1857.tif,8,River,8,River,0.9809294939041138,True,-34.033787,21.088367
2294,C:\Users\DELL Precision 5550\Documents\GitHub\Terrasight-Eurosat-RGB-vs-Multispectral\data\raw\multispectral\Industrial\Industrial_1482.tif,4,Industrial,4,Industrial,0.9993829727172852,True,38.532715,-29.273289
2295,C:\Users\DELL Precision 5550\Documents\GitHub\Terrasight-Eurosat-RGB-vs-Multispectral\data\raw\multispectral\Industrial\Industrial_835.tif,4,Industrial,4,Industrial,0.999991774559021,True,44.95237,-28.419586
2296,C:\Users\DELL Precision 5550\Documents\GitHub\Terrasight-Eurosat-RGB-vs-Multispectral\data\raw\multispectral\Pasture\Pasture_1181.tif,5,Pasture,5,Pasture,0.9999017715454102,True,-42.325504,-3.5003147
2297,C:\Users\DELL Precision 5550\Documents\GitHub\Terrasight-Eurosat-RGB-vs-Multispectral\data\raw\multispectral\AnnualCrop\AnnualCrop_2096.tif,0,AnnualCrop,0,AnnualCrop,0.9955363273620605,True,-27.403307,-35.718018
2298,C:\Users\DELL Precision 5550\Documents\GitHub\Terrasight-Eurosat-RGB-vs-Multispectral\data\raw\multispectral\Forest\Forest_379.tif,1,Forest,1,Forest,0.9935547709465027,True,14.912809,22.652742
2299,C:\Users\DELL Precision 5550\Documents\GitHub\Terrasight-Eurosat-RGB-vs-Multispectral\data\raw\multispectral\Residential\Residential_1069.tif,7,Residential,7,Residential,0.9522525668144226,True,34.279457,3.6906724
2300,C:\Users\DELL Precision 5550\Documents\GitHub\Terrasight-Eurosat-RGB-vs-Multispectral\data\raw\multispectral\SeaLake\SeaLake_2053.tif,9,SeaLake,9,SeaLake,0.9999921321868896,True,-5.6267753,64.2815
2301,C:\Users\DELL Precision 5550\Documents\GitHub\Terrasight-Eurosat-RGB-vs-Multispectral\data\raw\multispectral\Highway\Highway_502.tif,3,Highway,3,Highway,0.9983460903167725,True,14.539386,-51.61062
2302,C:\Users\DELL Precision 5550\Documents\GitHub\Terrasight-Eurosat-RGB-vs-Multispectral\data\raw\multispectral\Residential\Residential_2331.tif,7,Residential,7,Residential,0.9999998807907104,True,53.501534,15.043887
2303,C:\Users\DELL Precision 5550\Documents\GitHub\Terrasight-Eurosat-RGB-vs-Multispectral\data\raw\multispectral\AnnualCrop\AnnualCrop_137.tif,0,AnnualCrop,0,AnnualCrop,0.9999042749404907,True,-34.664425,-38.950195
2304,C:\Users\DELL Precision 5550\Documents\GitHub\Terrasight-Eurosat-RGB-vs-Multispectral\data\raw\multispectral\Residential\Residential_2186.tif,7,Residential,7,Residential,0.9999939203262329,True,42.88981,10.872199
2305,C:\Users\DELL Precision 5550\Documents\GitHub\Terrasight-Eurosat-RGB-vs-Multispectral\data\raw\multispectral\AnnualCrop\AnnualCrop_2001.tif,0,AnnualCrop,0,AnnualCrop,0.8876886367797852,True,-37.94997,-23.84078
2306,C:\Users\DELL Precision 5550\Documents\GitHub\Terrasight-Eurosat-RGB-vs-Multispectral\data\raw\multispectral\AnnualCrop\AnnualCrop_1452.tif,0,AnnualCrop,0,AnnualCrop,0.9913363456726074,True,-23.5156,-41.08741
2307,C:\Users\DELL Precision 5550\Documents\GitHub\Terrasight-Eurosat-RGB-vs-Multispectral\data\raw\multispectral\PermanentCrop\PermanentCrop_598.tif,6,PermanentCrop,6,PermanentCrop,0.538992166519165,True,4.843986,-10.004498
2308,C:\Users\DELL Precision 5550\Documents\GitHub\Terrasight-Eurosat-RGB-vs-Multispectral\data\raw\multispectral\Highway\Highway_2214.tif,3,Highway,3,Highway,0.9949808716773987,True,9.065274,-56.25353
2309,C:\Users\DELL Precision 5550\Documents\GitHub\Terrasight-Eurosat-RGB-vs-Multispectral\data\raw\multispectral\PermanentCrop\PermanentCrop_715.tif,6,PermanentCrop,6,PermanentCrop,0.974624752998352,True,-9.200548,-32.882294
2310,C:\Users\DELL Precision 5550\Documents\GitHub\Terrasight-Eurosat-RGB-vs-Multispectral\data\raw\multispectral\Residential\Residential_1561.tif,7,Residential,7,Residential,1.0,True,55.16203,16.272036
2311,C:\Users\DELL Precision 5550\Documents\GitHub\Terrasight-Eurosat-RGB-vs-Multispectral\data\raw\multispectral\Residential\Residential_2036.tif,7,Residential,7,Residential,0.9998526573181152,True,54.61885,4.42899
2312,C:\Users\DELL Precision 5550\Documents\GitHub\Terrasight-Eurosat-RGB-vs-Multispectral\data\raw\multispectral\Highway\Highway_472.tif,3,Highway,3,Highway,0.9900872111320496,True,5.283418,-53.74276
2313,C:\Users\DELL Precision 5550\Documents\GitHub\Terrasight-Eurosat-RGB-vs-Multispectral\data\raw\multispectral\PermanentCrop\PermanentCrop_160.tif,6,PermanentCrop,6,PermanentCrop,0.9996532201766968,True,0.32355615,-27.556482
2314,C:\Users\DELL Precision 5550\Documents\GitHub\Terrasight-Eurosat-RGB-vs-Multispectral\data\raw\multispectral\AnnualCrop\AnnualCrop_2986.tif,0,AnnualCrop,0,AnnualCrop,0.9914969801902771,True,-27.46652,-29.162184
2315,C:\Users\DELL Precision 5550\Documents\GitHub\Terrasight-Eurosat-RGB-vs-Multispectral\data\raw\multispectral\Pasture\Pasture_559.tif,5,Pasture,5,Pasture,0.9941055774688721,True,-41.070244,-6.1058965
2316,C:\Users\DELL Precision 5550\Documents\GitHub\Terrasight-Eurosat-RGB-vs-Multispectral\data\raw\multispectral\Residential\Residential_137.tif,7,Residential,7,Residential,0.9996757507324219,True,52.52897,3.8763816
2317,C:\Users\DELL Precision 5550\Documents\GitHub\Terrasight-Eurosat-RGB-vs-Multispectral\data\raw\multispectral\Forest\Forest_851.tif,1,Forest,1,Forest,0.9996353387832642,True,19.035368,30.307936
2318,C:\Users\DELL Precision 5550\Documents\GitHub\Terrasight-Eurosat-RGB-vs-Multispectral\data\raw\multispectral\River\River_1147.tif,8,River,8,River,0.9932520985603333,True,-33.302864,22.49899
2319,C:\Users\DELL Precision 5550\Documents\GitHub\Terrasight-Eurosat-RGB-vs-Multispectral\data\raw\multispectral\AnnualCrop\AnnualCrop_2064.tif,0,AnnualCrop,0,AnnualCrop,0.9870963096618652,True,-27.075682,-38.20641
2320,C:\Users\DELL Precision 5550\Documents\GitHub\Terrasight-Eurosat-RGB-vs-Multispectral\data\raw\multispectral\AnnualCrop\AnnualCrop_1764.tif,0,AnnualCrop,0,AnnualCrop,0.9954313039779663,True,-30.766397,-23.866884
2321,C:\Users\DELL Precision 5550\Documents\GitHub\Terrasight-Eurosat-RGB-vs-Multispectral\data\raw\multispectral\Pasture\Pasture_108.tif,5,Pasture,5,Pasture,0.9997288584709167,True,-34.776863,-2.524279
2322,C:\Users\DELL Precision 5550\Documents\GitHub\Terrasight-Eurosat-RGB-vs-Multispectral\data\raw\multispectral\HerbaceousVegetation\HerbaceousVegetation_1218.tif,2,HerbaceousVegetation,2,HerbaceousVegetation,0.9884135127067566,True,-15.207281,0.64596015
2323,C:\Users\DELL Precision 5550\Documents\GitHub\Terrasight-Eurosat-RGB-vs-Multispectral\data\raw\multispectral\River\River_1782.tif,8,River,8,River,0.9986361861228943,True,-38.51545,30.820852
2324,C:\Users\DELL Precision 5550\Documents\GitHub\Terrasight-Eurosat-RGB-vs-Multispectral\data\raw\multispectral\Highway\Highway_2203.tif,3,Highway,3,Highway,0.9686112403869629,True,8.342495,-48.634068
2325,C:\Users\DELL Precision 5550\Documents\GitHub\Terrasight-Eurosat-RGB-vs-Multispectral\data\raw\multispectral\Industrial\Industrial_914.tif,4,Industrial,4,Industrial,0.9997580647468567,True,46.738422,-21.042568
2326,C:\Users\DELL Precision 5550\Documents\GitHub\Terrasight-Eurosat-RGB-vs-Multispectral\data\raw\multispectral\Forest\Forest_1737.tif,1,Forest,1,Forest,0.9605757594108582,True,10.879634,24.430391
2327,C:\Users\DELL Precision 5550\Documents\GitHub\Terrasight-Eurosat-RGB-vs-Multispectral\data\raw\multispectral\SeaLake\SeaLake_1522.tif,9,SeaLake,9,SeaLake,0.999678373336792,True,-13.086433,52.198174
2328,C:\Users\DELL Precision 5550\Documents\GitHub\Terrasight-Eurosat-RGB-vs-Multispectral\data\raw\multispectral\River\River_2276.tif,8,River,8,River,0.9994133710861206,True,-39.163868,24.58317
2329,C:\Users\DELL Precision 5550\Documents\GitHub\Terrasight-Eurosat-RGB-vs-Multispectral\data\raw\multispectral\Highway\Highway_1702.tif,3,Highway,3,Highway,0.989316463470459,True,13.570214,-48.90645
2330,C:\Users\DELL Precision 5550\Documents\GitHub\Terrasight-Eurosat-RGB-vs-Multispectral\data\raw\multispectral\River\River_258.tif,8,River,8,River,0.9998757839202881,True,-41.191483,28.470146
2331,C:\Users\DELL Precision 5550\Documents\GitHub\Terrasight-Eurosat-RGB-vs-Multispectral\data\raw\multispectral\SeaLake\SeaLake_647.tif,9,SeaLake,9,SeaLake,0.9997896552085876,True,-15.385752,56.452724
2332,C:\Users\DELL Precision 5550\Documents\GitHub\Terrasight-Eurosat-RGB-vs-Multispectral\data\raw\multispectral\Industrial\Industrial_1593.tif,4,Industrial,4,Industrial,0.9992101192474365,True,41.46039,-29.630487
2333,C:\Users\DELL Precision 5550\Documents\GitHub\Terrasight-Eurosat-RGB-vs-Multispectral\data\raw\multispectral\HerbaceousVegetation\HerbaceousVegetation_2720.tif,2,HerbaceousVegetation,2,HerbaceousVegetation,0.996295154094696,True,-11.191973,2.6191192
2334,C:\Users\DELL Precision 5550\Documents\GitHub\Terrasight-Eurosat-RGB-vs-Multispectral\data\raw\multispectral\River\River_842.tif,8,River,8,River,0.9999359846115112,True,-42.20765,27.614353
2335,C:\Users\DELL Precision 5550\Documents\GitHub\Terrasight-Eurosat-RGB-vs-Multispectral\data\raw\multispectral\PermanentCrop\PermanentCrop_1187.tif,6,PermanentCrop,0,AnnualCrop,0.8230568766593933,False,-25.792545,-38.46878
2336,C:\Users\DELL Precision 5550\Documents\GitHub\Terrasight-Eurosat-RGB-vs-Multispectral\data\raw\multispectral\Forest\Forest_2371.tif,1,Forest,1,Forest,0.9896588921546936,True,12.860259,35.53881
2337,C:\Users\DELL Precision 5550\Documents\GitHub\Terrasight-Eurosat-RGB-vs-Multispectral\data\raw\multispectral\PermanentCrop\PermanentCrop_1802.tif,6,PermanentCrop,6,PermanentCrop,0.9998180270195007,True,-4.742722,-31.630123
2338,C:\Users\DELL Precision 5550\Documents\GitHub\Terrasight-Eurosat-RGB-vs-Multispectral\data\raw\multispectral\SeaLake\SeaLake_506.tif,9,SeaLake,9,SeaLake,0.9989739656448364,True,-11.036135,44.8799
2339,C:\Users\DELL Precision 5550\Documents\GitHub\Terrasight-Eurosat-RGB-vs-Multispectral\data\raw\multispectral\AnnualCrop\AnnualCrop_2005.tif,0,AnnualCrop,0,AnnualCrop,0.9814884662628174,True,-24.885891,-33.202675
2340,C:\Users\DELL Precision 5550\Documents\GitHub\Terrasight-Eurosat-RGB-vs-Multispectral\data\raw\multispectral\Pasture\Pasture_434.tif,5,Pasture,5,Pasture,0.9971635937690735,True,-38.290085,-2.3320677
2341,C:\Users\DELL Precision 5550\Documents\GitHub\Terrasight-Eurosat-RGB-vs-Multispectral\data\raw\multispectral\River\River_1994.tif,8,River,8,River,0.9996656179428101,True,-45.278107,18.549444
2342,C:\Users\DELL Precision 5550\Documents\GitHub\Terrasight-Eurosat-RGB-vs-Multispectral\data\raw\multispectral\HerbaceousVegetation\HerbaceousVegetation_149.tif,2,HerbaceousVegetation,2,HerbaceousVegetation,0.6340897083282471,True,5.008687,-46.15187
2343,C:\Users\DELL Precision 5550\Documents\GitHub\Terrasight-Eurosat-RGB-vs-Multispectral\data\raw\multispectral\Highway\Highway_753.tif,3,Highway,4,Industrial,0.6119846105575562,False,12.28371,-43.8669
2344,C:\Users\DELL Precision 5550\Documents\GitHub\Terrasight-Eurosat-RGB-vs-Multispectral\data\raw\multispectral\River\River_1641.tif,8,River,8,River,0.9999988079071045,True,-52.74726,26.327835
2345,C:\Users\DELL Precision 5550\Documents\GitHub\Terrasight-Eurosat-RGB-vs-Multispectral\data\raw\multispectral\SeaLake\SeaLake_1491.tif,9,SeaLake,9,SeaLake,0.9999997615814209,True,1.4439173,69.25512
2346,C:\Users\DELL Precision 5550\Documents\GitHub\Terrasight-Eurosat-RGB-vs-Multispectral\data\raw\multispectral\AnnualCrop\AnnualCrop_1570.tif,0,AnnualCrop,0,AnnualCrop,0.9994310736656189,True,-28.272327,-40.542572
2347,C:\Users\DELL Precision 5550\Documents\GitHub\Terrasight-Eurosat-RGB-vs-Multispectral\data\raw\multispectral\Forest\Forest_2783.tif,1,Forest,1,Forest,0.9983761310577393,True,19.383495,40.951027
2348,C:\Users\DELL Precision 5550\Documents\GitHub\Terrasight-Eurosat-RGB-vs-Multispectral\data\raw\multispectral\Forest\Forest_2679.tif,1,Forest,1,Forest,0.9880350232124329,True,24.661661,26.024199
2349,C:\Users\DELL Precision 5550\Documents\GitHub\Terrasight-Eurosat-RGB-vs-Multispectral\data\raw\multispectral\Forest\Forest_2448.tif,1,Forest,1,Forest,0.996658205986023,True,23.927618,26.868868
2350,C:\Users\DELL Precision 5550\Documents\GitHub\Terrasight-Eurosat-RGB-vs-Multispectral\data\raw\multispectral\Forest\Forest_1356.tif,1,Forest,1,Forest,0.9993137121200562,True,16.202456,28.55223
2351,C:\Users\DELL Precision 5550\Documents\GitHub\Terrasight-Eurosat-RGB-vs-Multispectral\data\raw\multispectral\Residential\Residential_2780.tif,7,Residential,7,Residential,0.9994869232177734,True,37.949993,-2.2418203
2352,C:\Users\DELL Precision 5550\Documents\GitHub\Terrasight-Eurosat-RGB-vs-Multispectral\data\raw\multispectral\River\River_2097.tif,8,River,8,River,0.9999885559082031,True,-51.100597,25.796827
2353,C:\Users\DELL Precision 5550\Documents\GitHub\Terrasight-Eurosat-RGB-vs-Multispectral\data\raw\multispectral\Forest\Forest_1948.tif,1,Forest,1,Forest,0.9990026354789734,True,24.302216,27.833786
2354,C:\Users\DELL Precision 5550\Documents\GitHub\Terrasight-Eurosat-RGB-vs-Multispectral\data\raw\multispectral\PermanentCrop\PermanentCrop_865.tif,6,PermanentCrop,6,PermanentCrop,0.9642956852912903,True,-0.7521155,-15.03118
2355,C:\Users\DELL Precision 5550\Documents\GitHub\Terrasight-Eurosat-RGB-vs-Multispectral\data\raw\multispectral\SeaLake\SeaLake_2546.tif,9,SeaLake,9,SeaLake,0.9982631802558899,True,-16.648752,47.22973
2356,C:\Users\DELL Precision 5550\Documents\GitHub\Terrasight-Eurosat-RGB-vs-Multispectral\data\raw\multispectral\HerbaceousVegetation\HerbaceousVegetation_2443.tif,2,HerbaceousVegetation,2,HerbaceousVegetation,0.8647652864456177,True,3.8922112,-7.4642854
2357,C:\Users\DELL Precision 5550\Documents\GitHub\Terrasight-Eurosat-RGB-vs-Multispectral\data\raw\multispectral\Forest\Forest_2574.tif,1,Forest,1,Forest,0.9993796348571777,True,21.770174,28.625881
2358,C:\Users\DELL Precision 5550\Documents\GitHub\Terrasight-Eurosat-RGB-vs-Multispectral\data\raw\multispectral\AnnualCrop\AnnualCrop_2434.tif,0,AnnualCrop,0,AnnualCrop,0.9864771366119385,True,-34.610058,-27.48392
2359,C:\Users\DELL Precision 5550\Documents\GitHub\Terrasight-Eurosat-RGB-vs-Multispectral\data\raw\multispectral\SeaLake\SeaLake_1355.tif,9,SeaLake,9,SeaLake,0.9999966621398926,True,1.0749928,61.758923
2360,C:\Users\DELL Precision 5550\Documents\GitHub\Terrasight-Eurosat-RGB-vs-Multispectral\data\raw\multispectral\HerbaceousVegetation\HerbaceousVegetation_173.tif,2,HerbaceousVegetation,2,HerbaceousVegetation,0.8666593432426453,True,2.8360488,-3.0164926
2361,C:\Users\DELL Precision 5550\Documents\GitHub\Terrasight-Eurosat-RGB-vs-Multispectral\data\raw\multispectral\Industrial\Industrial_575.tif,4,Industrial,4,Industrial,0.999908447265625,True,38.1887,-24.639658
2362,C:\Users\DELL Precision 5550\Documents\GitHub\Terrasight-Eurosat-RGB-vs-Multispectral\data\raw\multispectral\Residential\Residential_740.tif,7,Residential,7,Residential,0.999993085861206,True,52.926056,10.569137
2363,C:\Users\DELL Precision 5550\Documents\GitHub\Terrasight-Eurosat-RGB-vs-Multispectral\data\raw\multispectral\HerbaceousVegetation\HerbaceousVegetation_215.tif,2,HerbaceousVegetation,2,HerbaceousVegetation,0.9969550371170044,True,-4.691901,3.456328
2364,C:\Users\DELL Precision 5550\Documents\GitHub\Terrasight-Eurosat-RGB-vs-Multispectral\data\raw\multispectral\River\River_160.tif,8,River,8,River,0.9947865009307861,True,-40.607616,19.527729
2365,C:\Users\DELL Precision 5550\Documents\GitHub\Terrasight-Eurosat-RGB-vs-Multispectral\data\raw\multispectral\SeaLake\SeaLake_203.tif,9,SeaLake,9,SeaLake,1.0,True,3.3278608,71.17705
2366,C:\Users\DELL Precision 5550\Documents\GitHub\Terrasight-Eurosat-RGB-vs-Multispectral\data\raw\multispectral\Industrial\Industrial_256.tif,4,Industrial,4,Industrial,0.9951895475387573,True,31.517479,-20.48421
2367,C:\Users\DELL Precision 5550\Documents\GitHub\Terrasight-Eurosat-RGB-vs-Multispectral\data\raw\multispectral\SeaLake\SeaLake_1176.tif,9,SeaLake,9,SeaLake,0.989927351474762,True,-12.632043,34.99642
2368,C:\Users\DELL Precision 5550\Documents\GitHub\Terrasight-Eurosat-RGB-vs-Multispectral\data\raw\multispectral\Pasture\Pasture_210.tif,5,Pasture,5,Pasture,0.9996689558029175,True,-40.00951,-2.7173529
2369,C:\Users\DELL Precision 5550\Documents\GitHub\Terrasight-Eurosat-RGB-vs-Multispectral\data\raw\multispectral\AnnualCrop\AnnualCrop_1448.tif,0,AnnualCrop,2,HerbaceousVegetation,0.7046291828155518,False,-26.222853,-21.315702
2370,C:\Users\DELL Precision 5550\Documents\GitHub\Terrasight-Eurosat-RGB-vs-Multispectral\data\raw\multispectral\PermanentCrop\PermanentCrop_1353.tif,6,PermanentCrop,6,PermanentCrop,0.9988003969192505,True,-1.5256587,-23.83478
2371,C:\Users\DELL Precision 5550\Documents\GitHub\Terrasight-Eurosat-RGB-vs-Multispectral\data\raw\multispectral\HerbaceousVegetation\HerbaceousVegetation_1854.tif,2,HerbaceousVegetation,2,HerbaceousVegetation,0.9986779093742371,True,-8.209713,5.100946
2372,C:\Users\DELL Precision 5550\Documents\GitHub\Terrasight-Eurosat-RGB-vs-Multispectral\data\raw\multispectral\PermanentCrop\PermanentCrop_2421.tif,6,PermanentCrop,6,PermanentCrop,0.9999772310256958,True,-2.3469663,-31.924774
2373,C:\Users\DELL Precision 5550\Documents\GitHub\Terrasight-Eurosat-RGB-vs-Multispectral\data\raw\multispectral\SeaLake\SeaLake_2653.tif,9,SeaLake,9,SeaLake,1.0,True,2.6693697,70.66128
2374,C:\Users\DELL Precision 5550\Documents\GitHub\Terrasight-Eurosat-RGB-vs-Multispectral\data\raw\multispectral\Pasture\Pasture_1240.tif,5,Pasture,5,Pasture,0.9997606873512268,True,-44.68219,-3.688543
2375,C:\Users\DELL Precision 5550\Documents\GitHub\Terrasight-Eurosat-RGB-vs-Multispectral\data\raw\multispectral\Forest\Forest_601.tif,1,Forest,1,Forest,0.9708490967750549,True,10.596306,26.275063
2376,C:\Users\DELL Precision 5550\Documents\GitHub\Terrasight-Eurosat-RGB-vs-Multispectral\data\raw\multispectral\Highway\Highway_2336.tif,3,Highway,3,Highway,0.8807247281074524,True,22.698399,-55.389233
2377,C:\Users\DELL Precision 5550\Documents\GitHub\Terrasight-Eurosat-RGB-vs-Multispectral\data\raw\multispectral\Forest\Forest_362.tif,1,Forest,1,Forest,0.9675387144088745,True,13.045578,24.669716
2378,C:\Users\DELL Precision 5550\Documents\GitHub\Terrasight-Eurosat-RGB-vs-Multispectral\data\raw\multispectral\AnnualCrop\AnnualCrop_2387.tif,0,AnnualCrop,0,AnnualCrop,0.9544486403465271,True,-28.771616,-22.6585
2379,C:\Users\DELL Precision 5550\Documents\GitHub\Terrasight-Eurosat-RGB-vs-Multispectral\data\raw\multispectral\River\River_1042.tif,8,River,8,River,0.7810612320899963,True,1.3555108,-50.199406
2380,C:\Users\DELL Precision 5550\Documents\GitHub\Terrasight-Eurosat-RGB-vs-Multispectral\data\raw\multispectral\River\River_749.tif,8,River,8,River,0.9768592715263367,True,-35.311367,16.562412
2381,C:\Users\DELL Precision 5550\Documents\GitHub\Terrasight-Eurosat-RGB-vs-Multispectral\data\raw\multispectral\AnnualCrop\AnnualCrop_740.tif,0,AnnualCrop,0,AnnualCrop,0.8955802917480469,True,-20.460327,-36.403984
2382,C:\Users\DELL Precision 5550\Documents\GitHub\Terrasight-Eurosat-RGB-vs-Multispectral\data\raw\multispectral\Industrial\Industrial_22.tif,4,Industrial,4,Industrial,0.9991458654403687,True,36.581657,-23.062115
2383,C:\Users\DELL Precision 5550\Documents\GitHub\Terrasight-Eurosat-RGB-vs-Multispectral\data\raw\multispectral\Highway\Highway_2034.tif,3,Highway,3,Highway,0.9985094666481018,True,14.625393,-55.482395
2384,C:\Users\DELL Precision 5550\Documents\GitHub\Terrasight-Eurosat-RGB-vs-Multispectral\data\raw\multispectral\Residential\Residential_576.tif,7,Residential,7,Residential,1.0,True,53.152065,15.498839
2385,C:\Users\DELL Precision 5550\Documents\GitHub\Terrasight-Eurosat-RGB-vs-Multispectral\data\raw\multispectral\Forest\Forest_2999.tif,1,Forest,1,Forest,0.9990887641906738,True,18.027775,35.270447
2386,C:\Users\DELL Precision 5550\Documents\GitHub\Terrasight-Eurosat-RGB-vs-Multispectral\data\raw\multispectral\HerbaceousVegetation\HerbaceousVegetation_2932.tif,2,HerbaceousVegetation,2,HerbaceousVegetation,0.9996253252029419,True,-6.4441,10.548327
2387,C:\Users\DELL Precision 5550\Documents\GitHub\Terrasight-Eurosat-RGB-vs-Multispectral\data\raw\multispectral\Forest\Forest_2839.tif,1,Forest,1,Forest,0.9999197721481323,True,22.292402,36.058147
2388,C:\Users\DELL Precision 5550\Documents\GitHub\Terrasight-Eurosat-RGB-vs-Multispectral\data\raw\multispectral\AnnualCrop\AnnualCrop_945.tif,0,AnnualCrop,0,AnnualCrop,0.9979647397994995,True,-31.751749,-26.385952
2389,C:\Users\DELL Precision 5550\Documents\GitHub\Terrasight-Eurosat-RGB-vs-Multispectral\data\raw\multispectral\Residential\Residential_2568.tif,7,Residential,7,Residential,0.9756348729133606,True,40.953346,-8.014922
2390,C:\Users\DELL Precision 5550\Documents\GitHub\Terrasight-Eurosat-RGB-vs-Multispectral\data\raw\multispectral\SeaLake\SeaLake_2422.tif,9,SeaLake,9,SeaLake,0.9955257773399353,True,-11.511329,44.429745
2391,C:\Users\DELL Precision 5550\Documents\GitHub\Terrasight-Eurosat-RGB-vs-Multispectral\data\raw\multispectral\Pasture\Pasture_1277.tif,5,Pasture,5,Pasture,0.6386280655860901,True,-27.82657,-5.2738934
2392,C:\Users\DELL Precision 5550\Documents\GitHub\Terrasight-Eurosat-RGB-vs-Multispectral\data\raw\multispectral\Industrial\Industrial_2362.tif,4,Industrial,3,Highway,0.8226492404937744,False,13.177497,-42.77996
2393,C:\Users\DELL Precision 5550\Documents\GitHub\Terrasight-Eurosat-RGB-vs-Multispectral\data\raw\multispectral\Pasture\Pasture_430.tif,5,Pasture,5,Pasture,0.9252501130104065,True,-34.43427,-10.144538
2394,C:\Users\DELL Precision 5550\Documents\GitHub\Terrasight-Eurosat-RGB-vs-Multispectral\data\raw\multispectral\Forest\Forest_154.tif,1,Forest,1,Forest,0.9915260672569275,True,22.79427,26.177437
2395,C:\Users\DELL Precision 5550\Documents\GitHub\Terrasight-Eurosat-RGB-vs-Multispectral\data\raw\multispectral\Pasture\Pasture_1776.tif,5,Pasture,5,Pasture,0.9483896493911743,True,-42.83438,-8.7955675
2396,C:\Users\DELL Precision 5550\Documents\GitHub\Terrasight-Eurosat-RGB-vs-Multispectral\data\raw\multispectral\Residential\Residential_1942.tif,7,Residential,7,Residential,0.9999336004257202,True,40.76681,6.89562
2397,C:\Users\DELL Precision 5550\Documents\GitHub\Terrasight-Eurosat-RGB-vs-Multispectral\data\raw\multispectral\SeaLake\SeaLake_357.tif,9,SeaLake,9,SeaLake,0.989158034324646,True,-11.611288,46.487553
2398,C:\Users\DELL Precision 5550\Documents\GitHub\Terrasight-Eurosat-RGB-vs-Multispectral\data\raw\multispectral\Highway\Highway_1258.tif,3,Highway,3,Highway,0.9940156936645508,True,14.469392,-51.448692
2399,C:\Users\DELL Precision 5550\Documents\GitHub\Terrasight-Eurosat-RGB-vs-Multispectral\data\raw\multispectral\Industrial\Industrial_1333.tif,4,Industrial,4,Industrial,0.9975036978721619,True,33.576984,-26.324558
2400,C:\Users\DELL Precision 5550\Documents\GitHub\Terrasight-Eurosat-RGB-vs-Multispectral\data\raw\multispectral\SeaLake\SeaLake_1533.tif,9,SeaLake,9,SeaLake,0.9999992847442627,True,-0.1857185,67.82995
2401,C:\Users\DELL Precision 5550\Documents\GitHub\Terrasight-Eurosat-RGB-vs-Multispectral\data\raw\multispectral\HerbaceousVegetation\HerbaceousVegetation_527.tif,2,HerbaceousVegetation,2,HerbaceousVegetation,0.9082902073860168,True,-17.256155,-1.3559176
2402,C:\Users\DELL Precision 5550\Documents\GitHub\Terrasight-Eurosat-RGB-vs-Multispectral\data\raw\multispectral\Pasture\Pasture_424.tif,5,Pasture,5,Pasture,0.9997410178184509,True,-43.104225,-3.4049873
2403,C:\Users\DELL Precision 5550\Documents\GitHub\Terrasight-Eurosat-RGB-vs-Multispectral\data\raw\multispectral\SeaLake\SeaLake_2087.tif,9,SeaLake,9,SeaLake,0.9999549388885498,True,-5.3866515,57.282036
2404,C:\Users\DELL Precision 5550\Documents\GitHub\Terrasight-Eurosat-RGB-vs-Multispectral\data\raw\multispectral\River\River_2155.tif,8,River,8,River,0.9995377063751221,True,-40.580307,28.611048
2405,C:\Users\DELL Precision 5550\Documents\GitHub\Terrasight-Eurosat-RGB-vs-Multispectral\data\raw\multispectral\Residential\Residential_473.tif,7,Residential,7,Residential,0.9999788999557495,True,44.84395,3.823754
2406,C:\Users\DELL Precision 5550\Documents\GitHub\Terrasight-Eurosat-RGB-vs-Multispectral\data\raw\multispectral\PermanentCrop\PermanentCrop_2064.tif,6,PermanentCrop,6,PermanentCrop,0.9998335838317871,True,-1.2631762,-27.90574
2407,C:\Users\DELL Precision 5550\Documents\GitHub\Terrasight-Eurosat-RGB-vs-Multispectral\data\raw\multispectral\AnnualCrop\AnnualCrop_2636.tif,0,AnnualCrop,0,AnnualCrop,0.9989222288131714,True,-30.748432,-40.010807
2408,C:\Users\DELL Precision 5550\Documents\GitHub\Terrasight-Eurosat-RGB-vs-Multispectral\data\raw\multispectral\Forest\Forest_192.tif,1,Forest,1,Forest,0.9998974800109863,True,26.625345,36.109467
2409,C:\Users\DELL Precision 5550\Documents\GitHub\Terrasight-Eurosat-RGB-vs-Multispectral\data\raw\multispectral\AnnualCrop\AnnualCrop_2524.tif,0,AnnualCrop,0,AnnualCrop,0.9973727464675903,True,-33.73174,-28.914656
2410,C:\Users\DELL Precision 5550\Documents\GitHub\Terrasight-Eurosat-RGB-vs-Multispectral\data\raw\multispectral\Highway\Highway_115.tif,3,Highway,3,Highway,0.9909985065460205,True,15.652425,-47.737144
2411,C:\Users\DELL Precision 5550\Documents\GitHub\Terrasight-Eurosat-RGB-vs-Multispectral\data\raw\multispectral\Industrial\Industrial_1270.tif,4,Industrial,4,Industrial,0.999890923500061,True,38.63318,-24.762278
2412,C:\Users\DELL Precision 5550\Documents\GitHub\Terrasight-Eurosat-RGB-vs-Multispectral\data\raw\multispectral\Highway\Highway_2480.tif,3,Highway,3,Highway,0.9888409972190857,True,4.2526336,-54.8261
2413,C:\Users\DELL Precision 5550\Documents\GitHub\Terrasight-Eurosat-RGB-vs-Multispectral\data\raw\multispectral\Highway\Highway_1378.tif,3,Highway,3,Highway,0.8181391954421997,True,6.4327283,-48.97084
2414,C:\Users\DELL Precision 5550\Documents\GitHub\Terrasight-Eurosat-RGB-vs-Multispectral\data\raw\multispectral\PermanentCrop\PermanentCrop_492.tif,6,PermanentCrop,6,PermanentCrop,0.9937065243721008,True,5.200102,-15.882403
2415,C:\Users\DELL Precision 5550\Documents\GitHub\Terrasight-Eurosat-RGB-vs-Multispectral\data\raw\multispectral\Residential\Residential_1208.tif,7,Residential,7,Residential,0.9999619722366333,True,44.30353,8.019214
2416,C:\Users\DELL Precision 5550\Documents\GitHub\Terrasight-Eurosat-RGB-vs-Multispectral\data\raw\multispectral\AnnualCrop\AnnualCrop_1102.tif,0,AnnualCrop,0,AnnualCrop,0.9967063069343567,True,-30.055836,-25.808933
2417,C:\Users\DELL Precision 5550\Documents\GitHub\Terrasight-Eurosat-RGB-vs-Multispectral\data\raw\multispectral\HerbaceousVegetation\HerbaceousVegetation_2104.tif,2,HerbaceousVegetation,2,HerbaceousVegetation,0.9922329187393188,True,4.427441,-0.028868029
2418,C:\Users\DELL Precision 5550\Documents\GitHub\Terrasight-Eurosat-RGB-vs-Multispectral\data\raw\multispectral\Highway\Highway_417.tif,3,Highway,3,Highway,0.8500523567199707,True,7.996043,-48.810028
2419,C:\Users\DELL Precision 5550\Documents\GitHub\Terrasight-Eurosat-RGB-vs-Multispectral\data\raw\multispectral\HerbaceousVegetation\HerbaceousVegetation_2175.tif,2,HerbaceousVegetation,2,HerbaceousVegetation,0.9993107318878174,True,1.6982886,6.560046
2420,C:\Users\DELL Precision 5550\Documents\GitHub\Terrasight-Eurosat-RGB-vs-Multispectral\data\raw\multispectral\Forest\Forest_2177.tif,1,Forest,1,Forest,0.6484151482582092,True,24.720793,23.813663
2421,C:\Users\DELL Precision 5550\Documents\GitHub\Terrasight-Eurosat-RGB-vs-Multispectral\data\raw\multispectral\Highway\Highway_1844.tif,3,Highway,3,Highway,0.995261013507843,True,9.319317,-56.668026
2422,C:\Users\DELL Precision 5550\Documents\GitHub\Terrasight-Eurosat-RGB-vs-Multispectral\data\raw\multispectral\River\River_2382.tif,8,River,8,River,0.8344767689704895,True,-38.927296,16.027441
2423,C:\Users\DELL Precision 5550\Documents\GitHub\Terrasight-Eurosat-RGB-vs-Multispectral\data\raw\multispectral\Highway\Highway_446.tif,3,Highway,3,Highway,0.9845640659332275,True,10.551405,-48.344322
2424,C:\Users\DELL Precision 5550\Documents\GitHub\Terrasight-Eurosat-RGB-vs-Multispectral\data\raw\multispectral\SeaLake\SeaLake_933.tif,9,SeaLake,9,SeaLake,0.9921250939369202,True,-13.227783,35.889782
2425,C:\Users\DELL Precision 5550\Documents\GitHub\Terrasight-Eurosat-RGB-vs-Multispectral\data\raw\multispectral\AnnualCrop\AnnualCrop_1091.tif,0,AnnualCrop,0,AnnualCrop,0.9887309670448303,True,-31.285515,-27.631804
2426,C:\Users\DELL Precision 5550\Documents\GitHub\Terrasight-Eurosat-RGB-vs-Multispectral\data\raw\multispectral\Forest\Forest_644.tif,1,Forest,1,Forest,0.9999856948852539,True,22.352455,41.403385
2427,C:\Users\DELL Precision 5550\Documents\GitHub\Terrasight-Eurosat-RGB-vs-Multispectral\data\raw\multispectral\Pasture\Pasture_1691.tif,5,Pasture,5,Pasture,0.9996688365936279,True,-42.589108,-1.867306
2428,C:\Users\DELL Precision 5550\Documents\GitHub\Terrasight-Eurosat-RGB-vs-Multispectral\data\raw\multispectral\Highway\Highway_461.tif,3,Highway,3,Highway,0.9912436008453369,True,22.421297,-54.75701
2429,C:\Users\DELL Precision 5550\Documents\GitHub\Terrasight-Eurosat-RGB-vs-Multispectral\data\raw\multispectral\AnnualCrop\AnnualCrop_578.tif,0,AnnualCrop,0,AnnualCrop,0.9981870055198669,True,-31.47717,-36.86836
2430,C:\Users\DELL Precision 5550\Documents\GitHub\Terrasight-Eurosat-RGB-vs-Multispectral\data\raw\multispectral\Residential\Residential_2895.tif,7,Residential,7,Residential,0.9994018077850342,True,40.16498,1.4422365
2431,C:\Users\DELL Precision 5550\Documents\GitHub\Terrasight-Eurosat-RGB-vs-Multispectral\data\raw\multispectral\PermanentCrop\PermanentCrop_1032.tif,6,PermanentCrop,6,PermanentCrop,0.9831072092056274,True,-7.1175294,-22.883375
2432,C:\Users\DELL Precision 5550\Documents\GitHub\Terrasight-Eurosat-RGB-vs-Multispectral\data\raw\multispectral\AnnualCrop\AnnualCrop_146.tif,0,AnnualCrop,0,AnnualCrop,0.9985270500183105,True,-36.200882,-34.69645
2433,C:\Users\DELL Precision 5550\Documents\GitHub\Terrasight-Eurosat-RGB-vs-Multispectral\data\raw\multispectral\Forest\Forest_1816.tif,1,Forest,1,Forest,0.9991958737373352,True,12.841902,33.909096
2434,C:\Users\DELL Precision 5550\Documents\GitHub\Terrasight-Eurosat-RGB-vs-Multispectral\data\raw\multispectral\Pasture\Pasture_15.tif,5,Pasture,5,Pasture,0.9818487167358398,True,-36.84555,-9.211682
2435,C:\Users\DELL Precision 5550\Documents\GitHub\Terrasight-Eurosat-RGB-vs-Multispectral\data\raw\multispectral\Highway\Highway_2221.tif,3,Highway,6,PermanentCrop,0.4898391366004944,False,23.87833,-54.90964
2436,C:\Users\DELL Precision 5550\Documents\GitHub\Terrasight-Eurosat-RGB-vs-Multispectral\data\raw\multispectral\River\River_2038.tif,8,River,8,River,0.999941349029541,True,-47.16583,26.201094
2437,C:\Users\DELL Precision 5550\Documents\GitHub\Terrasight-Eurosat-RGB-vs-Multispectral\data\raw\multispectral\Pasture\Pasture_797.tif,5,Pasture,5,Pasture,0.9981498718261719,True,-36.96671,-7.2955527
2438,C:\Users\DELL Precision 5550\Documents\GitHub\Terrasight-Eurosat-RGB-vs-Multispectral\data\raw\multispectral\Industrial\Industrial_1717.tif,4,Industrial,4,Industrial,0.9998140931129456,True,38.94188,-23.704584
2439,C:\Users\DELL Precision 5550\Documents\GitHub\Terrasight-Eurosat-RGB-vs-Multispectral\data\raw\multispectral\Industrial\Industrial_1509.tif,4,Industrial,4,Industrial,0.9998838901519775,True,40.02104,-29.056164
2440,C:\Users\DELL Precision 5550\Documents\GitHub\Terrasight-Eurosat-RGB-vs-Multispectral\data\raw\multispectral\River\River_2394.tif,8,River,8,River,0.9999531507492065,True,-49.934494,24.49766
2441,C:\Users\DELL Precision 5550\Documents\GitHub\Terrasight-Eurosat-RGB-vs-Multispectral\data\raw\multispectral\Residential\Residential_828.tif,7,Residential,7,Residential,1.0,True,55.709404,15.834618
2442,C:\Users\DELL Precision 5550\Documents\GitHub\Terrasight-Eurosat-RGB-vs-Multispectral\data\raw\multispectral\River\River_1156.tif,8,River,8,River,0.9998465776443481,True,-40.72809,25.779812
2443,C:\Users\DELL Precision 5550\Documents\GitHub\Terrasight-Eurosat-RGB-vs-Multispectral\data\raw\multispectral\Highway\Highway_32.tif,3,Highway,3,Highway,0.9907119870185852,True,15.619896,-47.73056
2444,C:\Users\DELL Precision 5550\Documents\GitHub\Terrasight-Eurosat-RGB-vs-Multispectral\data\raw\multispectral\SeaLake\SeaLake_1069.tif,9,SeaLake,9,SeaLake,0.9999970197677612,True,-3.2190502,65.056984
2445,C:\Users\DELL Precision 5550\Documents\GitHub\Terrasight-Eurosat-RGB-vs-Multispectral\data\raw\multispectral\SeaLake\SeaLake_2963.tif,9,SeaLake,9,SeaLake,0.9999451637268066,True,-11.036747,57.512627
2446,C:\Users\DELL Precision 5550\Documents\GitHub\Terrasight-Eurosat-RGB-vs-Multispectral\data\raw\multispectral\AnnualCrop\AnnualCrop_937.tif,0,AnnualCrop,0,AnnualCrop,0.9994829893112183,True,-36.774853,-36.212944
2447,C:\Users\DELL Precision 5550\Documents\GitHub\Terrasight-Eurosat-RGB-vs-Multispectral\data\raw\multispectral\Industrial\Industrial_517.tif,4,Industrial,4,Industrial,0.9999971389770508,True,48.79843,-24.595804
2448,C:\Users\DELL Precision 5550\Documents\GitHub\Terrasight-Eurosat-RGB-vs-Multispectral\data\raw\multispectral\HerbaceousVegetation\HerbaceousVegetation_2240.tif,2,HerbaceousVegetation,2,HerbaceousVegetation,0.9777658581733704,True,-8.886092,-1.8345485
2449,C:\Users\DELL Precision 5550\Documents\GitHub\Terrasight-Eurosat-RGB-vs-Multispectral\data\raw\multispectral\Residential\Residential_2609.tif,7,Residential,7,Residential,0.9997450709342957,True,48.02602,3.4391212
2450,C:\Users\DELL Precision 5550\Documents\GitHub\Terrasight-Eurosat-RGB-vs-Multispectral\data\raw\multispectral\SeaLake\SeaLake_1594.tif,9,SeaLake,9,SeaLake,0.9998912811279297,True,-15.637908,53.095062
2451,C:\Users\DELL Precision 5550\Documents\GitHub\Terrasight-Eurosat-RGB-vs-Multispectral\data\raw\multispectral\Residential\Residential_1984.tif,7,Residential,7,Residential,0.9999899864196777,True,38.98041,0.21070933
2452,C:\Users\DELL Precision 5550\Documents\GitHub\Terrasight-Eurosat-RGB-vs-Multispectral\data\raw\multispectral\Highway\Highway_1709.tif,3,Highway,3,Highway,0.9991976618766785,True,15.928602,-57.217922
2453,C:\Users\DELL Precision 5550\Documents\GitHub\Terrasight-Eurosat-RGB-vs-Multispectral\data\raw\multispectral\River\River_2253.tif,8,River,8,River,0.8984554409980774,True,-32.849037,20.984056
2454,C:\Users\DELL Precision 5550\Documents\GitHub\Terrasight-Eurosat-RGB-vs-Multispectral\data\raw\multispectral\HerbaceousVegetation\HerbaceousVegetation_1994.tif,2,HerbaceousVegetation,2,HerbaceousVegetation,0.9982404708862305,True,-1.4400599,8.297653
2455,C:\Users\DELL Precision 5550\Documents\GitHub\Terrasight-Eurosat-RGB-vs-Multispectral\data\raw\multispectral\SeaLake\SeaLake_1155.tif,9,SeaLake,9,SeaLake,0.9999313354492188,True,-8.578409,53.697792
2456,C:\Users\DELL Precision 5550\Documents\GitHub\Terrasight-Eurosat-RGB-vs-Multispectral\data\raw\multispectral\Industrial\Industrial_826.tif,4,Industrial,4,Industrial,0.7912723422050476,True,33.485718,-14.8736315
2457,C:\Users\DELL Precision 5550\Documents\GitHub\Terrasight-Eurosat-RGB-vs-Multispectral\data\raw\multispectral\AnnualCrop\AnnualCrop_194.tif,0,AnnualCrop,0,AnnualCrop,0.9962325692176819,True,-33.936428,-31.212688
2458,C:\Users\DELL Precision 5550\Documents\GitHub\Terrasight-Eurosat-RGB-vs-Multispectral\data\raw\multispectral\AnnualCrop\AnnualCrop_1857.tif,0,AnnualCrop,0,AnnualCrop,0.9966830611228943,True,-29.128136,-37.203342
2459,C:\Users\DELL Precision 5550\Documents\GitHub\Terrasight-Eurosat-RGB-vs-Multispectral\data\raw\multispectral\Forest\Forest_2191.tif,1,Forest,1,Forest,0.9930942058563232,True,17.050924,33.598186
2460,C:\Users\DELL Precision 5550\Documents\GitHub\Terrasight-Eurosat-RGB-vs-Multispectral\data\raw\multispectral\PermanentCrop\PermanentCrop_2150.tif,6,PermanentCrop,6,PermanentCrop,0.9682361483573914,True,1.8670683,-16.29633
2461,C:\Users\DELL Precision 5550\Documents\GitHub\Terrasight-Eurosat-RGB-vs-Multispectral\data\raw\multispectral\Forest\Forest_1199.tif,1,Forest,1,Forest,0.9982104301452637,True,19.800032,38.544605
2462,C:\Users\DELL Precision 5550\Documents\GitHub\Terrasight-Eurosat-RGB-vs-Multispectral\data\raw\multispectral\PermanentCrop\PermanentCrop_1328.tif,6,PermanentCrop,6,PermanentCrop,0.6217586398124695,True,7.985641,-12.535052
2463,C:\Users\DELL Precision 5550\Documents\GitHub\Terrasight-Eurosat-RGB-vs-Multispectral\data\raw\multispectral\SeaLake\SeaLake_2311.tif,9,SeaLake,9,SeaLake,0.987414538860321,True,-12.863689,39.026207
2464,C:\Users\DELL Precision 5550\Documents\GitHub\Terrasight-Eurosat-RGB-vs-Multispectral\data\raw\multispectral\AnnualCrop\AnnualCrop_819.tif,0,AnnualCrop,0,AnnualCrop,0.9971503615379333,True,-31.859097,-28.980812
2465,C:\Users\DELL Precision 5550\Documents\GitHub\Terrasight-Eurosat-RGB-vs-Multispectral\data\raw\multispectral\AnnualCrop\AnnualCrop_117.tif,0,AnnualCrop,0,AnnualCrop,0.9924903512001038,True,-29.879639,-25.954273
2466,C:\Users\DELL Precision 5550\Documents\GitHub\Terrasight-Eurosat-RGB-vs-Multispectral\data\raw\multispectral\SeaLake\SeaLake_2892.tif,9,SeaLake,9,SeaLake,0.9999997615814209,True,3.335973,67.82402
2467,C:\Users\DELL Precision 5550\Documents\GitHub\Terrasight-Eurosat-RGB-vs-Multispectral\data\raw\multispectral\Residential\Residential_143.tif,7,Residential,7,Residential,0.9996955394744873,True,41.82336,-0.49194247
2468,C:\Users\DELL Precision 5550\Documents\GitHub\Terrasight-Eurosat-RGB-vs-Multispectral\data\raw\multispectral\Industrial\Industrial_404.tif,4,Industrial,4,Industrial,0.999996542930603,True,45.859947,-26.035213
2469,C:\Users\DELL Precision 5550\Documents\GitHub\Terrasight-Eurosat-RGB-vs-Multispectral\data\raw\multispectral\Highway\Highway_2298.tif,3,Highway,4,Industrial,0.7379506230354309,False,28.820112,-18.518875
2470,C:\Users\DELL Precision 5550\Documents\GitHub\Terrasight-Eurosat-RGB-vs-Multispectral\data\raw\multispectral\Highway\Highway_2230.tif,3,Highway,8,River,0.6092243790626526,False,1.9049176,-51.212418
2471,C:\Users\DELL Precision 5550\Documents\GitHub\Terrasight-Eurosat-RGB-vs-Multispectral\data\raw\multispectral\Pasture\Pasture_366.tif,5,Pasture,5,Pasture,0.9834513664245605,True,-43.0583,-9.167407
2472,C:\Users\DELL Precision 5550\Documents\GitHub\Terrasight-Eurosat-RGB-vs-Multispectral\data\raw\multispectral\HerbaceousVegetation\HerbaceousVegetation_656.tif,2,HerbaceousVegetation,1,Forest,0.6036893129348755,False,11.513316,15.438954
2473,C:\Users\DELL Precision 5550\Documents\GitHub\Terrasight-Eurosat-RGB-vs-Multispectral\data\raw\multispectral\AnnualCrop\AnnualCrop_1510.tif,0,AnnualCrop,0,AnnualCrop,0.99986732006073,True,-33.052704,-40.54815
2474,C:\Users\DELL Precision 5550\Documents\GitHub\Terrasight-Eurosat-RGB-vs-Multispectral\data\raw\multispectral\SeaLake\SeaLake_154.tif,9,SeaLake,9,SeaLake,0.9999970197677612,True,-1.7772777,62.615448
2475,C:\Users\DELL Precision 5550\Documents\GitHub\Terrasight-Eurosat-RGB-vs-Multispectral\data\raw\multispectral\River\River_1195.tif,8,River,8,River,0.9992578625679016,True,-37.87009,23.482279
2476,C:\Users\DELL Precision 5550\Documents\GitHub\Terrasight-Eurosat-RGB-vs-Multispectral\data\raw\multispectral\River\River_1753.tif,8,River,8,River,0.9996335506439209,True,-37.908337,26.59723
2477,C:\Users\DELL Precision 5550\Documents\GitHub\Terrasight-Eurosat-RGB-vs-Multispectral\data\raw\multispectral\Forest\Forest_479.tif,1,Forest,1,Forest,0.9831629991531372,True,9.0249605,20.289394
2478,C:\Users\DELL Precision 5550\Documents\GitHub\Terrasight-Eurosat-RGB-vs-Multispectral\data\raw\multispectral\AnnualCrop\AnnualCrop_384.tif,0,AnnualCrop,0,AnnualCrop,0.9989522695541382,True,-30.466002,-40.36221
2479,C:\Users\DELL Precision 5550\Documents\GitHub\Terrasight-Eurosat-RGB-vs-Multispectral\data\raw\multispectral\Industrial\Industrial_1283.tif,4,Industrial,4,Industrial,0.999657392501831,True,39.71341,-29.551994
2480,C:\Users\DELL Precision 5550\Documents\GitHub\Terrasight-Eurosat-RGB-vs-Multispectral\data\raw\multispectral\River\River_1218.tif,8,River,8,River,0.999895453453064,True,-44.720863,24.90891
2481,C:\Users\DELL Precision 5550\Documents\GitHub\Terrasight-Eurosat-RGB-vs-Multispectral\data\raw\multispectral\Industrial\Industrial_1310.tif,4,Industrial,4,Industrial,0.9994385838508606,True,45.68677,-19.75366
2482,C:\Users\DELL Precision 5550\Documents\GitHub\Terrasight-Eurosat-RGB-vs-Multispectral\data\raw\multispectral\PermanentCrop\PermanentCrop_2031.tif,6,PermanentCrop,6,PermanentCrop,0.9985799789428711,True,-7.2816067,-32.60501
2483,C:\Users\DELL Precision 5550\Documents\GitHub\Terrasight-Eurosat-RGB-vs-Multispectral\data\raw\multispectral\Pasture\Pasture_192.tif,5,Pasture,5,Pasture,0.9984973669052124,True,-40.815014,-1.4840399
2484,C:\Users\DELL Precision 5550\Documents\GitHub\Terrasight-Eurosat-RGB-vs-Multispectral\data\raw\multispectral\Forest\Forest_828.tif,1,Forest,1,Forest,0.9230619668960571,True,11.05163,18.076284
2485,C:\Users\DELL Precision 5550\Documents\GitHub\Terrasight-Eurosat-RGB-vs-Multispectral\data\raw\multispectral\River\River_1800.tif,8,River,8,River,0.9999983310699463,True,-49.954945,27.210302
2486,C:\Users\DELL Precision 5550\Documents\GitHub\Terrasight-Eurosat-RGB-vs-Multispectral\data\raw\multispectral\Forest\Forest_1469.tif,1,Forest,1,Forest,0.9367123246192932,True,19.370136,26.6317
2487,C:\Users\DELL Precision 5550\Documents\GitHub\Terrasight-Eurosat-RGB-vs-Multispectral\data\raw\multispectral\Industrial\Industrial_309.tif,4,Industrial,4,Industrial,0.9956837892532349,True,32.15766,-20.95043
2488,C:\Users\DELL Precision 5550\Documents\GitHub\Terrasight-Eurosat-RGB-vs-Multispectral\data\raw\multispectral\AnnualCrop\AnnualCrop_174.tif,0,AnnualCrop,0,AnnualCrop,0.9996963739395142,True,-37.879745,-32.06488
2489,C:\Users\DELL Precision 5550\Documents\GitHub\Terrasight-Eurosat-RGB-vs-Multispectral\data\raw\multispectral\Highway\Highway_1247.tif,3,Highway,3,Highway,0.9998716115951538,True,14.007771,-59.546635
2490,C:\Users\DELL Precision 5550\Documents\GitHub\Terrasight-Eurosat-RGB-vs-Multispectral\data\raw\multispectral\SeaLake\SeaLake_1545.tif,9,SeaLake,9,SeaLake,0.9999244213104248,True,-10.223359,51.44275
2491,C:\Users\DELL Precision 5550\Documents\GitHub\Terrasight-Eurosat-RGB-vs-Multispectral\data\raw\multispectral\PermanentCrop\PermanentCrop_1357.tif,6,PermanentCrop,6,PermanentCrop,0.9281260371208191,True,-11.336825,-22.635256
2492,C:\Users\DELL Precision 5550\Documents\GitHub\Terrasight-Eurosat-RGB-vs-Multispectral\data\raw\multispectral\PermanentCrop\PermanentCrop_1787.tif,6,PermanentCrop,6,PermanentCrop,0.9959501028060913,True,0.84859926,-21.264896
2493,C:\Users\DELL Precision 5550\Documents\GitHub\Terrasight-Eurosat-RGB-vs-Multispectral\data\raw\multispectral\Industrial\Industrial_1467.tif,4,Industrial,4,Industrial,0.9999781847000122,True,46.806725,-25.196566
2494,C:\Users\DELL Precision 5550\Documents\GitHub\Terrasight-Eurosat-RGB-vs-Multispectral\data\raw\multispectral\Forest\Forest_912.tif,1,Forest,1,Forest,0.9921883344650269,True,11.526195,19.04108
2495,C:\Users\DELL Precision 5550\Documents\GitHub\Terrasight-Eurosat-RGB-vs-Multispectral\data\raw\multispectral\SeaLake\SeaLake_675.tif,9,SeaLake,9,SeaLake,0.9827112555503845,True,-12.516229,35.435863
2496,C:\Users\DELL Precision 5550\Documents\GitHub\Terrasight-Eurosat-RGB-vs-Multispectral\data\raw\multispectral\River\River_269.tif,8,River,8,River,0.9374874830245972,True,-39.787674,16.621891
2497,C:\Users\DELL Precision 5550\Documents\GitHub\Terrasight-Eurosat-RGB-vs-Multispectral\data\raw\multispectral\SeaLake\SeaLake_1593.tif,9,SeaLake,9,SeaLake,1.0,True,2.6505723,70.807434
2498,C:\Users\DELL Precision 5550\Documents\GitHub\Terrasight-Eurosat-RGB-vs-Multispectral\data\raw\multispectral\River\River_2266.tif,8,River,8,River,0.9994575381278992,True,-50.115433,20.003345
2499,C:\Users\DELL Precision 5550\Documents\GitHub\Terrasight-Eurosat-RGB-vs-Multispectral\data\raw\multispectral\Highway\Highway_121.tif,3,Highway,3,Highway,0.9854176044464111,True,6.4004517,-52.809715
2500,C:\Users\DELL Precision 5550\Documents\GitHub\Terrasight-Eurosat-RGB-vs-Multispectral\data\raw\multispectral\HerbaceousVegetation\HerbaceousVegetation_2939.tif,2,HerbaceousVegetation,2,HerbaceousVegetation,0.9999027252197266,True,-4.265319,10.329225
2501,C:\Users\DELL Precision 5550\Documents\GitHub\Terrasight-Eurosat-RGB-vs-Multispectral\data\raw\multispectral\Industrial\Industrial_2132.tif,4,Industrial,4,Industrial,0.9991987347602844,True,42.444206,-19.508799
2502,C:\Users\DELL Precision 5550\Documents\GitHub\Terrasight-Eurosat-RGB-vs-Multispectral\data\raw\multispectral\River\River_2191.tif,8,River,8,River,0.9999022483825684,True,-53.400448,26.386972
2503,C:\Users\DELL Precision 5550\Documents\GitHub\Terrasight-Eurosat-RGB-vs-Multispectral\data\raw\multispectral\Residential\Residential_94.tif,7,Residential,7,Residential,0.9995318651199341,True,52.66593,3.7481985
2504,C:\Users\DELL Precision 5550\Documents\GitHub\Terrasight-Eurosat-RGB-vs-Multispectral\data\raw\multispectral\Pasture\Pasture_459.tif,5,Pasture,5,Pasture,0.9978371262550354,True,-43.923016,-6.7395096
2505,C:\Users\DELL Precision 5550\Documents\GitHub\Terrasight-Eurosat-RGB-vs-Multispectral\data\raw\multispectral\Residential\Residential_1963.tif,7,Residential,7,Residential,1.0,True,49.450706,14.99116
2506,C:\Users\DELL Precision 5550\Documents\GitHub\Terrasight-Eurosat-RGB-vs-Multispectral\data\raw\multispectral\Industrial\Industrial_1776.tif,4,Industrial,4,Industrial,0.9999854564666748,True,46.594322,-25.682701
2507,C:\Users\DELL Precision 5550\Documents\GitHub\Terrasight-Eurosat-RGB-vs-Multispectral\data\raw\multispectral\Residential\Residential_1909.tif,7,Residential,7,Residential,0.9999979734420776,True,56.59935,10.037937
2508,C:\Users\DELL Precision 5550\Documents\GitHub\Terrasight-Eurosat-RGB-vs-Multispectral\data\raw\multispectral\AnnualCrop\AnnualCrop_1374.tif,0,AnnualCrop,0,AnnualCrop,0.9512679576873779,True,-36.316437,-24.048616
2509,C:\Users\DELL Precision 5550\Documents\GitHub\Terrasight-Eurosat-RGB-vs-Multispectral\data\raw\multispectral\HerbaceousVegetation\HerbaceousVegetation_2674.tif,2,HerbaceousVegetation,2,HerbaceousVegetation,0.8144470453262329,True,-1.3105967,-4.3681393
2510,C:\Users\DELL Precision 5550\Documents\GitHub\Terrasight-Eurosat-RGB-vs-Multispectral\data\raw\multispectral\River\River_1949.tif,8,River,8,River,0.9997358918190002,True,-39.124004,30.61512
2511,C:\Users\DELL Precision 5550\Documents\GitHub\Terrasight-Eurosat-RGB-vs-Multispectral\data\raw\multispectral\Pasture\Pasture_257.tif,5,Pasture,5,Pasture,0.9995725750923157,True,-46.69067,-3.881845
2512,C:\Users\DELL Precision 5550\Documents\GitHub\Terrasight-Eurosat-RGB-vs-Multispectral\data\raw\multispectral\Pasture\Pasture_602.tif,5,Pasture,5,Pasture,0.9711800813674927,True,-39.067295,-9.229334
2513,C:\Users\DELL Precision 5550\Documents\GitHub\Terrasight-Eurosat-RGB-vs-Multispectral\data\raw\multispectral\Highway\Highway_1336.tif,3,Highway,3,Highway,0.9931731820106506,True,13.877234,-49.642284
2514,C:\Users\DELL Precision 5550\Documents\GitHub\Terrasight-Eurosat-RGB-vs-Multispectral\data\raw\multispectral\River\River_1542.tif,8,River,8,River,0.999929666519165,True,-47.57684,25.271585
2515,C:\Users\DELL Precision 5550\Documents\GitHub\Terrasight-Eurosat-RGB-vs-Multispectral\data\raw\multispectral\Residential\Residential_1710.tif,7,Residential,7,Residential,0.9999878406524658,True,47.46519,6.414292
2516,C:\Users\DELL Precision 5550\Documents\GitHub\Terrasight-Eurosat-RGB-vs-Multispectral\data\raw\multispectral\Industrial\Industrial_1720.tif,4,Industrial,4,Industrial,0.9954944849014282,True,40.447372,-18.955019
2517,C:\Users\DELL Precision 5550\Documents\GitHub\Terrasight-Eurosat-RGB-vs-Multispectral\data\raw\multispectral\HerbaceousVegetation\HerbaceousVegetation_803.tif,2,HerbaceousVegetation,2,HerbaceousVegetation,0.998961329460144,True,-13.688838,7.1787906
2518,C:\Users\DELL Precision 5550\Documents\GitHub\Terrasight-Eurosat-RGB-vs-Multispectral\data\raw\multispectral\Forest\Forest_253.tif,1,Forest,1,Forest,0.9965039491653442,True,17.74839,29.466358
2519,C:\Users\DELL Precision 5550\Documents\GitHub\Terrasight-Eurosat-RGB-vs-Multispectral\data\raw\multispectral\Highway\Highway_942.tif,3,Highway,3,Highway,0.9146204590797424,True,19.5285,-44.189034
2520,C:\Users\DELL Precision 5550\Documents\GitHub\Terrasight-Eurosat-RGB-vs-Multispectral\data\raw\multispectral\SeaLake\SeaLake_1861.tif,9,SeaLake,9,SeaLake,0.9980863332748413,True,-13.524256,44.17229
2521,C:\Users\DELL Precision 5550\Documents\GitHub\Terrasight-Eurosat-RGB-vs-Multispectral\data\raw\multispectral\Forest\Forest_2772.tif,1,Forest,1,Forest,0.697700560092926,True,7.7264223,16.568924
2522,C:\Users\DELL Precision 5550\Documents\GitHub\Terrasight-Eurosat-RGB-vs-Multispectral\data\raw\multispectral\Residential\Residential_731.tif,7,Residential,7,Residential,0.9999998807907104,True,47.047115,15.278969
2523,C:\Users\DELL Precision 5550\Documents\GitHub\Terrasight-Eurosat-RGB-vs-Multispectral\data\raw\multispectral\SeaLake\SeaLake_2901.tif,9,SeaLake,9,SeaLake,0.9999955892562866,True,-0.83638495,64.22299
2524,C:\Users\DELL Precision 5550\Documents\GitHub\Terrasight-Eurosat-RGB-vs-Multispectral\data\raw\multispectral\HerbaceousVegetation\HerbaceousVegetation_908.tif,2,HerbaceousVegetation,2,HerbaceousVegetation,0.9495806694030762,True,1.2041373,-1.2771055
2525,C:\Users\DELL Precision 5550\Documents\GitHub\Terrasight-Eurosat-RGB-vs-Multispectral\data\raw\multispectral\PermanentCrop\PermanentCrop_2057.tif,6,PermanentCrop,6,PermanentCrop,0.5747450590133667,True,6.208134,-10.813716
2526,C:\Users\DELL Precision 5550\Documents\GitHub\Terrasight-Eurosat-RGB-vs-Multispectral\data\raw\multispectral\AnnualCrop\AnnualCrop_2618.tif,0,AnnualCrop,0,AnnualCrop,0.9964922070503235,True,-39.069958,-27.67721
2527,C:\Users\DELL Precision 5550\Documents\GitHub\Terrasight-Eurosat-RGB-vs-Multispectral\data\raw\multispectral\AnnualCrop\AnnualCrop_613.tif,0,AnnualCrop,6,PermanentCrop,0.8123124241828918,False,-15.977393,-27.31165
2528,C:\Users\DELL Precision 5550\Documents\GitHub\Terrasight-Eurosat-RGB-vs-Multispectral\data\raw\multispectral\Pasture\Pasture_1503.tif,5,Pasture,5,Pasture,0.9981512427330017,True,-40.607475,-6.123722
2529,C:\Users\DELL Precision 5550\Documents\GitHub\Terrasight-Eurosat-RGB-vs-Multispectral\data\raw\multispectral\Residential\Residential_2794.tif,7,Residential,7,Residential,0.9999932050704956,True,55.72375,11.614749
2530,C:\Users\DELL Precision 5550\Documents\GitHub\Terrasight-Eurosat-RGB-vs-Multispectral\data\raw\multispectral\PermanentCrop\PermanentCrop_277.tif,6,PermanentCrop,6,PermanentCrop,0.7943974137306213,True,-3.0087965,-12.48105
2531,C:\Users\DELL Precision 5550\Documents\GitHub\Terrasight-Eurosat-RGB-vs-Multispectral\data\raw\multispectral\HerbaceousVegetation\HerbaceousVegetation_139.tif,2,HerbaceousVegetation,2,HerbaceousVegetation,0.9239405989646912,True,3.178446,-1.7915586
2532,C:\Users\DELL Precision 5550\Documents\GitHub\Terrasight-Eurosat-RGB-vs-Multispectral\data\raw\multispectral\Industrial\Industrial_1298.tif,4,Industrial,4,Industrial,0.9729647040367126,True,42.69433,-17.210861
2533,C:\Users\DELL Precision 5550\Documents\GitHub\Terrasight-Eurosat-RGB-vs-Multispectral\data\raw\multispectral\Residential\Residential_14.tif,7,Residential,7,Residential,1.0,True,56.914417,16.547888
2534,C:\Users\DELL Precision 5550\Documents\GitHub\Terrasight-Eurosat-RGB-vs-Multispectral\data\raw\multispectral\Residential\Residential_999.tif,7,Residential,7,Residential,0.9999722242355347,True,40.297806,4.6101704
2535,C:\Users\DELL Precision 5550\Documents\GitHub\Terrasight-Eurosat-RGB-vs-Multispectral\data\raw\multispectral\Industrial\Industrial_1374.tif,4,Industrial,4,Industrial,0.9999960660934448,True,47.619938,-26.326721
2536,C:\Users\DELL Precision 5550\Documents\GitHub\Terrasight-Eurosat-RGB-vs-Multispectral\data\raw\multispectral\Forest\Forest_675.tif,1,Forest,1,Forest,0.6282188892364502,True,7.9896283,18.289396
2537,C:\Users\DELL Precision 5550\Documents\GitHub\Terrasight-Eurosat-RGB-vs-Multispectral\data\raw\multispectral\Residential\Residential_2589.tif,7,Residential,7,Residential,0.9994921684265137,True,41.90176,-0.39635184
2538,C:\Users\DELL Precision 5550\Documents\GitHub\Terrasight-Eurosat-RGB-vs-Multispectral\data\raw\multispectral\Highway\Highway_1389.tif,3,Highway,3,Highway,0.9518742561340332,True,6.692744,-51.19467
2539,C:\Users\DELL Precision 5550\Documents\GitHub\Terrasight-Eurosat-RGB-vs-Multispectral\data\raw\multispectral\Highway\Highway_1501.tif,3,Highway,3,Highway,0.31529951095581055,True,8.466733,-42.614395
2540,C:\Users\DELL Precision 5550\Documents\GitHub\Terrasight-Eurosat-RGB-vs-Multispectral\data\raw\multispectral\PermanentCrop\PermanentCrop_1862.tif,6,PermanentCrop,6,PermanentCrop,0.9975777268409729,True,-6.140514,-28.576323
2541,C:\Users\DELL Precision 5550\Documents\GitHub\Terrasight-Eurosat-RGB-vs-Multispectral\data\raw\multispectral\SeaLake\SeaLake_1573.tif,9,SeaLake,9,SeaLake,0.9002220034599304,True,-16.223925,43.906773
2542,C:\Users\DELL Precision 5550\Documents\GitHub\Terrasight-Eurosat-RGB-vs-Multispectral\data\raw\multispectral\Industrial\Industrial_1258.tif,4,Industrial,4,Industrial,0.9665070176124573,True,29.76719,-19.139893
2543,C:\Users\DELL Precision 5550\Documents\GitHub\Terrasight-Eurosat-RGB-vs-Multispectral\data\raw\multispectral\Pasture\Pasture_480.tif,5,Pasture,5,Pasture,0.9999146461486816,True,-46.23652,-1.5365142
2544,C:\Users\DELL Precision 5550\Documents\GitHub\Terrasight-Eurosat-RGB-vs-Multispectral\data\raw\multispectral\River\River_1680.tif,8,River,8,River,0.9996377229690552,True,-36.448326,23.943106
2545,C:\Users\DELL Precision 5550\Documents\GitHub\Terrasight-Eurosat-RGB-vs-Multispectral\data\raw\multispectral\PermanentCrop\PermanentCrop_343.tif,6,PermanentCrop,6,PermanentCrop,0.9675766229629517,True,-6.9118724,-24.462175
2546,C:\Users\DELL Precision 5550\Documents\GitHub\Terrasight-Eurosat-RGB-vs-Multispectral\data\raw\multispectral\SeaLake\SeaLake_2171.tif,9,SeaLake,9,SeaLake,0.9999098777770996,True,-3.100939,56.630165
2547,C:\Users\DELL Precision 5550\Documents\GitHub\Terrasight-Eurosat-RGB-vs-Multispectral\data\raw\multispectral\Residential\Residential_2759.tif,7,Residential,7,Residential,0.9999995231628418,True,51.83262,9.412069
2548,C:\Users\DELL Precision 5550\Documents\GitHub\Terrasight-Eurosat-RGB-vs-Multispectral\data\raw\multispectral\Highway\Highway_14.tif,3,Highway,4,Industrial,0.6664862036705017,False,19.28822,-40.586063
2549,C:\Users\DELL Precision 5550\Documents\GitHub\Terrasight-Eurosat-RGB-vs-Multispectral\data\raw\multispectral\PermanentCrop\PermanentCrop_2153.tif,6,PermanentCrop,6,PermanentCrop,0.874779224395752,True,2.9429348,-12.508015
2550,C:\Users\DELL Precision 5550\Documents\GitHub\Terrasight-Eurosat-RGB-vs-Multispectral\data\raw\multispectral\Residential\Residential_1512.tif,7,Residential,7,Residential,0.9999986886978149,True,50.18662,9.307271
2551,C:\Users\DELL Precision 5550\Documents\GitHub\Terrasight-Eurosat-RGB-vs-Multispectral\data\raw\multispectral\River\River_2194.tif,8,River,8,River,0.9999996423721313,True,-52.154682,25.132267
2552,C:\Users\DELL Precision 5550\Documents\GitHub\Terrasight-Eurosat-RGB-vs-Multispectral\data\raw\multispectral\SeaLake\SeaLake_2446.tif,9,SeaLake,9,SeaLake,0.9999957084655762,True,-3.1703315,64.62898
2553,C:\Users\DELL Precision 5550\Documents\GitHub\Terrasight-Eurosat-RGB-vs-Multispectral\data\raw\multispectral\HerbaceousVegetation\HerbaceousVegetation_2418.tif,2,HerbaceousVegetation,2,HerbaceousVegetation,0.9756279587745667,True,-7.4328995,3.2350228
2554,C:\Users\DELL Precision 5550\Documents\GitHub\Terrasight-Eurosat-RGB-vs-Multispectral\data\raw\multispectral\HerbaceousVegetation\HerbaceousVegetation_574.tif,2,HerbaceousVegetation,2,HerbaceousVegetation,0.9978480339050293,True,-14.286855,3.7482274
2555,C:\Users\DELL Precision 5550\Documents\GitHub\Terrasight-Eurosat-RGB-vs-Multispectral\data\raw\multispectral\Residential\Residential_1232.tif,7,Residential,7,Residential,0.999991774559021,True,39.16763,0.25761303
2556,C:\Users\DELL Precision 5550\Documents\GitHub\Terrasight-Eurosat-RGB-vs-Multispectral\data\raw\multispectral\Forest\Forest_2103.tif,1,Forest,1,Forest,0.9942634701728821,True,13.451507,19.226158
2557,C:\Users\DELL Precision 5550\Documents\GitHub\Terrasight-Eurosat-RGB-vs-Multispectral\data\raw\multispectral\Residential\Residential_451.tif,7,Residential,7,Residential,0.9977881908416748,True,36.328064,1.6919962
2558,C:\Users\DELL Precision 5550\Documents\GitHub\Terrasight-Eurosat-RGB-vs-Multispectral\data\raw\multispectral\AnnualCrop\AnnualCrop_1226.tif,0,AnnualCrop,0,AnnualCrop,0.9979912042617798,True,-28.33199,-31.82695
2559,C:\Users\DELL Precision 5550\Documents\GitHub\Terrasight-Eurosat-RGB-vs-Multispectral\data\raw\multispectral\AnnualCrop\AnnualCrop_1539.tif,0,AnnualCrop,0,AnnualCrop,0.965817928314209,True,-22.267586,-33.398926
2560,C:\Users\DELL Precision 5550\Documents\GitHub\Terrasight-Eurosat-RGB-vs-Multispectral\data\raw\multispectral\River\River_1487.tif,8,River,8,River,0.999997615814209,True,-49.706738,27.736511
2561,C:\Users\DELL Precision 5550\Documents\GitHub\Terrasight-Eurosat-RGB-vs-Multispectral\data\raw\multispectral\PermanentCrop\PermanentCrop_434.tif,6,PermanentCrop,6,PermanentCrop,0.9972730278968811,True,-6.632759,-29.62821
2562,C:\Users\DELL Precision 5550\Documents\GitHub\Terrasight-Eurosat-RGB-vs-Multispectral\data\raw\multispectral\AnnualCrop\AnnualCrop_907.tif,0,AnnualCrop,0,AnnualCrop,0.9787702560424805,True,-23.001661,-33.875885
2563,C:\Users\DELL Precision 5550\Documents\GitHub\Terrasight-Eurosat-RGB-vs-Multispectral\data\raw\multispectral\PermanentCrop\PermanentCrop_1932.tif,6,PermanentCrop,6,PermanentCrop,0.9760165810585022,True,-10.431835,-23.800243
2564,C:\Users\DELL Precision 5550\Documents\GitHub\Terrasight-Eurosat-RGB-vs-Multispectral\data\raw\multispectral\Forest\Forest_27.tif,1,Forest,1,Forest,0.9599218368530273,True,10.269312,19.159443
2565,C:\Users\DELL Precision 5550\Documents\GitHub\Terrasight-Eurosat-RGB-vs-Multispectral\data\raw\multispectral\Highway\Highway_2150.tif,3,Highway,3,Highway,0.9970490336418152,True,18.535065,-55.924286
2566,C:\Users\DELL Precision 5550\Documents\GitHub\Terrasight-Eurosat-RGB-vs-Multispectral\data\raw\multispectral\River\River_2212.tif,8,River,8,River,0.9988301396369934,True,-37.723633,28.412971
2567,C:\Users\DELL Precision 5550\Documents\GitHub\Terrasight-Eurosat-RGB-vs-Multispectral\data\raw\multispectral\Highway\Highway_986.tif,3,Highway,3,Highway,0.9769633412361145,True,5.968165,-50.768993
2568,C:\Users\DELL Precision 5550\Documents\GitHub\Terrasight-Eurosat-RGB-vs-Multispectral\data\raw\multispectral\SeaLake\SeaLake_2806.tif,9,SeaLake,9,SeaLake,0.9999423027038574,True,-10.09764,56.162354
2569,C:\Users\DELL Precision 5550\Documents\GitHub\Terrasight-Eurosat-RGB-vs-Multispectral\data\raw\multispectral\SeaLake\SeaLake_1679.tif,9,SeaLake,9,SeaLake,0.9920734763145447,True,-13.400252,35.887993
2570,C:\Users\DELL Precision 5550\Documents\GitHub\Terrasight-Eurosat-RGB-vs-Multispectral\data\raw\multispectral\SeaLake\SeaLake_1579.tif,9,SeaLake,9,SeaLake,0.9961755275726318,True,-10.774321,38.415478
2571,C:\Users\DELL Precision 5550\Documents\GitHub\Terrasight-Eurosat-RGB-vs-Multispectral\data\raw\multispectral\SeaLake\SeaLake_2861.tif,9,SeaLake,9,SeaLake,0.9995104074478149,True,-10.261892,44.399044
2572,C:\Users\DELL Precision 5550\Documents\GitHub\Terrasight-Eurosat-RGB-vs-Multispectral\data\raw\multispectral\Forest\Forest_2167.tif,1,Forest,1,Forest,0.9136235117912292,True,13.834122,17.827585
2573,C:\Users\DELL Precision 5550\Documents\GitHub\Terrasight-Eurosat-RGB-vs-Multispectral\data\raw\multispectral\PermanentCrop\PermanentCrop_394.tif,6,PermanentCrop,6,PermanentCrop,0.9969303011894226,True,-4.3925304,-27.765432
2574,C:\Users\DELL Precision 5550\Documents\GitHub\Terrasight-Eurosat-RGB-vs-Multispectral\data\raw\multispectral\Industrial\Industrial_2377.tif,4,Industrial,4,Industrial,0.6065418124198914,True,39.683277,-14.266743
2575,C:\Users\DELL Precision 5550\Documents\GitHub\Terrasight-Eurosat-RGB-vs-Multispectral\data\raw\multispectral\AnnualCrop\AnnualCrop_2823.tif,0,AnnualCrop,0,AnnualCrop,0.9893165826797485,True,-38.57764,-26.919497
2576,C:\Users\DELL Precision 5550\Documents\GitHub\Terrasight-Eurosat-RGB-vs-Multispectral\data\raw\multispectral\Industrial\Industrial_106.tif,4,Industrial,4,Industrial,0.9998353719711304,True,44.016163,-23.08291
2577,C:\Users\DELL Precision 5550\Documents\GitHub\Terrasight-Eurosat-RGB-vs-Multispectral\data\raw\multispectral\Highway\Highway_1354.tif,3,Highway,3,Highway,0.9954497218132019,True,9.611355,-56.175762
2578,C:\Users\DELL Precision 5550\Documents\GitHub\Terrasight-Eurosat-RGB-vs-Multispectral\data\raw\multispectral\River\River_284.tif,8,River,8,River,0.9936316609382629,True,-35.86105,28.30682
2579,C:\Users\DELL Precision 5550\Documents\GitHub\Terrasight-Eurosat-RGB-vs-Multispectral\data\raw\multispectral\Residential\Residential_1236.tif,7,Residential,7,Residential,0.9999986886978149,True,46.18542,15.340271
2580,C:\Users\DELL Precision 5550\Documents\GitHub\Terrasight-Eurosat-RGB-vs-Multispectral\data\raw\multispectral\SeaLake\SeaLake_413.tif,9,SeaLake,9,SeaLake,0.9999473094940186,True,-10.2605915,55.93588
2581,C:\Users\DELL Precision 5550\Documents\GitHub\Terrasight-Eurosat-RGB-vs-Multispectral\data\raw\multispectral\Industrial\Industrial_1213.tif,4,Industrial,6,PermanentCrop,0.6379427313804626,False,7.4955378,-10.038649
2582,C:\Users\DELL Precision 5550\Documents\GitHub\Terrasight-Eurosat-RGB-vs-Multispectral\data\raw\multispectral\Residential\Residential_57.tif,7,Residential,7,Residential,0.9820153713226318,True,39.94905,-2.6828234
2583,C:\Users\DELL Precision 5550\Documents\GitHub\Terrasight-Eurosat-RGB-vs-Multispectral\data\raw\multispectral\River\River_2440.tif,8,River,8,River,0.9999392032623291,True,-51.176506,23.508644
2584,C:\Users\DELL Precision 5550\Documents\GitHub\Terrasight-Eurosat-RGB-vs-Multispectral\data\raw\multispectral\SeaLake\SeaLake_815.tif,9,SeaLake,9,SeaLake,0.9999985694885254,True,-1.5074494,66.7687
2585,C:\Users\DELL Precision 5550\Documents\GitHub\Terrasight-Eurosat-RGB-vs-Multispectral\data\raw\multispectral\River\River_1232.tif,8,River,8,River,0.9999874830245972,True,-47.022995,30.469503
2586,C:\Users\DELL Precision 5550\Documents\GitHub\Terrasight-Eurosat-RGB-vs-Multispectral\data\raw\multispectral\Industrial\Industrial_1166.tif,4,Industrial,4,Industrial,0.9998420476913452,True,39.689083,-24.731997
2587,C:\Users\DELL Precision 5550\Documents\GitHub\Terrasight-Eurosat-RGB-vs-Multispectral\data\raw\multispectral\River\River_1835.tif,8,River,8,River,0.9999452829360962,True,-47.57259,24.805779
2588,C:\Users\DELL Precision 5550\Documents\GitHub\Terrasight-Eurosat-RGB-vs-Multispectral\data\raw\multispectral\HerbaceousVegetation\HerbaceousVegetation_2358.tif,2,HerbaceousVegetation,2,HerbaceousVegetation,0.99986732006073,True,-4.9927654,8.994641
2589,C:\Users\DELL Precision 5550\Documents\GitHub\Terrasight-Eurosat-RGB-vs-Multispectral\data\raw\multispectral\HerbaceousVegetation\HerbaceousVegetation_2749.tif,2,HerbaceousVegetation,7,Residential,0.5780863165855408,False,11.112421,-0.281729
2590,C:\Users\DELL Precision 5550\Documents\GitHub\Terrasight-Eurosat-RGB-vs-Multispectral\data\raw\multispectral\Highway\Highway_74.tif,3,Highway,3,Highway,0.8431199789047241,True,3.6680381,-54.389145
2591,C:\Users\DELL Precision 5550\Documents\GitHub\Terrasight-Eurosat-RGB-vs-Multispectral\data\raw\multispectral\Highway\Highway_478.tif,3,Highway,3,Highway,0.9994736313819885,True,17.846743,-54.386642
2592,C:\Users\DELL Precision 5550\Documents\GitHub\Terrasight-Eurosat-RGB-vs-Multispectral\data\raw\multispectral\Residential\Residential_1538.tif,7,Residential,7,Residential,0.9982568621635437,True,42.387882,-2.47872
2593,C:\Users\DELL Precision 5550\Documents\GitHub\Terrasight-Eurosat-RGB-vs-Multispectral\data\raw\multispectral\Forest\Forest_2414.tif,1,Forest,1,Forest,0.9999690055847168,True,25.84535,40.07832
2594,C:\Users\DELL Precision 5550\Documents\GitHub\Terrasight-Eurosat-RGB-vs-Multispectral\data\raw\multispectral\Industrial\Industrial_2419.tif,4,Industrial,4,Industrial,0.9957008957862854,True,35.1671,-18.402979
2595,C:\Users\DELL Precision 5550\Documents\GitHub\Terrasight-Eurosat-RGB-vs-Multispectral\data\raw\multispectral\HerbaceousVegetation\HerbaceousVegetation_625.tif,2,HerbaceousVegetation,2,HerbaceousVegetation,0.7586888074874878,True,1.94054,-8.892403
2596,C:\Users\DELL Precision 5550\Documents\GitHub\Terrasight-Eurosat-RGB-vs-Multispectral\data\raw\multispectral\PermanentCrop\PermanentCrop_634.tif,6,PermanentCrop,6,PermanentCrop,0.5943481922149658,True,-17.736359,-31.634863
2597,C:\Users\DELL Precision 5550\Documents\GitHub\Terrasight-Eurosat-RGB-vs-Multispectral\data\raw\multispectral\AnnualCrop\AnnualCrop_61.tif,0,AnnualCrop,0,AnnualCrop,0.9085767865180969,True,-27.02893,-24.203571
2598,C:\Users\DELL Precision 5550\Documents\GitHub\Terrasight-Eurosat-RGB-vs-Multispectral\data\raw\multispectral\Industrial\Industrial_2072.tif,4,Industrial,4,Industrial,0.999870777130127,True,47.764477,-20.292734
2599,C:\Users\DELL Precision 5550\Documents\GitHub\Terrasight-Eurosat-RGB-vs-Multispectral\data\raw\multispectral\Forest\Forest_1144.tif,1,Forest,1,Forest,0.9996248483657837,True,21.538921,33.265343
2600,C:\Users\DELL Precision 5550\Documents\GitHub\Terrasight-Eurosat-RGB-vs-Multispectral\data\raw\multispectral\PermanentCrop\PermanentCrop_1515.tif,6,PermanentCrop,6,PermanentCrop,0.9998499155044556,True,-1.7128894,-28.867878
2601,C:\Users\DELL Precision 5550\Documents\GitHub\Terrasight-Eurosat-RGB-vs-Multispectral\data\raw\multispectral\Residential\Residential_2241.tif,7,Residential,7,Residential,0.9998227953910828,True,38.022575,3.7515893
2602,C:\Users\DELL Precision 5550\Documents\GitHub\Terrasight-Eurosat-RGB-vs-Multispectral\data\raw\multispectral\Industrial\Industrial_1585.tif,4,Industrial,4,Industrial,0.9995889067649841,True,50.322296,-21.842173
2603,C:\Users\DELL Precision 5550\Documents\GitHub\Terrasight-Eurosat-RGB-vs-Multispectral\data\raw\multispectral\Forest\Forest_1734.tif,1,Forest,1,Forest,0.9944756627082825,True,14.443205,20.391699
2604,C:\Users\DELL Precision 5550\Documents\GitHub\Terrasight-Eurosat-RGB-vs-Multispectral\data\raw\multispectral\SeaLake\SeaLake_1313.tif,9,SeaLake,9,SeaLake,0.9999924898147583,True,0.26531863,63.989258
2605,C:\Users\DELL Precision 5550\Documents\GitHub\Terrasight-Eurosat-RGB-vs-Multispectral\data\raw\multispectral\AnnualCrop\AnnualCrop_786.tif,0,AnnualCrop,0,AnnualCrop,0.9993866682052612,True,-28.362238,-41.121723
2606,C:\Users\DELL Precision 5550\Documents\GitHub\Terrasight-Eurosat-RGB-vs-Multispectral\data\raw\multispectral\PermanentCrop\PermanentCrop_253.tif,6,PermanentCrop,6,PermanentCrop,0.9996286630630493,True,-2.8224483,-27.71365
2607,C:\Users\DELL Precision 5550\Documents\GitHub\Terrasight-Eurosat-RGB-vs-Multispectral\data\raw\multispectral\Highway\Highway_2039.tif,3,Highway,3,Highway,0.9989100694656372,True,16.066414,-53.915005
2608,C:\Users\DELL Precision 5550\Documents\GitHub\Terrasight-Eurosat-RGB-vs-Multispectral\data\raw\multispectral\SeaLake\SeaLake_1473.tif,9,SeaLake,9,SeaLake,0.9999927282333374,True,-3.5886443,65.88831
2609,C:\Users\DELL Precision 5550\Documents\GitHub\Terrasight-Eurosat-RGB-vs-Multispectral\data\raw\multispectral\PermanentCrop\PermanentCrop_1944.tif,6,PermanentCrop,6,PermanentCrop,0.9909964799880981,True,-3.6934867,-21.965197
2610,C:\Users\DELL Precision 5550\Documents\GitHub\Terrasight-Eurosat-RGB-vs-Multispectral\data\raw\multispectral\Residential\Residential_1210.tif,7,Residential,7,Residential,0.9990234375,True,37.983047,0.093662016
2611,C:\Users\DELL Precision 5550\Documents\GitHub\Terrasight-Eurosat-RGB-vs-Multispectral\data\raw\multispectral\PermanentCrop\PermanentCrop_1430.tif,6,PermanentCrop,6,PermanentCrop,0.9776792526245117,True,5.3015227,-13.993764
2612,C:\Users\DELL Precision 5550\Documents\GitHub\Terrasight-Eurosat-RGB-vs-Multispectral\data\raw\multispectral\Highway\Highway_1655.tif,3,Highway,6,PermanentCrop,0.7260190844535828,False,8.094077,-41.864693
2613,C:\Users\DELL Precision 5550\Documents\GitHub\Terrasight-Eurosat-RGB-vs-Multispectral\data\raw\multispectral\Residential\Residential_1879.tif,7,Residential,7,Residential,0.9994685053825378,True,39.728523,6.375811
2614,C:\Users\DELL Precision 5550\Documents\GitHub\Terrasight-Eurosat-RGB-vs-Multispectral\data\raw\multispectral\PermanentCrop\PermanentCrop_1855.tif,6,PermanentCrop,6,PermanentCrop,0.9996645450592041,True,-9.264849,-30.467875
2615,C:\Users\DELL Precision 5550\Documents\GitHub\Terrasight-Eurosat-RGB-vs-Multispectral\data\raw\multispectral\Residential\Residential_1921.tif,7,Residential,7,Residential,0.9994646906852722,True,45.235466,-0.42475498
2616,C:\Users\DELL Precision 5550\Documents\GitHub\Terrasight-Eurosat-RGB-vs-Multispectral\data\raw\multispectral\AnnualCrop\AnnualCrop_134.tif,0,AnnualCrop,0,AnnualCrop,0.9990121126174927,True,-31.613546,-39.03217
2617,C:\Users\DELL Precision 5550\Documents\GitHub\Terrasight-Eurosat-RGB-vs-Multispectral\data\raw\multispectral\SeaLake\SeaLake_2490.tif,9,SeaLake,9,SeaLake,0.999997615814209,True,-2.604117,65.374596
2618,C:\Users\DELL Precision 5550\Documents\GitHub\Terrasight-Eurosat-RGB-vs-Multispectral\data\raw\multispectral\Pasture\Pasture_67.tif,5,Pasture,5,Pasture,0.4434213936328888,True,-26.370409,-7.4614444
2619,C:\Users\DELL Precision 5550\Documents\GitHub\Terrasight-Eurosat-RGB-vs-Multispectral\data\raw\multispectral\Forest\Forest_919.tif,1,Forest,1,Forest,0.9994319081306458,True,19.882519,36.553288
2620,C:\Users\DELL Precision 5550\Documents\GitHub\Terrasight-Eurosat-RGB-vs-Multispectral\data\raw\multispectral\HerbaceousVegetation\HerbaceousVegetation_2308.tif,2,HerbaceousVegetation,2,HerbaceousVegetation,0.9721497297286987,True,1.7374427,-2.1345186
2621,C:\Users\DELL Precision 5550\Documents\GitHub\Terrasight-Eurosat-RGB-vs-Multispectral\data\raw\multispectral\Industrial\Industrial_2298.tif,4,Industrial,4,Industrial,0.995660126209259,True,41.986153,-18.692167
2622,C:\Users\DELL Precision 5550\Documents\GitHub\Terrasight-Eurosat-RGB-vs-Multispectral\data\raw\multispectral\Pasture\Pasture_802.tif,5,Pasture,5,Pasture,0.9992173910140991,True,-43.73489,-0.15197271
2623,C:\Users\DELL Precision 5550\Documents\GitHub\Terrasight-Eurosat-RGB-vs-Multispectral\data\raw\multispectral\PermanentCrop\PermanentCrop_581.tif,6,PermanentCrop,6,PermanentCrop,0.9996320009231567,True,-0.9460383,-26.74014
2624,C:\Users\DELL Precision 5550\Documents\GitHub\Terrasight-Eurosat-RGB-vs-Multispectral\data\raw\multispectral\SeaLake\SeaLake_880.tif,9,SeaLake,9,SeaLake,0.9962037205696106,True,-11.704649,45.466526
2625,C:\Users\DELL Precision 5550\Documents\GitHub\Terrasight-Eurosat-RGB-vs-Multispectral\data\raw\multispectral\Industrial\Industrial_2068.tif,4,Industrial,4,Industrial,0.9999974966049194,True,45.342922,-27.84873
2626,C:\Users\DELL Precision 5550\Documents\GitHub\Terrasight-Eurosat-RGB-vs-Multispectral\data\raw\multispectral\SeaLake\SeaLake_367.tif,9,SeaLake,9,SeaLake,0.9116032719612122,True,-13.357143,40.783173
2627,C:\Users\DELL Precision 5550\Documents\GitHub\Terrasight-Eurosat-RGB-vs-Multispectral\data\raw\multispectral\SeaLake\SeaLake_1915.tif,9,SeaLake,9,SeaLake,0.9999955892562866,True,-2.0264328,64.40839
2628,C:\Users\DELL Precision 5550\Documents\GitHub\Terrasight-Eurosat-RGB-vs-Multispectral\data\raw\multispectral\SeaLake\SeaLake_2438.tif,9,SeaLake,9,SeaLake,0.9998962879180908,True,-12.282214,55.92949
2629,C:\Users\DELL Precision 5550\Documents\GitHub\Terrasight-Eurosat-RGB-vs-Multispectral\data\raw\multispectral\River\River_643.tif,8,River,8,River,0.9984961748123169,True,-37.765736,20.726053
2630,C:\Users\DELL Precision 5550\Documents\GitHub\Terrasight-Eurosat-RGB-vs-Multispectral\data\raw\multispectral\Residential\Residential_1513.tif,7,Residential,7,Residential,0.9999617338180542,True,46.273117,3.936249
2631,C:\Users\DELL Precision 5550\Documents\GitHub\Terrasight-Eurosat-RGB-vs-Multispectral\data\raw\multispectral\Highway\Highway_2160.tif,3,Highway,3,Highway,0.9893971681594849,True,23.482227,-50.54046
2632,C:\Users\DELL Precision 5550\Documents\GitHub\Terrasight-Eurosat-RGB-vs-Multispectral\data\raw\multispectral\Forest\Forest_444.tif,1,Forest,1,Forest,0.9072375893592834,True,9.840001,27.272043
2633,C:\Users\DELL Precision 5550\Documents\GitHub\Terrasight-Eurosat-RGB-vs-Multispectral\data\raw\multispectral\HerbaceousVegetation\HerbaceousVegetation_2844.tif,2,HerbaceousVegetation,2,HerbaceousVegetation,0.9993253946304321,True,-8.322492,8.3365135
2634,C:\Users\DELL Precision 5550\Documents\GitHub\Terrasight-Eurosat-RGB-vs-Multispectral\data\raw\multispectral\AnnualCrop\AnnualCrop_2951.tif,0,AnnualCrop,0,AnnualCrop,0.9758803844451904,True,-28.84158,-28.109766
2635,C:\Users\DELL Precision 5550\Documents\GitHub\Terrasight-Eurosat-RGB-vs-Multispectral\data\raw\multispectral\Industrial\Industrial_652.tif,4,Industrial,4,Industrial,0.9998668432235718,True,47.50529,-19.311531
2636,C:\Users\DELL Precision 5550\Documents\GitHub\Terrasight-Eurosat-RGB-vs-Multispectral\data\raw\multispectral\Pasture\Pasture_576.tif,5,Pasture,5,Pasture,0.6968848705291748,True,-37.516747,-13.154663
2637,C:\Users\DELL Precision 5550\Documents\GitHub\Terrasight-Eurosat-RGB-vs-Multispectral\data\raw\multispectral\AnnualCrop\AnnualCrop_1462.tif,0,AnnualCrop,0,AnnualCrop,0.7581869959831238,True,-34.34788,-18.23146
2638,C:\Users\DELL Precision 5550\Documents\GitHub\Terrasight-Eurosat-RGB-vs-Multispectral\data\raw\multispectral\Pasture\Pasture_782.tif,5,Pasture,0,AnnualCrop,0.7612241506576538,False,-19.686485,-25.497967
2639,C:\Users\DELL Precision 5550\Documents\GitHub\Terrasight-Eurosat-RGB-vs-Multispectral\data\raw\multispectral\PermanentCrop\PermanentCrop_964.tif,6,PermanentCrop,6,PermanentCrop,0.9992548823356628,True,-4.1244526,-27.86582
2640,C:\Users\DELL Precision 5550\Documents\GitHub\Terrasight-Eurosat-RGB-vs-Multispectral\data\raw\multispectral\Residential\Residential_1927.tif,7,Residential,7,Residential,0.9998334646224976,True,42.75477,1.2484108
2641,C:\Users\DELL Precision 5550\Documents\GitHub\Terrasight-Eurosat-RGB-vs-Multispectral\data\raw\multispectral\Pasture\Pasture_575.tif,5,Pasture,5,Pasture,0.9820587038993835,True,-38.18312,-4.9009323
2642,C:\Users\DELL Precision 5550\Documents\GitHub\Terrasight-Eurosat-RGB-vs-Multispectral\data\raw\multispectral\HerbaceousVegetation\HerbaceousVegetation_906.tif,2,HerbaceousVegetation,2,HerbaceousVegetation,0.9987903237342834,True,-9.282749,7.1979766
2643,C:\Users\DELL Precision 5550\Documents\GitHub\Terrasight-Eurosat-RGB-vs-Multispectral\data\raw\multispectral\Forest\Forest_1993.tif,1,Forest,1,Forest,0.9905273914337158,True,13.234253,23.306566
2644,C:\Users\DELL Precision 5550\Documents\GitHub\Terrasight-Eurosat-RGB-vs-Multispectral\data\raw\multispectral\AnnualCrop\AnnualCrop_559.tif,0,AnnualCrop,0,AnnualCrop,0.9941495656967163,True,-23.13463,-40.33542
2645,C:\Users\DELL Precision 5550\Documents\GitHub\Terrasight-Eurosat-RGB-vs-Multispectral\data\raw\multispectral\Residential\Residential_2034.tif,7,Residential,7,Residential,0.9986242055892944,True,45.763638,-0.41483963
2646,C:\Users\DELL Precision 5550\Documents\GitHub\Terrasight-Eurosat-RGB-vs-Multispectral\data\raw\multispectral\AnnualCrop\AnnualCrop_2230.tif,0,AnnualCrop,6,PermanentCrop,0.9584899544715881,False,-13.636734,-29.011341
2647,C:\Users\DELL Precision 5550\Documents\GitHub\Terrasight-Eurosat-RGB-vs-Multispectral\data\raw\multispectral\Residential\Residential_631.tif,7,Residential,7,Residential,0.9999656677246094,True,41.60205,1.3129603
2648,C:\Users\DELL Precision 5550\Documents\GitHub\Terrasight-Eurosat-RGB-vs-Multispectral\data\raw\multispectral\River\River_1289.tif,8,River,8,River,0.999312162399292,True,-37.440685,23.240553
2649,C:\Users\DELL Precision 5550\Documents\GitHub\Terrasight-Eurosat-RGB-vs-Multispectral\data\raw\multispectral\AnnualCrop\AnnualCrop_2295.tif,0,AnnualCrop,0,AnnualCrop,0.9406992793083191,True,-22.875807,-25.927647
2650,C:\Users\DELL Precision 5550\Documents\GitHub\Terrasight-Eurosat-RGB-vs-Multispectral\data\raw\multispectral\Residential\Residential_2074.tif,7,Residential,7,Residential,0.9994450211524963,True,50.584663,0.55908763
2651,C:\Users\DELL Precision 5550\Documents\GitHub\Terrasight-Eurosat-RGB-vs-Multispectral\data\raw\multispectral\SeaLake\SeaLake_763.tif,9,SeaLake,9,SeaLake,0.9999830722808838,True,-6.95534,59.414726
2652,C:\Users\DELL Precision 5550\Documents\GitHub\Terrasight-Eurosat-RGB-vs-Multispectral\data\raw\multispectral\AnnualCrop\AnnualCrop_1520.tif,0,AnnualCrop,0,AnnualCrop,0.9935763478279114,True,-31.938719,-25.782112
2653,C:\Users\DELL Precision 5550\Documents\GitHub\Terrasight-Eurosat-RGB-vs-Multispectral\data\raw\multispectral\HerbaceousVegetation\HerbaceousVegetation_1393.tif,2,HerbaceousVegetation,2,HerbaceousVegetation,0.9981215596199036,True,-14.313531,5.801357
2654,C:\Users\DELL Precision 5550\Documents\GitHub\Terrasight-Eurosat-RGB-vs-Multispectral\data\raw\multispectral\Highway\Highway_1199.tif,3,Highway,3,Highway,0.9955106973648071,True,13.235816,-51.78118
2655,C:\Users\DELL Precision 5550\Documents\GitHub\Terrasight-Eurosat-RGB-vs-Multispectral\data\raw\multispectral\AnnualCrop\AnnualCrop_2321.tif,0,AnnualCrop,0,AnnualCrop,0.9995132684707642,True,-29.962885,-41.533302
2656,C:\Users\DELL Precision 5550\Documents\GitHub\Terrasight-Eurosat-RGB-vs-Multispectral\data\raw\multispectral\Industrial\Industrial_2150.tif,4,Industrial,4,Industrial,0.9985697269439697,True,43.77259,-18.516016
2657,C:\Users\DELL Precision 5550\Documents\GitHub\Terrasight-Eurosat-RGB-vs-Multispectral\data\raw\multispectral\AnnualCrop\AnnualCrop_2335.tif,0,AnnualCrop,0,AnnualCrop,0.9081108570098877,True,-34.118473,-17.204657
2658,C:\Users\DELL Precision 5550\Documents\GitHub\Terrasight-Eurosat-RGB-vs-Multispectral\data\raw\multispectral\Highway\Highway_1202.tif,3,Highway,3,Highway,0.9997132420539856,True,16.657183,-57.37901
2659,C:\Users\DELL Precision 5550\Documents\GitHub\Terrasight-Eurosat-RGB-vs-Multispectral\data\raw\multispectral\Industrial\Industrial_429.tif,4,Industrial,4,Industrial,0.9125277996063232,True,29.88974,-18.812763
2660,C:\Users\DELL Precision 5550\Documents\GitHub\Terrasight-Eurosat-RGB-vs-Multispectral\data\raw\multispectral\Forest\Forest_2798.tif,1,Forest,1,Forest,0.9999496936798096,True,22.363739,33.729576
2661,C:\Users\DELL Precision 5550\Documents\GitHub\Terrasight-Eurosat-RGB-vs-Multispectral\data\raw\multispectral\Residential\Residential_1158.tif,7,Residential,7,Residential,0.9782118797302246,True,43.70656,-2.3228648
2662,C:\Users\DELL Precision 5550\Documents\GitHub\Terrasight-Eurosat-RGB-vs-Multispectral\data\raw\multispectral\Residential\Residential_2846.tif,7,Residential,7,Residential,0.9668643474578857,True,35.615307,2.0211134
2663,C:\Users\DELL Precision 5550\Documents\GitHub\Terrasight-Eurosat-RGB-vs-Multispectral\data\raw\multispectral\Forest\Forest_1250.tif,1,Forest,1,Forest,0.9996393918991089,True,20.123411,30.014668
2664,C:\Users\DELL Precision 5550\Documents\GitHub\Terrasight-Eurosat-RGB-vs-Multispectral\data\raw\multispectral\Industrial\Industrial_2034.tif,4,Industrial,4,Industrial,0.9999973773956299,True,49.508217,-28.34147
2665,C:\Users\DELL Precision 5550\Documents\GitHub\Terrasight-Eurosat-RGB-vs-Multispectral\data\raw\multispectral\River\River_253.tif,8,River,8,River,0.9980267882347107,True,-50.66651,19.886787
2666,C:\Users\DELL Precision 5550\Documents\GitHub\Terrasight-Eurosat-RGB-vs-Multispectral\data\raw\multispectral\Highway\Highway_306.tif,3,Highway,3,Highway,0.9662720561027527,True,23.38952,-54.00958
2667,C:\Users\DELL Precision 5550\Documents\GitHub\Terrasight-Eurosat-RGB-vs-Multispectral\data\raw\multispectral\Residential\Residential_562.tif,7,Residential,7,Residential,0.9999988079071045,True,45.41498,13.859771
2668,C:\Users\DELL Precision 5550\Documents\GitHub\Terrasight-Eurosat-RGB-vs-Multispectral\data\raw\multispectral\River\River_1164.tif,8,River,8,River,0.9998028874397278,True,-44.37891,30.122368
2669,C:\Users\DELL Precision 5550\Documents\GitHub\Terrasight-Eurosat-RGB-vs-Multispectral\data\raw\multispectral\AnnualCrop\AnnualCrop_2512.tif,0,AnnualCrop,0,AnnualCrop,0.9899879097938538,True,-36.305756,-24.487793
2670,C:\Users\DELL Precision 5550\Documents\GitHub\Terrasight-Eurosat-RGB-vs-Multispectral\data\raw\multispectral\Residential\Residential_1661.tif,7,Residential,7,Residential,0.9997267127037048,True,38.64533,-2.0690794
2671,C:\Users\DELL Precision 5550\Documents\GitHub\Terrasight-Eurosat-RGB-vs-Multispectral\data\raw\multispectral\Industrial\Industrial_938.tif,4,Industrial,4,Industrial,0.9998633861541748,True,34.81104,-25.295761
2672,C:\Users\DELL Precision 5550\Documents\GitHub\Terrasight-Eurosat-RGB-vs-Multispectral\data\raw\multispectral\Forest\Forest_2593.tif,1,Forest,1,Forest,0.9923614263534546,True,25.787214,39.25725
2673,C:\Users\DELL Precision 5550\Documents\GitHub\Terrasight-Eurosat-RGB-vs-Multispectral\data\raw\multispectral\Highway\Highway_545.tif,3,Highway,3,Highway,0.9798193573951721,True,22.38881,-45.03629
2674,C:\Users\DELL Precision 5550\Documents\GitHub\Terrasight-Eurosat-RGB-vs-Multispectral\data\raw\multispectral\SeaLake\SeaLake_1746.tif,9,SeaLake,9,SeaLake,0.9999902248382568,True,-6.082228,63.791958
2675,C:\Users\DELL Precision 5550\Documents\GitHub\Terrasight-Eurosat-RGB-vs-Multispectral\data\raw\multispectral\HerbaceousVegetation\HerbaceousVegetation_2250.tif,2,HerbaceousVegetation,2,HerbaceousVegetation,0.8715130686759949,True,-17.743011,-0.009733994
2676,C:\Users\DELL Precision 5550\Documents\GitHub\Terrasight-Eurosat-RGB-vs-Multispectral\data\raw\multispectral\AnnualCrop\AnnualCrop_2117.tif,0,AnnualCrop,0,AnnualCrop,0.9446356296539307,True,-29.985674,-20.080427
2677,C:\Users\DELL Precision 5550\Documents\GitHub\Terrasight-Eurosat-RGB-vs-Multispectral\data\raw\multispectral\AnnualCrop\AnnualCrop_2367.tif,0,AnnualCrop,0,AnnualCrop,0.9990768432617188,True,-37.15029,-30.839914
2678,C:\Users\DELL Precision 5550\Documents\GitHub\Terrasight-Eurosat-RGB-vs-Multispectral\data\raw\multispectral\Industrial\Industrial_2498.tif,4,Industrial,4,Industrial,0.9999326467514038,True,40.5926,-27.961393
2679,C:\Users\DELL Precision 5550\Documents\GitHub\Terrasight-Eurosat-RGB-vs-Multispectral\data\raw\multispectral\PermanentCrop\PermanentCrop_2347.tif,6,PermanentCrop,6,PermanentCrop,0.9949671626091003,True,1.2002139,-18.442383
2680,C:\Users\DELL Precision 5550\Documents\GitHub\Terrasight-Eurosat-RGB-vs-Multispectral\data\raw\multispectral\River\River_1769.tif,8,River,8,River,0.9938061237335205,True,-43.32179,20.498762
2681,C:\Users\DELL Precision 5550\Documents\GitHub\Terrasight-Eurosat-RGB-vs-Multispectral\data\raw\multispectral\HerbaceousVegetation\HerbaceousVegetation_2320.tif,2,HerbaceousVegetation,2,HerbaceousVegetation,0.9880241751670837,True,8.042548,-1.6867899
2682,C:\Users\DELL Precision 5550\Documents\GitHub\Terrasight-Eurosat-RGB-vs-Multispectral\data\raw\multispectral\Forest\Forest_81.tif,1,Forest,1,Forest,0.9658000469207764,True,11.566018,23.034967
2683,C:\Users\DELL Precision 5550\Documents\GitHub\Terrasight-Eurosat-RGB-vs-Multispectral\data\raw\multispectral\Forest\Forest_138.tif,1,Forest,1,Forest,0.9948554039001465,True,24.99401,33.209873
2684,C:\Users\DELL Precision 5550\Documents\GitHub\Terrasight-Eurosat-RGB-vs-Multispectral\data\raw\multispectral\PermanentCrop\PermanentCrop_737.tif,6,PermanentCrop,6,PermanentCrop,0.5818086266517639,True,2.8486106,-10.323743
2685,C:\Users\DELL Precision 5550\Documents\GitHub\Terrasight-Eurosat-RGB-vs-Multispectral\data\raw\multispectral\River\River_2439.tif,8,River,8,River,0.9989998936653137,True,-41.264282,21.31974
2686,C:\Users\DELL Precision 5550\Documents\GitHub\Terrasight-Eurosat-RGB-vs-Multispectral\data\raw\multispectral\SeaLake\SeaLake_2747.tif,9,SeaLake,9,SeaLake,0.9999879598617554,True,-4.159627,59.490337
2687,C:\Users\DELL Precision 5550\Documents\GitHub\Terrasight-Eurosat-RGB-vs-Multispectral\data\raw\multispectral\AnnualCrop\AnnualCrop_2977.tif,0,AnnualCrop,0,AnnualCrop,0.9047237038612366,True,-28.494541,-21.336227
2688,C:\Users\DELL Precision 5550\Documents\GitHub\Terrasight-Eurosat-RGB-vs-Multispectral\data\raw\multispectral\SeaLake\SeaLake_120.tif,9,SeaLake,9,SeaLake,0.9999444484710693,True,-9.067864,56.640285
2689,C:\Users\DELL Precision 5550\Documents\GitHub\Terrasight-Eurosat-RGB-vs-Multispectral\data\raw\multispectral\AnnualCrop\AnnualCrop_2776.tif,0,AnnualCrop,0,AnnualCrop,0.9851100444793701,True,-24.446163,-39.87029
2690,C:\Users\DELL Precision 5550\Documents\GitHub\Terrasight-Eurosat-RGB-vs-Multispectral\data\raw\multispectral\Pasture\Pasture_1757.tif,5,Pasture,5,Pasture,0.9762136936187744,True,-31.146091,-6.758214
2691,C:\Users\DELL Precision 5550\Documents\GitHub\Terrasight-Eurosat-RGB-vs-Multispectral\data\raw\multispectral\HerbaceousVegetation\HerbaceousVegetation_2637.tif,2,HerbaceousVegetation,2,HerbaceousVegetation,0.9710490107536316,True,9.126453,-0.9598722
2692,C:\Users\DELL Precision 5550\Documents\GitHub\Terrasight-Eurosat-RGB-vs-Multispectral\data\raw\multispectral\Residential\Residential_2695.tif,7,Residential,7,Residential,0.9999997615814209,True,46.154537,13.358936
2693,C:\Users\DELL Precision 5550\Documents\GitHub\Terrasight-Eurosat-RGB-vs-Multispectral\data\raw\multispectral\HerbaceousVegetation\HerbaceousVegetation_687.tif,2,HerbaceousVegetation,2,HerbaceousVegetation,0.9794012308120728,True,2.3985198,-0.44388065
2694,C:\Users\DELL Precision 5550\Documents\GitHub\Terrasight-Eurosat-RGB-vs-Multispectral\data\raw\multispectral\Highway\Highway_1295.tif,3,Highway,3,Highway,0.973164975643158,True,15.827822,-44.268986
2695,C:\Users\DELL Precision 5550\Documents\GitHub\Terrasight-Eurosat-RGB-vs-Multispectral\data\raw\multispectral\HerbaceousVegetation\HerbaceousVegetation_2409.tif,2,HerbaceousVegetation,2,HerbaceousVegetation,0.9922429919242859,True,-7.4505486,0.5191547
2696,C:\Users\DELL Precision 5550\Documents\GitHub\Terrasight-Eurosat-RGB-vs-Multispectral\data\raw\multispectral\AnnualCrop\AnnualCrop_2771.tif,0,AnnualCrop,0,AnnualCrop,0.6308521628379822,True,-20.279993,-24.606495
2697,C:\Users\DELL Precision 5550\Documents\GitHub\Terrasight-Eurosat-RGB-vs-Multispectral\data\raw\multispectral\SeaLake\SeaLake_427.tif,9,SeaLake,9,SeaLake,0.9999998807907104,True,1.9661323,69.181564
2698,C:\Users\DELL Precision 5550\Documents\GitHub\Terrasight-Eurosat-RGB-vs-Multispectral\data\raw\multispectral\Forest\Forest_2303.tif,1,Forest,1,Forest,0.9657106399536133,True,13.094858,22.490604
2699,C:\Users\DELL Precision 5550\Documents\GitHub\Terrasight-Eurosat-RGB-vs-Multispectral\data\raw\multispectral\HerbaceousVegetation\HerbaceousVegetation_2214.tif,2,HerbaceousVegetation,2,HerbaceousVegetation,0.9954160451889038,True,-2.2611501,0.09738904
2700,C:\Users\DELL Precision 5550\Documents\GitHub\Terrasight-Eurosat-RGB-vs-Multispectral\data\raw\multispectral\AnnualCrop\AnnualCrop_2542.tif,0,AnnualCrop,0,AnnualCrop,0.9688143730163574,True,-21.623459,-34.166355
2701,C:\Users\DELL Precision 5550\Documents\GitHub\Terrasight-Eurosat-RGB-vs-Multispectral\data\raw\multispectral\Pasture\Pasture_937.tif,5,Pasture,5,Pasture,0.9715846180915833,True,-32.556694,-8.930042
2702,C:\Users\DELL Precision 5550\Documents\GitHub\Terrasight-Eurosat-RGB-vs-Multispectral\data\raw\multispectral\SeaLake\SeaLake_978.tif,9,SeaLake,9,SeaLake,0.999930739402771,True,-11.492448,57.327507
2703,C:\Users\DELL Precision 5550\Documents\GitHub\Terrasight-Eurosat-RGB-vs-Multispectral\data\raw\multispectral\PermanentCrop\PermanentCrop_1167.tif,6,PermanentCrop,6,PermanentCrop,0.9995519518852234,True,-5.6480985,-31.416817
2704,C:\Users\DELL Precision 5550\Documents\GitHub\Terrasight-Eurosat-RGB-vs-Multispectral\data\raw\multispectral\AnnualCrop\AnnualCrop_1574.tif,0,AnnualCrop,0,AnnualCrop,0.9925252199172974,True,-24.002588,-34.555603
2705,C:\Users\DELL Precision 5550\Documents\GitHub\Terrasight-Eurosat-RGB-vs-Multispectral\data\raw\multispectral\SeaLake\SeaLake_717.tif,9,SeaLake,9,SeaLake,0.9999996423721313,True,0.691018,69.88562
2706,C:\Users\DELL Precision 5550\Documents\GitHub\Terrasight-Eurosat-RGB-vs-Multispectral\data\raw\multispectral\PermanentCrop\PermanentCrop_961.tif,6,PermanentCrop,6,PermanentCrop,0.5873768925666809,True,8.144533,-10.573785
2707,C:\Users\DELL Precision 5550\Documents\GitHub\Terrasight-Eurosat-RGB-vs-Multispectral\data\raw\multispectral\Industrial\Industrial_1178.tif,4,Industrial,4,Industrial,0.9891682863235474,True,30.781471,-21.236422
2708,C:\Users\DELL Precision 5550\Documents\GitHub\Terrasight-Eurosat-RGB-vs-Multispectral\data\raw\multispectral\Highway\Highway_2065.tif,3,Highway,3,Highway,0.9770494103431702,True,21.271475,-52.533894
2709,C:\Users\DELL Precision 5550\Documents\GitHub\Terrasight-Eurosat-RGB-vs-Multispectral\data\raw\multispectral\River\River_1336.tif,8,River,8,River,0.999774158000946,True,-34.86605,23.376719
2710,C:\Users\DELL Precision 5550\Documents\GitHub\Terrasight-Eurosat-RGB-vs-Multispectral\data\raw\multispectral\SeaLake\SeaLake_1108.tif,9,SeaLake,9,SeaLake,0.9999464750289917,True,-9.58628,54.170197
2711,C:\Users\DELL Precision 5550\Documents\GitHub\Terrasight-Eurosat-RGB-vs-Multispectral\data\raw\multispectral\Forest\Forest_2649.tif,1,Forest,1,Forest,0.999843955039978,True,24.876593,35.589207
2712,C:\Users\DELL Precision 5550\Documents\GitHub\Terrasight-Eurosat-RGB-vs-Multispectral\data\raw\multispectral\Pasture\Pasture_133.tif,5,Pasture,5,Pasture,0.9996827840805054,True,-46.81416,-3.1761205
2713,C:\Users\DELL Precision 5550\Documents\GitHub\Terrasight-Eurosat-RGB-vs-Multispectral\data\raw\multispectral\Highway\Highway_1628.tif,3,Highway,3,Highway,0.9983069896697998,True,20.369345,-50.74446
2714,C:\Users\DELL Precision 5550\Documents\GitHub\Terrasight-Eurosat-RGB-vs-Multispectral\data\raw\multispectral\River\River_575.tif,8,River,8,River,0.9929186701774597,True,-41.44622,17.165817
2715,C:\Users\DELL Precision 5550\Documents\GitHub\Terrasight-Eurosat-RGB-vs-Multispectral\data\raw\multispectral\Industrial\Industrial_1823.tif,4,Industrial,4,Industrial,0.958834707736969,True,30.522299,-19.486023
2716,C:\Users\DELL Precision 5550\Documents\GitHub\Terrasight-Eurosat-RGB-vs-Multispectral\data\raw\multispectral\Forest\Forest_74.tif,1,Forest,1,Forest,0.9973159432411194,True,17.405605,25.374525
2717,C:\Users\DELL Precision 5550\Documents\GitHub\Terrasight-Eurosat-RGB-vs-Multispectral\data\raw\multispectral\PermanentCrop\PermanentCrop_1665.tif,6,PermanentCrop,6,PermanentCrop,0.9979923963546753,True,-4.73983,-29.014902
2718,C:\Users\DELL Precision 5550\Documents\GitHub\Terrasight-Eurosat-RGB-vs-Multispectral\data\raw\multispectral\Forest\Forest_2463.tif,1,Forest,1,Forest,0.9903355836868286,True,14.2394905,30.846834
2719,C:\Users\DELL Precision 5550\Documents\GitHub\Terrasight-Eurosat-RGB-vs-Multispectral\data\raw\multispectral\Residential\Residential_1815.tif,7,Residential,7,Residential,0.9998407363891602,True,37.826073,3.255277
2720,C:\Users\DELL Precision 5550\Documents\GitHub\Terrasight-Eurosat-RGB-vs-Multispectral\data\raw\multispectral\Forest\Forest_2175.tif,1,Forest,1,Forest,0.9800435304641724,True,10.287531,26.455738
2721,C:\Users\DELL Precision 5550\Documents\GitHub\Terrasight-Eurosat-RGB-vs-Multispectral\data\raw\multispectral\PermanentCrop\PermanentCrop_1394.tif,6,PermanentCrop,6,PermanentCrop,0.9967676401138306,True,-2.4432645,-24.296387
2722,C:\Users\DELL Precision 5550\Documents\GitHub\Terrasight-Eurosat-RGB-vs-Multispectral\data\raw\multispectral\River\River_1837.tif,8,River,8,River,0.9999657869338989,True,-47.0007,26.72216
2723,C:\Users\DELL Precision 5550\Documents\GitHub\Terrasight-Eurosat-RGB-vs-Multispectral\data\raw\multispectral\Pasture\Pasture_1497.tif,5,Pasture,5,Pasture,0.9515846371650696,True,-43.2886,-8.857399
2724,C:\Users\DELL Precision 5550\Documents\GitHub\Terrasight-Eurosat-RGB-vs-Multispectral\data\raw\multispectral\HerbaceousVegetation\HerbaceousVegetation_2405.tif,2,HerbaceousVegetation,2,HerbaceousVegetation,0.7835464477539062,True,1.7425481,-1.3987107
2725,C:\Users\DELL Precision 5550\Documents\GitHub\Terrasight-Eurosat-RGB-vs-Multispectral\data\raw\multispectral\River\River_1961.tif,8,River,8,River,0.9948505759239197,True,-41.132576,17.814545
2726,C:\Users\DELL Precision 5550\Documents\GitHub\Terrasight-Eurosat-RGB-vs-Multispectral\data\raw\multispectral\AnnualCrop\AnnualCrop_2060.tif,0,AnnualCrop,0,AnnualCrop,0.9998646974563599,True,-30.718092,-41.683353
2727,C:\Users\DELL Precision 5550\Documents\GitHub\Terrasight-Eurosat-RGB-vs-Multispectral\data\raw\multispectral\PermanentCrop\PermanentCrop_2026.tif,6,PermanentCrop,6,PermanentCrop,0.9975191354751587,True,-5.883488,-28.764278
2728,C:\Users\DELL Precision 5550\Documents\GitHub\Terrasight-Eurosat-RGB-vs-Multispectral\data\raw\multispectral\HerbaceousVegetation\HerbaceousVegetation_523.tif,2,HerbaceousVegetation,2,HerbaceousVegetation,0.9993746876716614,True,-13.346319,7.2628007
2729,C:\Users\DELL Precision 5550\Documents\GitHub\Terrasight-Eurosat-RGB-vs-Multispectral\data\raw\multispectral\Residential\Residential_2336.tif,7,Residential,7,Residential,0.9998615980148315,True,53.497738,4.2786603
2730,C:\Users\DELL Precision 5550\Documents\GitHub\Terrasight-Eurosat-RGB-vs-Multispectral\data\raw\multispectral\Industrial\Industrial_616.tif,4,Industrial,4,Industrial,0.9999868869781494,True,46.28146,-25.8461
2731,C:\Users\DELL Precision 5550\Documents\GitHub\Terrasight-Eurosat-RGB-vs-Multispectral\data\raw\multispectral\Pasture\Pasture_1658.tif,5,Pasture,5,Pasture,0.9997567534446716,True,-43.80781,-3.0481813
2732,C:\Users\DELL Precision 5550\Documents\GitHub\Terrasight-Eurosat-RGB-vs-Multispectral\data\raw\multispectral\Residential\Residential_2310.tif,7,Residential,7,Residential,0.9998596906661987,True,42.713646,1.2778196
2733,C:\Users\DELL Precision 5550\Documents\GitHub\Terrasight-Eurosat-RGB-vs-Multispectral\data\raw\multispectral\Highway\Highway_1275.tif,3,Highway,3,Highway,0.9838932752609253,True,21.888664,-53.92189
2734,C:\Users\DELL Precision 5550\Documents\GitHub\Terrasight-Eurosat-RGB-vs-Multispectral\data\raw\multispectral\Forest\Forest_758.tif,1,Forest,1,Forest,0.8874204754829407,True,11.628743,16.777311
2735,C:\Users\DELL Precision 5550\Documents\GitHub\Terrasight-Eurosat-RGB-vs-Multispectral\data\raw\multispectral\Forest\Forest_2059.tif,1,Forest,1,Forest,0.9998631477355957,True,20.930233,41.60569
2736,C:\Users\DELL Precision 5550\Documents\GitHub\Terrasight-Eurosat-RGB-vs-Multispectral\data\raw\multispectral\Forest\Forest_44.tif,1,Forest,1,Forest,0.9937020540237427,True,11.330203,32.39693
2737,C:\Users\DELL Precision 5550\Documents\GitHub\Terrasight-Eurosat-RGB-vs-Multispectral\data\raw\multispectral\Pasture\Pasture_951.tif,5,Pasture,5,Pasture,0.9989759922027588,True,-34.421207,-3.2687297
2738,C:\Users\DELL Precision 5550\Documents\GitHub\Terrasight-Eurosat-RGB-vs-Multispectral\data\raw\multispectral\Residential\Residential_2276.tif,7,Residential,7,Residential,0.9998295307159424,True,38.394627,1.5084777
2739,C:\Users\DELL Precision 5550\Documents\GitHub\Terrasight-Eurosat-RGB-vs-Multispectral\data\raw\multispectral\AnnualCrop\AnnualCrop_1008.tif,0,AnnualCrop,0,AnnualCrop,0.9736707806587219,True,-27.668509,-26.942137
2740,C:\Users\DELL Precision 5550\Documents\GitHub\Terrasight-Eurosat-RGB-vs-Multispectral\data\raw\multispectral\Highway\Highway_349.tif,3,Highway,3,Highway,0.995732843875885,True,9.801629,-47.87015
2741,C:\Users\DELL Precision 5550\Documents\GitHub\Terrasight-Eurosat-RGB-vs-Multispectral\data\raw\multispectral\SeaLake\SeaLake_2058.tif,9,SeaLake,9,SeaLake,0.9999988079071045,True,1.8371458,66.61931
2742,C:\Users\DELL Precision 5550\Documents\GitHub\Terrasight-Eurosat-RGB-vs-Multispectral\data\raw\multispectral\Forest\Forest_237.tif,1,Forest,1,Forest,0.9998869895935059,True,19.435457,40.777775
2743,C:\Users\DELL Precision 5550\Documents\GitHub\Terrasight-Eurosat-RGB-vs-Multispectral\data\raw\multispectral\HerbaceousVegetation\HerbaceousVegetation_2051.tif,2,HerbaceousVegetation,2,HerbaceousVegetation,0.9985975623130798,True,-0.47343487,4.771356
2744,C:\Users\DELL Precision 5550\Documents\GitHub\Terrasight-Eurosat-RGB-vs-Multispectral\data\raw\multispectral\River\River_1302.tif,8,River,8,River,0.9929919242858887,True,-36.161884,18.979769
2745,C:\Users\DELL Precision 5550\Documents\GitHub\Terrasight-Eurosat-RGB-vs-Multispectral\data\raw\multispectral\Residential\Residential_2635.tif,7,Residential,7,Residential,0.9999716281890869,True,44.89615,3.9858732
2746,C:\Users\DELL Precision 5550\Documents\GitHub\Terrasight-Eurosat-RGB-vs-Multispectral\data\raw\multispectral\Industrial\Industrial_2152.tif,4,Industrial,4,Industrial,0.999647855758667,True,46.770584,-21.120409
2747,C:\Users\DELL Precision 5550\Documents\GitHub\Terrasight-Eurosat-RGB-vs-Multispectral\data\raw\multispectral\Residential\Residential_1206.tif,7,Residential,7,Residential,0.9999908208847046,True,44.66132,4.7261324
2748,C:\Users\DELL Precision 5550\Documents\GitHub\Terrasight-Eurosat-RGB-vs-Multispectral\data\raw\multispectral\HerbaceousVegetation\HerbaceousVegetation_333.tif,2,HerbaceousVegetation,2,HerbaceousVegetation,0.9894367456436157,True,-15.12123,3.8629696
2749,C:\Users\DELL Precision 5550\Documents\GitHub\Terrasight-Eurosat-RGB-vs-Multispectral\data\raw\multispectral\Industrial\Industrial_2008.tif,4,Industrial,4,Industrial,0.9999997615814209,True,49.417305,-26.79458
2750,C:\Users\DELL Precision 5550\Documents\GitHub\Terrasight-Eurosat-RGB-vs-Multispectral\data\raw\multispectral\SeaLake\SeaLake_2029.tif,9,SeaLake,9,SeaLake,0.999586284160614,True,-13.341129,51.667942
2751,C:\Users\DELL Precision 5550\Documents\GitHub\Terrasight-Eurosat-RGB-vs-Multispectral\data\raw\multispectral\River\River_1624.tif,8,River,8,River,0.9905125498771667,True,-34.323376,20.83707
2752,C:\Users\DELL Precision 5550\Documents\GitHub\Terrasight-Eurosat-RGB-vs-Multispectral\data\raw\multispectral\SeaLake\SeaLake_822.tif,9,SeaLake,9,SeaLake,0.9999428987503052,True,-10.213437,57.524525
2753,C:\Users\DELL Precision 5550\Documents\GitHub\Terrasight-Eurosat-RGB-vs-Multispectral\data\raw\multispectral\River\River_1749.tif,8,River,8,River,0.9998805522918701,True,-41.88975,28.426605
2754,C:\Users\DELL Precision 5550\Documents\GitHub\Terrasight-Eurosat-RGB-vs-Multispectral\data\raw\multispectral\Forest\Forest_1049.tif,1,Forest,1,Forest,0.9994439482688904,True,19.706757,36.761333
2755,C:\Users\DELL Precision 5550\Documents\GitHub\Terrasight-Eurosat-RGB-vs-Multispectral\data\raw\multispectral\PermanentCrop\PermanentCrop_2185.tif,6,PermanentCrop,6,PermanentCrop,0.9959688186645508,True,3.9173207,-19.418139
2756,C:\Users\DELL Precision 5550\Documents\GitHub\Terrasight-Eurosat-RGB-vs-Multispectral\data\raw\multispectral\River\River_2236.tif,8,River,8,River,0.9659178256988525,True,-33.518738,21.254911
2757,C:\Users\DELL Precision 5550\Documents\GitHub\Terrasight-Eurosat-RGB-vs-Multispectral\data\raw\multispectral\SeaLake\SeaLake_1186.tif,9,SeaLake,9,SeaLake,0.99988853931427,True,-9.021992,52.98862
2758,C:\Users\DELL Precision 5550\Documents\GitHub\Terrasight-Eurosat-RGB-vs-Multispectral\data\raw\multispectral\Forest\Forest_2308.tif,1,Forest,1,Forest,0.9985511898994446,True,18.433693,30.452347
2759,C:\Users\DELL Precision 5550\Documents\GitHub\Terrasight-Eurosat-RGB-vs-Multispectral\data\raw\multispectral\AnnualCrop\AnnualCrop_899.tif,0,AnnualCrop,0,AnnualCrop,0.9985105395317078,True,-36.71391,-31.177406
2760,C:\Users\DELL Precision 5550\Documents\GitHub\Terrasight-Eurosat-RGB-vs-Multispectral\data\raw\multispectral\River\River_1817.tif,8,River,8,River,0.9998024106025696,True,-43.975533,24.796402
2761,C:\Users\DELL Precision 5550\Documents\GitHub\Terrasight-Eurosat-RGB-vs-Multispectral\data\raw\multispectral\PermanentCrop\PermanentCrop_1481.tif,6,PermanentCrop,0,AnnualCrop,0.41265949606895447,False,-29.168625,-10.817325
2762,C:\Users\DELL Precision 5550\Documents\GitHub\Terrasight-Eurosat-RGB-vs-Multispectral\data\raw\multispectral\PermanentCrop\PermanentCrop_1987.tif,6,PermanentCrop,6,PermanentCrop,0.962030291557312,True,1.9358883,-16.844006
2763,C:\Users\DELL Precision 5550\Documents\GitHub\Terrasight-Eurosat-RGB-vs-Multispectral\data\raw\multispectral\AnnualCrop\AnnualCrop_179.tif,0,AnnualCrop,0,AnnualCrop,0.9965314269065857,True,-27.392601,-36.981564
2764,C:\Users\DELL Precision 5550\Documents\GitHub\Terrasight-Eurosat-RGB-vs-Multispectral\data\raw\multispectral\Highway\Highway_6.tif,3,Highway,3,Highway,0.9850002527236938,True,12.853035,-50.487373
2765,C:\Users\DELL Precision 5550\Documents\GitHub\Terrasight-Eurosat-RGB-vs-Multispectral\data\raw\multispectral\HerbaceousVegetation\HerbaceousVegetation_301.tif,2,HerbaceousVegetation,6,PermanentCrop,0.4981100261211395,False,-7.860857,-7.204539
2766,C:\Users\DELL Precision 5550\Documents\GitHub\Terrasight-Eurosat-RGB-vs-Multispectral\data\raw\multispectral\Forest\Forest_2951.tif,1,Forest,1,Forest,0.9921240210533142,True,20.00627,25.020393
2767,C:\Users\DELL Precision 5550\Documents\GitHub\Terrasight-Eurosat-RGB-vs-Multispectral\data\raw\multispectral\Forest\Forest_1897.tif,1,Forest,1,Forest,0.9997357726097107,True,26.071388,33.967464
2768,C:\Users\DELL Precision 5550\Documents\GitHub\Terrasight-Eurosat-RGB-vs-Multispectral\data\raw\multispectral\SeaLake\SeaLake_874.tif,9,SeaLake,9,SeaLake,0.998958945274353,True,-10.286548,41.771908
2769,C:\Users\DELL Precision 5550\Documents\GitHub\Terrasight-Eurosat-RGB-vs-Multispectral\data\raw\multispectral\River\River_1789.tif,8,River,8,River,0.9999388456344604,True,-47.891987,23.57522
2770,C:\Users\DELL Precision 5550\Documents\GitHub\Terrasight-Eurosat-RGB-vs-Multispectral\data\raw\multispectral\Pasture\Pasture_536.tif,5,Pasture,5,Pasture,0.9955388903617859,True,-42.867046,-6.7838726
2771,C:\Users\DELL Precision 5550\Documents\GitHub\Terrasight-Eurosat-RGB-vs-Multispectral\data\raw\multispectral\Industrial\Industrial_66.tif,4,Industrial,4,Industrial,0.9999910593032837,True,47.059288,-25.489622
2772,C:\Users\DELL Precision 5550\Documents\GitHub\Terrasight-Eurosat-RGB-vs-Multispectral\data\raw\multispectral\SeaLake\SeaLake_1159.tif,9,SeaLake,9,SeaLake,0.999909520149231,True,-9.086832,53.42354
2773,C:\Users\DELL Precision 5550\Documents\GitHub\Terrasight-Eurosat-RGB-vs-Multispectral\data\raw\multispectral\AnnualCrop\AnnualCrop_1611.tif,0,AnnualCrop,0,AnnualCrop,0.9844267964363098,True,-24.09803,-39.95984
2774,C:\Users\DELL Precision 5550\Documents\GitHub\Terrasight-Eurosat-RGB-vs-Multispectral\data\raw\multispectral\HerbaceousVegetation\HerbaceousVegetation_398.tif,2,HerbaceousVegetation,2,HerbaceousVegetation,0.6013308167457581,True,10.412722,-0.07752507
2775,C:\Users\DELL Precision 5550\Documents\GitHub\Terrasight-Eurosat-RGB-vs-Multispectral\data\raw\multispectral\Residential\Residential_1218.tif,7,Residential,7,Residential,0.9941054582595825,True,38.959217,-3.1554258
2776,C:\Users\DELL Precision 5550\Documents\GitHub\Terrasight-Eurosat-RGB-vs-Multispectral\data\raw\multispectral\PermanentCrop\PermanentCrop_846.tif,6,PermanentCrop,6,PermanentCrop,0.9984090924263,True,-6.200877,-33.498432
2777,C:\Users\DELL Precision 5550\Documents\GitHub\Terrasight-Eurosat-RGB-vs-Multispectral\data\raw\multispectral\Pasture\Pasture_1084.tif,5,Pasture,5,Pasture,0.5117084383964539,True,-36.244644,-13.673371
2778,C:\Users\DELL Precision 5550\Documents\GitHub\Terrasight-Eurosat-RGB-vs-Multispectral\data\raw\multispectral\SeaLake\SeaLake_2225.tif,9,SeaLake,9,SeaLake,0.9989591836929321,True,-10.4054575,37.760704
2779,C:\Users\DELL Precision 5550\Documents\GitHub\Terrasight-Eurosat-RGB-vs-Multispectral\data\raw\multispectral\Residential\Residential_2253.tif,7,Residential,7,Residential,0.9999409914016724,True,39.368313,-1.420033
2780,C:\Users\DELL Precision 5550\Documents\GitHub\Terrasight-Eurosat-RGB-vs-Multispectral\data\raw\multispectral\Residential\Residential_1699.tif,7,Residential,7,Residential,0.9999980926513672,True,56.608498,10.860709
2781,C:\Users\DELL Precision 5550\Documents\GitHub\Terrasight-Eurosat-RGB-vs-Multispectral\data\raw\multispectral\River\River_913.tif,8,River,8,River,0.9900268316268921,True,-36.02573,19.383919
2782,C:\Users\DELL Precision 5550\Documents\GitHub\Terrasight-Eurosat-RGB-vs-Multispectral\data\raw\multispectral\Pasture\Pasture_1430.tif,5,Pasture,2,HerbaceousVegetation,0.5041612982749939,False,6.6709003,15.915863
2783,C:\Users\DELL Precision 5550\Documents\GitHub\Terrasight-Eurosat-RGB-vs-Multispectral\data\raw\multispectral\AnnualCrop\AnnualCrop_570.tif,0,AnnualCrop,0,AnnualCrop,0.9771098494529724,True,-35.064934,-18.201868
2784,C:\Users\DELL Precision 5550\Documents\GitHub\Terrasight-Eurosat-RGB-vs-Multispectral\data\raw\multispectral\Residential\Residential_123.tif,7,Residential,7,Residential,0.9985963702201843,True,36.68264,3.2977397
2785,C:\Users\DELL Precision 5550\Documents\GitHub\Terrasight-Eurosat-RGB-vs-Multispectral\data\raw\multispectral\AnnualCrop\AnnualCrop_642.tif,0,AnnualCrop,0,AnnualCrop,0.9962474703788757,True,-27.661547,-34.49792
2786,C:\Users\DELL Precision 5550\Documents\GitHub\Terrasight-Eurosat-RGB-vs-Multispectral\data\raw\multispectral\AnnualCrop\AnnualCrop_1356.tif,0,AnnualCrop,0,AnnualCrop,0.9996253252029419,True,-39.77118,-32.746964
2787,C:\Users\DELL Precision 5550\Documents\GitHub\Terrasight-Eurosat-RGB-vs-Multispectral\data\raw\multispectral\SeaLake\SeaLake_2779.tif,9,SeaLake,9,SeaLake,0.8962303996086121,True,-16.35695,44.682213
2788,C:\Users\DELL Precision 5550\Documents\GitHub\Terrasight-Eurosat-RGB-vs-Multispectral\data\raw\multispectral\Residential\Residential_1760.tif,7,Residential,7,Residential,0.9999970197677612,True,53.05428,5.6967807
2789,C:\Users\DELL Precision 5550\Documents\GitHub\Terrasight-Eurosat-RGB-vs-Multispectral\data\raw\multispectral\Pasture\Pasture_654.tif,5,Pasture,5,Pasture,0.9898176789283752,True,-38.71648,-9.101172
2790,C:\Users\DELL Precision 5550\Documents\GitHub\Terrasight-Eurosat-RGB-vs-Multispectral\data\raw\multispectral\AnnualCrop\AnnualCrop_349.tif,0,AnnualCrop,0,AnnualCrop,0.9954480528831482,True,-25.78443,-36.775467
2791,C:\Users\DELL Precision 5550\Documents\GitHub\Terrasight-Eurosat-RGB-vs-Multispectral\data\raw\multispectral\Highway\Highway_2022.tif,3,Highway,3,Highway,0.9451676607131958,True,24.103455,-53.266865
2792,C:\Users\DELL Precision 5550\Documents\GitHub\Terrasight-Eurosat-RGB-vs-Multispectral\data\raw\multispectral\SeaLake\SeaLake_977.tif,9,SeaLake,9,SeaLake,0.9999219179153442,True,-14.08175,53.78095
2793,C:\Users\DELL Precision 5550\Documents\GitHub\Terrasight-Eurosat-RGB-vs-Multispectral\data\raw\multispectral\Residential\Residential_2685.tif,7,Residential,7,Residential,0.9999992847442627,True,44.711796,14.491764
2794,C:\Users\DELL Precision 5550\Documents\GitHub\Terrasight-Eurosat-RGB-vs-Multispectral\data\raw\multispectral\Forest\Forest_337.tif,1,Forest,1,Forest,0.6640657186508179,True,10.667938,15.651359
2795,C:\Users\DELL Precision 5550\Documents\GitHub\Terrasight-Eurosat-RGB-vs-Multispectral\data\raw\multispectral\SeaLake\SeaLake_1275.tif,9,SeaLake,9,SeaLake,0.9999994039535522,True,2.1730564,66.278786
2796,C:\Users\DELL Precision 5550\Documents\GitHub\Terrasight-Eurosat-RGB-vs-Multispectral\data\raw\multispectral\Industrial\Industrial_1877.tif,4,Industrial,4,Industrial,0.9999985694885254,True,47.93455,-25.68552
2797,C:\Users\DELL Precision 5550\Documents\GitHub\Terrasight-Eurosat-RGB-vs-Multispectral\data\raw\multispectral\HerbaceousVegetation\HerbaceousVegetation_2508.tif,2,HerbaceousVegetation,2,HerbaceousVegetation,0.999852180480957,True,-2.764825,12.059516
2798,C:\Users\DELL Precision 5550\Documents\GitHub\Terrasight-Eurosat-RGB-vs-Multispectral\data\raw\multispectral\Highway\Highway_1048.tif,3,Highway,3,Highway,0.9700049757957458,True,10.908515,-46.265842
2799,C:\Users\DELL Precision 5550\Documents\GitHub\Terrasight-Eurosat-RGB-vs-Multispectral\data\raw\multispectral\Residential\Residential_1586.tif,7,Residential,7,Residential,0.9998915195465088,True,40.7349,0.41129246
2800,C:\Users\DELL Precision 5550\Documents\GitHub\Terrasight-Eurosat-RGB-vs-Multispectral\data\raw\multispectral\Forest\Forest_2661.tif,1,Forest,1,Forest,0.906329333782196,True,11.191601,16.545902
2801,C:\Users\DELL Precision 5550\Documents\GitHub\Terrasight-Eurosat-RGB-vs-Multispectral\data\raw\multispectral\Forest\Forest_1304.tif,1,Forest,1,Forest,0.9959832429885864,True,25.430399,28.302797
2802,C:\Users\DELL Precision 5550\Documents\GitHub\Terrasight-Eurosat-RGB-vs-Multispectral\data\raw\multispectral\HerbaceousVegetation\HerbaceousVegetation_725.tif,2,HerbaceousVegetation,2,HerbaceousVegetation,0.9997808337211609,True,-3.6951866,8.698428
2803,C:\Users\DELL Precision 5550\Documents\GitHub\Terrasight-Eurosat-RGB-vs-Multispectral\data\raw\multispectral\Forest\Forest_1514.tif,1,Forest,1,Forest,0.9813298583030701,True,15.681205,37.556576
2804,C:\Users\DELL Precision 5550\Documents\GitHub\Terrasight-Eurosat-RGB-vs-Multispectral\data\raw\multispectral\HerbaceousVegetation\HerbaceousVegetation_903.tif,2,HerbaceousVegetation,2,HerbaceousVegetation,0.9896045923233032,True,-9.20232,4.3475065
2805,C:\Users\DELL Precision 5550\Documents\GitHub\Terrasight-Eurosat-RGB-vs-Multispectral\data\raw\multispectral\River\River_493.tif,8,River,8,River,0.9994931221008301,True,-38.294224,27.280468
2806,C:\Users\DELL Precision 5550\Documents\GitHub\Terrasight-Eurosat-RGB-vs-Multispectral\data\raw\multispectral\Forest\Forest_2090.tif,1,Forest,1,Forest,0.9982401132583618,True,16.793602,22.851057
2807,C:\Users\DELL Precision 5550\Documents\GitHub\Terrasight-Eurosat-RGB-vs-Multispectral\data\raw\multispectral\Highway\Highway_795.tif,3,Highway,3,Highway,0.7534142732620239,True,4.1668835,-50.208855
2808,C:\Users\DELL Precision 5550\Documents\GitHub\Terrasight-Eurosat-RGB-vs-Multispectral\data\raw\multispectral\HerbaceousVegetation\HerbaceousVegetation_2980.tif,2,HerbaceousVegetation,2,HerbaceousVegetation,0.9845700860023499,True,6.9196973,-2.9334822
2809,C:\Users\DELL Precision 5550\Documents\GitHub\Terrasight-Eurosat-RGB-vs-Multispectral\data\raw\multispectral\Industrial\Industrial_997.tif,4,Industrial,4,Industrial,0.9996110796928406,True,36.935146,-23.172728
2810,C:\Users\DELL Precision 5550\Documents\GitHub\Terrasight-Eurosat-RGB-vs-Multispectral\data\raw\multispectral\Forest\Forest_959.tif,1,Forest,1,Forest,0.9997109770774841,True,20.139688,29.072588
2811,C:\Users\DELL Precision 5550\Documents\GitHub\Terrasight-Eurosat-RGB-vs-Multispectral\data\raw\multispectral\HerbaceousVegetation\HerbaceousVegetation_1884.tif,2,HerbaceousVegetation,2,HerbaceousVegetation,0.9922642707824707,True,-4.8700767,0.023206772
2812,C:\Users\DELL Precision 5550\Documents\GitHub\Terrasight-Eurosat-RGB-vs-Multispectral\data\raw\multispectral\Industrial\Industrial_782.tif,4,Industrial,4,Industrial,0.9981100559234619,True,42.371143,-19.056467
2813,C:\Users\DELL Precision 5550\Documents\GitHub\Terrasight-Eurosat-RGB-vs-Multispectral\data\raw\multispectral\HerbaceousVegetation\HerbaceousVegetation_318.tif,2,HerbaceousVegetation,2,HerbaceousVegetation,0.9995965361595154,True,-6.166835,8.899214
2814,C:\Users\DELL Precision 5550\Documents\GitHub\Terrasight-Eurosat-RGB-vs-Multispectral\data\raw\multispectral\Forest\Forest_1779.tif,1,Forest,1,Forest,0.5063706636428833,True,9.457838,29.10234
2815,C:\Users\DELL Precision 5550\Documents\GitHub\Terrasight-Eurosat-RGB-vs-Multispectral\data\raw\multispectral\Residential\Residential_1036.tif,7,Residential,7,Residential,0.9999983310699463,True,56.38016,12.856922
2816,C:\Users\DELL Precision 5550\Documents\GitHub\Terrasight-Eurosat-RGB-vs-Multispectral\data\raw\multispectral\SeaLake\SeaLake_2221.tif,9,SeaLake,9,SeaLake,0.9999127388000488,True,-2.4872375,57.19592
2817,C:\Users\DELL Precision 5550\Documents\GitHub\Terrasight-Eurosat-RGB-vs-Multispectral\data\raw\multispectral\AnnualCrop\AnnualCrop_724.tif,0,AnnualCrop,0,AnnualCrop,0.9835569858551025,True,-23.069748,-38.39697
2818,C:\Users\DELL Precision 5550\Documents\GitHub\Terrasight-Eurosat-RGB-vs-Multispectral\data\raw\multispectral\Forest\Forest_2171.tif,1,Forest,8,River,0.5055086612701416,False,11.100051,21.153933
2819,C:\Users\DELL Precision 5550\Documents\GitHub\Terrasight-Eurosat-RGB-vs-Multispectral\data\raw\multispectral\Industrial\Industrial_2358.tif,4,Industrial,4,Industrial,0.987940788269043,True,30.611374,-23.415611
2820,C:\Users\DELL Precision 5550\Documents\GitHub\Terrasight-Eurosat-RGB-vs-Multispectral\data\raw\multispectral\AnnualCrop\AnnualCrop_2266.tif,0,AnnualCrop,0,AnnualCrop,0.9922240972518921,True,-25.221006,-26.923067
2821,C:\Users\DELL Precision 5550\Documents\GitHub\Terrasight-Eurosat-RGB-vs-Multispectral\data\raw\multispectral\SeaLake\SeaLake_2881.tif,9,SeaLake,9,SeaLake,0.9999977350234985,True,0.6540018,61.614082
2822,C:\Users\DELL Precision 5550\Documents\GitHub\Terrasight-Eurosat-RGB-vs-Multispectral\data\raw\multispectral\Industrial\Industrial_1476.tif,4,Industrial,4,Industrial,0.9999727010726929,True,42.012184,-25.823189
2823,C:\Users\DELL Precision 5550\Documents\GitHub\Terrasight-Eurosat-RGB-vs-Multispectral\data\raw\multispectral\Pasture\Pasture_1628.tif,5,Pasture,5,Pasture,0.9983277916908264,True,-45.25375,-2.830994
2824,C:\Users\DELL Precision 5550\Documents\GitHub\Terrasight-Eurosat-RGB-vs-Multispectral\data\raw\multispectral\Highway\Highway_628.tif,3,Highway,3,Highway,0.9991336464881897,True,14.080533,-54.996136
2825,C:\Users\DELL Precision 5550\Documents\GitHub\Terrasight-Eurosat-RGB-vs-Multispectral\data\raw\multispectral\HerbaceousVegetation\HerbaceousVegetation_117.tif,2,HerbaceousVegetation,2,HerbaceousVegetation,0.9939435124397278,True,-1.1385316,1.0544302
2826,C:\Users\DELL Precision 5550\Documents\GitHub\Terrasight-Eurosat-RGB-vs-Multispectral\data\raw\multispectral\SeaLake\SeaLake_1854.tif,9,SeaLake,9,SeaLake,0.9999996423721313,True,-0.034289565,68.652855
2827,C:\Users\DELL Precision 5550\Documents\GitHub\Terrasight-Eurosat-RGB-vs-Multispectral\data\raw\multispectral\HerbaceousVegetation\HerbaceousVegetation_2533.tif,2,HerbaceousVegetation,2,HerbaceousVegetation,0.8826155066490173,True,10.158348,-0.40517125
2828,C:\Users\DELL Precision 5550\Documents\GitHub\Terrasight-Eurosat-RGB-vs-Multispectral\data\raw\multispectral\HerbaceousVegetation\HerbaceousVegetation_1988.tif,2,HerbaceousVegetation,2,HerbaceousVegetation,0.9989427924156189,True,-1.4206146,5.9475245
2829,C:\Users\DELL Precision 5550\Documents\GitHub\Terrasight-Eurosat-RGB-vs-Multispectral\data\raw\multispectral\Pasture\Pasture_847.tif,5,Pasture,5,Pasture,0.9991005659103394,True,-42.470135,-5.941471
2830,C:\Users\DELL Precision 5550\Documents\GitHub\Terrasight-Eurosat-RGB-vs-Multispectral\data\raw\multispectral\Pasture\Pasture_942.tif,5,Pasture,5,Pasture,0.9986095428466797,True,-37.89527,-2.6646197
2831,C:\Users\DELL Precision 5550\Documents\GitHub\Terrasight-Eurosat-RGB-vs-Multispectral\data\raw\multispectral\Industrial\Industrial_904.tif,4,Industrial,4,Industrial,0.99712735414505,True,38.73476,-19.437258
2832,C:\Users\DELL Precision 5550\Documents\GitHub\Terrasight-Eurosat-RGB-vs-Multispectral\data\raw\multispectral\SeaLake\SeaLake_726.tif,9,SeaLake,9,SeaLake,0.9999831914901733,True,-7.113627,59.78697
2833,C:\Users\DELL Precision 5550\Documents\GitHub\Terrasight-Eurosat-RGB-vs-Multispectral\data\raw\multispectral\HerbaceousVegetation\HerbaceousVegetation_2965.tif,2,HerbaceousVegetation,1,Forest,0.629936158657074,False,9.865436,16.302635
2834,C:\Users\DELL Precision 5550\Documents\GitHub\Terrasight-Eurosat-RGB-vs-Multispectral\data\raw\multispectral\AnnualCrop\AnnualCrop_1955.tif,0,AnnualCrop,0,AnnualCrop,0.9769699573516846,True,-36.06598,-24.072254
2835,C:\Users\DELL Precision 5550\Documents\GitHub\Terrasight-Eurosat-RGB-vs-Multispectral\data\raw\multispectral\Industrial\Industrial_1604.tif,4,Industrial,4,Industrial,0.9999804496765137,True,43.329834,-27.385267
2836,C:\Users\DELL Precision 5550\Documents\GitHub\Terrasight-Eurosat-RGB-vs-Multispectral\data\raw\multispectral\Pasture\Pasture_1903.tif,5,Pasture,5,Pasture,0.9994174242019653,True,-40.899715,-7.468649
2837,C:\Users\DELL Precision 5550\Documents\GitHub\Terrasight-Eurosat-RGB-vs-Multispectral\data\raw\multispectral\Forest\Forest_2645.tif,1,Forest,1,Forest,0.9984663724899292,True,18.726358,37.877365
2838,C:\Users\DELL Precision 5550\Documents\GitHub\Terrasight-Eurosat-RGB-vs-Multispectral\data\raw\multispectral\Pasture\Pasture_1316.tif,5,Pasture,5,Pasture,0.9986851811408997,True,-38.533344,-6.997957
2839,C:\Users\DELL Precision 5550\Documents\GitHub\Terrasight-Eurosat-RGB-vs-Multispectral\data\raw\multispectral\AnnualCrop\AnnualCrop_959.tif,0,AnnualCrop,0,AnnualCrop,0.9781708121299744,True,-31.531677,-31.102474
2840,C:\Users\DELL Precision 5550\Documents\GitHub\Terrasight-Eurosat-RGB-vs-Multispectral\data\raw\multispectral\Forest\Forest_1426.tif,1,Forest,1,Forest,0.9985383749008179,True,23.034689,38.6983
2841,C:\Users\DELL Precision 5550\Documents\GitHub\Terrasight-Eurosat-RGB-vs-Multispectral\data\raw\multispectral\AnnualCrop\AnnualCrop_567.tif,0,AnnualCrop,0,AnnualCrop,0.9973134398460388,True,-27.389702,-38.456074
2842,C:\Users\DELL Precision 5550\Documents\GitHub\Terrasight-Eurosat-RGB-vs-Multispectral\data\raw\multispectral\Highway\Highway_2041.tif,3,Highway,8,River,0.6492683291435242,False,3.066283,-49.459663
2843,C:\Users\DELL Precision 5550\Documents\GitHub\Terrasight-Eurosat-RGB-vs-Multispectral\data\raw\multispectral\Highway\Highway_388.tif,3,Highway,3,Highway,0.6153446435928345,True,19.955612,-43.022583
2844,C:\Users\DELL Precision 5550\Documents\GitHub\Terrasight-Eurosat-RGB-vs-Multispectral\data\raw\multispectral\Pasture\Pasture_50.tif,5,Pasture,5,Pasture,0.9970288872718811,True,-34.168903,-5.634207
2845,C:\Users\DELL Precision 5550\Documents\GitHub\Terrasight-Eurosat-RGB-vs-Multispectral\data\raw\multispectral\Forest\Forest_261.tif,1,Forest,1,Forest,0.9998584985733032,True,18.667542,37.021397
2846,C:\Users\DELL Precision 5550\Documents\GitHub\Terrasight-Eurosat-RGB-vs-Multispectral\data\raw\multispectral\Highway\Highway_2358.tif,3,Highway,3,Highway,0.9978031516075134,True,20.055899,-45.608917
2847,C:\Users\DELL Precision 5550\Documents\GitHub\Terrasight-Eurosat-RGB-vs-Multispectral\data\raw\multispectral\Pasture\Pasture_1256.tif,5,Pasture,5,Pasture,0.8020090460777283,True,-28.830652,-4.887869
2848,C:\Users\DELL Precision 5550\Documents\GitHub\Terrasight-Eurosat-RGB-vs-Multispectral\data\raw\multispectral\Forest\Forest_2510.tif,1,Forest,1,Forest,0.9981358051300049,True,20.688738,35.82441
2849,C:\Users\DELL Precision 5550\Documents\GitHub\Terrasight-Eurosat-RGB-vs-Multispectral\data\raw\multispectral\HerbaceousVegetation\HerbaceousVegetation_350.tif,2,HerbaceousVegetation,2,HerbaceousVegetation,0.9394737482070923,True,4.626999,-3.5430276
2850,C:\Users\DELL Precision 5550\Documents\GitHub\Terrasight-Eurosat-RGB-vs-Multispectral\data\raw\multispectral\PermanentCrop\PermanentCrop_2140.tif,6,PermanentCrop,6,PermanentCrop,0.9797515273094177,True,1.9596764,-17.708216
2851,C:\Users\DELL Precision 5550\Documents\GitHub\Terrasight-Eurosat-RGB-vs-Multispectral\data\raw\multispectral\River\River_1497.tif,8,River,8,River,0.9999957084655762,True,-50.714478,25.892118
2852,C:\Users\DELL Precision 5550\Documents\GitHub\Terrasight-Eurosat-RGB-vs-Multispectral\data\raw\multispectral\HerbaceousVegetation\HerbaceousVegetation_1253.tif,2,HerbaceousVegetation,2,HerbaceousVegetation,0.967170000076294,True,-3.7554507,-5.509277
2853,C:\Users\DELL Precision 5550\Documents\GitHub\Terrasight-Eurosat-RGB-vs-Multispectral\data\raw\multispectral\Industrial\Industrial_1285.tif,4,Industrial,4,Industrial,0.9999728202819824,True,46.315952,-27.243164
2854,C:\Users\DELL Precision 5550\Documents\GitHub\Terrasight-Eurosat-RGB-vs-Multispectral\data\raw\multispectral\Residential\Residential_1014.tif,7,Residential,7,Residential,0.9999996423721313,True,58.032173,13.382246
2855,C:\Users\DELL Precision 5550\Documents\GitHub\Terrasight-Eurosat-RGB-vs-Multispectral\data\raw\multispectral\PermanentCrop\PermanentCrop_1575.tif,6,PermanentCrop,6,PermanentCrop,0.9944546818733215,True,3.015495,-19.603949
2856,C:\Users\DELL Precision 5550\Documents\GitHub\Terrasight-Eurosat-RGB-vs-Multispectral\data\raw\multispectral\River\River_889.tif,8,River,8,River,0.9999916553497314,True,-50.114147,26.29193
2857,C:\Users\DELL Precision 5550\Documents\GitHub\Terrasight-Eurosat-RGB-vs-Multispectral\data\raw\multispectral\SeaLake\SeaLake_1611.tif,9,SeaLake,9,SeaLake,0.9999864101409912,True,-7.136214,62.34007
2858,C:\Users\DELL Precision 5550\Documents\GitHub\Terrasight-Eurosat-RGB-vs-Multispectral\data\raw\multispectral\PermanentCrop\PermanentCrop_1761.tif,6,PermanentCrop,6,PermanentCrop,0.7682427167892456,True,5.095412,-20.204288
2859,C:\Users\DELL Precision 5550\Documents\GitHub\Terrasight-Eurosat-RGB-vs-Multispectral\data\raw\multispectral\Highway\Highway_1317.tif,3,Highway,3,Highway,0.9931783676147461,True,21.488325,-45.089638
2860,C:\Users\DELL Precision 5550\Documents\GitHub\Terrasight-Eurosat-RGB-vs-Multispectral\data\raw\multispectral\River\River_694.tif,8,River,8,River,0.9996048808097839,True,-41.392265,22.111973
2861,C:\Users\DELL Precision 5550\Documents\GitHub\Terrasight-Eurosat-RGB-vs-Multispectral\data\raw\multispectral\HerbaceousVegetation\HerbaceousVegetation_1632.tif,2,HerbaceousVegetation,2,HerbaceousVegetation,0.9789912700653076,True,2.803971,-1.4981443
2862,C:\Users\DELL Precision 5550\Documents\GitHub\Terrasight-Eurosat-RGB-vs-Multispectral\data\raw\multispectral\Highway\Highway_2366.tif,3,Highway,3,Highway,0.9971094727516174,True,13.433442,-53.86446
2863,C:\Users\DELL Precision 5550\Documents\GitHub\Terrasight-Eurosat-RGB-vs-Multispectral\data\raw\multispectral\Pasture\Pasture_151.tif,5,Pasture,2,HerbaceousVegetation,0.6738247275352478,False,-16.963297,-3.0104175
2864,C:\Users\DELL Precision 5550\Documents\GitHub\Terrasight-Eurosat-RGB-vs-Multispectral\data\raw\multispectral\PermanentCrop\PermanentCrop_1891.tif,6,PermanentCrop,2,HerbaceousVegetation,0.9845135807991028,False,1.8712903,-2.141538
2865,C:\Users\DELL Precision 5550\Documents\GitHub\Terrasight-Eurosat-RGB-vs-Multispectral\data\raw\multispectral\Pasture\Pasture_1001.tif,5,Pasture,5,Pasture,0.9997124075889587,True,-40.78274,-2.9986742
2866,C:\Users\DELL Precision 5550\Documents\GitHub\Terrasight-Eurosat-RGB-vs-Multispectral\data\raw\multispectral\SeaLake\SeaLake_315.tif,9,SeaLake,9,SeaLake,0.9999618530273438,True,-8.751352,58.093727
2867,C:\Users\DELL Precision 5550\Documents\GitHub\Terrasight-Eurosat-RGB-vs-Multispectral\data\raw\multispectral\Industrial\Industrial_2118.tif,4,Industrial,4,Industrial,0.9999618530273438,True,49.274666,-22.817902
2868,C:\Users\DELL Precision 5550\Documents\GitHub\Terrasight-Eurosat-RGB-vs-Multispectral\data\raw\multispectral\HerbaceousVegetation\HerbaceousVegetation_1620.tif,2,HerbaceousVegetation,2,HerbaceousVegetation,0.7274202108383179,True,3.578751,-8.327458
2869,C:\Users\DELL Precision 5550\Documents\GitHub\Terrasight-Eurosat-RGB-vs-Multispectral\data\raw\multispectral\Industrial\Industrial_916.tif,4,Industrial,4,Industrial,0.999998927116394,True,49.528072,-28.249548
2870,C:\Users\DELL Precision 5550\Documents\GitHub\Terrasight-Eurosat-RGB-vs-Multispectral\data\raw\multispectral\SeaLake\SeaLake_706.tif,9,SeaLake,9,SeaLake,0.9998607635498047,True,-8.30558,55.644398
2871,C:\Users\DELL Precision 5550\Documents\GitHub\Terrasight-Eurosat-RGB-vs-Multispectral\data\raw\multispectral\River\River_64.tif,8,River,8,River,0.9994981288909912,True,-39.30077,27.421783
2872,C:\Users\DELL Precision 5550\Documents\GitHub\Terrasight-Eurosat-RGB-vs-Multispectral\data\raw\multispectral\PermanentCrop\PermanentCrop_827.tif,6,PermanentCrop,0,AnnualCrop,0.9899144172668457,False,-27.555073,-33.240284
2873,C:\Users\DELL Precision 5550\Documents\GitHub\Terrasight-Eurosat-RGB-vs-Multispectral\data\raw\multispectral\AnnualCrop\AnnualCrop_448.tif,0,AnnualCrop,0,AnnualCrop,0.9997156262397766,True,-34.116364,-34.113903
2874,C:\Users\DELL Precision 5550\Documents\GitHub\Terrasight-Eurosat-RGB-vs-Multispectral\data\raw\multispectral\SeaLake\SeaLake_2718.tif,9,SeaLake,9,SeaLake,0.9998866319656372,True,-8.429121,55.924232
2875,C:\Users\DELL Precision 5550\Documents\GitHub\Terrasight-Eurosat-RGB-vs-Multispectral\data\raw\multispectral\River\River_1559.tif,8,River,8,River,0.9999315738677979,True,-44.176556,25.567183
2876,C:\Users\DELL Precision 5550\Documents\GitHub\Terrasight-Eurosat-RGB-vs-Multispectral\data\raw\multispectral\Forest\Forest_702.tif,1,Forest,5,Pasture,0.8771599531173706,False,-28.13259,-6.878122
2877,C:\Users\DELL Precision 5550\Documents\GitHub\Terrasight-Eurosat-RGB-vs-Multispectral\data\raw\multispectral\Residential\Residential_2488.tif,7,Residential,7,Residential,0.9657682776451111,True,34.531776,2.4647145
2878,C:\Users\DELL Precision 5550\Documents\GitHub\Terrasight-Eurosat-RGB-vs-Multispectral\data\raw\multispectral\SeaLake\SeaLake_813.tif,9,SeaLake,9,SeaLake,0.9911893606185913,True,-12.053039,35.759315
2879,C:\Users\DELL Precision 5550\Documents\GitHub\Terrasight-Eurosat-RGB-vs-Multispectral\data\raw\multispectral\Highway\Highway_1600.tif,3,Highway,3,Highway,0.9953829646110535,True,21.021515,-45.234756
2880,C:\Users\DELL Precision 5550\Documents\GitHub\Terrasight-Eurosat-RGB-vs-Multispectral\data\raw\multispectral\AnnualCrop\AnnualCrop_76.tif,0,AnnualCrop,0,AnnualCrop,0.9526448845863342,True,-24.528585,-30.425123
2881,C:\Users\DELL Precision 5550\Documents\GitHub\Terrasight-Eurosat-RGB-vs-Multispectral\data\raw\multispectral\PermanentCrop\PermanentCrop_507.tif,6,PermanentCrop,6,PermanentCrop,0.9996219873428345,True,1.561507,-22.099491
2882,C:\Users\DELL Precision 5550\Documents\GitHub\Terrasight-Eurosat-RGB-vs-Multispectral\data\raw\multispectral\Residential\Residential_402.tif,7,Residential,4,Industrial,0.8333001732826233,False,39.700283,-14.480071
2883,C:\Users\DELL Precision 5550\Documents\GitHub\Terrasight-Eurosat-RGB-vs-Multispectral\data\raw\multispectral\HerbaceousVegetation\HerbaceousVegetation_1192.tif,2,HerbaceousVegetation,2,HerbaceousVegetation,0.9293467402458191,True,-17.377306,0.715856
2884,C:\Users\DELL Precision 5550\Documents\GitHub\Terrasight-Eurosat-RGB-vs-Multispectral\data\raw\multispectral\SeaLake\SeaLake_2656.tif,9,SeaLake,9,SeaLake,0.9999996423721313,True,3.1181684,67.805504
2885,C:\Users\DELL Precision 5550\Documents\GitHub\Terrasight-Eurosat-RGB-vs-Multispectral\data\raw\multispectral\SeaLake\SeaLake_896.tif,9,SeaLake,9,SeaLake,0.9975468516349792,True,-11.360388,39.33253
2886,C:\Users\DELL Precision 5550\Documents\GitHub\Terrasight-Eurosat-RGB-vs-Multispectral\data\raw\multispectral\HerbaceousVegetation\HerbaceousVegetation_2882.tif,2,HerbaceousVegetation,2,HerbaceousVegetation,0.9055982232093811,True,-4.602443,-7.720357
2887,C:\Users\DELL Precision 5550\Documents\GitHub\Terrasight-Eurosat-RGB-vs-Multispectral\data\raw\multispectral\Highway\Highway_1969.tif,3,Highway,3,Highway,0.9700163006782532,True,7.3338156,-59.076305
2888,C:\Users\DELL Precision 5550\Documents\GitHub\Terrasight-Eurosat-RGB-vs-Multispectral\data\raw\multispectral\HerbaceousVegetation\HerbaceousVegetation_1467.tif,2,HerbaceousVegetation,2,HerbaceousVegetation,0.994387149810791,True,-3.8062027,2.4559596
2889,C:\Users\DELL Precision 5550\Documents\GitHub\Terrasight-Eurosat-RGB-vs-Multispectral\data\raw\multispectral\HerbaceousVegetation\HerbaceousVegetation_1447.tif,2,HerbaceousVegetation,2,HerbaceousVegetation,0.9894962906837463,True,4.7635155,0.5028573
2890,C:\Users\DELL Precision 5550\Documents\GitHub\Terrasight-Eurosat-RGB-vs-Multispectral\data\raw\multispectral\PermanentCrop\PermanentCrop_1526.tif,6,PermanentCrop,6,PermanentCrop,0.9999032020568848,True,-4.4644184,-34.089993
2891,C:\Users\DELL Precision 5550\Documents\GitHub\Terrasight-Eurosat-RGB-vs-Multispectral\data\raw\multispectral\SeaLake\SeaLake_1227.tif,9,SeaLake,9,SeaLake,0.9999967813491821,True,-3.3844113,67.54323
2892,C:\Users\DELL Precision 5550\Documents\GitHub\Terrasight-Eurosat-RGB-vs-Multispectral\data\raw\multispectral\Highway\Highway_996.tif,3,Highway,3,Highway,0.9365784525871277,True,7.7464995,-46.414417
2893,C:\Users\DELL Precision 5550\Documents\GitHub\Terrasight-Eurosat-RGB-vs-Multispectral\data\raw\multispectral\River\River_1480.tif,8,River,8,River,0.9619109630584717,True,-48.79016,19.04435
2894,C:\Users\DELL Precision 5550\Documents\GitHub\Terrasight-Eurosat-RGB-vs-Multispectral\data\raw\multispectral\SeaLake\SeaLake_393.tif,9,SeaLake,9,SeaLake,0.9998798370361328,True,-5.416548,55.20644
2895,C:\Users\DELL Precision 5550\Documents\GitHub\Terrasight-Eurosat-RGB-vs-Multispectral\data\raw\multispectral\Highway\Highway_201.tif,3,Highway,3,Highway,0.9556573033332825,True,24.312698,-52.301846
2896,C:\Users\DELL Precision 5550\Documents\GitHub\Terrasight-Eurosat-RGB-vs-Multispectral\data\raw\multispectral\HerbaceousVegetation\HerbaceousVegetation_1512.tif,2,HerbaceousVegetation,2,HerbaceousVegetation,0.9961089491844177,True,-6.631519,3.7114103
2897,C:\Users\DELL Precision 5550\Documents\GitHub\Terrasight-Eurosat-RGB-vs-Multispectral\data\raw\multispectral\AnnualCrop\AnnualCrop_2044.tif,0,AnnualCrop,0,AnnualCrop,0.97296142578125,True,-35.20161,-17.477242
2898,C:\Users\DELL Precision 5550\Documents\GitHub\Terrasight-Eurosat-RGB-vs-Multispectral\data\raw\multispectral\Pasture\Pasture_1022.tif,5,Pasture,5,Pasture,0.9999762773513794,True,-46.38123,-0.61566937
2899,C:\Users\DELL Precision 5550\Documents\GitHub\Terrasight-Eurosat-RGB-vs-Multispectral\data\raw\multispectral\Pasture\Pasture_1611.tif,5,Pasture,5,Pasture,0.9997164607048035,True,-44.585106,-1.8337872
2900,C:\Users\DELL Precision 5550\Documents\GitHub\Terrasight-Eurosat-RGB-vs-Multispectral\data\raw\multispectral\River\River_1713.tif,8,River,8,River,0.8277516961097717,True,2.5233092,-49.00926
2901,C:\Users\DELL Precision 5550\Documents\GitHub\Terrasight-Eurosat-RGB-vs-Multispectral\data\raw\multispectral\River\River_2428.tif,8,River,8,River,0.9958558678627014,True,-49.06101,19.590164
2902,C:\Users\DELL Precision 5550\Documents\GitHub\Terrasight-Eurosat-RGB-vs-Multispectral\data\raw\multispectral\Industrial\Industrial_2262.tif,4,Industrial,4,Industrial,0.999941349029541,True,39.17056,-24.889423
2903,C:\Users\DELL Precision 5550\Documents\GitHub\Terrasight-Eurosat-RGB-vs-Multispectral\data\raw\multispectral\Forest\Forest_1692.tif,1,Forest,1,Forest,0.8847270011901855,True,10.966736,27.083605
2904,C:\Users\DELL Precision 5550\Documents\GitHub\Terrasight-Eurosat-RGB-vs-Multispectral\data\raw\multispectral\River\River_2074.tif,8,River,8,River,0.999789297580719,True,-39.267284,27.857048
2905,C:\Users\DELL Precision 5550\Documents\GitHub\Terrasight-Eurosat-RGB-vs-Multispectral\data\raw\multispectral\Pasture\Pasture_43.tif,5,Pasture,5,Pasture,0.9994778037071228,True,-39.906723,-2.5923727
2906,C:\Users\DELL Precision 5550\Documents\GitHub\Terrasight-Eurosat-RGB-vs-Multispectral\data\raw\multispectral\River\River_2402.tif,8,River,8,River,0.8517098426818848,True,-38.295994,15.460547
2907,C:\Users\DELL Precision 5550\Documents\GitHub\Terrasight-Eurosat-RGB-vs-Multispectral\data\raw\multispectral\AnnualCrop\AnnualCrop_2267.tif,0,AnnualCrop,0,AnnualCrop,0.8742557168006897,True,-27.36613,-26.58206
2908,C:\Users\DELL Precision 5550\Documents\GitHub\Terrasight-Eurosat-RGB-vs-Multispectral\data\raw\multispectral\Residential\Residential_1417.tif,7,Residential,7,Residential,0.9999970197677612,True,53.985588,5.8072224
2909,C:\Users\DELL Precision 5550\Documents\GitHub\Terrasight-Eurosat-RGB-vs-Multispectral\data\raw\multispectral\Forest\Forest_2329.tif,1,Forest,1,Forest,0.952196478843689,True,10.191359,26.136658
2910,C:\Users\DELL Precision 5550\Documents\GitHub\Terrasight-Eurosat-RGB-vs-Multispectral\data\raw\multispectral\Forest\Forest_4.tif,1,Forest,4,Industrial,0.6476480960845947,False,30.767204,-14.895353
2911,C:\Users\DELL Precision 5550\Documents\GitHub\Terrasight-Eurosat-RGB-vs-Multispectral\data\raw\multispectral\Industrial\Industrial_529.tif,4,Industrial,4,Industrial,1.0,True,49.630955,-26.863985
2912,C:\Users\DELL Precision 5550\Documents\GitHub\Terrasight-Eurosat-RGB-vs-Multispectral\data\raw\multispectral\Residential\Residential_1828.tif,7,Residential,7,Residential,0.9999004602432251,True,40.55853,6.790582
2913,C:\Users\DELL Precision 5550\Documents\GitHub\Terrasight-Eurosat-RGB-vs-Multispectral\data\raw\multispectral\HerbaceousVegetation\HerbaceousVegetation_748.tif,2,HerbaceousVegetation,2,HerbaceousVegetation,0.9951769113540649,True,-14.025809,4.760232
2914,C:\Users\DELL Precision 5550\Documents\GitHub\Terrasight-Eurosat-RGB-vs-Multispectral\data\raw\multispectral\Forest\Forest_808.tif,1,Forest,1,Forest,0.9996249675750732,True,21.844631,34.875267
2915,C:\Users\DELL Precision 5550\Documents\GitHub\Terrasight-Eurosat-RGB-vs-Multispectral\data\raw\multispectral\Industrial\Industrial_816.tif,4,Industrial,4,Industrial,0.9785856008529663,True,31.104818,-24.757286
2916,C:\Users\DELL Precision 5550\Documents\GitHub\Terrasight-Eurosat-RGB-vs-Multispectral\data\raw\multispectral\HerbaceousVegetation\HerbaceousVegetation_502.tif,2,HerbaceousVegetation,2,HerbaceousVegetation,0.991722047328949,True,3.1655626,0.8082499
2917,C:\Users\DELL Precision 5550\Documents\GitHub\Terrasight-Eurosat-RGB-vs-Multispectral\data\raw\multispectral\Industrial\Industrial_541.tif,4,Industrial,4,Industrial,0.9987101554870605,True,38.48768,-20.377623
2918,C:\Users\DELL Precision 5550\Documents\GitHub\Terrasight-Eurosat-RGB-vs-Multispectral\data\raw\multispectral\HerbaceousVegetation\HerbaceousVegetation_1243.tif,2,HerbaceousVegetation,2,HerbaceousVegetation,0.9961322546005249,True,-9.652607,4.1190014
2919,C:\Users\DELL Precision 5550\Documents\GitHub\Terrasight-Eurosat-RGB-vs-Multispectral\data\raw\multispectral\Pasture\Pasture_903.tif,5,Pasture,5,Pasture,0.9995077848434448,True,-42.351864,-4.9034877
2920,C:\Users\DELL Precision 5550\Documents\GitHub\Terrasight-Eurosat-RGB-vs-Multispectral\data\raw\multispectral\Highway\Highway_833.tif,3,Highway,3,Highway,0.697651207447052,True,6.1496477,-47.89329
2921,C:\Users\DELL Precision 5550\Documents\GitHub\Terrasight-Eurosat-RGB-vs-Multispectral\data\raw\multispectral\Forest\Forest_441.tif,1,Forest,1,Forest,0.9955700039863586,True,15.900345,23.16818
2922,C:\Users\DELL Precision 5550\Documents\GitHub\Terrasight-Eurosat-RGB-vs-Multispectral\data\raw\multispectral\Pasture\Pasture_1759.tif,5,Pasture,2,HerbaceousVegetation,0.7267199158668518,False,-16.147453,-2.7204673
2923,C:\Users\DELL Precision 5550\Documents\GitHub\Terrasight-Eurosat-RGB-vs-Multispectral\data\raw\multispectral\PermanentCrop\PermanentCrop_1090.tif,6,PermanentCrop,6,PermanentCrop,0.971010684967041,True,4.623738,-14.616453
2924,C:\Users\DELL Precision 5550\Documents\GitHub\Terrasight-Eurosat-RGB-vs-Multispectral\data\raw\multispectral\River\River_1371.tif,8,River,8,River,0.9989498257637024,True,-43.550697,21.49339
2925,C:\Users\DELL Precision 5550\Documents\GitHub\Terrasight-Eurosat-RGB-vs-Multispectral\data\raw\multispectral\Pasture\Pasture_99.tif,5,Pasture,5,Pasture,0.9555581212043762,True,-28.410898,-6.618609
2926,C:\Users\DELL Precision 5550\Documents\GitHub\Terrasight-Eurosat-RGB-vs-Multispectral\data\raw\multispectral\PermanentCrop\PermanentCrop_1475.tif,6,PermanentCrop,2,HerbaceousVegetation,0.5172787308692932,False,1.9071941,-6.846461
2927,C:\Users\DELL Precision 5550\Documents\GitHub\Terrasight-Eurosat-RGB-vs-Multispectral\data\raw\multispectral\SeaLake\SeaLake_996.tif,9,SeaLake,9,SeaLake,0.999976634979248,True,-4.2634907,58.538258
2928,C:\Users\DELL Precision 5550\Documents\GitHub\Terrasight-Eurosat-RGB-vs-Multispectral\data\raw\multispectral\River\River_86.tif,8,River,8,River,0.999249279499054,True,-36.12139,23.077642
2929,C:\Users\DELL Precision 5550\Documents\GitHub\Terrasight-Eurosat-RGB-vs-Multispectral\data\raw\multispectral\HerbaceousVegetation\HerbaceousVegetation_621.tif,2,HerbaceousVegetation,2,HerbaceousVegetation,0.9712657928466797,True,-4.9865665,4.9330072
2930,C:\Users\DELL Precision 5550\Documents\GitHub\Terrasight-Eurosat-RGB-vs-Multispectral\data\raw\multispectral\Forest\Forest_2482.tif,1,Forest,1,Forest,0.7617093920707703,True,10.809833,21.099388
2931,C:\Users\DELL Precision 5550\Documents\GitHub\Terrasight-Eurosat-RGB-vs-Multispectral\data\raw\multispectral\PermanentCrop\PermanentCrop_1087.tif,6,PermanentCrop,6,PermanentCrop,0.9994180202484131,True,-0.37042704,-24.320572
2932,C:\Users\DELL Precision 5550\Documents\GitHub\Terrasight-Eurosat-RGB-vs-Multispectral\data\raw\multispectral\HerbaceousVegetation\HerbaceousVegetation_2395.tif,2,HerbaceousVegetation,2,HerbaceousVegetation,0.8373975157737732,True,3.6192138,-6.830019
2933,C:\Users\DELL Precision 5550\Documents\GitHub\Terrasight-Eurosat-RGB-vs-Multispectral\data\raw\multispectral\Pasture\Pasture_805.tif,5,Pasture,5,Pasture,0.9964724779129028,True,-42.68478,-6.7114124
2934,C:\Users\DELL Precision 5550\Documents\GitHub\Terrasight-Eurosat-RGB-vs-Multispectral\data\raw\multispectral\SeaLake\SeaLake_1139.tif,9,SeaLake,9,SeaLake,0.9999783039093018,True,-7.5318213,58.799736
2935,C:\Users\DELL Precision 5550\Documents\GitHub\Terrasight-Eurosat-RGB-vs-Multispectral\data\raw\multispectral\SeaLake\SeaLake_713.tif,9,SeaLake,9,SeaLake,0.9999991655349731,True,-0.8977405,67.23968
2936,C:\Users\DELL Precision 5550\Documents\GitHub\Terrasight-Eurosat-RGB-vs-Multispectral\data\raw\multispectral\Highway\Highway_224.tif,3,Highway,3,Highway,0.9972546696662903,True,13.072911,-51.53677
2937,C:\Users\DELL Precision 5550\Documents\GitHub\Terrasight-Eurosat-RGB-vs-Multispectral\data\raw\multispectral\Residential\Residential_803.tif,7,Residential,7,Residential,0.9999990463256836,True,47.028755,12.419071
2938,C:\Users\DELL Precision 5550\Documents\GitHub\Terrasight-Eurosat-RGB-vs-Multispectral\data\raw\multispectral\Highway\Highway_952.tif,3,Highway,3,Highway,0.9991901516914368,True,14.971362,-57.425716
2939,C:\Users\DELL Precision 5550\Documents\GitHub\Terrasight-Eurosat-RGB-vs-Multispectral\data\raw\multispectral\Residential\Residential_1365.tif,7,Residential,7,Residential,0.9999090433120728,True,39.718685,7.4435797
2940,C:\Users\DELL Precision 5550\Documents\GitHub\Terrasight-Eurosat-RGB-vs-Multispectral\data\raw\multispectral\Pasture\Pasture_388.tif,5,Pasture,5,Pasture,0.9946521520614624,True,-32.44983,-4.4423027
2941,C:\Users\DELL Precision 5550\Documents\GitHub\Terrasight-Eurosat-RGB-vs-Multispectral\data\raw\multispectral\HerbaceousVegetation\HerbaceousVegetation_821.tif,2,HerbaceousVegetation,2,HerbaceousVegetation,0.99716717004776,True,-15.0267,2.5840478
2942,C:\Users\DELL Precision 5550\Documents\GitHub\Terrasight-Eurosat-RGB-vs-Multispectral\data\raw\multispectral\Forest\Forest_382.tif,1,Forest,1,Forest,0.9991487264633179,True,13.6011305,32.550518
2943,C:\Users\DELL Precision 5550\Documents\GitHub\Terrasight-Eurosat-RGB-vs-Multispectral\data\raw\multispectral\AnnualCrop\AnnualCrop_2527.tif,0,AnnualCrop,0,AnnualCrop,0.9994432330131531,True,-39.05095,-32.606747
2944,C:\Users\DELL Precision 5550\Documents\GitHub\Terrasight-Eurosat-RGB-vs-Multispectral\data\raw\multispectral\River\River_601.tif,8,River,8,River,0.6081645488739014,True,2.5173597,-50.43394
2945,C:\Users\DELL Precision 5550\Documents\GitHub\Terrasight-Eurosat-RGB-vs-Multispectral\data\raw\multispectral\Industrial\Industrial_2347.tif,4,Industrial,4,Industrial,0.9998408555984497,True,34.83169,-25.12831
2946,C:\Users\DELL Precision 5550\Documents\GitHub\Terrasight-Eurosat-RGB-vs-Multispectral\data\raw\multispectral\Industrial\Industrial_1856.tif,4,Industrial,4,Industrial,0.9994552731513977,True,39.771107,-21.992222
2947,C:\Users\DELL Precision 5550\Documents\GitHub\Terrasight-Eurosat-RGB-vs-Multispectral\data\raw\multispectral\Industrial\Industrial_1286.tif,4,Industrial,4,Industrial,0.9972087740898132,True,44.36334,-20.190086
2948,C:\Users\DELL Precision 5550\Documents\GitHub\Terrasight-Eurosat-RGB-vs-Multispectral\data\raw\multispectral\Residential\Residential_71.tif,7,Residential,7,Residential,0.9999998807907104,True,53.493538,12.3712435
2949,C:\Users\DELL Precision 5550\Documents\GitHub\Terrasight-Eurosat-RGB-vs-Multispectral\data\raw\multispectral\Highway\Highway_20.tif,3,Highway,3,Highway,0.9945319890975952,True,18.063793,-49.839306
2950,C:\Users\DELL Precision 5550\Documents\GitHub\Terrasight-Eurosat-RGB-vs-Multispectral\data\raw\multispectral\Forest\Forest_2369.tif,1,Forest,1,Forest,0.9902867078781128,True,9.402532,32.313377
2951,C:\Users\DELL Precision 5550\Documents\GitHub\Terrasight-Eurosat-RGB-vs-Multispectral\data\raw\multispectral\SeaLake\SeaLake_2452.tif,9,SeaLake,9,SeaLake,0.9999749660491943,True,-7.7271543,63.4478
2952,C:\Users\DELL Precision 5550\Documents\GitHub\Terrasight-Eurosat-RGB-vs-Multispectral\data\raw\multispectral\Industrial\Industrial_2210.tif,4,Industrial,4,Industrial,0.9867845177650452,True,40.407215,-17.409594
2953,C:\Users\DELL Precision 5550\Documents\GitHub\Terrasight-Eurosat-RGB-vs-Multispectral\data\raw\multispectral\AnnualCrop\AnnualCrop_979.tif,0,AnnualCrop,6,PermanentCrop,0.6981126070022583,False,-18.256092,-25.99833
2954,C:\Users\DELL Precision 5550\Documents\GitHub\Terrasight-Eurosat-RGB-vs-Multispectral\data\raw\multispectral\SeaLake\SeaLake_891.tif,9,SeaLake,9,SeaLake,0.999980092048645,True,-7.5952187,62.67507
2955,C:\Users\DELL Precision 5550\Documents\GitHub\Terrasight-Eurosat-RGB-vs-Multispectral\data\raw\multispectral\Forest\Forest_2417.tif,1,Forest,1,Forest,0.9632219076156616,True,25.754713,26.878546
2956,C:\Users\DELL Precision 5550\Documents\GitHub\Terrasight-Eurosat-RGB-vs-Multispectral\data\raw\multispectral\PermanentCrop\PermanentCrop_273.tif,6,PermanentCrop,6,PermanentCrop,0.9991119503974915,True,-0.43994734,-23.431765
2957,C:\Users\DELL Precision 5550\Documents\GitHub\Terrasight-Eurosat-RGB-vs-Multispectral\data\raw\multispectral\PermanentCrop\PermanentCrop_1407.tif,6,PermanentCrop,6,PermanentCrop,0.984555184841156,True,-7.9633446,-33.534496
2958,C:\Users\DELL Precision 5550\Documents\GitHub\Terrasight-Eurosat-RGB-vs-Multispectral\data\raw\multispectral\Residential\Residential_105.tif,7,Residential,7,Residential,0.9844297170639038,True,35.82941,1.12779
2959,C:\Users\DELL Precision 5550\Documents\GitHub\Terrasight-Eurosat-RGB-vs-Multispectral\data\raw\multispectral\Forest\Forest_182.tif,1,Forest,1,Forest,0.9962195754051208,True,19.363855,24.433361
2960,C:\Users\DELL Precision 5550\Documents\GitHub\Terrasight-Eurosat-RGB-vs-Multispectral\data\raw\multispectral\AnnualCrop\AnnualCrop_1592.tif,0,AnnualCrop,6,PermanentCrop,0.6991404891014099,False,-18.04643,-25.396294
2961,C:\Users\DELL Precision 5550\Documents\GitHub\Terrasight-Eurosat-RGB-vs-Multispectral\data\raw\multispectral\SeaLake\SeaLake_2859.tif,9,SeaLake,9,SeaLake,0.9999262094497681,True,-17.197956,53.351246
2962,C:\Users\DELL Precision 5550\Documents\GitHub\Terrasight-Eurosat-RGB-vs-Multispectral\data\raw\multispectral\Industrial\Industrial_806.tif,4,Industrial,4,Industrial,0.9999504089355469,True,43.226086,-26.861135
2963,C:\Users\DELL Precision 5550\Documents\GitHub\Terrasight-Eurosat-RGB-vs-Multispectral\data\raw\multispectral\Pasture\Pasture_222.tif,5,Pasture,5,Pasture,0.9966179728507996,True,-44.68416,-4.333494
2964,C:\Users\DELL Precision 5550\Documents\GitHub\Terrasight-Eurosat-RGB-vs-Multispectral\data\raw\multispectral\Residential\Residential_2246.tif,7,Residential,7,Residential,0.9999748468399048,True,43.407333,8.23746
2965,C:\Users\DELL Precision 5550\Documents\GitHub\Terrasight-Eurosat-RGB-vs-Multispectral\data\raw\multispectral\AnnualCrop\AnnualCrop_2334.tif,0,AnnualCrop,0,AnnualCrop,0.9921931624412537,True,-28.945599,-36.154194
2966,C:\Users\DELL Precision 5550\Documents\GitHub\Terrasight-Eurosat-RGB-vs-Multispectral\data\raw\multispectral\SeaLake\SeaLake_2292.tif,9,SeaLake,9,SeaLake,0.9999988079071045,True,-0.6103592,66.95174
2967,C:\Users\DELL Precision 5550\Documents\GitHub\Terrasight-Eurosat-RGB-vs-Multispectral\data\raw\multispectral\PermanentCrop\PermanentCrop_873.tif,6,PermanentCrop,6,PermanentCrop,0.9893587827682495,True,-8.613491,-23.126497
2968,C:\Users\DELL Precision 5550\Documents\GitHub\Terrasight-Eurosat-RGB-vs-Multispectral\data\raw\multispectral\SeaLake\SeaLake_786.tif,9,SeaLake,9,SeaLake,0.999808132648468,True,-14.57234,55.731754
2969,C:\Users\DELL Precision 5550\Documents\GitHub\Terrasight-Eurosat-RGB-vs-Multispectral\data\raw\multispectral\HerbaceousVegetation\HerbaceousVegetation_869.tif,2,HerbaceousVegetation,2,HerbaceousVegetation,0.9999278783798218,True,-5.3926654,11.423166
2970,C:\Users\DELL Precision 5550\Documents\GitHub\Terrasight-Eurosat-RGB-vs-Multispectral\data\raw\multispectral\Forest\Forest_2611.tif,1,Forest,9,SeaLake,0.5420305132865906,False,5.237672,23.33021
2971,C:\Users\DELL Precision 5550\Documents\GitHub\Terrasight-Eurosat-RGB-vs-Multispectral\data\raw\multispectral\HerbaceousVegetation\HerbaceousVegetation_2475.tif,2,HerbaceousVegetation,2,HerbaceousVegetation,0.9972533583641052,True,-8.94016,4.851634
2972,C:\Users\DELL Precision 5550\Documents\GitHub\Terrasight-Eurosat-RGB-vs-Multispectral\data\raw\multispectral\AnnualCrop\AnnualCrop_877.tif,0,AnnualCrop,0,AnnualCrop,0.9995535016059875,True,-37.967823,-33.716537
2973,C:\Users\DELL Precision 5550\Documents\GitHub\Terrasight-Eurosat-RGB-vs-Multispectral\data\raw\multispectral\AnnualCrop\AnnualCrop_445.tif,0,AnnualCrop,0,AnnualCrop,0.9716836214065552,True,-30.470066,-23.539303
2974,C:\Users\DELL Precision 5550\Documents\GitHub\Terrasight-Eurosat-RGB-vs-Multispectral\data\raw\multispectral\AnnualCrop\AnnualCrop_831.tif,0,AnnualCrop,0,AnnualCrop,0.9565681219100952,True,-34.15165,-15.723463
2975,C:\Users\DELL Precision 5550\Documents\GitHub\Terrasight-Eurosat-RGB-vs-Multispectral\data\raw\multispectral\SeaLake\SeaLake_1871.tif,9,SeaLake,9,SeaLake,0.9999955892562866,True,3.6826072,67.024284
2976,C:\Users\DELL Precision 5550\Documents\GitHub\Terrasight-Eurosat-RGB-vs-Multispectral\data\raw\multispectral\Forest\Forest_2041.tif,1,Forest,1,Forest,0.9973058700561523,True,26.1405,40.949867
2977,C:\Users\DELL Precision 5550\Documents\GitHub\Terrasight-Eurosat-RGB-vs-Multispectral\data\raw\multispectral\SeaLake\SeaLake_193.tif,9,SeaLake,9,SeaLake,0.9997974038124084,True,-12.734438,52.468414
2978,C:\Users\DELL Precision 5550\Documents\GitHub\Terrasight-Eurosat-RGB-vs-Multispectral\data\raw\multispectral\AnnualCrop\AnnualCrop_313.tif,0,AnnualCrop,0,AnnualCrop,0.9958945512771606,True,-23.74562,-38.350204
2979,C:\Users\DELL Precision 5550\Documents\GitHub\Terrasight-Eurosat-RGB-vs-Multispectral\data\raw\multispectral\HerbaceousVegetation\HerbaceousVegetation_171.tif,2,HerbaceousVegetation,2,HerbaceousVegetation,0.997654378414154,True,-3.2913094,3.399055
2980,C:\Users\DELL Precision 5550\Documents\GitHub\Terrasight-Eurosat-RGB-vs-Multispectral\data\raw\multispectral\AnnualCrop\AnnualCrop_592.tif,0,AnnualCrop,5,Pasture,0.7552268505096436,False,-37.165974,-12.026736
2981,C:\Users\DELL Precision 5550\Documents\GitHub\Terrasight-Eurosat-RGB-vs-Multispectral\data\raw\multispectral\HerbaceousVegetation\HerbaceousVegetation_415.tif,2,HerbaceousVegetation,2,HerbaceousVegetation,0.9995137453079224,True,-10.828947,7.812781
2982,C:\Users\DELL Precision 5550\Documents\GitHub\Terrasight-Eurosat-RGB-vs-Multispectral\data\raw\multispectral\Highway\Highway_319.tif,3,Highway,3,Highway,0.999876856803894,True,23.563282,-48.148083
2983,C:\Users\DELL Precision 5550\Documents\GitHub\Terrasight-Eurosat-RGB-vs-Multispectral\data\raw\multispectral\AnnualCrop\AnnualCrop_2930.tif,0,AnnualCrop,0,AnnualCrop,0.9817253947257996,True,-24.988043,-40.243557
2984,C:\Users\DELL Precision 5550\Documents\GitHub\Terrasight-Eurosat-RGB-vs-Multispectral\data\raw\multispectral\PermanentCrop\PermanentCrop_537.tif,6,PermanentCrop,6,PermanentCrop,0.9660115838050842,True,-4.7295313,-22.166544
2985,C:\Users\DELL Precision 5550\Documents\GitHub\Terrasight-Eurosat-RGB-vs-Multispectral\data\raw\multispectral\Forest\Forest_2619.tif,1,Forest,1,Forest,0.997086226940155,True,20.619408,32.890408
2986,C:\Users\DELL Precision 5550\Documents\GitHub\Terrasight-Eurosat-RGB-vs-Multispectral\data\raw\multispectral\Industrial\Industrial_1529.tif,4,Industrial,4,Industrial,0.999025821685791,True,44.45615,-21.143778
2987,C:\Users\DELL Precision 5550\Documents\GitHub\Terrasight-Eurosat-RGB-vs-Multispectral\data\raw\multispectral\Residential\Residential_2375.tif,7,Residential,7,Residential,0.9999995231628418,True,45.035652,14.912598
2988,C:\Users\DELL Precision 5550\Documents\GitHub\Terrasight-Eurosat-RGB-vs-Multispectral\data\raw\multispectral\Industrial\Industrial_1606.tif,4,Industrial,2,HerbaceousVegetation,0.5013825297355652,False,6.5886602,-11.737243
2989,C:\Users\DELL Precision 5550\Documents\GitHub\Terrasight-Eurosat-RGB-vs-Multispectral\data\raw\multispectral\Highway\Highway_1642.tif,3,Highway,3,Highway,0.9936578869819641,True,17.282034,-45.34215
2990,C:\Users\DELL Precision 5550\Documents\GitHub\Terrasight-Eurosat-RGB-vs-Multispectral\data\raw\multispectral\Residential\Residential_332.tif,7,Residential,7,Residential,0.9999748468399048,True,44.348354,4.318648
2991,C:\Users\DELL Precision 5550\Documents\GitHub\Terrasight-Eurosat-RGB-vs-Multispectral\data\raw\multispectral\AnnualCrop\AnnualCrop_2836.tif,0,AnnualCrop,0,AnnualCrop,0.4864683151245117,True,-24.074121,-28.807926
2992,C:\Users\DELL Precision 5550\Documents\GitHub\Terrasight-Eurosat-RGB-vs-Multispectral\data\raw\multispectral\Highway\Highway_1555.tif,3,Highway,3,Highway,0.9958880543708801,True,21.020538,-55.634514
2993,C:\Users\DELL Precision 5550\Documents\GitHub\Terrasight-Eurosat-RGB-vs-Multispectral\data\raw\multispectral\Industrial\Industrial_574.tif,4,Industrial,4,Industrial,0.999990701675415,True,49.657864,-23.78943
2994,C:\Users\DELL Precision 5550\Documents\GitHub\Terrasight-Eurosat-RGB-vs-Multispectral\data\raw\multispectral\AnnualCrop\AnnualCrop_452.tif,0,AnnualCrop,0,AnnualCrop,0.9997854828834534,True,-38.966946,-33.984776
2995,C:\Users\DELL Precision 5550\Documents\GitHub\Terrasight-Eurosat-RGB-vs-Multispectral\data\raw\multispectral\PermanentCrop\PermanentCrop_1781.tif,6,PermanentCrop,6,PermanentCrop,0.9715078473091125,True,1.3057745,-14.74673
2996,C:\Users\DELL Precision 5550\Documents\GitHub\Terrasight-Eurosat-RGB-vs-Multispectral\data\raw\multispectral\AnnualCrop\AnnualCrop_1913.tif,0,AnnualCrop,0,AnnualCrop,0.9946624636650085,True,-33.52278,-28.644272
2997,C:\Users\DELL Precision 5550\Documents\GitHub\Terrasight-Eurosat-RGB-vs-Multispectral\data\raw\multispectral\AnnualCrop\AnnualCrop_2595.tif,0,AnnualCrop,0,AnnualCrop,0.9221336245536804,True,-24.833502,-29.393818
2998,C:\Users\DELL Precision 5550\Documents\GitHub\Terrasight-Eurosat-RGB-vs-Multispectral\data\raw\multispectral\Highway\Highway_1851.tif,3,Highway,3,Highway,0.921123206615448,True,5.6511154,-51.98821
2999,C:\Users\DELL Precision 5550\Documents\GitHub\Terrasight-Eurosat-RGB-vs-Multispectral\data\raw\multispectral\SeaLake\SeaLake_774.tif,9,SeaLake,9,SeaLake,0.9992294311523438,True,-8.63741,49.022907
